request_id,num_generated_notes,generation_start_tick,round_trip_time,total_network_latency,server_request_arrival_time,server_response_output_time,server_preprocess_start_time,server_inference_start_time,server_inference_end_time,server_postprocess_start_time,server_processing_duration,preprocess_duration,inference_duration,postprocess_duration
1,4,16,0.41202934700004334,0.0019857319999800893,617.120827127,617.530870742,617.120943606,617.123307143,617.528614343,617.528623023,0.41004361500006326,0.0023635370000647526,0.4053071999999247,0.0022477190000245173
2,0,16,0.30896957300001304,0.002555959000005714,617.634587971,617.941001585,617.634698793,617.636518062,617.938904858,617.93891374,0.30641361400000733,0.001819269000066015,0.30238679599995066,0.0020878450000054727
3,0,16,0.3173072270000148,0.0024633059999814577,618.043785511,618.358629432,618.043891892,618.045665036,618.356543707,618.35655279,0.31484392100003333,0.0017731439999124632,0.3108786710000686,0.0020766420000200014
4,0,16,0.3085469779999812,0.002440496000076564,618.46206012,618.768166602,618.462163069,618.464196008,618.766046661,618.766055341,0.30610648199990464,0.0020329390000597414,0.30185065299997405,0.0021112609999818233
5,1,16,0.3185126380000156,0.0025093299999525698,618.871563983,619.187567291,618.871670061,618.873774055,619.185331079,619.185339658,0.31600330800006304,0.0021039939999809576,0.311557023999967,0.002227633000075002
6,0,16,0.30692169700000704,0.002429697000025044,619.290345061,619.594837061,619.29044367,619.292424327,619.592606299,619.592615181,0.304491999999982,0.001980657000103747,0.3001819719999048,0.002221879999979137
7,1,16,0.33611771599998974,0.0024854100000766266,619.698222532,620.031854838,619.69832861,619.700923832,620.029373365,620.029382146,0.3336323059999131,0.0025952219999680892,0.32844953300002544,0.0024726919999693564
8,0,16,0.30913398899997446,0.0023642930000278284,620.13505924,620.441828936,620.135157647,620.137490753,620.439575868,620.439584548,0.30676969599994663,0.002333105999923646,0.30208511500006807,0.0022443880000082572
9,0,16,0.30963621800003693,0.002421319000063704,620.544829156,620.852044055,620.544934023,620.547000773,620.849810568,620.84981945,0.30721489899997323,0.002066750000039974,0.30280979499991645,0.0022246049999239403
10,0,16,0.3081011680000074,0.0025131649999821093,620.955441941,621.261029944,620.95554701,620.957931287,621.258821185,621.258829663,0.3055880030000253,0.002384276999919166,0.30088989800003674,0.002200281000000359
11,0,16,0.3112030610000147,0.0024537169999803154,621.364350214,621.673099558,621.36445175,621.366838955,621.670751918,621.670760295,0.3087493440000344,0.0023872050001045864,0.30391296299990245,0.002339262999953462
12,0,16,0.30247965099999874,0.002449578999971891,621.77595141,622.075981482,621.776053552,621.778480624,622.073753243,622.073762024,0.30003007200002685,0.0024270720000458823,0.2952726190000021,0.002219458000013219
13,4,16,0.33377239699996153,0.002424850999886985,622.179250177,622.510597723,622.179349896,622.181797255,622.508138858,622.508147538,0.33134754600007454,0.002447359000029792,0.3263416030000599,0.002450185000043348
14,0,16,0.31235275799997453,0.0024443309999924168,622.613419397,622.923327824,622.613524566,622.615704157,622.921046092,622.921055378,0.3099084269999821,0.0021795909999582364,0.3053419350000013,0.002272446000006312
15,6,16,0.4192620110000007,0.002471279000019422,623.026144048,623.44293478,623.026242052,623.028750978,623.439865185,623.439874269,0.4167907319999813,0.002508925999904932,0.4111142070000824,0.0030605109999441993
16,0,16,0.30500624100000095,0.002390635999972801,623.54594045,623.848556055,623.546059447,623.548265582,623.846257467,623.846265743,0.30261560500002815,0.0022061350000512903,0.29799188499998763,0.002290312000013728
17,5,16,0.37098026700004993,0.002385691000085899,623.951872489,624.320467065,623.95197241,623.954405841,624.317878807,624.317887387,0.36859457599996404,0.0024334309999858306,0.36347296600001755,0.00257967799996095
18,0,16,0.3293040089999977,0.002378725999960807,624.423727584,624.750652867,624.423825487,624.426650729,624.748231145,624.748239825,0.32692528300003687,0.002825241999971695,0.3215804159999607,0.0024130419999437436
19,0,16,0.303544163999959,0.0024552319999884276,624.853872712,625.154961644,624.853978386,624.856587334,625.152770245,625.152778925,0.30108893199997055,0.0026089479999882315,0.29618291100007355,0.002182718999961253
20,2,16,0.3711263750000171,0.0025671359999250853,625.2583129,625.626872139,625.258415445,625.261163274,625.624093885,625.624102756,0.368559239000092,0.002747828999986268,0.36293061100002433,0.0027693830000998787
21,0,16,0.31788538699993296,0.002570318999914889,625.733620551,626.048935619,625.733732809,625.736163728,626.04667504,626.046685283,0.3153150680000181,0.002430918999948517,0.3105113120000169,0.0022503359999745953
22,2,16,0.3532104429999663,0.0025123399999529283,626.15442712,626.505125223,626.154533253,626.156849803,626.502565782,626.502574653,0.35069810300001336,0.002316550000045936,0.34571597900003326,0.0025505700000394427
23,3,16,0.3778250499999558,0.0025796109999873806,626.61168798,626.986933419,626.611796859,626.614437193,626.98438739,626.984396577,0.37524543899996843,0.0026403339999205855,0.3699501970000938,0.0025368420000404512
24,3,16,0.38123450500006584,0.002605274000075042,627.092556821,627.471186052,627.092670346,627.095063565,627.468433988,627.468443281,0.3786292309999908,0.002393219000055069,0.373370422999983,0.002742771000043831
25,0,16,0.3184835329999487,0.0025817239999241792,627.574081679,627.889983488,627.57419003,627.576596449,627.887676654,627.887685314,0.3159018090000245,0.002406419000067217,0.31108020499993927,0.002298173999975006
26,0,16,0.31768114700003025,0.0024842510000553375,627.994989841,628.310186737,627.995092277,627.997723107,628.307836182,628.307845476,0.3151968959999749,0.002630829999930029,0.31011307500000385,0.0023412609999695633
27,0,16,0.31901388099993255,0.0025257529999862527,628.415290034,628.731778162,628.415399441,628.418091627,628.729408493,628.729417575,0.3164881279999463,0.0026921859999902154,0.3113168660000838,0.0023605869999983042
28,2,16,0.36130653899999743,0.002594500999975935,628.836161551,629.194873589,628.836267473,628.839081844,629.192381629,629.192391239,0.3587120380000215,0.0028143709999994826,0.35329978499999015,0.002482350000036604
29,0,16,0.31579367000006187,0.0025013590000071417,629.299946472,629.613238783,629.300080274,629.302525027,629.610901747,629.610910301,0.3132923110000547,0.0024447529999633844,0.30837671999995564,0.002328482000052645
30,0,16,0.317373941000028,0.0025378970000247136,629.719143834,630.033979878,629.719251023,629.721807929,630.031637878,630.031647065,0.3148360440000033,0.0025569059999952515,0.3098299490000045,0.0023328129999526936
31,0,16,0.36707394099994417,0.00257158600004459,630.140500605,630.50500296,630.140611173,630.143366828,630.502360831,630.502369702,0.3645023549998996,0.0027556549999872004,0.3589940030000207,0.0026332579999461814
32,0,16,0.30607017899990296,0.002454006999869307,630.608187052,630.911803224,630.608293086,630.611278179,630.909532903,630.909541621,0.30361617200003366,0.0029850930000066,0.2982547240000031,0.002261602999965362
33,0,16,0.30580367200002456,0.0024601889999757987,631.014931095,631.318274578,631.015034798,631.017753588,631.3159853,631.315994221,0.30334348300004876,0.0027187900000171794,0.2982317119999607,0.0022803570000178297
34,6,16,0.4041201390000424,0.002421465999987049,631.421454047,631.82315272,631.421553189,631.424157022,631.820332153,631.820340669,0.40169867300005535,0.002603833000080158,0.39617513099994994,0.002812051000091742
35,0,16,0.33036238800002593,0.0024021049999873867,631.92633442,632.254294703,631.926435588,631.929107848,632.251897668,632.251906082,0.32796028300003854,0.002672259999940252,0.32278982000002543,0.0023886210000227948
36,0,16,0.3136795440000242,0.0025328730000637734,632.357582134,632.668728805,632.357679552,632.360670727,632.666427262,632.666435473,0.3111466709999604,0.0029911749999200765,0.30575653500000044,0.002293332000022019
37,0,16,0.3064979680000306,0.002486547000103201,632.772246653,633.076258074,632.772351877,632.774816527,633.073986131,633.073995255,0.3040114209999274,0.002464649999978974,0.29916960399998516,0.0022628189999522874
38,0,16,0.3172114449999981,0.0023974689999022303,633.179055473,633.493869449,633.179158873,633.181804471,633.491484604,633.491493333,0.31481397600009586,0.002645597999958227,0.30968013300002895,0.002376116000050388
39,0,16,0.3096020759999192,0.0024762879999116194,633.596747703,633.903873491,633.5968496,633.599360294,633.901486718,633.901495243,0.30712578800000756,0.0025106939999659517,0.3021264239999937,0.0023782480000136275
40,4,16,0.3381134389999261,0.00250216899996758,634.006704247,634.342315517,634.006807768,634.009374079,634.339876679,634.339886524,0.3356112699999585,0.0025663110000095912,0.3305025999999316,0.0024289929999667947
41,0,16,0.3054429590000609,0.0023949930000526365,634.445627545,634.748675511,634.445729544,634.44820299,634.746406672,634.746415298,0.3030479660000083,0.0024734460000672698,0.2982036820000076,0.002260212999999567
42,2,16,0.3481475869999713,0.002424628999960987,634.851630188,635.197353146,634.851735536,634.854238618,635.194873001,635.194881729,0.3457229580000103,0.0025030819999756204,0.3406343830000651,0.0024714169999242586
43,0,16,0.31336669500001335,0.0024997319999329193,635.301190899,635.612057862,635.301296552,635.304241933,635.609716456,635.609724981,0.31086696300008043,0.002945380999904046,0.3054745230000435,0.0023328810000293743
44,0,16,0.30574175000003834,0.002368606000118234,635.714753229,636.018126373,635.714856039,635.717390583,636.015813689,636.01582262,0.3033731439999201,0.0025345440000137387,0.2984231059999729,0.0023037529999783146
45,0,16,0.3235178630000064,0.002531804000000193,636.120905774,636.441891833,636.121009194,636.123607475,636.439557836,636.43956626,0.3209860590000062,0.0025982810000186873,0.3159503609999774,0.0023255730000073527
46,0,16,0.3058773430000201,0.0024025050000773263,636.544955208,636.848430046,636.545057308,636.548079417,636.846162526,636.846171051,0.3034748379999428,0.003022109000085038,0.2980831089998901,0.0022589949999201053
47,5,16,0.3445940689999816,0.0024725329999455425,636.95155259,637.293674126,636.951645962,636.954425912,637.291193373,637.291201796,0.34212153600003603,0.0027799499999900945,0.3367674610000222,0.002472330000045986
48,0,16,0.31771580400004495,0.0023508450000235825,637.396747041,637.712112,637.396848735,637.40307584,637.709763388,637.70977171,0.31536495900002137,0.006227104999993571,0.3066875480000135,0.002340290000006462
49,0,16,0.3123834479999914,0.002512420000016391,637.815366787,638.125237815,637.815469293,637.818247416,638.122953143,638.122962074,0.309871027999975,0.002778122999984589,0.30470572700005505,0.002275740999948539
50,3,16,0.36856227199996283,0.0024781150000308116,638.228150474,638.594234631,638.228257243,638.23097437,638.591546328,638.591555056,0.366084156999932,0.002717126999982611,0.36057195800003683,0.0026795750000019325
51,0,16,0.3443006569999625,0.0032073300000092786,638.697442935,639.038536262,638.697548283,638.700317679,639.036025163,639.036033993,0.3410933269999532,0.0027693960000760853,0.3357074839999541,0.0025022689999332215
52,1,16,0.3548275459999104,0.0024576139999226143,639.142517017,639.494886949,639.142623583,639.145359486,639.492304907,639.492313839,0.3523699319999878,0.0027359029999161066,0.3469454209999867,0.0025731100000712104
53,0,16,0.3119019719999869,0.0023627190000752307,639.597546185,639.907085438,639.597645545,639.600745802,639.904730635,639.904739262,0.3095392529999117,0.0031002570000282503,0.3039848329999586,0.002346175999946354
54,0,16,0.3112617639999371,0.0025448949999145043,640.010344284,640.319061153,640.010445471,640.013301337,640.316734158,640.316742887,0.3087168690000226,0.0028558660000044256,0.30343282100000124,0.0023182659999747557
55,0,16,0.3117174610000575,0.0024765930000967273,640.422197093,640.731437961,640.422301223,640.424984858,640.729045607,640.729054436,0.30924086799996076,0.0026836350000394305,0.30406074899997293,0.0023835250000274755
56,0,16,0.3202405029999227,0.0024619769999389973,640.834636623,641.152415149,640.834741667,640.837566375,641.149896742,641.149905673,0.3177785259999837,0.002824708000048304,0.31233036699995864,0.002509476000000177
57,0,16,0.3329665119999845,0.0024427170000080878,641.255818113,641.586341908,641.25592265,641.259071521,641.583789242,641.58379816,0.3305237949999764,0.0031488710000076026,0.3247177209999563,0.002543747999993684
58,0,16,0.31111975200008146,0.0024163690000023053,641.689481177,641.99818456,641.689585148,641.692391257,641.995820583,641.995830007,0.30870338300007916,0.0028061090000619515,0.30342932599990036,0.002354553000031956
59,0,16,0.37745877399993333,0.0024473769999531214,642.101420504,642.476431901,642.101522347,642.104665501,642.473737769,642.473746585,0.3750113969999802,0.0031431539999857705,0.36907226799996806,0.0026853159999973286
60,0,16,0.3195461850000356,0.0026235000000269793,642.579237367,642.896160052,642.579338805,642.582598192,642.893797392,642.893806614,0.31692268500000864,0.0032593869999573144,0.31119920000003276,0.0023534380000000965
61,0,16,0.3121779080000806,0.002467949000106273,642.999781176,643.309491135,642.999883729,643.002943888,643.307195965,643.307205288,0.30970995899997433,0.0030601590000287615,0.304252077000001,0.002285847000052854
62,0,16,0.32034502100009377,0.002491662000124961,643.413051862,643.730905221,643.413148132,643.416211635,643.728579448,643.728588264,0.3178533589999688,0.0030635030000212282,0.31236781300003713,0.002316956999948161
63,0,16,0.31036793700002363,0.0024223480000955533,643.834456322,644.142401911,643.834558063,643.837442809,644.140041581,644.140050296,0.3079455889999281,0.0028847459999497005,0.3025987720000103,0.0023516149999522895
64,0,16,0.3052990859999909,0.0024857839999867792,644.245500239,644.548313541,644.245607149,644.248457745,644.546034888,644.546043603,0.3028133020000041,0.0028505960000302366,0.29757714300001226,0.0022699379999266966
65,9,16,0.4712834969999449,0.002373705999957565,644.651800495,645.120710286,644.651902541,644.655045289,645.117631481,645.117640094,0.4689097909999873,0.0031427479999592833,0.4625861920000034,0.0030701919999955862
66,5,16,0.38255731799995374,0.0024586260000205584,645.224055977,645.604154669,645.224159745,645.227288104,645.601438243,645.60144716,0.3800986919999332,0.0031283590000157346,0.37415013899999394,0.0027075089999470947
67,0,16,0.34231953500000145,0.0024653130000160672,645.707702627,646.047556849,645.707807207,645.711292473,646.045088393,646.045097412,0.3398542219999854,0.0034852659999842217,0.33379592000005687,0.0024594369999704213
68,0,16,0.3132112360000292,0.002578405000008388,646.151344265,646.461977096,646.151449655,646.154955594,646.459583021,646.459591736,0.3106328310000208,0.0035059389999787527,0.304627427000014,0.0023853600000620645
69,0,16,0.31095974200002274,0.0024371429999519023,646.565128322,646.873650921,646.565234421,646.56812616,646.871358994,646.871367405,0.30852259900007084,0.002891739000006055,0.30323283400002765,0.0022835160000340693
70,0,16,0.32096844299996974,0.002362963999985368,646.977117,647.295722479,646.977218134,646.98051005,647.293388598,647.293397617,0.31860547899998437,0.003291915999966477,0.31287854799995785,0.0023248620000231313
71,0,16,0.3139383259999704,0.0024088710000569336,647.399324349,647.710853804,647.399422746,647.402359478,647.708569173,647.708578496,0.31152945499991347,0.0029367319999664687,0.30620969500000683,0.002275307999980214
72,0,16,0.3123005249999551,0.0024551799998562274,647.814426286,648.124271631,647.814529346,647.81746557,648.122069994,648.12207881,0.30984534500009886,0.002936223999995491,0.3046044239999901,0.0021928210001078696
73,0,16,0.3125557910000225,0.0025804309999557518,648.22723204,648.5372074,648.227334796,648.230342868,648.534958135,648.534967356,0.30997536000006676,0.0030080719999432404,0.30461526700003105,0.0022400440000183153
74,0,16,0.3109874069999705,0.0023421910000251955,648.639985708,648.948630924,648.640126059,648.643068465,648.946348117,648.94635673,0.3086452159999453,0.0029424060001019825,0.30327965199990103,0.002274193999937779
75,6,16,0.41472354699999414,0.00250909099997898,649.052331394,649.46454585,649.052434149,649.055620777,649.461691201,649.461699612,0.41221445600001516,0.0031866279999803737,0.4060704240000632,0.0028462380000746634
76,3,16,0.3560849829999597,0.002441398999962985,649.568208724,649.921852308,649.568313303,649.571650517,649.919292245,649.919301061,0.35364358399999674,0.003337213999998312,0.34764172799998505,0.0025512469999284804
77,3,16,0.3535886129999426,0.0023973190000106115,650.024708517,650.375899811,650.024806978,650.028053372,650.373399408,650.373407747,0.351191293999932,0.0032463940000297953,0.3453460359999099,0.0024920639999663763
78,0,16,0.30970462100003715,0.0023660730000756303,650.478921386,650.786259934,650.479033913,650.482288947,650.783945602,650.783954343,0.3073385479999615,0.003255034000062551,0.30165665499998795,0.0023055909999811774
79,2,16,0.33398395699998673,0.002611120999972627,650.889362288,651.220735124,650.889464365,650.892513838,651.218335995,651.218344234,0.3313728360000141,0.0030494730000327763,0.32582215699994777,0.0023908900000151334
80,0,16,0.3097144680000383,0.0024415269999735756,651.323768957,651.631041898,651.323873546,651.327242514,651.628733092,651.628741531,0.30727294100006475,0.003368968000017958,0.3014905779999708,0.0023003670000889542
81,2,16,0.3341047220000064,0.0023490940000101546,651.733877704,652.065633332,651.733975059,651.737349453,652.063247365,652.063256206,0.33175562799999625,0.003374393999934,0.3258979120000731,0.002377125999942109
82,17,16,0.5624952670000312,0.0024528800000780393,652.168681833,652.72872422,652.168783509,652.172062858,652.725134519,652.725142958,0.5600423869999531,0.003279348999967624,0.55307166099999,0.0035812620000115203
83,0,16,0.30316390899997714,0.002431077999972331,652.831781161,653.132513992,652.831883741,652.834905584,653.130036095,653.130045036,0.3007328310000048,0.0030218430000559238,0.29513051100002485,0.0024689560000297206
84,0,16,0.3032631730000048,0.0024464500000931366,653.2352861,653.536102823,653.235389283,653.238761566,653.533520638,653.533529278,0.3008167229999117,0.0033722829999760506,0.2947590720000335,0.0025735450000183846
85,0,16,0.3032649819999733,0.002421030999926188,653.639155344,653.939999295,653.639261641,653.642358234,653.937636235,653.937644674,0.3008439510000471,0.0030965930000093067,0.2952780010000424,0.0023546209999949497
86,0,16,0.3203224170000567,0.002488849000087612,654.042730009,654.360563577,654.042834598,654.048011528,654.358150382,654.358159324,0.3178335679999691,0.005176929999947788,0.31013885400000163,0.0024042530000087936
87,3,16,0.35011706499994943,0.002535666999960995,654.463531602,654.811113,654.463636392,654.466621966,654.808704125,654.808712967,0.34758139799998844,0.00298557400003574,0.342082158999915,0.002400032999958057
88,0,16,0.30256882399999085,0.0024396190000288698,654.914124428,655.214253633,654.914230022,654.917953349,655.211922523,655.211931164,0.300129204999962,0.0037233269999887852,0.29396917400003986,0.0023224689999779002
89,5,16,0.3908086160000721,0.0024328870000545066,655.317322932,655.705698661,655.317426618,655.320733294,655.702936031,655.702944672,0.3883757290000176,0.0033066759999655915,0.3822027370000569,0.002753989000098045
90,0,16,0.3027110890000131,0.002412692000007155,655.808738322,656.109036719,655.808842007,655.812385793,656.106727813,656.106736654,0.30029839700000593,0.0035437860000229193,0.2943420200000446,0.002300064999985807
91,0,16,0.3036358179999752,0.0024040519999743992,656.211852833,656.513084599,656.211957322,656.215306297,656.510691599,656.51070034,0.3012317660000008,0.003348974999994425,0.2953853019999997,0.0023842589999958363
92,4,16,0.34131768099996407,0.0024752849999458704,656.615988022,656.954830418,656.616091607,656.619340111,656.952319265,656.952327403,0.3388423960000182,0.00324850399999832,0.332979153999986,0.0025030150000020512
93,0,16,0.303098402000046,0.0023473860001104185,657.057804572,657.358555588,657.057903234,657.061134758,657.35622729,657.356235529,0.3007510159999356,0.0032315239999434198,0.2950925320000124,0.002320058999998764
94,0,16,0.30421603300010247,0.0024133950000759796,657.461585,657.763387638,657.461684566,657.464888763,657.761119623,657.761128163,0.3018026380000265,0.0032041969999454523,0.29623086000003696,0.0022594750000735075
95,2,16,0.3626268140000093,0.0024278899999217174,657.866207469,658.226406393,657.86630804,657.86973508,658.223830997,658.223840135,0.3601989240000876,0.0034270400000195878,0.3540959169999951,0.0025662580000016533
96,0,16,0.3363944769999989,0.0025954780001029576,658.331282015,658.665081014,658.331392307,658.334741767,658.662523256,658.662532182,0.33379899899989596,0.0033494599999812635,0.32778148900001725,0.0025488320000022213
97,1,16,0.34282478600005106,0.0028026740000086647,658.768707933,659.108730045,658.768816525,658.77231676,659.105912176,659.105921633,0.3400221120000424,0.0035002349999331273,0.3335954159999801,0.002808412000035787
98,0,16,0.3474959459999809,0.00277228599998125,659.21374231,659.55846597,659.213854833,659.217278247,659.555971009,659.555980253,0.34472365999999965,0.0034234139999398394,0.3386927620000506,0.00248571700001321
99,0,16,0.3206704079999554,0.0025762459999896237,659.663200273,659.981294435,659.663307059,659.666784769,659.978851538,659.978861101,0.31809416199996576,0.0034777099999701022,0.31206676900001185,0.002433333999988463
100,0,16,0.32853228400006174,0.002676975999975184,660.086133823,660.411989131,660.086243053,660.089705249,660.409503732,660.409512764,0.32585530800008655,0.0034621959999867613,0.3197984829999996,0.0024763669999856575
101,0,16,0.33003801600000315,0.0026957840000250144,660.516548221,660.843890453,660.516659788,660.520154285,660.841415149,660.841424393,0.32734223199997814,0.0034944970000196918,0.32126086400000986,0.0024660599999606347
102,2,16,0.3562354839999671,0.002735521999966295,660.948759487,661.302259449,660.948870204,660.95240561,661.299447424,661.299456562,0.3534999620000008,0.0035354060000827303,0.347041814000022,0.0028028869999161543
103,0,16,0.32091107400003693,0.002753585000050407,661.405257129,661.723414618,661.405365296,661.408925459,661.720984897,661.720993928,0.3181574889999865,0.0035601629999746365,0.3120594380000057,0.0024206900000081077
104,1,16,0.337022122999997,0.002648924000027364,661.828261763,662.162634962,661.828365787,661.831861347,662.159621266,662.159630935,0.33437319899996965,0.003495559999919351,0.32775991900007284,0.003004026999974485
105,4,16,0.3517094079999197,0.0025539309998521276,662.267265029,662.616420506,662.267372028,662.271237035,662.613890776,662.61389919,0.34915547700006755,0.00386500700005854,0.3426537409999355,0.0025213160000703283
106,0,16,0.30633713600002466,0.0023906489999490077,662.719567012,663.023513499,662.719669498,662.723302862,663.020974544,663.02098316,0.30394648700007565,0.0036333639999384104,0.2976716819999865,0.002530339000031745
107,3,16,0.3578393270000788,0.002402813000117021,663.126654936,663.48209145,663.126757422,663.130180238,663.479524719,663.479533234,0.3554365139999618,0.003422816000011153,0.3493444810000028,0.002558216000011271
108,0,16,0.3124760029999152,0.002444982999918466,663.58521768,663.8952487,663.585323817,663.588840299,663.89287944,663.89288826,0.3100310199999967,0.0035164820000090913,0.30403914099997564,0.0023604400000749592
109,1,16,0.3157893369999556,0.0025640959999009283,663.998514519,664.31173976,663.99861954,664.002425844,664.30930319,664.309311604,0.31322524100005467,0.0038063039999087778,0.30687734600007843,0.0024281560000645186
110,1,16,0.332160660999989,0.00237676000006104,664.414856361,664.744640262,664.4149553,664.418435491,664.742185344,664.742193859,0.32978390099992794,0.0034801909999941927,0.32374985299998116,0.0024464029999080594
111,2,16,0.3709370560000025,0.0024359610000601606,664.847838162,665.216339257,664.847946326,664.851467877,665.213696193,665.213705012,0.3685010949999423,0.003521550999948886,0.3622283160000279,0.00263424499996745
112,3,16,0.3653463069999816,0.002486953000016001,665.319623628,665.682482982,665.319729054,665.323263074,665.679882494,665.679891415,0.3628593539999656,0.0035340199999609467,0.35661942000001545,0.002591566999967654
113,0,16,0.3153583039999148,0.002473366999879545,665.785354567,666.098239504,665.785461514,665.789035779,666.095860716,666.095869433,0.3128849370000353,0.0035742649999974674,0.3068249369999876,0.002370071000086682
114,0,16,0.30655914199996914,0.0024761769999486205,666.201481288,666.505564253,666.20158378,666.205114748,666.50315918,666.503167916,0.3040829650000205,0.0035309680000636945,0.2980444319999833,0.002396336999936466
115,0,16,0.30983392999996795,0.0023917659999597163,666.608776373,666.916218537,666.608879373,666.61265992,666.913897368,666.913906104,0.30744216400000823,0.0037805470000193964,0.301237447999938,0.002312432999929115
116,0,16,0.3085791309999877,0.0023218789999646106,667.019277273,667.325534525,667.019372046,667.023332792,667.323193752,667.323202183,0.3062572520000231,0.003960746000075233,0.2998609599999327,0.0023323419999314865
117,5,16,0.34733942999991996,0.0030199269998547607,667.429214414,667.773533917,667.429366172,667.433691686,667.771033869,667.771042604,0.3443195030000652,0.004325514000015573,0.3373421830000325,0.0024913130000641104
118,0,16,0.3084604879999233,0.002447024999923997,667.876399655,668.182413118,667.876504585,667.880105845,668.180105561,668.180114601,0.3060134629999993,0.003601259999982176,0.2999997160000021,0.0022985169999856225
119,0,16,0.30562777000000096,0.0023884140000518528,668.285633466,668.588872822,668.285735552,668.289283179,668.586483088,668.586491824,0.3032393559999491,0.0035476269999890064,0.29719990900002813,0.002380998000035106
120,1,16,0.33846604600000774,0.002373888000079205,668.692825855,669.028918013,668.692928246,668.696935211,669.026423247,669.026431881,0.33609215799992853,0.004006965000030505,0.3294880360000434,0.0024861319999445186
121,0,16,0.3121743990000141,0.002452611999956389,669.132616186,669.442337973,669.132720304,669.136304093,669.440015586,669.440024321,0.3097217870000577,0.0035837890000038897,0.3037114929999234,0.002313651999998001
122,0,16,0.31248868199998014,0.002444890999981908,669.546080028,669.856123819,669.54618374,669.549788961,669.853743328,669.85375247,0.31004379099999824,0.003605221000043457,0.30395436699996026,0.002371348999986367
123,2,16,0.3649877689999812,0.002451899999982743,669.959947441,670.32248331,669.960084267,669.963691013,670.319799608,670.319808648,0.36253586899999846,0.003606746000059502,0.35610859500002334,0.002674662000003991
124,0,16,0.33057512899995345,0.0024277239998582445,670.426121754,670.754269159,670.426242734,670.430194135,670.751818782,670.751827416,0.3281474050000952,0.003951400999994803,0.32162464700002147,0.0024417430000767126
125,0,16,0.3151166179999336,0.0025255449999121993,670.858116347,671.17070742,670.858218738,670.861848034,671.168211333,671.168220475,0.3125910730000214,0.0036292959999855157,0.3063632990000542,0.0024869449999869175
126,4,16,0.37872554099999434,0.0025346859999899607,671.274149818,671.650340673,671.274252717,671.277928028,671.647565245,671.647574591,0.3761908550000044,0.0036753110000518063,0.3696372169999904,0.0027660819999937303
127,0,16,0.31233235299998796,0.002410558000065066,671.754126,672.064047795,671.754244339,671.757921783,672.061717789,672.061726525,0.3099217949999229,0.0036774440000044706,0.3037960059999705,0.00232126999992488
128,0,16,0.3121674909999683,0.0024951729999429517,672.167665315,672.477337633,672.167770753,672.1718667,672.475006103,672.475014839,0.30967231800002537,0.004095946999996158,0.3031394030000456,0.002322794000065187
129,0,16,0.31322299299995393,0.0026090419999036385,672.581272788,672.891886739,672.581395597,672.585325768,672.889122993,672.889132338,0.3106139510000503,0.003930170999979055,0.30379722500003936,0.0027544010000610797
130,2,16,0.3488787499999262,0.002429451999887533,672.995545906,673.341995204,672.99565236,672.999410356,673.339343499,673.339352133,0.34644929800003865,0.0037579959999902712,0.33993314300005295,0.0026430709999658575
131,0,16,0.3127007780000213,0.0023680980000335694,673.445221545,673.755554225,673.445318045,673.44929352,673.753119492,673.753128329,0.3103326799999877,0.003975474999947437,0.3038259720000269,0.0024258959999770013
132,0,16,0.31376278100003674,0.002443570999957956,673.858756593,674.170075803,673.85886,673.862635569,674.167686882,674.167695313,0.3113192100000788,0.003775568999913048,0.3050513130000354,0.0023804900000641283
133,0,16,0.32893422199992983,0.002490919999900143,674.273281636,674.599724938,674.273387874,674.277169869,674.597238886,674.597247807,0.3264433020000297,0.0037819949999402525,0.3200690170000371,0.002477130999977817
134,2,16,0.34610505400007696,0.0023512270000765056,674.702834076,675.046587903,674.702933827,674.70702227,675.044008994,675.044017712,0.34375382700000046,0.004088443000000552,0.33698672399998486,0.002570191000017985
135,1,16,0.32150738799998635,0.002373732000023665,675.149733332,675.468866988,675.1498344,675.154043071,675.466325282,675.466334203,0.3191336559999627,0.004208671000014874,0.3122822109999106,0.002532784999971227
136,0,16,0.31998153300003196,0.0024139770000601857,675.572026204,675.88959376,675.572128387,675.575915653,675.887157177,675.887166098,0.3175675559999718,0.003787266000017553,0.3112415239999109,0.002427662000059172
137,0,16,0.3123915919999263,0.0024348599999939324,675.992681508,676.30263824,675.992782779,675.996749576,676.30018635,676.300195068,0.30995673199993234,0.003966796999975486,0.30343677400003344,0.0024431719999711277
138,0,16,0.319970382000065,0.0024051569999983258,676.405797253,676.723362478,676.405899842,676.409769321,676.720942824,676.720951847,0.3175652250000667,0.003869478999945386,0.3111735029999636,0.002410630999975183
139,8,16,0.4352881830000115,0.002560156000072311,676.826635535,677.259363562,676.826737921,676.831178633,677.25633162,677.256340237,0.4327280269999392,0.004440712000018721,0.4251529869999331,0.0030233249999582767
140,0,16,0.3132571079999025,0.002367446999983258,677.362508281,677.673397942,677.362605903,677.366528298,677.670845896,677.670854513,0.3108896609999192,0.0039223950000177865,0.30431759799989777,0.0025434289999566317
141,0,16,0.34544582999990325,0.0024864569999181185,677.776563037,678.11952241,677.776665728,677.813777086,678.117118773,678.117127086,0.34295937299998513,0.03711135799994736,0.3033416870000565,0.002395323999962784
142,0,16,0.32250083600001744,0.0024204650000001493,678.222650809,678.54273118,678.222757655,678.226803725,678.54033616,678.540345182,0.3200803710000173,0.00404606999995849,0.3135324350000701,0.0023859980000224823
143,0,16,0.31998690599994006,0.00243323799998052,678.645495348,678.963049016,678.645600268,678.649481912,678.960670621,678.960679136,0.31755366799995954,0.003881644000102824,0.31118870899990725,0.0023698800000602205
144,2,16,0.3337434210000083,0.002435975000025792,679.06612754,679.397434986,679.066229317,679.070752749,679.394918725,679.394927037,0.3313074459999825,0.004523432000041794,0.3241659760000175,0.002507949000005283
145,0,16,0.32031474399991566,0.0024466189998975096,679.500686957,679.818555082,679.500791776,679.504726032,679.816164826,679.816173544,0.31786812500001815,0.003934255999979541,0.31143879399996877,0.0023815380000087316
146,0,16,0.3128115770000477,0.0024443890000611646,679.921740452,680.23210764,679.921845169,679.926174169,680.229620675,680.229629596,0.3103671879999865,0.004328999999984262,0.3034465060000002,0.0024780439999858572
147,2,16,0.3308953680000286,0.002469528000005994,680.335175722,680.663601562,680.335280338,680.339694592,680.661072021,680.661080941,0.3284258400000226,0.004414254000039364,0.32137742899999466,0.0025206210000305873
148,0,16,0.3127469010000823,0.0024080970000568414,680.766812072,681.077150876,680.766915066,680.771376154,681.074385442,681.074394058,0.31033880400002545,0.004461087999970914,0.3030092879999984,0.002756817999966188
149,0,16,0.3127459900000531,0.0024623320000500826,681.180377403,681.490661061,681.180482323,681.184442024,681.488255092,681.488263607,0.310283658000003,0.003959700999985216,0.3038130680000677,0.0023974539999471745
150,0,16,0.31300418400007857,0.002360452000175428,681.593790169,681.904433901,681.593891338,681.598251155,681.902045571,681.902054694,0.31064373199990314,0.004359816999908617,0.3037944160000734,0.0023792069999899468
151,0,16,0.33881699899995965,0.0024281689999270384,682.007653129,682.344041959,682.007758049,682.011818311,682.34148819,682.341497212,0.3363888300000326,0.00406026199993903,0.32966987899999367,0.0025447470000017347
152,0,16,0.3116391050000402,0.002411949000020286,682.447341981,682.756569137,682.4474468,682.451418868,682.75420534,682.754214159,0.30922715600001993,0.003972068000052786,0.30278647199997977,0.002354978000084884
153,0,16,0.3148332969999501,0.002441277999992053,682.859845713,683.172237732,682.85995054,682.86400576,683.169754097,683.169762934,0.31239201899995805,0.00405522000005476,0.3057483369999545,0.002474797999980183
154,4,16,0.35672904499995184,0.0024507249999032865,683.275474028,683.629752348,683.275578245,683.279668814,683.627138695,683.627147532,0.35427832000004855,0.004090569000027244,0.34746988099993814,0.0026048160000300413
155,3,16,0.3472023290000834,0.0024108050001814263,683.733005505,684.077797029,683.733107183,683.737076368,684.075198511,684.075207247,0.344791523999902,0.003969184999959907,0.3381221430000778,0.002589781999972729
156,0,16,0.31359752299999855,0.0026330530000677754,684.180891017,684.491855487,684.180999907,684.185235018,684.489448338,684.489456769,0.31096446999993077,0.0042351109999572145,0.30421332000003076,0.002398717999994915
157,0,16,0.33232083099994725,0.002398210000023937,684.595001685,684.924924306,684.595104175,684.599425626,684.92240136,684.9224104,0.3299226209999233,0.004321451000009802,0.32297573400001056,0.002513905999990129
158,3,16,0.3895683729999746,0.0023657049999883384,685.028586104,685.415788772,685.028684632,685.032726038,685.412929203,685.412937939,0.38720266799998626,0.0040414059999420715,0.3802031650000117,0.002850833000024977
159,0,16,0.3071336309999424,0.0024247219998869696,685.51964072,685.824349629,685.519746562,685.523848914,685.821454103,685.821462635,0.30470890900005543,0.004102352000018072,0.29760518899990984,0.0028869940000504357
160,3,16,0.34914354900001854,0.002475102999937917,685.928141851,686.274810297,685.928247388,685.932352482,686.272266731,686.272277295,0.3466684460000806,0.004105094000010467,0.3399142489998894,0.0025330020000637887
161,4,16,0.3546117939999931,0.0023923190000232353,686.378327755,686.73054723,686.378429839,686.382918992,686.727890712,686.727899549,0.35221947499996986,0.004489153000008628,0.34497171999998955,0.002647680999984914
162,0,16,0.3077847329999486,0.002483126999891283,686.833467523,687.138769129,686.833569506,686.837887198,687.136397531,687.136405861,0.3053016060000573,0.0043176919999723395,0.29851033299996743,0.0023632680000673645
163,0,16,0.30711869900005695,0.0024126330000626695,687.242275007,687.546981073,687.242377701,687.246503923,687.544149539,687.544157868,0.3047060659999943,0.004126221999968038,0.297645616000068,0.0028232050000269737
164,0,16,0.30588627700001325,0.0023970930000132284,687.649814823,687.953304007,687.649917922,687.653987058,687.950939926,687.95094856,0.303489184,0.004069135999998252,0.29695286800006215,0.0023554470000135552
165,2,16,0.36551658999997017,0.0024718519999851196,688.057021164,688.420065902,688.057121927,688.061539571,688.417319692,688.417328529,0.36304473799998505,0.004417644000000109,0.3557801209999525,0.0027373730000590513
166,0,16,0.31189246799999637,0.0024985669999750826,688.523860256,688.833254157,688.523965286,688.528624782,688.830726234,688.830735173,0.3093939010000213,0.004659495999931096,0.30210145200010174,0.002518984000062119
167,0,16,0.30819672500001616,0.0025014099999225436,688.937086501,689.242781816,688.937193461,688.941484033,689.240350898,689.240359735,0.3056953150000936,0.004290572000059001,0.29886686499992265,0.0024220810000770143
168,0,16,0.30905656699997053,0.0024607809999679375,689.346467484,689.65306327,689.346572209,689.351322412,689.650674912,689.650683242,0.3065957860000026,0.004750202999957764,0.29935250000005453,0.0023800279999477425
169,0,16,0.33775362500000483,0.002388559999985773,689.7567336,690.092098665,689.75683477,689.760953577,690.089541285,690.089550122,0.33536506500001906,0.004118807000054403,0.3285877079999864,0.0025485429999889675
170,0,16,0.30797793099998216,0.002413649000004625,690.195733037,690.501297319,690.195834715,690.199994152,690.498888849,690.498897483,0.30556428199997754,0.004159436999998434,0.2988946969999233,0.002399835999995048
171,0,16,0.30779139399999167,0.0024203880000186473,690.604954647,690.910325653,690.605062013,690.609313275,690.907950661,690.907959419,0.305371005999973,0.0042512620000252355,0.2986373859999958,0.0023662339999646065
172,5,16,0.3603264240000499,0.0024657400000478447,691.013626898,691.371487582,691.013745041,691.018119615,691.368825684,691.368833933,0.35786068400000204,0.004374574000053144,0.350706068999898,0.0026536489999671176
173,0,16,0.30958352200002537,0.0024632949999841003,691.474867861,691.781988088,691.474974292,691.479685168,691.779561254,691.779569708,0.30712022700004127,0.004710875999990094,0.29987608600004023,0.002418379999994613
174,0,16,0.31823061900001903,0.0024126760000626746,691.885268962,692.201086905,691.885371116,691.889721145,692.198633692,692.198642553,0.31581794299995636,0.004350028999965616,0.30891254700009085,0.002444351999997707
175,0,16,0.31760384699998667,0.0024521939999431197,692.304397722,692.619549375,692.304499061,692.309189059,692.617066424,692.617075081,0.31515165300004355,0.00468999800000347,0.30787736499996754,0.0024742939999669034
176,0,16,0.3143581549999226,0.002422861000013654,692.722833,693.034768294,692.722936376,692.727770182,693.032261611,693.032270676,0.31193529399990894,0.0048338059999650795,0.30449142899999515,0.0024976179998930093
177,0,16,0.30760257899999033,0.0026394920000711863,693.138290039,693.443253126,693.138429774,693.14299735,693.440842181,693.44085043,0.30496308699991914,0.0045675759999994625,0.29784483100002035,0.002402695999990101
178,0,16,0.3109553130000222,0.0023794740000084857,693.546501918,693.855077757,693.546601526,693.551201082,693.852477476,693.852486642,0.30857583900001373,0.0045995560000164915,0.30127639399995587,0.0025911149999728877
179,1,16,0.34685010299995156,0.0024174629999151875,693.958406602,694.302839242,693.958506107,693.96287182,694.300147196,694.300155955,0.34443264000003637,0.004365713000083815,0.3372753759999796,0.0026832869999680042
180,0,16,0.3082087779999938,0.0025125899999238754,694.405661801,694.711357989,694.405767009,694.410632593,694.708949488,694.708958247,0.3056961880000699,0.0048655839999582895,0.2983168950000845,0.002399741999965954
181,2,16,0.35123496400001386,0.0024441470000056142,694.814540784,695.163331601,694.814647012,694.818992559,695.160720219,695.160728673,0.34879081700000825,0.0043455469999571505,0.3417276600000605,0.0026029279999875143
182,3,16,0.3370152559999724,0.0024326390000624087,695.266579681,695.601162298,695.266702611,695.271633174,695.598658569,695.598667226,0.33458261699991,0.004930563000016264,0.3270253949999642,0.0024950719999878856
183,5,16,0.3885910699999613,0.0024739889998954823,695.704547363,696.090664444,695.704653896,695.709474768,696.087858634,696.087867393,0.3861170810000658,0.004820871999982046,0.3783838660000356,0.0027970510000159265
184,0,16,0.31631791400002385,0.0024473050000324292,696.194140663,696.508011272,696.194244854,696.199045967,696.505449185,696.505457434,0.3138706089999914,0.00480111299998498,0.306403218000014,0.002553837999926145
185,0,16,0.31579736900005173,0.0024603410000736403,696.611389819,696.924726847,696.611493806,696.615870926,696.922328531,696.922338206,0.3133370279999781,0.004377119999958268,0.3064576049999914,0.0023886410000386604
186,4,16,0.376014476000023,0.0024754160000384218,697.027976047,697.401515107,697.028080543,697.032651582,697.398736592,697.398745453,0.3735390599999846,0.004571038999984012,0.36608501000000615,0.002769654000076116
187,0,16,0.3275329040000088,0.002452803999972275,697.50496403,697.83004413,697.50506873,697.509520913,697.827627685,697.827636443,0.3250801000000365,0.004452183000012155,0.3181067720000783,0.002407687000072656
188,0,16,0.32480673999998544,0.0025081090000185213,697.933429296,698.255727927,697.933538172,697.938002882,698.252568399,698.252578177,0.3222986309999669,0.004464709999979277,0.31456551700000546,0.0031497499999204592
189,0,16,0.32474440900000445,0.002509126999939326,698.359145176,698.681380458,698.359251506,698.363840674,698.678773455,698.678782112,0.3222352820000651,0.004589168000052268,0.31493278100003863,0.0025983460000134073
190,5,16,0.391029728000035,0.0025341520000665696,698.784703396,699.173198972,698.784807179,698.789380356,699.169484422,699.169493892,0.3884955759999684,0.004573176999997486,0.3801040659999444,0.0037050800000315576
191,0,16,0.3245054840000421,0.0025517159999708383,699.276161735,699.598115503,699.276276491,699.281003071,699.595620605,699.595629972,0.32195376800007125,0.004726580000010472,0.31461753400003545,0.0024855310000475583
192,3,16,0.37847876000000724,0.002528601999983948,699.701621091,700.077571249,699.701729941,699.706306535,700.074774035,700.074783504,0.3759501580000233,0.004576593999900069,0.36846750000006523,0.0027877449999778037
193,0,16,0.3403499510000074,0.0025802269999530836,700.181069099,700.518838823,700.181177847,700.185948008,700.516106267,700.516115227,0.33776972400005434,0.004770161000010376,0.3301582590000862,0.0027235960000098203
194,0,16,0.3339026419999982,0.002636534999965079,700.622315696,700.953581803,700.622422917,700.627012646,700.951080693,700.951089756,0.3312661070000331,0.004589729000031184,0.32406804699996883,0.0024920470000324713
195,0,16,0.324380036999969,0.0024588519999042546,701.056966118,701.378887303,701.057077514,701.061735771,701.376562044,701.376571004,0.3219211850000647,0.004658257000073718,0.3148262729999942,0.0023162990000855643
196,0,16,0.32168729399995755,0.002526259999967806,701.482277218,701.801438252,701.482389225,701.487292573,701.798953842,701.798962497,0.31916103399998974,0.00490334799997072,0.3116612689999556,0.002475754999977653
197,0,16,0.31728227500002504,0.0025034519999280747,701.904397146,702.219175969,701.904503349,701.909160689,702.216695326,702.21670449,0.31477882300009696,0.004657339999994292,0.3075346370000034,0.0024714790000643916
198,0,16,0.35057086699998763,0.002449790000014218,702.32239981,702.670520887,702.322505707,702.327140849,702.667796171,702.667805335,0.3481210769999734,0.004635141999983716,0.34065532199997506,0.0027155519999269018
199,0,16,0.32601543600003424,0.002548356000033891,702.773879441,703.097346521,702.773983607,702.778563051,703.093931539,703.093940906,0.32346708000000035,0.004579444000000876,0.31536848799999007,0.0034056150000196794
200,0,16,0.3141241949999767,0.0027184020000277087,703.200411108,703.511816901,703.200517413,703.205127201,703.508786814,703.508795571,0.31140579299994897,0.004609788000038861,0.3036596130000362,0.003021330000024136
201,0,16,0.3478218159999642,0.002563630000054218,703.614825383,703.960083569,703.614930974,703.619704903,703.957460576,703.957469638,0.34525818599991,0.004773928999952659,0.3377556730000606,0.002613930999928016
202,2,16,0.34208086099999946,0.0025405149999642163,704.063478576,704.403018922,704.063584473,704.068582415,704.400457838,704.400466493,0.33954034600003524,0.004997942000045441,0.33187542299992856,0.0025524290000475958
203,0,16,0.313491560999978,0.002492454999924121,704.506325953,704.817325059,704.506434192,704.511499135,704.814856432,704.814866003,0.31099910600005387,0.005064942999979394,0.30335729700004777,0.0024590560000206096
204,0,16,0.3528621169999724,0.002727973999981259,704.920561729,705.270695872,704.920668136,704.925615675,705.268008017,705.268016672,0.3501341429999911,0.004947538999999779,0.3423923420000392,0.0026791999999886684
205,0,16,0.3305649449999919,0.0024901130000216654,705.374154214,705.702229046,705.374259398,705.379036382,705.699659511,705.699668471,0.32807483199997023,0.004776983999931872,0.32062312900006873,0.002560574999961318
206,0,16,0.31495060000008834,0.002528602000097635,705.805278767,706.117700765,705.805383442,705.8103934,706.115298222,706.115307793,0.3124219979999907,0.005009957999959624,0.3049048220000259,0.002392971999938709
207,1,16,0.3378428339999573,0.0025288059998729295,706.221079481,706.556393509,706.221185378,706.226507834,706.553810533,706.55381929,0.33531402800008436,0.00532245600004444,0.32730269900002895,0.0025742190000528353
208,0,16,0.3371912480000674,0.0025678950000838086,706.659735262,706.994358615,706.659840548,706.66491384,706.991877287,706.991886757,0.3346233529999836,0.0050732920000200465,0.32696344699991187,0.002471858000035354
209,3,16,0.36942840200003957,0.002628868999977385,707.097818126,707.464617659,707.097924633,707.103178196,707.461944191,707.461953457,0.3667995330000622,0.005253562999996575,0.35876599499999884,0.002664202000005389
210,0,16,0.3117982520000169,0.0024986370000306124,707.567991944,707.877291559,707.56809784,707.573134317,707.874882526,707.874891385,0.30929961499998626,0.00503647700008969,0.3017482089999248,0.0024001740000585414
211,0,16,0.3162177830000701,0.0023969170000555096,707.980513517,708.294334383,707.980614322,707.985957998,708.291906819,708.291915677,0.3138208660000146,0.005343676000052255,0.3059488210000154,0.0024187059999576377
212,2,16,0.3682493919999388,0.0024310259999538175,708.397609085,708.763427451,708.397712945,708.403075052,708.760698897,708.760707451,0.36581836599998496,0.005362106999996286,0.35762384500003463,0.0027199999999538704
213,0,16,0.3171391800000265,0.0024324519999936456,708.866603283,709.181310011,708.86670979,708.87205082,709.178805264,709.178814123,0.31470672800003285,0.0053410300000678035,0.306754443999921,0.0024958879999985584
214,2,16,0.333827683000095,0.0024115790000678317,709.284013689,709.615429793,709.284119279,709.28949279,709.6129169,709.612925555,0.3314161040000272,0.005373511000016151,0.32342410999990534,0.0025042380000286357
215,0,16,0.31588410799997746,0.0024507800000037605,709.718695229,710.032128557,709.718799598,709.724036869,710.029678591,710.029687042,0.3134333279999737,0.005237270999941757,0.3056417220000185,0.0024415149999867936
216,0,16,0.3679754889999458,0.0026917959999082086,710.135589493,710.500873186,710.135696,710.141134067,710.497598147,710.49760721,0.3652836930000376,0.005438067000000046,0.3564640799999097,0.0032659760000797178
217,0,16,0.34547268299991174,0.002562378999868997,710.60435408,710.947264384,710.604461809,710.609809253,710.943155618,710.94316468,0.34291030400004274,0.005347443999994539,0.33334636500001125,0.004099704000054771
218,0,16,0.3526634309999963,0.0026245919999610123,711.050453656,711.400492495,711.050559858,711.055889483,711.397627498,711.397636356,0.3500388390000353,0.005329624999944826,0.34173801500003265,0.002856138999959512
219,0,16,0.33497695999994903,0.0025010809999912453,711.50383552,711.836311399,711.503939481,711.508810495,711.8337758,711.833784862,0.3324758789999578,0.004871014000059404,0.3249653049999779,0.0025265369999942777
220,0,16,0.3459832239999514,0.002525518999959786,711.939686906,712.283144611,711.939801151,711.945259074,712.280520528,712.280529284,0.3434577049999916,0.00545792299999448,0.33526145400003315,0.0026153270000577322
221,0,16,0.31480641200005266,0.0024287859999958528,712.386521951,712.698899577,712.38662693,712.391495297,712.696389128,712.696397477,0.3123776260000568,0.00486836699997184,0.3048938309999585,0.0025021000000151616
222,0,16,0.31739791199993306,0.0024041450000140685,712.801722184,713.116715951,712.801826145,712.806654801,713.114234318,713.114243075,0.314993766999919,0.0048286560000860845,0.30757951699990826,0.002472875999956159
223,0,16,0.3149957020000329,0.002538553000022148,713.220590595,713.533047744,713.220692316,713.225555795,713.530584949,713.530593909,0.31245714900001076,0.004863478999936888,0.30502915399995345,0.0024538349999829734
224,0,16,0.3153996339999594,0.002508412999986831,713.635910267,713.948801488,713.636016163,713.640996942,713.946340729,713.94634918,0.3128912209999726,0.004980778999993163,0.3053437869999698,0.0024523079999880792
225,2,16,0.3263493860000608,0.0024116800000228977,714.052884258,714.376821964,714.052987303,714.057955457,714.374253985,714.374262538,0.3239377060000379,0.004968154000039249,0.3162985279999475,0.002559425999947962
226,0,16,0.3150264519999837,0.0024467079999794805,714.480808919,714.793388663,714.480910844,714.485813932,714.790802458,714.790811317,0.3125797440000042,0.00490308799999184,0.30498852599998827,0.0025773459999527404
227,2,16,0.33193703100005223,0.0024768470001390597,714.897299047,715.226759231,714.897404536,714.902413724,715.224197056,715.224205813,0.32946018399991317,0.0050091880000309175,0.3217833319999954,0.0025534179999340267
228,4,16,0.34735387699993225,0.0024424119999366667,715.330782333,715.675693798,715.330883749,715.336390444,715.672875501,715.672884154,0.3449114649999956,0.0055066950000082215,0.3364850570000044,0.002809643999967193
229,2,16,0.3318847689999984,0.002510356000016145,715.779424242,716.108798655,715.779529298,715.784461242,716.10628779,716.106296748,0.32937441299998227,0.004931943999963551,0.32182654799999,0.002501907000009851
230,3,16,0.3351080219999858,0.002610831999959373,716.212898933,716.545396123,716.21300969,716.217995282,716.542696829,716.542706093,0.3324971900000264,0.004985591999911776,0.32470154700001785,0.0026900300000534116
231,0,16,0.31395567499998833,0.0024592539999730434,716.649318967,716.960815388,716.64942443,716.654724885,716.958400112,716.958408867,0.3114964210000153,0.005300454999996873,0.30367522700009886,0.0024065210000117077
232,6,16,0.4306101770000623,0.002522572000088985,717.064476303,717.492563908,717.064581054,717.069885072,717.489573877,717.48958253,0.42808760499997334,0.005304018000060751,0.4196888049999643,0.0029813779999585677
233,0,16,0.3101365940000278,0.0024789000000282613,717.595437207,717.903094901,717.595549185,717.600726057,717.900696421,717.900705278,0.30765769399999954,0.005176871999992727,0.2999703640000462,0.002389622999999119
234,0,16,0.31735911100008707,0.0025772370001959644,718.006521373,718.321303247,718.00662816,718.01226842,718.318786884,718.318795944,0.3147818739998911,0.00564026000006379,0.3065184639999643,0.0025073029999020946
235,2,16,0.3542350840000381,0.002579376000085176,718.424625986,718.776281694,718.424731246,718.43058172,718.773589627,718.773598891,0.35165570799995294,0.00585047399999894,0.3430079070000147,0.0026828029999705905
236,0,16,0.3186594880000939,0.0024905060001856327,718.879753162,719.195922144,718.879861883,718.885576455,719.193140392,719.193149453,0.3161689819999083,0.0057145719999880384,0.30756393700005447,0.0027726909999046256
237,0,16,0.319435397999996,0.0025592199999664444,719.299226662,719.61610284,719.299353096,719.30535016,719.613635137,719.613644706,0.31687617800002954,0.005997063999984675,0.30828497699997115,0.002458134000107748
238,0,16,0.32584678199998507,0.0026205020000134027,719.719576852,720.042803132,719.719691376,719.725344767,720.040312525,720.040321687,0.32322627999997167,0.005653391000009833,0.3149677579999661,0.002481445000057647
239,1,16,0.33560734499997125,0.002585687999953734,720.146285391,720.479307048,720.14641213,720.152157751,720.476597777,720.476606735,0.3330216570000175,0.0057456209999600105,0.3244400260000475,0.0027003129999911835
240,0,16,0.3170292840000002,0.0024909140000772823,720.582676717,720.897215087,720.582785438,720.588052707,720.894743516,720.894752373,0.3145383699999229,0.0052672690000008515,0.30669080899997425,0.002462713999989319
241,0,16,0.31299377899995307,0.0024403190000157338,721.000546073,721.311099533,721.000653572,721.006578359,721.308673059,721.308681406,0.31055345999993733,0.005924786999912612,0.30209469999999783,0.0024181269999417054
242,3,16,0.3998337799999945,0.0024130369999966206,721.414333301,721.811754044,721.414438051,721.419620827,721.808698759,721.80870731,0.39742074299999786,0.0051827759999696354,0.38907793199996377,0.003046734000008655
243,2,16,0.3336382520000143,0.002434719000007135,721.914951062,722.246154595,721.915053472,721.920277171,722.243494187,722.243502942,0.33120353300000716,0.005223698999998305,0.3232170160000578,0.0026516530000435523
244,0,16,0.3222592930000019,0.002457013000025654,722.349598373,722.669400653,722.349702411,722.355258585,722.666493486,722.66650224,0.31980227999997624,0.005556174000048486,0.31123490100003437,0.002898413000025357
245,1,16,0.32555431500009036,0.0024767630001178986,722.772539646,723.095617198,722.772643277,722.777844988,723.09310501,723.093113866,0.32307755199997246,0.005201710999926945,0.31526002200007497,0.0025033320000602544
246,0,16,0.34444958100004897,0.0024965120001070318,723.198535492,723.540488561,723.198639937,723.203843582,723.537856962,723.537865513,0.34195306899994193,0.005203644999937751,0.3340133799999876,0.0026230479999185263
247,0,16,0.3174141709999958,0.0024720879999904355,723.643818693,723.958760776,723.643925041,723.649067651,723.956108793,723.956117452,0.31494208300000537,0.005142610000007153,0.30704114200000276,0.0026433240000187652
248,0,16,0.3283645760000127,0.0023601360001066496,724.062077182,724.388081622,724.062180169,724.067278874,724.385105196,724.385113854,0.326004439999906,0.005098704999909387,0.3178263220000872,0.002967767999962234
249,0,16,0.308037698000021,0.002478809999956866,724.491547873,724.797106761,724.491654119,724.49686498,724.794612976,724.794621737,0.30555888800006414,0.005210861000023215,0.29774799599999824,0.0024850239999523183
250,0,16,0.31616783900005885,0.002472698000019591,724.900768798,725.214463939,724.900871072,724.906351674,725.211629717,725.211638681,0.31369514100003926,0.005480602000034196,0.3052780430000439,0.002825258000029862
251,0,16,0.31233960800000204,0.0025166039999930945,725.318330625,725.628153629,725.318435038,725.324168268,725.625370341,725.625379101,0.30982300400000895,0.005733230000032563,0.3012020730000131,0.0027745280000317507
252,1,16,0.3251429580000149,0.002382443999977113,725.732125645,726.054886159,725.732223641,725.737466283,726.052284803,726.052293258,0.3227605140000378,0.0052426419999846985,0.3148185200000171,0.002592901000070924
253,0,16,0.3098772990000498,0.0024503900000354406,726.158875696,726.466302605,726.158979599,726.164381968,726.463886849,726.463895508,0.30742690900001435,0.005402369000080398,0.29950488099996164,0.002407097000059366
254,0,16,0.3098864670000694,0.0025429870000834853,726.569256673,726.876600153,726.569360984,726.574640705,726.8741845,726.874193362,0.3073434799999859,0.0052797209999653205,0.29954379499997685,0.0024067909999985204
255,2,16,0.3450727619999725,0.0024869589999525488,726.980620454,727.323206257,726.980721607,726.986046252,727.32056772,727.320576379,0.34258580300001995,0.005324645000087003,0.33452146799993443,0.0026298779999933686
256,1,16,0.32897322700000586,0.0023928360000127213,727.426939397,727.753519788,727.427042282,727.432503121,727.750515756,727.750524313,0.32658039099999314,0.005460838999965745,0.31801263500005916,0.0029954749999205887
257,1,16,0.32048482300001524,0.002469337000093219,727.857249567,728.175265053,727.857353979,727.862716926,728.172463938,728.17247331,0.318015485999922,0.005362946999980522,0.30974701200000254,0.0027917429999888554
258,2,16,0.33468007399994804,0.0024597619999440212,728.278509847,728.610730159,728.278614973,728.284151397,728.608114746,728.608123201,0.332220312000004,0.0055364239999562415,0.323963348999996,0.002606958000001214
259,1,16,0.3209367019999263,0.0025293369999417337,728.714635657,729.033043022,728.714745978,728.720731224,729.03055922,729.030568185,0.31840736499998457,0.005985246000022926,0.30982799599996724,0.0024748370000224895
260,0,16,0.3123493870000402,0.002451103999987936,729.13587261,729.445770893,729.135979671,729.141447234,729.443397718,729.443407089,0.3098982830000523,0.005467563000024711,0.3019504840000309,0.0023638040000832916
261,2,16,0.35393980300000294,0.0024416300000211777,729.549086586,729.900584759,729.549200065,729.554626881,729.897909041,729.897917801,0.35149817299998176,0.00542681599995376,0.34328216000005796,0.002666958000077102
262,0,16,0.3096167249999553,0.0025429849998772625,730.004579083,730.311652823,730.004683292,730.010164506,730.30887422,730.308883082,0.30707374000007803,0.0054812140000422005,0.29870971399998325,0.002769741000065551
263,0,16,0.31072319500003687,0.0024475370000800467,730.415613022,730.72388868,730.415716722,730.421341261,730.720956769,730.720965937,0.3082756579999568,0.005624538999995821,0.2996155080001017,0.0029227429999991728
264,1,16,0.3374983019999718,0.0024602709999044237,730.827612041,731.162650072,730.827715639,730.833319804,731.160089769,731.160098224,0.33503803100006735,0.005604165000022476,0.3267699650000395,0.0025518480000528143
265,0,16,0.37548225000000457,0.002449983000019529,731.266658149,731.639690416,731.266764191,731.272231653,731.636963154,731.63697171,0.37303226699998504,0.005467461999955958,0.36473150100005114,0.0027187059999960184
266,0,16,0.31395178999991913,0.002511760999936996,731.743507988,732.054948017,731.74361685,731.749484688,732.052431876,732.052440736,0.31144002899998213,0.005867838000085612,0.3029471879999619,0.0025072810000210666
267,0,16,0.3181595120000793,0.002469602000019222,732.158798801,732.474488711,732.158907459,732.16472886,732.472004852,732.472013916,0.3156899100000601,0.005821400999934667,0.30727599200008626,0.002474795000011909
268,0,16,0.31637251100005415,0.0024262200000748635,732.578187354,732.892133645,732.57829255,732.584179023,732.889726264,732.889735022,0.3139462909999793,0.005886473000032311,0.3055472409999993,0.0023986229999763964
269,0,16,0.3461098770000035,0.0024051409999401585,732.996051131,733.339755867,732.996158261,733.00170817,733.337064061,733.337072818,0.34370473600006335,0.005549909000023945,0.3353558909999492,0.002683048999983839
270,0,16,0.3184841629999937,0.002430192000019815,733.443557057,733.759611028,733.443655837,733.449109512,733.756970547,733.756979305,0.3160539709999739,0.005453674999898794,0.3078610350000872,0.0026317230000358904
271,0,16,0.3446484410000039,0.002459213999941312,733.863503361,734.205692588,733.863603872,733.869671714,734.203083981,734.203092739,0.3421892270000626,0.006067841999993107,0.3334122669999715,0.0025998490000347374
272,4,16,0.37054010800000015,0.0025398679999852902,734.309300291,734.677300531,734.309407422,734.31521976,734.674447927,734.674456685,0.36800024000001486,0.005812337999941519,0.3592281669999693,0.002843846000018857
273,0,16,0.3166474659999494,0.0025733719999152527,734.78102066,735.095094754,734.781133086,734.786803364,735.092654073,735.092663239,0.31407409400003417,0.005670278000025064,0.30585070899996936,0.002431515000012041
274,2,16,0.33706784000003154,0.0024423110000952875,735.199044217,735.533669746,735.199150431,735.204870404,735.531115723,735.531124582,0.33462552899993625,0.005719972999941092,0.32624531900000875,0.0025451640000255793
275,0,16,0.31521515599990835,0.002472961999956169,735.637557903,735.950300097,735.637667478,735.643451811,735.947826319,735.947835179,0.3127421939999522,0.005784332999951403,0.3043745080000235,0.0024649179999869375
276,2,16,0.3417862649999961,0.0024491329999136724,736.054151288,736.39348842,736.054250373,736.059786637,736.390838875,736.390847735,0.3393371320000824,0.00553626400005669,0.33105223799998384,0.0026406850000739723
277,4,16,0.3711082450000731,0.0024316170000702186,736.497390427,736.866067055,736.497494604,736.503275679,736.86328319,736.863292355,0.3686766280000029,0.005781074999958946,0.3600075109999352,0.002774700000031771
278,0,16,0.32306877799999256,0.002408297999977549,736.970100735,737.290761215,736.970204097,736.975896575,737.288225114,737.288233669,0.320660480000015,0.005692478000014489,0.3123285390000774,0.002527546000010261
279,0,16,0.3246586269999625,0.0024493369999163406,737.39461373,737.71682302,737.39471974,737.400487882,737.714134676,737.714143535,0.32220929000004617,0.005768141999965337,0.31364679399996476,0.002679485000044224
280,3,16,0.3595338760000004,0.002417870000044786,737.82078959,738.177905596,737.820894786,737.826543475,738.175227843,738.175236296,0.35711600599995563,0.005648688999940532,0.348684368000022,0.0026692999999795575
281,1,16,0.3222714089999954,0.0024192959999709274,738.281454949,738.601307062,738.28155658,738.287155166,738.598776461,738.598785219,0.3198521130000245,0.005598586000019168,0.311621295000009,0.002521843000067747
282,0,16,0.3157886909999661,0.0024453659999608135,738.704655392,739.017998717,738.704759365,738.710878838,739.015522496,739.015531356,0.3133433250000053,0.006119473000012476,0.3046436580000318,0.002467360999958146
283,6,16,0.3772339299999885,0.0024331450000545374,739.121847974,739.496648759,739.121946245,739.127578742,739.493807458,739.493816318,0.37480078499993397,0.005632496999965042,0.36622871600002327,0.0028324410000095668
284,0,16,0.3184228610000446,0.002405867999982547,739.600656267,739.91667326,739.600758815,739.606875334,739.913461787,739.91347085,0.31601699300006203,0.0061165190001020164,0.30658645299990894,0.003202410000085365
285,0,16,0.3109292379999715,0.0024137729999438307,740.0204331,740.328948565,740.020531565,740.026272281,740.326454452,740.326462802,0.3085154650000277,0.005740715999991153,0.30018217099996036,0.002485762999981489
286,0,16,0.34565915299992866,0.0024221219998707966,740.432613096,740.775850127,740.432714005,740.438375908,740.77327822,740.773287689,0.34323703100005787,0.005661903000031998,0.33490231199994014,0.0025624380000408564
287,0,16,0.346136308000041,0.0023735520001082477,740.879033838,741.222796594,740.87913434,740.885334288,741.2201864,741.220197092,0.3437627559999328,0.006199948000016775,0.3348521120000214,0.002599501999952736
288,0,16,0.3735711420000598,0.0023944260000234863,741.326283745,741.697460461,741.32638557,741.332729296,741.694651809,741.694660566,0.3711767160000363,0.006343726000068273,0.3619225129999677,0.002799894999952812
289,2,16,0.3598417089999657,0.0024811800000179574,741.801122445,742.158482974,741.801226715,741.807468005,742.155709452,742.155718616,0.35736052899994775,0.006241290000048139,0.34824144699996396,0.002764358000035827
290,0,16,0.31511406099991746,0.0025014439999040405,742.262511734,742.575124351,742.262617123,742.268532266,742.5723604,742.57236875,0.3126126170000134,0.005915142999924683,0.30382813400001396,0.002755600999989838
291,0,16,0.3173592100000633,0.002417132000118727,742.678821567,742.993763645,742.678927058,742.684924171,742.991248556,742.991257822,0.31494207799994456,0.005997113000034915,0.3063243849999253,0.002505822999978591
292,0,16,0.3164597859999958,0.002377115999934176,743.097580303,743.411662973,743.097680397,743.10395702,743.40909911,743.409107562,0.3140826700000616,0.0062766230000761425,0.3051420900000039,0.002555411000003005
293,0,16,0.35030952299996443,0.0023837349999666912,743.515493276,743.863419064,743.515591945,743.5213962,743.860528443,743.860537302,0.34792578799999774,0.005804255000043668,0.33913224299999456,0.002881762000015442
294,0,16,0.31663146400001096,0.002455012000041279,743.967364735,744.281541187,743.967469004,743.97378819,744.27903567,744.279044528,0.3141764519999697,0.0063191860000415545,0.3052474799999345,0.0024966590000303768
295,1,16,0.32820525099998576,0.002367849000052047,744.385341044,744.711178446,744.385443887,744.391995948,744.708223573,744.708232635,0.3258374019999337,0.00655206100009309,0.31622762500001045,0.002945811000017784
296,0,16,0.3159042260000433,0.0024279250000063257,744.815084404,745.128560705,744.815191423,744.821491466,745.126136444,745.126145303,0.313476301000037,0.0063000430000101915,0.30464497800005574,0.0024154019999969023
297,0,16,0.3160197980000703,0.002501444000131414,745.232627446,745.5461458,745.232730086,745.238688504,745.543581427,745.543590592,0.3135183539999389,0.005958418000091115,0.30489292300001125,0.0025552079999897614
298,0,16,0.3149858619999577,0.0024309799998718518,745.65011377,745.962668652,745.650218956,745.656150493,745.95971775,745.959727118,0.31255488200008585,0.005931537000037679,0.3035672569999406,0.002941534000001411
299,2,16,0.33715336699992804,0.002506839999909971,746.066229931,746.400876458,746.06633695,746.072331313,746.398007016,746.398015773,0.33464652700001807,0.005994362999899749,0.3256757030000017,0.002860684999973273
300,0,16,0.3161935129999165,0.0024324069999011044,746.504726412,746.818487518,746.504828849,746.510737169,746.815667666,746.815676423,0.3137611060000154,0.005908320000003187,0.30493049699998664,0.0028110949999700097
301,0,16,0.31286300499994013,0.002358684999876459,746.922433495,747.232937815,746.922534607,746.928552085,747.230329556,747.230338313,0.31050432000006367,0.006017477999989751,0.3017774710000367,0.0025995020000664226
302,0,16,0.3162518579999869,0.00241957600007936,747.336801516,747.650633798,747.336905073,747.34310604,747.648138158,747.648146813,0.31383228199990754,0.0062009669999270045,0.3050321180000992,0.002486984999904962
303,2,16,0.3687474660000589,0.002393611000002238,747.754470719,748.120824574,747.75457173,747.760638186,748.118054412,748.118062966,0.3663538550000567,0.006066456000098697,0.35741622599994116,0.0027616080000143484
304,3,16,0.34547014700001455,0.0023739429999523054,748.223454354,748.566550558,748.223560966,748.229657765,748.563735047,748.563743904,0.34309620400006224,0.0060967989999198835,0.3340772820000666,0.0028066539999827
305,0,16,0.32726366899998993,0.0024007729999766525,748.669781869,748.994644765,748.669885605,748.676086304,748.992078057,748.992086506,0.3248628960000133,0.006200699000032728,0.31599175299993476,0.002558259000011276
306,0,16,0.3361015230000248,0.002722158000096897,749.098696491,749.432075856,749.098804808,749.105404058,749.429393909,749.429402765,0.33337936499992793,0.006599250000022039,0.3239898510000785,0.0026730910000196673
307,0,16,0.3099262450000424,0.002422252999963348,749.535989947,749.843493939,749.536089814,749.542880756,749.841027199,749.841035954,0.30750399200007905,0.006790942000066025,0.2981464429999505,0.002457985000091867
308,0,16,0.31139910199999576,0.0024086120000674782,749.947346237,750.256336727,749.947446409,749.954158658,750.253590543,750.253599298,0.3089904899999283,0.00671224899997469,0.29943188499998996,0.002737428999921576
309,0,16,0.3096268479999935,0.002400874999921143,750.360215188,750.667441161,750.360316581,750.367052347,750.66464825,750.664656801,0.30722597300007237,0.006735766000019794,0.29759590300000127,0.002784360000077868
310,3,16,0.370828392999897,0.0024602249999361447,750.771194915,751.139563083,750.771294069,750.77798321,751.136628974,751.136638543,0.36836816799996086,0.006689141000038035,0.35864576400001624,0.0029245399999808797
311,0,16,0.30963010599998597,0.0024772259999963353,751.243306759,751.550459639,751.243411817,751.249598265,751.547959813,751.547968568,0.30715287999998964,0.006186447999994016,0.2983615480000026,0.00249107100000856
312,0,16,0.31773224500000197,0.0025054249999811873,751.654286995,751.969513815,751.654392461,751.660696081,751.967006355,751.967014906,0.3152268200000208,0.006303619999926013,0.30631027399999766,0.0024989089999962744
313,0,16,0.34091742400005387,0.002354454000055739,752.073421798,752.411984768,752.073525228,752.080064009,752.40928806,752.409297018,0.33856296999999813,0.0065387810000174795,0.32922405099998286,0.0026877500000637156
314,0,16,0.33717898499992316,0.0025717989999520796,752.515974905,752.850582091,752.516081083,752.522390608,752.847877137,752.847885892,0.3346071859999711,0.006309525000006033,0.3254865289999316,0.002696198999956323
315,0,16,0.31526998399999684,0.0023797009999952934,752.954343786,753.267234069,752.954443857,752.960608111,753.264714698,753.264723453,0.31289028300000155,0.006164254000054825,0.3041065869999784,0.002510615999995025
316,4,16,0.4109529539999812,0.0025031849999095357,753.371301575,753.779751344,753.371408669,753.378122548,753.776292858,753.776301715,0.4084497690000717,0.006713879000017187,0.39817031000006864,0.003449628999987908
317,0,16,0.32521034299998064,0.0024160430000392807,753.883576155,754.206370455,753.88367816,753.889904309,754.203730144,754.203739102,0.32279429999994136,0.006226148999985526,0.31382583499998873,0.0026313529999697494
318,0,16,0.32462061000001086,0.0024508599999535363,754.310005306,754.632175056,754.310143042,754.316485958,754.629490665,754.629499216,0.3221697500000573,0.006342915999994148,0.3130047070000046,0.0026758400000517213
319,2,16,0.3368272629999183,0.0025180479998425653,754.735688153,755.069997368,754.735792601,754.742611945,755.067238561,755.067247417,0.3343092150000757,0.00681934400006412,0.32462661599993226,0.002749951000055262
320,0,16,0.3186373570000569,0.002452794000078029,755.173775555,755.489960118,755.173879595,755.180295604,755.487515978,755.487524936,0.3161845629999789,0.006416008999963196,0.3072203740000532,0.0024351819999992586
321,3,16,0.3709143129999575,0.0024154329998964386,755.593044022,755.961542902,755.593142566,755.599953766,755.958752638,755.958761495,0.36849888000006104,0.00681120000001556,0.35879887199996574,0.0027814070000431457
322,3,16,0.3392674649999208,0.002472716999932345,756.065457706,756.402252454,756.065561237,756.072388216,756.399661048,756.399669904,0.33679474799998843,0.006826979000038591,0.3272728319999487,0.0025825499999427848
323,0,16,0.31189630799997303,0.0023868519999723503,756.50613734,756.815646796,756.506328664,756.513216805,756.813061794,756.813070454,0.3095094560000007,0.006888140999990355,0.29984498900000744,0.0025763419999975667
324,4,16,0.3416159800000287,0.0023929650000127367,756.919608904,757.258831919,756.919713428,756.926618787,757.256147282,757.256156146,0.33922301500001595,0.006905359000029421,0.32952849499997683,0.002675773000078152
325,1,16,0.3195912049999379,0.002456433999896035,757.362605047,757.679739818,757.362708349,757.369048601,757.676860599,757.676868952,0.31713477100004184,0.006340252000086366,0.3078119979999201,0.002870866000080241
326,4,16,0.37618006000002424,0.002459490000092046,757.783608811,758.157329381,757.783713132,757.790120012,758.154395658,758.154404725,0.3737205699999322,0.006406879999985904,0.36427564600001006,0.0029246560000046884
327,10,16,0.41440077400000064,0.0024530720000939255,758.26041668,758.672364382,758.260521408,758.266871746,758.669301989,758.669310547,0.4119477019999067,0.006350337999947442,0.40243024300002617,0.003053834999946048
328,0,16,0.3100582619999841,0.0024115070000334526,758.776345031,759.083991786,758.776448741,758.782891379,759.081395374,759.081404237,0.30764675499995064,0.006442638000066836,0.2985039949999191,0.0025875489999407364
329,0,16,0.31013375099996665,0.002466417999926307,759.186897134,759.494564467,759.187001149,759.193855162,759.492067283,759.492076044,0.30766733300004034,0.0068540129999519195,0.29821212100000594,0.002488423000045259
330,3,16,0.3361385149999023,0.002421591999905104,759.598450067,759.93216699,759.598553369,759.605026773,759.929436815,759.929445474,0.3337169229999972,0.006473403999962102,0.32441004200006773,0.002721516000065094
331,3,16,0.35107435100007933,0.0023695340000813303,760.036053404,760.384758221,760.036167097,760.042979443,760.381954798,760.381963151,0.348704816999998,0.006812346000060643,0.3389753550000023,0.0027950699999337303
332,2,16,0.36611094299996694,0.002409673999977713,760.488725423,760.852426692,760.4888382,760.49536295,760.849630502,760.849639263,0.3637012689999892,0.006524749999925916,0.35426755200001026,0.002787429000022712
333,4,16,0.3793375019999985,0.002372284000102809,760.956252388,761.333217606,760.956351921,760.963513701,761.330379137,761.330388204,0.3769652179998957,0.007161780000046747,0.36686543600001187,0.0028294019999748343
334,2,16,0.3441163229999802,0.002462037999976019,761.437167693,761.778821978,761.437273134,761.444420652,761.776062871,761.776071734,0.34165428500000417,0.0071475180000106775,0.3316422190000594,0.002750244000026214
335,0,16,0.310764770999981,0.0024153770000339136,761.882509428,762.190858822,761.882609165,761.889475098,762.187956884,762.187965645,0.3083493939999471,0.006865933000085533,0.29848178599991115,0.002893177000032665
336,0,16,0.3149072520000118,0.0024065139999720486,762.294768464,762.607269202,762.294888677,762.301437266,762.60457611,762.604590067,0.31250073800003975,0.006548588999976346,0.30313884400004554,0.0026791349999939484
337,0,16,0.31120039300003555,0.002446755000050871,762.711072179,763.019825817,762.711173852,762.717640838,763.016838303,763.016846963,0.3087536379999847,0.006466985999963981,0.2991974650000202,0.002978853999934472
338,0,16,0.34553749299993797,0.002374932999941848,763.123647539,763.466810099,763.123749517,763.130264283,763.463447988,763.463456749,0.3431625599999961,0.006514766000009331,0.3331837050000104,0.00335334999999759
339,0,16,0.3202186600000232,0.002462953999952333,763.569682032,763.887437738,763.569785334,763.576381907,763.884761455,763.884770115,0.31775570600007086,0.006596573000024364,0.30837954799994804,0.0026676229999793577
340,0,16,0.31794193500002166,0.0024318819999962216,763.991456998,764.306967051,763.991557957,763.998067222,764.304398044,764.304406602,0.31551005300002544,0.006509264999976949,0.3063308219999499,0.0025604490000432634
341,0,16,0.34245838399999684,0.002437030000010054,764.41091235,764.750933704,764.411015448,764.418015246,764.748264576,764.748273437,0.3400213539999868,0.006999798000038027,0.3302493300000151,0.002660267000010208
342,4,16,0.36710933299991666,0.0024498489999587036,764.854763667,765.219423151,764.854862867,764.861808079,765.216122769,765.216131528,0.36465948399995796,0.006945212000005085,0.3543146900000238,0.003291622999995525
343,0,16,0.3097798620000276,0.0024161380000577992,765.323335305,765.630699029,765.323442958,765.330471991,765.627920313,765.62792897,0.3073637239999698,0.0070290329999807,0.29744832200003657,0.002770058999999492
344,0,16,0.31252873699997963,0.002438136999899143,765.733979421,766.044070021,765.734080352,765.741037277,766.041485122,766.041493677,0.3100906000000805,0.0069569250000540706,0.3004478450000079,0.0025763440000901028
345,0,16,0.31682814399994186,0.0024146099999597936,766.148053164,766.462466698,766.148157761,766.154889195,766.45987029,766.459879252,0.31441353399998206,0.006731434000016634,0.30498109500001647,0.002587446000006821
346,0,16,0.3098531929999808,0.0025190039999642977,766.56650769,766.873841879,766.566613714,766.572954255,766.871271747,766.871280506,0.3073341890000165,0.006340540999985933,0.2983174920000238,0.002561373000048661
347,10,16,0.4254628840000123,0.0024557570000069973,766.977672351,767.400679478,766.977774402,766.98458599,767.39748288,767.397491741,0.4230071270000053,0.006811588000005031,0.41289688999995633,0.0031877370000756855
348,4,16,0.34859307900001113,0.002400351000005685,767.504561689,767.850754417,767.504659259,767.511503846,767.847940054,767.847948609,0.34619272800000545,0.0068445869999322895,0.3364362080000092,0.002805807999948229
349,0,16,0.31016158900001756,0.0023732600000130333,767.954210292,768.261998621,767.954313261,767.961049888,768.259332854,768.259341511,0.3077883290000045,0.006736627000009321,0.29828296599998794,0.0026571099999728176
350,0,16,0.31034827600001336,0.0023820190000378716,768.36586749,768.673833747,768.365968116,768.372383006,768.670893296,768.670902157,0.3079662569999755,0.006414889999973639,0.2985102900000811,0.0029315900000028705
351,0,16,0.3148428229999354,0.0024351829998749963,768.777554325,769.089961965,768.777655562,768.784413679,769.087091382,769.087100141,0.3124076400000604,0.006758117000003949,0.3026777030000858,0.0028618240000923834
352,0,16,0.3488042100000257,0.0024260179999373577,769.193639462,769.540017654,769.193744874,769.201037388,769.536765549,769.536774104,0.34637819200008835,0.00729251400002795,0.33572816100002,0.0032435500000929096
353,0,16,0.32405547500002285,0.002455349000001661,769.643791194,769.96539132,769.643896606,769.650675908,769.962754274,769.962762422,0.3216001260000212,0.006779302000040843,0.31207836599992334,0.002628898000011759
354,0,16,0.3168131730000141,0.0024747000001070774,770.069405627,770.3837441,770.069507475,770.076279139,770.380575816,770.380585084,0.314338472999907,0.006771663999984412,0.30429667700002483,0.0031590159999268508
355,0,16,0.3181960630000731,0.0024446539999871675,770.487757389,770.803508798,770.487861376,770.494605438,770.800855151,770.800864113,0.3157514090000859,0.006744062000052509,0.30624971299994286,0.0026446850000638733
356,0,16,0.3101433569999017,0.0023601199999347955,770.90723182,771.215015057,770.907333057,770.914158802,771.212362734,771.21239176,0.3077832369999669,0.006825745000014649,0.2982039319999785,0.0026232970000137357
357,0,16,0.3152097810000214,0.002444350000018858,771.319033744,771.631799175,771.319141601,771.32602662,771.628960165,771.628968924,0.31276543100000254,0.006885019000037573,0.3029335449999735,0.0028302509999775793
358,0,16,0.3167699900000116,0.0024837650000790745,771.735728847,772.050015072,771.735835584,771.742742399,772.046898832,772.046907795,0.31428622499993253,0.0069068149999793604,0.30415643300000283,0.003107276999912756
359,0,16,0.3243602700000565,0.002507783000055497,772.153860414,772.475712901,772.15395941,772.160823653,772.473166656,772.473175514,0.321852487000001,0.00686424299999544,0.3123430030000236,0.0025373869999611998
360,0,16,0.34855841000000964,0.0024985910000623335,772.579824246,772.925884065,772.579926173,772.587151599,772.923125311,772.923133966,0.3460598189999473,0.007225425999990875,0.33597371200005455,0.0027500989999680314
361,0,16,0.3164866780000466,0.00252618500007884,773.029946942,773.343907435,773.030083083,773.036745618,773.341368521,773.341377482,0.31396049299996776,0.006662535000032221,0.30462290299999495,0.0025299530000211234
362,3,16,0.352896679999958,0.002393813000026057,773.447391536,773.797894403,773.44749214,773.454016803,773.79522108,773.795229939,0.35050286699993194,0.006524662999936481,0.34120427700008804,0.002664463999963118
363,2,16,0.3438172180000265,0.0023927949999915654,773.90188142,774.243305843,773.901983347,773.908991376,774.24005904,774.240067899,0.34142442300003495,0.007008028999962335,0.3310676639999883,0.0032379440000340765
364,0,16,0.3240215519999765,0.0024506309999878795,774.347020986,774.668591907,774.347124441,774.353720484,774.665929479,774.665938745,0.32157092099998863,0.006596042999944984,0.31220899500010546,0.00265316200000143
365,3,16,0.4030879299999697,0.0025844289999668035,774.772001981,775.172505482,774.772104723,774.778898511,775.169291059,775.169299816,0.40050350100000287,0.00679378799998176,0.39039254800002254,0.0032056659999852855
366,0,16,0.316390861000059,0.002396358000055443,775.276213395,775.590207898,775.276318784,775.283221933,775.587613591,775.587622552,0.31399450300000353,0.0069031490000952545,0.3043916579999859,0.002585346000046229
367,8,16,0.39608153100004984,0.0023733460000130435,775.693902268,776.087610453,775.694001242,775.700931375,776.084531865,776.084540622,0.3937081850000368,0.006930132999968919,0.3836004900000489,0.0030698310000616402
368,0,16,0.3156407129999934,0.002472726999940278,776.191302074,776.50447006,776.191407158,776.19829544,776.501846326,776.501855083,0.31316798600005313,0.00688828200009084,0.3035508859999254,0.002614977000007457
369,0,16,0.3161586989999705,0.0024372919999677833,776.607826574,776.921547981,776.607931658,776.614832974,776.918912028,776.918920581,0.3137214070000027,0.006901316000039515,0.3040790539999989,0.0026274000000512387
370,0,16,0.3250538580000466,0.0023809829999663634,777.02534265,777.348015525,777.025441726,777.032411774,777.345337721,777.345346478,0.32267287500008024,0.00697004799997103,0.3129259469999397,0.0026690470000403366
371,0,16,0.32088746900001297,0.002402672000016537,777.451926987,777.770411784,777.45202922,777.459470617,777.767791818,777.767801287,0.31848479699999643,0.007441396999979588,0.3083212010000125,0.0026104969999778405
372,0,16,0.32540423900002224,0.002441568999984156,777.873547337,778.196510007,777.873652421,777.880635197,778.193802674,778.193811533,0.3229626700000381,0.006982775999972546,0.31316747700009273,0.002698473999998896
373,0,16,0.316617117000078,0.0024343400000361726,778.299684967,778.613867744,778.299790865,778.306754396,778.611138519,778.611147378,0.3141827770000418,0.006963530999996692,0.3043841229999771,0.0027203659999486263
374,1,16,0.32444371999997657,0.0024156030000312967,778.717561096,779.039589213,778.717663329,778.724760252,779.036847972,779.036856933,0.32202811699994527,0.007096923000062816,0.3120877200000223,0.0027322800000320058
375,0,16,0.31058956399999715,0.0024952309998980127,779.143525419,779.451619752,779.143629586,779.150533244,779.448984614,779.448993269,0.30809433300009914,0.006903658000055657,0.2984513699999525,0.0026264830000855
376,3,16,0.34246375400005036,0.0024335230000360752,779.555389066,779.895419297,779.555492725,779.562478047,779.892336534,779.892345291,0.3400302310000143,0.006985321999991356,0.32985848700002407,0.0030740060000198355
377,13,16,0.5172800889999962,0.002477717000033408,779.999346542,780.514148914,779.999447858,780.00677847,780.510676669,780.51068563,0.5148023719999628,0.007330611999918801,0.5038981989999911,0.003463283999963096
378,3,16,0.3485781639999459,0.002471809999974539,780.617686168,780.963792522,780.617790845,780.625055473,780.961060751,780.961072053,0.34610635399997136,0.007264628000029916,0.336005278000016,0.0027204689999962284
379,0,16,0.3243104640000638,0.00240989000008085,781.067634335,781.389534909,781.067733513,781.074734007,781.386981004,781.386989759,0.32190057399998295,0.007000493999953505,0.31224699699998837,0.0025451499999462612
380,0,16,0.3162712470000315,0.0025078900000607973,781.493393555,781.807156912,781.493499226,781.50057609,781.804468017,781.804476772,0.3137633569999707,0.007076863999941452,0.3038919269999951,0.0026801399999385467
381,0,16,0.3158344149999266,0.0024443659999633383,781.911059638,782.224449687,781.911161033,781.918090284,782.221937622,782.221946377,0.31339004899996326,0.006929250999974101,0.30384733800008235,0.0025033099999518527
382,0,16,0.31724427000006017,0.0024580080000760063,782.328321465,782.643107727,782.32842795,782.335555511,782.640517581,782.640526743,0.31478626199998416,0.007127561000061178,0.30496206999998776,0.0025809840000192708
383,0,16,0.3259593310000355,0.002535072000114269,782.746908143,783.070332402,782.747009843,782.754133332,783.067637908,783.067646357,0.3234242589999212,0.007123489000036898,0.3135045760000139,0.0026860450000185665
384,1,16,0.32613219000006666,0.0025501380000605423,783.17321324,783.496795292,783.173318096,783.180595204,783.494187533,783.494196492,0.3235820520000061,0.007277108000039334,0.31359232899990275,0.0025987999999870226
385,3,16,0.3518322940000189,0.00248376400008965,783.600858967,783.950207497,783.600964332,783.60860416,783.94737781,783.947386565,0.34934852999992927,0.007639828000037596,0.33877365000000736,0.00282093199996325
386,4,16,0.38334518700003173,0.002486818000079438,784.054108289,784.434966658,784.054213654,784.061418279,784.432095131,784.432103988,0.3808583689999523,0.007204624999985754,0.37067685199997413,0.0028626700000131677
387,1,16,0.3217123580000134,0.0023872560000199883,784.538837317,784.858162419,784.538936574,784.546152601,784.855518826,784.855527581,0.3193251019999934,0.00721602700002677,0.30936622499996247,0.0026348379999490135
388,10,16,0.4830295460000116,0.0024016099999926155,784.962015975,785.442643911,784.962115842,784.969259488,785.439249631,785.439258284,0.48062793600001896,0.007143646000031367,0.4699901430000182,0.0033856270000569566
389,2,16,0.32969373199989604,0.0024197309999181016,785.546057581,785.873331582,785.546159077,785.553275542,785.870755382,785.870763832,0.32727400099997794,0.007116465000081007,0.317479839999919,0.002567750000025626
390,0,16,0.32327684999995654,0.002413418999935857,785.976787296,786.297650727,785.976889709,785.984186872,786.294955724,786.294964581,0.3208634310000207,0.007297162999975626,0.3107688520000238,0.0026861459999736326
391,0,16,0.3445210820000284,0.002425329000061538,786.401652201,786.743747954,786.401757057,786.409207941,786.740996655,786.741005511,0.34209575299996686,0.007450883999922553,0.33178871400002663,0.0027424429999882705
392,0,16,0.3123336499999141,0.0024401929998703054,786.847642129,787.157535586,786.847744847,786.854962706,787.154959081,787.154968956,0.3098934570000438,0.007217859000093085,0.2999963749999779,0.0025666300000466435
393,0,16,0.31316465899999457,0.002424107000024378,787.261559151,787.572299703,787.261664822,787.268867411,787.569723197,787.569732054,0.3107405519999702,0.007202589000030457,0.30085578600005647,0.002567648999956873
394,0,16,0.31078717699995195,0.0025152209999532715,787.675206399,787.983478355,787.675325202,787.682535324,787.980903173,787.980911724,0.3082719559999987,0.007210122000060437,0.2983678489999875,0.002566631000036068
395,0,16,0.31341784000005646,0.0024765350001416664,788.087225222,788.398166527,788.087323868,788.094876554,788.395622191,788.395630946,0.3109413049999148,0.007552686000053654,0.30074563699997725,0.0025355809999609846
396,0,16,0.35531351300005554,0.0024054770000248027,788.50213858,788.855046616,788.50224028,788.509947604,788.852257242,788.852265895,0.35290803600003073,0.00770732399996632,0.3423096379999606,0.002780721000021913
397,0,16,0.3191764250000233,0.0025005150000652066,788.958232453,789.274908363,788.958337105,788.965924098,789.272255429,789.27226409,0.3166759099999581,0.007586992999904396,0.30633133100002397,0.0026442729999871517
398,0,16,0.3104806239999789,0.002420937000010781,789.378699006,789.686758693,789.378802625,789.3860743,789.684249421,789.684258183,0.3080596869999681,0.007271674999969946,0.29817512099998567,0.0025005100000043967
399,0,16,0.34121962200003964,0.002572952000036821,789.790820662,790.129467332,789.790944149,789.798777832,790.126702425,790.126711289,0.3386466700000028,0.007833683000058045,0.3279245929999206,0.002756042999976671
400,3,16,0.36312481499999194,0.002545339999983298,790.232409053,790.592988528,790.232517971,790.239875841,790.590176753,790.590212821,0.36057947500000864,0.00735786999996435,0.35030091200007973,0.0027757069999552186
401,1,16,0.33659008099994026,0.0023957699999073157,790.696922526,791.031116837,790.697021459,790.704749689,791.028362322,791.028371696,0.33419431100003294,0.007728229999997893,0.32361263300003884,0.0027451409999912357
402,1,16,0.3194870259999334,0.0024257249999664054,791.134826073,791.451887374,791.134924802,791.14227177,791.448922666,791.448931326,0.317061300999967,0.007346967999978915,0.3066508960000647,0.002956047999987277
403,0,16,0.3201129180000635,0.002436831000068196,791.55542656,791.873102647,791.555530485,791.562998394,791.870519608,791.870528472,0.3176760869999953,0.007467909000069994,0.30752121399996213,0.0025741749999497188
404,1,16,0.3449334030000273,0.002395057000057932,791.976448146,792.318986492,791.976550543,791.983966693,792.316310837,792.316319396,0.34253834599996935,0.007416149999926347,0.3323441439999897,0.002667095999981939
405,0,16,0.3300751220000393,0.0023609260000512222,792.422762056,792.750476252,792.422860173,792.430641792,792.747809564,792.747818327,0.3277141959999881,0.007781618999956663,0.31716777200006163,0.0026579249999940657
406,1,16,0.3344080690000055,0.0024435550000134754,792.854012077,793.185976591,792.854119873,792.862448625,793.18324337,793.183251929,0.33196451399999205,0.008328752000011264,0.32079474500005745,0.00272466199999144
407,1,16,0.32815037499995015,0.002456291999919813,793.289865861,793.615559944,793.289972639,793.297296785,793.612918422,793.612926981,0.32569408300003033,0.0073241459999735525,0.3156216370000493,0.00263296299999638
408,0,16,0.3102029819999643,0.0024118689999568232,793.718974115,794.026765228,793.719076817,793.726673919,794.024240265,794.024249027,0.3077911130000075,0.007597101999976985,0.2975663460000533,0.002516201000048568
409,0,16,0.3112346890000026,0.0024902189999238544,794.130830763,794.439575233,794.130935605,794.138316808,794.436995658,794.43700442,0.30874447000007876,0.007381203000022651,0.2986788499999875,0.0025708130000339224
410,0,16,0.31105567400004475,0.002364287000091281,794.543382993,794.85207438,794.543483861,794.551341793,794.849318337,794.849326793,0.30869138699995347,0.007857931999978973,0.29797654399999374,0.002747586999930718
411,0,16,0.31055897500004903,0.002404432000048473,794.955618763,795.263773306,794.955723197,794.963149943,795.261270453,795.261279521,0.30815454300000056,0.0074267459999646235,0.29812050999998974,0.0024937849999560058
412,0,16,0.3198320159999639,0.002485635999960323,795.367574954,795.684921334,795.367676841,795.37552326,795.682288167,795.682297031,0.3173463800000036,0.007846418999974958,0.3067649070000016,0.0026243030000614453
413,0,16,0.33814579399995637,0.0023402429999350716,795.788798786,796.124604337,795.788894967,795.796859778,796.122001838,796.122010294,0.3358055510000213,0.007964810999965266,0.32514205999996193,0.0025940430000446213
414,4,16,0.44164758800002346,0.002585687999953734,796.228789895,796.667851795,796.228897284,796.236411653,796.664565735,796.664574192,0.4390619000000697,0.007514368999977705,0.42815408199999183,0.003277603000015006
415,0,16,0.3113040750000664,0.002440193999973417,796.771932714,797.080796595,796.772035416,796.779648514,797.078214779,797.078223643,0.308863881000093,0.007613097999978891,0.29856626499997674,0.002572952000036821
416,0,16,0.3114276640000071,0.002462414999968132,797.184614163,797.493579412,797.184719887,797.192737196,797.490958921,797.490967782,0.30896524900003897,0.008017309000024397,0.29822172499996213,0.0026116300000467163
417,0,16,0.32057076099999904,0.002492562000043108,797.597565689,797.915643888,797.597671515,797.60543969,797.912701233,797.912709993,0.31807819899995593,0.007768175000023803,0.30726154299998143,0.0029338949999555552
418,10,16,0.423704014000009,0.0024975540000014007,798.018521895,798.439728355,798.018624971,798.026458434,798.436508862,798.436517214,0.4212064600000076,0.00783346299999721,0.4100504279999768,0.003211141000065254
419,4,16,0.3551225799999429,0.0024313489999485682,798.543191002,798.895882233,798.543295096,798.551079161,798.893062618,798.893071378,0.35269123099999433,0.007784065000009832,0.34198345700008304,0.0028108550000069954
420,0,16,0.3118325319999258,0.0025018310000177735,798.999440215,799.308770916,798.999546041,799.007378181,799.306256251,799.30626501,0.309330700999908,0.007832140000004983,0.29887807000000066,0.0025059060000103273
421,0,16,0.31184057899997697,0.0025178230000619806,799.412143524,799.72146628,799.412249961,799.419789271,799.718797205,799.718805964,0.309322755999915,0.007539309999970101,0.29900793399997383,0.0026603159999467607
422,6,16,0.4507964779999156,0.0024558959999012586,799.824915584,800.273256166,799.825014179,799.833285205,800.269921783,800.26993095,0.44834058200001436,0.008271025999988524,0.43663657799993416,0.003325216000007458
423,0,16,0.3183899719999772,0.0024458109999159205,800.376662488,800.692606649,800.376770759,800.384809661,800.690059289,800.690068048,0.3159441610000613,0.008038901999952941,0.3052496280000696,0.002538601000082963
424,0,16,0.3193239710000171,0.0024630249999972875,800.795885959,801.112746905,800.795990869,800.803858147,801.110101765,801.110110524,0.3168609460000198,0.007867278000048827,0.3062436179999395,0.002636381000002075
425,0,16,0.33390432199996667,0.0024255419999690275,801.216049743,801.547528523,801.21615231,801.223992394,801.544764316,801.544773076,0.33147877999999764,0.007840084000008574,0.32077192200006266,0.002755447000026834
426,0,16,0.32107055699998455,0.002494090000027427,801.650849288,801.969425755,801.650959494,801.658822902,801.966377988,801.966386747,0.3185764669999571,0.007863408000048366,0.3075550859999794,0.0030390079999733643
427,0,16,0.3182094879999795,0.00245019199996932,802.072834929,802.388594225,802.072939227,802.080956027,802.385905797,802.385914557,0.3157592960000102,0.008016799999950308,0.30494977000000745,0.0026796680000416018
428,0,16,0.32173291199990217,0.0024382749999176667,802.492027742,802.811322379,802.492131327,802.50035652,802.808734786,802.808743648,0.3192946369999845,0.008225192999930186,0.308378265999977,0.0025787309999714125
429,0,16,0.3234233769999264,0.0025478699999439414,802.914625727,803.235501234,802.914732164,802.92264324,803.232630591,803.232640165,0.32087550699998246,0.007911075999913919,0.30998735100001795,0.0028610690000050454
430,3,16,0.37817532400003984,0.002525971000068239,803.338960215,803.714609568,803.339069198,803.347232566,803.711709183,803.711718248,0.3756493529999716,0.008163368000055016,0.36447661700003664,0.002891320000003361
431,0,16,0.3237988089999817,0.0024906270000428776,803.817977796,804.139285978,803.818083113,803.826115802,804.136450067,804.136458826,0.3213081819999388,0.0080326890000606,0.31033426500005135,0.0028271520000089367
432,0,16,0.35732068400000117,0.0025352400000429043,804.242087392,804.596872836,804.242193014,804.250632608,804.594136537,804.5941455,0.35478544399995826,0.008439594000037687,0.3435039290000077,0.0027273360000208413
433,0,16,0.3319607509999969,0.002613565000046947,804.700073414,805.0294206,804.700186471,804.708262143,805.026705385,805.026714246,0.32934718599994994,0.008075671999904444,0.3184432420000576,0.002706353999997191
434,0,16,0.3232095680000384,0.002554951000092842,805.132748189,805.453402806,805.132855135,805.141443742,805.450712278,805.45072134,0.3206546169999456,0.008588606999978765,0.3092685359999905,0.0026814660000127333
435,0,16,0.3236382809999441,0.002561116999913793,805.556827818,805.877904982,805.556934014,805.564974442,805.874719417,805.874728886,0.3210771640000303,0.00804042799995841,0.3097449750000578,0.0031760960000610794
436,0,16,0.3321816879999915,0.0024915770000006887,805.981292118,806.310982229,805.981399638,805.989599613,806.308251382,806.308259833,0.3296901109999908,0.008199975000025006,0.3186517689999846,0.002722396000081062
437,0,16,0.32336429100007535,0.0024468790001037632,806.414261541,806.735178953,806.414368042,806.422563843,806.732429982,806.73243884,0.3209174119999716,0.008195801000056235,0.30986613899995064,0.0027401129999589102
438,4,16,0.39365615199994863,0.0025422819999221247,806.838545726,807.229659596,806.838654162,806.846731956,807.226370789,807.22637985,0.3911138700000265,0.008077793999973437,0.3796388330000582,0.0032797460000892897
439,0,16,2.1603940219999913,0.0025162160000036238,807.333004988,809.490882794,807.333108841,807.341133793,809.487836618,809.487845374,2.1578778059999877,0.008024952000027952,2.1467028249999203,0.0030374199999414486
440,1,16,0.35158810600000834,0.0024651039999525892,809.594179924,809.943302926,809.594290498,809.602443535,809.940547032,809.940555991,0.34912300200005575,0.008153037000056429,0.33810349700002007,0.002746935000004669
441,3,16,0.39611545299999307,0.002500027999985832,810.04666471,810.440280135,810.046769888,810.054952351,810.437308693,810.437317551,0.39361542500000724,0.008182463000025564,0.38235634199998003,0.0029625839999880554
442,0,16,0.31768511300003865,0.0025791390000904357,810.543342677,810.858448651,810.543449586,810.551500602,810.855945263,810.85595402,0.3151059739999482,0.00805101600008129,0.30444466099993406,0.002494630999990477
443,0,16,0.33087587800002893,0.0026021510000191483,810.9618981,811.290171827,810.962009284,810.970524589,811.286868154,811.286877318,0.3282737270000098,0.008515304999946238,0.31634356500001104,0.003294508999942991
444,4,16,0.3723579630000131,0.0025483899999017012,811.393685726,811.763495299,811.393792431,811.402301932,811.760618751,811.760628423,0.3698095730001114,0.008509501000048658,0.35831681900003787,0.002866876000098273
445,0,16,0.3422592800000075,0.002510311000037291,811.86691125,812.206660219,811.867017649,811.875463311,812.203351048,812.203360415,0.3397489689999702,0.008445661999985532,0.3278877369999691,0.0032998039999938555
446,6,16,0.4255651510000007,0.0027110949999951117,812.309815924,812.73266998,812.309921815,812.318320843,812.728918107,812.728927678,0.4228540560000056,0.008399027999985265,0.4105972639999891,0.003742301999977826
447,0,16,0.4990283230000614,0.0037049360000764864,812.837433282,813.332756669,812.837594561,812.852837967,813.330054738,813.330063901,0.4953233869999849,0.01524340600008145,0.47721677099991666,0.0026927679999744214
448,0,16,0.43385431800004426,0.0025907760000336566,813.436136373,813.867399915,813.436243892,813.444574907,813.864485361,813.864494421,0.4312635420000106,0.008331014999953368,0.41991045400004623,0.0029054939999468843
449,0,16,0.331359124999949,0.002600600999926428,813.970941199,814.299699723,813.971047479,813.979494697,814.297170892,814.297179647,0.3287585240000226,0.008447217999901113,0.3176761950001037,0.002520075999996152
450,0,16,0.340859878999936,0.002507147999949666,814.402640077,814.740992808,814.402745136,814.410683147,814.73834426,814.738352913,0.3383527309999863,0.007938010999964717,0.32766111299997647,0.002639895000015713
451,0,16,0.33532446599997456,0.0024662239999315716,814.844636605,815.177494847,814.844742071,814.852677944,815.174913996,815.174923565,0.332858242000043,0.007935872999951243,0.32223605199999383,0.0025712820000762804
452,0,16,0.3175644179999608,0.0025270999999520427,815.281002638,815.596039956,815.281109529,815.289148017,815.59345371,815.593463381,0.3150373180000088,0.008038488000011057,0.3043056929999466,0.002576575000034609
453,0,16,0.3338301339999816,0.002498392999996213,815.69977629,816.031108031,815.699881246,815.710197424,816.028174542,816.028183195,0.3313317409999854,0.010316177999925458,0.31797711800004436,0.0029248360000337925
454,5,16,0.424677685000006,0.002530969000076766,816.134981795,816.557128511,816.135087668,816.143207393,816.553797185,816.553805838,0.42214671599992926,0.008119725000028666,0.4105897919999961,0.0033226729999569216
455,0,16,0.3260512370000015,0.0025783059999184843,816.661020294,816.984493225,816.66112576,816.670017542,816.981696658,816.981705413,0.323472931000083,0.008891781999977866,0.31167911600005027,0.0027878120000650597
456,0,16,0.3418159910000895,0.0025657850001152838,817.087903491,817.427153697,817.088012316,817.096646949,817.424159942,817.424168697,0.33925020599997424,0.008634633000042413,0.3275129929999139,0.0029849999999669308
457,0,16,0.35739282099996217,0.0025916419999703066,817.530345804,817.885146983,817.530455647,817.539102496,817.882132155,817.882141113,0.35480117899999186,0.008646849000001566,0.34302965899996707,0.0030058700000381577
458,0,16,0.38105730800009496,0.002561306000075092,817.988521517,818.367017519,817.988631869,817.99752874,818.363639569,818.363651683,0.37849600200001987,0.008896871000047213,0.36611082900003566,0.003365836000057243
459,1,16,0.37180342199997085,0.002591845999972975,818.470362022,818.839573598,818.470469422,818.479022818,818.836694674,818.836703836,0.3692115759999979,0.008553396000024804,0.3576718560000245,0.002869762000045739
460,0,16,0.32228145599992786,0.0024879079999209353,818.942994655,819.262788203,818.943100426,818.951908731,819.259805443,819.259814299,0.3197935480000069,0.008808305000002292,0.30789671200000157,0.00297390399998676
461,2,16,0.34147078500006955,0.002445660000148564,819.36564335,819.704668475,819.365750342,819.374257318,819.701724399,819.701733255,0.339025124999921,0.008506976000035138,0.3274670810000089,0.0029352199999266304
462,0,16,0.3208078899999691,0.0027152279999427265,819.808281426,820.126374088,819.808431785,819.817242737,820.123698562,820.123707928,0.3180926620000264,0.008810951999976169,0.3064558249999436,0.002666159999989759
463,3,16,0.3731227590000117,0.0025380949999771474,820.229770509,820.600355173,820.229877705,820.238362793,820.597443469,820.597451817,0.37058466400003454,0.00848508799992942,0.359080676000076,0.002903356000047097
464,0,16,0.3234809729999597,0.0028072559999827718,820.704055978,821.024729695,820.704163479,820.713345597,821.022042971,821.022051828,0.32067371699997693,0.009182118000012451,0.3086973739999621,0.0026778669999885096
465,0,16,0.3286783050000395,0.002698024000096666,821.128127338,821.454107619,821.128235552,821.137411459,821.451277865,821.451286722,0.3259802809999428,0.009175906999985273,0.3138664059999883,0.0028208969999923283
466,2,16,0.3435378070000752,0.0025271839999732038,821.557417917,821.89842854,821.557527455,821.566313873,821.89520896,821.895217927,0.341010623000102,0.008786417999999685,0.32889508699997805,0.0032106130000784106
467,1,16,0.3723821710000266,0.0025106730000743482,822.001647886,822.371519384,822.001755083,822.010311283,822.368437672,822.368446639,0.3698714979999522,0.008556199999929959,0.3581263890000628,0.003072744999940369
468,6,16,0.3964760320000096,0.002534720999960882,822.474905843,822.868847154,822.475010289,822.484356812,822.865026374,822.865035545,0.3939413110000487,0.009346522999976514,0.38066956199998003,0.003811609000081262
469,0,16,0.3213666670000066,0.0024605400000154987,822.972168297,823.291074424,822.972275494,822.980782374,823.288084116,823.288092777,0.3189061269999911,0.008506880000027195,0.30730174200004967,0.0029816470000696427
470,0,16,0.3189241640000091,0.0024749069999643325,823.394499605,823.710948862,823.394606598,823.403105836,823.708310918,823.708319477,0.3164492570000448,0.008499238000013065,0.30520508200004315,0.0026293849999774466
471,0,16,0.3181678739999825,0.0025566289999687797,823.814311069,824.129922314,823.81441684,823.823000756,824.127338478,824.127346936,0.3156112450000137,0.008583916000020508,0.30433772199990017,0.0025753780000741244
472,0,16,0.31783425900005113,0.002497325000035744,824.233287579,824.548624513,824.233394368,824.241938442,824.545856343,824.545864903,0.3153369340000154,0.008544074000042201,0.30391790099997706,0.002759609999998247
473,0,16,0.31469762400001855,0.002472257000022182,824.651953502,824.964178869,824.652060291,824.660491971,824.961485594,824.961494969,0.31222536699999637,0.008431680000057895,0.3009936229999539,0.0026838999999654334
474,0,16,0.32328714400000536,0.00249864800002797,825.067686791,825.388475287,825.067794803,825.076920309,825.385559772,825.385568433,0.3207884959999774,0.009125506000032146,0.30863946299996314,0.0029068540000025678
475,0,16,0.3279504199999792,0.0025876060000200596,825.491874789,825.817237603,825.491982598,825.500805873,825.814462605,825.814471267,0.32536281399995914,0.008823274999940622,0.31365673200002675,0.0027663359999223758
476,0,16,0.31863059399995564,0.002530033999960324,825.920684692,826.236785252,825.9207925,825.929434804,826.233566284,826.233575149,0.3161005599999953,0.008642304000090917,0.30413147999990997,0.0032101030000148967
477,4,16,0.3522916910000049,0.0025884220000307323,826.339746898,826.689450167,826.339853585,826.34848896,826.686688213,826.686696874,0.34970326899997417,0.008635375000039858,0.33819925299997067,0.0027532930000688793
478,7,16,0.4269231530000752,0.002566208000075676,826.792806057,827.217163002,826.79291142,826.801361135,827.21396207,827.213970731,0.42435694499999954,0.008449714999983371,0.4126009350000004,0.0031922709999889776
479,4,16,0.3664219329999696,0.0024528960000225197,827.320499633,827.68446867,827.320604181,827.329383945,827.681636304,827.681644965,0.3639690369999471,0.008779763999996248,0.3522523589999764,0.002823704999968868
480,0,16,0.3156239820000337,0.0024639010000555572,827.787670387,828.100830468,827.787777992,827.796274989,828.097867264,828.097875824,0.31316008099997816,0.008496997000065676,0.3015922749999618,0.0029546440000558505
481,0,16,0.3255233040000576,0.002569469000036406,828.203649863,828.526603698,828.203757264,828.212580029,828.523882095,828.523891164,0.32295383500002117,0.008822764999990795,0.31130206599993926,0.0027125340000111464
482,0,16,0.3228611079999837,0.0025970829999550915,828.62952866,828.949792685,828.629635449,828.638162404,828.947144041,828.947152703,0.3202640250000286,0.008526954999979353,0.30898163699998804,0.0026399820000051477
483,0,16,0.3245818650000274,0.002555304999987129,829.053232743,829.375259303,829.053338819,829.062856123,829.372579377,829.372588446,0.32202656000004026,0.009517303999928117,0.309723254000005,0.00267085699999825
484,0,16,0.3146951789999548,0.0024807150000469846,829.478597666,829.79081213,829.478703641,829.487689851,829.787885712,829.787894271,0.3122144639999078,0.008986209999989114,0.30019586100002016,0.0029178589999219184
485,0,16,0.31505634600000576,0.0025058090000129596,829.893808002,830.206358539,829.893911592,829.902786077,830.203498059,830.203507125,0.3125505369999928,0.00887448499997845,0.30071198200005256,0.0028514140000197585
486,0,16,0.31392592700001387,0.0024504000000433734,830.309782971,830.621258498,830.309891043,830.318538995,830.618701759,830.618710722,0.3114755269999705,0.008647952000046644,0.3001627639999924,0.0025477760000285343
487,0,16,0.3162264919999416,0.0025020409999569893,830.724617944,831.038342395,830.724723571,830.733297066,831.035748885,831.035757747,0.3137244509999846,0.008573494999950526,0.30245181899999807,0.0025846479999245275
488,0,16,0.35914122700000917,0.0024595659999704367,831.141625245,831.498306906,831.141728529,831.150501971,831.495426462,831.495435425,0.35668166100003873,0.008773442000006071,0.3449244909999152,0.0028714810000565194
489,3,16,0.349384650999923,0.0025630539998928725,831.601740505,831.948562102,831.60184878,831.61102996,831.94564774,831.945656601,0.3468215970000301,0.009181180000041422,0.3346177800000305,0.0029055009999865433
490,0,16,0.3722160340000755,0.0024469360001830864,832.051852387,832.421621485,832.051956996,832.060613403,832.418636942,832.418645702,0.36976909799989244,0.008656407000103172,0.35802353899998707,0.002975782999897092
491,1,16,0.343506423000008,0.0025399319999905856,832.524725573,832.865692064,832.524838839,832.534208253,832.862915821,832.862924682,0.3409664910000174,0.009369413999934295,0.3287075680000271,0.0027673820000018168
492,1,16,0.33779503800008115,0.0024739280000858344,832.969035213,833.304356323,832.969143692,832.978146213,833.301540762,833.301549929,0.3353211099999953,0.009002520999956687,0.32339454899999964,0.00280639400000382
493,0,16,0.32486904599988975,0.0026828389999309366,833.407898401,833.730084608,833.408052614,833.417774762,833.727464921,833.727473884,0.3221862069999588,0.009722148000037123,0.3096901589999561,0.002610723999964648
494,0,16,0.32392910099997607,0.00249857799997244,833.833503743,834.154934266,833.833605805,833.842463178,834.152171468,834.152180329,0.32143052300000363,0.00885737299995526,0.3097082900000032,0.0027539370000795316
495,0,16,0.32425861100000475,0.002584851000051458,834.257843703,834.579517463,834.257948923,834.26696825,834.576614814,834.576623879,0.3216737599999533,0.009019327000032717,0.3096465639999906,0.002893584000048577
496,0,16,0.3314018150000493,0.002640568000060739,834.683234838,835.011996085,834.683344234,834.692466845,835.00927729,835.009285744,0.32876124699998854,0.009122611000066172,0.31681044499998734,0.002710341000010885
497,3,16,0.35947562800004107,0.002501635000044189,835.115926956,835.472900949,835.116034314,835.124804089,835.469945843,835.469954603,0.3569739929999969,0.008769775000018853,0.3451417539999966,0.0029463459999305996
498,6,16,0.3952639660000159,0.002576499999918269,835.576676792,835.969364258,835.576782622,835.586897637,835.966333879,835.966342435,0.39268746600009763,0.010115014999996674,0.37943624199999704,0.003021823000040058
499,0,16,0.35860779699999057,0.0025105979999580086,836.072687749,836.428784948,836.072793376,836.081647795,836.425904708,836.425913875,0.35609719900003256,0.008854418999931113,0.34425691299998107,0.002871073000051183
500,0,16,0.3505820950000498,0.002480550000086623,836.531824561,836.879926106,836.531928558,836.540805182,836.877075201,836.877083961,0.34810154499996315,0.008876623999981348,0.3362700190000396,0.0028421449999314063
501,0,16,0.35640287599994736,0.002475150999998732,836.983398004,837.337325729,836.983503122,836.993086335,837.334323157,837.334332121,0.3539277249999486,0.009583213000041724,0.341236821999928,0.002993607999997039
502,0,16,0.3233462689998987,0.002482789999930901,837.441181326,837.762044805,837.441285629,837.45068285,837.759216206,837.75922517,0.3208634789999678,0.009397220999971978,0.3085333559999981,0.002819634999923437
503,1,16,0.34033053799998925,0.002524710999978197,837.865947358,838.203753185,837.866057569,837.875997693,838.200897642,838.200906396,0.33780582700001105,0.009940124000081596,0.3248999489999278,0.0028467889999319596
504,2,16,0.38427474999991773,0.002461277999941558,838.307255463,838.689068935,838.307360213,838.316394709,838.686025065,838.686033921,0.3818134719999762,0.009034495999912906,0.36963035600001604,0.003035014000033698
505,0,16,0.32477355599996827,0.00252245900003345,838.793060659,839.115311756,838.793168565,838.802198581,839.11259252,839.112601377,0.3222510969999348,0.009030015999996976,0.3103939390000505,0.0027103789999500805
506,0,16,0.3228419340000528,0.002508208000108425,839.218174842,839.538508568,839.218279593,839.227924368,839.535755638,839.535764494,0.32033372599994436,0.00964477499996974,0.3078312699999515,0.0027440740000201913
507,4,16,0.36684199899991654,0.0025784479998947063,839.641386721,840.005650272,839.641492897,839.650879919,840.002836364,840.002845119,0.36426355100002183,0.00938702199994168,0.35195644500004164,0.002805153000053906
508,0,16,0.31970817599994916,0.002474513000038314,840.109571755,840.426805418,840.109677931,840.119033498,840.424168029,840.424176885,0.31723366299991085,0.009355567000056908,0.3051345310000215,0.0026285330000064278
509,0,16,0.33108566000009887,0.002553304000116441,840.529949061,840.858481417,840.530087201,840.539149691,840.855815116,840.855823871,0.32853235599998243,0.009062490000019352,0.3166654249999965,0.0026575460000231033
510,1,16,0.33576838099997985,0.0025009800000361793,840.962528621,841.295796022,840.962633269,840.971654429,841.293021306,841.293030061,0.3332674009999437,0.00902115999997477,0.3213668770000595,0.0027659610000227985
511,0,16,0.3160479169999917,0.0026426829999763868,841.398649437,841.712054671,841.398756122,841.408251356,841.709272117,841.709284638,0.3134052340000153,0.009495234000041819,0.30102076099990427,0.0027700330000470785
512,0,16,0.31761550799990346,0.002453542000012021,841.815639202,842.130801168,841.815746395,841.825231857,842.128002327,842.128011387,0.31516196599989144,0.009485461999929612,0.3027704700000413,0.0027897809999331002
513,0,16,0.3229746790000263,0.0024621950000209836,842.234089568,842.554602052,842.234196558,842.243821687,842.55199225,842.552000801,0.3205124840000053,0.00962512900002821,0.308170562999976,0.0026012509999873146
514,0,16,0.3234933410000167,0.002465860000029352,842.658468361,842.979495842,842.658573111,842.667635092,842.976796254,842.976809691,0.32102748099998735,0.009061980999945263,0.3091611620000094,0.0026861510000344424
515,0,16,0.3202327430000196,0.002508819000013318,843.082966155,843.400690079,843.083073858,843.092320093,843.39808272,843.398091576,0.31772392400000626,0.009246234999977787,0.30576262700003554,0.002598503000058372
516,0,16,0.3321766320000279,0.0025371179999638116,843.503673695,843.833313209,843.503777936,843.513476767,843.83059153,843.830600692,0.3296395140000641,0.00969883100003699,0.31711476299994956,0.0027125170000772414
517,4,16,0.39695464199996877,0.0025742740000396225,843.937261668,844.331642036,843.937367946,843.947169389,844.328506242,844.3285152,0.39438036799992915,0.009801443000014842,0.3813368529999934,0.003126835999978539
518,1,16,0.3352821920000224,0.0025503520000711433,844.43559528,844.76832712,844.435704,844.446242463,844.76552105,844.765530518,0.33273183999995126,0.010538462999988951,0.31927858699998524,0.0027966019999894343
519,0,16,0.3219829600000139,0.0024478409999346695,844.872277921,845.19181304,844.872384402,844.88160305,845.189213926,845.189223088,0.31953511900007925,0.00921864800000094,0.30761087600001247,0.002589952000107587
520,0,16,0.327380101000017,0.002424427000050855,845.295172596,845.62012827,845.295279281,845.304519816,845.617466958,845.617475916,0.32495567399996617,0.009240535000003547,0.3129471419999845,0.002652354000019841
521,0,16,0.35616651599991656,0.0024331819998906212,845.723884127,846.077617461,845.723984704,845.734485094,846.074848548,846.074857608,0.35373333400002593,0.010500389999947402,0.34036345399999846,0.002759853000043222
522,0,16,0.36150427199993374,0.002688479999960691,846.181763918,846.54057971,846.181868567,846.19179736,846.537679107,846.537688065,0.35881579199997304,0.009928792999971847,0.3458817470000213,0.002891644999976961
523,0,16,0.32731064799997966,0.002736404999950537,846.644606542,846.969180785,846.644714447,846.653998534,846.966468609,846.96647777,0.32457424300002913,0.009284087000082764,0.3124700749999647,0.002703015000065534
524,0,16,0.3222827929999994,0.0024930080001013266,847.073063473,847.392853258,847.073169444,847.082561945,847.390010069,847.390019434,0.3197897849998981,0.009392500999979347,0.30744812400007504,0.002833823999935703
525,4,16,0.38086837399998785,0.0027334520000295015,847.496985858,847.87512078,847.497104859,847.5068282,847.872179458,847.87218862,0.37813492199995835,0.009723340999926222,0.36535125800003243,0.0029321600000002945
526,0,16,0.33626145200003066,0.0025089910000133386,847.97906475,848.312817211,847.979171535,847.988505197,848.310066962,848.310075717,0.3337524610000173,0.009333662000017284,0.3215617649999558,0.002741494000019884
527,0,16,0.3253305940000928,0.002563247000125557,848.416410592,848.739177939,848.416516461,848.426248862,848.736514116,848.736523074,0.32276734699996723,0.009732400999951096,0.3102652540000008,0.002654864999954043
528,5,16,0.4007434180000473,0.0024985050000623232,848.8428325,849.241077413,848.842936231,848.852819495,849.237866431,849.237875389,0.398244912999985,0.009883263999995506,0.3850469360000943,0.0032020239999610567
529,0,16,0.3203183150000086,0.002500845999975354,849.344546296,849.662363765,849.34465298,849.353956205,849.65972132,849.659730889,0.31781746900003327,0.009303225000053317,0.3057651149999856,0.002632876000006945
530,3,16,0.36476887799994984,0.0025022709999120707,849.76567354,850.127940147,849.765779511,849.775462031,850.125118131,850.125126886,0.36226660700003777,0.00968251999995573,0.3496561000000611,0.002813261000028433
531,0,16,0.3296014860000014,0.0024719360000062807,850.231443234,850.558572784,850.231550935,850.240980287,850.55594062,850.555949476,0.3271295499999951,0.009429351999983737,0.31496033300004456,0.002623308000011093
532,9,16,0.4656912079999529,0.0026036609999664506,850.662593,851.125680547,850.66269836,850.6718948,851.122359218,851.122368379,0.46308754699998644,0.009196439999982431,0.4504644180000241,0.003312167999979465
533,0,16,0.3486867889999985,0.0025199839999459073,851.229728757,851.575895562,851.229835644,851.239278229,851.573084134,851.573092685,0.3461668050000526,0.009442584999987957,0.33380590500007656,0.0028028770000219083
534,0,16,0.3198998279999614,0.0024963669999351623,851.679837598,851.997241059,851.679941838,851.689633215,851.99448399,851.994492744,0.31740346100002625,0.00969137699996736,0.30485077500009083,0.002748314999962531
535,0,16,0.32095342700006313,0.002480182000113018,852.100558875,852.41903212,852.100665049,852.110266947,852.416407082,852.416415633,0.3184732449999501,0.009601898000028086,0.3061401349999642,0.002616486999954759
536,2,16,0.36454136200006815,0.0025140800000826857,852.522670292,852.884697574,852.522779316,852.532070937,852.881435999,852.881444856,0.36202728199998546,0.009291620999988481,0.3493650620000608,0.003252717999998822
537,2,16,0.3477289820000351,0.0024321329999565933,852.988175924,853.333472773,852.988281488,852.99763327,853.330536032,853.330544685,0.3452968490000785,0.009351782000067033,0.33290276200000335,0.0029280880000897014
538,0,16,0.31974825299994336,0.0025616199999376477,853.437465402,853.754652035,853.437570252,853.447697219,853.75188957,853.751898427,0.3171866330000057,0.010126967000019249,0.3041923509999833,0.0027536080000345464
539,0,16,0.3218293890000723,0.0025496060001160004,853.858444123,854.177723906,853.85854816,853.868685,854.17485771,854.174866567,0.3192797829999563,0.010136839999972835,0.3061727099999416,0.002857339000001957
540,0,16,0.3218708739999556,0.002472702999966714,854.281549486,854.600947657,854.281652708,854.292733308,854.598262379,854.598271652,0.3193981709999889,0.011080600000013874,0.3055290709999099,0.0026760050000120827
541,1,16,0.3650732569999491,0.00274326199985353,854.704706014,855.067036009,854.704812809,854.71470302,855.0640547,855.064063463,0.36232999500009555,0.009890210999969895,0.3493516800000407,0.0029725460000236126
542,0,16,0.320865681999976,0.0027014799999278694,855.171284015,855.489448217,855.171389894,855.181096678,855.486744495,855.486753564,0.31816420200004814,0.009706784000059088,0.30564781700002186,0.0026946530000486746
543,0,16,0.3217258560000573,0.002575119000084669,855.593471015,855.912621752,855.593607873,855.603924757,855.909850874,855.90985974,0.31915073699997265,0.010316883999962556,0.3059261170000127,0.0027620119999482995
544,0,16,0.3494711110000708,0.0026268860001437133,856.016733206,856.363577431,856.016886572,856.026849645,856.360673161,856.360682128,0.34684422499992706,0.009963072999994438,0.3338235160000522,0.0028953029999456703
545,0,16,0.3305480090000401,0.0026289250000672837,856.46710956,856.795028644,856.467216763,856.477206229,856.792297305,856.792306069,0.3279190839999728,0.009989465999979075,0.31509107600004427,0.0027225750000070548
546,6,16,0.41713856399996985,0.0024775980000413256,856.899019444,857.31368041,856.899137755,856.90941031,857.310564689,857.310573555,0.4146609659999285,0.01027255500002866,0.4011543789999905,0.0031068549999417883
547,0,16,0.3229566549999845,0.002479838999988715,857.417623111,857.738099927,857.417730722,857.429721587,857.735250074,857.735259144,0.3204768159999958,0.011990865000029771,0.30552848699994684,0.0028407830000105605
548,0,16,0.3207664269999668,0.0026199569999789674,857.842285874,858.160432344,857.842478982,857.85235992,858.157731169,858.157740137,0.31814646999998786,0.009880938000037531,0.305371249000018,0.0026922069999955056
549,0,16,0.33039158600001883,0.0024827940000022863,858.263273767,858.591182559,858.263379849,858.273861614,858.588391097,858.588399962,0.32790879200001655,0.010481765000008636,0.31452948300000116,0.002782596999963971
550,0,16,0.3219163149999531,0.002479023999967467,858.694314714,859.013752005,858.694417841,858.704958608,859.01095504,859.010963702,0.31943729099998563,0.010540766999952211,0.305996432000029,0.0027883029999884457
551,0,16,0.32182704599995304,0.002571042999989004,859.117859995,859.437115998,859.117964141,859.128105342,859.434380074,859.434389041,0.31925600299996404,0.01014120100001037,0.30627473200001987,0.002726956999936192
552,3,16,0.3914489200000162,0.0025436310000941376,859.541005709,859.929910998,859.541110059,859.551309244,859.92688913,859.926897996,0.38890528899992205,0.01019918500003314,0.3755798859999686,0.0030130019999887736
553,0,16,0.3198730330000217,0.0025233510000362003,860.033881417,860.351231099,860.033985359,860.04356517,860.348560291,860.348569259,0.3173496819999855,0.00957981099998051,0.3049951210000472,0.002661839999973381
554,5,16,0.4117711659999941,0.0025545340000689976,860.455184805,860.864401437,860.455293639,860.465056266,860.861273488,860.861282251,0.4092166319999251,0.009762626999986423,0.3962172220000184,0.0031191859999353255
555,5,16,0.48356594300003053,0.00266938000004302,860.968473353,861.449369916,860.968583104,860.978486665,861.445278869,861.445288142,0.4808965629999875,0.009903560999987349,0.4667922040000576,0.00408177400004206
556,5,16,0.4121147880000535,0.0025722670001187,861.553467919,861.96301044,861.553573899,861.563683816,861.959938844,861.959947811,0.4095425209999348,0.010109917000022506,0.3962550280000414,0.0030626289999418077
557,2,16,0.37778733600009673,0.002497469000104502,862.067031302,862.442321169,862.067138403,862.077685999,862.439398047,862.439407219,0.3752898669999922,0.010547596000037629,0.3617120480000722,0.0029139499999928375
558,0,16,0.32092325399992205,0.0025051839999150616,862.546309626,862.864727696,862.546417848,862.556597161,862.862153007,862.862161563,0.318418070000007,0.010179312999980539,0.30555584599994745,0.002566133000073023
559,0,16,0.3199493500000017,0.0024512420000064594,862.968688068,863.286186176,862.96879196,862.978622386,863.283552717,863.283561375,0.3174981079999952,0.00983042600000772,0.30493033100003686,0.0026248010000244903
560,0,16,0.3158352250000007,0.0024626480000051743,863.389951088,863.703323665,863.390108658,863.399784265,863.700643862,863.700652825,0.31337257699999554,0.009675606999962838,0.30085959699999876,0.0026708399999506582
561,0,16,0.3146185680000144,0.0024892330000056972,863.80690972,864.119039055,863.807015343,863.816464629,864.116359456,864.116368623,0.3121293350000087,0.009449286000062784,0.2998948270000028,0.0026704320000590087
562,0,16,0.3373613479999449,0.0024236379998683333,864.223025909,864.557963619,864.223134588,864.232659654,864.554979167,864.554988029,0.33493771000007655,0.009525066000037441,0.3223195130000249,0.002975590000005468
563,0,16,0.31631923999998435,0.0024676389999740422,864.661559451,864.975411052,864.66166589,864.672179763,864.972663006,864.972672275,0.3138516010000103,0.010513873000036256,0.3004832429999169,0.0027387769999904776
564,0,16,0.34935934899999666,0.002483833999917806,865.079407989,865.426283504,865.079512187,865.089237601,865.423473021,865.423482188,0.34687551500007885,0.009725414000058663,0.3342354199999136,0.0028013160000455173
565,0,16,0.3494788250000056,0.0027058790000182853,865.530332897,865.877105843,865.530443206,865.540969098,865.874252072,865.874261545,0.3467729459999873,0.0105258920000324,0.3332829739999852,0.002844298000013623
566,0,16,0.3258309629999303,0.0025844680000091103,865.981377993,866.304624488,865.981487691,865.991785122,866.30177805,866.301787217,0.3232464949999212,0.010297431000026336,0.3099929280000424,0.0028372709999757717
567,0,16,0.32715986300001987,0.002505733000020882,866.408252304,866.732906434,866.408360881,866.418494428,866.730244252,866.730253317,0.324654129999999,0.010133547000009457,0.3117498240000032,0.0026531170000225757
568,0,16,0.3309461169999395,0.0024776220000148896,866.836789498,867.165257993,866.836897464,866.847583472,867.162401981,867.162410639,0.3284684949999246,0.010686007999993308,0.31481850900001973,0.0028473539999822606
569,3,16,0.35772377700004654,0.002593022000041856,867.269341915,867.62447267,867.269452631,867.280816382,867.621567971,867.621576934,0.3551307550000047,0.011363750999976219,0.3407515889999786,0.002895736000027682
570,3,16,0.39643007600000146,0.0025045109999837223,867.728397494,868.122323059,867.72850108,867.739242192,868.118585696,868.118594863,0.39392556500001774,0.01074111200000516,0.3793435039999622,0.003728195999997297
571,3,16,0.3799196980000943,0.0024677410000322197,868.22567994,868.603131897,868.225788416,868.23591025,868.599951273,868.59996044,0.37745195700006207,0.010121833999960472,0.36404102300002705,0.003171457000007649
572,0,16,0.31917382599999655,0.0024962610000329732,868.706584624,869.023262189,868.706690451,868.716721634,869.020519542,869.020528199,0.3166775649999636,0.010031183000023702,0.30379790799997863,0.002733990000024278
573,2,16,0.3375707610000518,0.0025551330001007955,869.126847633,869.461863261,869.126954988,869.137163907,869.458902033,869.458910894,0.335015627999951,0.010208918999978778,0.32173812600001384,0.0029523669999207414
574,0,16,0.3172037479999972,0.0024627500000633518,869.565787576,869.880528574,869.565892589,869.57598906,869.877618986,869.877627847,0.3147409979999338,0.01009647099999711,0.30162992600003236,0.00290072699999655
575,0,16,0.3413542650000636,0.0027166750001015316,869.984652932,870.323290522,869.984805714,869.995167416,870.320381953,870.320390814,0.3386375899999621,0.010361701999954676,0.32521453700007896,0.002899707999972634
576,0,16,0.32861384199998156,0.0026922289999902205,870.427504309,870.753425922,870.427654646,870.43824542,870.750670746,870.750679607,0.32592161299999134,0.010590774000093006,0.312425325999925,0.0027463149999675807
577,0,16,0.33588230099996963,0.002435748999914722,870.857241456,871.190688008,870.857345066,870.867594818,871.18787283,871.187881583,0.3334465520000549,0.010249752000049739,0.32027801199990336,0.002806425000017043
578,0,16,0.31905250299996624,0.002533660000040072,871.29457948,871.611098323,871.294688077,871.304716055,871.608389401,871.608398256,0.31651884299992616,0.010027977999925497,0.3036733459999823,0.0027000669999779348
579,1,16,0.33962131800001316,0.0026033780000034312,871.715155387,872.052173327,871.715279149,871.726442155,872.04931469,872.049323748,0.33701794000000973,0.011163005999947018,0.3228725349999877,0.0028495789999851695
580,2,16,0.34786553499998263,0.002618134999920585,872.155913354,872.501160754,872.156023376,872.16674324,872.49723528,872.497244134,0.34524740000006204,0.010719863999952395,0.33049204000008103,0.0039166200000408935
581,0,16,0.3356036330000052,0.0024702530000695333,872.605068714,872.938202094,872.605177107,872.615505635,872.935429968,872.935438823,0.33313337999993564,0.010328527999945436,0.3199243330000172,0.00276327099993523
582,0,16,0.32664554600000884,0.0024730019999879005,873.042170511,873.366343055,873.042279718,873.052271769,873.363693673,873.363702426,0.32417254400002093,0.009992050999926505,0.31142190399998526,0.0026406289999840737
583,3,16,0.4067305440000837,0.002518394000048829,873.470316866,873.874529016,873.470419967,873.481504196,873.87130123,873.871310085,0.40421215000003485,0.011084228999948209,0.38979703400002563,0.0032189309999921534
584,0,16,0.32712756599994464,0.0027102449998892553,873.978624451,874.303041772,873.978732946,873.989859515,874.299619488,874.299628852,0.3244173210000554,0.011126568999998199,0.3097599729999274,0.0034129200000734272
585,1,16,0.3329639199999974,0.0024565119999806484,874.4058832,874.736390608,874.405987116,874.416573855,874.733554566,874.733563522,0.33050740800001677,0.010586739000018497,0.3169807109999283,0.0028270859999111053
586,1,16,0.3324731469999733,0.0025336599999263854,874.840382841,875.170322328,874.84049042,874.850826581,875.16741789,875.167426643,0.32993948700004694,0.010336160999941058,0.31659130900004584,0.0028956849999985934
587,5,16,0.37722969599997214,0.0027404729999034316,875.274398425,875.648887648,875.274506411,875.2861436,875.645891407,875.645900261,0.3744892230000687,0.011637188999998216,0.35974780700007614,0.002987387000075614
588,0,16,0.3345428019999872,0.002815687999941474,875.753186639,876.084913753,875.753292182,875.763776838,876.082175825,876.082184679,0.33172711400004573,0.010484656000016912,0.3183989870000232,0.0027290740000580627
589,3,16,0.35301122500004567,0.0026942660000486285,876.18906537,876.539382329,876.189170303,876.200323131,876.536580179,876.536589441,0.35031695899999704,0.011152828000035697,0.3362570479999931,0.0027928879999308265
590,0,16,0.3247417889999724,0.0025235839999595555,876.64271331,876.964931515,876.6428215,876.65289996,876.962117863,876.962126413,0.32221820500001286,0.010078460000045197,0.30921790299998975,0.0028051020000248172
591,1,16,0.33363534999989497,0.0026737069998716834,877.069046084,877.400007727,877.069198751,877.080380484,877.396956933,877.396965889,0.3309616430000233,0.01118173299994396,0.3165764489999674,0.0030418380000583056
592,0,16,0.3252169899999444,0.0025096409999605385,877.503826835,877.826534184,877.503932989,877.515759587,877.823680534,877.823688981,0.3227073489999839,0.011826598000084232,0.30792094699995687,0.00284520299999258
593,0,16,0.3233690080000997,0.0026907040000878624,877.930356752,878.251035056,877.930464128,877.9415794,878.24828064,878.248289698,0.32067830400001185,0.011115271999983634,0.3067012399999385,0.0027453579999701105
594,2,16,0.3365961719999859,0.002607957999998689,878.354451022,878.688439236,878.354559212,878.365461462,878.68562477,878.685634134,0.33398821399998724,0.010902249999958258,0.32016330800001924,0.0028051020000248172
595,2,16,0.3680824020000273,0.0026900930000692824,878.79258383,879.157976139,878.79268805,878.804385492,879.155016945,879.155025698,0.365392308999958,0.011697442000013325,0.3506314530000054,0.002950440999939019
596,4,16,0.35112603400000353,0.0025433769999381184,879.261296026,879.609878683,879.261415513,879.272253135,879.606920453,879.606929309,0.3485826570000654,0.01083762200005367,0.33466731800001526,0.0029493740000816615
597,0,16,0.3203842220000297,0.0024815300000682328,879.713782785,880.031685477,879.713893129,879.724309283,880.028817538,880.028826699,0.31790269199996146,0.010416154000040478,0.30450825499997336,0.002858778000017992
598,1,16,0.33091143299998294,0.0024887569999236803,880.135566166,880.463988842,880.135672642,880.14643347,880.461206613,880.461215469,0.32842267600005925,0.01076082800000222,0.3147731429999112,0.002773373000081847
599,0,16,0.3171599030000607,0.0025645929999882355,880.567392932,880.881988242,880.567499816,880.577959232,880.879188098,880.879197157,0.31459531000007246,0.01045941600000333,0.301228865999974,0.002791085000012572
600,0,16,0.32006469100008417,0.0025111510000215276,880.985880128,881.303433668,880.985987521,880.996840065,881.300635763,881.300644823,0.31755354000006264,0.010852544000044873,0.3037956979999308,0.0027888450000546072
601,0,16,0.31787795700006427,0.002505045000134487,881.40701376,881.722386672,881.40712329,881.417662004,881.719576247,881.719585103,0.3153729119999298,0.01053871400006301,0.30191424299994196,0.002801568999984738
602,0,16,0.3337217570000348,0.002647760000058952,881.826054307,882.157128304,881.826161394,881.836574189,882.15441896,882.15442802,0.33107399699997586,0.010412794999979269,0.31784477100006825,0.0027002840000704964
603,0,16,0.3192080960000112,0.002554616999987047,882.261186929,882.577840408,882.261292998,882.27342336,882.57497878,882.574987433,0.31665347900002416,0.01213036199999351,0.3015554199999997,0.0028529749999961496
604,0,16,0.319420030999936,0.0024858049998783827,882.681857093,882.998791319,882.681964791,882.692538013,882.995917476,882.995926536,0.3169342260000576,0.010573221999948146,0.3033794630000557,0.002864783000063653
605,0,16,0.3237075870000581,0.0025108470001669048,883.102834675,883.424031415,883.102939319,883.113766109,883.421228726,883.421243283,0.3211967399998912,0.010826790000010078,0.30746261699994193,0.0027881319999778498
606,0,16,0.32237683599998945,0.0024195369999233662,883.527914038,883.847871337,883.528030287,883.539422949,883.845154765,883.845163418,0.3199572990000661,0.011392662000048404,0.30573181599993404,0.002707919000044967
607,2,16,0.3561731959999861,0.002510336999989704,883.951682501,884.30534536,883.95178572,883.962077482,884.302268133,884.302276684,0.3536628589999964,0.010291762000065319,0.3401906509999435,0.0030686759999980495
608,0,16,0.31847070200001326,0.0024694159999398835,884.40931237,884.725313656,884.409414877,884.419952369,884.722530308,884.722539469,0.3160012860000734,0.01053749200002585,0.3025779390000025,0.0027741869999999835
609,0,16,0.32323129300004894,0.0028290530000276704,884.829293492,885.149695732,884.829397831,884.840219022,885.146954323,885.146962975,0.32040224000002127,0.010821190999990904,0.30673530100000335,0.0027327570001034474
610,0,16,0.316167514999961,0.002442338999912863,885.253287225,885.567012401,885.25339136,885.263661847,885.564171641,885.564180395,0.3137251760000481,0.01027048699995703,0.3005097940000496,0.0028320060000623926
611,0,16,0.3257132300000194,0.002544743999919774,885.670643084,885.99381157,885.670751087,885.68204562,885.990903728,885.990912381,0.3231684860000996,0.01129453300006844,0.30885810799998126,0.0028991890000042986
612,0,16,0.3189696949999643,0.002538126999979795,886.097792119,886.414223687,886.097896967,886.109282198,886.411415094,886.41142395,0.3164315679999845,0.011385230999962914,0.30213289599998916,0.00279973700003211
613,2,16,0.3392754230000037,0.002539856999987933,886.518152423,886.854887989,886.518259409,886.529430058,886.851888125,886.851897287,0.33673556600001575,0.011170648999950572,0.3224580669999568,0.00299070199992002
614,3,16,0.3549023010000383,0.0024544520000517878,886.958826802,887.311274651,886.958933075,886.969383025,887.308294128,887.308303086,0.3524478489999865,0.010449949999951968,0.3389111029999867,0.0029715649999388916
615,0,16,0.3171507439999459,0.002600643999926433,887.41511788,887.72966798,887.415222218,887.427130873,887.726903732,887.726912496,0.3145501000000195,0.011908654999956525,0.2997728589999724,0.0027554840000902914
616,4,16,0.4047676349999847,0.0025889679999409054,887.83343436,888.235613027,887.833540955,887.844875241,888.232465605,888.232474369,0.4021786670000438,0.011334285999964777,0.3875903640000615,0.0031386580000116737
617,0,16,0.3145190169999523,0.0025438220000069123,888.339761866,888.651737061,888.339866424,888.351501643,888.648847364,888.648855924,0.3119751949999454,0.011635219000027064,0.2973457209999424,0.002881136999917544
618,1,16,0.324427409000009,0.002487364999979036,888.755254582,889.077194626,888.755360872,888.766686495,889.074305132,889.074313693,0.32194004400002996,0.011325623000061569,0.307618636999905,0.0028809330000285627
619,0,16,0.318922655999927,0.002496639000014511,889.181315033,889.49774105,889.181416635,889.192491667,889.494950102,889.494958764,0.31642601699991246,0.011075032000007923,0.3024584349999486,0.0027822859999560023
620,0,16,0.32752591599989955,0.0024979639998718994,889.601804898,889.92683285,889.601910984,889.612932515,889.924024373,889.924033137,0.32502795200002765,0.011021530999983042,0.31109185799994066,0.002799712999944859
621,1,16,0.3307452839999314,0.002632074999951328,890.030931857,890.359045066,890.031036924,890.042405552,890.356232819,890.356242297,0.3281132089999801,0.011368628000013814,0.3138272669999651,0.002802769000027183
622,0,16,0.32512231800001246,0.002652558000022509,890.463386002,890.785855762,890.463491578,890.474992178,890.782984001,890.782992867,0.32246975999998995,0.011500599999976657,0.3079918230000658,0.002862895000021126
623,0,16,0.32079317399995944,0.0025502429999733067,890.889379092,891.207622023,890.889483853,890.899954776,891.204943785,891.204952345,0.31824293099998613,0.01047092299995711,0.30498900899999626,0.0026696779999610953
624,0,16,0.32342789699998775,0.0025083570000106192,891.31145719,891.63237673,891.311563582,891.322204691,891.629658747,891.629667715,0.32091953999997713,0.010641109000061988,0.3074540559999832,0.0027090150000503854
625,0,16,0.32235358499997346,0.0025793879999582714,891.736456374,892.056230571,891.736565721,891.747547915,892.053480386,892.05348915,0.3197741970000152,0.01098219400000744,0.30593247100000553,0.0027414209999960804
626,0,16,0.34830256800000825,0.0025719479999679606,892.160364634,892.506095254,892.160471637,892.171749059,892.503275873,892.503284739,0.3457306200000403,0.011277422000034676,0.33152681399997164,0.002810514999964653
627,0,16,0.348877023,0.0025913109999464723,892.610201394,892.956487106,892.610310334,892.621119896,892.953588033,892.953597205,0.34628571200005354,0.01080956199996308,0.332468136999978,0.002889901000003192
628,0,16,0.3198321830000168,0.0025208920000068247,893.059874592,893.377185883,893.059981698,893.071220598,893.374381075,893.374390145,0.31731129100001,0.011238899999966634,0.3031604770000058,0.0027957380000316334
629,0,16,0.32490505099997335,0.002483697000002394,893.480675685,893.803097039,893.480781771,893.492865486,893.800347363,893.800356229,0.32242135399997096,0.012083715000017037,0.3074818769999865,0.0027408099999775004
630,0,16,0.3356413420000308,0.002527823000036733,893.906528855,894.239642374,893.906633412,893.918587909,894.236897997,894.236906762,0.3331135189999941,0.01195449700003337,0.3183100879999756,0.0027356120000376904
631,2,16,0.346844166999972,0.0024779899999884947,894.343000817,894.687366994,894.343106801,894.353740063,894.6845042,894.684512964,0.3443661769999835,0.010633262000055765,0.3307641369999601,0.002854029999980412
632,0,16,0.3359548099999756,0.002491746999908173,894.790759881,895.124222944,894.790864031,894.801733821,895.120637726,895.120647102,0.33346306300006745,0.0108697900000152,0.31890390500007015,0.0035758420000320257
633,0,16,0.3201875359999349,0.0024273419999190082,895.227434232,895.545194426,895.227540114,895.238502742,895.542472061,895.542480825,0.31776019400001587,0.010962628000015684,0.30396931899997526,0.002713600999982191
634,0,16,0.341270702000088,0.002908149000177218,895.649107702,895.987470255,895.649244284,895.660568675,895.984655708,895.984664468,0.3383625529999108,0.011324391000016476,0.3240870329999552,0.0028057869999429386
635,5,16,0.40196170199999415,0.0025198920000093494,896.090808558,896.490250368,896.090914789,896.102942257,896.486921372,896.486929927,0.3994418099999848,0.012027468000042063,0.38397911499998827,0.0033204410000280404
636,4,16,0.40039156800003184,0.0024862810000740865,896.593660985,896.991566272,896.593766502,896.604249809,896.988240739,896.988249906,0.39790528699995775,0.010483306999958586,0.38399093000009543,0.0033163660000354866
637,0,16,0.32197474800000236,0.0024473739999848476,897.094944908,897.414472282,897.095049611,897.106865534,897.411678614,897.411687475,0.3195273740000175,0.011815922999971917,0.3048130800000308,0.002784807000011824
638,2,16,0.34239656099998683,0.002573058999928435,897.517821585,897.857645087,897.517927713,897.528995848,897.854807522,897.854816179,0.3398235020000584,0.011068135000073198,0.325811673999965,0.0028289080000831746
639,0,16,0.32599724600004265,0.0024559299999964423,897.960914132,898.284455448,897.961019446,897.972157857,898.281731854,898.281740511,0.3235413160000462,0.011138410999933512,0.3095739970000295,0.0027149370000643103
640,4,16,0.3558030899999949,0.002462448999949629,898.387737937,898.741078578,898.387835205,898.399696859,898.738147819,898.738156579,0.35334064100004525,0.011861653999972077,0.3384509600000456,0.002921999000022879
641,0,16,0.3361122600000499,0.0025198910001336117,898.843987274,899.177579643,898.844094727,898.855436433,899.174651023,899.174659476,0.3335923689999163,0.011341706000052909,0.3192145900000014,0.002920166999956564
642,1,16,0.3275369270000965,0.0025617540001121597,899.280573792,899.605548965,899.280681041,899.29137253,899.602267329,899.602276191,0.32497517299998435,0.010691489000009824,0.3108947990000388,0.0032727740000382255
643,2,16,0.3403848030000063,0.0024441150000029666,899.7089716,900.046912288,899.709075386,899.72090455,900.044083583,900.044092139,0.3379406880000033,0.011829164000005221,0.32317903299997397,0.0028201490000583362
644,1,16,0.34177557599991815,0.0025575769999477416,900.150273609,900.489491608,900.150376784,900.16174986,900.486186446,900.486195307,0.3392179989999704,0.011373076000040783,0.3244365860000471,0.003296300999977575
645,0,16,0.32086111099999926,0.002534457000024304,900.592934003,900.911260657,900.593041048,900.603970665,900.908561405,900.908570164,0.31832665399997495,0.010929616999987957,0.30459073999998054,0.0026904929999318483
646,0,16,0.31899937899993347,0.002448393000008764,901.014468692,901.331019678,901.014574923,901.025913879,901.328313908,901.328322667,0.3165509859999247,0.011338955999917744,0.30240002900006857,0.0026970110000092973
647,0,16,0.3169579820000763,0.0024580700001024525,901.434478471,901.748978383,901.434582562,901.446280339,901.746192966,901.746201623,0.31449991199997385,0.011697777000108545,0.2999126269999124,0.002776759999960632
648,0,16,0.3234430299999076,0.002486484999963068,901.851824543,902.172781088,901.851927514,901.863515597,902.169787283,902.169795839,0.3209565449999445,0.011588082999992366,0.30627168600005916,0.0029852489999484533
649,1,16,0.33226739000008365,0.0025521790000766487,902.276688126,902.606403337,902.276794357,902.287966583,902.603533995,902.603542957,0.329715211000007,0.01117222599998513,0.315567412000064,0.002860380000015539
650,0,16,0.32185049099996377,0.002482922000012877,902.709326089,903.028693658,902.709433643,902.720615545,903.025361505,903.025370061,0.3193675689999509,0.011181901999975707,0.3047459599999911,0.0033235969999623194
651,0,16,0.3327155339999308,0.002515308999932131,903.132587049,903.462787274,903.132695826,903.144308353,903.459259057,903.459267817,0.3302002249999987,0.011612527000011141,0.3149507040000117,0.0035194570000385283
652,1,16,0.34038776499994583,0.0025219560000095953,903.566779867,903.904645676,903.566885079,903.578610457,903.901843326,903.901852281,0.33786580899993623,0.011725377999937336,0.3232328689999804,0.0027933950000260666
653,0,16,0.3513788550000072,0.0025308450000238736,904.008401593,904.357249603,904.008508546,904.020118889,904.353589188,904.35359794,0.34884800999998333,0.011610342999915702,0.3334702990000551,0.0036516630000278383
654,0,16,0.3227192430000514,0.0024977730000728116,904.461371053,904.781592523,904.461478107,904.474644407,904.778366433,904.778375388,0.3202214699999786,0.0131663000000799,0.3037220259999458,0.003217134999999871
655,0,16,0.3537959300000466,0.002762458000006518,904.8857617,905.236795172,904.885867126,904.897784386,905.233826542,905.233835191,0.3510334720000401,0.01191726000001836,0.33604215599996223,0.0029599810000036086
656,0,16,0.33265181900003427,0.002778637999995226,905.340274904,905.670148085,905.340399258,905.352284972,905.667079626,905.667088581,0.32987318100003904,0.01188571399995908,0.3147946540000248,0.003059504000020752
657,1,16,0.33053606499993293,0.002617140999973344,905.773875102,906.101794026,905.773982258,905.785109736,906.098198841,906.098207593,0.3279189239999596,0.011127477999934854,0.3130891050000173,0.0035864330000094924
658,1,16,0.32468245400002615,0.0024837290000050416,906.204622781,906.526821506,906.204726579,906.215880922,906.523982013,906.523990459,0.3221987250000211,0.01115434300004381,0.3081010910000259,0.0028310470000860732
659,1,16,0.3320242469999357,0.002574501999902168,906.629718747,906.959168492,906.629823156,906.640878483,906.956400132,906.956408883,0.32944974500003354,0.01105532700000822,0.3155216489999475,0.0027596090000088225
660,4,16,0.39552516699995977,0.002467446999958156,907.062674072,907.455731792,907.062780313,907.073900362,907.452564623,907.452573985,0.3930577200000016,0.011120049000055587,0.3786642609999262,0.003157807000093271
661,2,16,0.334089017999986,0.0025551669999686055,907.559624276,907.891158127,907.559729397,907.571039641,907.88808346,907.888092517,0.3315338510000174,0.01131024400001479,0.31704381899999134,0.003065610000021479
662,0,16,0.32714695100003155,0.002712595000048168,907.995368212,908.319802568,907.995507119,908.006847892,908.317064228,908.317072878,0.3244343559999834,0.011340773000029003,0.31021633600005316,0.0027296900000237656
663,0,16,0.3237584459999425,0.0025043859999414053,908.423466288,908.744720348,908.423573547,908.434956857,908.742009178,908.742018133,0.3212540600000011,0.011383309999928315,0.30705232100001467,0.0027022149999993417
664,1,16,0.3376754509999955,0.0024584919999597332,908.848222468,909.183439427,908.848325452,908.859518262,909.180573272,909.180582126,0.3352169590000358,0.011192810000011377,0.32105500999989545,0.002857301000062762
665,0,16,0.3329088729999512,0.0024360019999676297,909.286607154,909.617080025,909.2867137,909.297823064,909.614321026,909.61432988,0.33047287099998357,0.011109364000049027,0.31649796199997127,0.0027501449999363103
666,0,16,0.32173590700006116,0.002515173999995568,909.721036211,910.040256944,909.721143775,909.732524744,910.037324745,910.037334006,0.3192207330000656,0.011380969000015284,0.3048000009999896,0.0029229379999833327
667,0,16,0.32312802499995996,0.002522704999933012,910.144027414,910.464632734,910.144131415,910.156078594,910.46187343,910.461882792,0.32060532000002695,0.011947179000003416,0.3057948360000182,0.0027499420000367536
668,0,16,0.3547727540000096,0.0024345780000203376,910.568529287,910.920867463,910.568631356,910.580326773,910.917918575,910.91792753,0.3523381759999893,0.011695417000055386,0.3375918020000199,0.002939932999993289
669,1,16,0.34449926999991476,0.002749024999957328,911.024953499,911.366703744,911.025091591,911.03697934,911.363546445,911.363564152,0.34175024499995743,0.011887749000038639,0.326567104999981,0.0031395920000250044
670,1,16,0.33465695699999287,0.0025969910000185337,911.469721574,911.80178154,911.469830868,911.481199625,911.798847204,911.798856058,0.33205996599997434,0.01136875700001383,0.3176475789999813,0.002925482000023294
671,5,16,0.39802917199995136,0.0024957819999826825,911.905645021,912.301178411,911.905848648,911.917473238,912.298077173,912.298086232,0.3955333899999687,0.011624589999996715,0.3806039350000674,0.0030921790000775218
672,3,16,0.3606202049999183,0.002615291999973124,912.404002457,912.76200737,912.404111678,912.415160989,912.759027364,912.759036424,0.3580049129999452,0.0110493109999652,0.34386637499994777,0.002970946000004915
673,1,16,0.3449220399999149,0.002532128999860106,912.865635659,913.20802557,912.865743964,912.878018726,913.205213416,913.205222475,0.3423899110000548,0.012274762000060946,0.32719468999994206,0.0028030949999902077
674,0,16,0.32375377899995783,0.0025029160000258344,913.312039236,913.633290099,913.312147643,913.323619485,913.630378395,913.630391424,0.321250862999932,0.011471841999991739,0.306758909999985,0.0028986749999830863
675,0,16,0.3267541430000165,0.0029725750000579865,913.737529943,914.061311511,913.737637128,913.748994355,914.058376903,914.058386064,0.3237815679999585,0.011357227000075909,0.3093825479999168,0.0029254469999386856
676,0,16,0.3274456019998979,0.002451918999895497,914.165201197,914.49019488,914.165305837,914.177471989,914.486601793,914.486633042,0.3249936830000024,0.012166151999963404,0.30912980400000833,0.003561837999995987
677,0,16,0.3249696610000683,0.0024862230001190255,914.593589562,914.916073,914.593693184,914.605780652,914.913282731,914.913291485,0.3224834379999493,0.012087468000004264,0.30750207899995985,0.0027815150000378708
678,0,16,0.32469991700008904,0.002524088000086522,915.019877386,915.342053215,915.019983655,915.031401141,915.339316081,915.339324936,0.3221758290000025,0.011417485999913879,0.30791494000004604,0.0027282789999389934
679,0,16,0.33571777600002406,0.0024864260000185823,915.445962954,915.779194304,915.446071157,915.457474291,915.776338177,915.776346931,0.3332313500000055,0.011403134000033788,0.31886388599991733,0.0028473730000087016
680,2,16,0.3585453169999937,0.003047594999998182,915.883588869,916.239086591,915.883693102,915.894832497,916.235763655,916.235772408,0.3554977219999955,0.011139394999986507,0.3409311579999894,0.0033141830000431582
681,0,16,0.32721077200005766,0.0024406200000157696,916.34322434,916.667994492,916.343329387,916.354654753,916.665085434,916.6650949,0.3247701520000419,0.011325365999937276,0.31043068100007076,0.002899592000062512
682,0,16,0.3362741590000269,0.0026873580000028596,916.772161149,917.10574795,916.772279836,916.784585848,917.102931011,917.102940071,0.333586801000024,0.012306011999953625,0.3183451630000036,0.0028078789999881337
683,0,16,0.3348077729999659,0.0025874019999037046,917.209761718,917.541982089,917.209866155,917.222048796,917.538127808,917.538136664,0.3322203710000622,0.012182640999981231,0.3160790120000456,0.0038454250000086176
684,0,16,0.3347303099999408,0.002621398999963276,917.644918511,917.977027422,917.645021523,917.656783975,917.974109508,917.974118363,0.3321089109999775,0.011762452000084522,0.3173255329999165,0.002909058999989611
685,0,16,0.3393339689999948,0.0025211359999275373,918.081062464,918.417875297,918.081171176,918.092442389,918.4150152,918.415023852,0.33681283300006726,0.011271212999986346,0.32257281099998636,0.0028514450000329816
686,0,16,0.3296700209999699,0.0024602659999573007,918.521834709,918.849044464,918.521938739,918.533413736,918.846296845,918.846305599,0.3272097550000126,0.01147499700005028,0.31288310899992666,0.002738865000083024
687,2,16,0.38904172100001233,0.002520016000062242,918.953048359,919.339570064,918.95315249,918.965765602,919.336417931,919.33642699,0.3865217049999501,0.012613112000053661,0.370652328999995,0.0031430740000359947
688,1,16,0.36473649399999886,0.0025865880000992547,919.443347781,919.805497687,919.443455373,919.455118682,919.80246017,919.802469433,0.3621499059998996,0.011663309000027766,0.34734148799998366,0.0030282539999006985
689,1,16,0.3627347040001041,0.0026944800001729163,919.909511048,920.269551272,919.909621083,919.921420486,920.26592357,920.265932741,0.3600402239999312,0.011799402999940867,0.3445030840000527,0.0036185309999154924
690,0,16,0.3589890200000809,0.0024867719999974724,920.373571204,920.730073452,920.373688588,920.385194991,920.727141089,920.727150157,0.35650224800008345,0.0115064029999985,0.341946097999994,0.002923295000073267
691,3,16,0.3863758150000649,0.0025955969999813533,920.834035914,921.217816132,920.834141784,920.845927688,921.214328436,921.214338829,0.38378021800008355,0.011785903999907532,0.3684007479999991,0.0034773030000678773
692,0,16,0.3546212480000577,0.0028082540001150846,921.321981367,921.673794361,921.322106801,921.335567061,921.670478461,921.670489262,0.3518129939999426,0.013460259999988011,0.33491140000000996,0.003305098999931033
693,0,16,0.38399919200003296,0.00262249700006123,921.778037853,922.159414548,921.778143723,921.789778413,922.156007553,922.156017335,0.38137669499997173,0.011634690000050796,0.3662291399999731,0.0033972129999710887
694,0,16,0.357153161000042,0.00263533700001517,922.263078556,922.61759638,922.263184324,922.275067131,922.61445085,922.614460428,0.35451782400002685,0.011882807000006324,0.3393837190000113,0.003135951999979625
695,0,16,0.3321528720000515,0.0025552460000426436,922.72131582,923.050913446,922.721422505,922.733329971,923.048062294,923.048071159,0.32959762600000886,0.011907466000025124,0.31473232300004383,0.002842287000021315
696,0,16,0.3681918610000139,0.002471691999971881,923.154629218,923.520349387,923.154768815,923.166782864,923.5172599,923.517268969,0.365720169000042,0.012014048999958504,0.35047703600002933,0.0030804179999677217
697,3,16,0.3984795329999997,0.002662542999928519,923.623923014,924.019740004,923.624041315,923.63606535,924.015616476,924.015626054,0.3958169900000712,0.012024034999967625,0.37955112600002394,0.004113950000032673
698,0,16,0.3605524110000715,0.002535784000087915,924.122664044,924.480680671,924.122771238,924.134364151,924.477572639,924.477581504,0.3580166269999836,0.011592912999958571,0.3432084879999593,0.0030991669999593796
699,2,16,0.39295646300001863,0.0025347650000639987,924.584662391,924.975084089,924.584770706,924.597140067,924.971971166,924.971980541,0.39042169799995463,0.01236936100008279,0.37483109899994815,0.003103548000012779
700,0,16,0.3430316980000043,0.0026285090000328637,925.078932733,925.419335922,925.079039622,925.091175234,925.416349248,925.416358826,0.34040318899997146,0.012135612000065521,0.32517401399991286,0.002977095999995072
701,0,16,0.35624404399993637,0.0025502529998675527,925.523310815,925.877004606,925.523420965,925.535677934,925.873876704,925.87388618,0.3536937910000688,0.012256968999963647,0.33819877000007637,0.0031184260000145514
702,5,16,0.41036906599993017,0.0026841449998755706,925.981165459,926.38885038,925.981276322,925.994713247,926.385304806,926.385314792,0.4076849210000546,0.013436925000064548,0.3905915589999722,0.003535587999976997
703,0,16,0.32390999500000817,0.002437353000004805,926.492975366,926.814448008,926.493080217,926.504842175,926.811476618,926.811485585,0.32147264200000336,0.011761957999965489,0.3066344430000072,0.0029624229999853924
704,4,16,0.38555443199993533,0.0026452209999661136,926.918732461,927.301641672,926.918838535,926.930966402,927.297788067,927.297796932,0.3829092109999692,0.01212786700000379,0.3668216650000886,0.0038447399999768095
705,0,16,0.33472207800002707,0.0030907100000376886,927.406236603,927.737867971,927.406346548,927.419198081,927.735025786,927.735034549,0.3316313679999894,0.012851533000002746,0.31582770500006063,0.002833421999980601
706,0,16,0.3317205280000053,0.0025658440000597693,927.842015476,928.17117016,927.842124709,927.854926618,928.168176048,928.168184709,0.3291546839999455,0.012801909000017986,0.313249429999928,0.0029854509999722723
707,0,16,0.3250877479999872,0.0026232810000692552,928.274685197,928.597149664,928.274799014,928.287410174,928.594268623,928.594277178,0.32246446699991793,0.012611160000005839,0.30685844899994663,0.0028724860000011176
708,0,16,0.32185962500000187,0.0025528899999471832,928.700649509,929.019956244,928.700755532,928.71240945,929.016949015,929.01695757,0.3193067350000547,0.011653917999979058,0.3045395650000273,0.0029986739999685597
709,2,16,0.37647750299993277,0.002530587000023843,929.123898206,929.497845122,929.124005451,929.135857054,929.494568406,929.494577674,0.3739469159999089,0.011851602999968236,0.35871135200000026,0.003267447999974138
710,0,16,0.36058971199997814,0.002572038999915094,929.601542754,929.959560427,929.601647961,929.614141505,929.95639615,929.95640501,0.35801767300006304,0.012493543999994472,0.34225464500002545,0.003155417000016314
711,3,16,0.4100929459999634,0.0025425029999723847,930.063319676,930.470870119,930.063433133,930.076778319,930.467674065,930.467682926,0.407550442999991,0.013345186000037756,0.3908957459999556,0.0031871930000306747
712,4,16,0.4292067330000009,0.0025659279999672435,930.574998664,931.001639469,930.575119556,930.587270996,930.998277813,930.998287488,0.42664080500003365,0.012151440000025104,0.41100681699992947,0.0033519810000370853
713,1,16,0.35296301899995797,0.002539548999948238,931.105595282,931.456018752,931.105700592,931.117774628,931.452288715,931.452297576,0.35042347000000973,0.012074036000058186,0.3345140870000023,0.0037211759999991045
714,0,16,0.3727849460000243,0.0025195869999379283,931.559853367,931.930118726,931.559958677,931.572150142,931.9268966,931.926905358,0.3702653590000864,0.01219146500000079,0.35474645799990867,0.003213368000047012
715,0,16,0.38302869500000725,0.002579168000011123,932.034062521,932.414512048,932.034169664,932.046833597,932.411240322,932.411250608,0.3804495269999961,0.012663932999998906,0.3644067249999807,0.003261439999960203
716,0,16,0.3620051789999934,0.0025829359999534063,932.518515321,932.877937564,932.518623279,932.530994097,932.875042264,932.875050717,0.35942224300004,0.012370817999908468,0.34404816699998264,0.002886847000013404
717,0,16,0.3806223599999612,0.0025855840000303942,932.982019056,933.360055832,932.982127726,932.994301674,933.356727887,933.356737664,0.3780367759999308,0.012173947999940538,0.36242621300004885,0.0033181679999643166
718,1,16,0.3655618710000681,0.0026520900000832626,933.463887087,933.826796868,933.463993109,933.476058591,933.823519337,933.823528503,0.36290978099998483,0.01206548200002544,0.3474607460000243,0.0032683649999398767
719,0,16,0.3340505830000211,0.0025894540000308552,933.930971957,934.262433086,933.931103034,933.943540358,934.258711706,934.258721891,0.33146112899999025,0.012437323999961336,0.3151713480000353,0.0037111949999371063
720,4,16,0.45196388400006526,0.002535577000116973,934.365432659,934.814860966,934.365538173,934.378097509,934.810519137,934.810528812,0.4494283069999483,0.012559335999981158,0.4324216280000428,0.004332153999939692
721,0,16,0.34012370499999633,0.002474672999937866,934.918828492,935.256477524,934.918934209,934.932572408,935.253654536,935.253663396,0.33764903200005847,0.013638199000070017,0.3210821279999436,0.0028141280000681945
722,0,16,0.37422057800006314,0.0026761260000967013,935.36045829,935.732002742,935.360566044,935.37342481,935.72891373,935.728923711,0.37154445199996644,0.012858765999908428,0.35548892000008436,0.0030790309999702004
723,0,16,0.3265319490000138,0.0024775260000069466,935.835982999,936.160037422,935.836091975,935.848063859,936.156990473,936.156999231,0.32405442300000686,0.011971883999990496,0.3089266139999154,0.003038190999973267
724,0,16,0.3558773849999852,0.002603128000032484,936.264005559,936.617279816,936.2641126,936.27622819,936.614266827,936.614275986,0.35327425699995274,0.012115590000007614,0.33803863700006787,0.003003829999897789
725,0,16,0.37755030000005263,0.0026480550000087533,936.721290979,937.096193224,936.721397019,936.733313423,937.093191429,937.093200588,0.3749022450000439,0.011916403999975955,0.35987800599991715,0.002992636000044513
726,3,16,0.36725248699997337,0.0025866900000437454,937.200366194,937.565031991,937.200469996,937.214267749,937.561893015,937.561906448,0.3646657969999296,0.013797752999948898,0.34762526600002275,0.0031255430000101114
727,8,16,0.5235829250000279,0.0027341499999238295,937.669058011,938.189906786,937.669168326,937.681767885,938.185628234,938.185638716,0.5208487750001041,0.012599559000022964,0.5038603489999787,0.004268070000080115
728,0,16,0.37195672699999704,0.0028513849999853846,938.294082403,938.663187745,938.294231898,938.306996318,938.660251793,938.660261156,0.36910534200001166,0.012764419999939491,0.3532554750000827,0.002926588999912383
729,1,16,0.3601957199999788,0.0024711859999797525,938.766660871,939.124385405,938.766785534,938.779041226,939.12127818,939.121287441,0.35772453399999904,0.012255692000053386,0.3422369539999863,0.003097963999948661
730,0,16,0.3296564250000529,0.002550257000052625,939.228386187,939.555492355,939.228492736,939.240736827,939.552643209,939.552652063,0.32710616800000025,0.012244090999956825,0.3119063820000747,0.0028402919999734877
731,2,16,0.37095860400006586,0.002570102000049701,939.658796752,940.027185254,939.65893953,939.671342782,940.024170942,940.024179897,0.36838850200001616,0.012403252000012799,0.35282815999994455,0.00300535700000637
732,0,16,0.35498214100005043,0.0025711200000841927,940.131248215,940.483659236,940.131356596,940.144059041,940.480795131,940.480804391,0.35241102099996624,0.012702444999945328,0.3367360900000449,0.00285484500000166
733,0,16,0.3661183039999969,0.0026354369999808114,940.587264148,940.950747015,940.587371512,940.599592399,940.947541383,940.947551051,0.3634828670000161,0.012220887000012226,0.34794898400002694,0.003195964000042295
734,3,16,0.36414719600008993,0.0024588730000232317,941.054656616,941.416344939,941.054762045,941.067615104,941.413377745,941.413386599,0.3616883230000667,0.012853059000008216,0.3457626410000785,0.002958340000077442
735,0,16,0.3360190449999436,0.0025215590000016164,941.520287206,941.853784692,941.520397215,941.53251766,941.850821466,941.850830422,0.333497485999942,0.012120445000050495,0.3183038059999035,0.002954270000032011
736,0,16,0.3330236620000733,0.0026216980000981494,941.957753418,942.288155382,941.957860069,941.970187607,942.285204267,942.28521312,0.3304019639999751,0.0123275379999086,0.315016660000083,0.0029422620000332245
737,0,16,0.33325446799995007,0.0025966639999523977,942.391930549,942.722588353,942.392036691,942.404925877,942.718964971,942.718974028,0.33065780399999767,0.01288918599993849,0.31403909400000884,0.003614324999944074
738,2,16,0.3870398869999008,0.00294673899998088,942.826562575,943.210655723,942.826694973,942.839854551,943.207506673,943.207516341,0.3840931479999199,0.013159577999999783,0.3676521219999813,0.0031393819999721018
739,0,16,0.3459448029999521,0.002574376999859851,943.314159887,943.657530313,943.314267047,943.327060878,943.654593852,943.654603113,0.34337042600009227,0.01279383099995357,0.3275329739999506,0.0029272000000446496
740,2,16,0.37275884700000006,0.0028994180000836423,943.761599075,944.131458504,943.761705828,943.773979634,944.126826722,944.126836593,0.3698594289999164,0.0122738060000529,0.3528470879999759,0.004621910999958345
741,3,16,0.3637460339999734,0.0032058360000064567,944.235189505,944.595729703,944.235298802,944.248724498,944.591892205,944.591908081,0.36054019799996695,0.013425696000012977,0.3431677070000205,0.003821621999918534
742,2,16,0.3805818100000806,0.002501613000049474,944.699813018,945.077893215,944.699919974,944.715206362,945.074806344,945.074815095,0.37808019700003115,0.015286388000049556,0.35959998199996335,0.003078120000054696
743,0,16,0.3353561420000233,0.0025030160001051627,945.181842144,945.51469527,945.181975082,945.195239444,945.511737047,945.511745801,0.3328531259999181,0.013264361999972607,0.31649760300001617,0.002949468999986493
744,0,16,0.3432044600000381,0.0026659830000426155,945.618701788,945.959240265,945.618822612,945.631352356,945.956323776,945.956332734,0.3405384769999955,0.01252974399994855,0.3249714199999971,0.0029075310000052923
745,0,16,0.3317946109999639,0.0025935090000075434,946.063124838,946.39232594,946.063234873,946.075963819,946.38946279,946.389471849,0.32920110199995634,0.01272894599992469,0.3134989710000582,0.0028540910000174335
746,0,16,0.33134795599994504,0.00290295000002061,946.496280647,946.824725653,946.496388138,946.509111893,946.821460941,946.821470001,0.32844500599992443,0.012723754999910852,0.312349048000101,0.003255652000007103
747,0,16,0.33476077299997087,0.002505969000026198,946.929052606,947.26130741,946.929158977,946.941575631,947.258260834,947.258269791,0.33225480399994467,0.012416653999935079,0.31668520300002,0.003037618999996994
748,0,16,0.3444465019999825,0.0025462779999543272,947.365199719,947.707099943,947.365308126,947.377860059,947.704073929,947.704083701,0.3419002240000282,0.012551933000054305,0.32621386999994684,0.0030162420000579004
749,0,16,0.32098857999994834,0.0025867909999988115,947.810990014,948.129391803,947.81110015,947.823897398,948.125803196,948.125812051,0.31840178899994953,0.01279724799996984,0.30190579800000705,0.003579751999950531
750,6,16,0.4678548120000414,0.0025703000000021348,948.232200049,948.697484561,948.232306929,948.245153544,948.694031029,948.694040495,0.4652845120000393,0.012846615000057682,0.44887748500002544,0.003444066000042767
751,0,16,0.33247466999989683,0.0026590609999175285,948.801098068,949.130913677,948.801209121,948.813945701,949.1281116,949.12812066,0.3298156089999793,0.012736579999909736,0.3141658990000451,0.002793016999930842
752,0,16,0.3405635170000778,0.0025821080000696384,949.233785643,949.571767052,949.233891403,949.246489956,949.568382635,949.56839485,0.33798140900000817,0.012598552999975254,0.3218926790000296,0.0033722020000368502
753,0,16,0.3374940380000453,0.0025309070000503198,949.675576403,950.010539534,949.675718807,949.688014128,950.007541919,950.007550673,0.334963130999995,0.012295321000010517,0.31952779100004136,0.0029888610000625704
754,0,16,0.34821619399997417,0.0025687730000072406,950.114049724,950.459697145,950.114159453,950.127090962,950.456655658,950.456665226,0.3456474209999669,0.012931509000054575,0.329564696000034,0.0030319189999090668
755,0,16,0.3746482179999475,0.00265214000000924,950.563518303,950.935514381,950.563630985,950.578220246,950.932551884,950.932560943,0.3719960779999383,0.014589260999969156,0.35433163799996237,0.002953437999963171
756,0,16,0.3495979939999643,0.0027182009999933143,951.039632563,951.386512356,951.039741783,951.052553587,951.383244081,951.383254565,0.34687979299997096,0.012811804000079974,0.3306904940000095,0.003257791000010002
757,0,16,0.4090947810000216,0.003277638999975352,951.491125746,951.896942888,951.491296753,951.506958474,951.892298514,951.892317752,0.40581714200004626,0.01566172100001495,0.38534003999996,0.004625135999958729
758,2,16,0.3648315860000366,0.0025217459999566927,952.000739311,952.363049151,952.000845784,952.01673297,952.360056015,952.36006487,0.36230984000007993,0.015887185999986286,0.34332304500003374,0.0029842810000673126
759,0,16,0.3424454120000746,0.0025891310000361045,952.466847915,952.806704196,952.466952861,952.480338455,952.803813969,952.803823334,0.3398562810000385,0.01338559400005579,0.3234755139999379,0.002880862000097295
760,0,16,0.34125046700000894,0.0025863260000278387,952.910834897,953.249499038,952.91094137,952.925733397,953.24649859,953.246507353,0.3386641409999811,0.014792026999998598,0.3207651929999429,0.0029916849999835904
761,3,16,0.4389135899999701,0.0031792639999821404,953.353371708,953.789106034,953.353476247,953.366316488,953.784237541,953.784254862,0.43573432599998796,0.01284024100004899,0.4179210529999864,0.004851172000030601
762,4,16,0.5269384399999808,0.0033172229999536285,953.893573434,954.417194651,953.893715367,953.908213353,954.412656993,954.412666469,0.5236212170000272,0.014497985999923912,0.5044436400000905,0.004528182000058223
763,3,16,0.44830354099997294,0.0031811999999717955,954.522029669,954.96715201,954.522172518,954.539828066,954.96375246,954.963761223,0.44512234100000114,0.01765554799999336,0.4239243939999824,0.0033907869999438844
764,0,16,0.4085431260000405,0.002620806999971137,955.071524245,955.477446564,955.071633776,955.086180873,955.474173663,955.474190373,0.40592231900006936,0.014547096999990572,0.3879927899999984,0.003256190999991304
765,0,16,0.3957162330000301,0.002801355000087824,955.581613797,955.974528675,955.581760212,955.597229207,955.971529042,955.971537703,0.3929148779999423,0.015468995000105679,0.374299834999988,0.0029909720000205198
766,0,16,0.34347881399992275,0.0025893219998351924,956.077795202,956.418684694,956.077898009,956.090284026,956.415782162,956.415791128,0.34088949200008756,0.012386016999926142,0.3254981360000784,0.0028935660000115604
767,0,16,0.3734677009999814,0.0030926580000141257,956.52314435,956.893519393,956.523247564,956.536161777,956.890002875,956.890020298,0.37037504299996726,0.012914212999930896,0.353841098000089,0.003499095000051966
768,0,16,0.49647199499997896,0.00339812400000028,956.998367148,957.491441019,956.998478717,957.013712041,957.487518368,957.487534976,0.4930738709999787,0.015233323999950699,0.4738063270000339,0.003906043000029058
769,0,16,0.3874305629999526,0.0031416670000226077,957.596374157,957.980663053,957.59648379,957.611928841,957.977733317,957.977741978,0.38428889599993,0.015445051000028798,0.3658044759999939,0.0029210749999037944
770,0,16,0.3586682229999951,0.0026236589999371063,958.0844482,958.440492764,958.084555082,958.09733103,958.437373105,958.437381766,0.356044564000058,0.01277594800001225,0.34004207500004213,0.0031109980000110227
771,0,16,0.3285900800000263,0.002520648000086112,958.544510422,958.870579854,958.544617508,958.557280767,958.867108676,958.867117133,0.3260694319999402,0.012663258999964455,0.3098279090000915,0.003462721000005331
772,0,16,0.32802989100002833,0.0024896740001167927,958.974476264,959.300016481,958.974583146,958.987580603,959.297353084,959.297362254,0.32554021699991154,0.012997456999983115,0.3097724809999818,0.002654226999993625
773,1,16,0.38213107700005366,0.002512905999992654,959.403766271,959.783384442,959.403875905,959.417201446,959.779592923,959.77960301,0.379618171000061,0.01332554100008565,0.3623914769999601,0.0037814320000961743
774,0,16,0.3227454839999382,0.0026337459999012935,959.887516217,960.207627955,959.88762636,959.901018028,960.204760066,960.204770153,0.3201117380000369,0.013391667999940182,0.3037420379999958,0.0028578019999940807
775,6,16,0.4134683720000112,0.0025409250000620887,960.311796512,960.722723959,960.311900847,960.325483864,960.719468074,960.719476735,0.4109274469999491,0.013583017000087239,0.39398420999998507,0.0032472240000060992
776,0,16,0.319077454999956,0.002350391999925705,960.826486181,961.143213244,960.826585727,960.839467131,961.140371541,961.140380507,0.3167270630000303,0.012881404000040675,0.30090441000004375,0.002832736999948793
777,2,16,0.3605758850000029,0.0023603920000141443,961.247028754,961.605244247,961.247130542,961.260401776,961.602190586,961.602199549,0.3582154929999888,0.013271233999944343,0.3417888100000255,0.0030446979999396717
778,0,16,0.3378766780000433,0.002438815000118666,961.709126768,962.044564631,961.709225151,961.722536171,962.041494064,962.041502721,0.3354378629999246,0.013311019999946438,0.31895789299994703,0.0030619099999285027
779,0,16,0.31631905300002927,0.0025287450000632816,962.147576671,962.461366979,962.14767811,962.1606841,962.458479226,962.458487984,0.313790307999966,0.01300599000001057,0.2977951259999827,0.0028789949999463715
780,0,16,0.3386865609999177,0.002458470999954443,962.565076157,962.901304247,962.565182484,962.578004743,962.898324323,962.898333081,0.33622808999996323,0.01282225899990408,0.3203195800000458,0.0029711659999520634
781,0,16,0.31802131400002054,0.0024428880000186837,963.005066792,963.320645218,963.005170777,963.017829267,963.31779749,963.317806249,0.31557842600000185,0.012658490000035272,0.29996822299995074,0.0028389689999812617
782,0,16,0.31872354400002223,0.0024058160000777207,963.424364275,963.740682003,963.424464695,963.436841783,963.737827859,963.737836414,0.3163177279999445,0.012377087999993819,0.300986076000072,0.0028455890000032014
783,1,16,0.3269035419999682,0.002445229999921139,963.844400245,964.168858557,963.844505351,963.857364682,964.166003089,964.166012052,0.32445831200004704,0.012859331000072416,0.30863840699998946,0.0028465049999795156
784,9,16,0.4715806409999459,0.0024667199999157674,964.272906782,964.742020703,964.273011989,964.286087336,964.738398535,964.738406989,0.46911392100003013,0.013075347000039983,0.45231119899995065,0.003613713999925494
785,0,16,0.3501047649999691,0.0023907429999781016,964.845855356,965.193569378,964.845956693,964.85935968,965.190510014,965.190518976,0.347714021999991,0.013402987000063149,0.33115033399997174,0.003050401999985297
786,0,16,0.3164500269999735,0.002409991000035916,965.297456481,965.611496517,965.297558124,965.311114492,965.608430838,965.608439291,0.3140400359999376,0.013556367999967733,0.29731634600000234,0.003057226000009905
787,0,16,0.31695192600000155,0.002404593999926874,965.715368853,966.029916185,965.715470394,965.728417109,966.027090762,966.027099317,0.3145473320000747,0.012946714999998221,0.29867365299992343,0.0028168680000817403
788,0,16,0.31612839600006737,0.0023824930000273525,966.133531461,966.447277364,966.1336329,966.146605077,966.44427096,966.444279718,0.31374590300004,0.012972177000051488,0.29766588300003605,0.002997646000039822
789,0,16,0.3867005209999661,0.002416407999930925,966.551300738,966.935584851,966.551403297,966.564577843,966.932402966,966.932411827,0.3842841130000352,0.01317454600007295,0.3678251229999887,0.0031730240000342746
790,0,16,0.3171712020000541,0.002445739999984653,967.0389008,967.353626262,967.039003665,967.052026358,967.350771915,967.35078047,0.31472546200006946,0.013022693000038998,0.2987455569999611,0.002845792000016445
791,4,16,0.37805141900003036,0.0023320790000980196,967.457425065,967.833144405,967.45752243,967.471084196,967.830006721,967.830015479,0.37571933999993234,0.013561765999952513,0.3589225250000254,0.003128925999931198
792,0,16,0.3174340669999083,0.002404797999929542,967.93700289,968.252032159,967.937125614,967.950248931,968.249152961,968.249162026,0.31502926899997874,0.013123317000008683,0.298904030000017,0.002870132999987618
793,0,16,0.3161435709999978,0.0023626329999615336,968.355356969,968.669137907,968.35545963,968.369050931,968.666126818,968.666135577,0.31378093800003626,0.013591300999905798,0.2970758870000054,0.0030023300000721065
794,0,16,0.31760262300008435,0.0024325000001681474,968.772452634,969.087622757,968.772556517,968.786304152,969.08465424,969.084662795,0.3151701229999162,0.013747634999958791,0.2983500880000065,0.0029599619999771676
795,0,16,0.3197501370000282,0.0024225260000321214,969.19176906,969.509096671,969.191869989,969.205141697,969.506134283,969.506142933,0.31732761099999607,0.01327170800004751,0.30099258600000667,0.0029537379999737823
796,0,16,0.31577629499997784,0.002364170999953785,969.612997149,969.926409273,969.613108692,969.626101556,969.923617862,969.923626208,0.31341212400002405,0.01299286400001165,0.2975163060000341,0.0027830650000169044
797,0,16,0.3212924560000374,0.0025823700000273675,970.030445007,970.349155093,970.030548611,970.043646606,970.346331318,970.346339867,0.31871008600001005,0.013097995000066476,0.30268471199997293,0.002815226000052462
798,0,16,0.3179222659999823,0.00242370800003755,970.452810503,970.768309061,970.452916346,970.466262666,970.76534596,970.765354713,0.31549855799994475,0.01334631999998237,0.29908329399995637,0.0029543480000029376
799,0,16,0.32551651699998274,0.0024467079999794805,970.872331869,971.195401678,970.872436695,970.885707805,971.192603753,971.192613625,0.32306980900000326,0.013271110000005137,0.30689594799991937,0.0027880530000174986
800,0,16,0.3177914890000011,0.0026029279999875143,971.299433747,971.614622308,971.29953725,971.313411361,971.61181502,971.611823874,0.3151885610000136,0.013874111000063749,0.29840365899997323,0.0027984339999420627
801,0,16,0.32197311000004447,0.002374348000103055,971.718209428,972.03780819,971.718309165,971.731772727,972.035021461,972.035030315,0.3195987619999414,0.013463561999969897,0.3032487340000216,0.002777874999992491
802,0,16,0.3468994910000447,0.0024352080000653586,972.141344527,972.48580881,972.141463091,972.154700922,972.482851917,972.482860364,0.34446428299997933,0.013237830999969447,0.32815099499998723,0.0029484460000048784
803,0,16,0.31896075099996324,0.0023603029999321734,972.588736853,972.905337301,972.588835674,972.602217004,972.902563089,972.902577948,0.31660044800003107,0.013381329999901936,0.30034608500000104,0.002759352999987641
804,0,16,0.31865889499999867,0.0023418829999855006,973.008569643,973.324886655,973.008668261,973.022106481,973.322103691,973.322112341,0.31631701200001316,0.013438220000011825,0.299997210000015,0.0027743140000211497
805,0,16,0.315900966000072,0.002439686000002439,973.428614425,973.742075705,973.428718538,973.44173654,973.739216514,973.73922547,0.31346128000006956,0.013018001999967055,0.29747997399999804,0.0028502350000962906
806,0,16,0.3309726329999876,0.0024270669999850725,973.84590423,974.174449796,973.846005392,973.859707202,974.171551728,974.171560786,0.3285455660000025,0.013701809999929537,0.3118445260000726,0.0028890099999898666
807,0,16,0.34823627000002944,0.002458615000023201,974.27839424,974.624171895,974.278499981,974.292143171,974.621213679,974.621222533,0.34577765500000623,0.013643190000038885,0.3290705079999725,0.0029493619999811926
808,1,16,0.36275480400001925,0.002377503000047909,974.727883585,975.088260886,974.727986273,974.741753829,975.084702824,975.084711983,0.36037730099997134,0.013767555999947945,0.34294899500002884,0.003548902999909842
809,4,16,0.4032584560000032,0.002462176999983967,975.192168996,975.592965275,975.192277995,975.206351274,975.589735327,975.589744181,0.40079627900001924,0.014073278999944705,0.3833840529999861,0.003221093999968616
810,0,16,0.3235557719999633,0.0024592269999175187,975.6963402,976.017436745,975.696441973,975.710226829,976.014649608,976.014658463,0.3210965450000458,0.013784856000029322,0.30442277899999226,0.002778282000008403
811,0,16,0.34922559899996486,0.0025457330000335787,976.121440115,976.468119981,976.121547179,976.135306898,976.4651006,976.465109047,0.3466798659999313,0.013759718999949655,0.3297937020000745,0.0030109339999171425
812,0,16,0.3233993469999632,0.0024847709998994105,976.572118771,976.893033347,976.572219017,976.585886021,976.890207741,976.890217002,0.3209145760000638,0.01366700400001264,0.3043217200000754,0.00281634500004202
813,0,16,0.3411276770000313,0.0024451809999845864,976.996229561,977.334912057,976.996348329,977.010006886,977.331923716,977.331932774,0.33868249600004674,0.013658556999985194,0.32191682999996374,0.0029792829999450987
814,0,16,0.32552476099999694,0.0024217750000161686,977.438265508,977.761368494,977.438368604,977.451981567,977.758358985,977.758367839,0.3231029859999808,0.013612963000014133,0.30637741800001095,0.003000654999937069
815,0,16,0.32587775100000727,0.002668216000074608,977.864694264,978.187903799,977.864797156,977.880603618,978.18501668,978.185025434,0.32320953499993266,0.015806462000000465,0.3044130619999805,0.0028783650000150374
816,0,16,0.31765855499997997,0.0024310759999934817,978.291982913,978.607210392,978.29208817,978.305834205,978.604461918,978.604470876,0.3152274789999865,0.013746034999940093,0.2986277129999735,0.0027395159999059615
817,0,16,0.3296003689999907,0.002461715999970693,978.711204406,979.038343059,978.711308237,978.724802939,979.03550134,979.035510196,0.32713865300002,0.01349470200000269,0.3106984009999678,0.0028328629999805344
818,0,16,0.340541026999972,0.002451129999940349,979.142303378,979.480393275,979.142401305,979.156323751,979.477466659,979.477475617,0.33808989700003167,0.013922445999924093,0.32114290800006984,0.002917658000001211
819,2,16,0.38830706400005965,0.0024501130001226556,979.584234494,979.970091445,979.584339852,979.598140042,979.966849569,979.966858221,0.385856950999937,0.013800189999983559,0.3687095270000782,0.003233223999927759
820,5,16,0.35938375000000633,0.0024358599999914077,980.073932256,980.430880146,980.074035578,980.087372193,980.427854382,980.427863034,0.3569478900000149,0.013336614999957419,0.3404821889999994,0.0030171120000659357
821,0,16,0.3160636259999592,0.0024022689999583235,980.534625983,980.84828734,980.534730119,980.54752111,980.845536627,980.845545483,0.31366135700000086,0.01279099100008807,0.29801551699995343,0.002741856999932679
822,0,16,0.3180960710000136,0.002472810999961439,980.95229703,981.26792029,980.952400149,980.965851283,981.265094247,981.2651029,0.31562326000005214,0.013451133999978993,0.29924296399997274,0.0028173900000183494
823,0,16,0.32625211800007037,0.0023770230001218806,981.371947488,981.695822583,981.372053152,981.385936712,981.692996642,981.693005193,0.3238750949999485,0.013883559999953832,0.30705993000003673,0.0028173900000183494
824,0,16,0.31928443099991455,0.0025653439998905014,981.798891785,982.115610872,981.798996533,981.812590384,982.112851811,982.112860362,0.31671908700002405,0.013593850999995993,0.30026142700000946,0.0027505100000553284
825,0,16,0.3175162449999789,0.002413567000076,982.219156985,982.534259663,982.219262038,982.233530181,982.531368269,982.531377023,0.3151026779999029,0.014268142999981137,0.29783808800004863,0.002882639999938874
826,0,16,0.31659173999992163,0.002542134999885093,982.637209053,982.951258658,982.637311154,982.650976058,982.948233504,982.948242361,0.31404960500003654,0.01366490399993836,0.29725744600000326,0.0030162970000446876
827,4,16,0.3516106589999026,0.0023651129998825127,983.054871244,983.40411679,983.054976908,983.069091137,983.401059673,983.401068835,0.3492455460000201,0.0141142290000289,0.33196853599997667,0.0030479549999427036
828,0,16,0.31886167499999374,0.0023991130000240446,983.507940704,983.824403266,983.508041379,983.522305858,983.821450997,983.821459446,0.3164625619999697,0.014264478999962193,0.2991451390000748,0.0029438200000413417
829,1,16,0.3314350269999977,0.0024298550000594332,983.928286424,984.257291596,983.928388423,983.941606649,984.254344316,984.254353274,0.3290051719999383,0.013218226000049071,0.31273766699996486,0.0029383219999772336
830,4,16,0.36588877899998806,0.00243942400004471,984.360912224,984.724361579,984.361013714,984.374969142,984.721177014,984.721186277,0.36344935499994335,0.013955428000031134,0.34620787199992265,0.0031753019999314347
831,0,16,0.32586865399991893,0.0023670469998933186,984.828202187,985.151703794,984.82829818,984.841745547,985.148762214,985.148771071,0.3235016070000256,0.013447366999912447,0.30701666700008445,0.0029327229999580595
832,0,16,0.3240761399999883,0.002406440999948245,985.255575755,985.577245454,985.255678161,985.269833006,985.574340622,985.574349376,0.32166969900004005,0.014154845000007299,0.3045076160000235,0.002896078000048874
833,0,16,0.3188537339999584,0.002548649999994268,985.681025595,985.997330679,985.681131157,985.695013292,985.994186221,985.994194874,0.31630508399996415,0.013882135000017115,0.2991729289999512,0.00313580500005628
834,0,16,0.3436467309999216,0.0024733789999800138,986.101452396,986.442625748,986.101555101,986.115784035,986.439218242,986.439226801,0.3411733519999416,0.014228934000016125,0.32343420699999115,0.003398946999936925
835,0,16,0.31641490599997724,0.002456159999951524,986.546621167,986.860579913,986.546723363,986.560324145,986.857556328,986.857564683,0.3139587460000257,0.013600782000025902,0.29723218300000553,0.003015230000073643
836,0,16,0.31755209899995407,0.002476741000009497,986.964502787,987.279578145,986.964606613,986.978442353,987.276648299,987.276657061,0.31507535799994457,0.013835739999990437,0.2982059460000528,0.0029210839999223026
837,0,16,0.3354926810000052,0.00242579600001136,987.382650033,987.715716918,987.38275335,987.396783191,987.712603975,987.712612534,0.3330668849999938,0.014029841000024135,0.31582078399992497,0.0031043840000393175
838,5,16,0.38210978500001147,0.0025648760000649418,987.819563374,988.199108283,987.819669951,987.833157227,988.1957937,988.195802972,0.37954490899994653,0.01348727599997801,0.3626364729999523,0.003305310999962785
839,0,16,0.32730408899999475,0.0024366979999967953,988.303083222,988.627950613,988.303188169,988.317151373,988.625021073,988.625030243,0.32486739099999795,0.013963203999992402,0.30786969999996927,0.0029203700000834942
840,0,16,0.32423689600000216,0.002407048999998551,988.731843837,989.053673684,988.731949293,988.745493526,989.050764726,989.05077359,0.3218298470000036,0.013544233000061467,0.30527119999999286,0.002900094000096942
841,0,16,0.3167962789999592,0.002411327999993773,989.157595132,989.471980083,989.157692946,989.171339782,989.469168328,989.469177192,0.31438495099996544,0.013646836000020812,0.2978285460000052,0.0028028909999875395
842,1,16,0.34422118700001647,0.002414079999994101,989.575875854,989.917682961,989.575975604,989.590052926,989.914545056,989.914553819,0.34180710700002237,0.014077322000048298,0.32449212999995325,0.0031291419999206482
843,0,16,0.3192910550000079,0.002459522000094694,990.021805132,990.338636665,990.021920777,990.03684134,990.3358136,990.335822362,0.3168315329999132,0.014920563000032416,0.29897226000002775,0.002814302999922802
844,4,16,0.416169052999976,0.002433335999967312,990.44266418,990.856399897,990.44276984,990.456742112,990.853078997,990.853087556,0.41373571700000866,0.01397227200004636,0.39633688499998243,0.00331234099996891
845,2,16,0.3615672389998963,0.0024394489998940116,990.960453801,991.319581591,990.960555181,990.974331927,991.31653233,991.316541194,0.3591277900000023,0.013776745999962259,0.34220040299999255,0.003040396999949735
846,0,16,0.31674003599994194,0.002429463999874315,991.423479705,991.737790277,991.423581187,991.437505878,991.735033338,991.735042712,0.3143105720000676,0.013924691000056555,0.2975274599999693,0.00274756500004969
847,0,16,0.3190891100000499,0.002391867000028469,991.841795885,992.158493128,991.841897673,991.856886299,992.155547998,992.155556659,0.31669724300002144,0.014988626000103977,0.298661698999922,0.002936469000019315
848,0,16,0.31813317699993604,0.0024013429998603897,992.262511167,992.578243001,992.262613973,992.276181641,992.575457737,992.575466602,0.31573183400007565,0.013567667999950572,0.2992760959999714,0.002776399000026686
849,5,16,0.37765342399995916,0.0026491399999031273,992.681295837,993.056300121,992.681401497,992.695051797,993.053210512,993.053219376,0.37500428400005603,0.013650299999994786,0.358158714999945,0.0030807450000338577
850,1,16,0.3555789619999814,0.0024127539999199143,993.159905913,993.513072121,993.16000658,993.173981095,993.510060356,993.51006922,0.3531662080000615,0.013974515000086285,0.33607926100000896,0.003002901000058955
851,2,16,0.35329051400003664,0.002462579000052756,993.616877618,993.967705553,993.616982463,993.631347114,993.964667908,993.96467667,0.3508279349999839,0.014364651000050799,0.33332079399997383,0.003028882999956295
852,0,16,0.3323729699999376,0.0023587759999372793,994.071390412,994.401404606,994.071491894,994.085373485,994.398460566,994.398469222,0.3300141940000003,0.013881590999972104,0.3130870810000488,0.002935384000011254
853,0,16,0.3214118649999591,0.0024449469999581197,994.505302229,994.824269147,994.505405591,994.518685136,994.821350565,994.821359527,0.318966918000001,0.0132795450000458,0.3026654289999442,0.002909619999968527
854,0,16,0.3224096420000251,0.0023380220001172347,994.927579998,995.247651618,994.927677352,994.942017912,995.244743322,995.24475208,0.32007161999990785,0.014340559999936886,0.30272540999999364,0.0028995379999514626
855,0,16,0.3232135250000283,0.002466232000074342,995.351628773,995.672376066,995.351733561,995.365690204,995.66949221,995.66950107,0.32074729299995397,0.013956643000028635,0.303802006000069,0.002874995999945895
856,0,16,0.3344860099999778,0.002375700000015968,995.776107087,996.108217397,995.776207496,995.79013919,996.105236289,996.105245148,0.33211030999996183,0.013931694000007155,0.31509709900001326,0.002972248999981275
857,1,16,0.34069843300005687,0.0023315040000397858,996.212102697,996.550469626,996.212201375,996.22662768,996.547481593,996.547490657,0.3383669290000171,0.01442630500002906,0.3208539130000645,0.0029789689999688562
858,0,16,0.32249019300002146,0.0024562520000017685,996.654376515,996.974410456,996.654479572,996.668689275,996.971488209,996.971496967,0.3200339410000197,0.014209703000005902,0.30279893399995217,0.0029134889999795632
859,0,16,0.3224018010000691,0.002432932000033361,997.078329566,997.398298435,997.078447491,997.092321648,997.395376595,997.395385455,0.31996886900003574,0.013874157000032028,0.30305494699996416,0.002912980000019161
860,4,16,0.38439884100000654,0.0024599179999995613,997.502287912,997.884226835,997.502391173,997.516614827,997.880939715,997.880948472,0.381938923000007,0.014223654000034003,0.3643248879999419,0.003278363000049467
861,3,16,0.3590987329999962,0.0024229510000850496,997.988156943,998.344832725,997.988260407,998.002001874,998.341781351,998.341790415,0.3566757819999111,0.013741467000045304,0.3397794769999791,0.0030423099999552505
862,1,16,0.3323178480000024,0.0023781449999660254,998.448730857,998.77867056,998.448830757,998.463391992,998.775711245,998.775720105,0.3299397030000364,0.014561234999973749,0.31231925300005514,0.002950455000018337
863,0,16,0.3230838890000314,0.002349937000076352,998.882594762,999.203328714,998.882691912,998.897005486,999.200033345,999.200042306,0.320733951999955,0.014313573999970686,0.3030278589999398,0.003286408000008123
864,0,16,0.3225653469999088,0.002417554999965432,999.306493433,999.626641225,999.306597712,999.320539793,999.623422537,999.623431295,0.32014779199994337,0.013942080999981954,0.3028827440000441,0.0032099299999117648
865,4,16,0.3927740279999625,0.002539856999987933,999.730677139,1000.12091131,999.730779381,999.74456372,1000.117508606,1000.117517161,0.3902341709999746,0.013784338999926149,0.3729448860000275,0.0033941489999733676
866,0,16,0.32400060500003747,0.0025611419999904683,1000.224821458,1000.546260921,1000.224924413,1000.240069772,1000.54339122,1000.543400182,0.321439463000047,0.015145358999916425,0.3033214480000197,0.0028607389999706356
867,0,16,0.32258214900002713,0.0024590009999201357,1000.649414132,1000.96953728,1000.649516171,1000.663627399,1000.966674912,1000.96668367,0.320123148000107,0.01411122800004705,0.3030475130000241,0.0028536100001019804
868,0,16,0.3238649610000266,0.0024689809999927093,1001.073431135,1001.394827115,1001.073535312,1001.08828097,1001.391984502,1001.391993056,0.3213959800000339,0.01474565800003802,0.3037035319999859,0.002834058999951594
869,3,16,0.36629182499996205,0.002391994999925373,1001.498740624,1001.862640454,1001.498837672,1001.513140146,1001.859531951,1001.859540709,0.3638998300000367,0.01430247399991913,0.34639180500005295,0.0030997449999858873
870,0,16,0.3182678890000261,0.002324990000033722,1001.966435529,1002.282378428,1001.966532985,1001.980771099,1002.279515437,1002.279524391,0.3159428989999924,0.014238114000022506,0.2987443380000059,0.002854037000020071
871,7,16,0.4195346429999063,0.002372530000002371,1002.386144484,1002.803306597,1002.386242576,1002.400550412,1002.799598627,1002.79960748,0.4171621129999039,0.01430783600005725,0.39904821499999343,0.003699116999996477
872,1,16,0.3315757920000806,0.002340376000006472,1002.906566723,1003.235802139,1002.906665426,1002.920821749,1003.232695545,1003.232704499,0.3292354160000741,0.014156322999951954,0.3118737959999862,0.0030976400000781723
873,0,16,0.32328882600006636,0.0024626850000686318,1003.339305258,1003.660131399,1003.339407421,1003.353444486,1003.657247038,1003.657255688,0.32082614099999773,0.014037064999911308,0.3038025520000929,0.002875711000001502
874,0,16,0.32392021900000145,0.0023320320000266292,1003.762790253,1004.08437844,1003.762888447,1003.776946372,1004.081446356,1004.081455209,0.3215881869999748,0.014057924999974603,0.3044999840000173,0.0029232310000679718
875,0,16,0.3243175740000197,0.0024262580000140588,1004.188145411,1004.510036727,1004.188248693,1004.202525799,1004.507135068,1004.507144023,0.32189131600000565,0.014277106000008644,0.30460926900002505,0.0028927040000326087
876,6,16,0.40156381400004193,0.0023708009999836577,1004.613777242,1005.012970255,1004.613874927,1004.628816191,1005.009694848,1005.009703599,0.39919301300005827,0.014941264000071897,0.3808786569999256,0.003266656000050716
877,0,16,0.31677810400003636,0.0024151659999915864,1005.116832062,1005.431195,1005.116933105,1005.131570019,1005.428256608,1005.428265155,0.3143629380000448,0.01463691399999334,0.2966865889999326,0.002929845000039677
878,0,16,0.32520213400005105,0.0024163870000393217,1005.534922897,1005.857708644,1005.535022719,1005.549370138,1005.854375135,1005.854384191,0.3227857470000117,0.014347418999932415,0.30500499700008277,0.0033244530000047234
879,0,16,0.32457470999997895,0.0023719199999732155,1005.961615427,1006.283818217,1005.961713926,1005.976982335,1006.280892137,1006.28090099,0.32220279000000573,0.015268408999986605,0.30390980200002105,0.002917227000011735
880,0,16,0.3242812480000339,0.0024823250000736152,1006.387588241,1006.709387164,1006.387691523,1006.402381858,1006.706316082,1006.706325036,0.32179892299996027,0.014690335000068444,0.3039342239999314,0.003062128000010489
881,3,16,0.34920808100002887,0.0025291320000633277,1006.812457211,1007.15913616,1006.81256202,1006.826462325,1007.15615035,1007.156159304,0.34667894899996554,0.01390030499999284,0.32968802499999583,0.0029768560000320576
882,0,16,0.31713607999995475,0.0024610579999944093,1007.262478811,1007.577153833,1007.262582907,1007.277065356,1007.574301831,1007.57431048,0.31467502199996034,0.014482448999956432,0.29723647499997696,0.002843353000002935
883,0,16,0.3417119589998947,0.002544089999901189,1007.680183993,1008.019351862,1007.680336931,1007.694720677,1008.016164372,1008.016173224,0.3391678689999935,0.01438374599990766,0.3214436950000845,0.0031786380000085046
884,0,16,0.32507565200000954,0.0024167940000552335,1008.122969354,1008.445628212,1008.123071618,1008.137267117,1008.4427235,1008.442732251,0.3226588579999543,0.014195498999924894,0.3054563830000916,0.0028959609999219538
885,4,16,0.3566617710000628,0.0024593280000999584,1008.549333316,1008.903535759,1008.549434664,1008.564132122,1008.900297289,1008.900307261,0.35420244299996284,0.014697458000000552,0.3361651669999901,0.0032284979999985808
886,1,16,0.33273366699995677,0.002394611999875451,1009.007056685,1009.33739574,1009.00716017,1009.022003647,1009.334325981,1009.334347554,0.3303390550000813,0.014843476999999439,0.31232233399998677,0.0030481860000008965
887,0,16,0.3238295550000885,0.0024658410000029107,1009.441351977,1009.762715691,1009.441455157,1009.45587991,1009.759799176,1009.759808029,0.32136371400008557,0.014424753000071178,0.30391926599997987,0.002907661999984157
888,2,16,0.34204307199991035,0.0024568869999939125,1009.866545649,1010.206131834,1009.866654934,1009.880758751,1010.203147346,1010.203155996,0.33958618499991644,0.014103816999977425,0.3223885950000067,0.002975837999997566
889,0,16,0.31927335200009566,0.00241374100005487,1010.310026101,1010.626885712,1010.310128366,1010.324766195,1010.623965126,1010.623973979,0.3168596110000408,0.014637829000093916,0.2991989309999781,0.0029117330000190123
890,5,16,0.35691716200005885,0.0024944110000433284,1010.730845815,1011.085268566,1010.730948893,1010.745022873,1011.082053708,1011.082062473,0.3544227510000155,0.01407398000003468,0.33703083499995046,0.003206093000017063
891,3,16,0.3526794190000828,0.0024736180000672903,1011.189248797,1011.539454598,1011.189350918,1011.204029867,1011.536233524,1011.536241881,0.3502058010000155,0.014678949000085595,0.3322036569999227,0.003212716999996701
892,6,16,0.4047973390000834,0.0024376420000180588,1011.643374088,1012.045733785,1011.643477941,1011.657902506,1012.042259447,1012.042267906,0.40235969700006535,0.01442456500001299,0.38435694099996454,0.003465879000032146
893,4,16,0.3796221999999716,0.0023802629999636338,1012.149688639,1012.526930576,1012.149788925,1012.164105153,1012.523616248,1012.523625013,0.37724193700000797,0.014316227999984221,0.3595110950000162,0.003305563000026268
894,7,16,0.40122200100006467,0.0026642010000159644,1012.63104972,1013.02960752,1012.631157548,1012.647228883,1013.026377272,1013.026385935,0.3985578000000487,0.01607133499999236,0.3791483889999654,0.003221585000005689
895,5,16,0.37446674800003166,0.0024956330000804883,1013.133371892,1013.505343007,1013.133472076,1013.147968085,1013.501895473,1013.501903729,0.37197111499995117,0.014496009000026788,0.35392738799998824,0.0034392779999734557
896,0,16,0.3190484630000583,0.002448344000072211,1013.609427194,1013.926027313,1013.609531658,1013.624034088,1013.922921302,1013.922930372,0.3166001189999861,0.014502429999993183,0.298887213999933,0.003096940999967046
897,2,16,0.33590149700000893,0.002505211999960011,1014.030102225,1014.36349851,1014.030228296,1014.044526893,1014.360516225,1014.360524786,0.3333962850000489,0.014298596999992697,0.31598933199995827,0.002973723999957656
898,0,16,0.32706084100004773,0.002483911000012995,1014.467465696,1014.792042626,1014.467566084,1014.481889344,1014.789123733,1014.789132702,0.32457693000003474,0.014323259999969196,0.3072343889999729,0.0029099240000505233
899,0,16,0.3187767529999519,0.0024303039999722387,1014.895676646,1015.212023095,1014.895852147,1014.910774881,1015.208979253,1015.208987509,0.31634644899997966,0.014922733999924276,0.2982043720001002,0.003035585999896284
900,0,16,0.32615123599998697,0.0026852999999391614,1015.315994868,1015.639460804,1015.316101065,1015.331601055,1015.635791806,1015.635800367,0.3234659360000478,0.015499989999966601,0.3041907510000783,0.0036604370000077324
901,5,16,0.3750301430000036,0.002445184000066547,1015.74352634,1016.116111299,1015.743630397,1015.758019597,1016.112681193,1016.112689958,0.37258495899993704,0.014389200000096025,0.3546615959999144,0.0034213409999210853
902,4,16,0.41154809199997544,0.0023801609999054563,1016.21989473,1016.629062661,1016.219993079,1016.23459498,1016.6257094,1016.625718165,0.40916793100007,0.014601900999991813,0.39111442000000807,0.0033444960000679202
903,6,16,0.4125643029999537,0.002442533999897023,1016.732989183,1017.143110952,1016.733094972,1016.747154676,1017.139745257,1017.139754022,0.4101217690000567,0.01405970400003298,0.39259058099992217,0.0033569299999953728
904,2,16,0.3477258629999369,0.0025003199999673598,1017.247129912,1017.592355455,1017.247282888,1017.262395697,1017.589052643,1017.589062936,0.34522554299996955,0.015112809000015659,0.3266569459999573,0.0032925189999559734
905,5,16,0.382792927999958,0.002545775999919897,1017.6952782,1018.075525352,1017.695387862,1017.709509531,1018.072217343,1018.072226209,0.3802471520000381,0.01412166900001921,0.3627078120000533,0.0032991430000492983
906,0,16,0.32711720200006766,0.0024191950000158613,1018.178924965,1018.503622972,1018.179027901,1018.193893256,1018.500311089,1018.500319752,0.3246980070000518,0.014865354999983538,0.30641783299995495,0.0033032200000207013
907,0,16,0.3197994220000737,0.0024163920001001316,1018.607603203,1018.924986233,1018.607707464,1018.622504331,1018.922030458,1018.922039228,0.3173830299999736,0.014796866999972735,0.29952612700003556,0.0029470050000099945
908,0,16,0.325662131999934,0.0025544859998944958,1019.029057902,1019.352165548,1019.029193433,1019.043953036,1019.349064146,1019.349074038,0.3231076460000395,0.0147596029999022,0.30511111000009805,0.003091509999990194
909,1,16,0.3354173949999222,0.0023834669999587277,1019.456025507,1019.789059435,1019.456126976,1019.471074936,1019.786007697,1019.786016569,0.33303392799996345,0.014947960000085914,0.3149327609999091,0.0030428659999870433
910,0,16,0.3189467780000541,0.0023515469999892957,1019.893070324,1020.209665555,1019.893168326,1019.908142597,1020.206559054,1020.206567212,0.3165952310000648,0.014974271000028239,0.2984164569999166,0.00309834300003331
911,10,16,0.46163412800001424,0.002443125000013424,1020.313578238,1020.772769241,1020.313680931,1020.32862267,1020.769013334,1020.769022206,0.4591910030000008,0.014941738999937115,0.4403906640000059,0.0037470349999466634
912,0,16,0.3407383820000405,0.0024297649999880377,1020.876776459,1021.215085076,1020.876877215,1020.891916446,1021.211940128,1021.211949102,0.33830861700005244,0.015039230999946085,0.3200236820000555,0.0031359740000880265
913,0,16,0.31826310700000704,0.0024414929999920787,1021.31883969,1021.634661304,1021.318943709,1021.333496396,1021.631679116,1021.631687784,0.31582161400001496,0.014552686999991238,0.2981827199999998,0.0029735200000686746
914,0,16,0.31854263299999275,0.0024262979999321033,1021.73867821,1022.054794545,1021.738783861,1021.753176949,1022.051853863,1022.051862327,0.31611633500006064,0.014393088000019816,0.29867691399999785,0.0029322180000690423
915,3,16,0.379352838999921,0.0024372079998329355,1022.158832764,1022.535748395,1022.158937905,1022.173646315,1022.532346356,1022.532355025,0.37691563100008807,0.014708410000025651,0.3587000409999064,0.0033933700000261524
916,0,16,0.32090233799999623,0.002587629000004199,1022.638713993,1022.957028702,1022.638840141,1022.654788725,1022.954070683,1022.954079657,0.31831470899999204,0.015948584000057053,0.2992819580000514,0.0029490450000366764
917,0,16,0.32836550800004716,0.002448936999940088,1023.06055376,1023.386470331,1023.060653802,1023.075545469,1023.383337927,1023.383346493,0.32591657100010707,0.014891666999915287,0.30779245799999444,0.003123838000078649
918,0,16,0.3267758510000931,0.0023963160000448624,1023.490550667,1023.814930202,1023.490652341,1023.506015255,1023.811969124,1023.811977894,0.32437953500004824,0.015362913999979355,0.3059538690000636,0.002952307999976256
919,0,16,0.3280004209999561,0.002395804999878237,1023.918885206,1024.244489822,1023.918981679,1023.934331234,1024.240954701,1024.240963981,0.32560461600007784,0.015349554999943393,0.30662346700000853,0.003525841000055152
920,0,16,0.3170068209999499,0.002406104999863601,1024.348317453,1024.662918169,1024.348419943,1024.363034225,1024.659871733,1024.659880809,0.3146007160000863,0.0146142820001387,0.29683750799995323,0.0030373600000075385
921,0,16,0.3198671439999998,0.0023775509998813504,1024.766738763,1025.084228356,1024.766837378,1024.781891294,1025.081282982,1025.08129165,0.3174895930001185,0.015053915999942546,0.29939168800001426,0.0029367060001277423
922,0,16,0.3187471019998611,0.0024409819998254534,1025.188304715,1025.504610835,1025.188410162,1025.203104193,1025.501401946,1025.501410614,0.31630612000003566,0.014694030999862662,0.2982977530000426,0.003200221000042802
923,2,16,0.3416781240000546,0.002435477000062747,1025.608634981,1025.947877628,1025.608737878,1025.62338306,1025.944809879,1025.944818446,0.33924264699999185,0.014645181999867418,0.32142681900018033,0.0030591820000154257
924,0,16,0.32450466399996003,0.002483203000110734,1026.051970101,1026.373991562,1026.05207463,1026.067074599,1026.371018043,1026.371027221,0.3220214609998493,0.014999968999973134,0.30394344399996953,0.002964340999824344
925,0,16,0.32491146000006665,0.0023444070000095962,1026.477955846,1026.800522899,1026.478051605,1026.492854142,1026.797506548,1026.797515216,0.32256705300005706,0.014802536999923177,0.3046524060000593,0.003007683000078032
926,1,16,0.3330751250000503,0.002602418999913425,1026.904104262,1027.234576968,1026.904209312,1026.920332379,1027.231559746,1027.231568398,0.3304727060001369,0.016123067000080482,0.3112273669999013,0.003008570000019972
927,0,16,0.32271726099997977,0.0023941519998516014,1027.338377309,1027.658700418,1027.338482562,1027.352910077,1027.655740403,1027.655749768,0.32032310900012817,0.014427514999852065,0.30283032600004844,0.002950650000002497
928,0,16,0.34267351700009385,0.0024440300001060677,1027.762554607,1028.102784094,1027.762659962,1027.777959429,1028.099743561,1028.099752519,0.3402294869999878,0.015299466999977085,0.32178413199994793,0.0030315750000227126
929,3,16,0.3523735999999644,0.0025848089999271906,1028.206710148,1028.556498939,1028.206848077,1028.222334943,1028.55347052,1028.553479375,0.34978879100003724,0.015486866000173904,0.3311355769999409,0.0030195639999419654
930,5,16,0.38957752300007087,0.002467136999939612,1028.660507954,1029.04761834,1028.660610866,1028.675149844,1029.044248816,1029.044257671,0.38711038600013126,0.014538978000018687,0.369098971999847,0.003360669000130656
931,0,16,0.3420521769999141,0.002405755999916437,1029.151396389,1029.49104281,1029.151496044,1029.166503978,1029.488007876,1029.488017139,0.33964642099999764,0.015007934000095702,0.3215038979999463,0.0030256709999321174
932,0,16,0.32368937699993694,0.0023449869997875794,1029.594598748,1029.915943138,1029.594694942,1029.609842128,1029.912954316,1029.912964292,0.32134439000014936,0.015147186000149304,0.3031121879998864,0.002978846000132762
933,0,16,0.3233506120000129,0.0024087080000754213,1030.019896371,1030.340838275,1030.019998163,1030.034943292,1030.337762827,1030.337771989,0.3209419039999375,0.014945128999897861,0.302819535000026,0.0030662859999210923
934,7,16,0.40742729299995517,0.002436600000010003,1030.444280816,1030.849271509,1030.444383219,1030.45936255,1030.84589211,1030.845900864,0.40499069299994517,0.014979330999949525,0.3865295600000991,0.0033706449999044708
935,0,16,0.3334530800000266,0.0023890639999990526,1030.952750798,1031.283814814,1030.952849943,1030.967713434,1031.280787413,1031.28079637,0.33106401600002755,0.014863490999914575,0.3130739790001371,0.003018443999962983
936,0,16,0.3353085469998405,0.0023764399998071895,1031.387569043,1031.72050115,1031.387672261,1031.403425314,1031.717531261,1031.717540423,0.3329321070000333,0.01575305300002583,0.31410594699991634,0.0029607270000724384
937,3,16,0.3624691449999773,0.0025270930000260705,1031.824344244,1032.184286296,1031.824451024,1031.839982781,1032.18096665,1032.1809752,0.3599420519999512,0.015531756999962454,0.3409838690001834,0.0033110960000612977
938,0,16,0.32727398799988805,0.0023737939998227375,1032.288138857,1032.613039051,1032.288238919,1032.303638346,1032.61000086,1032.610009818,0.3249001940000653,0.015399427000147625,0.3063625139998294,0.0030292330000065704
939,0,16,0.32378994700002295,0.0025069379998967634,1032.716991266,1033.038274275,1032.71709713,1032.731836842,1033.035314769,1033.035323829,0.3212830090001262,0.014739711999936844,0.3034779270001309,0.0029504460001135158
940,3,16,0.4090473149999525,0.0024819999998726416,1033.142341109,1033.548906424,1033.142451146,1033.157588255,1033.545498728,1033.545507889,0.40656531500007986,0.015137109000079363,0.3879104729999199,0.003398535000087577
941,0,16,0.32308870099996057,0.00254144600012296,1033.651875938,1033.972423193,1033.651980987,1033.666833078,1033.969221931,1033.969230685,0.3205472549998376,0.014852091000193468,0.30238885299991125,0.003192507999983718
942,0,16,0.3207727250000971,0.0023998520000532153,1034.076393934,1034.394766807,1034.076493589,1034.091622351,1034.391677923,1034.391686575,0.3183728730000439,0.015128762000131246,0.3000555720000193,0.00308023200000207
943,2,16,0.35981104500001493,0.0024294740001096216,1034.498684718,1034.856066289,1034.498783558,1034.513489068,1034.852857189,1034.852865943,0.3573815709999053,0.01470550999988518,0.3393681210000068,0.0032003459998577455
944,0,16,0.32258374499997444,0.0024848719999681634,1034.960055479,1035.280154352,1034.960157784,1034.974639817,1035.277252643,1035.277261583,0.3200988730000063,0.014482032999922012,0.302612826000086,0.0028927690000273287
945,1,16,0.34931692400004977,0.00245368400010193,1035.383799403,1035.730662643,1035.383901199,1035.398932548,1035.727688193,1035.727697133,0.34686323999994784,0.015031348999855254,0.3287556450000011,0.002965509999967253
946,0,16,0.34125355899982424,0.0024565269998220174,1035.834317548,1036.17311458,1035.834419345,1035.849581546,1036.169886857,1036.169895797,0.3387970320000022,0.015162201000066489,0.3203053109998564,0.003218782999965697
947,4,16,0.35391117900007885,0.002464146999955119,1036.276600129,1036.628047161,1036.276704059,1036.291511496,1036.624719063,1036.624727699,0.3514470320001237,0.014807437000172285,0.3332075669998176,0.0033194620000358555
948,4,16,0.39139578100002836,0.002399634999846967,1036.731787607,1037.120783753,1036.731887372,1036.746899824,1037.11732267,1037.117331203,0.3889961460001814,0.01501245199983714,0.37042284600011044,0.0034525500000199827
949,0,16,0.32315317600000526,0.002488733000063803,1037.224561687,1037.54522613,1037.22466582,1037.23965389,1037.542107214,1037.542116357,0.32066444299994146,0.014988070000072184,0.30245332399999825,0.003109773000005589
950,0,16,0.323179995999908,0.002385613999877023,1037.64791539,1037.968709772,1037.648015256,1037.663863315,1037.965782155,1037.965791096,0.32079438200003096,0.015848059000063586,0.3019188399998711,0.0029186760000357026
951,0,16,0.32374211299998024,0.0024025820000588283,1038.072490043,1038.393829574,1038.07259509,1038.08790897,1038.390777811,1038.390786852,0.3213395309999214,0.015313879999894198,0.30286884099996314,0.0030427219999182853
952,0,16,0.3238698159998421,0.002437834999682309,1038.497516684,1038.818948665,1038.497621528,1038.512595985,1038.815857382,1038.815865814,0.3214319810001598,0.014974456999880204,0.3032613970001421,0.003082851000044684
953,0,16,0.32328880299996854,0.0023808410001038283,1038.922732594,1039.243640556,1038.922832866,1038.937827438,1039.240562379,1039.240570811,0.3209079619998647,0.014994572000205153,0.30273494099992604,0.003069744999947943
954,0,16,0.323131740000008,0.0024966570001652144,1039.347110053,1039.667745136,1039.347216625,1039.362418244,1039.664652532,1039.664661574,0.3206350829998428,0.015201618999981292,0.3022342879999087,0.003083561999801532
955,1,16,0.3317477719999715,0.002389272000073106,1039.771571835,1040.100930335,1039.771672007,1039.78701606,1040.097749954,1040.09775859,0.3293584999998984,0.015344053000035274,0.31073389399989537,0.0031717449999177916
956,0,16,0.34040799800004606,0.0024890380000215373,1040.20460058,1040.54251954,1040.204703088,1040.219683234,1040.539434048,1040.539443293,0.3379189600000245,0.014980145999970773,0.3197508139999172,0.0030762470000809117
957,4,16,0.36024359600014577,0.0024447430000691384,1040.646157784,1041.003956637,1040.64634055,1040.661834048,1041.000656071,1041.000665215,0.35779885300007663,0.015493497999841566,0.33882202300014796,0.0032914220000748173
958,2,16,0.3523916469998767,0.0024153819999810366,1041.107643645,1041.45761991,1041.107751131,1041.122775165,1041.454517248,1041.454526087,0.34997626499989565,0.01502403399990726,0.3317420830001083,0.0030938229999719624
959,1,16,0.3262474050000037,0.002396079000163809,1041.561431472,1041.885282798,1041.561529509,1041.577161174,1041.882324602,1041.882333034,0.3238513259998399,0.015631665000000794,0.3051634280000144,0.0029497639998226077
960,0,16,0.3170312620000004,0.0024428140000054555,1041.989056059,1042.303644507,1041.989155823,1042.00436811,1042.30054022,1042.300548856,0.31458844799999497,0.015212287000167635,0.2961721099998158,0.0030956509999668924
961,0,16,0.3179909119999138,0.0024135539999861066,1042.407412994,1042.722990352,1042.407517127,1042.422716613,1042.71987621,1042.719884947,0.3155773579999277,0.015199486000028628,0.29715959700001804,0.0031054049998147093
962,2,16,0.3645867130001079,0.002407561000154601,1042.82668752,1043.188866672,1042.82678891,1042.842372521,1043.185630822,1043.185639559,0.3621791519999533,0.015583611000010933,0.343258300999878,0.003227112999866222
963,0,16,0.3198288380001486,0.0024837550001848285,1043.292069893,1043.609414976,1043.292172807,1043.307214722,1043.606351022,1043.60635986,0.3173450829999638,0.015041914999983419,0.2991362999998728,0.0030551159998140065
964,0,16,0.31951823800000057,0.002430451999998695,1043.713511941,1044.030599727,1043.713617253,1043.729265038,1044.027490313,1044.0274992,0.31708778600000187,0.015647785000055592,0.2982252750000498,0.003100527000015063
965,0,16,0.3516766309999184,0.0024216669999077567,1044.134617948,1044.483872912,1044.134720502,1044.150051738,1044.480766154,1044.480775347,0.34925496400001066,0.015331236000065473,0.33071441600009166,0.0030975649999618327
966,2,16,0.40024593799989816,0.002352617000042301,1044.587917793,1044.985811114,1044.58801667,1044.603241776,1044.982386683,1044.982395263,0.39789332099985586,0.015225106000116284,0.3791449069999544,0.0034158509999997477
967,4,16,0.3629759749999266,0.002504302999795982,1045.089826066,1045.450297738,1045.089931072,1045.105498366,1045.447147875,1045.44715666,0.36047167200013064,0.015567293999993126,0.3416495090000353,0.0031410779999987426
968,0,16,0.3195990350000102,0.002498481000202446,1045.554347829,1045.871448383,1045.554453039,1045.569611138,1045.868455007,1045.868463587,0.31710055399980774,0.01515809900001841,0.2988438689999384,0.0029847959999642626
969,0,16,0.32213479899996855,0.0024530260000119597,1045.975553531,1046.295235304,1045.975659354,1045.993056994,1046.292129261,1046.292141314,0.3196817729999566,0.017397639999899184,0.2990722669999286,0.00309399000002486
970,0,16,0.32076972599998044,0.0024060400000962545,1046.398927783,1046.717291469,1046.399030541,1046.414789052,1046.714395642,1046.71440412,0.3183636859998842,0.015758511000058206,0.2996065899999394,0.002887349000047834
971,0,16,0.32174429599990617,0.0025494509998225112,1046.821616536,1047.140811381,1046.821720316,1046.837080765,1047.137869792,1047.137878781,0.31919484500008366,0.015360449000127119,0.300789026999837,0.0029326000001219654
972,0,16,0.3498646699999881,0.002401034000058644,1047.244841962,1047.592305598,1047.244946763,1047.260168805,1047.589202007,1047.589210791,0.34746363599992947,0.015222042000004876,0.32903320200011876,0.0030948070000249572
973,3,16,0.38033193999990544,0.003297156999906292,1047.695334948,1048.072369731,1047.695441792,1047.71084933,1048.069105669,1048.069114147,0.37703478299999915,0.015407537999863052,0.35825633900003595,0.0032555840000441094
974,0,16,0.32948652400000356,0.0024348449999251898,1048.177155577,1048.504207256,1048.177256701,1048.192474044,1048.501186811,1048.501195596,0.32705167900007837,0.015217342999903849,0.3087127670000882,0.0030116600000837934
975,0,16,0.31972028199993474,0.0023601759999110072,1048.60826225,1048.925622356,1048.60836082,1048.623368663,1048.922658295,1048.922666876,0.31736010600002373,0.015007843000148569,0.2992896319999545,0.002955480000082389
976,1,16,0.33764519800001835,0.002399706000005608,1049.029237715,1049.364483207,1049.029335571,1049.044999494,1049.361311178,1049.361320575,0.33524549200001275,0.015663922999920032,0.3163116840000839,0.0031626319998849795
977,0,16,0.3207592050000585,0.0023947019999468466,1049.468230947,1049.78659545,1049.468335544,1049.484012031,1049.783684914,1049.783693699,0.31836450300011165,0.0156764870000643,0.29967288300008477,0.0029017510000812763
978,1,16,0.35971844999994573,0.0025369889999637962,1049.890869853,1050.248051314,1049.890976493,1049.907174434,1050.244781838,1050.244790622,0.35718146099998194,0.01619794099997307,0.3376074040002095,0.003260691999912524
979,2,16,0.3650254249998852,0.0023853039997447922,1050.352231231,1050.714871352,1050.352334194,1050.367660424,1050.711690437,1050.711699221,0.3626401210001404,0.015326230000027863,0.3440300130000651,0.0031721310001557868
980,0,16,0.3201859630000854,0.002428306000183511,1050.818700298,1051.136457955,1050.818809083,1050.834281586,1051.133393383,1051.133402065,0.3177576569999019,0.015472503000182769,0.2991117970000232,0.0030558900000414724
981,0,16,0.31964918900007433,0.00245874699999149,1051.240666882,1051.557857324,1051.24076913,1051.256573912,1051.554740351,1051.554749136,0.31719044200008284,0.01580478200003199,0.29816643899994233,0.003108187999941947
982,0,16,0.3264065439998376,0.0024351899999146553,1051.662042403,1051.986013757,1051.662146549,1051.677890441,1051.982884256,1051.982893241,0.32397135399992294,0.01574389200004589,0.3049938149999889,0.0031205159998535237
983,1,16,0.32737408699995285,0.0024705199998606986,1052.090163243,1052.41506681,1052.090291078,1052.105730902,1052.41188105,1052.411889525,0.32490356700009215,0.015439823999940927,0.30615014799991513,0.00317728499999248
984,0,16,0.33822645999998713,0.002441930000031789,1052.519243253,1052.855027783,1052.519348829,1052.53507281,1052.851994975,1052.85200345,0.33578452999995534,0.01572398100006467,0.3169221650000509,0.0030243329999848356
985,3,16,0.3556883610001478,0.0024602060000233905,1052.958743939,1053.311972094,1052.958847575,1052.97467897,1053.308659928,1053.308668709,0.3532281550001244,0.015831395000077464,0.33398095799998373,0.0033033850002084364
986,0,16,0.3221448069998587,0.0023607559996889904,1053.415969751,1053.735753802,1053.416070732,1053.431963492,1053.73284454,1053.732853321,0.3197840510001697,0.015892760000042472,0.30088104800006477,0.0029004810000969883
987,0,16,0.3197528069999862,0.0024196710000978783,1053.839343348,1054.156676484,1053.839444737,1053.854849336,1054.153623663,1054.153632853,0.3173331359998883,0.015404599000021335,0.29877432700004647,0.0030436309998549405
988,0,16,0.36005618500007586,0.002605093000056513,1054.260739692,1054.618190784,1054.2608565,1054.277201071,1054.614919562,1054.614928343,0.35745109200001934,0.016344570999990538,0.3377184910000324,0.0032624410000607895
989,0,16,0.33067307999999684,0.002480933000015284,1054.722457691,1055.050649838,1054.722563369,1054.738539855,1055.047488583,1055.047498589,0.32819214699998156,0.015976485999999568,0.3089487279999048,0.003151248999984091
990,0,16,0.320723820000012,0.002432638000072984,1055.15427073,1055.472561912,1055.154372426,1055.170111314,1055.469629983,1055.469638866,0.318291181999939,0.015738887999987128,0.29951866900000823,0.002923045999978058
991,0,16,0.35138353699994695,0.0025325989997782017,1055.576318194,1055.925169132,1055.57642377,1055.592314692,1055.922026868,1055.922035649,0.34885093800016875,0.015890921999925922,0.32971217600015734,0.0031334830000560032
992,0,16,0.31984837699997115,0.002513709999902858,1056.029355989,1056.346690656,1056.029462382,1056.044917318,1056.343685723,1056.343693993,0.3173346670000683,0.015454935999969166,0.29876840499991886,0.0029966629999762517
993,0,16,0.348609869000029,0.0024390710000261606,1056.450945719,1056.797116517,1056.451050478,1056.466403514,1056.794028777,1056.794037864,0.34617079800000283,0.015353035999851272,0.32762526300007266,0.0030786529998749756
994,0,16,0.3358702989999074,0.0024631679998492473,1056.901214135,1057.234621266,1056.901318486,1056.916815182,1057.23162348,1057.231632261,0.33340713100005814,0.015496695999900112,0.31480829800011634,0.0029890050000176416
995,0,16,0.3282648449999215,0.002373416999944311,1057.338264723,1057.664156151,1057.338365908,1057.354196282,1057.661223303,1057.661232084,0.32589142799997717,0.01583037399996101,0.3070270210000672,0.00292406700009451
996,3,16,0.3794982990000335,0.002441419000206224,1057.768000447,1058.145057327,1057.768097957,1057.784084653,1058.141813775,1058.141823067,0.3770568799998273,0.015986696000027223,0.3577291219999097,0.003234259999999267
997,0,16,0.3522110930000508,0.0024267170001621707,1058.248967277,1058.598751653,1058.249072955,1058.265059242,1058.595563034,1058.595572019,0.34978437599988865,0.015986287000032462,0.33050379199994495,0.0031796339999345946
998,0,16,0.327229915000089,0.0025168750000830187,1058.702046832,1059.026759872,1058.702149753,1058.71826459,1059.023636804,1059.023645177,0.324713040000006,0.016114837000031912,0.30537221400004455,0.0031146950000220386
999,0,16,0.32715364300020155,0.002505235000171524,1059.130305922,1059.45495433,1059.130413131,1059.146301603,1059.451979313,1059.451988094,0.32464840800003003,0.015888471999915055,0.3056777100000545,0.002966236000020217
1000,2,16,0.36142681799992715,0.002400796000074479,1059.558669464,1059.917695486,1059.558771671,1059.574937152,1059.914552189,1059.914560832,0.3590260219998527,0.0161654810001437,0.33961503699993045,0.0031346539999503875
