request_id,num_generated_notes,generation_start_tick,round_trip_time,total_network_latency,server_request_arrival_time,server_response_output_time,server_preprocess_start_time,server_inference_start_time,server_inference_end_time,server_postprocess_start_time,server_processing_duration,preprocess_duration,inference_duration,postprocess_duration
1,0,16,0.13669816096080467,0.002026294998358935,345260.715941501,345260.850613367,345260.7160467,345260.719075893,345260.849903269,345260.849911369,0.13467186596244574,0.0030291929724626243,0.1308273759786971,0.0007019980112090707
2,0,16,0.11979170294944197,0.0025673939380794764,345260.953350113,345261.070574422,345260.953456712,345260.955597607,345261.069886224,345261.069894624,0.11722430901136249,0.0021408949978649616,0.11428861698368564,0.0006797980167903006
3,0,16,0.08601848699618131,0.002560393011663109,345261.173450567,345261.256908661,345261.173553467,345261.17642816,345261.256241562,345261.256249962,0.0834580939845182,0.002874693018384278,0.07981340202968568,0.0006586989620700479
4,0,16,0.09530346404062584,0.0026590940542519093,345261.359837606,345261.452481976,345261.359942205,345261.362945398,345261.451755078,345261.451763378,0.09264436998637393,0.0030031930073164403,0.088809679960832,0.0007185980211943388
5,0,16,0.08798088203184307,0.002566593058872968,345261.555376821,345261.64079111,345261.555482621,345261.558479614,345261.640115711,345261.640124111,0.0854142889729701,0.0029969929601065814,0.0816360970493406,0.0006669989670626819
6,0,16,0.08496978902257979,0.0026099930400960147,345261.743718555,345261.826078351,345261.743849454,345261.746816747,345261.825370053,345261.825378153,0.08235979598248377,0.002967293024994433,0.07855330599704757,0.0007001979975029826
7,0,16,0.08592718699947,0.0025426929933018982,345261.928931396,345262.01231589,345261.929038596,345261.932101088,345262.011655591,345262.011663591,0.0833844940061681,0.0030624920036643744,0.07955450302688405,0.0006522989715449512
8,0,16,0.08716338401427492,0.0026229940121993423,345262.115245035,345262.199785425,345262.115348434,345262.118339927,345262.199083527,345262.199091927,0.08454039000207558,0.002991492976434529,0.0807436000322923,0.000693498004693538
9,0,16,0.08637168596033007,0.002534693921916187,345262.302641971,345262.386478963,345262.30274717,345262.305861663,345262.385807465,345262.385817065,0.08383699203841388,0.0031144930399022996,0.0799458019901067,0.0006618979969061911
10,0,16,0.08488408999983221,0.0025979939964599907,345262.489411708,345262.571697804,345262.489517908,345262.4926587,345262.570984206,345262.570992906,0.08228609600337222,0.003140791959594935,0.07832550600869581,0.0007048980332911015
11,0,16,0.08420429099351168,0.002605293004307896,345262.674623849,345262.756222847,345262.674728549,345262.677806142,345262.755534649,345262.755542949,0.08159899798920378,0.003077592991758138,0.07772850699257106,0.000679897959344089
12,0,16,0.08398089202819392,0.0026382930227555335,345262.859216392,345262.940558991,345262.859325192,345262.862358785,345262.939690193,345262.939698793,0.08134259900543839,0.003033593005966395,0.07733140798518434,0.0008601979934610426
13,0,16,0.08695438498398289,0.0025855940184555948,345263.043456036,345263.127824827,345263.043563236,345263.046633728,345263.127123529,345263.127140129,0.0843687909655273,0.0030704920063726604,0.08048980095190927,0.0006846979958936572
14,0,16,0.08384049200685695,0.002595892990939319,345263.230750273,345263.311994872,345263.230856172,345263.233827265,345263.311308873,345263.311320773,0.08124459901591763,0.002971092995721847,0.07748160802293569,0.0006740990211255848
15,0,16,0.11086532496847212,0.002602292981464416,345263.414865017,345263.523128049,345263.415001017,345263.418110509,345263.522301651,345263.522310051,0.10826303198700771,0.0031094920122995973,0.1041911420179531,0.000817997963167727
16,0,16,0.08457989100134,0.0025937939644791186,345263.626067194,345263.708053291,345263.626170294,345263.629203486,345263.707373793,345263.707382093,0.08198609703686088,0.0030331920133903623,0.0781703069806099,0.0006711980095133185
17,0,16,0.08406109199859202,0.0026291930116713047,345263.810976436,345263.892408335,345263.811081636,345263.814237428,345263.891714137,345263.891722437,0.08143189898692071,0.003155792015604675,0.0774767089751549,0.0006858980050310493
18,0,16,0.08481089002452791,0.0025506929960101843,345263.99531408,345264.077574277,345263.99541768,345263.998450972,345264.076894178,345264.076902478,0.08226019702851772,0.0030332920141518116,0.0784432059735991,0.0006717990036122501
19,0,16,0.08137969899689779,0.0027259940397925675,345264.180537722,345264.259191427,345264.180645022,345264.183101215,345264.258495829,345264.258504329,0.07865370495710522,0.0024561929749324918,0.07539461401756853,0.0006870979559607804
20,0,16,0.0868557840003632,0.0025843929615803063,345264.362063073,345264.446334464,345264.362197072,345264.365402364,345264.445569665,345264.445578265,0.0842713910387829,0.0032052919850684702,0.08016730099916458,0.0007561990059912205
21,0,16,0.08786108199274167,0.0025897930026985705,345264.549228608,345264.634499897,345264.549336408,345264.5525833,345264.633810698,345264.633819198,0.0852712889900431,0.00324689201079309,0.08122739801183343,0.0006806990131735802
22,0,16,0.08700868400046602,0.0026563929859548807,345264.737449341,345264.821801632,345264.737561641,345264.740716633,345264.821104634,345264.821112934,0.08435229101451114,0.003154991951305419,0.0803880009916611,0.0006886980263516307
23,0,16,0.08723148400895298,0.0025768940104171634,345264.924695777,345265.009350367,345264.924818077,345264.928046969,345265.008656569,345265.008664769,0.08465458999853581,0.003228891990147531,0.08060960000148043,0.0006855980027467012
24,0,16,0.08581608696840703,0.002563193964306265,345265.112237212,345265.195490105,345265.112355211,345265.115526304,345265.194788707,345265.194796907,0.08325289300410077,0.003171093005221337,0.07926240301458165,0.0006931980024091899
25,0,16,0.08714448404498398,0.0025892940466292202,345265.29838595,345265.38294114,345265.29849355,345265.301691842,345265.382118442,345265.382126542,0.08455518999835476,0.0031982919899746776,0.080426600005012,0.0008145979954861104
26,0,16,0.08503328898223117,0.0025274939835071564,345265.485800685,345265.56830648,345265.485906385,345265.489174877,345265.567612182,345265.567620482,0.08250579499872401,0.003268492000643164,0.07843730499735102,0.0006859980057924986
27,0,16,0.11972810403676704,0.002643893996719271,345265.671265525,345265.788349735,345265.671372825,345265.674564017,345265.787595337,345265.787604137,0.11708421004004776,0.0031911919941194355,0.11303132004104555,0.000745598052162677
28,0,16,0.0837400919990614,0.0025402940227650106,345265.89122788,345265.972427678,345265.891332579,345265.894467472,345265.97169208,345265.97170038,0.0811997979762964,0.0031348929624073207,0.07722460804507136,0.0007272980292327702
29,0,16,0.08204989699879661,0.0025355939869768918,345266.075288823,345266.154803126,345266.075396623,345266.078708915,345266.154055428,345266.154064428,0.07951430301181972,0.003312291984912008,0.07534651301102713,0.0007386979996226728
30,0,16,0.08390519197564572,0.0025364930042997003,345266.257590671,345266.33895937,345266.257696671,345266.260959663,345266.338249671,345266.338258071,0.08136869897134602,0.0032629920169711113,0.07729000796098262,0.0007012989954091609
31,0,16,0.08232089498778805,0.002591591968666762,345266.441828114,345266.521557417,345266.441935714,345266.445116106,345266.520855119,345266.520863218,0.07972930301912129,0.003180392028298229,0.07573901297291741,0.0006941989995539188
32,0,16,0.08471698994981125,0.0026389939012005925,345266.624463162,345266.706541158,345266.624574861,345266.627992653,345266.70583246,345266.70584156,0.08207799604861066,0.003417791973333806,0.07783980702515692,0.0006995980511419475
33,0,16,0.08320319402264431,0.002635394048411399,345266.809465503,345266.890033303,345266.809573803,345266.812994794,345266.889196505,345266.889205105,0.08056779997423291,0.003420991008169949,0.07620171102462336,0.0008281979826278985
34,0,16,0.08197819697670639,0.0024663949734531343,345266.992850749,345267.072362551,345266.992956548,345266.99637924,345267.071665053,345267.071673253,0.07951180200325325,0.0034226920106448233,0.07528581301448867,0.0006892979727126658
35,0,16,0.0833419929840602,0.002611093979794532,345267.175176297,345267.255907196,345267.175282496,345267.178615288,345267.255220198,345267.255228598,0.08073089900426567,0.0033327919663861394,0.07660491002025083,0.0006785980076529086
36,0,16,0.08296359499217942,0.0026035949704237282,345267.358743442,345267.439103442,345267.358849541,345267.362205133,345267.438321344,345267.438329844,0.0803600000217557,0.0033555920235812664,0.07611621095566079,0.0007735980325378478
37,0,16,0.08356219297274947,0.002582893008366227,345267.541966087,345267.622945387,345267.542073487,345267.545427579,345267.622224988,345267.622233288,0.08097929996438324,0.0033540920121595263,0.07679740898311138,0.0007120989612303674
38,0,16,0.08426189102465287,0.002536294050514698,345267.725813832,345267.807539429,345267.725919532,345267.729361623,345267.806777131,345267.806785631,0.08172559697413817,0.0034420909942127764,0.07741550798527896,0.0007537979981862009
39,0,16,0.08420019195182249,0.002632393967360258,345267.910489474,345267.992057272,345267.910594574,345267.914053665,345267.991301274,345267.991309774,0.08156779798446223,0.003459091007243842,0.0772476089769043,0.0007474980084225535
40,0,16,0.08584928698837757,0.0025163929676637053,345268.094889117,345268.178222011,345268.094995017,345268.098310809,345268.177522912,345268.177531312,0.08333289402071387,0.003315792011562735,0.0792121029808186,0.000690699031110853
41,0,16,0.08476908999728039,0.002665793988853693,345268.281141556,345268.363244852,345268.281248155,345268.284631347,345268.362334455,345268.362343355,0.0821032960084267,0.0033831920009106398,0.0777031080215238,0.0009014969691634178
42,0,16,0.0834157940116711,0.0025695940130390227,345268.466091697,345268.546937897,345268.466199097,345268.469534989,345268.546164799,345268.546172899,0.08084619999863207,0.003335891989991069,0.07662981003522873,0.0007649979670532048
43,0,16,0.08243029599543661,0.0025766940088942647,345268.649862242,345268.729715844,345268.649968942,345268.653507533,345268.729010646,345268.729018846,0.07985360198654234,0.0035385910305194557,0.07550311298109591,0.0006969979731366038
44,0,16,0.08625878696329892,0.0025797939742915332,345268.832613589,345268.916292582,345268.832732489,345268.83631228,345268.915580384,345268.915588784,0.08367899298900738,0.003579790994990617,0.0792681040475145,0.0007037980249151587
45,0,16,0.08590108703356236,0.002566593058872968,345269.019187227,345269.102521721,345269.019292027,345269.022852718,345269.101787123,345269.101795623,0.0833344939746894,0.0035606910241767764,0.07893440499901772,0.0007260979618877172
46,0,16,0.08596888702595606,0.002555993036366999,345269.205334666,345269.28874756,345269.205441866,345269.209027157,345269.288016761,345269.288024961,0.08341289398958907,0.0035852909786626697,0.07898960402235389,0.0007225989829748869
47,0,16,0.08242369600338861,0.002596293983515352,345269.391603305,345269.471430707,345269.391724204,345269.395312596,345269.470720909,345269.470729409,0.07982740201987326,0.0035883919917978346,0.07540831301594153,0.0007012980058789253
48,0,16,0.09250147099373862,0.0025699930265545845,345269.574270852,345269.66420233,345269.574375052,345269.577913443,345269.663428331,345269.663436331,0.08993147796718404,0.003538390970788896,0.08551488805096596,0.0007659990224055946
49,0,16,0.084344991017133,0.0025934940204024315,345269.767065075,345269.848816572,345269.767172475,345269.770767166,345269.848048574,345269.848056774,0.08175149699673057,0.0035946909920312464,0.0772814080119133,0.0007597979856655002
50,0,16,0.08615708601428196,0.002543793001677841,345269.951659118,345270.035272411,345269.951811517,345269.955313409,345270.034526013,345270.034534112,0.08361329301260412,0.003501891973428428,0.07921260403236374,0.000738298986107111
51,0,16,0.08377479203045368,0.0026586930616758764,345270.138228956,345270.219345055,345270.138334655,345270.141999046,345270.218586357,345270.218595057,0.0811160989687778,0.003664390998892486,0.0765873109921813,0.000749997969251126
52,0,16,0.0953145640087314,0.00251819402910769,345270.3221944,345270.41499077,345270.3223004,345270.325949691,345270.414240372,345270.414248672,0.0927963699796237,0.003649291000328958,0.08829068101476878,0.0007420979673042893
53,0,16,0.08508388901827857,0.002561094064731151,345270.517867616,345270.600390411,345270.517974215,345270.521502507,345270.599524813,345270.599533513,0.08252279495354742,0.0035282919998280704,0.07802230602828786,0.0008568979683332145
54,0,16,0.08510258898604661,0.002620193990878761,345270.703290957,345270.785773352,345270.703396156,345270.707013547,345270.784803155,345270.784811155,0.08248239499516785,0.003617390990257263,0.07778960798168555,0.000962197023909539
55,0,16,0.08699498401256278,0.002687091997358948,345270.888793997,345270.973101889,345270.888902097,345270.892573788,345270.97237509,345270.97238339,0.08430789201520383,0.003671690996270627,0.07980130199575797,0.000718499009963125
56,0,16,0.12148149899439886,0.0025086929672397673,345271.075900734,345271.19487354,345271.076004434,345271.079521525,345271.194120442,345271.194129541,0.1189728060271591,0.00351709098322317,0.1145989170181565,0.0007439990295097232
57,0,16,0.08409319201018661,0.002635694050695747,345271.297706085,345271.379163583,345271.297814685,345271.301478576,345271.378443185,345271.378451285,0.08145749795949087,0.0036638909950852394,0.0769646090338938,0.0007122979732230306
58,0,16,0.0964361610240303,0.002580094034783542,345271.482063529,345271.575919596,345271.482170828,345271.485826419,345271.575056599,345271.575064798,0.09385606698924676,0.0036555910483002663,0.08923017996130511,0.0008547980105504394
59,0,16,0.08617608697386459,0.003282691934145987,345271.678727042,345271.761620437,345271.678835642,345271.682464833,345271.760863839,345271.760872239,0.0828933950397186,0.003629191021900624,0.07839900598628446,0.0007481980137526989
60,0,16,0.08518608997110277,0.0026416939799673855,345271.86529828,345271.947842676,345271.86540528,345271.869022671,345271.947102278,345271.947110978,0.08254439599113539,0.003617390990257263,0.07807960698846728,0.0007316980045288801
61,3,16,0.11179632402490824,0.00253599404823035,345272.050711021,345272.159971351,345272.050815221,345272.054430412,345272.159105553,345272.159113753,0.1092603299766779,0.0036151910317130387,0.10467514098854735,0.0008575979736633599
62,0,16,0.08253269596025348,0.002479793969541788,345272.262843096,345272.342895998,345272.262947096,345272.266674287,345272.3420995,345272.3421079,0.08005290199071169,0.0037271909532137215,0.07542521302821115,0.0007880979683250189
63,0,16,0.08312609599670395,0.0026013930328190327,345272.445745446,345272.526270149,345272.445852545,345272.449599236,345272.525428651,345272.525437051,0.08052470296388492,0.0037466910434886813,0.07582941500004381,0.0008330979617312551
64,1,16,0.09152557700872421,0.0025760940043255687,345272.629013697,345272.71796318,345272.629118597,345272.632792788,345272.717168782,345272.717177382,0.08894948300439864,0.0036741909570991993,0.08437599404715002,0.000785798009019345
65,1,16,0.0915791760198772,0.0026164940209127963,345272.820961928,345272.90992461,345272.821067828,345272.824913318,345272.909115312,345272.909123612,0.0889626819989644,0.003845489991363138,0.08420199400279671,0.0008009980083443224
66,0,16,0.08357779501238838,0.0024847930180840194,345273.012793359,345273.093886361,345273.012897659,345273.016671649,345273.093109863,345273.093118262,0.08109300199430436,0.003773990029003471,0.07643821398960426,0.0007680989801883698
67,0,16,0.0841411940054968,0.0028130929567851126,345273.196942209,345273.27827031,345273.197047008,345273.200667099,345273.277496612,345273.277505012,0.08132810104871169,0.0036200909526087344,0.07682951301103458,0.0007652980275452137
68,1,16,0.09188377496320754,0.002518092922400683,345273.381153958,345273.47051964,345273.381267058,345273.385102348,345273.469606242,345273.469614442,0.08936568204080686,0.0038352899719029665,0.08450389403151348,0.0009051980450749397
69,1,16,0.10279704903950915,0.002566694049164653,345273.573287188,345273.673517543,345273.573393488,345273.587279154,345273.672638445,345273.672646645,0.1002303549903445,0.013885665975976735,0.08535929099889472,0.0008708980167284608
70,0,16,0.08467779302736744,0.002548994030803442,345273.776320692,345273.858449491,345273.776428792,345273.780204482,345273.857533393,345273.857541693,0.082128798996564,0.00377569004194811,0.07732891099294648,0.0009077979484573007
71,1,16,0.09318967198487371,0.0025670939940027893,345273.96125974,345274.051882318,345273.96136264,345273.96513913,345274.050773621,345274.050782121,0.09062257799087092,0.0037764899898320436,0.0856344909989275,0.0011001969687640667
72,0,16,0.08459029300138354,0.0025171940214931965,345274.154640167,345274.236713266,345274.154756367,345274.158657257,345274.235946168,345274.235954368,0.08207309897989035,0.0039008900057524443,0.0772889110376127,0.0007588979788124561
73,0,16,0.08541659102775156,0.002622894011437893,345274.339585915,345274.422379612,345274.339691815,345274.343683305,345274.421622714,345274.421630714,0.08279369701631367,0.003991489997133613,0.07793940900592133,0.0007488980190828443
74,0,16,0.0849952920107171,0.0025019929744303226,345274.525138761,345274.60763206,345274.525243461,345274.529092352,345274.606873961,345274.606882061,0.08249329903628677,0.003848891006782651,0.0777816089685075,0.0007499990169890225
75,0,16,0.08388949499931186,0.002600194013211876,345274.710553608,345274.791842909,345274.710686008,345274.714430299,345274.791066011,345274.791074111,0.08128930098609999,0.0037442910252138972,0.07663571200100705,0.0007687979959882796
76,0,16,0.09510446799686179,0.0025857939617708325,345274.894729858,345274.987248532,345274.894836158,345274.898710548,345274.986298234,345274.986306534,0.09251867403509095,0.0038743899785913527,0.08758768602274358,0.0009419980342499912
77,0,16,0.08651488804025576,0.0026382930227555335,345275.09018868,345275.174065275,345275.09029578,345275.094204271,345275.173302777,345275.173310977,0.08387659501750022,0.0039084909949451685,0.07909850601572543,0.0007542980019934475
78,0,16,0.08356359601020813,0.0024698940105736256,345275.276845924,345275.357939626,345275.276951924,345275.280983314,345275.357188728,345275.357197628,0.0810937019996345,0.004031389951705933,0.0762054140213877,0.00074199796654284
79,0,16,0.08885168301640078,0.0026956929941661656,345275.460898474,345275.547054464,345275.461003374,345275.464852965,345275.546276666,345275.546284866,0.08615599002223462,0.0038495909539051354,0.08142370101995766,0.0007695980020798743
80,0,16,0.08435149397701025,0.0025262939743697643,345275.649889813,345275.731715013,345275.650030312,345275.653882703,345275.730929515,345275.730937815,0.08182520000264049,0.003852390975225717,0.07704681198811159,0.000777198001742363
81,0,16,0.08488849300192669,0.00258179398952052,345275.834624461,345275.91693116,345275.834731261,345275.838857651,345275.916143962,345275.916152062,0.08230669901240617,0.004126389976590872,0.07728631101781502,0.0007790980162099004
82,1,16,0.09371347102569416,0.002581294043920934,345276.019825809,345276.110957986,345276.019930309,345276.023813699,345276.110119888,345276.110128288,0.09113217698177323,0.003883390047121793,0.08630618895404041,0.0008296979940496385
83,0,16,0.09547426603967324,0.002546793024521321,345276.213850135,345276.306777608,345276.213954535,345276.217874025,345276.30594151,345276.30595001,0.09292747301515192,0.003919489972759038,0.08806748501956463,0.0008275979780592024
84,0,16,0.08550029201433063,0.002520294045098126,345276.409629656,345276.492609654,345276.409733856,345276.413653747,345276.491819356,345276.491827756,0.0829799979692325,0.003919891023542732,0.0781656089820899,0.0007818979793228209
85,0,16,0.12404489697655663,0.0033044919837266207,345276.596140101,345276.716880506,345276.596275201,345276.599737192,345276.715983508,345276.715992208,0.12074040499283001,0.0034619909711182117,0.11624631599988788,0.0008882980328053236
86,0,16,0.09925695700803772,0.0025750930071808398,345276.819718355,345276.916400219,345276.819824655,345276.824160444,345276.915512621,345276.915521021,0.09668186400085688,0.004335789009928703,0.0913521769689396,0.0008791980217210948
87,0,16,0.08557299099629745,0.0026651929947547615,345277.019287967,345277.102195765,345277.019393467,345277.023470157,345277.101415267,345277.101423867,0.08290779800154269,0.004076690005604178,0.07794510998064652,0.000771898019593209
88,0,16,0.09800215996801853,0.002697593008633703,345277.205254813,345277.30055938,345277.205356313,345277.209384403,345277.299705283,345277.299719383,0.09530456695938483,0.004028090042993426,0.09032088000094518,0.0008399969665333629
89,0,16,0.0970033630146645,0.002621893014293164,345277.403442629,345277.497824099,345277.403553529,345277.407965418,345277.496945401,345277.496953801,0.09438147000037134,0.00441188900731504,0.08897998300381005,0.0008702979539521039
90,0,16,0.08373539603780955,0.002613794000353664,345277.600775947,345277.681897549,345277.600885047,345277.604834837,345277.681118251,345277.681126551,0.08112160203745589,0.003949790028855205,0.07628341397503391,0.000770998012740165
91,0,16,0.1267471910105087,0.0026301940088160336,345277.784736598,345277.908853595,345277.784845298,345277.789047088,345277.907927197,345277.907935197,0.12411699700169265,0.004201790026854724,0.1188801089883782,0.0009183980291709304
92,0,16,0.08466049301205203,0.002516293025109917,345278.011655644,345278.093799844,345278.011760644,345278.015821534,345278.092931546,345278.092940246,0.08214419998694211,0.004060890001710504,0.07711001200368628,0.0008595979888923466
93,0,16,0.0844776930171065,0.002536393003538251,345278.196578093,345278.278519393,345278.196682492,345278.200993382,345278.277781994,345278.277790094,0.08194130001356825,0.004310890042688698,0.07678861200110987,0.0007292989757843316
94,0,16,0.08712448802543804,0.0025545950629748404,345278.381381942,345278.465951835,345278.381489941,345278.385752631,345278.465183937,345278.465192237,0.0845698929624632,0.004262690024916083,0.07943130598869175,0.0007595979841426015
95,0,16,0.10442734503885731,0.0027093940298072994,345278.568929084,345278.670647035,345278.569056183,345278.573974471,345278.669791237,345278.669799537,0.10171795100905001,0.004918288032058626,0.09581676597008482,0.0008474980131722987
96,2,16,0.10070615500444546,0.0025757940020412207,345278.773478884,345278.871609245,345278.773590484,345278.777682374,345278.870773747,345278.870781947,0.09813036100240424,0.004091890004929155,0.09309137298259884,0.0008272980339825153
97,1,16,0.09290797298308462,0.002578193962108344,345278.974549894,345279.064879673,345278.974656893,345278.978791383,345279.064082575,345279.064091175,0.09032977902097628,0.004134489980060607,0.0852911919937469,0.0007884980295784771
98,0,16,0.08387389499694109,0.0026873929891735315,345279.167854422,345279.249040924,345279.167960622,345279.172020112,345279.248148626,345279.248156926,0.08118650200776756,0.004059489991050214,0.07612851401790977,0.0008839980000630021
99,0,16,0.08222279901383445,0.00254339404636994,345279.351887673,345279.431567078,345279.351993072,345279.356070763,345279.43072178,345279.43072998,0.0796794049674645,0.004077691002748907,0.07465101697016507,0.0008370979921892285
100,0,16,0.08269919798476622,0.0025444930070079863,345279.534416727,345279.614571432,345279.534522127,345279.538702217,345279.613833833,345279.613841733,0.08015470497775823,0.004180089978035539,0.07513161603128538,0.0007296989788301289
101,0,16,0.08402669499628246,0.0025309939519502223,345279.717437381,345279.798933082,345279.71754208,345279.72174927,345279.798216984,345279.798225384,0.08149570104433224,0.004207190009765327,0.07646771403960884,0.0007076980546116829
102,0,16,0.08339949604123831,0.0025702930288389325,345279.901802231,345279.982631434,345279.901910031,345279.90605862,345279.981727836,345279.981736536,0.08082920301239938,0.004148589039687067,0.07566921599209309,0.000894897966645658
103,0,16,0.08323429699521512,0.0025174939655698836,345280.085475483,345280.166192286,345280.085581982,345280.089815272,345280.165432888,345280.165441088,0.08071680302964523,0.004233290033880621,0.07561761600663885,0.000751198036596179
104,0,16,0.08248349896166474,0.002562893962021917,345280.269019435,345280.34894004,345280.269126035,345280.273273525,345280.348191642,345280.348199742,0.07992060499964282,0.00414749002084136,0.07491811702493578,0.0007402980118058622
105,4,16,0.11635321599896997,0.002633793978020549,345280.451778489,345280.565497911,345280.451883689,345280.456137078,345280.564499514,345280.564508214,0.11371942202094942,0.00425338902277872,0.10836243600351736,0.000989697000477463
106,0,16,0.08608868898591027,0.002564192982390523,345280.66853066,345280.752055156,345280.668636859,345280.673289548,345280.751116558,345280.751128158,0.08352449600351974,0.004652689036447555,0.07782700995448977,0.0009269979782402515
107,0,16,0.0850261920131743,0.0025491940323263407,345280.854977905,345280.937454903,345280.855103504,345280.859515693,345280.936660305,345280.936668805,0.08247699798084795,0.004412188951391727,0.0771446120343171,0.0007860979530960321
108,1,16,0.09208867495181039,0.0025551929720677435,345281.040241652,345281.129775134,345281.040347552,345281.044592242,345281.128941236,345281.128949536,0.08953348197974265,0.004244690004270524,0.08434899401618168,0.0008255979628302157
109,0,16,0.09190747496904805,0.0026121929986402392,345281.232710282,345281.322005564,345281.232816982,345281.23792017,345281.321207766,345281.321216366,0.08929528197040781,0.005103187984786928,0.08328759600408375,0.0007891979767009616
110,0,16,0.08378969604382291,0.002571794029790908,345281.424873513,345281.506091415,345281.424979013,345281.429326803,345281.505211817,345281.505222317,0.081217902014032,0.004347790032625198,0.07588501396821812,0.0008690980030223727
111,0,16,0.0847620929707773,0.0027881929418072104,345281.609184063,345281.691157963,345281.609299563,345281.613149754,345281.690317665,345281.690325765,0.08197390002897009,0.0038501910166814923,0.07716791098937392,0.0008321980130858719
112,0,16,0.08418799500213936,0.002603394037578255,345281.794003512,345281.875588113,345281.794109312,345281.798450102,345281.874707716,345281.874722515,0.0815846009645611,0.004340789979323745,0.07625761401141062,0.0008655979763716459
113,0,16,0.08669938903767616,0.002762194082606584,345281.978691862,345282.062629057,345281.978805762,345281.983303951,345282.061821359,345282.061829859,0.08393719495506957,0.0044981889659538865,0.07851740799378604,0.0007991979946382344
114,0,16,0.09211667499039322,0.0027275930042378604,345282.165414306,345282.254803388,345282.165521206,345282.169906695,345282.253678191,345282.253693191,0.08938908198615536,0.004385489039123058,0.0837714959634468,0.0011101969867013395
115,0,16,0.0840097950422205,0.0027228930848650634,345282.357952336,345282.439239238,345282.358055836,345282.362520625,345282.43845514,345282.43846344,0.08128690195735544,0.0044647890026681125,0.07593451498541981,0.0007757979910820723
116,0,16,0.0836479960125871,0.0025985940010286868,345282.542180387,345282.623229789,345282.542316086,345282.546661876,345282.622423991,345282.622432591,0.08104940201155841,0.004345790017396212,0.07576211495324969,0.0007971980376169086
117,0,16,0.0830448970082216,0.002588792995084077,345282.726139238,345282.806595342,345282.726241438,345282.730509227,345282.805791844,345282.805800044,0.08045610401313752,0.004267789016012102,0.07528261694824323,0.0007952980231493711
118,0,16,0.08296099700964987,0.0025300930137746036,345282.909411891,345282.989842795,345282.909516791,345282.91391068,345282.989017497,345282.989025597,0.08043090399587527,0.004393888986669481,0.07510681700659916,0.0008171980152837932
119,0,16,0.08394539501750842,0.00255079404450953,345283.092742044,345283.174136645,345283.092848043,345283.097287933,345283.173327247,345283.173335747,0.08139460097299889,0.004439889977220446,0.07603931397898123,0.0008008980075828731
120,1,16,0.09212557499995455,0.002551593992393464,345283.277061094,345283.366635075,345283.277169794,345283.281472683,345283.365712478,345283.365721178,0.08957398100756109,0.004302888992242515,0.08423979498911649,0.0009138970053754747
121,3,16,0.11320782400434837,0.002600593026727438,345283.469539924,345283.580147155,345283.469648024,345283.473966414,345283.579164357,345283.579172757,0.11060723097762093,0.004318389983382076,0.10519794299034402,0.0009743979899212718
122,0,16,0.08581769000738859,0.002537593012675643,345283.682993004,345283.766273101,345283.683097504,345283.687518493,345283.765429803,345283.765438403,0.08328009699471295,0.0044209889601916075,0.07791131001431495,0.0008346979739144444
123,0,16,0.08641078905202448,0.0025905939983204007,345283.86920195,345283.953022145,345283.869308649,345283.873669439,345283.952192547,345283.952200947,0.08382019505370408,0.00436079001519829,0.07852310797898099,0.0008211980457417667
124,0,16,0.08607818995369598,0.002552092948462814,345284.055873294,345284.139399391,345284.055989994,345284.060516083,345284.138569493,345284.138577893,0.08352609700523317,0.004526088945567608,0.07805341004859656,0.0008214979898184538
125,0,16,0.08702368795638904,0.002549493918195367,345284.24223994,345284.326714134,345284.24234624,345284.246745929,345284.325874936,345284.325883736,0.08447419403819367,0.004399689030833542,0.07912900700466707,0.0008303979993797839
126,0,16,0.08726368698989972,0.002545394003391266,345284.429574883,345284.514293176,345284.429680883,345284.434240072,345284.513465679,345284.513473878,0.08471829298650846,0.004559188964776695,0.0792256070417352,0.0008192980312742293
127,0,16,0.08390919503290206,0.0025559940258972347,345284.617207826,345284.698561027,345284.617312225,345284.621811414,345284.697629029,345284.697636929,0.08135320100700483,0.004499189031776041,0.07581761496840045,0.0009240980143658817
128,1,16,0.09438046999275684,0.002477693953551352,345284.801342277,345284.893245053,345284.801448476,345284.806009765,345284.892254355,345284.892262855,0.09190277603920549,0.004561289038974792,0.0862445899983868,0.0009821979911066592
129,0,16,0.08764528599567711,0.002626794041134417,345284.996153502,345285.081171994,345284.996262701,345285.00086199,345285.080331897,345285.080340596,0.0850184919545427,0.004599288979079574,0.07946990703931078,0.0008313980069942772
130,0,16,0.08636488899355754,0.0025407939683645964,345285.184042244,345285.267866339,345285.184172043,345285.188687732,345285.266917342,345285.266925342,0.08382409502519295,0.004515688982792199,0.07822961005149409,0.0009409970371052623
131,0,16,0.08633988996734843,0.002611993986647576,345285.370855988,345285.454583884,345285.370961388,345285.375521477,345285.453733886,345285.453742086,0.08372789598070085,0.0045600890298374,0.07821240898920223,0.0008417979697696865
132,0,16,0.08640729001490399,0.0025713940267451108,345285.557501533,345285.641337429,345285.557609533,345285.562383821,345285.640476731,345285.640485231,0.08383589598815888,0.004774287983309478,0.07809291000012308,0.0008521979907527566
133,0,16,0.08667348901508376,0.002600494015496224,345285.744264378,345285.828337373,345285.744368078,345285.748951167,345285.827506475,345285.827514975,0.08407299499958754,0.004583088972140104,0.07855530799133703,0.0008223979966714978
134,0,16,0.08503379300236702,0.0025555939646437764,345285.931214122,345286.013692321,345285.931331722,345285.936064211,345286.012855723,345286.012864023,0.08247819903772324,0.004732489003799856,0.07679151196498424,0.0008282980415970087
135,0,16,0.08559749095002189,0.002629993949085474,345286.116609771,345286.199577268,345286.11671357,345286.121314259,345286.198704071,345286.198712371,0.08296749700093642,0.004600688989739865,0.07738981198053807,0.000864896981511265
136,0,16,0.08838208403903991,0.00253449403680861,345286.302471018,345286.388318608,345286.302577517,345286.307165406,345286.38749911,345286.38750731,0.0858475900022313,0.004587889008689672,0.0803337040124461,0.0008112979703582823
137,0,16,0.08652108901878819,0.002612594049423933,345286.491238158,345286.575146653,345286.491344657,345286.496079546,345286.574305855,345286.574314555,0.08390849496936426,0.004734888963866979,0.07822630903683603,0.0008320980123244226
138,0,16,0.10753863799618557,0.002518193970900029,345286.677993603,345286.783014047,345286.678096902,345286.682775191,345286.782085249,345286.782093349,0.10502044402528554,0.0046782889985479414,0.09931005805265158,0.0009206980466842651
139,0,16,0.08843408396933228,0.0025837929570116103,345286.885941696,345286.971791987,345286.886044996,345286.890852884,345286.970885289,345286.970893889,0.08585029101232067,0.004807888006325811,0.08003240503603593,0.0008980979910120368
140,0,16,0.087640585959889,0.002582593006081879,345287.074729536,345287.159787529,345287.074833136,345287.079623824,345287.158959331,345287.158967731,0.08505799295380712,0.004790687991771847,0.07933550700545311,0.0008197979768738151
141,0,16,0.08516199298901483,0.0026008939603343606,345287.262573578,345287.345134677,345287.262679178,345287.267335467,345287.344268879,345287.344277379,0.08256109902868047,0.00465628900565207,0.07693341199774295,0.0008572980295866728
142,1,16,0.0987574600148946,0.002614894008729607,345287.448115226,345287.544257792,345287.448220526,345287.452962714,345287.543357194,345287.543365794,0.096142566006165,0.004742188029922545,0.09039447997929528,0.0008919980027712882
143,0,16,0.08515799301676452,0.0025441950419917703,345287.647115142,345287.72972894,345287.647219941,345287.652102229,345287.728874142,345287.728882442,0.08261379797477275,0.004882287990767509,0.07677191297989339,0.0008464980055578053
144,0,16,0.08623749000253156,0.002613393997307867,345287.83265769,345287.916281786,345287.832763489,345287.837637177,345287.915427688,345287.915436388,0.08362409600522369,0.004873688041698188,0.0777905109571293,0.0008453979971818626
145,0,16,0.08661108900560066,0.0025369939976371825,345288.019218435,345288.10329253,345288.019324535,345288.024159823,345288.102431133,345288.102439533,0.08407409500796348,0.004835288040339947,0.07827130996156484,0.0008529970073141158
146,0,16,0.0875524869770743,0.0025434939889237285,345288.20608728,345288.291096273,345288.20618998,345288.211000368,345288.290273275,345288.290281575,0.08500899298815057,0.004810388025362045,0.07927290699444711,0.0008146979962475598
147,0,16,0.08746778703061864,0.0024553940165787935,345288.393887023,345288.478899416,345288.393993122,345288.39894521,345288.478071618,345288.478080218,0.08501239301403984,0.004952087998390198,0.07912640803260729,0.000819197972305119
148,0,16,0.09380257100565359,0.0025862930342555046,345288.581809065,345288.673025343,345288.581913865,345288.586694953,345288.672114845,345288.672123345,0.09121627797139809,0.004781087976880372,0.08541989204240963,0.0009019979625009
149,0,16,0.08933608199004084,0.0027177929878234863,345288.776018792,345288.862637081,345288.776184391,345288.783545873,345288.861784783,345288.861792783,0.08661828900221735,0.007361482013948262,0.07823891000589356,0.0008442979888059199
150,0,16,0.08855948399286717,0.002557493979111314,345288.96554343,345289.05154542,345288.96565053,345288.970490218,345289.050715522,345289.050724022,0.08600199001375586,0.004839688015636057,0.08022530400194228,0.0008213980472646654
151,0,16,0.12073740595951676,0.0025996939511969686,345289.15443297,345289.272570682,345289.15453647,345289.159483157,345289.271512785,345289.271521085,0.1181377120083198,0.004946686967741698,0.11202962801326066,0.0010495969909243286
152,0,16,0.08528899296652526,0.0025112939183600247,345289.375398931,345289.45817663,345289.375504531,345289.380411519,345289.457194032,345289.457202432,0.08277769904816523,0.004906988004222512,0.0767825129441917,0.000974198046606034
153,0,16,0.0847746939980425,0.0025757940020412207,345289.561065279,345289.643264179,345289.561169579,345289.565964667,345289.642417181,345289.642425681,0.08219889999600127,0.004795088025275618,0.0764525139820762,0.0008384980028495193
154,0,16,0.08875298401108012,0.0025518930051475763,345289.746131328,345289.832332419,345289.746237428,345289.751188816,345289.831485021,345289.831493421,0.08620109100593254,0.004951387993060052,0.08029620500747114,0.0008389980066567659
155,0,16,0.08823048498015851,0.0025546939577907324,345289.935224668,345290.020900459,345289.935328668,345289.940186556,345290.020057161,345290.020065461,0.08567579102236778,0.004857888037804514,0.07987060496816412,0.0008349980344064534
156,0,16,0.08446579403243959,0.0024843940627761185,345290.123722409,345290.205703809,345290.123828709,345290.128801396,345290.204865611,345290.204874011,0.08198139996966347,0.004972686991095543,0.07606421498348936,0.0008297979948110878
157,0,16,0.08563639095518738,0.002647193963639438,345290.308627959,345290.391617156,345290.308735358,345290.313697746,345290.390757959,345290.390766159,0.08298919699154794,0.0049623880186118186,0.07706021296326071,0.000850996992085129
158,0,16,0.11889251001412049,0.002505893004126847,345290.494421106,345290.610807723,345290.494532906,345290.499722993,345290.609714725,345290.609723125,0.11638661700999364,0.005190087016671896,0.10999173199525103,0.0010845980141311884
159,0,16,0.0844806949608028,0.0024617939488962293,345290.713582472,345290.795601373,345290.713689372,345290.71877296,345290.794762875,345290.794771975,0.08201890101190656,0.00508358801016584,0.07598991499980912,0.0008293979917652905
160,0,16,0.0851101930020377,0.0025831940001808107,345290.898420122,345290.980947121,345290.898527822,345290.90355241,345290.980120824,345290.980129023,0.0825269990018569,0.005024588026572019,0.07656841399148107,0.0008180979639291763
161,0,16,0.08441729500191286,0.0024808940361253917,345291.083744171,345291.165680572,345291.083850371,345291.089048758,345291.164841674,345291.164849974,0.08193640096578747,0.005198386963456869,0.07579291600268334,0.0008305980009026825
162,0,16,0.08908878295915201,0.0025749929482117295,345291.268565121,345291.355078911,345291.268669421,345291.273695709,345291.354212613,345291.354221113,0.08651379001094028,0.005026287981308997,0.08051690401043743,0.0008577979751862586
163,1,16,0.09472807002021,0.002490993996616453,345291.45789796,345291.550135036,345291.45800136,345291.463099748,345291.549078838,345291.549087038,0.09223707602359354,0.0050983880064450204,0.08597909001400694,0.0010479980264790356
164,0,16,0.12065870699007064,0.002513094979804009,345291.652936086,345291.771081698,345291.653039485,345291.658148573,345291.769855901,345291.769864101,0.11814561201026663,0.005109088029712439,0.11170732800383121,0.0012175969895906746
165,0,16,0.08829418499954045,0.00248249399010092,345291.873882548,345291.959694239,345291.873987748,345291.879071035,345291.958680341,345291.958688641,0.08581169100943953,0.005083287018351257,0.07960930600529537,0.0010055979946628213
166,0,16,0.08673828898463398,0.002574093989096582,345292.062584789,345292.146748984,345292.062690988,345292.067753676,345292.145734986,345292.145743486,0.0841641949955374,0.005062687967438251,0.07798131002346054,0.001005497993901372
167,0,16,0.08831038500647992,0.0024532940587960184,345292.249423734,345292.335280825,345292.249531134,345292.254692921,345292.334292627,345292.334301027,0.0858570909476839,0.005161787034012377,0.07959970599040389,0.000979797972831875
168,1,16,0.09496316796867177,0.0025442929472774267,345292.438121475,345292.53054035,345292.438225974,345292.443438962,345292.529440352,345292.529448552,0.09241887502139434,0.005212988005951047,0.08600139000918716,0.0010917980107478797
169,0,16,0.08848348498577252,0.002643593994434923,345292.633423899,345292.71926379,345292.633526899,345292.638483787,345292.718306193,345292.718314793,0.0858398909913376,0.004956888034939766,0.0798224059981294,0.0009489969816058874
170,0,16,0.0867050890228711,0.0025475940201431513,345292.82219144,345292.906348935,345292.82229784,345292.827457827,345292.905510237,345292.905518737,0.08415749500272796,0.005159987020306289,0.0780524099827744,0.0008301979978568852
171,0,16,0.08419479499571025,0.002459094044752419,345293.009124985,345293.090860686,345293.009229185,345293.013616274,345293.089932289,345293.089940989,0.08173570095095783,0.004387088993098587,0.07631601497996598,0.0009196969913318753
172,0,16,0.08838908496545628,0.0026040939264930785,345293.193709136,345293.279494127,345293.193816036,345293.198991123,345293.278626429,345293.278634629,0.0857849910389632,0.005175087018869817,0.07963530597044155,0.0008594980463385582
173,0,16,0.0887486839783378,0.002514694002456963,345293.382416477,345293.468650467,345293.382523377,345293.387701064,345293.467735169,345293.467763669,0.08623398997588083,0.005177686980459839,0.0800341049907729,0.0008867980213835835
174,0,16,0.08622869005193934,0.0025985940592363477,345293.571567717,345293.655197813,345293.571674216,345293.577033403,345293.654328015,345293.654336215,0.08363009599270299,0.005359186965506524,0.0772946120123379,0.0008615980041213334
175,0,16,0.08874958398519084,0.0025101929786615074,345293.757990863,345293.844230254,345293.758093663,345293.76336625,345293.843228956,345293.843237356,0.08623939100652933,0.005272586946375668,0.07986270601395518,0.0009928980143740773
176,0,16,0.0928083739709109,0.0025628929724916816,345293.947179803,345294.037425284,345293.947288303,345293.95266669,345294.036565286,345294.036573686,0.09024548099841923,0.005378386995289475,0.08389859599992633,0.0008515979861840606
177,0,16,0.08965578197967261,0.0025603940011933446,345294.140246534,345294.227341922,345294.140351733,345294.14574622,345294.226376624,345294.226384724,0.08709538797847927,0.005394487001467496,0.08063040400156751,0.0009571979753673077
178,0,16,0.08993858104804531,0.0026380930794402957,345294.330235271,345294.417535759,345294.330341971,345294.335722158,345294.416624861,345294.416633261,0.08730048796860501,0.005380187008995563,0.08090270298998803,0.0009024979663081467
179,0,16,0.08793318597599864,0.0024975939886644483,345294.520286209,345294.605721801,345294.520391309,345294.525719496,345294.604779104,345294.604787704,0.08543559198733419,0.005328187020495534,0.07905960798962042,0.000934096984565258
180,0,16,0.08914788399124518,0.002524993964470923,345294.708558651,345294.795181541,345294.708663651,345294.714031838,345294.794333543,345294.794341843,0.08662289002677426,0.005368186975829303,0.0803017049911432,0.0008396980119869113
181,0,16,0.0892962830257602,0.002491293998900801,345294.897947991,345294.98475298,345294.898054791,345294.903512477,345294.983847482,345294.983856982,0.0868049890268594,0.005457686027511954,0.08033500501187518,0.0008959979750216007
182,0,16,0.0891285830293782,0.0026245940243825316,345295.08767023,345295.174174219,345295.087779229,345295.093154216,345295.173301221,345295.173309721,0.08650398900499567,0.005374987027607858,0.08014700497733429,0.0008644980262033641
183,0,16,0.12298870098311454,0.0024869940243661404,345295.27688437,345295.397386077,345295.277002669,345295.282345756,345295.396474779,345295.396483179,0.1205017069587484,0.005343087017536163,0.11412902298616245,0.0009028979693539441
184,0,16,0.08603879000293091,0.0025477930321358144,345295.500154327,345295.583645324,345295.500266026,345295.505577913,345295.582696726,345295.582705026,0.0834909969707951,0.005311887012794614,0.0771188130020164,0.0009402979630976915
185,0,16,0.08501719299238175,0.002647893037647009,345295.686571573,345295.768940873,345295.686679373,345295.69199596,345295.768053975,345295.768062275,0.08236929995473474,0.005316587048582733,0.07605801499448717,0.0008785979589447379
186,0,16,0.08515829296084121,0.0024898939300328493,345295.871774023,345295.954442422,345295.871879123,345295.87727651,345295.953576524,345295.953584724,0.08266839903080836,0.005397387023549527,0.07630001398501918,0.0008576980326324701
187,1,16,0.09301947400672361,0.0025734929949976504,345296.057270572,345296.147716553,345296.057375072,345296.062670859,345296.146772755,345296.146781255,0.09044598101172596,0.005295787006616592,0.08410189603455365,0.0009352979832328856
188,0,16,0.08513079304248095,0.002584093017503619,345296.250652602,345296.333199302,345296.250758302,345296.256109889,345296.332297704,345296.332306104,0.08254670002497733,0.005351587024051696,0.07618781499331817,0.0008931980119086802
189,0,16,0.0849567799596116,0.0025538939516991377,345296.436100048,345296.518502934,345296.436202948,345296.441274234,345296.517641436,345296.517649836,0.08240288600791246,0.005071285995654762,0.0763672020402737,0.0008530979976058006
190,1,16,0.09384365595178679,0.0025193929322995245,345296.621329867,345296.71265413,345296.621434567,345296.626853352,345296.711691532,345296.711699632,0.09132426301948726,0.005418785032816231,0.08483817998785526,0.0009544980130158365
191,0,16,0.08488067903090268,0.0026275920099578798,345296.815587562,345296.897840649,345296.815691262,345296.821089548,345296.896972551,345296.896981251,0.0822530870209448,0.0053982859826646745,0.07588300300994888,0.000859397987369448
192,0,16,0.08669777499744669,0.0025742939906194806,345297.000647482,345297.084770963,345297.000754682,345297.006041068,345297.083854166,345297.083862266,0.0841234810068272,0.00528638600371778,0.07781309797428548,0.0009086970239877701
193,0,16,0.08490697998786345,0.002634794043842703,345297.187719996,345297.269992182,345297.187828796,345297.193221382,345297.268940485,345297.268948385,0.08227218594402075,0.005392585997469723,0.07571910304250196,0.001043796946760267
194,0,16,0.08510537899564952,0.0027204930083826184,345297.373012215,345297.455397101,345297.373118515,345297.378431501,345297.454377304,345297.454385804,0.0823848859872669,0.00531298597343266,0.07594580302247778,0.001011296990327537
195,0,16,0.08495938003761694,0.002619393984787166,345297.558308534,345297.64064852,345297.558414433,345297.563870919,345297.639637023,345297.639645423,0.08233998605282977,0.005456486018374562,0.07576610398245975,0.0010030970443040133
196,1,16,0.094011256005615,0.0024441939895041287,345297.743287054,345297.834854116,345297.743390053,345297.748789639,345297.833802019,345297.833810219,0.09156706201611087,0.005399585992563516,0.08501238003373146,0.0010438970057293773
197,0,16,0.08482078002998605,0.0024893940426409245,345297.937636949,345298.019968335,345297.937743049,345297.943207435,345298.019084838,345298.019093138,0.08233138598734513,0.005464386020321399,0.07587740296730772,0.0008751970017328858
198,0,16,0.08548927900847048,0.002536893996875733,345298.122804568,345298.205756953,345298.122908168,345298.128306854,345298.204804655,345298.204813055,0.08295238501159474,0.005398685985710472,0.0764978009974584,0.0009438979905098677
199,0,16,0.08505987899843603,0.0025300930137746036,345298.308639186,345298.391168972,345298.308743186,345298.314175272,345298.390287374,345298.390295874,0.08252978598466143,0.005432086007203907,0.07611210196046159,0.0008730980334803462
200,0,16,0.10707902198191732,0.002466793986968696,345298.493966105,345298.598578333,345298.494070505,345298.49952339,345298.597538636,345298.597547036,0.10461222799494863,0.005452885001432151,0.09801524598151445,0.0010312969679944217
201,0,16,0.08779177197720855,0.002623292966745794,345298.701455866,345298.786624345,345298.701561666,345298.707135752,345298.785746348,345298.785754848,0.08516847901046276,0.005574086040724069,0.07861059595597908,0.0008694970165379345
202,0,16,0.086851675005164,0.002594794030301273,345298.889555078,345298.973811959,345298.889672678,345298.895056164,345298.972909262,345298.972917162,0.08425688097486272,0.0053834859863854945,0.07785309798782691,0.0008947969763539732
203,0,16,0.0870455740368925,0.0024989940575324,345299.076567193,345299.161113773,345299.076672293,345299.082102978,345299.160216176,345299.160225076,0.0845465799793601,0.0054306850070133805,0.07811319798929617,0.0008886969881132245
204,0,16,0.08820467098848894,0.002627192996442318,345299.263968006,345299.349545484,345299.264075006,345299.269439892,345299.348668487,345299.348676887,0.08557747799204662,0.0053648860193789005,0.07922859495738521,0.0008685970096848905
205,2,16,0.10529682599008083,0.0025445930077694356,345299.452372518,345299.555124751,345299.452476617,345299.457978003,345299.554111754,345299.554120454,0.1027522329823114,0.005501386011019349,0.0961337509797886,0.0010042969952337444
206,0,16,0.08807237196015194,0.00249129394069314,345299.657898584,345299.743479662,345299.658003384,345299.66346807,345299.742532465,345299.742540865,0.0855810780194588,0.005464685964398086,0.0790643950458616,0.0009387970203533769
207,0,16,0.08875196898588911,0.002614592027384788,345299.846330395,345299.932467772,345299.846432395,345299.851850981,345299.931508274,345299.931516174,0.08613737695850432,0.005418586020823568,0.07965729298302904,0.0009515979909338057
208,0,16,0.08711667399620637,0.002548492979258299,345300.035254505,345300.119822686,345300.035361005,345300.040862391,345300.118899388,345300.118907188,0.08456818101694807,0.005501386011019349,0.07803699700161815,0.0009154980070888996
209,0,16,0.08639437600504607,0.002554894017521292,345300.222675019,345300.306514501,345300.222799419,345300.228250705,345300.305573804,345300.305582004,0.08383948198752478,0.005451285978779197,0.07732309901621193,0.0009324969723820686
210,2,16,0.10656032297993079,0.0025167930289171636,345300.409381835,345300.513425365,345300.409489434,345300.41512562,345300.512411667,345300.512420667,0.10404352995101362,0.00563618604792282,0.09728604694828391,0.0010046979878097773
211,1,16,0.09713164798449725,0.0025374929537065327,345300.616173198,345300.710767353,345300.616279998,345300.621314385,345300.709760955,345300.709769255,0.09459415503079072,0.0050343869952484965,0.08844657003646716,0.000998097995761782
212,0,16,0.08842977101448923,0.002568194060586393,345300.813629786,345300.899491363,345300.813736086,345300.819240471,345300.898580666,345300.898589266,0.08586157695390284,0.005504384986124933,0.07934019499225542,0.0009020969737321138
213,0,16,0.08852576999925077,0.00254089297959581,345301.002357097,345301.088341974,345301.002460696,345301.008174581,345301.087431576,345301.087439976,0.08598487701965496,0.005713885009754449,0.07925699499901384,0.0009019980207085609
214,0,16,0.08992396702524275,0.0026447930140420794,345301.191293006,345301.27857218,345301.191403006,345301.196840092,345301.277655283,345301.277663582,0.08727917401120067,0.005437085987068713,0.08081519097322598,0.0009085980127565563
215,0,16,0.08843017095932737,0.0025222929543815553,345301.381420413,345301.467328291,345301.381524613,345301.387050299,345301.466433593,345301.466441993,0.08590787800494581,0.005525685963220894,0.07938329403987154,0.000886297959368676
216,0,16,0.08869126997888088,0.002591693017166108,345301.570180024,345301.656279601,345301.570284824,345301.575724009,345301.655380203,345301.655388503,0.08609957696171477,0.005439185013528913,0.07965619396418333,0.0008910979959182441
217,0,16,0.08723537402693182,0.002513793995603919,345301.759073234,345301.843794814,345301.759177134,345301.764724519,345301.842889917,345301.842897717,0.0847215800313279,0.005547384964302182,0.07816539803752676,0.0008970969938673079
218,0,16,0.09524425299605355,0.002566394046880305,345301.946665648,345302.039343507,345301.946770047,345301.952342033,345302.03842571,345302.03843391,0.09267785894917324,0.005571985966525972,0.08608367701526731,0.0009095969726331532
219,0,16,0.08839196996996179,0.002650992013514042,345302.14227994,345302.228020918,345302.14238494,345302.148107925,345302.22712932,345302.22713742,0.08574097795644775,0.005722985020838678,0.07902139495126903,0.0008834979962557554
220,0,16,0.12417327798902988,0.002595892990939319,345302.331026451,345302.452603836,345302.331132151,345302.336664436,345302.451555839,345302.451564039,0.12157738499809057,0.005532284965738654,0.11489140300545841,0.0010397970327176154
221,0,16,0.08507667999947444,0.0025124939857050776,345302.555410469,345302.637974655,345302.555515569,345302.561080555,345302.636950958,345302.636959358,0.08256418601376936,0.00556498602963984,0.07587040297221392,0.0010152970207855105
222,0,16,0.08471068000653759,0.002593493030872196,345302.740928688,345302.823045875,345302.741034188,345302.746878773,345302.821980078,345302.821988578,0.08211718697566539,0.005844584957230836,0.07510130503214896,0.0010572969913482666
223,0,16,0.08618357696104795,0.0024692940060049295,345302.925843209,345303.009557492,345302.925948509,345302.931524394,345303.008501395,345303.008509895,0.08371428295504302,0.0055758850066922605,0.07697700097924098,0.0010475969756953418
224,0,16,0.08478968002600595,0.002508893026970327,345303.112405225,345303.194686012,345303.112510925,345303.118025611,345303.193640015,345303.193648315,0.08228078699903563,0.005514685995876789,0.07561440399149433,0.0010376970167271793
225,0,16,0.08459808101179078,0.002628293994348496,345303.297492546,345303.379462333,345303.297625045,345303.303146131,345303.378424436,345303.378432736,0.08196978701744229,0.005521085986401886,0.07527830504113808,0.001029597013257444
226,0,16,0.0941804550238885,0.002588592004030943,345303.482482266,345303.574074129,345303.482624366,345303.488232151,345303.572925932,345303.572934532,0.09159186301985756,0.005607785016763955,0.0846937809837982,0.001139596977736801
227,0,16,0.08462619403144345,0.002455194015055895,345303.676785169,345303.758956169,345303.676889569,345303.682992454,345303.758018271,345303.758026471,0.08217100001638755,0.0061028850032016635,0.07502581703010947,0.0009296979987993836
228,0,16,0.08431379497051239,0.002495693974196911,345303.861788719,345303.94360682,345303.861894419,345303.867533405,345303.942685623,345303.942694023,0.08181810099631548,0.00563898601103574,0.07515221799258143,0.000912796996999532
229,0,16,0.08471549500245601,0.002506393997464329,345304.04648147,345304.128690571,345304.04658797,345304.052545656,345304.127778773,345304.127787273,0.08220910100499168,0.005957685993053019,0.0752331170369871,0.0009032979723997414
230,0,16,0.08508719300152734,0.002576993952970952,345304.231549521,345304.31405972,345304.231654121,345304.237200307,345304.313162122,345304.313170722,0.08251019904855639,0.005546186002902687,0.07596181496046484,0.000888998038135469
231,0,16,0.08680278796236962,0.0025794929242692888,345304.41684837,345304.501071665,345304.41695507,345304.422761256,345304.500121767,345304.500129967,0.08422329503810033,0.005806186003610492,0.07736051100073382,0.0009416980319656432
232,0,16,0.08398499502800405,0.002551893994677812,345304.603933213,345304.685366314,345304.604039513,345304.609936499,345304.684442516,345304.684450716,0.08143310103332624,0.005896985996514559,0.07450601703021675,0.000915598007850349
233,0,16,0.08402499504154548,0.0024597939918749034,345304.788129763,345304.869694964,345304.788234863,345304.794013949,345304.868767766,345304.868776166,0.08156520104967058,0.005779085971880704,0.0747538169962354,0.0009187980322167277
234,0,16,0.08532259200001135,0.0025606940034776926,345304.972492312,345305.05525421,345304.972596312,345304.978323198,345305.054324512,345305.054332812,0.08276189799653366,0.005726885981857777,0.07600131403887644,0.0009213979938067496
235,0,16,0.08489129203371704,0.002550093049649149,345305.158058159,345305.240399358,345305.158162259,345305.163626745,345305.23949156,345305.23950006,0.08234119898406789,0.005464486021082848,0.07586481497855857,0.0008992980001494288
236,1,16,0.09724956302670762,0.0025298940017819405,345305.343281006,345305.438000675,345305.343385806,345305.349079692,345305.437033577,345305.437041977,0.09471966902492568,0.005693885963410139,0.0879538850276731,0.0009586979867890477
237,0,16,0.08517629199195653,0.0025690929614938796,345305.540849423,345305.623456622,345305.540971123,345305.54647421,345305.622569924,345305.622577824,0.08260719903046265,0.005503087013494223,0.07609571400098503,0.0008787980186752975
238,0,16,0.08488319301977754,0.0026076940121129155,345305.72636227,345305.808637769,345305.72647167,345305.732503655,345305.807730171,345305.807738871,0.08227549900766462,0.006031985045410693,0.0752265159972012,0.0008988979971036315
239,0,16,0.08795698499307036,0.002557493979111314,345305.911494418,345305.996893909,345305.911600318,345305.917277104,345305.995984611,345305.995993011,0.08539949101395905,0.005676786007825285,0.07870750699657947,0.0009008980123326182
240,0,16,0.08399159502005205,0.002507894008886069,345306.099759058,345306.181242759,345306.099864358,345306.105535444,345306.180312861,345306.180321061,0.08148370101116598,0.005671085964422673,0.07477741700131446,0.0009216979960910976
241,0,16,0.09024797898018733,0.0025523939984850585,345306.284066908,345306.371762493,345306.284171807,345306.290072093,345306.370846896,345306.370855196,0.08769558498170227,0.005900286021642387,0.08077480300562456,0.0009072970133274794
242,0,16,0.08870978304184973,0.0025699930265545845,345306.474588642,345306.560728432,345306.474693942,345306.480560828,345306.559778434,345306.559786734,0.08613979001529515,0.005866886000148952,0.07921760599128902,0.0009416980319656432
243,0,16,0.08972428098786622,0.0024677939945831895,345306.663507081,345306.750763568,345306.66361068,345306.669369866,345306.74979427,345306.74980247,0.08725648699328303,0.005759185994975269,0.08042440400458872,0.0009610980050638318
244,0,16,0.08874398400075734,0.002625593973789364,345306.853638416,345306.939756806,345306.853743116,345306.859405002,345306.938844208,345306.938852408,0.08611839002696797,0.005661885952576995,0.07943920604884624,0.0009043979807756841
245,0,16,0.0871683870209381,0.002505794051103294,345307.042616655,345307.127279248,345307.042722354,345307.04855554,345307.12637025,345307.12637855,0.0846625929698348,0.005833185976371169,0.07781471003545448,0.0009006979526020586
246,0,16,0.08900358201935887,0.002539993030950427,345307.230116397,345307.316579986,345307.230221197,345307.235941683,345307.315671288,345307.315679188,0.08646358898840845,0.00572048599133268,0.07972960500046611,0.0009007980115711689
247,0,16,0.08641168900066987,0.002492194005753845,345307.419318435,345307.50323793,345307.419424934,345307.42520542,345307.502193632,345307.502201732,0.08391949499491602,0.005780485982540995,0.07698821200756356,0.0010361979948356748
248,2,16,0.1067564400145784,0.00257589400280267,345307.606126278,345307.710306824,345307.606232378,345307.612273663,345307.709232427,345307.709240827,0.10418054601177573,0.006041284999810159,0.0969587640138343,0.001065996999386698
249,0,16,0.08775618602521718,0.0025200940435752273,345307.813145173,345307.898381265,345307.813251673,345307.819020759,345307.897454067,345307.897469967,0.08523609198164195,0.005769086012151092,0.07843330799369141,0.0009112979751080275
250,0,16,0.08825138403335586,0.00258179398952052,345308.001285714,345308.086955304,345308.001392513,345308.007126199,345308.086016107,345308.086024607,0.08566959004383534,0.0057336860336363316,0.07888990797800943,0.0009306970168836415
251,0,16,0.08811938500730321,0.002532094018533826,345308.189768653,345308.275355944,345308.189896153,345308.195999838,345308.274438947,345308.274447447,0.08558729098876938,0.006103685009293258,0.07843910896917805,0.0009084970224648714
252,0,16,0.08749788696877658,0.002612293988931924,345308.378284093,345308.463169686,345308.378390093,345308.384167379,345308.462252788,345308.462261188,0.08488559297984466,0.005777286016382277,0.07808540901169181,0.000908497953787446
253,0,16,0.08586098998785019,0.002491293998900801,345308.565979535,345308.649349231,345308.566082435,345308.57197132,345308.648418934,345308.648427334,0.08336969598894939,0.005888885003514588,0.07644761400297284,0.0009218970080837607
254,0,16,0.09067207894986495,0.0025640939129516482,345308.75221068,345308.840318665,345308.75231688,345308.758434765,345308.839388767,345308.839397267,0.0881079850369133,0.006117885001003742,0.08095400204183534,0.0009213980520144105
255,1,16,0.09798236098140478,0.002523294009733945,345308.943139814,345309.038598881,345308.943245014,345308.9490442,345309.037612284,345309.037620284,0.09545906697167084,0.005799186008516699,0.08856808400014415,0.0009785969741642475
256,0,16,0.08475979301147163,0.002591894008219242,345309.14154233,345309.223710229,345309.14164793,345309.147406516,345309.222803232,345309.222811332,0.08216789900325239,0.005758585990406573,0.07539671601261944,0.000898897007573396
257,0,16,0.12362739903619513,0.0026451940066181123,345309.326594778,345309.447576983,345309.326701178,345309.332701363,345309.446623585,345309.446632185,0.12098220502957702,0.006000185036100447,0.11392222199356183,0.0009447979973629117
258,0,16,0.09679116396000609,0.0028366929618641734,345309.550713631,345309.644668102,345309.550831131,345309.556666017,345309.643660004,345309.643668204,0.09395447099814191,0.005834885989315808,0.08699398703174666,0.000999897951260209
259,0,16,0.10321454802760854,0.0027302930247969925,345309.747598651,345309.848082906,345309.74770515,345309.754446934,345309.846602709,345309.846611509,0.10048425500281155,0.006741783989127725,0.09215577499708161,0.0014713970012962818
260,0,16,0.09173347696196288,0.002576193946879357,345309.950998454,345310.040155737,345309.951137754,345309.95690354,345310.039083839,345310.039092939,0.08915728301508352,0.005765785987023264,0.08218029898125678,0.0010627980227582157
261,0,16,0.09508336801081896,0.0025975939934141934,345310.143045486,345310.23553126,345310.143149986,345310.150405868,345310.234550662,345310.234558662,0.09248577401740476,0.007255882024765015,0.08414479397470132,0.0009725980344228446
262,0,16,0.08550619200104848,0.0025407940265722573,345310.338330609,345310.421296007,345310.338437709,345310.344463094,345310.420291709,345310.420299509,0.08296539797447622,0.0060253849951550364,0.07582861499395221,0.0009964979835785925
263,0,16,0.0844645940233022,0.0025428939843550324,345310.524183456,345310.606105156,345310.524289855,345310.53044324,345310.605148558,345310.605156758,0.08192170003894717,0.006153385038487613,0.07470531796570867,0.0009483980247750878
264,0,16,0.08400039497064427,0.0024594939895905554,345310.708842905,345310.790383806,345310.708946705,345310.714730091,345310.789434009,345310.789442309,0.08154090098105371,0.005783386004623026,0.07470391801325604,0.000941496982704848
265,0,16,0.0839765960117802,0.0025221940013580024,345310.893236555,345310.974690957,345310.893341555,345310.899185741,345310.973696559,345310.973704859,0.0814544020104222,0.005844185943715274,0.07451081805629656,0.0009860980208031833
266,0,16,0.08395529497647658,0.002542193979024887,345311.077512006,345311.158925107,345311.077617106,345311.083708991,345311.15795701,345311.15796531,0.08141310099745169,0.006091884977649897,0.07424801896559075,0.0009597970056347549
267,0,16,0.0959746660082601,0.0025519930059090257,345311.261773556,345311.355196229,345311.261880256,345311.268215441,345311.354180731,345311.354189431,0.09342267300235108,0.006335185025818646,0.0859652899671346,0.0010067980038002133
268,0,16,0.08719048701459542,0.002426894032396376,345311.457979078,345311.542742671,345311.458112978,345311.464079263,345311.541751573,345311.541760173,0.08476359298219904,0.005966284952592105,0.07767230999888852,0.0009824979933910072
269,1,16,0.09781876194756478,0.0025718939723446965,345311.64564542,345311.740892288,345311.64585332,345311.652182004,345311.73980449,345311.73981309,0.09524686797522008,0.0063286839867942035,0.08762248599668965,0.0010791979730129242
270,0,16,0.08538959198631346,0.0024354939814656973,345311.843654537,345311.926608635,345311.843762537,345311.849841522,345311.925614137,345311.925622537,0.08295409800484776,0.006078984995838255,0.07577261503320187,0.0009860980208031833
271,1,16,0.09506916801910847,0.0025428940425626934,345312.029469484,345312.121995758,345312.029575184,345312.035575469,345312.120950861,345312.120959561,0.09252627397654578,0.0060002850368618965,0.08537539199460298,0.0010361969470977783
272,0,16,0.08754208596656099,0.0025942939682863653,345312.224884308,345312.3098321,345312.224990107,345312.231039793,345312.308771803,345312.308780403,0.08494779199827462,0.006049685995094478,0.07773200998781249,0.0010516970069147646
273,2,16,0.13423216104274616,0.002706193074118346,345312.412803249,345312.544329217,345312.412919049,345312.418943534,345312.54308762,345312.54309582,0.1315259679686278,0.006024485046509653,0.12414408597396687,0.001233396993484348
274,0,16,0.08651967998594046,0.002487793972250074,345312.647171955,345312.731203841,345312.647276855,345312.65322174,345312.730164744,345312.730172944,0.08403188601369038,0.005944884964264929,0.07694300403818488,0.0010308969649486244
275,0,16,0.08833737502573058,0.0026725930511020124,345312.834181679,345312.919846461,345312.834286079,345312.840776163,345312.918870464,345312.918879164,0.08566478197462857,0.006490083993412554,0.0780943010468036,0.0009672970045357943
276,0,16,0.11789700004737824,0.0025061940541490912,345313.0226477,345313.138038506,345313.022752499,345313.028909984,345313.136800709,345313.136808909,0.11539080599322915,0.006157485011499375,0.1078907250193879,0.0012295969645492733
277,0,16,0.08576328196795657,0.0024682930088602006,345313.240789944,345313.324084933,345313.240919844,345313.246967929,345313.323092135,345313.323100335,0.08329498895909637,0.006048084993381053,0.0761242060107179,0.0009845979511737823
278,0,16,0.08732037805020809,0.002596694102976471,345313.427005771,345313.511729455,345313.42712447,345313.433915253,345313.510719058,345313.510727558,0.08472368394723162,0.006790782965254039,0.07680380501551554,0.0010018969769589603
279,0,16,0.11967699503293261,0.0024629940162412822,345313.614393694,345313.731607695,345313.614500593,345313.620616878,345313.730357199,345313.730365699,0.11721400101669133,0.006116284988820553,0.1097403210005723,0.0012419960112310946
280,0,16,0.08845397498225793,0.002680992998648435,345313.834616333,345313.920389315,345313.834721233,345313.841051617,345313.919389618,345313.919398018,0.0857729819836095,0.006330383999738842,0.07833800098160282,0.0009912970126606524
281,1,16,0.0937562610488385,0.0025679930113255978,345314.023172254,345314.114360522,345314.023278353,345314.029398338,345314.113297824,345314.113306124,0.0911882680375129,0.006119985016994178,0.0838994859950617,0.0010543980170041323
282,0,16,0.12010939500760287,0.0026736939908005297,345314.21725056,345314.334686261,345314.21736376,345314.22519114,345314.333522864,345314.333540564,0.11743570101680234,0.007827380031812936,0.10833172395359725,0.0011456970241852105
283,0,16,0.08868077397346497,0.0025256939698010683,345314.4374813,345314.52363638,345314.437588199,345314.443586484,345314.522617283,345314.522626083,0.0861550800036639,0.00599828502163291,0.07903079898096621,0.0010102969827130437
284,0,16,0.09785815101349726,0.002828293014317751,345314.626714018,345314.721743876,345314.626912218,345314.634367999,345314.720681279,345314.720690079,0.09502985799917951,0.007455780985765159,0.08631328004412353,0.0010537970229052007
285,0,16,0.08988107100594789,0.0025152930174954236,345314.824512615,345314.911878393,345314.824620715,345314.831036598,345314.910885295,345314.910893795,0.08736577798845246,0.00641588302096352,0.07984869700158015,0.0009845979511737823
286,0,16,0.08682837901869789,0.002704993006773293,345315.014827631,345315.098951017,345315.014932531,345315.020869116,345315.097990119,345315.097998119,0.0841233860119246,0.005936585017479956,0.0771210030070506,0.0009528980008326471
287,0,16,0.0847135849762708,0.0027356939972378314,345315.202037755,345315.284015646,345315.202159754,345315.208618238,345315.283068449,345315.283076649,0.08197789097903296,0.006458483985625207,0.07445021101739258,0.0009389969636686146
288,0,16,0.08966337202582508,0.0027260930510237813,345315.387032884,345315.473970163,345315.387147284,345315.393530368,345315.472758466,345315.472768766,0.0869372789748013,0.0063830839935690165,0.079228098038584,0.0012013969826512039
289,2,16,0.13471215701429173,0.00258989300346002,345315.576791702,345315.708913966,345315.576899801,345315.584863081,345315.707627169,345315.707635769,0.1321222640108317,0.007963280018884689,0.12276408798061311,0.0012781970435753465
290,0,16,0.08703497902024537,0.002649794041644782,345315.811833304,345315.896218489,345315.811940204,345315.817875589,345315.895238892,345315.895246992,0.08438518497860059,0.005935385008342564,0.0773633029893972,0.0009714969783090055
291,0,16,0.08416178601328284,0.002592494012787938,345315.999142228,345316.08071152,345315.999248727,345316.005387412,345316.079702023,345316.079710123,0.0815692920004949,0.006138684984762222,0.07431461103260517,0.0010013969731517136
292,1,16,0.10867102403426543,0.0026612940710037947,345316.183579259,345316.289588989,345316.183692258,345316.190568341,345316.288445492,345316.288455092,0.10600972996326163,0.006876082974486053,0.09787715098354965,0.0011338969925418496
293,0,16,0.09651085402583703,0.0029297920409590006,345316.392652927,345316.486233989,345316.392762727,345316.400839106,345316.485153392,345316.485162092,0.09358106198487803,0.00807637901743874,0.08431428601033986,0.001071896986104548
294,1,16,0.09451836004154757,0.0026507930597290397,345316.589295227,345316.681162794,345316.589400227,345316.59610041,345316.680177296,345316.680185596,0.09186756698181853,0.00670018297387287,0.08407688600709662,0.0009771980112418532
295,0,16,0.08485198399284855,0.0025097940233536065,345316.784118532,345316.866460722,345316.784224532,345316.790747515,345316.865537925,345316.865546225,0.08234218996949494,0.006522982963360846,0.07479040999896824,0.0009144970099441707
296,0,16,0.08554598299087957,0.0025759939453564584,345316.969335961,345317.05230595,345316.969443061,345316.976035844,345317.051393652,345317.051402052,0.08296998904552311,0.006592783029191196,0.07535780797479674,0.0009038980351760983
297,0,16,0.08445178502006456,0.0026034940383397043,345317.155202689,345317.23705098,345317.155307588,345317.161650472,345317.236133483,345317.236141783,0.08184829098172486,0.0063428839785046875,0.07448301103431731,0.0009091969695873559
298,1,16,0.09449936001328751,0.002602194028440863,345317.339939219,345317.431836385,345317.340084119,345317.346233503,345317.430766388,345317.430774388,0.09189716598484665,0.006149384018499404,0.0845328849973157,0.0010619969689287245
299,0,16,0.0845906850299798,0.0027828930178657174,345317.534965723,345317.616773515,345317.535079123,345317.541388707,345317.615830918,345317.615839418,0.08180779201211408,0.006309584015980363,0.07444221101468429,0.000934096984565258
300,0,16,0.08521218301029876,0.002607393020298332,345317.719702254,345317.802307044,345317.719808353,345317.726200237,345317.801392646,345317.801401346,0.08260478999000043,0.006391884002368897,0.07519240898545831,0.0009056979906745255
301,4,16,0.11591420602053404,0.0025236940127797425,345317.905144882,345318.018535394,345317.905250582,345317.911472566,345318.017453397,345318.017461697,0.1133905120077543,0.006221984047442675,0.10598083096556365,0.001073696999810636
302,0,16,0.08455168502405286,0.0025203940458595753,345318.121398333,345318.203429624,345318.121503633,345318.127710517,345318.202509227,345318.202517527,0.08203129097819328,0.006206883990671486,0.07479871000396088,0.0009120969916693866
303,1,16,0.09554355696309358,0.0026832929579541087,345318.306384463,345318.399244727,345318.306492462,345318.312742847,345318.398240429,345318.398248729,0.09286026400513947,0.006250385020393878,0.08549758198205382,0.0009959979797713459
304,0,16,0.08465898496797308,0.002515392960049212,345318.502082365,345318.584225957,345318.502187265,345318.508453349,345318.583284859,345318.583292959,0.08214359200792387,0.006266083975788206,0.07483151002088562,0.0009329979657195508
305,3,16,0.1367717530229129,0.0025771940127015114,345318.687073895,345318.821268454,345318.687177795,345318.693535779,345318.819931958,345318.819940458,0.13419455901021138,0.0063579840352758765,0.1263961789663881,0.0013279960257932544
306,0,16,0.0860337819904089,0.0026055939961224794,345318.924191893,345319.007620081,345318.924297893,345318.930919276,345319.006674583,345319.006683083,0.08342818799428642,0.006621383014135063,0.07575530698522925,0.0009369979961775243
307,0,16,0.08434198598843068,0.0025751939974725246,345319.11038952,345319.192156312,345319.11049512,345319.116523904,345319.191208615,345319.191216915,0.08176679199095815,0.006028784031514078,0.07468471099855378,0.0009393970249220729
308,0,16,0.08428738598013297,0.002504293981473893,345319.294954951,345319.376738043,345319.295058551,345319.301271735,345319.375791546,345319.375799946,0.08178309199865907,0.006213183980435133,0.07451981102349237,0.0009380969568155706
309,0,16,0.08529308397555724,0.0025940939667634666,345319.479580682,345319.562279672,345319.479688182,345319.486352065,345319.561341074,345319.561349074,0.08269899000879377,0.0066638829885050654,0.07498900900827721,0.0009305980056524277
310,0,16,0.08449178497539833,0.0025097940233536065,345319.665158211,345319.747140202,345319.66526481,345319.671506694,345319.746136705,345319.746145105,0.08198199095204473,0.006241883966140449,0.07463001098949462,0.0009950969833880663
311,0,16,0.08467258495511487,0.002540592977311462,345319.849952641,345319.932084633,345319.850075141,345319.856252725,345319.931103735,345319.931112135,0.08213199197780341,0.006177584000397474,0.07485100999474525,0.0009724979754537344
312,0,16,0.08407568599795923,0.002476393012329936,345320.034805672,345320.116404965,345320.034911072,345320.041254455,345320.115439367,345320.115447667,0.08159929298562929,0.006343382992781699,0.07418491202406585,0.000957297976128757
313,0,16,0.08425368601456285,0.0025661929976195097,345320.219249103,345320.300936596,345320.219355003,345320.225901486,345320.299998398,345320.300016898,0.08168749301694334,0.006546483025886118,0.0740969119942747,0.0009196979808621109
314,0,16,0.08577588602202013,0.002501094015315175,345320.403680435,345320.486955227,345320.403899534,345320.410194018,345320.48583153,345320.48583963,0.08327479200670496,0.006294483959209174,0.07563751202542335,0.0011155969696119428
315,0,16,0.08617778803454712,0.002635092008858919,345320.589904874,345320.67344757,345320.590040574,345320.596728858,345320.672474072,345320.672501772,0.0835426960256882,0.0066882839892059565,0.0757452140096575,0.0009457980049774051
316,0,16,0.08558319101575762,0.002549195021856576,345320.776252218,345320.859286214,345320.776358417,345320.782826201,345320.858353216,345320.858361616,0.08303399599390104,0.006467783998232335,0.07552701502572745,0.0009245980181731284
317,0,16,0.08674898697063327,0.002514694002456963,345320.962226062,345321.046460355,345320.962334961,345320.969359744,345321.045516957,345321.045524957,0.0842342929681763,0.00702478300081566,0.07615721301408485,0.0009353979839943349
318,1,16,0.09460386802675202,0.002570992975961417,345321.149240903,345321.241273778,345321.149375703,345321.155656087,345321.24025068,345321.24026008,0.09203287505079061,0.006280383968260139,0.08459459303412586,0.0010136979981325567
319,0,16,0.08472879300825298,0.002580594038590789,345321.344168225,345321.426316424,345321.344273225,345321.351098908,345321.425272627,345321.425280526,0.08214819896966219,0.0068256829981692135,0.0741737189819105,0.0010358979925513268
320,0,16,0.09053357801167294,0.0025889940443448722,345321.529248972,345321.617193556,345321.529355571,345321.535586756,345321.616094659,345321.616103159,0.08794458396732807,0.006231184990610927,0.08050790301058441,0.0010903970105573535
321,0,16,0.08594239002559334,0.0025804940378293395,345321.719997304,345321.8033592,345321.720152204,345321.726917187,345321.802405702,345321.802413902,0.083361895987764,0.006764983001630753,0.07548851502360776,0.0009452980011701584
322,0,16,0.08897208201233298,0.0024778940132819116,345321.906149548,345321.992643736,345321.906254448,345321.912840131,345321.991663738,345321.991672038,0.08649418799905106,0.006585682975128293,0.07882360700750723,0.0009716980275698006
323,0,16,0.08712778595509008,0.002550892939325422,345322.095493384,345322.180070277,345322.095598884,345322.102014668,345322.179088279,345322.179096779,0.08457689301576465,0.006415784009732306,0.07707361102802679,0.0009734980412758887
324,0,16,0.08885868202196434,0.00258779403520748,345322.282895425,345322.369166313,345322.283001924,345322.289412209,345322.368137116,345322.368145416,0.08627088798675686,0.006410285015590489,0.07872490701265633,0.0010208969470113516
325,0,16,0.09029127896064892,0.0026440939982421696,345322.472138361,345322.559785546,345322.472243861,345322.479363643,345322.558819648,345322.558827748,0.08764718496240675,0.0071197819779627025,0.07945600501261652,0.0009577979799360037
326,0,16,0.09074317797785625,0.002513193932827562,345322.662629994,345322.750859978,345322.662736494,345322.669398177,345322.74985818,345322.74986658,0.08822998404502869,0.006661683029960841,0.08046000299509615,0.000993398018181324
327,1,16,0.09732776100281626,0.0025545930257067084,345322.853717626,345322.948490794,345322.853862625,345322.86035191,345322.947254597,345322.947263397,0.09477316797710955,0.006489284976851195,0.08690268697682768,0.0012273970060050488
328,0,16,0.11966330697759986,0.0025117939803749323,345323.051281242,345323.168432755,345323.051387541,345323.057753526,345323.167442757,345323.167451157,0.11715151299722493,0.006365985027514398,0.10968923097243533,0.0009815979865379632
329,0,16,0.08564808999653906,0.0025544940144754946,345323.271250703,345323.354344299,345323.271357203,345323.277891787,345323.353243002,345323.353250902,0.08309359598206356,0.006534583983011544,0.07535121502587572,0.0010933970334008336
330,0,16,0.08721148601034656,0.0025672930059954524,345323.457226047,345323.54187024,345323.457436847,345323.46416473,345323.540897642,345323.540905542,0.08464419300435111,0.006727883010171354,0.07673291198443621,0.0009646980324760079
331,0,16,0.08460299298167229,0.002457893977407366,345323.644682188,345323.726827287,345323.644788488,345323.651469971,345323.725853189,345323.725861389,0.08214509900426492,0.006681483006104827,0.07438321801600978,0.0009658979834057391
332,0,16,0.08536439097952098,0.002510194026399404,345323.829574935,345323.912429132,345323.829678835,345323.836124519,345323.911444935,345323.911453335,0.08285419695312157,0.006445684004575014,0.0753204160137102,0.0009757969528436661
333,0,16,0.08558939100475982,0.002520894049666822,345324.01518758,345324.098256077,345324.01529238,345324.021941064,345324.097284879,345324.097293279,0.083068496955093,0.006648683978710324,0.07534381502773613,0.0009627979598008096
334,0,16,0.08486149203963578,0.0025863940827548504,345324.201167325,345324.283442423,345324.201274225,345324.207812709,345324.282462626,345324.282471026,0.08227509795688093,0.006538483954500407,0.07464991701999679,0.0009713969775475562
335,0,16,0.08515719103161246,0.002487794030457735,345324.386256072,345324.468925469,345324.386360971,345324.393166355,345324.467960572,345324.467968771,0.08266939700115472,0.0068053839495405555,0.07479421701282263,0.000956697971560061
336,0,16,0.0875541860004887,0.002545194001868367,345324.571790917,345324.656799909,345324.571896417,345324.578343701,345324.655833211,345324.655841511,0.08500899199862033,0.0064472840167582035,0.077489510003943,0.0009583980427123606
337,0,16,0.08568719000322744,0.002492993022315204,345324.759580657,345324.842774854,345324.759686657,345324.76651744,345324.841775656,345324.841783956,0.08319419698091224,0.006830782978795469,0.07525821600575,0.0009908979991450906
338,0,16,0.08547718997579068,0.002513292944058776,345324.945602102,345325.028565999,345324.945704702,345324.952357985,345325.027454601,345325.027463201,0.0829638970317319,0.0066532830242067575,0.07509661599760875,0.001102797978091985
339,0,16,0.08894368202891201,0.0025023940252140164,345325.131426847,345325.217868135,345325.131531547,345325.138104631,345325.216850638,345325.216858938,0.08644128800369799,0.006573083985131234,0.07874600699869916,0.001009197032544762
340,0,16,0.0859526899876073,0.0025700940168462694,345325.320757883,345325.404140479,345325.320862583,345325.327929966,345325.403155682,345325.403163682,0.08338259597076103,0.007067382975947112,0.07522571604931727,0.0009767970186658204
341,0,16,0.0879932840471156,0.0024328940780833364,345325.506783328,345325.592343718,345325.506886928,345325.513654511,345325.591162921,345325.591170921,0.08556038996903226,0.006767583021428436,0.07750840997323394,0.0011727969977073371
342,0,16,0.08815638400847092,0.0025700939586386085,345325.695195067,345325.780781357,345325.695299866,345325.70184155,345325.77969246,345325.77970126,0.08558629004983231,0.006541683978866786,0.07785091002006084,0.0010800970485433936
343,0,16,0.09021707897773013,0.002499093010555953,345325.883623105,345325.971341091,345325.883729005,345325.890477589,345325.970154793,345325.970162993,0.08771798596717417,0.006748583982698619,0.07967720401939005,0.0011780979693867266
344,0,16,0.09018147899769247,0.002564293972682208,345326.074156739,345326.161773924,345326.074262339,345326.080956722,345326.160599727,345326.160607827,0.08761718502501026,0.0066943830461241305,0.07964300498133525,0.0011660970048978925
345,1,16,0.09898745699319988,0.0025027929805219173,345326.264580873,345326.361065537,345326.264686873,345326.272060254,345326.360009239,345326.360019339,0.09648466401267797,0.0073733809986151755,0.08794898499036208,0.0010461980127729475
346,0,16,0.09143577597569674,0.0025930939591489732,345326.463964785,345326.552807467,345326.464068584,345326.471211667,345326.55182087,345326.55182887,0.08884268201654777,0.007143082970287651,0.080609203025233,0.0009785969741642475
347,0,16,0.09081807796610519,0.002531793958041817,345326.655695115,345326.743981399,345326.655801015,345326.664240195,345326.742996202,345326.743004802,0.08828628400806338,0.008439180033747107,0.07875600701663643,0.0009765970171429217
348,0,16,0.08987977996002883,0.0024526939378120005,345326.846741748,345326.934168834,345326.846847448,345326.853506331,345326.933128737,345326.933136737,0.08742708602221683,0.0066588830086402595,0.07962240598862991,0.0010320970322936773
349,0,16,0.12431189598282799,0.002509693964384496,345327.036963482,345327.158765684,345327.037067882,345327.043774266,345327.157527687,345327.157535987,0.1218022020184435,0.006706384010612965,0.11375342099927366,0.0012296970235183835
350,1,16,0.10009045497281477,0.00256259401794523,345327.261575733,345327.359103594,345327.261695333,345327.268949915,345327.358051497,345327.358059797,0.09752786095486954,0.007254582014866173,0.08910158200887963,0.001043796946760267
351,0,16,0.09206567500950769,0.0025330950156785548,345327.461901743,345327.551434323,345327.462006342,345327.468977425,345327.550333726,345327.550342226,0.08953257999382913,0.006971082999370992,0.0813563009724021,0.0010920970235019922
352,0,16,0.09309167199535295,0.0026970929466187954,345327.654486371,345327.74488095,345327.654592371,345327.666517642,345327.743703953,345327.743712553,0.09039457904873416,0.011925270955543965,0.07718631101306528,0.0011683970224112272
353,0,16,0.09853435901459306,0.0024784940178506076,345327.847749399,345327.943805264,345327.847853398,345327.854693282,345327.942785166,345327.942793466,0.09605586499674246,0.006839883979409933,0.08809188398299739,0.0010117980418726802
354,0,16,0.09048967901617289,0.0025757940020412207,345328.046658712,345328.134572597,345328.046762912,345328.053634795,345328.133572699,345328.133581099,0.08791388501413167,0.006871883000712842,0.07993790396722034,0.0009914980037137866
355,0,16,0.08958688098937273,0.0024828939931467175,345328.237382345,345328.324486332,345328.237485945,345328.244346428,345328.323510735,345328.323519235,0.08710398699622601,0.006860483030322939,0.07916430698242038,0.0009670970030128956
356,0,16,0.08931968203978613,0.0025535940658301115,345328.427360281,345328.514126369,345328.42746688,345328.434455463,345328.513142571,345328.513150871,0.08676608797395602,0.006988583016209304,0.07868710800539702,0.0009754979982972145
357,2,16,0.10774873697664589,0.00245949300006032,345328.616902319,345328.722191563,345328.617007019,345328.623708602,345328.720948466,345328.720956866,0.10528924397658557,0.006701582984533161,0.09723986400058493,0.0012346970033831894
358,0,16,0.10758683801395819,0.002535792998969555,345328.824973512,345328.930024557,345328.825075912,345328.831971095,345328.928865759,345328.928873959,0.10505104501498863,0.0068951830035075545,0.09689466399140656,0.0011505979928188026
359,0,16,0.1052853440050967,0.002504694042727351,345329.032880706,345329.135661356,345329.032986506,345329.039886989,345329.134645559,345329.134653759,0.10278064996236935,0.0069004829856567085,0.0947585700196214,0.0010075969621539116
360,0,16,0.09083777898922563,0.0024506939807906747,345329.238450706,345329.326837791,345329.238555706,345329.245314389,345329.325830593,345329.325838893,0.08838708500843495,0.006758683011867106,0.08051620400510728,0.0009988980018533766
361,0,16,0.08891798404511064,0.0025466950610280037,345329.429646441,345329.51601773,345329.42975114,345329.436667624,345329.514656334,345329.514664734,0.08637128898408264,0.006916483980603516,0.07798871002160013,0.001352995983324945
362,0,16,0.08701858797576278,0.0025219929520972073,345329.61876458,345329.703261175,345329.61886698,345329.625676863,345329.702134877,345329.702143077,0.08449659502366558,0.00680988299427554,0.07645801396574825,0.0011180980363860726
363,0,16,0.08734168799128383,0.0025549940182827413,345329.806152424,345329.890939118,345329.806256724,345329.813178707,345329.88993612,345329.88994452,0.08478669397300109,0.006921982974745333,0.07675741304410622,0.0009945979691110551
364,0,16,0.08821958501357585,0.002707393025048077,345329.993937767,345330.079449959,345329.994041567,345330.00090735,345330.078423762,345330.078431662,0.08551219198852777,0.006865782954264432,0.07751641201321036,0.0010182969854213297
365,0,16,0.09132467804010957,0.0025926940725184977,345330.182356109,345330.271088093,345330.182459509,345330.189502092,345330.270027996,345330.270045896,0.08873198396759108,0.00704258301993832,0.08052590396255255,0.0010421969927847385
366,0,16,0.08936838200315833,0.0025738929980434477,345330.373889643,345330.460684132,345330.373992243,345330.381483824,345330.459632034,345330.459640034,0.08679448900511488,0.007491580967325717,0.07814821001375094,0.0010440979967825115
367,0,16,0.09756656299578026,0.0024991940008476377,345330.563681581,345330.65874895,345330.563786381,345330.570808764,345330.657711052,345330.657719252,0.09506736899493262,0.007022383040748537,0.08690228796331212,0.0010296980035491288
368,0,16,0.0882575850118883,0.002524994022678584,345330.7615503,345330.847282891,345330.761654899,345330.769242981,345330.846274994,345330.846283094,0.08573259098920971,0.007588081993162632,0.0770320130395703,0.0009997969609685242
369,0,16,0.08962828200310469,0.0025747939944267273,345330.950178041,345331.037231529,345330.950283441,345330.957389523,345331.036108432,345331.036117832,0.08705348800867796,0.007106081990059465,0.0787189090042375,0.0011136970133520663
370,1,16,0.09624536597402766,0.0025768939522095025,345331.140061379,345331.233729851,345331.140167479,345331.147412961,345331.232618354,345331.232626954,0.09366847202181816,0.0072454820037819445,0.08520539302844554,0.0011028970475308597
371,0,16,0.11470952100353315,0.0025405939668416977,345331.336676701,345331.448845628,345331.3367798,345331.343983283,345331.447690631,345331.447698831,0.11216892703669146,0.007203482964541763,0.10370734799653292,0.0011467970325611532
372,0,16,0.08960378199117258,0.0025369939976371825,345331.551735578,345331.638802366,345331.551839477,345331.55887446,345331.637811768,345331.637819668,0.0870667879935354,0.007034983020275831,0.07893730798969045,0.0009826979949139059
373,2,16,0.10678034002194181,0.0026529940078034997,345331.741733516,345331.845860862,345331.741840715,345331.749125398,345331.844735065,345331.844742965,0.10412734601413831,0.007284683000762016,0.09560966701246798,0.0011178969871252775
374,0,16,0.08848038502037525,0.0024633940192870796,345331.948593512,345332.034610503,345331.948697912,345331.955777795,345332.033584106,345332.033592106,0.08601699100108817,0.007079883012920618,0.07780631101923063,0.001018396986182779
375,0,16,0.08854008500929922,0.0025517939939163625,345332.137395353,345332.223383644,345332.137500353,345332.144844335,345332.222357147,345332.222365447,0.08598829101538286,0.00734398199710995,0.07751281204400584,0.0010181969846598804
376,0,16,0.08707988797686994,0.0025045929942280054,345332.326154894,345332.410730189,345332.326259494,345332.333565876,345332.409715391,345332.409723591,0.08457529498264194,0.0073063820018433034,0.07614951499272138,0.0010065980022773147
377,0,16,0.08752328797709197,0.0025670939940027893,345332.513604738,345332.598560932,345332.513710238,345332.52102612,345332.597543634,345332.597552234,0.08495619398308918,0.0073158820159733295,0.07651751401135698,0.0010086979600600898
378,0,16,0.08902418299112469,0.0024999940069392323,345332.701435682,345332.787959871,345332.701541882,345332.708984063,345332.786925274,345332.786933574,0.08652418898418546,0.007442180998623371,0.0779412109986879,0.0010262969881296158
379,0,16,0.08830558601766825,0.002530694007873535,345332.890804821,345332.976579713,345332.890908921,345332.898254803,345332.975543315,345332.975551815,0.08577489200979471,0.007345881953369826,0.07728851202409714,0.0010278979898430407
380,0,16,0.0910913780098781,0.0026181930443271995,345333.079513163,345333.167986348,345333.079620562,345333.086791645,345333.16682635,345333.16683435,0.0884731849655509,0.0071710829506628215,0.0800347049953416,0.0011519980034790933
381,0,16,0.12759718898450956,0.00254089297959581,345333.270756898,345333.395813194,345333.270862197,345333.27803918,345333.394770996,345333.394779496,0.12505629600491375,0.007176982995588332,0.11673181602964178,0.0010336979757994413
382,0,16,0.08510829298757017,0.00249429396353662,345333.498546344,345333.581160343,345333.498653844,345333.506055226,345333.580159546,345333.580167845,0.08261399902403355,0.007401382026728243,0.07410431996686384,0.00099249801132828
383,0,16,0.0853773929993622,0.002611093979794532,345333.684080393,345333.766846692,345333.684185793,345333.691335175,345333.765823794,345333.765831594,0.08276629901956767,0.0071493820287287235,0.07448861899320036,0.0010150980087928474
384,0,16,0.08604669099440798,0.0025756940012797713,345333.869653642,345333.953124639,345333.869758842,345333.877711822,345333.952099942,345333.952107942,0.08347099699312821,0.007952979998663068,0.07438812003238127,0.0010166969732381403
385,3,16,0.11209962802240625,0.0025399940786883235,345334.055967889,345334.165527523,345334.056072489,345334.063540671,345334.164367726,345334.164376126,0.10955963394371793,0.0074681820115074515,0.10082705499371514,0.0011513969511725008
386,0,16,0.08675198897253722,0.0025958939804695547,345334.268413673,345334.352569768,345334.268519473,345334.276273854,345334.351535971,345334.351544071,0.08415609499206766,0.007754381047561765,0.0752621169667691,0.0010256969835609198
387,0,16,0.08455579495057464,0.002506393997464329,345334.455416218,345334.537465619,345334.455522318,345334.4628517,345334.536436321,345334.536444521,0.08204940095311031,0.007329382002353668,0.07358462095726281,0.0010210979962721467
388,0,16,0.08594399102730677,0.0025070940027944744,345334.640212969,345334.723649866,345334.640319469,345334.647886451,345334.722617369,345334.722625369,0.08343689702451229,0.007566982007119805,0.07473091804422438,0.0010244970326311886
389,0,16,0.08479109400650486,0.0025691940099932253,345334.826492717,345334.908714617,345334.826598916,345334.833931999,345334.907699419,345334.907707619,0.08222189999651164,0.007333082961849868,0.07376742002088577,0.001006998005323112
390,0,16,0.08664248901186511,0.0025247930316254497,345335.011550067,345335.095667763,345335.011655667,345335.019000249,345335.094517865,345335.094525665,0.08411769598023966,0.007344582001678646,0.07551761600188911,0.0011420979863032699
391,0,16,0.08906468300847337,0.0025392940151505172,345335.198540913,345335.285066302,345335.198647912,345335.206013795,345335.283897405,345335.283906105,0.08652538899332285,0.007365882978774607,0.07788361003622413,0.0011601970181800425
392,0,16,0.08585829101502895,0.0025653940392658114,345335.387857853,345335.47115075,345335.387965152,345335.395537434,345335.469923153,345335.469931853,0.08329289697576314,0.007572281989268959,0.07438571902457625,0.001218896999489516
393,0,16,0.08527639298699796,0.0025579939829185605,345335.573961901,345335.6566803,345335.5740696,345335.581560882,345335.655584702,345335.655593002,0.0827183990040794,0.007491281954571605,0.0740238199941814,0.0010872980346903205
394,0,16,0.08686828898498788,0.0025176939670927823,345335.75944895,345335.843799545,345335.75955475,345335.767139131,345335.842769448,345335.842777448,0.0843505950178951,0.007584381033666432,0.07563031697645783,0.0010220970143564045
395,0,16,0.08557569200638682,0.002637893019709736,345335.946607695,345336.029545494,345335.946710995,345335.954205877,345336.028383397,345336.028391797,0.08293779898667708,0.007494881981983781,0.07417752000037581,0.0011536970268934965
396,0,16,0.08759328699670732,0.0025135939940810204,345336.132472444,345336.217552137,345336.132577744,345336.139901326,345336.21637454,345336.21638784,0.0850796930026263,0.007323581958189607,0.07647321402328089,0.0011642969911918044
397,1,16,0.09516376897227019,0.002633092983160168,345336.320487987,345336.413018663,345336.320592087,345336.328159369,345336.411909365,345336.411917965,0.09253067598911002,0.007567282009404153,0.08374999597435817,0.0011006980203092098
398,0,16,0.08833377802511677,0.002469494065735489,345336.515861509,345336.601725793,345336.515965909,345336.52345669,345336.600638896,345336.600647396,0.08586428395938128,0.007490781019441783,0.07718220597598702,0.001078396977391094
399,0,16,0.090218172990717,0.0026359930052421987,345336.704689335,345336.792271515,345336.704796834,345336.712265216,345336.791223017,345336.791231617,0.0875821799854748,0.00746838201303035,0.07895780098624527,0.0010398980230093002
400,0,16,0.08820217900210992,0.002440895012114197,345336.895010257,345336.980771541,345336.895114856,345336.902701637,345336.979712344,345336.979720544,0.08576128398999572,0.007586780993733555,0.07701070699840784,0.0010509970015846193
401,0,16,0.08613158401567489,0.002572594035882503,345337.083620783,345337.167179773,345337.083728083,345337.091309664,345337.166123076,345337.166131276,0.08355898997979239,0.0075815810123458505,0.07481341197853908,0.0010484969825483859
402,0,16,0.09074817202053964,0.0025351939839310944,345337.270023015,345337.358235993,345337.270161014,345337.278112094,345337.357061896,345337.357069696,0.08821297803660855,0.00795107998419553,0.07894980203127488,0.0011662970064207911
403,0,16,0.09891205199528486,0.002568793948739767,345337.461113035,345337.557456293,345337.461217535,345337.469351014,345337.556363496,345337.556371696,0.09634325804654509,0.008133478986565024,0.08701248199213296,0.0010845970246009529
404,0,16,0.08945537498220801,0.0027084919856861234,345337.660395534,345337.747142417,345337.660501434,345337.668666214,345337.746135119,345337.746143519,0.08674688299652189,0.008164779981598258,0.07746890501584858,0.0009988980018533766
405,0,16,0.08809907897375524,0.0026043939869850874,345337.850124058,345337.935618743,345337.850229158,345337.857775139,345337.934498046,345337.934506346,0.08549468498677015,0.00754598097410053,0.07672290701884776,0.001112397003453225
406,2,16,0.10465063701849431,0.0025936930323950946,345338.038524685,345338.140581629,345338.038629685,345338.047622062,345338.139406832,345338.139415032,0.10205694398609921,0.008992376970127225,0.09178477001842111,0.0011665970087051392
407,3,16,0.11916610004846007,0.002584893023595214,345338.243391971,345338.359973178,345338.24349357,345338.250969952,345338.358758081,345338.358766481,0.11658120702486485,0.007476381957530975,0.10778812901116908,0.0012066970230080187
408,0,16,0.08650788199156523,0.0025296930107288063,345338.46291542,345338.546893609,345338.463022119,345338.4707619,345338.545810311,345338.545818511,0.08397818898083642,0.007739780994597822,0.0750484109739773,0.0010750980000011623
409,3,16,0.11608920799335465,0.002709092979785055,345338.64989755,345338.763277665,345338.65002215,345338.658290129,345338.762007269,345338.762015269,0.1133801150135696,0.008267978962976485,0.10371714003849775,0.0012623959919437766
410,0,16,0.12054389697732404,0.0024946939665824175,345338.866052708,345338.984101911,345338.866159607,345338.873786288,345338.982858414,345338.982866614,0.11804920301074162,0.007626681006513536,0.10907212598249316,0.0012352970079518855
411,0,16,0.08981367497472093,0.0026106939767487347,345339.087028553,345339.174231534,345339.087135953,345339.094768833,345339.173171037,345339.173179237,0.08720298099797219,0.007632880005985498,0.07840220397338271,0.0010522970114834607
412,0,16,0.0908822719939053,0.0027169930399395525,345339.277083776,345339.365249055,345339.277190376,345339.285395055,345339.364092057,345339.364100057,0.08816527895396575,0.008204679004848003,0.07869700196897611,0.0011489979806356132
413,0,16,0.09953145001782104,0.0024964940384961665,345339.468224396,345339.565259352,345339.468331096,345339.476081876,345339.564027656,345339.564036256,0.09703495597932488,0.007750780030619353,0.08794577996013686,0.0012230959837324917
414,0,16,0.08798357902560383,0.002854993043001741,345339.668252594,345339.75338118,345339.668365494,345339.676301974,345339.752288883,345339.752297083,0.08512858598260209,0.007936479989439249,0.07598690903978422,0.0010840970207937062
415,0,16,0.08698958199238405,0.002594193967524916,345339.856406822,345339.94080221,345339.856511722,345339.864393202,345339.939670413,345339.939679513,0.08439538802485913,0.00788147997809574,0.07527721096994355,0.0011226970236748457
416,0,16,0.08679898199625313,0.002584693022072315,345340.043654452,345340.127868741,345340.043757852,345340.051507832,345340.126800643,345340.126829143,0.08421428897418082,0.007749980024527758,0.07529281097231433,0.0010395980207249522
417,0,16,0.08851427695481107,0.002587991941254586,345340.230807882,345340.316734167,345340.230912582,345340.238562663,345340.31540267,345340.31541047,0.08592628501355648,0.007650081010069698,0.07684000697918236,0.0013236969825811684
418,0,16,0.0861560829798691,0.0024903929443098605,345340.419585409,345340.503251099,345340.419693908,345340.427446789,345340.502134402,345340.502142702,0.08366569003555924,0.007752880977932364,0.07468761299969628,0.0011083970312029123
419,0,16,0.08681878197239712,0.0025290939956903458,345340.606090441,345340.690380129,345340.60619534,345340.614125921,345340.689314132,345340.689322132,0.08428968797670677,0.007930580992251635,0.07518821099074557,0.001057996996678412
420,0,16,0.08797387999948114,0.0025846940116025507,345340.793198171,345340.878587357,345340.793304871,345340.801159251,345340.87751496,345340.87752326,0.08538918598787859,0.007854380004573613,0.07635570899583399,0.0010640969849191606
421,1,16,0.09806035400833935,0.0026099939714185894,345340.981520299,345341.076970659,345340.981626499,345340.989691878,345341.075829162,345341.075837862,0.09545036003692076,0.008065379050094634,0.08613728394266218,0.0011327970423735678
422,0,16,0.09001077403081581,0.0025790930376388133,345341.179822201,345341.267253882,345341.179928001,345341.187775781,345341.266159185,345341.266167185,0.087431680993177,0.007847780012525618,0.07838340394664556,0.001086697040591389
423,0,16,0.09039717295672745,0.0026964929420500994,345341.370255724,345341.457956404,345341.370364423,345341.378348503,345341.456892906,345341.456901006,0.08770068001467735,0.007984080002643168,0.07854440296068788,0.0010553980246186256
424,0,16,0.09201546898111701,0.002528893994167447,345341.560874446,345341.650361021,345341.560978545,345341.568830126,345341.649019924,345341.649027824,0.08948657498694956,0.007851581030990928,0.08018979796906933,0.0013331969967111945
425,0,16,0.09703655703924596,0.0025345940375700593,345341.753198363,345341.847700326,345341.753301463,345341.761245943,345341.846515129,345341.846522929,0.0945019630016759,0.007944480050355196,0.0852691859472543,0.0011773970327340066
426,0,16,0.08737708098487929,0.0025671939947642386,345341.950599368,345342.035409255,345341.950704168,345341.958490548,345342.034286958,345342.034295258,0.08480988699011505,0.0077863800106570125,0.07579640997573733,0.0011139970156364143
427,0,16,0.09100927104009315,0.0026134930085390806,345342.138251198,345342.226646976,345342.138354697,345342.146435277,345342.225484379,345342.225492579,0.08839577803155407,0.008080580038949847,0.07904910197248682,0.0011543970322236419
428,2,16,0.11543011001776904,0.002515393018256873,345342.329543918,345342.442458635,345342.329648118,345342.337614998,345342.441284338,345342.441293238,0.11291471699951217,0.007966879988089204,0.10366934002377093,0.0011653969995677471
429,0,16,0.08935797604499385,0.0025771940127015114,345342.545356577,345342.632137359,345342.545580676,345342.554359254,345342.631071162,345342.631079562,0.08678078203229234,0.008778578019700944,0.07671190798282623,0.0010577969951555133
430,0,16,0.08971647504949942,0.002611293049994856,345342.734901501,345342.822006683,345342.735005801,345342.744122078,345342.820902786,345342.820911586,0.08710518199950457,0.009116276982240379,0.07678070798283443,0.0010950969881378114
431,0,16,0.09066157299093902,0.0027354939957149327,345342.925066825,345343.012992904,345342.925179424,345342.933268604,345343.011790907,345343.011799207,0.08792607899522409,0.008089179988019168,0.07852230302523822,0.0011936969822272658
432,0,16,0.12725948099978268,0.0025998930213972926,345343.115874146,345343.240533734,345343.115979446,345343.123818626,345343.239232837,345343.239245537,0.12465958797838539,0.007839180005248636,0.11541421100264415,0.0012881969450972974
433,0,16,0.08640028297668323,0.0025050939293578267,345343.343346376,345343.427241565,345343.343451176,345343.351507755,345343.426000369,345343.426009669,0.0838951890473254,0.008056578983087093,0.0744926140177995,0.0012318959925323725
434,0,16,0.08631778403650969,0.0025828940561041236,345343.530197107,345343.613931997,345343.530304307,345343.538198287,345343.6127131,345343.6127213,0.08373488998040557,0.007893980015069246,0.07451481296448037,0.0012106969952583313
435,0,16,0.08582468499662355,0.0025481940247118473,345343.71676434,345343.800040831,345343.716870839,345343.724814919,345343.798838234,345343.798846434,0.0832764909719117,0.007944079989101738,0.07402331498451531,0.0011943969875574112
436,0,16,0.08742758102016523,0.0025479940231889486,345343.902902473,345343.98778206,345343.903006973,345343.911046453,345343.986573163,345343.986581663,0.08487958699697629,0.008039480017032474,0.07552671001758426,0.0012003969750367105
437,0,16,0.08731108100619167,0.0025017939624376595,345344.090600903,345344.17541019,345344.090706702,345344.098782682,345344.174198793,345344.174210993,0.08480928704375401,0.008075980003923178,0.07541611103806645,0.0011991970241069794
438,0,16,0.08972187497420236,0.0026616930263116956,345344.278255332,345344.365315514,345344.278359832,345344.286941711,345344.364017217,345344.364025417,0.08706018194789067,0.008581878966651857,0.07707550603663549,0.0012900969595648348
439,0,16,0.08986227901186794,0.0024795940262265503,345344.468246056,345344.555628741,345344.468350956,345344.477128534,345344.554510044,345344.554518344,0.08738268498564139,0.008777578012086451,0.07738150999648497,0.0011103969882242382
440,0,16,0.0897908799815923,0.002646493958309293,345344.658562988,345344.745707374,345344.658669188,345344.666729268,345344.744601377,345344.744609377,0.087144386023283,0.008060079999268055,0.07787210901733488,0.0010979970102198422
441,0,16,0.08736118499655277,0.002505793992895633,345344.848523922,345344.933379313,345344.848628222,345344.856699702,345344.932288016,345344.932296516,0.08485539100365713,0.008071479969657958,0.07558831403730437,0.0010827969526872039
442,0,16,0.08780688396655023,0.0025153940077871084,345345.036243461,345345.121534951,345345.036349361,345345.045238139,345345.120475954,345345.120484254,0.08529148995876312,0.0088887779857032,0.07523781503550708,0.0010506969993002713
443,0,16,0.08728728600544855,0.0025479939649812877,345345.224363999,345345.309103291,345345.224471299,345345.232765178,345345.308043094,345345.308051694,0.08473929204046726,0.008293879043776542,0.07527791598113254,0.0010515970061533153
444,0,16,0.09088977699866518,0.002649093046784401,345345.412061938,345345.500302622,345345.412166238,345345.420191818,345345.499121424,345345.499130424,0.08824068395188078,0.008025579969398677,0.07892960601020604,0.0011721979826688766
445,0,16,0.10595534002641216,0.002471494080964476,345345.603105969,345345.706589815,345345.603210069,345345.611250049,345345.705365318,345345.705373318,0.10348384594544768,0.008039980020839721,0.09411526896292344,0.001216496981214732
446,0,16,0.08866018196567893,0.0024898939882405102,345345.809408463,345345.895578751,345345.809512363,345345.818931239,345345.894514954,345345.894523254,0.08617028797743842,0.009418876026757061,0.07558371499180794,0.0010554969776421785
447,0,16,0.09041137801250443,0.0025473940186202526,345345.998396499,345346.086260483,345345.998502499,345346.006671579,345346.085175786,345346.085184186,0.08786398399388418,0.008169079956132919,0.07850420702015981,0.0010762970196083188
448,0,16,0.0876932850223966,0.0024956940324045718,345346.189132331,345346.274329922,345346.189236331,345346.19764161,345346.273260424,345346.273268724,0.08519759098999202,0.00840527901891619,0.07561881397850811,0.0010611980105750263
449,0,16,0.09061437798663974,0.002594193967524916,345346.377142469,345346.465162653,345346.377248669,345346.385511449,345346.464091156,345346.464099356,0.08802018401911482,0.008262780029326677,0.07857970701297745,0.0010632970370352268
450,0,16,0.09024997800588608,0.00251279299845919,345346.567991901,345346.655729086,345346.568096401,345346.576230881,345346.654642288,345346.654650788,0.08773718500742689,0.008134479983709753,0.07841140701202676,0.001078298024367541
451,0,16,0.08841828297590837,0.0026633929810486734,345346.758699033,345346.844453923,345346.758806733,345346.767216712,345346.843396425,345346.843404825,0.0857548899948597,0.008409978996496648,0.07617971301078796,0.0010490979766473174
452,0,16,0.09001257899217308,0.0024893939844332635,345346.94730117,345347.034824355,345346.94740597,345346.95568465,345347.033607358,345347.033615658,0.08752318500773981,0.00827867997577414,0.07792270800564438,0.0012086969800293446
453,0,16,0.09051937801996246,0.002520294045098126,345347.137651103,345347.225650187,345347.137755303,345347.146048483,345347.22456049,345347.22456879,0.08799908397486433,0.008293179969768971,0.0785120070213452,0.001081397000234574
454,0,16,0.08878898195689544,0.002605093934107572,345347.328491935,345347.414675823,345347.328610735,345347.338079211,345347.413444126,345347.413452326,0.08618388802278787,0.009468475996982306,0.07536491501377895,0.0012234969763085246
455,0,16,0.09150037501240149,0.0026208930066786706,345347.517610871,345347.606490353,345347.517717771,345347.529181242,345347.605414255,345347.605423355,0.08887948200572282,0.011463470989838243,0.07623301300918683,0.001066997996531427
456,0,16,0.09037787903798744,0.0024504950270056725,345347.709266301,345347.797193685,345347.7093752,345347.71766778,345347.795859088,345347.795924588,0.08792738401098177,0.008292580023407936,0.07819130801362917,0.0012690970324911177
457,0,16,0.10034105298109353,0.0026176919927820563,345347.900170332,345347.997893693,345347.900378332,345347.908618912,345347.996752495,345347.996760895,0.09772336098831147,0.008240579976700246,0.08813358301995322,0.0011327979736961424
458,4,16,0.18014005798613653,0.0025089940172620118,345348.100665241,345348.278296305,345348.10076904,345348.10910462,345348.276883208,345348.276891608,0.17763106396887451,0.008335580001585186,0.16777858801651746,0.0014046969590708613
459,1,16,0.09659866301808506,0.002597693004645407,345348.381186452,345348.475187422,345348.381290852,345348.389514332,345348.474033725,345348.474041925,0.09400097001343966,0.008223480021115392,0.08451939298538491,0.0011454970226623118
460,0,16,0.0867197880288586,0.002567994059063494,345348.578106069,345348.662257863,345348.578215969,345348.586765248,345348.661201566,345348.661209566,0.08415179396979511,0.008549278951250017,0.07443631801288575,0.0010482969810254872
461,0,16,0.08843288297066465,0.002501993963960558,345348.765050911,345348.8509818,345348.765156311,345348.773900889,345348.849874803,345348.849883203,0.08593088900670409,0.008744577993638813,0.07597391400486231,0.0010985970147885382
462,0,16,0.08919918100582436,0.0025265940348617733,345348.953821448,345349.040494035,345348.953924948,345348.963353225,345349.039392438,345349.039400438,0.08667258697096258,0.009428276971448213,0.0760392130468972,0.0010935969767160714
463,0,16,0.08875878201797605,0.0025481930351816118,345349.143377383,345349.229587972,345349.143584383,345349.151848462,345349.228502974,345349.228513874,0.08621058898279443,0.008264078991487622,0.07665451196953654,0.001074097992386669
464,0,16,0.09249217400792986,0.002515894011594355,345349.332452219,345349.422428499,345349.332558019,345349.340909799,345349.421348801,345349.421357101,0.0899762799963355,0.008351779950316995,0.08043900202028453,0.0010713979718275368
465,0,16,0.08958457998232916,0.0025168939610011876,345349.525221547,345349.612289233,345349.525522146,345349.533890825,345349.611129436,345349.611137636,0.08706768602132797,0.008368678973056376,0.07723861100384966,0.0011515970109030604
466,0,16,0.0929924719966948,0.0025496939779259264,345349.715090481,345349.805533259,345349.715197381,345349.727011452,345349.804406462,345349.804414862,0.09044277801876888,0.011814071040134877,0.0773950099828653,0.0011183969909325242
467,0,16,0.08754318597493693,0.0025138939963653684,345349.908364107,345349.993393399,345349.908468107,345349.916878386,345349.992328301,345349.992336601,0.08502929197857156,0.008410278998780996,0.07544991502072662,0.0010567979770712554
468,0,16,0.1051470420206897,0.002544893999584019,345350.096250447,345350.198852595,345350.096354546,345350.104644326,345350.197685098,345350.197693298,0.10260214802110568,0.008289780002087355,0.0930407719570212,0.0011592970113269985
469,0,16,0.08894308202434331,0.0025778940762393177,345350.301738443,345350.388103631,345350.301840543,345350.310222622,345350.386836434,345350.386845134,0.086365187948104,0.008382079016882926,0.07661381200887263,0.001258496951777488
470,0,16,0.08866598299937323,0.0027023940347135067,345350.491098679,345350.577062268,345350.491203178,345350.499752657,345350.575875171,345350.575883371,0.08596358896465972,0.008549479010980576,0.0761225139722228,0.0011788969859480858
471,0,16,0.08830078301252797,0.0024480930296704173,345350.679831616,345350.765684306,345350.679938216,345350.688269495,345350.764554308,345350.764562808,0.08585268998285756,0.008331278979312629,0.07628481305437163,0.0011214980040676892
472,0,16,0.09016417904058471,0.0026131930644623935,345350.868584253,345350.956135239,345350.868689253,345350.878531529,345350.955029842,345350.955038242,0.08755098597612232,0.009842275991104543,0.0764983129920438,0.0010969970026053488
473,0,16,0.09053557796869427,0.00259359396295622,345351.059070387,345351.147012371,345351.059174986,345351.069201362,345351.145903274,345351.145912074,0.08794198400573805,0.010026376054156572,0.07670191198121756,0.001100296969525516
474,0,16,0.08856338303303346,0.0025265940348617733,345351.249771519,345351.335808308,345351.249875919,345351.259446295,345351.334712111,345351.334720611,0.08603678899817169,0.009570375957991928,0.07526581600541249,0.0010876969899982214
475,0,16,0.08920308196684346,0.0026428939308971167,345351.438681856,345351.525242044,345351.438788656,345351.448489632,345351.524171547,345351.524179847,0.08656018803594634,0.009700975962914526,0.0756819149828516,0.0010621970286592841
476,0,16,0.1236016969778575,0.002600693958811462,345351.628215192,345351.749216195,345351.628319991,345351.63699077,345351.747912798,345351.747921098,0.12100100301904604,0.008670779003296047,0.11092202801955864,0.0012950969976373017
477,0,16,0.08906478201970458,0.002498094050679356,345351.852013643,345351.938580331,345351.852220143,345351.860634022,345351.937498134,345351.937506334,0.08656668796902522,0.00841387896798551,0.07686411199392751,0.001073997002094984
478,0,16,0.09017657896038145,0.0026169929187744856,345352.041439179,345352.128998765,345352.041545479,345352.052770951,345352.127884667,345352.127893267,0.08755958604160696,0.011225472029764205,0.07511371601140127,0.001105497998651117
479,0,16,0.0902278779540211,0.0025287929456681013,345352.231840613,345352.319539698,345352.231945812,345352.241793188,345352.318419201,345352.318427101,0.087699085008353,0.009847375971730798,0.07662601303309202,0.0011125970049761236
480,0,16,0.09039167797891423,0.002574993937741965,345352.422462846,345352.51027953,345352.422570545,345352.431120324,345352.509188433,345352.509196333,0.08781668404117227,0.008549779013264924,0.0780681089963764,0.0010831970139406621
481,4,16,0.12208819802617654,0.002587194030638784,345352.613125776,345352.73262678,345352.613233775,345352.621847854,345352.731294083,345352.731301883,0.11950100399553776,0.0086140789790079,0.10944622900569811,0.0013248969917185605
482,0,16,0.08809728204505518,0.0025342940352857113,345352.835450326,345352.921013314,345352.835557326,345352.844308104,345352.919875017,345352.919883117,0.08556298800976947,0.008750778040848672,0.0755669130012393,0.0011301969643682241
483,0,16,0.08827248198213056,0.002593994024209678,345353.02391266,345353.109591148,345353.02401956,345353.033381737,345353.108473051,345353.108481151,0.08567848795792088,0.00936217699199915,0.07509131397819147,0.0011099969851784408
484,0,16,0.09181087301112711,0.0025951939751394093,345353.212485194,345353.301700873,345353.212590793,345353.223907165,345353.300595876,345353.300604276,0.0892156790359877,0.011316372023429722,0.07668871100759134,0.0010965969995595515
485,0,16,0.09108077496057376,0.0025712939677760005,345353.404609819,345353.4931193,345353.404715918,345353.413570897,345353.492015003,345353.492023503,0.08850948099279776,0.008854979008901864,0.07844410598045215,0.0010957969934679568
486,0,16,0.11876660695997998,0.0025949939736165106,345353.596051745,345353.712223358,345353.596156345,345353.604670324,345353.710954461,345353.710963061,0.11617161298636347,0.008513979031704366,0.10628413700032979,0.001260296965483576
487,0,16,0.08961997798178345,0.0026323930360376835,345353.815077704,345353.902065289,345353.815183404,345353.825290479,345353.900887392,345353.900896092,0.08698758494574577,0.01010707498062402,0.07559691299684346,0.001169196970295161
488,0,16,0.09186207299353555,0.002561492961831391,345354.005035334,345354.094335914,345354.005141134,345354.014107612,345354.093209716,345354.093218116,0.08930058003170416,0.008966477995272726,0.07910210400586948,0.0011177980341017246
489,0,16,0.12110020098043606,0.0025748939951881766,345354.197224359,345354.315749666,345354.197329159,345354.206902635,345354.31443387,345354.31444187,0.11852530698524788,0.009573475981596857,0.10753123502945527,0.0013077959883958101
490,0,16,0.0893953790073283,0.0026104929856956005,345354.418625312,345354.505410198,345354.418732212,345354.428977987,345354.5042899,345354.5042984,0.0867848860216327,0.010245774989016354,0.07531191303860396,0.0011117979884147644
491,0,16,0.0917112739989534,0.0025420940364710987,345354.608235743,345354.697404923,345354.608340543,345354.617300321,345354.696287726,345354.696296026,0.0891691799624823,0.008959778002463281,0.07898740499513224,0.001108896976802498
492,0,16,0.08932387898676097,0.002573392994236201,345354.800197469,345354.886947955,345354.800304769,345354.810394844,345354.885853357,345354.885861757,0.08675048599252477,0.010090074967592955,0.07545851299073547,0.0010861980263143778
493,0,16,0.08945677801966667,0.0026528920279815793,345354.9899041,345355.076707986,345354.9900443,345355.000232975,345355.075348489,345355.075356689,0.08680388599168509,0.01018867501989007,0.07511551398783922,0.0013512970181182027
494,0,16,0.09160907298792154,0.002641892002429813,345355.179644331,345355.268611512,345355.179748831,345355.18836271,345355.267383915,345355.267392215,0.08896718098549172,0.008613878977485001,0.07902120501967147,0.0012192969443276525
495,0,16,0.0917261730064638,0.0025001930189318955,345355.371515657,345355.460741637,345355.371619257,345355.38252163,345355.45943594,345355.45944484,0.0892259799875319,0.01090237294556573,0.07691431004786864,0.0012967970105819404
496,8,16,0.2007496040314436,0.0025343940360471606,345355.563561183,345355.761776393,345355.563666182,345355.573644858,345355.759975897,345355.759984197,0.19821520999539644,0.009978676040191203,0.18633103894535452,0.001792196009773761
497,0,16,0.08969637798145413,0.0025518930051475763,345355.864580639,345355.951725124,345355.864687239,345355.874049416,345355.950610627,345355.950618927,0.08714448497630656,0.00936217699199915,0.07656121102627367,0.001106196956243366
498,0,16,0.08999217697419226,0.0026330919936299324,345356.054709269,345356.142068354,345356.054815869,345356.063770947,345356.140938456,345356.140946856,0.08735908498056233,0.008955077966675162,0.07716750900726765,0.0011214980040676892
499,0,16,0.08908577996771783,0.0025632939650677145,345356.2448934,345356.331415886,345356.245000399,345356.256333171,345356.330245889,345356.330253889,0.08652248600265011,0.01133277197368443,0.07391271804226562,0.0011619969736784697
500,0,16,0.08942637901054695,0.00263129296945408,345356.434376031,345356.521171117,345356.434481831,345356.444804706,345356.51999732,345356.52003702,0.08679508604109287,0.010322875052224845,0.07519261399284005,0.0011340970522724092
501,0,16,0.08988037798553705,0.002650693990290165,345356.624116763,345356.711346447,345356.624228962,345356.63330564,345356.71012845,345356.71013685,0.08722968399524689,0.009076678019482642,0.07682280999142677,0.0012095969868823886
502,1,16,0.09895125596085563,0.0026058939401991665,345356.814262693,345356.910608055,345356.814368493,345356.825616265,345356.909406158,345356.909414258,0.09634536202065647,0.011247772024944425,0.08378989301854745,0.0011937969829887152
503,0,16,0.08713168499525636,0.0025173939648084342,345357.013430901,345357.098045192,345357.013537501,345357.022277879,345357.096847095,345357.096855095,0.08461429103044793,0.008740378019865602,0.07456921599805355,0.0011900970130227506
504,0,16,0.08991447801236063,0.0025857940199784935,345357.200935238,345357.288263922,345357.201040138,345357.209792516,345357.287123825,345357.287132325,0.08732868399238214,0.008752377994824201,0.07733130897395313,0.0011315969750285149
505,1,16,0.09913775598397478,0.002650393988005817,345357.391182768,345357.48767013,345357.391284868,345357.40246404,345357.486508133,345357.486516533,0.09648736199596897,0.011179171968251467,0.08404409303329885,0.0011535969679243863
506,0,16,0.08981037803459913,0.002630694070830941,345357.590630576,345357.67781026,345357.590735375,345357.601760348,345357.676701763,345357.676710363,0.08717968396376818,0.011024973005987704,0.07494141499046236,0.0010998969664797187
507,3,16,0.11719871097011492,0.0025695939548313618,345357.780693706,345357.895322823,345357.780799306,345357.790920981,345357.893998927,345357.894006927,0.11462911701528355,0.010121674975380301,0.10307794599793851,0.0013158960500732064
508,0,16,0.0904916770523414,0.0026357940514571965,345357.998201269,345358.086057152,345357.998305669,345358.008215345,345358.084884555,345358.084899155,0.0878558830008842,0.009909675980452448,0.07666921004420146,0.001157997001428157
509,3,16,0.11773401004029438,0.0026496940408833325,345358.189027798,345358.304112114,345358.189136598,345358.199755872,345358.302753617,345358.302761817,0.11508431599941105,0.010619273991324008,0.10299774497980252,0.0013502970105037093
510,0,16,0.12133799999719486,0.0025294929509982467,345358.40697206,345358.525780567,345358.40707766,345358.417393434,345358.52430357,345358.52431207,0.11880850704619661,0.010315773950424045,0.10691013600444421,0.001468497037421912
511,1,16,0.09868515597190708,0.002578992978669703,345358.628669713,345358.724775876,345358.628829512,345358.639011387,345358.723494979,345358.723503479,0.09610616299323738,0.010181875026319176,0.08448359201429412,0.001272396999411285
512,0,16,0.08938617905369028,0.0025993940653279424,345358.827637522,345358.914424307,345358.827744421,345358.838020796,345358.91331621,345358.91332451,0.08678678498836234,0.010276374989189208,0.07529541396070272,0.0010997970239259303
513,0,16,0.08912777999648824,0.0025224940036423504,345359.017245354,345359.10385064,345359.017350853,345359.027791128,345359.102703443,345359.102711843,0.08660528599284589,0.010440275014843792,0.07491231494350359,0.0011387970298528671
514,0,16,0.08944227901520208,0.002592494012787938,345359.206754886,345359.293604671,345359.206862386,345359.21718456,345359.292446174,345359.292454474,0.08684978500241414,0.010322173999156803,0.07526161399437115,0.0011501970002427697
515,0,16,0.08947767899371684,0.00253449403680861,345359.396438718,345359.483381903,345359.396544417,345359.406955892,345359.482273706,345359.482281906,0.08694318495690823,0.010411474970169365,0.07531781401485205,0.001099996967241168
516,0,16,0.09012687799986452,0.0025757940020412207,345359.586246949,345359.673798033,345359.586352949,345359.596853323,345359.672669636,345359.672677836,0.0875510839978233,0.01050037401728332,0.0758163130376488,0.0011201970046386123
517,0,16,0.09047617699252442,0.002516194013878703,345359.776613279,345359.864573262,345359.776820379,345359.787113253,345359.863464465,345359.863472865,0.08795998297864571,0.01029287400888279,0.07635121198836714,0.0011003969702869654
518,0,16,0.09194047399796546,0.002584794012364,345359.967442308,345360.056797988,345359.967546908,345359.978571981,345360.055597991,345360.055605991,0.08935567998560145,0.011025073006749153,0.07702600996708497,0.001191997027490288
519,0,16,0.09199057298246771,0.002592592965811491,345360.159605834,345360.249003814,345360.159712634,345360.170438507,345360.247900316,345360.247908716,0.08939798001665622,0.010725872998591512,0.07746180903632194,0.0010950980358757079
520,1,16,0.1327614719630219,0.002551993995439261,345360.35195346,345360.482162938,345360.352058859,345360.363414131,345360.480950041,345360.480958441,0.13020947796758264,0.011355271970387548,0.11753590998705477,0.0012044970062561333
521,0,16,0.09171317494474351,0.0024642939679324627,345360.584976885,345360.674225766,345360.585094685,345360.594167163,345360.673099969,345360.673108369,0.08924888097681105,0.00907247798750177,0.07893280597636476,0.0011173969833180308
522,0,16,0.09316067100735381,0.0027038940461352468,345360.777242613,345360.86769939,345360.777348312,345360.786729789,345360.866598793,345360.866606993,0.09045677696121857,0.009381476964335889,0.07986900402465835,0.0010923969675786793
523,1,16,0.09847725799772888,0.0026436939951963723,345360.970584538,345361.066418102,345360.970691137,345360.981161412,345361.065042705,345361.065071205,0.09583356400253251,0.01047027501044795,0.08388129295781255,0.0013468969846144319
524,0,16,0.08943517995066941,0.0025903929490596056,345361.169326349,345361.256171136,345361.169431149,345361.179834123,345361.254986539,345361.254995038,0.0868447870016098,0.010402973974123597,0.07515241601504385,0.0011760980123654008
525,1,16,0.10100905102444813,0.002497093053534627,345361.358994283,345361.457506241,345361.359101683,345361.369856356,345361.456341844,345361.456350344,0.0985119579709135,0.010754672985058278,0.08648548799101263,0.001155896985437721
526,0,16,0.09099637600593269,0.0025755930109880865,345361.560413588,345361.648834371,345361.560521488,345361.571077762,345361.647704373,345361.647712673,0.0884207829949446,0.010556273977272213,0.07662661100039259,0.0011216980055905879
527,0,16,0.09089857601793483,0.0025171929737553,345361.751726618,345361.840108001,345361.751830917,345361.761757493,345361.838985803,345361.838994003,0.08838138304417953,0.009926575992722064,0.0772283099940978,0.0011139980051666498
528,0,16,0.08973237901227549,0.0026142930146306753,345361.943009948,345362.030128034,345361.943116747,345361.953511922,345362.028981436,345362.028990536,0.08711808599764481,0.010395174962468445,0.07546951400581747,0.0011374980094842613
529,3,16,0.11501781700644642,0.0026536929653957486,345362.133029081,345362.245393205,345362.13313598,345362.143626555,345362.244120208,345362.244128608,0.11236412404105067,0.010490574990399182,0.10049365303711966,0.0012645969982258976
530,1,16,0.09881565702380612,0.0025147940032184124,345362.348168652,345362.444469515,345362.348274452,345362.358672626,345362.443222619,345362.443231019,0.09630086302058771,0.01039817405398935,0.08454999298555776,0.0012384959845803678
531,0,16,0.09069827699568123,0.0025582939852029085,345362.547379463,345362.635519446,345362.547499262,345362.559375133,345362.634379949,345362.634388149,0.08813998301047832,0.01187587104504928,0.07500481599709019,0.0011312969727441669
532,2,16,0.14135005295975134,0.0025472939596511424,345362.738359393,345362.877162152,345362.738467493,345362.751682161,345362.875906556,345362.875915256,0.1388027590001002,0.013214668026193976,0.12422439496731386,0.0012468960485421121
533,0,16,0.08929147996241227,0.0025131929432973266,345362.979969,345363.066747287,345362.9801135,345362.989942975,345363.06560289,345363.06561119,0.08677828701911494,0.009829475020524114,0.07565991498995572,0.001136097009293735
534,0,16,0.0911560759996064,0.002529794001020491,345363.169579434,345363.258205716,345363.169683834,345363.180189108,345363.257013819,345363.257022019,0.08862628199858591,0.010505273996386677,0.07682471099542454,0.001183696964289993
535,1,16,0.09997475397540256,0.0026973929489031434,345363.361187363,345363.458464724,345363.361293563,345363.37090774,345363.457168228,345363.457176528,0.09727736102649942,0.00961417704820633,0.08626048796577379,0.0012881960137747228
536,0,16,0.09120567596983165,0.0026303939521312714,345363.561360372,345363.649935654,345363.561465471,345363.572139445,345363.648740157,345363.648748657,0.08857528201770037,0.010673974000383168,0.07660071202553809,0.0011869969894178212
537,0,16,0.09061587799806148,0.002785992983262986,345363.752821101,345363.840650986,345363.752927001,345363.763216176,345363.839438989,345363.839447389,0.08782988501479849,0.010289175028447062,0.07622281298972666,0.0012035969994030893
538,0,16,0.0909452760242857,0.002514094056095928,345363.943748433,345364.032179615,345363.943854932,345363.953195709,345364.031008318,345364.031016518,0.08843118196818978,0.009340777003671974,0.07781260902993381,0.0011630969820544124
539,0,16,0.08929368102690205,0.002530694007873535,345364.135002063,345364.22176505,345364.135106963,345364.145509637,345364.220621553,345364.220629953,0.08676298701902851,0.01040267403004691,0.07511191599769518,0.0011350970016792417
540,0,16,0.09058877802453935,0.002464994031470269,345364.324563497,345364.412687281,345364.324670297,345364.335228271,345364.411472584,345364.411480984,0.08812378399306908,0.010557974048424512,0.07624431297881529,0.0012062969617545605
541,0,16,0.09137577499495819,0.0025174939655698836,345364.515456229,345364.60431451,345364.515560928,345364.527560199,345364.603075213,345364.603083813,0.08885828102938831,0.011999271053355187,0.0755150139448233,0.0012306970311328769
542,0,16,0.09041807800531387,0.002458193979691714,345364.707092158,345364.795052042,345364.707196858,345364.718850529,345364.793854545,345364.793863445,0.08795988402562216,0.011653670982923359,0.0750040159909986,0.0011885970016010106
543,0,16,0.12272549798944965,0.0025914929574355483,345364.89790039,345365.018034395,345364.898007089,345364.909125762,345365.016881597,345365.016894797,0.1201340050320141,0.011118673020973802,0.10775583499344066,0.0011395980254746974
544,0,16,0.09140977601055056,0.0025490940315648913,345365.120922842,345365.209783524,345365.121027342,345365.132972912,345365.208611327,345365.208619427,0.08886068197898567,0.011945570004172623,0.0756384150008671,0.0011640969896689057
545,0,16,0.09023397898999974,0.0026634939713403583,345365.312724471,345365.400294956,345365.312827371,345365.322152548,345365.399102359,345365.399110959,0.08757048501865938,0.0093251770013012,0.07694981101667508,0.001183996966574341
546,0,16,0.0909711760468781,0.002472193038556725,345365.503062004,345365.591560987,345365.503168304,345365.514667575,345365.590436989,345365.590445289,0.08849898300832137,0.011499271029606462,0.0757694139610976,0.0011156980181112885
547,0,16,0.09072167699923739,0.002742192998994142,345365.694571134,345365.782550618,345365.694677733,345365.70406961,345365.781400121,345365.781408321,0.08797948400024325,0.009391876985318959,0.07733051100512967,0.001142296998295933
548,0,16,0.09158367599593475,0.0024635950103402138,345365.885226266,345365.974346347,345365.885329065,345365.897243236,345365.97309965,345365.97310775,0.08912008098559454,0.011914171045646071,0.07585641398327425,0.0012385969748720527
549,0,16,0.09194097499130294,0.0027885939925909042,345366.077335394,345366.166487775,345366.077449994,345366.089501464,345366.165314178,345366.165322378,0.08915238099871203,0.012051469995640218,0.07581271399976686,0.0011653969995677471
550,0,16,0.09163567499490455,0.0025413939729332924,345366.269379423,345366.358473704,345366.269484423,345366.281406193,345366.357331107,345366.357339407,0.08909428102197126,0.011921769997570664,0.07592491403920576,0.001134296995587647
551,0,16,0.09049067797604948,0.0026410939753986895,345366.461316052,345366.549165636,345366.461421151,345366.472312325,345366.548008939,345366.548017139,0.0878495840006508,0.010891173966228962,0.07569661404704675,0.001148496987298131
552,0,16,0.08866738202050328,0.002484294062014669,345366.651995384,345366.738178472,345366.652098684,345366.66176066,345366.737020075,345366.737028475,0.08618308795848861,0.00966197601519525,0.0752594149671495,0.001149996998719871
553,0,16,0.09230617398861796,0.0026076939539052546,345366.84098642,345366.9306849,345366.84109152,345366.853643889,345366.929543803,345366.929552303,0.0896984800347127,0.012552369036711752,0.07589991396525875,0.0011325970408506691
554,0,16,0.08968417998403311,0.0024656940368004143,345367.033528948,345367.120747434,345367.033635847,345367.044127322,345367.119590336,345367.119598636,0.0872184859472327,0.010491474997252226,0.07546301401453093,0.0011487979791127145
555,0,16,0.08889358199667186,0.0025534940068610013,345367.223563581,345367.309903669,345367.223670681,345367.234200555,345367.308772872,345367.308781072,0.08634008798981085,0.010529874009080231,0.07457231701118872,0.0011225970229133964
556,0,16,0.0909686770173721,0.002493094012606889,345367.412730617,345367.5012062,345367.412836417,345367.424654288,345367.500072203,345367.500081103,0.08847558300476521,0.01181787101086229,0.07541791500989348,0.0011250969837419689
557,0,16,0.09248747304081917,0.0026787930401042104,345367.604164247,345367.693972927,345367.604275847,345367.613904123,345367.69282813,345367.69283683,0.08980868000071496,0.009628275991417468,0.07892400695709512,0.001136097009293735
558,0,16,0.09150697500444949,0.002483293996192515,345367.796826475,345367.885850156,345367.796930274,345367.808546546,345367.884690259,345367.884698859,0.08902368100825697,0.011616271978709847,0.07614371302770451,0.0011512970086187124
559,0,16,0.09193257399601862,0.0025157929630950093,345367.988719004,345368.078135785,345367.988821704,345368.001304373,345368.076911288,345368.076920088,0.08941678103292361,0.012482669029850513,0.0756069149938412,0.0012156970333307981
560,4,16,0.12286959897028282,0.0026925939600914717,345368.181119832,345368.301296837,345368.181224232,345368.190860208,345368.299940241,345368.29994864,0.12017700501019135,0.009635975991841406,0.10908003296935931,0.0013481969945132732
561,1,16,0.09739086095942184,0.0025224939454346895,345368.404185085,345368.499053452,345368.404288085,345368.414833259,345368.497756955,345368.497765255,0.09486836701398715,0.010545174009166658,0.08292369596892968,0.0012881970033049583
562,0,16,0.10258353996323422,0.0025167939602397382,345368.601846293,345368.701913039,345368.601951293,345368.612550166,345368.700737242,345368.700745542,0.10006674600299448,0.01059887302108109,0.08818707597674802,0.0011674970155581832
563,1,16,0.11171221698168665,0.0024864939623512328,345368.804701079,345368.913926802,345368.804806979,345368.818519144,345368.912724506,345368.912732705,0.10922572301933542,0.013712165004108101,0.09420536196557805,0.0011940969852730632
564,0,16,0.09072726999875158,0.0024989929515868425,345369.016719342,345369.104947619,345369.016823942,345369.02930001,345369.103786022,345369.103794622,0.08822827704716474,0.012476067990064621,0.07448601198848337,0.0011529970215633512
565,0,16,0.09092447004513815,0.0024919940042309463,345369.207781658,345369.296214134,345369.207888058,345369.220338226,345369.295071537,345369.295080037,0.0884324760409072,0.012450168025679886,0.0747333110193722,0.0011340970522724092
566,0,16,0.09015827201073989,0.002552894060499966,345369.398993674,345369.486599052,345369.399097574,345369.411617442,345369.485452055,345369.485460255,0.08760537795023993,0.012519867974333465,0.07383461302379146,0.0011387969716452062
567,0,16,0.0901954710134305,0.002498593006748706,345369.589493692,345369.67719057,345369.589600291,345369.60217106,345369.676048172,345369.676056372,0.0876968780066818,0.012570769002195448,0.07387711200863123,0.0011341979843564332
568,0,16,0.09033147199079394,0.0024942949530668557,345369.77991721,345369.867754387,345369.780054909,345369.792530878,345369.86659409,345369.86660259,0.08783717703772709,0.012475968978833407,0.07406321202870458,0.0011517970124259591
569,0,16,0.09061247098725289,0.002591893950011581,345369.970612027,345370.058632604,345369.970715826,345369.983110895,345370.057493307,345370.057501607,0.08802057703724131,0.012395068944897503,0.07438241201452911,0.0011309970286674798
570,0,16,0.0919451669906266,0.0026002940139733255,345370.161447744,345370.250792617,345370.161554343,345370.173908012,345370.24963332,345370.24964142,0.08934487297665328,0.012353668978903443,0.07572530803736299,0.0011511969496496022
571,0,16,0.09196716698352247,0.0025401940220035613,345370.353722857,345370.44314983,345370.353829956,345370.365684026,345370.441955633,345370.441964133,0.08942697296151891,0.01185407000593841,0.0762716070166789,0.0011856969795189798
572,0,16,0.09027727198554203,0.0025213939952664077,345370.54596407,345370.633719948,345370.54607047,345370.558675938,345370.632527851,345370.632535951,0.08775587799027562,0.012605467985849828,0.07385191298089921,0.001183997024782002
573,0,16,0.128414775012061,0.0026642929879017174,345370.736741287,345370.862491769,345370.736846687,345370.746783062,345370.861323372,345370.861332472,0.12575048202415928,0.009936375019606203,0.1145403099944815,0.0011592970113269985
574,0,16,0.09056387096643448,0.002530094003304839,345370.965287909,345371.053321686,345370.965397308,345370.975452183,345371.052157389,345371.052165589,0.08803377696312964,0.010054874990601093,0.07670520601095632,0.0011560969869606197
575,0,16,0.09186826698714867,0.0025942929787561297,345371.156215325,345371.245489299,345371.156321625,345371.168934993,345371.244175103,345371.244183303,0.08927397400839254,0.012613367987796664,0.07524011004716158,0.001305996032897383
576,0,16,0.0919878669665195,0.002534392988309264,345371.348353139,345371.437806613,345371.348459639,345371.358059815,345371.436649016,345371.436657716,0.08945347397821024,0.009600176010280848,0.07858920097351074,0.0011488969903439283
577,0,16,0.08945317304460332,0.0025577929918654263,345371.540659452,345371.627554832,345371.540764252,345371.552570322,345371.626407235,345371.626415535,0.08689538005273789,0.011806069989688694,0.07383691298309714,0.0011392970336601138
578,3,16,0.11829030100489035,0.0024878940312191844,345371.730301572,345371.846103979,345371.730405372,345371.740117748,345371.844778283,345371.844786783,0.11580240697367117,0.00971237599151209,0.104660534998402,0.001317196001764387
579,0,16,0.0933959640096873,0.0025002940092235804,345371.948863819,345372.039759489,345371.948967519,345371.961445488,345372.038485993,345372.038493993,0.09089567000046372,0.012477968994062394,0.07704050501342863,0.001265496015548706
580,3,16,0.11943839798914269,0.0025419939775019884,345372.142599029,345372.259495433,345372.142701629,345372.155263597,345372.258157737,345372.258166837,0.1168964040116407,0.01256196794565767,0.10289413999998942,0.0013285960303619504
581,0,16,0.09100806998321787,0.002492493949830532,345372.362356473,345372.450872049,345372.362474273,345372.372133248,345372.449683452,345372.449691852,0.08851557603338733,0.009658975002821535,0.07755020400509238,0.001180197054054588
582,0,16,0.09212166699580848,0.0026188939809799194,345372.553783889,345372.643286662,345372.553889388,345372.566294557,345372.642115865,345372.642124565,0.08950277301482856,0.012405169021803886,0.07582130801165476,0.001162096974439919
583,0,16,0.09186456800671294,0.00242919399170205,345372.746025702,345372.835461076,345372.746130502,345372.757314874,345372.834291679,345372.834299879,0.0894353740150109,0.011184371949639171,0.07697680505225435,0.0011611970257945359
584,3,16,0.13628145499387756,0.002644992957357317,345372.938344216,345373.071980678,345372.938450616,345372.94845019,345373.070565481,345373.070573481,0.13363646203652024,0.009999573987443,0.1221152909565717,0.0014071970363147557
585,0,16,0.09506195998983458,0.0025347949704155326,345373.174847518,345373.267374683,345373.174950817,345373.18553069,345373.266170486,345373.266178886,0.09252716501941904,0.010579872992821038,0.08063979598227888,0.001195796998217702
586,0,16,0.09633055701851845,0.0027874940424226224,345373.370362823,345373.463905886,345373.370471123,345373.38327789,345373.462675089,345373.462683589,0.09354306297609583,0.012806766957510263,0.07939719903515652,0.0012222969671711326
587,0,16,0.11283081502187997,0.0025073940632864833,345373.566835426,345373.677158847,345373.566941726,345373.58090189,345373.67598765,345373.67599605,0.11032342095859349,0.013960163982119411,0.09508575999643654,0.0011627969797700644
588,0,16,0.0922127669909969,0.002477693953551352,345373.779937587,345373.86967266,345373.780078587,345373.792796854,345373.868375363,345373.868383463,0.08973507303744555,0.01271826698211953,0.07557850901503116,0.0012891970109194517
589,0,16,0.09450436098268256,0.0025942939682863653,345373.9725264,345374.064436467,345373.9726318,345373.985330667,345374.063091771,345374.063100171,0.09191006701439619,0.012698867009021342,0.07776110398117453,0.0013362960307858884
590,0,16,0.0957949580042623,0.0025233940104953945,345374.167262207,345374.260533771,345374.167368507,345374.177841581,345374.259361374,345374.259369974,0.0932715639937669,0.010473073984030634,0.08151979302056134,0.0011637969873845577
591,0,16,0.09465746098430827,0.002534793980885297,345374.363395411,345374.455518078,345374.363520211,345374.376430178,345374.454331481,345374.454340081,0.09212266700342298,0.012909966986626387,0.07790130301145837,0.0011779969790950418
592,0,16,0.09486256097443402,0.002524393959902227,345374.558271318,345374.650609485,345374.558375718,345374.571372385,345374.649419988,345374.649427888,0.09233816701453179,0.012996667006518692,0.07804760296130553,0.0011815970065072179
593,0,16,0.09518745902460068,0.002555393031798303,345374.753497325,345374.846129391,345374.753602625,345374.766328692,345374.844956194,345374.844964694,0.09263206599280238,0.012726067041512579,0.07862750196363777,0.0011646969942376018
594,1,16,0.10099114401964471,0.002571893041022122,345374.948950431,345375.047369682,345374.94905823,345374.961872398,345375.046116585,345375.046124585,0.09841925097862259,0.01281416800338775,0.08424418704817072,0.0012450970243662596
595,0,16,0.09321346395881847,0.002563493966590613,345375.150272422,345375.240922392,345375.150377721,345375.162386391,345375.239735995,345375.239744395,0.09064996999222785,0.012008670018985868,0.0773496039910242,0.0011779969790950418
596,0,16,0.09211316698929295,0.002590293006505817,345375.343880232,345375.433403106,345375.343985532,345375.3564616,345375.432180509,345375.432188909,0.08952287398278713,0.012476067990064621,0.07571890897816047,0.001214197021909058
597,0,16,0.12703467899700627,0.002556094026658684,345375.536224046,345375.660702631,345375.536328945,345375.54630482,345375.659538134,345375.659546734,0.12447858497034758,0.009975874971132725,0.11323331401217729,0.001155896985437721
598,1,16,0.10316203901311383,0.002556493040174246,345375.763606971,345375.864212517,345375.763713071,345375.776534838,345375.86297662,345375.86298542,0.10060554597293958,0.012821767013520002,0.0864417819539085,0.0012270970037207007
599,0,16,0.0936954629723914,0.002599092957098037,345375.967154656,345376.058251026,345375.967261556,345375.979952524,345376.057062729,345376.057070829,0.09109637001529336,0.01269096799660474,0.07711020502028987,0.001180197054054588
600,0,16,0.09362596401479095,0.0026008940185420215,345376.161145966,345376.252171036,345376.161253266,345376.17149154,345376.250951239,345376.250960139,0.09102506999624893,0.01023827400058508,0.07945969904540107,0.00121089699678123
601,0,16,0.09270526596810669,0.0025804939796216786,345376.355069376,345376.445194148,345376.355176576,345376.36530915,345376.443971451,345376.443979851,0.09012477198848501,0.010132574010640383,0.07866230100626126,0.0012142969644628465
602,0,16,0.09232606698060408,0.0025945909437723458,345376.548103961,345376.637835437,345376.548210461,345376.560989315,345376.636652141,345376.636660641,0.08973147603683174,0.012778853997588158,0.07566282601328567,0.0011747960234060884
603,0,16,0.09252026601461694,0.00248739100061357,345376.740667965,345376.83070084,345376.740772065,345376.75327822,345376.829369745,345376.829377845,0.09003287501400337,0.012506155006121844,0.07609152497025207,0.001322994998190552
604,0,16,0.09257106500444934,0.002584189991466701,345376.933514769,345377.023501644,345376.933620968,345376.946244123,345377.022306748,345377.022315448,0.08998687501298264,0.012623154965694994,0.07606262504123151,0.0011861960520036519
605,1,16,0.10052983596688136,0.0025166900013573468,345377.126368772,345377.224381918,345377.126476271,345377.136546835,345377.223091222,345377.223099522,0.09801314596552402,0.010070563992485404,0.08654438698431477,0.0012823959696106613
606,0,16,0.09210186696145684,0.002488490950781852,345377.327186346,345377.416799722,345377.327290946,345377.339764901,345377.415612627,345377.415621427,0.08961337601067498,0.012473954993765801,0.07584772602422163,0.0011782950023189187
607,0,16,0.12167786003556103,0.002702190016862005,345377.519674251,345377.638649921,345377.51977945,345377.5336162,345377.637450825,345377.637459525,0.11897567001869902,0.013836749945767224,0.10383462504250929,0.0011903959675692022
608,0,16,0.09117087099002674,0.0025051910197362304,345377.741538149,345377.830203829,345377.741644649,345377.753416106,345377.828830934,345377.828840034,0.08866567997029051,0.011771456978749484,0.07541482802480459,0.001363794959615916
609,0,16,0.12258955696597695,0.002499790978617966,345377.933006958,345378.053096724,345377.933110257,345377.945024814,345378.051734629,345378.051743029,0.12008976598735899,0.011914556962437928,0.10670981503790244,0.0013536949991248548
610,0,16,0.09281696501420811,0.0024636920425109565,345378.155842653,345378.246195926,345378.155947252,345378.168975805,345378.24501193,345378.24502033,0.09035327297169715,0.013028552988544106,0.07603612501407042,0.0011755959712900221
611,0,16,0.09064907196443528,0.002628189977258444,345378.349121354,345378.437142236,345378.349224954,345378.359230218,345378.435981541,345378.435990041,0.08802088198717684,0.010005263960920274,0.07675132300937548,0.0011521949782036245
612,1,16,0.09825644496595487,0.0024753909674473107,345378.539919665,345378.635700719,345378.540059565,345378.551653623,345378.634450524,345378.634458324,0.09578105399850756,0.011594058014452457,0.08279690099880099,0.0012423950247466564
613,0,16,0.12006486597238109,0.0025377909187227488,345378.738542548,345378.856069623,345378.738649647,345378.751301602,345378.854774928,345378.854782828,0.11752707505365834,0.01265195501036942,0.10347332601668313,0.0012867950135841966
614,1,16,0.1017115319846198,0.002520289970561862,345378.958868352,345379.058059594,345378.958973852,345378.972247404,345379.056839598,345379.056847998,0.09919124201405793,0.013273552001919597,0.08459219400538132,0.0012115960125811398
615,0,16,0.09108257800107822,0.002569793025031686,345379.160928028,345379.249440813,345379.161033228,345379.171884402,345379.248266516,345379.248274916,0.08851278497604653,0.010851174010895193,0.07638211402809247,0.0011658969451673329
616,0,16,0.09067398001207039,0.002744194003753364,345379.352495862,345379.440425648,345379.352608562,345379.363573735,345379.439159551,345379.439167751,0.08792978600831702,0.010965173016302288,0.07558581599732861,0.0012578970054164529
617,0,16,0.09253507503308356,0.002616094017866999,345379.543324298,345379.633243279,345379.543429698,345379.553956272,345379.632071682,345379.632079982,0.08991898101521656,0.010526574042160064,0.0781154099968262,0.001163296983577311
618,0,16,0.09265117399627343,0.0025009929668158293,345379.736111629,345379.82626181,345379.736217529,345379.748704298,345379.825096112,345379.825109712,0.0901501810294576,0.012486769002862275,0.07639181398553774,0.0011520980042405427
619,0,16,0.09264557500137016,0.0025121939834207296,345379.929051059,345380.01918444,345379.929156459,345379.941664829,345380.017994543,345380.018002843,0.09013338101794943,0.012508369982242584,0.07632971403654665,0.0011815970065072179
620,0,16,0.09325977298431098,0.002521193993743509,345380.12202969,345380.212768269,345380.12213489,345380.134877459,345380.211540572,345380.211570172,0.09073857899056748,0.012742568971589208,0.07666311302455142,0.0011980970157310367
621,0,16,0.09262557502370328,0.0024801940307952464,345380.315546919,345380.4056923,345380.315653319,345380.326424993,345380.404398103,345380.404406303,0.09014538099290803,0.010771673987619579,0.07797311001922935,0.001285996986553073
622,0,16,0.09722296299878508,0.002600994019303471,345380.50865275,345380.603274719,345380.508758849,345380.52502941,345380.602071722,345380.602112022,0.09462196897948161,0.01627056102734059,0.07704231195384637,0.001162696979008615
623,0,16,0.0921107759932056,0.0024987930082716048,345380.706072169,345380.795684152,345380.706177469,345380.718839038,345380.794441155,345380.794449755,0.089611982984934,0.012661568995099515,0.07560211699455976,0.0012343970010988414
624,0,16,0.09151697799097747,0.002650093985721469,345380.898538701,345380.987405585,345380.898644801,345380.910634472,345380.986223988,345380.986232288,0.088866884005256,0.01198967098025605,0.07558951602550223,0.0011732970015145838
625,0,16,0.12318360101198778,0.00246179400710389,345381.090205235,345381.210927042,345381.090311235,345381.103101904,345381.209500145,345381.209508345,0.12072180700488389,0.012790668988600373,0.10639824101235718,0.0014186970074661076
626,0,16,0.0923993750475347,0.002453794062603265,345381.313680192,345381.403625773,345381.313783792,345381.326395961,345381.402313576,345381.402322076,0.08994558098493144,0.012612168968189508,0.07591761503135785,0.0013036969467066228
627,0,16,0.09174657700350508,0.002572894038166851,345381.506516623,345381.595690306,345381.506645423,345381.518426894,345381.594495609,345381.594503809,0.08917368296533823,0.011781470966525376,0.07606871501775458,0.0011864969856105745
628,0,16,0.09238447604002431,0.0024955940316431224,345381.698404056,345381.788292938,345381.698508856,345381.710970726,345381.787014941,345381.787022941,0.08988888200838119,0.012461869977414608,0.07604421500582248,0.0012699970393441617
629,0,16,0.09287427400704473,0.0026377930189482868,345381.891260487,345381.981496968,345381.891380287,345381.90242186,345381.980322371,345381.980331471,0.09023648098809645,0.011041573015972972,0.07790051097981632,0.0011654970003291965
630,0,16,0.09232747601345181,0.002469394006766379,345382.084260218,345382.1741183,345382.084365218,345382.096949987,345382.172926003,345382.172934503,0.08985808200668544,0.012584768992383033,0.07597601599991322,0.0011837970232591033
631,0,16,0.09239367500413209,0.002640593971591443,345382.27708025,345382.366833331,345382.277190149,345382.289877518,345382.365655334,345382.365663134,0.08975308103254065,0.012687369016930461,0.07577781600411981,0.0011701969779096544
632,0,16,0.09158487699460238,0.00244619301520288,345382.469627281,345382.558765965,345382.469732381,345382.481831352,345382.557486968,345382.557495368,0.0891386839793995,0.012098970997612923,0.0756556160049513,0.0012705969857051969
633,0,16,0.0931400730041787,0.0026620919816195965,345382.661718014,345382.752195995,345382.661826714,345382.673101787,345382.751000797,345382.751009197,0.0904779810225591,0.011275072989519686,0.077899010037072,0.001186798035632819
634,0,16,0.09180957701755688,0.002456094021908939,345382.854980345,345382.944333828,345382.855086244,345382.867177815,345382.94313573,345382.94314403,0.08935348299564794,0.012091570999473333,0.07595791498897597,0.0011897980002686381
635,0,16,0.12229220196604729,0.002561192959547043,345383.047178578,345383.166909587,345383.047285477,345383.061134844,345383.165704489,345383.165713589,0.11973100900650024,0.013849367038346827,0.1045696449582465,0.0011959979892708361
636,4,16,0.13253407803131267,0.002478894079104066,345383.269715837,345383.399771021,345383.269820536,345383.283258604,345383.398337124,345383.398345424,0.1300551839522086,0.013438067981041968,0.11507851997157559,0.001425597001798451
637,0,16,0.0904175799805671,0.0025881939800456166,345383.502667971,345383.590497357,345383.50277377,345383.513583444,345383.58928666,345383.58929556,0.08782938600052148,0.010809673985932022,0.07570321601815522,0.0012017969856970012
638,0,16,0.09219347598263994,0.0025594939361326396,345383.693339007,345383.782972989,345383.693445607,345383.706136076,345383.781748392,345383.781756892,0.0896339820465073,0.01269046904053539,0.07561231596628204,0.0012160970363765955
639,0,16,0.09228137595346197,0.002493093954399228,345383.88572624,345383.975514522,345383.885830239,345383.896875113,345383.974246825,345383.974262925,0.08978828199906275,0.011044874030631036,0.07737171195913106,0.0012515970156528056
640,0,16,0.09104437800124288,0.00269279204076156,345384.078438971,345384.166790557,345384.078549471,345384.089329645,345384.16558046,345384.16558906,0.08835158596048132,0.010780173994135112,0.07625081500736997,0.0012014969834126532
641,0,16,0.09178547700867057,0.002537794003728777,345384.269595107,345384.35884279,345384.269698807,345384.282669575,345384.357630493,345384.357640193,0.08924768300494179,0.012970768031664193,0.07496091799112037,0.001202596991788596
642,4,16,0.12431699596345425,0.0026259939768351614,345384.46174394,345384.583434942,345384.46184964,345384.47417471,345384.582028646,345384.582036746,0.12169100198661909,0.012325069983489811,0.10785393603146076,0.0013981959782540798
643,0,16,0.09204227197915316,0.0025812929961830378,345384.686346788,345384.775807767,345384.686453287,345384.699188756,345384.77458207,345384.77459037,0.08946097898297012,0.012735468975733966,0.07539331400766969,0.001217396988067776
644,1,16,0.10224944702349603,0.002624492975883186,345384.878766812,345384.978391766,345384.878871212,345384.891245081,345384.976988969,345384.976997269,0.09962495404761285,0.012373868958093226,0.08574388804845512,0.0013944969978183508
645,0,16,0.09278417099267244,0.0024905939935706556,345385.081210111,345385.171503688,345385.081315411,345385.094282279,345385.170281191,345385.170289391,0.09029357699910179,0.012966868001967669,0.07599891198333353,0.0012142969644628465
646,0,16,0.09212357201613486,0.0026085940189659595,345385.274418234,345385.363933212,345385.274525033,345385.287321102,345385.362700615,345385.362708915,0.0895149779971689,0.012796068971510977,0.07537951302947477,0.0012242969824001193
647,1,16,0.10104844998568296,0.0025088940165005624,345385.466752858,345385.565292414,345385.466856158,345385.479106427,345385.564047317,345385.564055717,0.0985395559691824,0.012250269006472081,0.08494089002488181,0.0012366969604045153
648,0,16,0.09230867202859372,0.002520294045098126,345385.66809946,345385.757887838,345385.66821716,345385.681013128,345385.756673841,345385.756682641,0.0897883779834956,0.012795968039426953,0.07566071295877919,0.0012051970115862787
649,0,16,0.09292977000586689,0.0027371920295991004,345385.860942583,345385.951135161,345385.861048483,345385.873988851,345385.949874364,345385.949882864,0.09019257797626778,0.012940367974806577,0.07588551304070279,0.00125229696277529
650,1,16,0.10172664903802797,0.002514394000172615,345386.053937006,345386.153149261,345386.054043606,345386.066879174,345386.151789865,345386.151797965,0.09921225503785536,0.012835567991714925,0.08491069101728499,0.0013512960285879672
651,0,16,0.09235767100472003,0.002531693025957793,345386.256033907,345386.345859885,345386.256141107,345386.268229177,345386.344658588,345386.344667088,0.08982597797876224,0.012088069983292371,0.07642941101221368,0.0011927969753742218
652,0,16,0.09333336900454015,0.002653893956448883,345386.448670231,345386.539349706,345386.44877723,345386.461796998,345386.538153209,345386.538161409,0.09067947504809126,0.013019767997320741,0.07635621103690937,0.0011882970575243235
653,3,16,0.12053200200898573,0.0025064939982257783,345386.642242752,345386.76026826,345386.642346452,345386.65540362,345386.758867164,345386.758875264,0.11802550801075995,0.013057167991064489,0.10346354404464364,0.0013929960550740361
654,0,16,0.09400256804656237,0.0026500930543988943,345386.863061306,345386.954413781,345386.863165706,345386.875764575,345386.953191284,345386.953199584,0.09135247499216348,0.012598868983332068,0.07742670900188386,0.001214197021909058
655,0,16,0.0937939680297859,0.002674793009646237,345387.057506926,345387.148626101,345387.057613226,345387.070989693,345387.147405804,345387.147414204,0.09111917502013966,0.013376466988120228,0.07641611102735624,0.0012118970043957233
656,0,16,0.09405606798827648,0.0025420939782634377,345387.251501846,345387.34301582,345387.251608546,345387.264461614,345387.341661124,345387.341669524,0.09151397401001304,0.012853068008553237,0.07719951000763103,0.0013462960487231612
657,0,16,0.09201127296546474,0.0025431939284317195,345387.445820766,345387.535288845,345387.445929266,345387.458724734,345387.534070448,345387.534078748,0.08946807903703302,0.012795468035619706,0.07534571399446577,0.0012100969906896353
658,0,16,0.12099400098668411,0.0025872939731925726,345387.638117091,345387.756523798,345387.638222191,345387.651774857,345387.755316601,345387.755325301,0.11840670701349154,0.013552666001487523,0.10354174399981275,0.001198496960569173
659,0,16,0.09256237099179998,0.0025684929569251835,345387.859448544,345387.949442422,345387.859554344,345387.872713311,345387.948232025,345387.948240225,0.0899938780348748,0.013158967019990087,0.07551871403120458,0.0012021969887427986
660,0,16,0.09288947004824877,0.002563494024798274,345388.052348168,345388.142674144,345388.052452567,345388.063831739,345388.141441247,345388.141449547,0.0903259760234505,0.011379172035958618,0.07760950800729915,0.0012245969846844673
661,0,16,0.0922419719863683,0.0026267929933965206,345388.24563439,345388.335249569,345388.24574219,345388.256905862,345388.333983372,345388.333991672,0.08961517899297178,0.011163672024849802,0.07707751000998542,0.001257896947208792
662,0,16,0.09437886701198295,0.0026308930246159434,345388.438144314,345388.529892288,345388.438246014,345388.451538181,345388.528652491,345388.528661091,0.091747973987367,0.013292166986502707,0.07711430999916047,0.0012311969767324626
663,0,16,0.09490556502714753,0.0026600920245982707,345388.632787133,345388.725032606,345388.632897233,345388.646758899,345388.723825309,345388.723833809,0.09224547300254926,0.013861665967851877,0.07706641004187986,0.0011987969628535211
664,0,16,0.09207597299246117,0.0026579939876683056,345388.828074751,345388.91749273,345388.828180951,345388.840871519,345388.916248833,345388.916257133,0.08941797900479287,0.012690567993558943,0.07537731400225312,0.0012355970102362335
665,0,16,0.0926609710440971,0.002550093049649149,345389.020309076,345389.110419954,345389.020415376,345389.033293644,345389.108939457,345389.108948157,0.09011087799444795,0.012878268025815487,0.07564581296173856,0.0014717970043420792
666,0,16,0.09214007196715102,0.002536493935622275,345389.2132654,345389.302868978,345389.213370099,345389.226039968,345389.301637581,345389.301646081,0.08960357803152874,0.012669869000092149,0.0755976130021736,0.0012228970299474895
667,0,16,0.0914137740037404,0.0026562930434010923,345389.405848924,345389.494606405,345389.405957024,345389.417234196,345389.493376908,345389.493385408,0.08875748096033931,0.011277171957772225,0.07614271203055978,0.0012209969572722912
668,0,16,0.09148427401669323,0.0026401940267533064,345389.597500851,345389.686344931,345389.59761905,345389.610584818,345389.684897535,345389.684906035,0.08884407998993993,0.012965767993591726,0.07431271701352671,0.0014388959971256554
669,0,16,0.09247447195230052,0.0025238939560949802,345389.789121877,345389.879072455,345389.789228977,345389.802148145,345389.877743059,345389.877751759,0.08995057799620554,0.0129191679880023,0.07559491402935237,0.0013206959702074528
670,0,16,0.09294147096807137,0.0025429939851164818,345389.981913701,345390.072312178,345389.982019401,345389.993252773,345390.071067681,345390.071075981,0.09039847698295489,0.011233372031711042,0.07781490799970925,0.0012361969565972686
671,0,16,0.09238217200618237,0.0025213939952664077,345390.175127424,345390.264988202,345390.175233624,345390.188163092,345390.263739005,345390.263747505,0.08986077801091596,0.012929468008223921,0.07557591301156208,0.0012406969908624887
672,0,16,0.09103397600119933,0.0024957950226962566,345390.367691549,345390.45622973,345390.367796548,345390.380283818,345390.455018433,345390.455026733,0.08853818097850308,0.012487269996199757,0.07473461498739198,0.0012029969948343933
673,0,16,0.09211297298315912,0.0024991940008476377,345390.559013976,345390.648627755,345390.559117076,345390.570224548,345390.647405358,345390.647414058,0.08961377898231149,0.011107472004368901,0.07718080998165533,0.0012136970181018114
674,0,16,0.09352936898358166,0.0025954939774237573,345390.751551501,345390.842485376,345390.751659101,345390.764505269,345390.841243779,345390.841252079,0.0909338750061579,0.012846168014220893,0.07673850998980924,0.0012332969927228987
675,0,16,0.09265937196323648,0.0024959949660114944,345390.945298023,345391.0354614,345390.945400722,345390.958161191,345391.034181103,345391.034189503,0.09016337699722499,0.012760469049680978,0.0760199119686149,0.0012718969956040382
676,0,16,0.09235087200067937,0.0025490939733572304,345391.138315046,345391.228116824,345391.138420746,345391.151452414,345391.226883227,345391.226891627,0.08980177802732214,0.01303166797151789,0.07543081301264465,0.0012251969892531633
677,0,16,0.0922347730374895,0.0025478940224274993,345391.33096717,345391.420654049,345391.33107077,345391.343897238,345391.419372452,345391.419380652,0.089686879015062,0.012826468038838357,0.07547521399101242,0.0012733970070257783
678,0,16,0.1269769860082306,0.002547993033658713,345391.523545195,345391.647974188,345391.523649195,345391.534889567,345391.646706691,345391.646715091,0.12442899297457188,0.011240372026804835,0.11181712400866672,0.001259096956346184
679,0,16,0.09298486995976418,0.002618592989165336,345391.750943234,345391.841309511,345391.751047733,345391.763962202,345391.839889914,345391.839898514,0.09036627697059885,0.012914468999952078,0.07592771196505055,0.0014109970070421696
680,0,16,0.0932437700103037,0.002577994018793106,345391.944189057,345392.034854833,345391.944293956,345391.957198825,345392.033573336,345392.033581536,0.0906657759915106,0.012904869043268263,0.07637451100163162,0.001273297006264329
681,0,16,0.09212997299619019,0.002502794028259814,345392.137663179,345392.227290358,345392.137766979,345392.150756847,345392.226024061,345392.226032261,0.08962717896793038,0.012989868002478033,0.07526721397880465,0.0012580970069393516
682,0,16,0.09331746998941526,0.0025819939910434186,345392.330180604,345392.42091608,345392.330287904,345392.341445876,345392.419526284,345392.419534583,0.09073547599837184,0.01115797198144719,0.0780804079840891,0.0013814970152452588
683,0,16,0.09267045900924131,0.0025066930102184415,345392.523683226,345392.613846992,345392.523787026,345392.535305598,345392.612492595,345392.612501095,0.09016376599902287,0.011518571991473436,0.07718699699034914,0.0013458970352075994
684,0,16,0.09225825598696247,0.002501193026546389,345392.71657922,345392.806336283,345392.71668452,345392.729535586,345392.805022186,345392.805035186,0.08975706296041608,0.012851066014263779,0.07548659999156371,0.001301096985116601
685,0,16,0.09241965500405058,0.002483493008185178,345392.909122911,345392.999059073,345392.909229211,345392.921980177,345392.997738276,345392.997746476,0.0899361619958654,0.012750966008752584,0.07575809903210029,0.0013125970144756138
686,0,16,0.09275545499986038,0.00273659301456064,345393.101999001,345393.192017863,345393.1021153,345393.115186966,345393.190565666,345393.190573966,0.09001886198529974,0.01307166600599885,0.07537869998486713,0.0014438969665206969
687,3,16,0.12040898099076003,0.002516893029678613,345393.294824491,345393.412716579,345393.29493219,345393.30630706,345393.411320983,345393.411329683,0.11789208796108142,0.011374870024155825,0.1050139230210334,0.0013868960086256266
688,0,16,0.09262245503487065,0.0025031930417753756,345393.515538807,345393.605658069,345393.515646807,345393.528625972,345393.604268872,345393.604277472,0.09011926199309528,0.012979165010619909,0.0756429000175558,0.0013805970083922148
689,0,16,0.09259105497039855,0.002543693990446627,345393.708510297,345393.798557658,345393.708615196,345393.721613562,345393.797303662,345393.797312162,0.09004736097995192,0.012998366029933095,0.07569009996950626,0.0012454959796741605
690,0,16,0.10135133197763935,0.0024898939882405102,345393.901361987,345394.000223425,345393.901467686,345393.914473552,345393.998940529,345393.998949129,0.09886143798939884,0.013005866028834134,0.08446697698673233,0.0012742959661409259
691,3,16,0.11965148302260786,0.0025561920483596623,345394.103028853,345394.220124144,345394.103133753,345394.116030219,345394.218709547,345394.218717947,0.1170952909742482,0.012896466010715812,0.1026793280034326,0.0014061969704926014
692,0,16,0.09161475801374763,0.0025236940127797425,345394.322985672,345394.412076736,345394.323090371,345394.334663341,345394.410830239,345394.410838439,0.08909106400096789,0.011572970019187778,0.07616689801216125,0.0012382969725877047
693,0,16,0.09248955501243472,0.0026014919858425856,345394.514869064,345394.604757127,345394.514975264,345394.52775093,345394.60337123,345394.60338013,0.08988806302659214,0.012775665963999927,0.07562030002009124,0.0013769969809800386
694,0,16,0.09273625497007743,0.002516394015401602,345394.707583155,345394.797803016,345394.707688755,345394.72080652,345394.79653302,345394.79654142,0.09021986095467582,0.013117765018250793,0.07572649995563552,0.001261595985852182
695,0,16,0.09277765400474891,0.002635292010381818,345394.900759244,345394.990901606,345394.900865944,345394.91370011,345394.989529809,345394.989538309,0.09014236199436709,0.012834166001994163,0.0758296989952214,0.0013632969930768013
696,0,16,0.09144695900613442,0.0025599939981475472,345395.093758034,345395.182644999,345395.093864334,345395.105503003,345395.181414002,345395.181422602,0.08888696500798687,0.011638669006060809,0.07591099903220311,0.0012223970261402428
697,0,16,0.12417917198035866,0.002735092944931239,345395.285603527,345395.407047606,345395.285710526,345395.297873894,345395.40544271,345395.40545141,0.12144407903542742,0.012163367995526642,0.1075688159908168,0.0015961960307322443
698,0,16,0.09212555695557967,0.002481193921994418,345395.509836134,345395.599480497,345395.509944434,345395.522941899,345395.598118401,345395.598126301,0.08964436303358525,0.012997465033549815,0.07517650199588388,0.001354195992462337
699,0,16,0.09307195397559553,0.0024808929301798344,345395.702301025,345395.792892086,345395.702405625,345395.715444491,345395.791645489,345395.791653989,0.0905910610454157,0.013038865989074111,0.07620099798077717,0.001238097029272467
700,0,16,0.09238655603257939,0.0024918930139392614,345395.895673814,345395.985568477,345395.895780214,345395.90861258,345395.98419498,345395.98420318,0.08989466301864013,0.012832365988288075,0.07558240002254024,0.001365297008305788
701,1,16,0.10203083005035296,0.0025873930426314473,345396.088499405,345396.187942842,345396.088602704,345396.10155047,345396.186626045,345396.186634245,0.09944343700772151,0.012947765993885696,0.08507557498523965,0.0013085970422253013
702,0,16,0.09306875400943682,0.0024817929952405393,345396.29076127,345396.381348231,345396.29086747,345396.303923835,345396.379816935,345396.379825135,0.09058696101419628,0.013056365016382188,0.07589310000184923,0.0015230959979817271
703,0,16,0.09315955400234088,0.0025052939890883863,345396.484064359,345396.574718619,345396.484165859,345396.497437124,345396.573461623,345396.573469723,0.0906542600132525,0.013271265022922307,0.07602449896512553,0.001248896005563438
704,0,16,0.09177645697491243,0.0024533930118195713,345396.677524948,345396.766848012,345396.677630948,345396.689245217,345396.765597615,345396.765605915,0.08932306396309286,0.011614268994890153,0.07635239796945825,0.0012420970015227795
705,0,16,0.09393165202345699,0.0025942930369637907,345396.86973524,345396.961072599,345396.86983534,345396.883839603,345396.959801102,345396.959809502,0.0913373589864932,0.014004262979142368,0.0759614990092814,0.0012630969868041575
706,0,16,0.12469917099224404,0.002544593997299671,345397.063854427,345397.186009004,345397.063959927,345397.076892793,345397.184548208,345397.184556708,0.12215457699494436,0.012932865996845067,0.10765541502041742,0.0014522960409522057
707,0,16,0.09444845002144575,0.0025287930038757622,345397.288784233,345397.38070389,345397.288889532,345397.300553702,345397.379431393,345397.379439793,0.09191965701756999,0.011664170015137643,0.07887769100489095,0.0012640969944186509
708,0,16,0.09353535302216187,0.0025167930289171636,345397.483493418,345397.574511978,345397.483599018,345397.495079888,345397.573261281,345397.573269881,0.09101855999324471,0.011480869958177209,0.07818139303708449,0.0012420970015227795
709,2,16,0.11029280902585015,0.002481294039171189,345397.677240606,345397.785052121,345397.677371806,345397.689327774,345397.783681225,345397.783689725,0.10781151498667896,0.011955967987887561,0.09435345098609105,0.0013623959966935217
710,0,16,0.09251055598724633,0.0024574939743615687,345397.88787455,345397.977927612,345397.88798125,345397.900863616,345397.976558616,345397.976566616,0.09005306201288477,0.012882366019766778,0.07569499994860962,0.001360996044240892
711,0,16,0.09399875102099031,0.0025701920385472476,345398.08078984,345398.172218399,345398.08089424,345398.09240031,345398.170945302,345398.170953502,0.09142855898244306,0.011506069975439459,0.07854499202221632,0.0012648970005102456
712,0,16,0.09582474699709564,0.002492593019269407,345398.275007327,345398.368339481,345398.275110427,345398.286996596,345398.367056684,345398.367065084,0.09333215397782624,0.011886169028002769,0.0800600879592821,0.0012743970146402717
713,0,16,0.09323575400048867,0.0025972939911298454,345398.471253109,345398.561891569,345398.471359008,345398.484321274,345398.560572373,345398.560580873,0.09063846000935882,0.012962265987880528,0.07625109900254756,0.001310696010477841
714,0,16,0.09322135400725529,0.0025080940104089677,345398.664627998,345398.755341258,345398.664732898,345398.678115562,345398.754088962,345398.754097462,0.09071325999684632,0.01338266400853172,0.07597339997300878,0.0012437960249371827
715,0,16,0.09684884396847337,0.002567692950833589,345398.858196287,345398.952477438,345398.858301486,345398.870318655,345398.951209041,345398.951217441,0.09428115101763979,0.012017168977763504,0.0808903860161081,0.001259997021406889
716,0,16,0.12341027398360893,0.0025122929946519434,345399.055331566,345399.176229547,345399.055436966,345399.069507129,345399.174756851,345399.174765351,0.12089798098895699,0.014070163015276194,0.10524972196435556,0.001464196015149355
717,0,16,0.08968826400814578,0.002449593972414732,345399.279004475,345399.366243145,345399.279110475,345399.291140143,345399.365003648,345399.365011848,0.08723867003573105,0.012029668025206774,0.07386350497836247,0.001231297035701573
718,0,16,0.0913978720200248,0.0025141930673271418,345399.469073577,345399.557957256,345399.469180477,345399.481046247,345399.556693859,345399.556702059,0.08888367895269766,0.011865769978612661,0.07564761198591441,0.0012551969848573208
719,0,16,0.09200667100958526,0.002535094041377306,345399.660783599,345399.750255176,345399.660887799,345399.673740367,345399.748958579,345399.748967179,0.08947157696820796,0.01285256800474599,0.07521821197587997,0.0012879970017820597
720,0,16,0.0927565679885447,0.002556193037889898,345399.85306042,345399.943260795,345399.853167119,345399.86484119,345399.941993098,345399.942001498,0.0902003749506548,0.01167407096363604,0.07715190801536664,0.0012592969578690827
721,0,16,0.09181147097842768,0.0025457930169068277,345400.046080138,345400.135345816,345400.046186538,345400.058076709,345400.13390432,345400.133913119,0.08926567796152085,0.011890170979313552,0.07582761102821678,0.001432696997653693
722,0,16,0.09174307202920318,0.0025505940429866314,345400.238243859,345400.327436337,345400.238349959,345400.251090727,345400.32618594,345400.32619364,0.08919247798621655,0.012740767968352884,0.07509521301835775,0.0012426970060914755
723,0,16,0.09257806895766407,0.0025269939796999097,345400.430267281,345400.520318356,345400.43037348,345400.443348348,345400.518957059,345400.518965359,0.09005107497796416,0.012974868004675955,0.07560871099121869,0.0013529969728551805
724,0,16,0.0921515699592419,0.0025865939678624272,345400.6231178,345400.712682776,345400.623223399,345400.636245667,345400.711429879,345400.711438179,0.08956497599137947,0.013022268016356975,0.0751842120080255,0.001244596962351352
725,0,16,0.09321626700693741,0.002507294004317373,345400.81552102,345400.906229993,345400.815625119,345400.828335388,345400.904966397,345400.904975397,0.09070897300262004,0.012710268958471715,0.07663100899662822,0.0012545959907583892
726,0,16,0.09240116900764406,0.002601792977657169,345401.009185637,345401.098985013,345401.009292936,345401.022186304,345401.097744216,345401.097752216,0.08979937602998689,0.012893367966171354,0.07555791200138628,0.001232797047123313
727,0,16,0.09205486997961998,0.002462492964696139,345401.201789056,345401.291381433,345401.201895656,345401.214815824,345401.290113136,345401.290121636,0.08959237701492384,0.012920167995616794,0.07529731199610978,0.0012597970198839903
728,0,16,0.09166087198536843,0.002566693990956992,345401.394263676,345401.483357854,345401.394369476,345401.407475143,345401.482102257,345401.482110257,0.08909417799441144,0.013105666963383555,0.07462711405241862,0.001247596985194832
729,0,16,0.09335336805088446,0.0028182940441183746,345401.586446897,345401.676981971,345401.586570796,345401.599691964,345401.675607974,345401.675616174,0.09053507400676608,0.013121168012730777,0.07591601001331583,0.0013657970121130347
730,0,16,0.09204816998681054,0.0026388929691165686,345401.779833314,345401.869242591,345401.779939014,345401.792672982,345401.867969795,345401.867978095,0.08940927701769397,0.01273396797478199,0.07529681304004043,0.0012644960079342127
731,0,16,0.09334286698140204,0.0026200939901173115,345401.972175435,345402.062898208,345401.972279734,345401.985345602,345402.061336512,345402.061345012,0.09072277299128473,0.01306586799910292,0.07599091000156477,0.001553195994347334
732,0,16,0.09406396496342495,0.0025630929740145802,345402.165743052,345402.257243924,345402.165849852,345402.179499118,345402.255824727,345402.255832927,0.09150087198941037,0.013649265980347991,0.07632560899946839,0.0014109970070421696
733,0,16,0.09352596703683957,0.002577694016508758,345402.360108167,345402.45105644,345402.360215467,345402.373737933,345402.449646344,345402.449655144,0.09094827302033082,0.013522466004360467,0.07590841100318357,0.0014012960018590093
734,0,16,0.092961567977909,0.0025757940020412207,345402.553984784,345402.644370558,345402.554090583,345402.567171551,345402.642854962,345402.642863262,0.09038577397586778,0.013080967997666448,0.07568341097794473,0.0015072959940880537
735,0,16,0.13349346700124443,0.002451093983836472,345402.747141002,345402.878183375,345402.747245102,345402.759264572,345402.876858679,345402.876867179,0.13104237301740795,0.012019469984807074,0.11759410699596629,0.0013161959941498935
736,0,16,0.10536573699209839,0.0026275929994881153,345402.981075319,345403.083813463,345402.981179919,345402.994944784,345403.082427666,345403.082436066,0.10273814399261028,0.013764864997938275,0.08748288202332333,0.001377396984025836
737,0,16,0.09272876899922267,0.0025474929716438055,345403.186648806,345403.276830082,345403.186755406,345403.200020273,345403.275582385,345403.275590485,0.09018127602757886,0.013264867011457682,0.07556211203336716,0.001239596982486546
738,0,16,0.09314206801354885,0.0025410939706489444,345403.379701825,345403.470302799,345403.379808525,345403.391977194,345403.468864903,345403.468874303,0.0906009740428999,0.012168669025413692,0.07688770903041586,0.0014284960343502462
739,0,16,0.09293456800514832,0.0025636929785832763,345403.573108343,345403.663479218,345403.573213043,345403.586523409,345403.662220421,345403.662228921,0.09037087502656505,0.013310366019140929,0.07569701201282442,0.0012502970057539642
740,0,16,0.09312406799290329,0.0028023929917253554,345403.766519261,345403.856840936,345403.76663016,345403.779773828,345403.855505039,345403.855513339,0.09032167500117794,0.013143668009433895,0.07573121099267155,0.0013275970122776926
741,0,16,0.09440646501025185,0.002627394045703113,345403.959787179,345404.05156625,345403.959892079,345403.973148346,345404.050272053,345404.050280953,0.09177907096454874,0.0132562670041807,0.07712370698573068,0.0012852969812229276
742,0,16,0.09312056802446023,0.0025461940094828606,345404.154484494,345404.245058868,345404.154589093,345404.167190962,345404.243761071,345404.243770171,0.09057437401497737,0.012601869006175548,0.07657010899856687,0.001288697007112205
743,0,16,0.09248736896552145,0.0025034939753822982,345404.347915512,345404.437899387,345404.348022111,345404.361120279,345404.43664209,345404.43665049,0.08998387499013916,0.013098168012220412,0.07552181096980348,0.0012488969950936735
744,1,16,0.10301184299169108,0.0025914929574355483,345404.540654931,345404.641075281,345404.540758831,345404.554581996,345404.639658784,345404.639667184,0.10042035003425553,0.013823164976201952,0.08507678803289309,0.0014080970431677997
745,0,16,0.09191127098165452,0.0024748939904384315,345404.743914925,345404.833351302,345404.744020424,345404.756970892,345404.832091905,345404.832100105,0.0894363769912161,0.012950467993505299,0.07512101298198104,0.0012511970126070082
746,0,16,0.12348379200557247,0.0026728929951786995,345404.936216245,345405.057027144,345404.936320945,345404.95024591,345405.055720148,345405.055728448,0.12081089901039377,0.013924964994657785,0.10547423805110157,0.0012986960355192423
747,0,16,0.12293359404429793,0.0025076940073631704,345405.159863488,345405.280289388,345405.159965688,345405.174176252,345405.279000991,345405.279013991,0.12042590003693476,0.014210563967935741,0.10482473904266953,0.001275397022254765
748,0,16,0.10415994003415108,0.002497794048395008,345405.383119532,345405.484781678,345405.383224331,345405.397008197,345405.483421382,345405.483430682,0.10166214598575607,0.013783865957520902,0.08641318505397066,0.0013509960263036191
749,0,16,0.09200267097912729,0.0024810939794406295,345405.587526222,345405.677047799,345405.587630722,345405.599957391,345405.675719803,345405.675728703,0.08952157699968666,0.012326669006142765,0.075762412045151,0.0013190960162319243
750,0,16,0.09213217097567394,0.0025543940137140453,345405.779904543,345405.86948232,345405.780038743,345405.792501212,345405.868201423,345405.868209723,0.0895777769619599,0.012462468992453068,0.07570021104766056,0.0012725970009341836
751,0,16,0.09527686197543517,0.0024903929443098605,345405.972276764,345406.065063233,345405.972380764,345405.98582223,345406.063791736,345406.063800136,0.09278646903112531,0.013441465969663113,0.07796950603369623,0.0012630970450118184
752,0,16,0.0949897639802657,0.0025561939692124724,345406.167937876,345406.260371446,345406.168040376,345406.181801142,345406.259051949,345406.259060349,0.09243357001105323,0.013760766014456749,0.07725080702221021,0.0013110970030538738
753,0,16,0.0941019649617374,0.0025060929474420846,345406.36318189,345406.454777762,345406.36328889,345406.377357855,345406.453497165,345406.453505465,0.09159587201429531,0.014068964985199273,0.07613931002561003,0.0012722969986498356
754,0,16,0.09278826898662373,0.002563393034506589,345406.557618305,345406.647843181,345406.557725005,345406.570937472,345406.646568984,345406.646577384,0.09022487595211715,0.013212466961704195,0.07563151203794405,0.0012657970073632896
755,0,16,0.09287276800023392,0.0025772929657250643,345406.750704625,345406.8410001,345406.750808424,345406.763871592,345406.839520903,345406.839529103,0.09029547503450885,0.013063167978543788,0.07564931100932881,0.0014709969982504845
756,0,16,0.09281446901150048,0.0025472930283285677,345406.943882043,345407.034149219,345406.943989743,345406.957028211,345407.032840022,345407.032848922,0.09026717598317191,0.013038467965088785,0.0758118110243231,0.0013002969790250063
757,0,16,0.09512296301545575,0.002548694028519094,345407.136944863,345407.229519132,345407.137049162,345407.149306532,345407.228225835,345407.228234835,0.09257426898693666,0.012257369991857558,0.07891930302139372,0.0012842969736084342
758,0,16,0.12202429602621123,0.0025824939948506653,345407.332456376,345407.451898178,345407.332562975,345407.346523641,345407.450500382,345407.450508782,0.11944180203136057,0.01396066602319479,0.10397674096748233,0.00138939602766186
759,0,16,0.11520091298734769,0.002492194005753845,345407.554711222,345407.667419941,345407.554818022,345407.569007086,345407.666141445,345407.666149944,0.11270871898159385,0.014189063978847116,0.0971343590063043,0.0012699969811365008
760,0,16,0.09282936900854111,0.002563793968874961,345407.770287685,345407.86055326,345407.770391885,345407.783279553,345407.859239764,345407.859247964,0.09026557503966615,0.012887667980976403,0.0759602109901607,0.0013052960275672376
761,0,16,0.09406826604390517,0.002572294033598155,345407.963470304,345408.054966276,345407.963575004,345407.976653571,345408.05368218,345408.053690679,0.09149597201030701,0.013078566989861429,0.07702860899735242,0.0012755969655700028
762,0,16,0.0976893570041284,0.002525394025724381,345408.15777132,345408.252935283,345408.15787532,345408.170501089,345408.251557487,345408.251565387,0.09516396297840402,0.012625769013538957,0.0810563979903236,0.001369895995594561
763,0,16,0.09331036801449955,0.002578594023361802,345408.355817027,345408.446548801,345408.355922227,345408.369141394,345408.445287904,345408.445295804,0.09073177399113774,0.01321916695451364,0.07614651002222672,0.0012529969681054354
764,0,16,0.09284438902977854,0.0025750940549187362,345408.549430545,345408.63969984,345408.549536945,345408.562197313,345408.638430243,345408.638438243,0.0902692949748598,0.012660367996431887,0.07623293000506237,0.0012615969753824174
765,4,16,0.1242058239877224,0.0026132939383387566,345408.742497811,345408.864090341,345408.742613411,345408.755159983,345408.862552944,345408.862561044,0.12159253004938364,0.012546572019346058,0.1073929609847255,0.0015292970347218215
766,0,16,0.09359679202316329,0.0025472940178588033,345408.966967512,345409.05801701,345408.967070312,345408.980420182,345409.056700513,345409.056708513,0.09104949800530449,0.013349869986996055,0.07628033100627363,0.001308496983256191
767,0,16,0.0936749919783324,0.0026264939224347472,345409.160982481,345409.252030979,345409.161088481,345409.174330351,345409.250509382,345409.250517982,0.09104849805589765,0.013241869979538023,0.07617903099162504,0.0015129970270209014
768,0,16,0.09414259000914171,0.0025033929850906134,345409.35485775,345409.446496947,345409.35496105,345409.36826042,345409.445180549,345409.445188849,0.0916391970240511,0.013299370009917766,0.0769201290095225,0.0013080980279482901
769,0,16,0.12392282398650423,0.002574093989096582,345409.549326318,345409.670675048,345409.549432118,345409.563170387,345409.669248452,345409.669257352,0.12134872999740764,0.013738268986344337,0.10607806500047445,0.0014176960103213787
770,0,16,0.12496852298500016,0.002512794977519661,345409.77354212,345409.895997848,345409.77364702,345409.788819086,345409.894481351,345409.894489951,0.1224557280074805,0.015172065992373973,0.10566226503578946,0.0015078969881869853
771,0,16,0.1332584039773792,0.0025531940045766532,345409.998813719,345410.129518929,345409.998918219,345410.011543391,345410.128114332,345410.128122532,0.13070520997280255,0.012625171977560967,0.1165709409979172,0.0013963970122858882
772,0,16,0.09177139605162665,0.0025772940134629607,345410.2323378,345410.321531902,345410.2324459,345410.245693071,345410.320214805,345410.320223205,0.08919410203816369,0.013247171009425074,0.07452173402998596,0.0013086969847790897
773,0,16,0.09299189399462193,0.0025862939655780792,345410.424465073,345410.514870673,345410.424572673,345410.437186545,345410.513431876,345410.513440276,0.09040560002904385,0.012613872007932514,0.07624533103080466,0.0014303970383480191
774,0,16,0.09264559403527528,0.0024979940499179065,345410.617637644,345410.707785244,345410.617760844,345410.630930315,345410.706436247,345410.706444347,0.09014759998535737,0.013169470999855548,0.07550593197811395,0.0013408969971351326
775,0,16,0.0953330880147405,0.0025570939760655165,345410.810699415,345410.903475409,345410.810801715,345410.823252788,345410.902172212,345410.902180812,0.09277599403867498,0.012451072980184108,0.07891942403512076,0.001294597052037716
776,0,16,0.09324099199147895,0.002512893988750875,345411.006289581,345411.097017679,345411.006394481,345411.019499152,345411.095732882,345411.095740782,0.09072809800272807,0.013104671030305326,0.0762337299529463,0.001276897033676505
777,0,16,0.09427929000230506,0.002581194043159485,345411.199872351,345411.291570447,345411.199980351,345411.212556623,345411.29027025,345411.29027845,0.09169809595914558,0.012576271954458207,0.07771362701896578,0.0012919969740323722
778,1,16,0.1022001730161719,0.0025370949879288673,345411.394456919,345411.494119997,345411.394562418,345411.407075691,345411.492685201,345411.4926936,0.09966307802824304,0.012513272988144308,0.08560951001709327,0.0014263970078900456
779,0,16,0.09239049401367083,0.002461494004819542,345411.596881369,345411.686810369,345411.596986469,345411.60987534,345411.685487172,345411.685495972,0.08992900000885129,0.012888871016912162,0.07561183196958154,0.001314397028181702
780,0,16,0.09223399596521631,0.002531095000449568,345411.789695741,345411.879398642,345411.789799941,345411.802627612,345411.878103845,345411.878112245,0.08970290096476674,0.012827671016566455,0.07547623297432438,0.0012863969895988703
781,0,16,0.0950689889723435,0.0025564939714968204,345411.982237413,345412.074749908,345411.982342113,345411.996453782,345412.073317311,345412.073325611,0.09251249500084668,0.014111669035628438,0.0768635289859958,0.0014242969918996096
782,0,16,0.09236849495209754,0.0026472939644008875,345412.177651679,345412.26737288,345412.177755679,345412.190604951,345412.266074283,345412.266082683,0.08972120098769665,0.012849271995946765,0.0754693319904618,0.001290197018533945
783,0,16,0.09397069102851674,0.0024925950565375388,345412.370249552,345412.461727648,345412.370355051,345412.383946421,345412.460416751,345412.460425151,0.0914780959719792,0.013591369963251054,0.07647033000830561,0.0013024969957768917
784,0,16,0.0941428910009563,0.0026005939580500126,345412.56460312,345412.656145417,345412.56471342,345412.577861491,345412.65476532,345412.65477362,0.09154229704290628,0.013148071011528373,0.07690382900182158,0.001371796999592334
785,0,16,0.11241364997113124,0.002488693979103118,345412.758936689,345412.868861645,345412.759043188,345412.772687458,345412.867486248,345412.867494948,0.10992495599202812,0.013644270016811788,0.09479878999991342,0.0013666970189660788
786,0,16,0.13201000698609278,0.002565793984103948,345412.971670616,345413.101114829,345412.971771416,345412.984769487,345413.099740132,345413.099748732,0.12944421300198883,0.012998070975299925,0.1149706449941732,0.0013660970143973827
787,1,16,0.13169550796737894,0.0025609940057620406,345413.2040449,345413.333179414,345413.2041527,345413.218096969,345413.331818517,345413.331831317,0.1291345139616169,0.013944268983323127,0.11372154799755663,0.001348096993751824
788,0,16,0.09209079499123618,0.002513593004550785,345413.435999585,345413.525576787,345413.436104085,345413.448804157,345413.524281789,345413.524289989,0.0895772019866854,0.012700071965809911,0.07547763205366209,0.0012867979821749032
789,0,16,0.0932705930317752,0.0025759940617717803,345413.628468458,345413.719163057,345413.628573358,345413.641437329,345413.71783446,345413.71784296,0.09069459897000343,0.01286397100193426,0.07639713102253154,0.0013200970133766532
790,0,16,0.09187159599969164,0.0024966949713416398,345413.822039329,345413.91141423,345413.822145828,345413.8350247,345413.910127133,345413.910136033,0.08937490102835,0.012878871988505125,0.0751024330384098,0.0012781969853676856
791,0,16,0.09300259297015145,0.0025871939724311233,345414.014251902,345414.104667301,345414.014356602,345414.027584072,345414.103200605,345414.103209904,0.09041539899772033,0.013227470044512302,0.0756165329948999,0.0014573970111086965
792,0,16,0.0966563859838061,0.0024586949730291963,345414.207490473,345414.301688164,345414.207595373,345414.220257545,345414.300382767,345414.300391467,0.09419769101077691,0.012662172026466578,0.0801252219825983,0.001296697009820491
793,0,16,0.09218409599270672,0.002584895002655685,345414.404570736,345414.494169937,345414.404676235,345414.417471307,345414.49286584,345414.49287424,0.08959920099005103,0.01279507199069485,0.07539453299250454,0.0012956970022059977
794,0,16,0.09387776796938851,0.0025105939712375402,345414.596983492,345414.688350666,345414.597085991,345414.610338059,345414.687068569,345414.687077369,0.09136717399815097,0.013252068019937724,0.07673050998710096,0.001273297006264329
795,2,16,0.11239212198415771,0.002590593008790165,345414.791227112,345414.901028641,345414.791331312,345414.80424778,345414.899621744,345414.899630144,0.10980152897536755,0.012916468025650829,0.09537396399537101,0.0013984969700686634
796,0,16,0.09266807098174468,0.0025419939775019884,345415.003918087,345415.094044164,345415.004022986,345415.016876955,345415.092738967,345415.092747267,0.09012607700424269,0.012853969004936516,0.07586201198864728,0.0012968970113433897
797,0,16,0.09267107100458816,0.0025755930109880865,345415.19688591,345415.286981388,345415.19699011,345415.209830178,345415.285584591,345415.285593291,0.09009547799360007,0.012840068025980145,0.07575441297376528,0.0013880970072932541
798,0,16,0.09236567199695855,0.002466194040607661,345415.389711034,345415.479610512,345415.389815734,345415.402753202,345415.478285315,345415.478293715,0.08989947795635089,0.012937468010932207,0.07553211296908557,0.001316796988248825
799,0,16,0.09266477101482451,0.002583894005510956,345415.582504858,345415.672585735,345415.582610858,345415.595965725,345415.671285839,345415.671294239,0.09008087700931355,0.013354866998270154,0.07532011397415772,0.00129149598069489
800,0,16,0.09273517096880823,0.002461094001773745,345415.775347382,345415.865621459,345415.775450681,345415.788402749,345415.864307262,345415.864315762,0.09027407696703449,0.012952068005688488,0.07590451301075518,0.0013056969619356096
801,0,16,0.09443766699405387,0.0024997940054163337,345415.968312305,345416.060250178,345415.968414205,345415.982348871,345416.058898582,345416.058907082,0.09193787298863754,0.013934665999840945,0.07654971099691465,0.0013430959661491215
802,0,16,0.09363536903401837,0.0025599939981475472,345416.163115124,345416.254190499,345416.163220124,345416.176672491,345416.252864703,345416.252873203,0.09107537503587082,0.013452366983983666,0.07619221200002357,0.0013172960025258362
803,0,16,0.09807755699148402,0.0025708930334076285,345416.357040746,345416.45254741,345416.357147045,345416.370817512,345416.451204413,345416.451212713,0.09550666395807639,0.013670466956682503,0.08038690104149282,0.0013346970081329346
804,0,16,0.12440618994878605,0.00246979296207428,345416.555374156,345416.677310553,345416.555479256,345416.568120824,345416.676022556,345416.676030756,0.12193639698671177,0.012641567969694734,0.10790173202985898,0.001279796997550875
805,0,16,0.09270307002589107,0.002599794010166079,345416.780225196,345416.870328472,345416.780330696,345416.793331264,345416.868951875,345416.868960475,0.09010327601572499,0.01300056796753779,0.0756206110236235,0.0013679969706572592
806,0,16,0.0930596679681912,0.0026065929559990764,345416.973194416,345417.063647491,345416.973299916,345416.986535983,345417.061963995,345417.061972395,0.09045307501219213,0.013236066966783255,0.07542801200179383,0.001675095991231501
807,0,16,0.10492463898845017,0.0025325939641334116,345417.166492134,345417.268884179,345417.166596334,345417.179851201,345417.267528883,345417.267537283,0.10239204502431676,0.013254866993520409,0.08767768199322745,0.0013468959950841963
808,0,16,0.09447216498665512,0.002533893974032253,345417.371721023,345417.463659294,345417.371823723,345417.385372489,345417.462216298,345417.462224498,0.09193827101262286,0.013548765971791,0.07684380898717791,0.0014347960241138935
809,1,16,0.10323004296515137,0.0026056929491460323,345417.566542338,345417.667166688,345417.566646438,345417.580367904,345417.665795291,345417.665803591,0.10062435001600534,0.013721466006245464,0.08542738703545183,0.0013630969915539026
810,0,16,0.09861955500673503,0.0024694949970580637,345417.769985032,345417.866135092,345417.770172031,345417.783358498,345417.864824095,345417.864832195,0.09615006000967696,0.01318646699655801,0.08146559697343037,0.001302896998822689
811,0,16,0.09402606595540419,0.0026070940075442195,345417.969024336,345418.060443308,345417.969129336,345417.982640302,345418.059111812,345418.059120812,0.09141897194785997,0.013510965975001454,0.07647150999400765,0.0013224959839135408
812,3,16,0.12041460099862888,0.0025808949721977115,345418.163216653,345418.281050359,345418.163322252,345418.176791519,345418.279566963,345418.279575063,0.11783370602643117,0.013469266996253282,0.10277544404380023,0.0014752960414625704
813,0,16,0.10608773602871224,0.0024783940170891583,345418.383933603,345418.487542945,345418.384037403,345418.39731367,345418.486209648,345418.486217848,0.10360934201162308,0.013276267040055245,0.08889597799861804,0.0013250969932414591
814,0,16,0.1326982700265944,0.0025886939838528633,345418.590422689,345418.720532265,345418.590526089,345418.603441656,345418.719192868,345418.719201268,0.13010957604274154,0.012915566971059889,0.11575121199712157,0.00133099703816697
815,0,16,0.12554468697635457,0.002568092953879386,345418.823419609,345418.946396203,345418.823524009,345418.836565576,345418.944805107,345418.944813407,0.12297659402247518,0.013041566999163479,0.10823953099315986,0.001582795986905694
816,0,16,0.09331496799131855,0.002677394018974155,345419.049251847,345419.139889421,345419.049365346,345419.062565414,345419.138395025,345419.138405825,0.0906375739723444,0.013200067973230034,0.0758296109852381,0.0014835959882475436
817,0,16,0.09603426099056378,0.0026114939828403294,345419.242867865,345419.336290632,345419.242975065,345419.255916432,345419.334875236,345419.334883236,0.09342276700772345,0.012941366992890835,0.07895880396245047,0.0014073960483074188
818,0,16,0.09250877000158653,0.002501093957107514,345419.439137376,345419.529145052,345419.439245176,345419.453363941,345419.527687956,345419.527696356,0.09000767604447901,0.014118765015155077,0.07432401500409469,0.0014486960135400295
819,0,16,0.09291356900939718,0.0025605930131860077,345419.631913396,345419.722266372,345419.632019996,345419.645040664,345419.720824375,345419.720832275,0.09035297599621117,0.013020668004173785,0.07578371098497882,0.0014340970083139837
820,0,16,0.09310266800457612,0.0025162939564324915,345419.825085516,345419.91567189,345419.825190515,345419.838391683,345419.914167094,345419.914175594,0.09058637404814363,0.013201167981605977,0.07577541097998619,0.0014962960267439485
821,0,16,0.09200207097455859,0.002542892994824797,345420.018548834,345420.108008012,345420.018653734,345420.031748001,345420.106680315,345420.106689115,0.0894591779797338,0.013094266992993653,0.0749323139898479,0.0013188970042392612
822,0,16,0.09297316800802946,0.0025370930088683963,345420.210837956,345420.301274031,345420.210941655,345420.224035323,345420.299695135,345420.299703235,0.09043607499916106,0.013093668036162853,0.0756598119623959,0.0015707960119470954
823,0,16,0.09268906898796558,0.002624292974360287,345420.404164575,345420.494229351,345420.404271474,345420.417445942,345420.492804554,345420.492813354,0.0900647760136053,0.013174468011129647,0.07535861199721694,0.0014159969869069755
824,0,16,0.09249927004566416,0.0025145940599031746,345420.596970695,345420.686955371,345420.597077195,345420.610366862,345420.685638674,345420.685647174,0.08998467598576099,0.013289666967466474,0.07527181203477085,0.001308196980971843
825,0,16,0.11325481801759452,0.0025663930573500693,345420.789842915,345420.90053134,345420.789946815,345420.805582176,345420.899178443,345420.899186643,0.11068842496024445,0.015635361021850258,0.09359626699006185,0.0013446969678625464
826,0,16,0.12205019599059597,0.0025278939865529537,345421.003430084,345421.122952386,345421.003535683,345421.017800148,345421.12159439,345421.12160309,0.11952230200404301,0.014264465018641204,0.10379424202255905,0.0013492959551513195
827,0,16,0.09286906901979819,0.0025818930007517338,345421.22577463,345421.316061806,345421.22587943,345421.239150697,345421.314598409,345421.314606709,0.09028717601904646,0.013271267001982778,0.07544771197717637,0.0014550969935953617
828,0,16,0.09246547002112493,0.002586194023024291,345421.41901785,345421.508897126,345421.419122549,345421.432278217,345421.507521829,345421.507530329,0.08987927599810064,0.013155667984392494,0.07524361199466512,0.001366797019727528
829,0,16,0.09165687201311812,0.0024564940249547362,345421.61171217,345421.700912548,345421.61181807,345421.625193337,345421.699521752,345421.699530352,0.08920037798816338,0.013375266978982836,0.07432841503759846,0.0013821959728375077
830,0,16,0.09250997001072392,0.0026651929947547615,345421.803878292,345421.893723069,345421.803982492,345421.817183359,345421.892396372,345421.892404672,0.08984477701596916,0.013200866989791393,0.0752130129840225,0.0013183970004320145
831,0,16,0.09273966896580532,0.0025175929768010974,345421.996504613,345422.086726689,345421.996607513,345422.00998688,345422.085399892,345422.085408592,0.09022207598900422,0.013379367010202259,0.07541301200399175,0.0013180969981476665
832,0,16,0.09190597099950537,0.0026128930039703846,345422.189611233,345422.278904311,345422.189717533,345422.2028928,345422.277379514,345422.277387714,0.08929307799553499,0.013175266969483346,0.07448671403108165,0.0015165969962254167
833,0,16,0.09272556897485629,0.002614792960230261,345422.381800355,345422.471911131,345422.381906354,345422.395148222,345422.470454534,345422.470463034,0.09011077601462603,0.013241868000477552,0.07530631200643256,0.001448096998501569
834,0,16,0.0924503700225614,0.00251819402910769,345422.574733575,345422.664665751,345422.574840575,345422.588373441,345422.663333555,345422.663358554,0.08993217599345371,0.013532866025343537,0.07496011396870017,0.0013071969733573496
835,0,16,0.0929358690045774,0.0025053939898498356,345422.767467996,345422.857898471,345422.767574895,345422.781082962,345422.856575874,345422.856584174,0.09043047501472756,0.01350806700065732,0.0754929119721055,0.0013142970274202526
836,2,16,0.1217584969708696,0.002536793937906623,345422.960755615,345423.079977318,345422.960859915,345422.97462098,345423.078497422,345423.078506322,0.11922170303296298,0.0137610649690032,0.10387644200818613,0.001470996008720249
837,0,16,0.09285716898739338,0.0025209939340129495,345423.182713763,345423.273049938,345423.182819263,345423.196391129,345423.271704242,345423.271712642,0.09033617505338043,0.013571865973062813,0.07531311298953369,0.0013372960384003818
838,0,16,0.10517643799539655,0.002601193031296134,345423.375986882,345423.478562127,345423.376092282,345423.390423046,345423.477210131,345423.477223131,0.10257524496410042,0.01433076401008293,0.08678708499064669,0.0013389959931373596
839,3,16,0.1581062069744803,0.0025360939907841384,345423.581342772,345423.736912885,345423.581449271,345423.595153437,345423.735286189,345423.735294489,0.15557011298369616,0.01370416599093005,0.14013275201432407,0.0016183959669433534
840,0,16,0.0935770680080168,0.0024654940352775156,345423.839723229,345423.930834803,345423.839830229,345423.853265496,345423.929455506,345423.929464206,0.09111157397273928,0.013435267028398812,0.07619000994600356,0.001370596990454942
841,0,16,0.09294556896202266,0.0026049939915537834,345424.033695747,345424.124036322,345424.033804847,345424.047228913,345424.122673726,345424.122682626,0.09034057497046888,0.013424066011793911,0.07544481300283223,0.0013536959886550903
842,0,16,0.09357536700554192,0.002492293016985059,345424.226809767,345424.317892841,345424.226913367,345424.241261631,345424.316561444,345424.316569544,0.09108307398855686,0.014348264026921242,0.07529981300467625,0.001323296979535371
843,1,16,0.10191524599213153,0.0025900930049829185,345424.420793285,345424.520118438,345424.420897484,345424.434434451,345424.518719841,345424.518728341,0.09932515298714861,0.013536966987885535,0.08428539003944024,0.0013900970225222409
844,0,16,0.09267097199335694,0.0025133939925581217,345424.622971683,345424.713129261,345424.623074983,345424.63646125,345424.711776265,345424.711784464,0.09015757800079882,0.013386267004534602,0.0753150149830617,0.0013447969686239958
845,0,16,0.09271327202441171,0.00256329303374514,345424.815912208,345424.906062187,345424.816019008,345424.829268576,345424.90472279,345424.90473139,0.09014997899066657,0.01324956800090149,0.07545421400573105,0.0013307969784364104
846,0,16,0.0934172699926421,0.0025629940209910274,345425.008779634,345425.09963391,345425.008883134,345425.022046201,345425.098236614,345425.098245714,0.09085427597165108,0.013163066993001848,0.07619041303405538,0.001388196018524468
847,0,16,0.0925071730162017,0.0025224940036423504,345425.202517457,345425.292502136,345425.202623357,345425.215882425,345425.291132239,345425.291140639,0.08998467901255935,0.013259068015031517,0.07524981396272779,0.0013614970375783741
848,2,16,0.11122232599882409,0.0025362929445691407,345425.395306983,345425.503993016,345425.395424283,345425.40887635,345425.50246852,345425.50247662,0.10868603305425495,0.013452066981699318,0.09359217004384845,0.0015163960051722825
849,0,16,0.12004940496990457,0.0025053939316421747,345425.606858863,345425.724402874,345425.606964363,345425.620696329,345425.723049577,345425.723057777,0.1175440110382624,0.013731965969782323,0.10235324798850343,0.0013450970291160047
850,0,16,0.10259494796628132,0.002610793977510184,345425.827327521,345425.927311675,345425.82743152,345425.840827187,345425.925755779,345425.925764279,0.09998415398877114,0.013395667017903179,0.08492859202669933,0.0015473960083909333
851,0,16,0.09264787199208513,0.0026022939709946513,345426.030170722,345426.1202163,345426.030279522,345426.043498289,345426.118794804,345426.118803104,0.09004557802109048,0.013218767009675503,0.0752965149586089,0.0014131960342638195
852,0,16,0.094818266981747,0.002695993985980749,345426.223262347,345426.31538462,345426.223368447,345426.236467915,345426.314039824,345426.314048124,0.09212227299576625,0.013099468022119254,0.07757190900156274,0.0013364959741011262
853,0,16,0.09236717299791053,0.0024991940008476377,345426.418195068,345426.508063047,345426.418299267,345426.431358135,345426.50662915,345426.50663715,0.08986797899706289,0.013058868004009128,0.07527101499726996,0.001425897004082799
854,0,16,0.09295637102331966,0.002597494050860405,345426.610959994,345426.701318871,345426.611064693,345426.62446436,345426.699933075,345426.699941375,0.09035887697245926,0.013399666990153491,0.07546871498925611,0.0013774959952570498
855,0,16,0.09166657400783151,0.0025630929740145802,345426.804182719,345426.8932862,345426.804284118,345426.817543486,345426.891825403,345426.891833503,0.08910348103381693,0.013259368017315865,0.07428191701183096,0.0014526970335282385
856,1,16,0.10221754800295457,0.00264539202908054,345426.996250446,345427.095822602,345426.996355646,345427.009691913,345427.094264305,345427.094272305,0.09957215597387403,0.0133362669730559,0.08457239205017686,0.0015502969617955387
857,0,16,0.09567596402484924,0.0025605930713936687,345427.198632449,345427.29174782,345427.198735149,345427.21459481,345427.290409023,345427.290417423,0.09311537095345557,0.015859660983551294,0.07581421302165836,0.001330396975390613
858,0,16,0.09295217104954645,0.0026408930425532162,345427.394771267,345427.485082545,345427.394875466,345427.408248733,345427.483610848,345427.483618448,0.09031127800699323,0.01337326696375385,0.07536211505066603,0.0014640970039181411
859,0,16,0.09298197098542005,0.00250609393697232,345427.587918492,345427.678394369,345427.588023292,345427.601392459,345427.677069773,345427.677077973,0.09047587704844773,0.013369166990742087,0.07567731401650235,0.0013163959956727922
860,0,16,0.09231567301321775,0.0025803939788602293,345427.781239817,345427.870975096,345427.781347116,345427.795274282,345427.8695248,345427.8695372,0.08973527903435752,0.013927166000939906,0.07425051799509674,0.001437895989511162
861,0,16,0.10046825301833451,0.0025124939857050776,345427.973707244,345428.071663003,345427.973813543,345427.987113411,345428.070307406,345428.070315906,0.09795575903262943,0.013299868034664541,0.08319399500032887,0.0013470969861373305
862,2,16,0.16115120402537286,0.0027501940494403243,345428.17468065,345428.33308166,345428.174786249,345428.188142916,345428.331370764,345428.331379064,0.15840100997593254,0.013356667011976242,0.14322784799151123,0.0017025959677994251
863,0,16,0.09303707198705524,0.0025774940149858594,345428.435922507,345428.526382085,345428.436109407,345428.450581771,345428.525045288,345428.525053588,0.09045957797206938,0.014472363982349634,0.07446351705584675,0.0013284970191307366
864,0,16,0.09409126901300624,0.0025466940132901073,345428.629279732,345428.720824307,345428.629484532,345428.645138193,345428.719449911,345428.719458111,0.09154457499971613,0.015653660986572504,0.07431171799544245,0.0013661960256285965
865,0,16,0.09356417099479586,0.002492094994522631,345428.823640355,345428.914712431,345428.823745554,345428.83753282,345428.913372534,345428.913381034,0.09107207600027323,0.01378726598341018,0.07583971397252753,0.0013313970412127674
866,0,16,0.12471779400948435,0.0025556940236128867,345429.017539678,345429.139701778,345429.017644678,345429.031395044,345429.138099382,345429.138128182,0.12216209998587146,0.013750365993473679,0.10670433798804879,0.0015735960332676768
867,4,16,0.12443769397214055,0.002543192997109145,345429.242543425,345429.364437926,345429.242647225,345429.25701129,345429.362901929,345429.362910029,0.1218945009750314,0.014364065020345151,0.10589063900988549,0.00152789696585387
868,0,16,0.09281927201664075,0.002500794013030827,345429.467296173,345429.557614651,345429.467401873,345429.481039639,345429.556180654,345429.556189154,0.09031847800360993,0.013637766009196639,0.07514101499691606,0.0014254970010370016
869,1,16,0.10270604799734429,0.0027270939899608493,345429.660606198,345429.760585152,345429.660713198,345429.675018663,345429.759136856,345429.759145056,0.09997895400738344,0.014305464981589466,0.0841181930154562,0.0014400960062630475
870,3,16,0.1227769980323501,0.00263429299229756,345429.863538199,345429.983680904,345429.863643299,345429.879185261,345429.982188608,345429.982197008,0.12014270504005253,0.015541961998678744,0.10300334700150415,0.0014838960487395525
871,0,16,0.09323907096404582,0.0025102939689531922,345430.086526952,345430.177255729,345430.086632151,345430.100585117,345430.175875332,345430.175883332,0.09072877699509263,0.013952966022770852,0.07529021496884525,0.00137239700416103
872,0,16,0.09561236499575898,0.002736592956352979,345430.280227676,345430.373103448,345430.280335775,345430.296069437,345430.371675651,345430.371683551,0.092875772039406,0.0157336620031856,0.07560621399898082,0.0014198970166034997
873,0,16,0.09419786802027375,0.002473493048455566,345430.475953095,345430.56767747,345430.476059395,345430.49027216,345430.566311873,345430.566320473,0.09172437497181818,0.014212764974217862,0.07603971299249679,0.001356997003313154
874,0,16,0.0960202639689669,0.0025766940088942647,345430.670571417,345430.764014987,345430.670675717,345430.686846977,345430.762654691,345430.762663191,0.09344356996007264,0.016171259980183095,0.07580771401990205,0.001351795974187553
875,0,16,0.09437796799466014,0.0026670939987525344,345430.866894035,345430.958604909,345430.866995034,345430.881385499,345430.957231213,345430.957239513,0.0917108739959076,0.014390464988537133,0.0758457140182145,0.0013653960195370018
876,0,16,0.0952465669834055,0.0026129939360544086,345431.061565556,345431.154199129,345431.061671856,345431.07645782,345431.152615633,345431.152624033,0.09263357304735109,0.014785964041948318,0.07615781296044588,0.0015750960446894169
877,0,16,0.09363367001060396,0.002575993014033884,345431.257069576,345431.348127253,345431.257174976,345431.271146642,345431.346735256,345431.346743456,0.09105767699657008,0.013971665990538895,0.07558861403958872,0.0013837970327585936
878,0,16,0.09381677000783384,0.0025907939998432994,345431.4510294,345431.542255376,345431.4511352,345431.465352965,345431.540885579,345431.540893779,0.09122597600799054,0.014217765012290329,0.07553261402063072,0.0013615969801321626
879,0,16,0.09383127000182867,0.0026546940207481384,345431.645090323,345431.736266899,345431.645194723,345431.659309288,345431.734855003,345431.734863103,0.09117657598108053,0.014114565041381866,0.0755457149934955,0.0014037959626875818
880,0,16,0.09409006900386885,0.0025296930107288063,345431.839255146,345431.930815522,345431.839362146,345431.853455312,345431.929420025,345431.929428325,0.09156037599314004,0.014093166042584926,0.07596471294527873,0.00138719700044021
881,0,16,0.09328137099510059,0.0025429939851164818,345432.033661669,345432.124400046,345432.033764569,345432.047713235,345432.12300735,345432.12301565,0.0907383770099841,0.013948666048236191,0.07529411499854177,0.0013843959895893931
882,0,16,0.12237709894543514,0.002606792899314314,345432.227292994,345432.3470633,345432.227398493,345432.241689358,345432.345433404,345432.345441704,0.11977030604612082,0.014290865045040846,0.10374404600588605,0.0016215960495173931
883,0,16,0.09341907099587843,0.002503093972336501,345432.449884847,345432.540800824,345432.449991147,345432.464204412,345432.539427027,345432.539435427,0.09091597702354193,0.01421326503623277,0.07522261497797444,0.0013653970090672374
884,0,16,0.12688388902461156,0.0025401940220035613,345432.643603471,345432.767947166,345432.643709071,345432.657737137,345432.76638087,345432.76638907,0.124343695002608,0.014028066012542695,0.10864373302320018,0.0015580959734506905
885,0,16,0.09360136999748647,0.002590792952105403,345432.870901713,345432.96191229,345432.871007113,345432.885202778,345432.960520193,345432.960528893,0.09101057704538107,0.014195664960425347,0.07531741500133649,0.0013833970297127962
886,0,16,0.09316177101572976,0.00260619301116094,345433.064731537,345433.155287115,345433.064841037,345433.079523001,345433.153885818,345433.153894318,0.09055557800456882,0.0146819640067406,0.07436281704576686,0.001392797043081373
887,0,16,0.09386646997882053,0.002544493996538222,345433.258113762,345433.349435738,345433.258222062,345433.272263627,345433.348051541,345433.348060141,0.09132197598228231,0.014041564951185137,0.07578791404375806,0.001375596970319748
888,0,16,0.09603556402726099,0.0026048930594697595,345433.452335285,345433.545765956,345433.452454185,345433.468895545,345433.544360459,345433.544368959,0.09343067096779123,0.016441359999589622,0.07546491402899846,0.0013969970168545842
889,2,16,0.11249792401213199,0.002530094003304839,345433.648609303,345433.758577133,345433.648713303,345433.663662566,345433.757063537,345433.757071737,0.10996783000882715,0.01494926301529631,0.09340097103267908,0.0015053959796205163
890,0,16,0.09464166703401133,0.002576993021648377,345433.861445281,345433.953509955,345433.86155118,345433.876872343,345433.952107358,345433.952115758,0.09206467401236296,0.01532116299495101,0.0752350150141865,0.0013941970537416637
891,0,16,0.0941639689845033,0.002606394002214074,345434.056428302,345434.147985877,345434.056533702,345434.071169766,345434.146588881,345434.146597381,0.09155757498228922,0.01463606400648132,0.07541911496082321,0.001388496020808816
892,3,16,0.12466679397039115,0.0026760929613374174,345434.250914624,345434.372905325,345434.251027724,345434.265485889,345434.371297429,345434.371305929,0.12199070100905374,0.014458164980169386,0.10581154003739357,0.001599396055098623
893,0,16,0.10264694801298901,0.00248099397867918,345434.475795672,345434.575961626,345434.475900272,345434.490266637,345434.57449813,345434.57450643,0.10016595403430983,0.014366364979650825,0.08423149300506338,0.0014551960048265755
894,0,16,0.09349087002919987,0.0025776930269785225,345434.678796674,345434.769709851,345434.678901374,345434.693014539,345434.768227254,345434.768235654,0.09091317700222135,0.014113165030721575,0.07521271496079862,0.0014741970226168633
895,0,16,0.09405166999204084,0.002510493970476091,345434.872513598,345434.964054774,345434.872631598,345434.886953763,345434.962677377,345434.962685877,0.09154117602156475,0.014322165050543845,0.07572361396159977,0.0013688970357179642
896,0,16,0.10292534803738818,0.00247239408781752,345435.066843821,345435.167296775,345435.066950521,345435.081344986,345435.165845978,345435.165854078,0.10045295394957066,0.014394464960787445,0.08450099203037098,0.0014426969573833048
897,0,16,0.09404306998476386,0.0025429939851164818,345435.270149422,345435.361649498,345435.270254122,345435.284591287,345435.360288001,345435.360296401,0.09150007599964738,0.014337165048345923,0.07569671398960054,0.0013530969736166298
898,1,16,0.10371194500476122,0.00253149401396513,345435.464401846,345435.565582297,345435.464508545,345435.479142509,345435.564155901,345435.564164501,0.10118045099079609,0.014633963990490884,0.0850133920321241,0.001417796011082828
899,0,16,0.09499536699149758,0.0025109940324909985,345435.668386045,345435.760870418,345435.668489545,345435.682345711,345435.759475421,345435.759484021,0.09248437295900658,0.013856165984179825,0.07712971000000834,0.0013863969943486154
900,0,16,0.14176055300049484,0.0025645940331742167,345435.863770665,345436.002966624,345435.863873965,345435.925223215,345436.001580927,345436.001589527,0.13919595896732062,0.06134925002697855,0.07635771197965369,0.001377096981741488
901,0,16,0.09350257099140435,0.0025142949889414012,345436.105774672,345436.196762948,345436.105877571,345436.119951637,345436.195384652,345436.195392652,0.09098827600246295,0.014074066013563424,0.075433015008457,0.0013702959986403584
902,0,16,0.1228495980030857,0.0025870929821394384,345436.299566496,345436.419829001,345436.299672996,345436.31421336,345436.418406104,345436.418414704,0.12026250502094626,0.014540364034473896,0.10419274400919676,0.0014142970321699977
903,0,16,0.09497276699403301,0.002501994022168219,345436.522695248,345436.615166021,345436.522800648,345436.536781414,345436.613610125,345436.613618525,0.09247077297186479,0.013980766001623124,0.07682871096767485,0.0015474960091523826
904,0,16,0.09443186898715794,0.002600994019303471,345436.717991669,345436.809822544,345436.718098269,345436.732570033,345436.808386447,345436.808394947,0.09183087496785447,0.014471763977780938,0.07581641402794048,0.0014275970170274377
905,0,16,0.09358367102686316,0.00254629401024431,345436.912717891,345437.003755268,345436.912821491,345436.927008156,345437.002378571,345437.002386571,0.09103737701661885,0.014186665008310229,0.07537041499745101,0.0013686969759874046
906,0,16,0.09598756401101127,0.0025460940087214112,345437.106651216,345437.200092686,345437.106753315,345437.123327675,345437.19870049,345437.19870889,0.09344147000228986,0.016574359964579344,0.07537281501572579,0.0013837959850206971
907,0,16,0.09416216902900487,0.002467994054313749,345437.302901734,345437.394595909,345437.303006034,345437.317360499,345437.393212113,345437.393221213,0.09169417497469112,0.014354465005453676,0.07585161400493234,0.0013746959739364684
908,0,16,0.09373036999022588,0.00252709403866902,345437.497421557,345437.588624833,345437.497525557,345437.511768322,345437.587094537,345437.587102537,0.09120327595155686,0.01424276496982202,0.07532621501013637,0.0015222959918901324
909,0,16,0.09429316903697327,0.0025852940161712468,345437.691509981,345437.783217856,345437.691617281,345437.705995345,345437.781825859,345437.781834359,0.09170787502080202,0.014378064021002501,0.07583051396068186,0.0013834970304742455
910,0,16,0.09391596901696175,0.002516794018447399,345437.886056704,345437.977455879,345437.886160403,345437.900482868,345437.976056583,345437.976064883,0.09139917499851435,0.014322464994620532,0.07557371497387066,0.0013909959816373885
911,0,16,0.09401986899320036,0.0026276930002495646,345438.080310827,345438.171703003,345438.080415627,345438.094525292,345438.170327306,345438.170335606,0.0913921759929508,0.014109665004070848,0.0758020140347071,0.0013673970242962241
912,0,16,0.09877235803287476,0.0026707930373959243,345438.27467815,345438.370779715,345438.27478565,345438.289986613,345438.369376818,345438.369385118,0.09610156499547884,0.01520096295280382,0.0793902050354518,0.0013945969985798001
913,1,16,0.10494834301061928,0.0024858940159901977,345438.473629062,345438.576091511,345438.473734862,345438.487754028,345438.574644315,345438.574652415,0.10246244899462909,0.014019166002981365,0.08689028699882329,0.001439095998648554
914,0,16,0.09523246600292623,0.0024488939670845866,345438.678872159,345438.771655731,345438.678977459,345438.694016522,345438.770286535,345438.770294535,0.09278357203584164,0.015039062942378223,0.07627001299988478,0.0013611960457637906
915,0,16,0.1227431989973411,0.0026132939965464175,345438.874558679,345438.994688584,345438.874666779,345438.889220243,345438.993130188,345438.993153188,0.12012990500079468,0.014553464017808437,0.10390994499903172,0.0015353959752246737
916,0,16,0.09369087003869936,0.002553293015807867,345439.097569132,345439.188706709,345439.097675932,345439.112354596,345439.187311412,345439.187320312,0.09113757702289149,0.014678664039820433,0.07495681598084047,0.0013863969943486154
917,0,16,0.09460686799138784,0.002661192964296788,345439.291635856,345439.383581531,345439.291739156,345439.306210821,345439.382186034,345439.382194634,0.09194567502709106,0.014471665024757385,0.07597521296702325,0.001386896998155862
918,0,16,0.09417036996455863,0.002501495007891208,345439.486436079,345439.578104954,345439.486539778,345439.500933143,345439.576681457,345439.576689657,0.09166887495666742,0.014393365010619164,0.07574831397505477,0.0014152969815768301
919,0,16,0.09358657000120729,0.0026124930009245872,345439.680961602,345439.771935679,345439.681143101,345439.695468566,345439.770531182,345439.770539682,0.0909740770002827,0.014325464959256351,0.07506261602975428,0.0013959970092400908
920,0,16,0.09408097004052252,0.0025206940481439233,345439.874815826,345439.966376102,345439.874922226,345439.88958509,345439.964852606,345439.964860606,0.09156027599237859,0.014662863977719098,0.07526751601835713,0.0015154959983192384
921,0,16,0.09553076501470059,0.0025720929843373597,345440.06923225,345440.162190922,345440.069432649,345440.08546901,345440.160797725,345440.160806425,0.09295867203036323,0.01603636099025607,0.0753287150291726,0.001384497038088739
922,0,16,0.11227212502853945,0.002471295010764152,345440.26503117,345440.374832,345440.265136869,345440.280021133,345440.373321004,345440.373329304,0.1098008300177753,0.014884264033753425,0.09329987096134573,0.0015026960172690451
923,0,16,0.09362177096772939,0.0026502939872443676,345440.477693248,345440.568664725,345440.477801648,345440.492544212,345440.567121729,345440.567129729,0.09097147698048502,0.01474256394430995,0.07457751705078408,0.0015349959721788764
924,0,16,0.09393616096349433,0.002540192974265665,345440.671534367,345440.762930335,345440.671639867,345440.68630763,345440.761520138,345440.761528538,0.09139596798922867,0.01466776296729222,0.07521250803256407,0.0014017969951964915
925,0,16,0.0952308580162935,0.00252559402724728,345440.865797673,345440.958502937,345440.865900573,345440.880986334,345440.957129541,345440.957139141,0.09270526398904622,0.015085761027876288,0.07614320702850819,0.0013637960073538125
926,0,16,0.09391166095156223,0.002570392971392721,345441.061390775,345441.152732043,345441.061497075,345441.076252638,345441.151318647,345441.151327047,0.0913412679801695,0.014755562995560467,0.07506600901251659,0.0014049960300326347
927,0,16,0.0957553560147062,0.002606793015729636,345441.255507382,345441.348655945,345441.255611881,345441.270791743,345441.347163148,345441.347171748,0.09314856299897656,0.015179862035438418,0.07637140498263761,0.0014841969823464751
928,0,16,0.09491905802860856,0.0025504930526949465,345441.451667983,345441.544036548,345441.451773782,345441.466471045,345441.542635551,345441.542643851,0.09236856497591361,0.01469726295908913,0.07616450602654368,0.0013926969841122627
929,3,16,0.12186059000669047,0.002518493973184377,345441.646865186,345441.766207282,345441.646967186,345441.661466449,345441.764521287,345441.764529387,0.1193420960335061,0.014499262964818627,0.10305483802221715,0.001677895023021847
930,0,16,0.09577555599389598,0.002609692979604006,345441.869078821,345441.962244684,345441.86918392,345441.884180282,345441.960824287,345441.960832587,0.09316586301429197,0.014996362035162747,0.07664400496287271,0.0014120970154181123
931,0,16,0.09801835095277056,0.0025748939369805157,345442.065118322,345442.160561779,345442.065219822,345442.079892084,345442.159119583,345442.159127683,0.09544345701579005,0.014672262012027204,0.07922749902354553,0.0014340960187837481
932,0,16,0.09412475995486602,0.0026177919353358448,345442.263483017,345442.354989985,345442.263589717,345442.27838878,345442.353394489,345442.353402689,0.09150696801953018,0.014799063035752624,0.07500570896081626,0.0015872960211709142
933,0,16,0.12425698398146778,0.0025572929880581796,345442.457856623,345442.579556314,345442.457962623,345442.473342084,345442.578111117,345442.578119417,0.1216996909934096,0.015379460994154215,0.1047690330306068,0.0014368969714269042
934,0,16,0.09406416100682691,0.0025349940406158566,345442.682374852,345442.773904019,345442.682477352,345442.696960815,345442.772414723,345442.772423023,0.09152916696621105,0.014483463019132614,0.07545390800805762,0.0014809959684498608
935,0,16,0.09363816195400432,0.0026131939375773072,345442.876837458,345442.967862426,345442.876939857,345442.89140752,345442.96646943,345442.96647783,0.09102496801642701,0.01446766301523894,0.07506191002903506,0.0013845959911122918
936,0,16,0.0950320580159314,0.0025443940539844334,345443.070701565,345443.163189229,345443.070806164,345443.086017826,345443.161784533,345443.161792533,0.09248766396194696,0.015211661986541003,0.07576670701382682,0.0013966959668323398
937,1,16,0.1049545329879038,0.0025747939944267273,345443.266094368,345443.368474107,345443.266202867,345443.281673828,345443.366973511,345443.366981611,0.10237973899347708,0.015470961050596088,0.085299682978075,0.0014924959978088737
938,0,16,0.09481425897683948,0.0025682940031401813,345443.471369946,345443.563615911,345443.471476145,345443.486374707,345443.562233115,345443.562241115,0.0922459649736993,0.014898562047164887,0.07585840800311416,0.0013747959746979177
939,0,16,0.09482635901076719,0.0025801940355449915,345443.66644065,345443.758686815,345443.666546149,345443.68188841,345443.757264319,345443.757272419,0.0922461649752222,0.015342261001933366,0.07537590898573399,0.0014143959851935506
940,0,16,0.09479015896795318,0.0025628929724916816,345443.861605453,345443.953832719,345443.861709153,345443.877011014,345443.952429722,345443.952437822,0.0922272659954615,0.015301860985346138,0.07541870803106576,0.0013948970008641481
941,0,16,0.0945006599649787,0.00261799298459664,345444.056761557,345444.148644224,345444.056865957,345444.072767917,345444.147147627,345444.147156427,0.09188266698038206,0.015901960025075823,0.0743797100149095,0.0014877970097586513
942,0,16,0.09412936103763059,0.002622594009153545,345444.251549762,345444.343056529,345444.251657262,345444.266572424,345444.341673633,345444.341681733,0.09150676702847704,0.014915161998942494,0.07510120904771611,0.0013747959746979177
943,0,16,0.09474895900348201,0.0025528940022923052,345444.445968568,345444.538164633,345444.446074667,345444.461244429,345444.536691137,345444.536699637,0.09219606500118971,0.015169762016739696,0.07544670801144093,0.0014649959630332887
944,0,16,0.09385456098243594,0.0026334929862059653,345444.641115272,345444.73233634,345444.641220771,345444.655939534,345444.730935943,345444.730944243,0.09122106799622998,0.014718763006385416,0.0749964090064168,0.0013920969795435667
945,0,16,0.09581265703309327,0.0025322940200567245,345444.835193778,345444.928474141,345444.835298578,345444.85034464,345444.927094245,345444.927102445,0.09328036301303655,0.015046062006149441,0.07674960495205596,0.0013716960093006492
946,0,16,0.09434496000176296,0.002508793957531452,345445.03130358,345445.123139746,345445.031407179,345445.046168042,345445.12175035,345445.12175845,0.0918361660442315,0.014760862977709621,0.07558230799622834,0.0013812960241921246
947,0,16,0.12279998796293512,0.00263799395179376,345445.226106685,345445.346268679,345445.226209284,345445.240800347,345445.344849983,345445.344862883,0.12016199401114136,0.014591063023544848,0.10404963599285111,0.0014057960361242294
948,0,16,0.09497265901882201,0.0024252940202131867,345445.448898218,345445.541445583,345445.449000218,345445.463595181,345445.539968387,345445.539976987,0.09254736499860883,0.014594962995033711,0.07637320598587394,0.0014685959904454648
949,0,16,0.09380036103539169,0.0025120930513367057,345445.644272922,345445.73556119,345445.644378721,345445.659343283,345445.734160593,345445.734168893,0.09128826798405498,0.01496456196764484,0.07481731002917513,0.0013922969810664654
950,0,16,0.09487165900645778,0.00261059298645705,345445.838404328,345445.930665394,345445.838509128,345445.854735487,345445.929269097,345445.929277097,0.09226106602000073,0.016226359002757818,0.07453360996441916,0.0013882970088161528
951,1,16,0.10415243497118354,0.002488593978341669,345446.033480733,345446.135144574,345446.033583832,345446.048792394,345446.133670078,345446.133678578,0.10166384099284187,0.015208562021143734,0.08487768401391804,0.001465995970647782
952,0,16,0.09625135600799695,0.002523594012018293,345446.237915413,345446.331643175,345446.238017613,345446.254532571,345446.330035879,345446.330050679,0.09372776199597865,0.016514957998879254,0.07550330797675997,0.0015924960025586188
953,0,16,0.09484165901085362,0.002625993045512587,345446.434624213,345446.526839879,345446.434728413,345446.449600275,345446.525435182,345446.525443482,0.09221566596534103,0.014871862018480897,0.07583490695105866,0.0013963970122858882
954,0,16,0.09450865996768698,0.002498093992471695,345446.629619018,345446.721629584,345446.629722017,345446.64444168,345446.720196988,345446.720205288,0.09201056597521529,0.01471966301323846,0.07575530803296715,0.001424296002369374
955,0,16,0.09551385702798143,0.0025494940346106887,345446.824488923,345446.917453286,345446.824591622,345446.840300782,345446.91606699,345446.91607529,0.09296436299337074,0.015709160012193024,0.0757662079995498,0.0013779959990642965
956,0,16,0.09433226095279679,0.0025618939544074237,345447.020332425,345447.112102792,345447.020437225,345447.035238787,345447.110612496,345447.110620496,0.09177036699838936,0.014801562007050961,0.0753737089689821,0.001482296036556363
957,0,16,0.09439956001006067,0.002557294035796076,345447.214933331,345447.306775597,345447.21503893,345447.230277892,345447.305320601,345447.305329301,0.09184226597426459,0.01523896201979369,0.07504270895151421,0.0014462959952652454
958,0,16,0.09570185700431466,0.0025171939632855356,345447.409638136,345447.502822799,345447.409743136,345447.424654998,345447.501148903,345447.501157503,0.09318466304102913,0.014911861973814666,0.07649390498409048,0.001665296033024788
959,0,16,0.12655477796215564,0.002614792960230261,345447.605744938,345447.729684923,345447.605850837,345447.620965199,345447.728078227,345447.728086527,0.12393998500192538,0.01511436200235039,0.10711302800336853,0.0015983960474841297
960,0,16,0.09441585995955393,0.0024730939185246825,345447.832480962,345447.924423728,345447.832586861,345447.847443724,345447.922839232,345447.922847732,0.09194276604102924,0.014856863010209054,0.0753955080290325,0.0015759959933348
961,0,16,0.09522695798659697,0.0025267929886467755,345448.027237167,345448.119937332,345448.027341067,345448.043328026,345448.118402735,345448.118410735,0.0927001649979502,0.015986959042493254,0.07507470896234736,0.0015265970141626894
962,0,16,0.0944184610270895,0.002576794067863375,345448.22283217,345448.314673837,345448.22294567,345448.238049132,345448.31324624,345448.31325444,0.09184166695922613,0.015103461977560073,0.0751971080317162,0.001419396954588592
963,0,16,0.09383876103674993,0.0025410930393263698,345448.417520976,345448.508818644,345448.417661875,345448.432366038,345448.507389847,345448.507398247,0.09129766799742356,0.014704162953421474,0.07502380904043093,0.0014203969622030854
964,0,16,0.09465316601563245,0.002453494060318917,345448.611578683,345448.703778355,345448.611682182,345448.626878544,345448.702364059,345448.702372459,0.09219967195531353,0.015196361986454576,0.07548551500076428,0.0014058959786780179
965,0,16,0.09444696799619123,0.002605793997645378,345448.806678203,345448.898519377,345448.806779802,345448.821827465,345448.89709128,345448.89709988,0.09184117399854586,0.015047663007862866,0.07526381500065327,0.0014194970135577023
966,0,16,0.09472506697056815,0.0025937939644791186,345449.001498524,345449.093629797,345449.001608424,345449.016826486,345449.092210101,345449.092218601,0.09213127300608903,0.0152180619770661,0.07538361503975466,0.0014111959608271718
967,0,16,0.09521746600512415,0.002580894040875137,345449.196453445,345449.289090017,345449.196558245,345449.211797207,345449.287521421,345449.287529621,0.09263657196424901,0.01523896201979369,0.07572421396616846,0.0015603959909640253
968,1,16,0.10713363601826131,0.0025799929862841964,345449.391897165,345449.496450808,345449.392003664,345449.407353627,345449.494957311,345449.494968011,0.10455364303197712,0.015349962981417775,0.08760368404909968,0.0014827970298938453
969,0,16,0.12357979599619284,0.0025718939723446965,345449.599434855,345449.720442757,345449.599539854,345449.615291516,345449.718987861,345449.718996361,0.12100790202384815,0.01575166202383116,0.10369634500239044,0.0014463959960266948
970,0,16,0.09468666702741757,0.002499294001609087,345449.823213405,345449.915400778,345449.823318105,345449.838391268,345449.913972682,345449.913980682,0.09218737302580848,0.015073162969201803,0.07558141404297203,0.0014200960285961628
971,0,16,0.09423496795352548,0.002582393935881555,345450.018282226,345450.1099348,345450.018388925,345450.033494188,345450.108509604,345450.108518104,0.09165257401764393,0.015105262980796397,0.07501541601959616,0.0014166960027068853
972,0,16,0.09423236805014312,0.0025675930082798004,345450.212766848,345450.304431623,345450.212872248,345450.227916311,345450.303002326,345450.303010926,0.09166477504186332,0.01504406298045069,0.07508601498557255,0.0014206970226950943
973,0,16,0.09535946603864431,0.002573794045019895,345450.40726517,345450.500050842,345450.40737477,345450.422653932,345450.498586246,345450.498594946,0.09278567199362442,0.015279162034858018,0.07593231397913769,0.0014558960101567209
974,0,16,0.0963556639617309,0.002465394965838641,345450.60281979,345450.696710059,345450.602923189,345450.619417149,345450.695294662,345450.695302562,0.09389026899589226,0.016493959992658347,0.07587751297978684,0.0014074970385991037
975,0,16,0.09481136704562232,0.0025190929882228374,345450.799547406,345450.89183968,345450.799652206,345450.814825869,345450.890418683,345450.890426883,0.09229227405739948,0.015173662977758795,0.07559281401336193,0.0014127970207482576
976,0,16,0.09462686796905473,0.0025490939733572304,345450.994653227,345451.086731001,345450.994788327,345451.00998089,345451.085301605,345451.085309905,0.0920777739956975,0.015192563005257398,0.07532071496825665,0.0014210959780029953
977,0,16,0.09505186701426283,0.002660194062627852,345451.189716948,345451.282108621,345451.189823748,345451.20526041,345451.280666025,345451.280674625,0.09239167295163497,0.015436661953572184,0.07540561503265053,0.001433995959814638
978,0,16,0.0948937670327723,0.002529794059228152,345451.384879369,345451.477243342,345451.384984468,345451.400269931,345451.475755546,345451.475764446,0.09236397297354415,0.015285463014151901,0.07548561500152573,0.0014788959524594247
979,0,16,0.09537796600488946,0.0025503940414637327,345451.580085789,345451.672913361,345451.580191589,345451.595179052,345451.671506265,345451.671514365,0.09282757196342573,0.014987462956923991,0.07632721302798018,0.0013989959843456745
980,0,16,0.11277242301730439,0.0025455940049141645,345451.775770109,345451.885996938,345451.775875009,345451.79167087,345451.884480042,345451.884488442,0.11022682901239023,0.015795860963407904,0.09280917199794203,0.0015084960032254457
981,0,16,0.12330049701267853,0.002499594003893435,345451.988748886,345452.109549789,345451.988854686,345452.004302948,345452.108122893,345452.108131493,0.1208009030087851,0.015448262041900307,0.10381994501221925,0.0014182960148900747
982,0,16,0.09644786297576502,0.0024712939630262554,345452.212353437,345452.306330006,345452.212459736,345452.2275236,345452.30488821,345452.30489671,0.09397656901273876,0.015063864004332572,0.07736461004242301,0.0014332960126921535
983,0,16,0.0967670630197972,0.0026070940075442195,345452.409260553,345452.503420522,345452.409366653,345452.42675091,345452.501973526,345452.501981626,0.09415996901225299,0.01738425699295476,0.07522261602571234,0.0014388960553333163
984,3,16,0.12211980094434693,0.0024841949925757945,345452.60620277,345452.725838376,345452.606305269,345452.621824631,345452.72421688,345452.72422568,0.11963560595177114,0.015519362001214176,0.1023922489839606,0.0016126959817484021
985,0,16,0.09629146399674937,0.002503794035874307,345452.828686023,345452.922473693,345452.828791523,345452.844525585,345452.920998597,345452.921006997,0.09378766996087506,0.015734062006231397,0.07647301198448986,0.0014666959759779274
986,1,16,0.1222823989810422,0.002605593006592244,345453.025359441,345453.145036247,345453.02546584,345453.040996302,345453.143406551,345453.143415751,0.11967680597444996,0.015530461969319731,0.10241024900460616,0.0016204959829337895
987,0,16,0.0951617670361884,0.002531794016249478,345453.247896494,345453.340526467,345453.248001694,345453.263498656,345453.339047471,345453.339055971,0.09262997301993892,0.015496962005272508,0.07554881501710042,0.0014704960049130023
988,0,16,0.09508036699844524,0.0025759940035641193,345453.443393714,345453.535898087,345453.443499614,345453.459062176,345453.534371791,345453.534380291,0.09250437299488112,0.015562561980914325,0.0753096150001511,0.0015177960158325732
989,0,16,0.09500516601838171,0.00245959305902943,345453.638742835,345453.731288408,345453.638847135,345453.654739096,345453.729793711,345453.729802111,0.09254557295935228,0.015891960996668786,0.0750546149793081,0.0014862969983369112
990,0,16,0.09488976700231433,0.0025698929675854743,345453.834168755,345453.926488629,345453.834274755,345453.849651317,345453.924964132,345453.924972232,0.09231987403472885,0.01537656201981008,0.07531281502451748,0.001516396994702518
991,0,16,0.09481756697641686,0.002585792972240597,345454.029368876,345454.12160065,345454.029472576,345454.044817938,345454.120160953,345454.120169253,0.09223177400417626,0.015345362015068531,0.07534301502164453,0.0014313970459625125
992,0,16,0.09454316803021356,0.002598393999505788,345454.224592197,345454.316536971,345454.224699897,345454.239984059,345454.315054575,345454.315063175,0.09194477403070778,0.015284162014722824,0.07507051597349346,0.0014737960300408304
993,0,16,0.12424059503246099,0.0027946930495090783,345454.419630618,345454.54107652,345454.419737418,345454.435460479,345454.539586124,345454.539618224,0.12144590198295191,0.015723060991149396,0.10412564501166344,0.001458295970223844
994,0,16,0.09724566095974296,0.0024704939569346607,345454.643854568,345454.738629735,345454.643956468,345454.660134228,345454.737178739,345454.737187139,0.0947751670028083,0.0161777600296773,0.07704451098106802,0.0014425960252992809
995,0,16,0.09437946800608188,0.002571893041022122,345454.841459083,345454.933266658,345454.841561883,345454.857524644,345454.931815561,345454.931823561,0.09180757496505976,0.015962761011905968,0.07429091702215374,0.0014430969604291022
996,0,16,0.0953607659903355,0.002411493973340839,345455.035928406,345455.128877678,345455.036032106,345455.052121166,345455.127464381,345455.127473081,0.09294927201699466,0.01608905999455601,0.07534321496495977,0.001404597016517073
997,0,16,0.09484766802052036,0.0025882950285449624,345455.231675326,345455.323934699,345455.231780525,345455.247251387,345455.322466003,345455.322474003,0.0922593729919754,0.015470861981157213,0.07521461602300406,0.0014606959884986281
998,3,16,0.12264039902947843,0.002523494011256844,345455.426838647,345455.546955552,345455.426944946,345455.442386008,345455.545369856,345455.545378556,0.12011690501822159,0.015441061987075955,0.10298384801717475,0.0015769960009492934
999,3,16,0.12171790096908808,0.0024459929554723203,345455.649576,345455.768847908,345455.6496779,345455.664927262,345455.767259011,345455.767267311,0.11927190801361576,0.015249361982569098,0.10233174898894504,0.001580597017891705
1000,0,16,0.09605536400340497,0.002512692997697741,345455.871671055,345455.965213726,345455.871775455,345455.888013415,345455.96357423,345455.96358223,0.09354267100570723,0.016237959964200854,0.07556081499205902,0.0016314960084855556
