request_id,num_generated_notes,generation_start_tick,round_trip_time,total_network_latency,server_request_arrival_time,server_response_output_time,server_preprocess_start_time,server_inference_start_time,server_inference_end_time,server_postprocess_start_time,server_processing_duration,preprocess_duration,inference_duration,postprocess_duration
1,0,16,1.0184042969999894,0.0035012569999821608,213.040517081,214.055420121,213.04064891,213.215506852,214.053607615,214.053616498,1.0149030400000072,0.17485794200001692,0.8381007629999999,0.001803623000000698
2,6,16,0.3179870410000092,0.002488007000010839,214.158998117,214.474497151,214.159108144,214.161273844,214.472409681,214.472418261,0.31549903399999835,0.0021657000000061544,0.3111358369999948,0.00207889000000705
3,1,16,0.29291660200001957,0.002427643000032731,214.577880533,214.868369492,214.578005296,214.581048885,214.866392249,214.86640093,0.29048895899998683,0.00304358900001489,0.28534336399999916,0.001968562000001839
4,0,16,0.268257804000001,0.002500423000014962,214.971287331,215.237044712,214.971395843,214.974312245,215.235156299,215.235165081,0.265757380999986,0.002916401999982554,0.2608440540000174,0.0018796310000084304
5,0,16,0.262193136999997,0.002461963000001788,215.340441519,215.600172693,215.340549122,215.343591499,215.598362105,215.598370887,0.25973117399999524,0.003042377000014085,0.2547706059999939,0.0018018060000031255
6,0,16,0.2996877580000046,0.0025433220000081747,215.70350308,216.000647516,215.703614519,215.707367322,215.998500288,215.99850907,0.2971444359999964,0.0037528029999975843,0.29113296599999217,0.002138445999975147
7,1,16,0.28722885199999837,0.0024493459999916922,216.103998091,216.388777597,216.10410943,216.107201672,216.386722529,216.38673121,0.2847795060000067,0.0030922420000081274,0.2795208569999943,0.002046387000007144
8,0,16,0.271704351000011,0.0024847760000170638,216.491974034,216.761193609,216.492082244,216.495305104,216.759198399,216.759207484,0.26921957499999394,0.003222860000022365,0.2638932950000026,0.001986125000001948
9,0,16,0.2703660680000155,0.0024244130000283803,216.864572044,217.132513699,216.864680556,216.868148301,217.130532217,217.130540999,0.2679416549999871,0.003467744999994693,0.26238391600000455,0.0019726999999818418
10,0,16,0.26209330599999703,0.0025230329999885726,217.235697115,217.495267388,217.235805425,217.239124079,217.493427326,217.493436107,0.25957027300000846,0.003318653999997423,0.25430324699999574,0.0018312809999940782
11,0,16,0.27066202899999325,0.002471249999985048,217.598490373,217.866681152,217.598599895,217.602013232,217.864613466,217.86462245,0.2681907790000082,0.003413336999983585,0.2626002340000184,0.002058701999999357
12,0,16,0.2616310950000127,0.0025210139999956027,217.970178799,218.22928888,217.970292762,217.973694289,218.22731406,218.227323044,0.2591100810000171,0.0034015269999940756,0.25361977099998967,0.0019658360000107677
13,0,16,0.26235798700000146,0.0023877599999764243,218.332558601,218.592528828,218.332665801,218.33606864,218.590646683,218.590655434,0.25997022700002503,0.003402839000017366,0.2545780429999809,0.0018733940000004168
14,0,16,0.26294526599997425,0.0023860479999484596,218.695553648,218.956112866,218.695656038,218.699087811,218.954177917,218.954187069,0.2605592180000258,0.003431772999988425,0.2550901060000115,0.001925797000012608
15,0,16,0.26715562600000453,0.0024350310000045283,219.058926267,219.323646862,219.059034189,219.06271208,219.321604695,219.321613446,0.264720595,0.003677891000023692,0.2588926149999793,0.002033416000017496
16,0,16,0.27614079800000013,0.002494776000020238,219.426836532,219.700482554,219.426947169,219.430424103,219.698570638,219.69857959,0.2736460219999799,0.0034769340000195825,0.26814653499999963,0.0019029639999814663
17,0,16,0.2654706170000054,0.0023974140000007083,219.803237318,220.066310521,219.803345944,219.806824185,220.064404841,220.064413893,0.2630732030000047,0.0034782410000104846,0.2575806559999876,0.0018966279999972357
18,0,16,0.26807633100000317,0.002408175999988771,220.169125431,220.434793586,220.169235163,220.172834603,220.432889917,220.43289897,0.2656681550000144,0.0035994400000163296,0.2600553139999988,0.0018946160000155032
19,5,16,0.3369606360000148,0.002657211000013149,220.538119742,220.872423167,220.538229374,220.541881115,220.870133474,220.87014323,0.33430342500000165,0.003651740999998765,0.32825235900000393,0.0022799369999972896
20,0,16,0.2673653340000044,0.0025240429999939806,220.975539514,221.240380805,220.975648643,220.979535539,221.238445051,221.238453701,0.2648412910000104,0.003886896000011575,0.25890951200000245,0.00192710400000351
21,1,16,0.2726582310000083,0.0024123999999972057,221.343473817,221.613719648,221.34358194,221.347086231,221.611647609,221.61165636,0.2702458310000111,0.003504290999984505,0.26456137799999624,0.002063287999988006
22,0,16,0.2677714749999893,0.0024298009999768055,221.716782889,221.982124563,221.716893124,221.720480092,221.98020279,221.980211641,0.2653416740000125,0.003586968000007573,0.25972269799999026,0.0019129220000024816
23,0,16,0.26282527399999367,0.0024684219999926427,222.085248956,222.345605808,222.085361103,222.088917394,222.343673977,222.343682527,0.260356852000001,0.0035562909999953263,0.2547565830000167,0.0019232809999891742
24,2,16,0.28652442699998915,0.002410588999993024,222.448773048,222.732886886,222.448880668,222.452320689,222.730851156,222.730860007,0.2841138379999961,0.0034400210000171683,0.27853046699999595,0.0020268789999988712
25,1,16,0.2703261940000061,0.0024222570000063115,222.835968533,223.10387247,222.836076052,222.839844868,223.101919417,223.101928067,0.2679039369999998,0.003768815999990238,0.2620745490000047,0.0019444030000101975
26,0,16,0.26199730400000476,0.002409685000003492,223.206844888,223.466432507,223.206955525,223.210401279,223.464585264,223.464594115,0.25958761900000127,0.0034457539999834808,0.2541839849999974,0.0018383919999962473
27,0,16,0.3100170890000129,0.0024246700000105648,223.569239572,223.876831991,223.569349807,223.572969765,223.874425223,223.874433873,0.30759241900000234,0.0036199580000015885,0.3014554579999924,0.002398118000002114
28,0,16,0.2667217259999859,0.0024397579999799746,223.979545718,224.243827686,223.979653539,223.983103216,224.241838122,224.241846672,0.2642819680000059,0.0034496769999918797,0.2587349060000008,0.0019810139999947296
29,0,16,0.2925876619999883,0.002471740999993699,224.346894346,224.637010267,224.347002771,224.350547998,224.634932596,224.634941749,0.2901159209999946,0.0035452269999893815,0.2843845980000026,0.002068517999987307
30,0,16,0.26817600500001504,0.0024530340000126216,224.740122792,225.005845763,224.740233128,224.744097092,225.003887379,225.003896331,0.2657229710000024,0.0038639640000042164,0.2597902869999871,0.001949432000003526
31,3,16,0.35908823299999426,0.0025261549999697763,225.108626677,225.465188755,225.108738522,225.112528761,225.462068677,225.462077629,0.3565620780000245,0.0037902389999828756,0.3495399159999977,0.0031111260000216134
32,6,16,0.3601043870000069,0.0024837100000070222,225.568097505,225.925718182,225.568206835,225.571751962,225.922616008,225.922624758,0.3576206769999999,0.0035451269999953183,0.3508640459999981,0.0030934239999851343
33,0,16,0.2675967680000042,0.0024582640000119227,226.028796007,226.293934511,226.028903326,226.032508096,226.291993225,226.292002177,0.2651385039999923,0.003604769999981272,0.2594851290000122,0.001932334000002811
34,1,16,0.2722322369999972,0.0024338199999931476,226.396726086,226.666524503,226.396834008,226.4007549,226.66444698,226.664456543,0.26979841700000406,0.0039208919999964564,0.26369207999999844,0.002067960000005087
35,0,16,0.27929727800000137,0.0025030109999875094,226.772199493,227.04899376,226.772310988,226.776049899,227.046925485,227.046934837,0.27679426700001386,0.0037389109999992343,0.2708755860000167,0.002058922999992774
36,0,16,0.2784855000000164,0.002471381000020756,227.154299798,227.430313917,227.154411503,227.158217563,227.428313527,227.428322774,0.2760141189999956,0.003806059999988065,0.27009596400000646,0.001991142999997919
37,1,16,0.31518672499998956,0.002568793999984109,227.533193657,227.845811588,227.533310826,227.537157659,227.84357896,227.843588838,0.31261793100000546,0.0038468330000114292,0.3064213010000003,0.002222750000015594
38,1,16,0.2879305049999914,0.0026430880000134493,227.950560152,228.235847569,227.950685413,227.954517849,228.233628707,228.233638059,0.28528741699997795,0.003832436000010375,0.2791108579999957,0.0022095100000001366
39,0,16,0.279373779999986,0.002546515999966914,228.341576993,228.618404257,228.341689643,228.345556442,228.616265469,228.616275032,0.2768272640000191,0.003866799000007859,0.27070902700000943,0.0021292250000044532
40,0,16,0.2770600269999761,0.0025814039999829674,228.724750737,228.99922936,228.724867381,228.728988905,228.997175481,228.997184939,0.27447862299999315,0.004121523999998544,0.26818657600000506,0.00204442099999369
41,0,16,0.27730529400000137,0.0026274310000076184,229.102358675,229.377036538,229.102471746,229.105117147,229.375039615,229.375048968,0.27467786299999375,0.0026454009999952177,0.2699224680000043,0.001987570000011374
42,0,16,0.2654887039999778,0.0024734459999820047,229.481829604,229.744844862,229.481932609,229.484710752,229.742855794,229.74286514,0.2630152579999958,0.0027781430000004548,0.25814504199999533,0.0019797220000157267
43,0,16,0.26457672600000137,0.002425310000006675,229.847875904,230.11002732,229.847984136,229.850639877,230.108120959,230.108129903,0.2621514159999947,0.002655740999983891,0.2574810819999982,0.0018974170000092272
44,0,16,0.2642669900000101,0.002408108000025777,230.212955055,230.474813937,230.213064895,230.215606576,230.472761663,230.472770456,0.2618588819999843,0.0025416809999967427,0.257155087000001,0.0020434809999869685
45,3,16,0.2784867500000132,0.0022741190000203915,230.577316007,230.853528638,230.577417461,230.579924626,230.851476238,230.851484877,0.2762126309999928,0.002507164999997258,0.2715516119999961,0.002043761000010136
46,0,16,0.2530817470000102,0.002341978000004019,230.956027464,231.206767233,230.956132181,230.958612472,231.204926092,231.204935114,0.25073976900000616,0.0024802910000119027,0.24631361999999513,0.0018321189999994658
47,0,16,0.25300215900000467,0.0023229869999852326,231.30932864,231.560007812,231.309431246,231.311995905,231.558133786,231.558142373,0.25067917200001943,0.002564659000000802,0.24613788100000988,0.0018654389999994692
48,0,16,0.25293469900000787,0.00231640999999172,231.662593459,231.913211748,231.662699496,231.665441018,231.911356922,231.911371395,0.25061828900001615,0.00274152200000799,0.2459159040000145,0.0018403530000057344
49,0,16,0.24855717799999866,0.002311294999998381,232.015741819,232.261987702,232.015846312,232.01879354,232.260157383,232.260165874,0.24624588300000028,0.0029472279999822604,0.24136384300001623,0.0018218280000041887
50,3,16,0.3037175389999902,0.00231804300000249,232.364530123,232.665929619,232.364631046,232.367209123,232.663734089,232.663742522,0.3013994959999877,0.002578077000009671,0.2965249659999927,0.002187096999989535
51,0,16,0.2590511079999942,0.002319591999992099,232.768451774,233.02518329,232.768559263,232.771163231,233.023143615,233.023151853,0.2567315160000021,0.002603968000016721,0.25198038400000655,0.002031436999999414
52,0,16,0.2523697289999802,0.002324147999985371,233.127711939,233.37775752,233.12781274,233.13047147,233.375897058,233.375905297,0.25004558099999485,0.002658730000007381,0.24542558799998915,0.0018522229999859974
53,1,16,0.28986371199999894,0.0025858829999947375,233.480560241,233.76783807,233.480672244,233.483663904,233.765714988,233.765723454,0.2872778290000042,0.00299165999999218,0.28205108400001677,0.002114616000000069
54,2,16,0.29292455899999936,0.002948553000010179,233.870413079,234.160389085,233.870518464,233.873127215,234.158319717,234.158328183,0.2899760059999892,0.0026087509999968006,0.285192502000001,0.002060901999982434
55,0,16,0.2558637639999972,0.002302570000011883,234.263543373,234.517104567,234.263648467,234.266665622,234.515246086,234.515254581,0.25356119399998533,0.0030171550000090974,0.24858046399998557,0.0018499859999963064
56,0,16,0.25372781499999064,0.002359649999988278,234.619733537,234.871101702,234.619836455,234.622442214,234.869043655,234.869052466,0.25136816500000236,0.002605758999976615,0.24660144100002412,0.0020492360000048393
57,4,16,0.29396072199998,0.0023569329999872934,234.973695058,235.265298847,234.973801683,234.976487697,235.263021908,235.263030224,0.29160378899999273,0.0026860140000053434,0.28653421100000287,0.002268622999991976
58,0,16,0.2561344510000083,0.0023608710000075916,235.36797289,235.62174647,235.368078327,235.370888588,235.619778026,235.619786665,0.2537735800000007,0.0028102610000075856,0.24888943799999197,0.001959805000012693
59,0,16,0.25770149499999206,0.0023791330000051403,235.724417175,235.979739537,235.724526698,235.727258133,235.977788072,235.977796711,0.2553223619999869,0.002731434999986959,0.2505299390000175,0.001942826000004061
60,0,16,0.2724472540000136,0.0023678130000064357,236.082382935,236.352462376,236.082490473,236.085313359,236.350496612,236.35050545,0.27007944100000714,0.0028228859999899214,0.26518325300000356,0.001956925999991199
61,0,16,0.2574394039999959,0.002392563999990216,236.455013031,236.710059871,236.455117788,236.458456915,236.708096475,236.708105036,0.25504684000000566,0.0033391270000038276,0.24963955999999143,0.001954834999992272
62,0,16,0.2672939230000111,0.0023624080000104186,236.812623364,237.077554879,236.812731081,236.815546158,237.075490536,237.075499098,0.2649315150000007,0.0028150769999797376,0.25994437800000014,0.0020557809999957044
63,0,16,0.25869527999998354,0.0023390119999930903,237.180089701,237.436445969,237.180197318,237.183337537,237.434410795,237.434419754,0.25635626799999045,0.0031402189999880648,0.25107325799999103,0.002026215000000775
64,1,16,0.2748497129999805,0.002420636999971748,237.539031344,237.81146042,237.539141001,237.54204856,237.809417346,237.809426027,0.27242907600000876,0.00290755900002182,0.2673687859999916,0.00203439300000241
65,0,16,0.26045180900001697,0.0022922210000331233,237.913955458,238.172115046,237.914057332,237.916847052,238.170202882,238.170211662,0.25815958799998384,0.0027897200000097655,0.25335583000000383,0.0019033839999735847
66,0,16,0.2577876390000142,0.002434436000015694,238.274761748,238.530114951,238.274878689,238.277785449,238.528143821,238.528152619,0.25535320299999853,0.0029067600000018956,0.2503583719999938,0.0019623320000050626
67,0,16,0.2583555670000237,0.0023499389999983578,238.632758764,238.888764392,238.632867039,238.635696364,238.886827954,238.886836452,0.25600562800002535,0.002829325000021754,0.25113158999999996,0.0019279400000016267
68,0,16,0.2760982350000063,0.0025122010000018236,238.991460093,239.265046127,238.991565768,238.994792198,239.262989518,239.262997516,0.2735860340000045,0.003226430000012215,0.26819732000001295,0.0020486109999922064
69,0,16,0.26625935800001344,0.0023552730000346855,239.367767522,239.631671607,239.367869598,239.370763808,239.629561073,239.629569887,0.26390408499997875,0.002894209999993791,0.25879726499999833,0.0021017199999846525
70,0,16,0.25914947100000063,0.002388646999975208,239.73447885,239.991239674,239.734587611,239.737488218,239.989266745,239.989275758,0.2567608240000254,0.002900607000015043,0.25177852699999903,0.0019639160000224365
71,0,16,0.2581992599999978,0.0024134829999979956,240.093990132,240.349775909,240.094098693,240.097014723,240.34782371,240.347832323,0.2557857769999998,0.0029160299999944073,0.2508089869999992,0.0019435859999816785
72,3,16,0.29252796399998715,0.0024091199999816126,240.452546597,240.742665441,240.452652555,240.455871834,240.74053979,240.740548215,0.29011884400000554,0.003219279000006736,0.28466795600002115,0.002117226000024175
73,0,16,0.2675165779999986,0.0024459070000091288,240.845582032,241.110652703,240.845692061,240.84860707,241.108642697,241.108651122,0.2650706709999895,0.0029150090000200635,0.2600356269999793,0.0020015810000018064
74,0,16,0.2580635740000048,0.0024839510000163045,241.213535393,241.469115016,241.213645722,241.216582396,241.467149466,241.467158002,0.2555796229999885,0.0029366740000114078,0.25056706999998823,0.0019570139999984804
75,1,16,0.2961121890000129,0.002356802000008429,241.571966597,241.865721984,241.572076268,241.575373343,241.863557586,241.863566205,0.2937553870000045,0.003297075000006089,0.28818424300001766,0.002155778999991753
76,0,16,0.2596055289999981,0.0023503629999765963,241.968309665,242.225564831,241.968418648,241.971352464,242.22356569,242.223574409,0.2572551660000215,0.002933815999995204,0.25221322599998075,0.001990422000005765
77,1,16,0.2783032720000165,0.002381903000014063,242.328123978,242.604045347,242.328227413,242.331514829,242.601936748,242.601945873,0.2759213690000024,0.0032874160000062602,0.27042191900000034,0.002099474000004875
78,0,16,0.2653600900000015,0.0023921359999974356,242.706713339,242.969681293,242.706818184,242.709836066,242.967672305,242.967681071,0.26296795400000406,0.0030178819999946427,0.2578362389999995,0.0020002220000208126
79,0,16,0.2920256789999769,0.0023950869999680435,243.072772028,243.36240262,243.07287883,243.075930449,243.360346075,243.360354941,0.28963059200000885,0.003051618999990069,0.2844156259999977,0.0020476790000145684
80,3,16,0.30972688899998957,0.002451651999990645,243.465530634,243.772805871,243.465654286,243.468794293,243.770459514,243.770468893,0.3072752369999989,0.0031400070000131564,0.3016652210000075,0.002336978000016643
81,0,16,0.2666744050000034,0.0023895239999944806,243.876023995,244.140308876,243.876132719,243.879414735,244.138362723,244.138371397,0.2642848810000089,0.0032820160000142096,0.2589479879999885,0.0019374790000199482
82,0,16,0.2595135560000017,0.0024815639999928862,244.243436329,244.500468321,244.243540817,244.246865395,244.498536006,244.498544788,0.2570319920000088,0.003324577999990197,0.25167061100000865,0.001923532999995814
83,0,16,0.2777198599999906,0.0023798109999688677,244.60363771,244.878977759,244.603745924,244.60678552,244.876965192,244.876974075,0.27534004900002174,0.003039595999979383,0.2701796720000118,0.0020036840000159373
84,1,16,0.26918696599997816,0.00242493299998614,244.98213766,245.248899693,244.982246581,244.985375312,245.246780223,245.246789207,0.266762032999992,0.0031287310000038815,0.26140491099999963,0.0021104859999923065
85,0,16,0.2625385270000038,0.002429341999999224,245.352120564,245.612229749,245.352229788,245.355643289,245.610150579,245.61015957,0.2601091850000046,0.0034135010000113652,0.2545072899999923,0.002070178999986183
86,0,16,0.26514470600000095,0.0024874080000074628,245.715433225,245.978090523,245.715540613,245.718717508,245.976124297,245.976133086,0.2626572979999935,0.0031768949999957385,0.2574067890000151,0.0019574369999872943
87,0,16,0.2665197409999962,0.0024323499999923115,246.081348754,246.345436145,246.081457253,246.085172605,246.343477294,246.343486285,0.2640873910000039,0.0037153520000003937,0.25830468899999914,0.0019498599999963062
88,1,16,0.3079178100000206,0.0023654560000352376,246.448567085,246.754119439,246.448674474,246.452152824,246.75189492,246.751903613,0.30555235399998537,0.0034783499999946343,0.299742096000017,0.002215825999996923
89,0,16,0.2610641619999967,0.0024439889999996467,246.857373129,247.115993302,246.857482814,246.860999485,247.114046582,247.114055175,0.25862017299999707,0.00351667099999986,0.2530470969999783,0.0019381269999882988
90,3,16,0.30182253499998524,0.0024310589999743115,247.218953321,247.518344797,247.219058254,247.222218881,247.516196556,247.516205558,0.2993914760000109,0.0031606269999997494,0.2939776750000078,0.0021392390000016803
91,0,16,0.26198369100001173,0.0023902960000157236,247.621595824,247.881189219,247.621714171,247.625198817,247.879139802,247.879148299,0.259593394999996,0.003484646000003977,0.25394098499998563,0.0020409199999846805
92,0,16,0.29438381899998944,0.0023986909999962336,247.984475548,248.276460676,247.984583678,247.98775506,248.274302118,248.274310817,0.2919851279999932,0.0031713820000049964,0.28654705799999647,0.0021498589999850992
93,5,16,0.3084285950000094,0.0024331420000009985,248.379714536,248.685709989,248.379820238,248.383325924,248.683481101,248.683489804,0.3059954530000084,0.0035056859999826884,0.3001551770000219,0.0022201849999987644
94,0,16,0.26239706900000215,0.0024481939999816404,248.788463023,249.048411898,248.788572423,248.792392623,249.046185539,249.046194445,0.2599488750000205,0.0038202000000069347,0.25379291599998055,0.0022174530000143022
95,4,16,0.2909851180000089,0.0024337430000116456,249.151820826,249.440372201,249.151931947,249.155214052,249.43827365,249.438282916,0.2885513749999973,0.0032821049999824936,0.28305959800002256,0.002089285000010932
96,0,16,0.2651174120000235,0.0023540960000332234,249.542999282,249.805762598,249.543105942,249.545992741,249.803765862,249.803774734,0.26276331599999025,0.0028867989999810106,0.2577731210000138,0.0019878640000001724
97,0,16,0.25962541800001304,0.0024153010000134145,249.90830593,250.165516047,249.908412391,249.911374948,250.163638532,250.163647703,0.2572101169999996,0.002962556999989374,0.2522635839999907,0.0018683440000017981
98,3,16,0.3530217759999914,0.002409967999994933,250.268113308,250.618725116,250.26821937,250.271742639,250.616328099,250.616337174,0.35061180799999647,0.0035232689999986633,0.34458545999999046,0.0023879420000127993
99,1,16,0.27419153200000324,0.0025053260000049704,250.7213122,250.992998406,250.721417107,250.724381143,250.991003189,250.991012194,0.27168620599999826,0.0029640359999802968,0.26662204600000905,0.001986211999991383
100,2,16,0.2937826369999925,0.0024581509999848095,251.096267848,251.387592334,251.096381178,251.09974091,251.385468001,251.38547731,0.2913244860000077,0.003359732000006943,0.28572709099998406,0.0021150240000054055
101,0,16,0.2758071480000126,0.0024477590000060445,251.490925645,251.764285034,251.491034459,251.494480372,251.762248946,251.762257853,0.27335938900000656,0.0034459130000072946,0.26776857400000154,0.0020271810000167534
102,1,16,0.2760828780000111,0.002429540000008501,251.867556035,252.141209373,251.86766333,251.871005794,252.139087145,252.139095951,0.2736533380000026,0.0033424640000134787,0.268081350999978,0.0021134220000078585
103,1,16,0.2854117069999802,0.0023887149999666235,252.244461648,252.52748464,252.244570057,252.248147964,252.52474636,252.524755675,0.2830229920000136,0.0035779069999932744,0.27659839599999714,0.0027289650000170695
104,0,16,0.2673295909999922,0.0024694539999927656,252.630891159,252.895751296,252.631002031,252.634379317,252.893754693,252.893763502,0.26486013699999944,0.003377285999988544,0.2593753760000084,0.0019877939999730643
105,1,16,0.2922715910000022,0.0024643909999895186,252.9990516,253.2888588,252.999159435,253.002538948,253.286726518,253.286735327,0.2898072000000127,0.003379512999998724,0.2841875700000003,0.0021234730000116997
106,0,16,0.2684695599999998,0.002423623999987967,253.39220315,253.658249086,253.392308756,253.395889358,253.656236259,253.656245071,0.2660459360000118,0.003580601999999544,0.26034690099999125,0.00200401500001135
107,0,16,0.267970350000013,0.002463317000007237,253.761659079,254.027166112,253.761768765,253.765164966,254.02486474,254.024873957,0.2655070330000058,0.0033962009999868314,0.259699774000012,0.0022921549999921353
108,0,16,0.2938837920000026,0.002514867000002141,254.130444948,254.421813873,254.130555039,254.134076118,254.419636974,254.419645988,0.29136892500000044,0.0035210789999950975,0.2855608560000178,0.002167884999977332
109,0,16,0.27779661499999975,0.0024228560000096877,254.525241603,254.800615362,254.525352934,254.528993448,254.79842449,254.7984331,0.27537375899999006,0.003640513999982886,0.2694310420000079,0.002182261999990942
110,2,16,0.31013627499999075,0.0024543619999803923,254.903887145,255.211569058,254.903994526,254.907402246,255.209264625,255.20927354,0.30768191300001035,0.0034077200000126595,0.30186237899999924,0.002295518000011043
111,1,16,0.2764092220000123,0.00243894300001557,255.314980639,255.588950918,255.315090653,255.318592078,255.586890514,255.586899532,0.2739702789999967,0.003501424999996061,0.26829843600000913,0.0020513860000050954
112,0,16,0.2658911949999947,0.0024368189999961487,255.692412982,255.955867358,255.692524133,255.69594105,255.953822456,255.953830967,0.26345437599999855,0.0034169169999813676,0.25788140600002407,0.0020363910000185115
113,0,16,0.28675816700001633,0.0024135140000112187,256.059197296,256.343541949,256.059307333,256.062999747,256.341045349,256.341054266,0.2843446530000051,0.003692413999999644,0.27804560200002015,0.0024876829999698202
114,1,16,0.2752730100000349,0.0023786110000401095,256.446807041,256.71970144,256.446910187,256.45038729,256.71726399,256.717273009,0.2728943989999948,0.003477102999966064,0.2668767000000116,0.0024284309999984544
115,0,16,0.2756955770000218,0.0025113280000255145,256.822939907,257.096124156,256.823047936,256.826863521,257.09394401,257.093952725,0.27318424899999627,0.003815584999983912,0.26708048899996584,0.002171430999965196
116,0,16,0.26725688699997363,0.002345101000003069,257.1994214,257.464333186,257.199529429,257.203149426,257.46231261,257.462321699,0.26491178599997056,0.003619996999987052,0.25916318400004457,0.0020114870000043084
117,0,16,0.2661057459999938,0.0023562250000281892,257.566892902,257.830642423,257.567000384,257.570863861,257.828628025,257.828636815,0.2637495209999656,0.003863477000038529,0.2577641639999797,0.0020056079999903886
118,0,16,0.2636062779999975,0.0024260480000179996,257.933312804,258.194493034,257.933417689,257.936927154,258.192530079,258.192539069,0.2611802299999795,0.0035094649999791727,0.25560292500000514,0.001953964999984237
119,5,16,0.32897644299998774,0.0023567439999965245,258.297138542,258.623758241,258.297246923,258.300910619,258.621476922,258.621485414,0.3266196989999912,0.0036636959999896135,0.320566303000021,0.002272827000012967
120,0,16,0.2979471170000352,0.0023784530000625637,258.726394995,259.021963659,258.726501193,258.730505564,259.019788723,259.019798203,0.2955686639999726,0.004004371000007723,0.2892831589999787,0.0021654560000001766
121,0,16,0.2668897030000039,0.0024729190000130075,259.124708979,259.389125763,259.124817484,259.128360628,259.387027366,259.387035937,0.2644167839999909,0.0035431439999911163,0.2586667379999881,0.002089825999973982
122,4,16,0.310632720000001,0.0024016070000243417,259.492372943,259.800604056,259.492480049,259.495990129,259.798361897,259.798370368,0.30823111299997663,0.0035100800000122945,0.30237176800000043,0.0022336879999897974
123,0,16,0.26638769699997056,0.0023673169999369748,259.90375971,260.16778009,259.903879624,259.907379417,260.165758395,260.165767472,0.2640203800000336,0.0034997930000031374,0.2583789779999961,0.002012617999980648
124,4,16,0.3189686649999999,0.002539362999982586,260.271139265,260.587568567,260.271249598,260.275141709,260.585286335,260.585295513,0.3164293020000173,0.0038921110000273984,0.3101446259999534,0.0022730539999997745
125,0,16,0.2727012949999903,0.0024329219999685847,260.690912327,260.9611807,260.69102368,260.6947066,260.959112096,260.959120972,0.2702683730000217,0.0036829200000170204,0.26440549599999486,0.002059728000006089
126,1,16,0.2752804680000054,0.002469535000045653,261.06440988,261.337220813,261.064523048,261.068200118,261.335112771,261.335121546,0.27281093299995973,0.003677069999980631,0.2669126530000199,0.0020992670000055114
127,1,16,0.2927210040000432,0.002371876000040629,261.440485597,261.730834725,261.440593016,261.444238819,261.728714203,261.72872255,0.29034912800000257,0.0036458030000403596,0.2844753839999612,0.0021121750000361317
128,1,16,0.2618099500000426,0.002303676000053656,261.833311922,262.092818196,261.833412854,261.836901325,262.090930814,262.090959021,0.25950627399998893,0.00348847099996874,0.2540294890000041,0.0018591749999927742
129,0,16,0.2529086879999909,0.0023413819999973384,262.195298272,262.445865578,262.195399683,262.198800846,262.443942505,262.443950852,0.25056730599999355,0.003401162999978169,0.24514165900001217,0.0019147259999954258
130,0,16,0.27276406700002553,0.0023059180000473134,262.548356027,262.818814176,262.548461768,262.552000168,262.816182635,262.816191036,0.2704581489999782,0.0035384000000249216,0.2641824670000119,0.002623139999968771
131,1,16,0.29506761199996845,0.0023467659999596435,262.921336131,263.214056977,262.92144023,262.925052503,263.211941489,263.211949794,0.2927208460000088,0.003612273000044297,0.2868889860000081,0.0021071829999641523
132,2,16,0.29270634499999915,0.0023270049999837283,263.316617462,263.606996802,263.316721948,263.320656078,263.604844584,263.604853421,0.2903793400000154,0.003934130000004643,0.28418850599996404,0.0021433810000530684
133,0,16,0.25673485999999457,0.0022897299999726783,263.709476242,263.963921372,263.709575103,263.713219754,263.961933275,263.961942987,0.2544451300000219,0.003644651000001886,0.24871352099995647,0.001978385000029448
134,1,16,0.26466763000001947,0.00230944399999089,264.066505501,264.328863687,264.066609606,264.070222694,264.326894819,264.326903462,0.2623581860000286,0.003613088000008702,0.2566721250000228,0.0019602250000048116
135,0,16,0.2668625270000007,0.0023284400000420646,264.431424315,264.695958402,264.431528031,264.435072946,264.6939168,264.693925388,0.2645340869999586,0.0035449149999635665,0.25884385400001975,0.0020330139999487074
136,5,16,0.3171295409999857,0.0023050970000326743,264.79843734,265.113261784,264.798543031,264.802188539,265.110929849,265.110938632,0.314824443999953,0.0036455079999768714,0.30874131000001626,0.0023231519999740158
137,0,16,0.25665304000000333,0.0023153980000074625,265.215759361,265.470097003,265.215863295,265.219504802,265.468106438,265.468115161,0.25433764199999587,0.003641506999997546,0.2486016359999894,0.0019818419999637626
138,4,16,0.288336261999973,0.0023512369999707516,265.572717514,265.858702539,265.572825618,265.576518405,265.856539772,265.856548397,0.2859850250000022,0.0036927869999772156,0.28002136700001756,0.002154141999994863
139,1,16,0.2680617100000404,0.002314288000036413,265.961264245,266.227011667,265.96136833,265.96513874,266.22495083,266.224959357,0.265747422000004,0.0037704099999587015,0.25981209000002536,0.0020523100000104932
140,0,16,0.2551326569999901,0.002310848000036003,266.329606402,266.582428211,266.329711272,266.33385245,266.580477829,266.580486682,0.2528218089999541,0.004141177999997581,0.24662537900002235,0.0019415289999642482
141,0,16,0.2534885579999582,0.0023396979999574796,266.685062059,266.936210919,266.685167025,266.688880386,266.934148082,266.934156384,0.2511488600000007,0.0037133609999955297,0.24526769599998488,0.002054535000013402
142,0,16,0.26127862100003085,0.0023151369999823146,267.038798173,267.297761657,267.038903371,267.042662562,267.295789464,267.295797864,0.25896348400004854,0.0037591909999719064,0.2531269020000195,0.001963793000015812
143,0,16,0.28842367300001115,0.002387725000005503,267.400389544,267.686425492,267.40049523,267.404238891,267.684308168,267.6843164,0.28603594800000565,0.0037436609999872417,0.2800692769999955,0.0021090920000119695
144,0,16,0.2541022430000339,0.002329585000040879,267.788966433,268.040739091,267.789071486,267.79287181,268.038696539,268.038704869,0.25177265799999304,0.0038003239999966354,0.24582472899999175,0.0020342219999633926
145,0,16,0.2618677220000336,0.002352908000034404,268.1433892,268.402904014,268.143494645,268.147204518,268.400879788,268.40088851,0.2595148139999992,0.003709873000047992,0.2536752699999738,0.0020155039999849578
146,0,16,0.258481033999999,0.0023488229999770738,268.505499043,268.761631254,268.505605084,268.509419025,268.759657062,268.759665808,0.2561322110000219,0.0038139409999757845,0.25023803699997416,0.0019654459999856044
147,0,16,0.2561023330000012,0.0023545230000081574,268.864234875,269.117982685,268.864341211,268.868169991,269.115825796,269.115834149,0.253747809999993,0.0038287799999920935,0.24765580500002216,0.0021485359999928733
148,7,16,0.3387865809999653,0.002380617999961032,269.220643012,269.557048975,269.220749643,269.224564369,269.554494588,269.55450306,0.33640596300000425,0.0038147260000300776,0.32993021900000485,0.0025459149999846886
149,4,16,0.3211965820000273,0.00236069300001418,269.659715121,269.97855101,269.659820737,269.663677687,269.976254455,269.976263322,0.31883588900001314,0.003856949999999415,0.31257676799998535,0.0022876879999671473
150,4,16,0.28458638600000086,0.0023756690000027447,270.081155579,270.363366296,270.081263658,270.085093219,270.361193584,270.361202156,0.2822107169999981,0.0038295609999750013,0.2761003649999907,0.0021641399999907662
151,0,16,0.2562220629999956,0.002345492000017657,270.465983718,270.719860289,270.466091045,270.470344132,270.717829471,270.717838061,0.25387657099997796,0.004253086999995048,0.24748533900003622,0.0020222279999870807
152,0,16,0.258086115000026,0.002291780000007293,270.822429447,271.078223782,270.822529368,270.826369439,271.076182893,271.076191285,0.2557943350000187,0.0038400710000132676,0.249813453999991,0.0020324970000160647
153,0,16,0.25506940999997596,0.0023833079999917572,271.180878248,271.43356435,271.180980638,271.184826535,271.431535803,271.431544393,0.2526861019999842,0.0038458970000192494,0.24670926799996096,0.0020199569999590494
154,2,16,0.2723444979999954,0.0023866509999947993,271.536212789,271.806170636,271.536319232,271.540251084,271.803992418,271.804000827,0.2699578470000006,0.003931851999993796,0.26374133400003075,0.0021698090000086268
155,0,16,0.2593038789999582,0.0025508659999786687,271.908991441,272.165744454,271.909099763,271.913096905,272.163748158,272.163756665,0.25675301299997955,0.003997142000002896,0.2506512530000009,0.0019877889999975196
156,2,16,0.302475252000022,0.002385070000059386,272.268425775,272.568515957,272.268548639,272.272494637,272.566281011,272.566289533,0.3000901819999626,0.003945998000006057,0.2937863739999784,0.002226424000014049
157,1,16,0.26432927599995537,0.0024794959999780986,272.671297083,272.933146863,272.671405586,272.675523711,272.931055398,272.931063821,0.2618497799999773,0.004118124999990869,0.2555316870000297,0.0020830419999811056
158,0,16,0.2666459700000132,0.0022749780000026476,273.035747748,273.30011874,273.035852683,273.040326141,273.298098322,273.298106744,0.2643709920000106,0.004473458000006758,0.2577721810000071,0.002011996000021554
159,2,16,0.2984302780000121,0.0023724129999891375,273.40270159,273.698759455,273.402805336,273.406844687,273.696373412,273.696382343,0.29605786500002296,0.004039351000017177,0.28952872500002513,0.0023771120000333212
160,4,16,0.30203249700002743,0.0023499220000076093,273.801450676,274.101133251,273.801557252,273.805524661,274.098893774,274.098902308,0.2996825750000198,0.0039674089999834905,0.2933691129999829,0.0022309430000291286
161,0,16,0.25820324200003597,0.0023703640000576343,274.203670166,274.459503044,274.203776741,274.207728869,274.457506092,274.457514725,0.25583287799997834,0.003952127999980348,0.2497772230000237,0.0019883189999632123
162,0,16,0.2578400140000099,0.002406583999970735,274.562076543,274.817509973,274.562179279,274.56650096,274.815324911,274.815338343,0.25543343000003915,0.004321680999964883,0.24882395100001986,0.002171630000020741
163,3,16,0.32537426499999356,0.0027043830000366142,274.925609203,275.248279085,274.925715474,274.930559035,275.245943374,275.24595283,0.32266988199995694,0.004843560999972851,0.31538433899999063,0.0023262549999572
164,0,16,0.2785407669999813,0.002541937999978927,275.356224979,275.632223808,275.356338665,275.360971511,275.630002305,275.630011663,0.2759988290000024,0.004632845999992696,0.2690307940000025,0.002212144999987231
165,0,16,0.2798786780000455,0.0027038169999968886,275.738415935,276.015590796,275.73853533,275.742867762,276.01305424,276.013066287,0.2771748610000486,0.004332432000012432,0.270186477999971,0.0025245090000112214
166,0,16,0.27732598699998334,0.002685853999992105,276.123542873,276.398183006,276.123661623,276.12804192,276.396073584,276.396082727,0.27464013299999124,0.004380297000011524,0.2680316640000342,0.0021002789999897686
167,0,16,0.2782679339999845,0.00256412599998157,276.506276382,276.78198019,276.50638781,276.510841253,276.77980493,276.779814297,0.27570380800000294,0.004453443000045354,0.2689636769999879,0.002165893000039887
168,0,16,0.2928256229999988,0.002513765000003332,276.889640549,277.179952407,276.889752838,276.894129735,277.177893972,277.177902713,0.2903118579999955,0.004376896999986002,0.28376423700001396,0.0020496939999929964
169,2,16,0.29066093000000137,0.0023306289999709406,277.282517859,277.57084816,277.282622946,277.28714149,277.568685388,277.568694434,0.28833030100003043,0.004518544000006841,0.28154389799999535,0.0021537260000172864
170,0,16,0.25806372399995325,0.002384057999961442,277.673539259,277.929218925,277.673643342,277.678056565,277.927246822,277.927255371,0.2556796659999918,0.004413223000028665,0.24919025699995245,0.001963553999985379
171,0,16,0.2584194150000485,0.0024044390000312887,278.031872149,278.287887125,278.031978419,278.036330306,278.285807759,278.285816308,0.2560149760000172,0.004351887000041188,0.24947745299999724,0.0020708170000034443
172,0,16,0.2672543129999667,0.0023208969999473084,278.390498299,278.655431715,278.390600095,278.394623928,278.65340811,278.653416666,0.2649334160000194,0.004023832999962451,0.2587841819999994,0.002015049000021918
173,0,16,0.2584675449999736,0.0023111130000188496,278.758083944,279.014240376,278.758187706,278.762363052,279.012267209,279.012275764,0.25615643199995475,0.004175346000010904,0.24990415700000312,0.0019646119999947587
174,0,16,0.26792678800001113,0.002363343000013174,279.116751636,279.382315081,279.116857586,279.12107203,279.380284611,279.380293067,0.26556344499999796,0.004214444000012918,0.2592125809999857,0.0020220139999764797
175,1,16,0.26592990899996494,0.0023563139999964733,279.484997501,279.748571096,279.48510372,279.489311836,279.746543292,279.746552252,0.26357359499996846,0.004208116000029349,0.2572314559999995,0.0020188439999628827
176,0,16,0.25788568900003384,0.0024582510000072944,279.851272048,280.106699486,279.85137747,279.855509631,280.104724144,280.104732705,0.25542743800002654,0.004132161000029555,0.24921451299996988,0.001966781000021456
177,0,16,0.2657466420000105,0.0023965369999814357,280.209298301,280.472648406,280.20940641,280.213616119,280.470537677,280.470546442,0.2633501050000291,0.004209709000008388,0.2569215579999877,0.002101964000019052
178,1,16,0.2653069149999965,0.0023425089999591364,280.575208859,280.838173265,280.575315835,280.579558609,280.836106561,280.836115625,0.26296440600003734,0.0042427739999766345,0.25654795200000535,0.002057640000032279
179,6,16,0.32639155900000105,0.002390321000007134,280.940699853,281.264701091,280.940802944,280.944967926,281.2623538,281.262362266,0.3240012379999939,0.004164982000020245,0.31738587400002416,0.0023388249999811705
180,0,16,0.25801298999999744,0.0023390489999997044,281.36722738,281.622901321,281.36732828,281.371903933,281.620804792,281.620813363,0.25567394099999774,0.00457565300001761,0.24890085900000258,0.002087957999947321
181,3,16,0.2840392089999568,0.002326827999922898,281.72541535,282.007127731,281.725520386,281.729726896,282.004949884,282.004958255,0.28171238100003393,0.004206509999960417,0.2752229879999959,0.002169476000005943
182,4,16,0.3093582899999774,0.0024951450000116893,282.109782472,282.416645617,282.109888903,282.114175336,282.414261985,282.414270754,0.3068631449999657,0.004286433000004308,0.3000866489999794,0.002374863000000005
183,0,16,0.2633310410000149,0.0023827709999864055,282.519283047,282.780231317,282.519390422,282.523702341,282.778170569,282.778179641,0.2609482700000285,0.004311918999974296,0.25446822800000746,0.002051676000007774
184,0,16,0.2734782289999771,0.0024839009999482187,282.884355139,283.155349467,282.88446395,282.889308034,283.153234341,283.153243141,0.2709943280000289,0.004844084000012572,0.2639263069999629,0.002106325999989167
185,0,16,0.2726579409999772,0.002504222999959893,283.260480545,283.530634263,283.260591012,283.264966828,283.528581231,283.528590034,0.2701537180000173,0.004375815999992483,0.26361440299996275,0.0020442290000346475
186,1,16,0.2828722929999685,0.0024990999999658925,283.635622483,283.915995676,283.635745522,283.640500027,283.913891066,283.913899766,0.28037319300000263,0.004754504999993969,0.273391039000046,0.002095910000036838
187,2,16,0.32322494799996093,0.002545394999913242,284.021117809,284.341797362,284.021229973,284.026065987,284.339452578,284.339461692,0.3206795530000477,0.00483601399997724,0.3133865910000395,0.002335670000036316
188,0,16,0.2741524609999715,0.002595092999968074,284.445081781,284.716639149,284.445191563,284.449668092,284.714419596,284.714428816,0.2715573680000034,0.004476529000044138,0.264751504000003,0.002210332999993625
189,0,16,0.27394217500000195,0.0024916109999821856,284.821832981,285.093283545,284.821944042,284.826462611,285.091148323,285.091157233,0.27145056400001977,0.004518569000026673,0.26468571200001634,0.002126312000029884
190,3,16,0.30135473799998636,0.0025520660000211137,285.196121795,285.494924467,285.196230783,285.20080737,285.492665639,285.492674862,0.29880267199996524,0.0045765870000309405,0.291858268999988,0.0022496049999745082
191,1,16,0.2805069030000027,0.0024036019999584823,285.59968021,285.877783511,285.59978985,285.604413831,285.875633476,285.875641958,0.2781033010000442,0.0046239810000088255,0.2712196450000306,0.002141553000001295
192,1,16,0.2830829270000095,0.0024257760000523376,285.980443206,286.261100357,285.980549291,285.984920517,286.258958505,286.258966988,0.28065715099995714,0.004371225999989292,0.2740379880000319,0.002133368999977847
193,0,16,0.2638032720000183,0.0023941660000446063,286.363733506,286.625142612,286.363840489,286.368245447,286.623050627,286.623059411,0.2614091059999737,0.004404958000009174,0.2548051800000053,0.0020832010000049195
194,2,16,0.30811403699999573,0.0024057279999851744,286.727813085,287.033521394,286.727919296,286.732429187,287.031272687,287.031281472,0.30570830900001056,0.004509890999997879,0.29884350000003224,0.0022399220000011155
195,6,16,0.3371111669999891,0.0024078249999774926,287.136202149,287.470905491,287.136305465,287.140781017,287.46850512,287.468514006,0.3347033420000116,0.004475551999973959,0.32772410299998,0.002391484999975546
196,1,16,0.2725838349999776,0.002376007999941976,287.573635697,287.843843524,287.573744429,287.578188525,287.84174768,287.841756366,0.27020782700003565,0.004444095999986075,0.26355915500005267,0.0020871579999948153
197,1,16,0.2804774729999622,0.002381400999922789,287.946466098,288.22456217,287.946585312,287.950959717,288.222404921,288.222413707,0.2780960720000394,0.004374404999964554,0.271445204000031,0.002148463000025913
198,1,16,0.32810697600001504,0.0024514710000289597,288.32728319,288.652938695,288.327390024,288.331896424,288.65052897,288.650537958,0.3256555049999861,0.00450639999996838,0.31863254600000346,0.0024007370000163064
199,0,16,0.27370651500001486,0.002362890000028983,288.755555532,289.026899157,288.755735587,288.76057501,289.024821781,289.024830569,0.2713436249999859,0.00483942300002127,0.26424677099998917,0.0020685879999859935
200,5,16,0.39816351899997926,0.0023850099999549457,289.129473352,289.525251861,289.129580107,289.133996904,289.522456984,289.522465673,0.3957785090000243,0.004416797000033057,0.3884600799999589,0.0027861880000159545
201,5,16,0.32514930299998923,0.002389857999958167,289.627846677,289.950606122,289.627955648,289.632453899,289.948317543,289.948326233,0.32275944500003106,0.004498250999972697,0.31586364399998956,0.0022798890000217398
202,2,16,0.33176963199997545,0.002362690999973438,290.053190751,290.382597692,290.053293629,290.05849864,290.380212528,290.380221218,0.329406941000002,0.0052050109999868255,0.3217138880000334,0.00237647400001606
203,0,16,0.27186780200003113,0.0024596420000193575,290.485252773,290.754660933,290.485357664,290.490105525,290.752648427,290.752658217,0.2694081600000118,0.0047478609999984656,0.26254290200000696,0.0020027160000495314
204,0,16,0.26855130699999563,0.002422307000017554,290.857237433,291.123366433,290.85734622,290.862304062,291.121265901,291.121278094,0.2661289999999781,0.00495784200001026,0.25896183899999414,0.0020883390000108193
205,5,16,0.31813655599995627,0.0026033359999360073,291.22723729,291.54277051,291.227349877,291.232589318,291.540417475,291.540426418,0.31553322000002026,0.005239441000014722,0.3078281570000172,0.002344092000043929
206,0,16,0.2686222759999737,0.0023999860000003537,291.646394789,291.912617079,291.646504137,291.651160817,291.910526441,291.910535384,0.2662222899999733,0.004656679999982316,0.2593656239999973,0.002081694999958472
207,0,16,0.2692442239999764,0.0024880949999896984,292.016386886,292.283143015,292.01649532,292.021603724,292.281052783,292.281061828,0.2667561289999867,0.00510840399999779,0.25944905900001913,0.0020811869999874943
208,0,16,0.2688694889999965,0.0025190979999933916,292.386939345,292.653289736,292.387048186,292.391983726,292.651166035,292.651174674,0.26635039100000313,0.004935539999962657,0.2591823090000389,0.0021150619999730225
209,0,16,0.26928409199996395,0.0024278999999864936,292.756890336,293.023746528,292.756999087,292.762186831,293.021629841,293.021638988,0.26685619199997745,0.005187744000011207,0.25944300999998404,0.0021075399999972433
210,0,16,0.2690334370000187,0.002532155999972474,293.126555378,293.393056659,293.126663824,293.131323057,293.390972796,293.390981544,0.2665012810000462,0.004659232999983942,0.2596497390000536,0.0020751150000251073
211,0,16,0.30240875800001277,0.002421662000017477,293.496986033,293.796973129,293.49709487,293.502259008,293.79455289,293.794562146,0.2999870959999953,0.00516413799999782,0.2922938819999672,0.0024109830000043075
212,0,16,0.3015358279999987,0.00245360100001335,293.900386394,294.199468621,293.900495434,293.9053234,294.197106666,294.197115821,0.2990822269999853,0.0048279659999934665,0.29178326600003857,0.0023527999999828353
213,0,16,0.2687697430000071,0.0025044590000220524,294.303239114,294.569504398,294.303346934,294.308322998,294.567359912,294.567368558,0.26626528399998506,0.004976064000004499,0.25903691399997797,0.0021358399999940048
214,0,16,0.2694086230000039,0.002416982999989159,294.672345916,294.939337556,294.672454651,294.677225147,294.937260508,294.937269663,0.26699164000001474,0.004770495999991908,0.260035361000007,0.002067893000003096
215,0,16,0.2717799360000299,0.0023816880000140372,295.042161578,295.311559826,295.042266753,295.047328768,295.309426428,295.309435277,0.2693982480000159,0.005062015000021347,0.2620976599999949,0.002124549000029674
216,0,16,0.2825520999999753,0.002418599999998605,295.414305172,295.694438672,295.414411172,295.419121172,295.692073772,295.692082572,0.2801334999999767,0.004710000000045511,0.27295259999999644,0.0023560999999858723
217,0,16,0.26448210000000927,0.0023385000000075706,295.797076172,296.059219772,295.797182472,295.801866972,296.057153072,296.057161972,0.2621436000000017,0.004684500000053049,0.255286099999978,0.0020577999999886742
218,0,16,0.2866938000000232,0.002417000000036751,296.161899172,296.446175972,296.162006772,296.166683472,296.443910672,296.443919472,0.28427679999998645,0.00467670000000453,0.2772272000000271,0.002256499999987227
219,1,16,0.3367066000000136,0.003270900000018173,296.548936772,296.882372472,296.549041472,296.553842672,296.875761672,296.875786772,0.33343569999999545,0.004801199999974415,0.3219190000000367,0.0065856999999596155
220,0,16,0.43441489999997884,0.0037705999999957385,296.987013972,297.417658272,296.987183972,296.995753872,297.415167272,297.415177172,0.4306442999999831,0.008569899999997688,0.4194133999999963,0.0024810999999544947
221,0,16,0.2935256000000095,0.0024750999999696432,297.520660472,297.811710972,297.520771572,297.525838672,297.809551472,297.809560472,0.29105050000003985,0.005067100000019309,0.28371279999998933,0.0021505000000274777
222,3,16,0.31167870000001585,0.00239660000005415,297.914336572,298.223618672,297.914444072,297.919104372,298.221339972,298.221349072,0.3092820999999617,0.00466030000001183,0.30223560000001726,0.00226959999997689
223,0,16,0.28146240000000944,0.0025413999999841508,298.326351972,298.605272972,298.326461772,298.331611572,298.602850772,298.602860072,0.2789210000000253,0.005149799999969673,0.271239200000025,0.002412900000024365
224,0,16,0.27210610000003044,0.002410800000063773,298.708064372,298.977759672,298.708175172,298.713070772,298.975587672,298.975597572,0.26969529999996666,0.0048955999999975575,0.2625169000000369,0.0021620999999640844
225,0,16,0.2704389940000169,0.002473851000047489,299.080386872,299.348352015,299.080498772,299.085224872,299.346115466,299.346124811,0.26796514299996943,0.0047261000000276,0.2608905939999886,0.002227204000007532
226,0,16,0.2878909069999622,0.0027275329999838505,299.451601243,299.736764617,299.451719504,299.457084772,299.734302824,299.734312706,0.2851633739999784,0.005365267999991374,0.27721805200002336,0.0024519109999801003
227,5,16,0.3627493300000424,0.002743536000025415,299.840306545,300.200312339,299.840428459,299.845273204,300.197453119,300.197462464,0.360005794000017,0.0048447450000139725,0.35217991499996515,0.002849874999981239
228,0,16,0.28407367200003364,0.0026143190000311733,300.307733264,300.589192617,300.307931333,300.313102506,300.586991192,300.587000967,0.28145935300000247,0.0051711730000079115,0.2738886860000207,0.0021916499999861117
229,0,16,0.2810904969999797,0.0025321479999433905,300.69499612,300.973554469,300.695111482,300.700053113,300.971369908,300.971379146,0.2785583490000363,0.0049416310000083286,0.27131679499996153,0.0021753230000172152
230,0,16,0.2903434620000098,0.0025404190000131166,301.081178082,301.368981125,301.081294625,301.086735618,301.366845007,301.366854567,0.2878030429999967,0.005440992999979244,0.2801093890000175,0.0021265579999862894
231,0,16,0.28693504099999245,0.002581773000031262,301.47552438,301.759877648,301.475641138,301.48056698,301.757728318,301.757737771,0.2843532679999612,0.004925841999977365,0.2771613379999849,0.00213987699999052
232,0,16,0.28471932999997307,0.0025073360000078537,301.867134983,302.149346977,301.867248089,301.87220218,302.147186477,302.147196251,0.2822119939999652,0.004954091000001881,0.27498429700000315,0.0021507259999680173
233,1,16,0.32811537499998167,0.0026046529999916856,302.256646633,302.582157355,302.256775313,302.261733164,302.579557537,302.579572682,0.32551072199999,0.004957851000028768,0.31782437300000765,0.002584673000001203
234,1,16,0.3002744160000361,0.002748048000057679,302.6856517,302.983178068,302.685769531,302.691455856,302.980821217,302.980830777,0.29752636799997845,0.005686324999999215,0.28936536100002286,0.0023472909999782132
235,0,16,0.2977938129999984,0.002622280999958093,303.086620532,303.381792064,303.086735571,303.091942969,303.379400764,303.379410564,0.2951715320000403,0.005207397999981822,0.287457795000023,0.002381500000012693
236,0,16,0.2763043949999542,0.0024913999999398584,303.484596963,303.758409958,303.484712263,303.489841962,303.756224958,303.756234058,0.2738129950000143,0.005129699000008259,0.26638299600000437,0.002175899999997455
237,0,16,0.2680785960000094,0.0024891000000479835,303.861119157,304.126708653,303.861229057,303.865976357,304.124653153,304.124661653,0.2655894959999614,0.00474730000001955,0.25867679599997473,0.002047000000004573
238,2,16,0.3030589950000149,0.0024367999999981294,304.229420651,304.530042846,304.229527151,304.234635351,304.527791446,304.527800846,0.30062219500001675,0.005108199999995122,0.2931560949999721,0.002242000000023836
239,4,16,0.32782739500004254,0.0024011000000427885,304.632672545,304.95809884,304.632779045,304.637418645,304.95573214,304.95574084,0.32542629499999975,0.004639600000018618,0.31831349499998396,0.0023580000000151813
240,0,16,0.2692577960000335,0.0024387000000274384,305.060833138,305.327652234,305.060941938,305.065607138,305.325573034,305.325581934,0.2668190960000061,0.004665200000033565,0.2599658959999829,0.002070300000013958
241,0,16,0.2731591950000052,0.0025085999999987507,305.430455533,305.701106128,305.430563833,305.435935632,305.698979028,305.698988528,0.27065059500000643,0.0053717989999881866,0.2630433960000005,0.0021176000000195927
242,0,16,0.2986778949999689,0.0024243999999953303,305.803782027,306.100035522,305.803892327,305.808895527,306.097708522,306.097717122,0.29625349499997355,0.005003199999976005,0.2888129950000007,0.0023183999999787375
243,2,16,0.2853884950000065,0.0023893000000043685,306.202644421,306.485643616,306.202751121,306.207824921,306.483387516,306.483396116,0.28299919500000215,0.005073799999991024,0.2755625949999967,0.00224750000000995
244,0,16,0.2696815959999981,0.0024182000000223525,306.588302215,306.855565611,306.588409115,306.593293415,306.853393711,306.853402811,0.26726339599997573,0.0048843000000147185,0.2601002960000187,0.0021627999999509484
245,2,16,0.29650419500001135,0.0024627000000236876,306.958333209,307.252374704,306.958442909,306.963875109,307.250023005,307.250033205,0.29404149499998766,0.005432200000029752,0.2861478959999886,0.0023414989999537283
246,0,16,0.293064051999977,0.002471833999948103,307.355849172,307.64644139,307.355961156,307.361689223,307.644201508,307.644210516,0.2905922180000289,0.005728067000006831,0.2825122849999957,0.002230874000019867
247,0,16,0.28199730200003614,0.002551880000055462,307.750749456,308.030194878,307.750868606,307.756224485,308.027914562,308.027923673,0.2794454219999807,0.005355879000035202,0.27169007699995973,0.0022712049999995543
248,0,16,0.27742694699998083,0.0025420539999458924,308.134497826,308.409382719,308.134610219,308.139831288,308.406827255,308.40683616,0.27488489300003494,0.005221068999958334,0.26699596700001393,0.002546558999995341
249,0,16,0.2776749699999641,0.0025233220000018264,308.513556486,308.788708134,308.513667139,308.518909193,308.786429355,308.786439284,0.2751516479999623,0.005242054000007101,0.2675201619999825,0.0022688500000072054
250,0,16,0.278102127000011,0.0025813620000008086,308.891814575,309.16733534,308.89192748,308.897966113,309.165145308,309.165154623,0.2755207650000102,0.0060386330000028465,0.2671791949999829,0.0021807170000442966
251,3,16,0.3221591829999966,0.002486880999981622,309.271635626,309.591307928,309.271746279,309.277044632,309.588717047,309.588726055,0.31967230200001495,0.0052983530000005885,0.31167241499997544,0.0025818729999969037
252,0,16,0.2743905870000276,0.0024900529999740684,309.695607088,309.967507622,309.695719482,309.701097983,309.965369385,309.9653787,0.27190053400005354,0.005378500999995595,0.264271401999963,0.00212892200005399
253,0,16,0.2742817779999882,0.0024710160000154247,310.07189553,310.343706292,310.072004955,310.077210465,310.341212655,310.341222277,0.2718107619999728,0.0052055099999961385,0.26400218999998515,0.002484014999993178
254,0,16,0.29052158900003633,0.0024461419999965983,310.447995216,310.736070663,310.44810372,310.453427253,310.733874592,310.733883498,0.28807544700003973,0.005323532999966574,0.28044733900003394,0.0021871650000093723
255,2,16,0.3312922149999622,0.0025449199999343364,310.840419572,311.169166867,310.84053606,310.845958372,311.166682032,311.166691245,0.32874729500002786,0.005422312000007423,0.32072365999999874,0.002475622000019939
256,1,16,0.28159573599998566,0.0024126679999767475,311.27330839,311.552491458,311.273418019,311.278792222,311.550164261,311.550180536,0.2791830680000089,0.005374202999973932,0.2713720390000276,0.002310921999992388
257,0,16,0.274055967000038,0.002456583000025603,311.656748343,311.928347727,311.656858484,311.662442119,311.926201404,311.926210105,0.2715993840000124,0.005583634999993592,0.2637592849999919,0.002137622000020656
258,3,16,0.3067949809999959,0.002450038000006316,312.032733588,312.337078531,312.032844242,312.039022804,312.334838531,312.334846831,0.3043449429999896,0.00617856200000233,0.29581572699999015,0.002231699999981629
259,0,16,0.2672925989999726,0.002558499999963715,312.439977031,312.70471113,312.440123631,312.445291831,312.70258723,312.70259573,0.2647340990000089,0.005168200000014167,0.257295398999986,0.002115400000036516
260,0,16,0.29863849899999195,0.002406300000018291,312.80743193,313.103664129,312.80753913,312.81293443,313.101443329,313.101452129,0.29623219899997366,0.005395299999975123,0.2885088990000213,0.002211999999985892
261,3,16,0.300896999000031,0.0025361000000430067,313.206486029,313.504846928,313.206597129,313.212218429,313.502570828,313.502579528,0.29836089899998797,0.005621300000029805,0.29035239899997123,0.0022673999999938133
262,0,16,0.27218010000001414,0.0024621000000593085,313.607559227,313.877277227,313.607666927,313.612893227,313.875170027,313.875178827,0.2697179999999548,0.005226299999947059,0.26227680000005194,0.00209839999996575
263,0,16,0.28387959899998805,0.0024463999999397856,313.979948726,314.261381925,313.980087526,313.985398026,314.259211025,314.259219525,0.28143319900004826,0.005310500000007323,0.27381299900002887,0.002162400000031539
264,0,16,0.2719340989999637,0.0024085999999670094,314.364060025,314.633585524,314.364172425,314.369494625,314.631527724,314.631536424,0.26952549899999667,0.005322200000023258,0.26203309900000704,0.0020491000000220083
265,0,16,0.26706609900003286,0.0024277000000552107,314.736326124,315.000964523,314.736434224,314.741619124,314.998814523,314.998823323,0.26463839899997765,0.005184900000017478,0.2571953990000111,0.002141199999982746
266,0,16,0.26736439200004725,0.0023696050000694413,315.103661523,315.36865631,315.103768723,315.109042523,315.366550677,315.366559325,0.2649947869999778,0.005273800000054507,0.25750815399999283,0.0020969849999801227
267,0,16,0.29749153599999545,0.002457593000031011,315.471456718,315.766490661,315.471564921,315.476947212,315.764133929,315.764142376,0.29503394299996444,0.00538229100004628,0.2871867169999973,0.0023482849999822974
268,0,16,0.2676115429999868,0.0024182740000355807,315.869550213,316.134743482,315.869657712,315.875502982,316.132593602,316.132602049,0.2651932689999512,0.005845270000008895,0.2570906199999854,0.0021414329999629445
269,0,16,0.26727909100003444,0.002452666000010595,316.237681356,316.502507781,316.237790263,316.243610795,316.500373689,316.50038274,0.26482642500002385,0.0058205319999729,0.25676289400001906,0.002125040999999328
270,4,16,0.3437760349999621,0.002458297999964998,316.6055434,316.946861137,316.605653413,316.611366848,316.944393085,316.944401733,0.3413177369999971,0.005713434999961464,0.33302623700001277,0.002459403999978349
271,1,16,0.271887066999966,0.0024268219999612484,317.049850297,317.319310542,317.04996021,317.055763948,317.317146785,317.317155735,0.26946024500000476,0.005803737999997338,0.2613828369999851,0.0021548070000108055
272,6,16,0.3499544620000279,0.0023570340000560464,317.422184259,317.769781687,317.422289143,317.427865213,317.767238617,317.767246963,0.34759742799997184,0.005576070000017808,0.3393734039999572,0.0025347239999859994
273,0,16,0.2684270880000099,0.00234617299997808,317.872876234,318.138957149,317.872980817,317.879340554,318.136800834,318.136809784,0.26608091500003184,0.006359737000025234,0.25746027999997523,0.0021473650000416455
274,2,16,0.30999319599999353,0.0023947429999680026,318.241958175,318.549556628,318.242061752,318.247879368,318.547212365,318.547221214,0.30759845300002553,0.005817616000001635,0.2993329970000218,0.0023354140000151347
275,0,16,0.2858235209999975,0.0023645749999445798,318.65253905,318.935997996,318.652641119,318.658226038,318.933860083,318.933868631,0.28345894600005295,0.005584919000000355,0.2756340450000039,0.0021293650000302478
276,1,16,0.2759224519999748,0.002355021999960627,319.039007369,319.312574799,319.039110845,319.04481342,319.310447646,319.310456194,0.27356743000001416,0.005702575000043453,0.26563422599997466,0.0021186050000210344
277,2,16,0.2843521230000192,0.0023877050000464806,319.415549277,319.697513695,319.415656072,319.421169594,319.695298753,319.695307301,0.28196441799997274,0.005513522000001103,0.27412915899998325,0.002206393999983902
278,5,16,0.31037954900000386,0.002431348000015987,319.800547102,320.108495303,319.800663752,319.806085965,320.106205444,320.106214192,0.3079482009999879,0.005422213000031206,0.3001194789999886,0.0022811110000020562
279,3,16,0.29325482899997724,0.002487057999985609,320.211330907,320.502098678,320.211437703,320.216785802,320.499845624,320.499854474,0.2907677709999916,0.0053480990000025486,0.28305982199998425,0.0022442039999646113
280,0,16,0.2661230489999866,0.0023700049999888506,320.604844382,320.868597426,320.604950875,320.610456553,320.866400283,320.866409032,0.26375304399999777,0.005505678000019998,0.2559437300000127,0.002188394000029348
281,1,16,0.2925867060000087,0.0024202850000278886,320.971348358,321.261514779,320.971459276,320.977021972,321.259137633,321.259146382,0.2901664209999808,0.005562695999969947,0.2821156610000344,0.0023683969999979126
282,4,16,0.30448309299998755,0.002439693999974679,321.364242281,321.66628568,321.364349981,321.36975007,321.663966759,321.663975608,0.30204339900001287,0.005400089000033859,0.2942166889999953,0.0023100720000002184
283,0,16,0.2666021180000371,0.0023523070000237567,321.768958176,322.033207987,321.769063865,321.774751154,322.030926274,322.030935123,0.2642498110000133,0.005687288999979501,0.25617512000002307,0.002272864000019581
284,0,16,0.2928167879999819,0.0023651779999909195,322.135795308,322.426246918,322.135899187,322.142676451,322.42387289,322.423881538,0.290451609999991,0.006777263999993011,0.28119643899998437,0.0023653800000147385
285,0,16,0.266467165999984,0.002366786999971282,322.528882307,322.792982686,322.528988096,322.534460891,322.790799018,322.790808069,0.2641003790000127,0.005472795000002861,0.25633812699999226,0.0021746170000369602
286,0,16,0.26642191500002355,0.0023888110000029883,322.895729093,323.159762197,322.895835587,322.901864379,323.157569178,323.157578731,0.26403310400002056,0.0060287919999950645,0.2557047990000001,0.002183466000019507
287,12,16,0.38492026300002635,0.00248945100003084,323.262754374,323.645185186,323.26285775,323.268891973,323.642315542,323.642344754,0.3824308119999955,0.006034222999971917,0.3734235690000105,0.0028404319999708605
288,0,16,0.2666662160000328,0.002381550000052357,323.747985871,324.012270537,323.748090213,323.753955051,324.010088767,324.010097671,0.26428466599998046,0.0058648379999795,0.2561337160000221,0.0021728660000235323
289,0,16,0.2649843450000162,0.002330329000017173,324.114931466,324.377585482,324.115033007,324.120628738,324.375339487,324.375350591,0.26265401599999905,0.005595730999971238,0.25471074900002577,0.002234891000000516
290,0,16,0.26093112899997095,0.0024556789999792272,324.480373362,324.738848812,324.480482906,324.48658914,324.736664341,324.736672845,0.2584754499999917,0.006106233999958022,0.25007520100001557,0.0021759670000278675
291,2,16,0.30072329399996534,0.0023932549999585717,324.841527449,325.139857488,324.841635192,324.847633083,325.137525858,325.137534662,0.29833003900000676,0.0059978909999927055,0.28989277499999844,0.0023228260000109913
292,0,16,0.2609708450000312,0.0023364320000496264,325.242582143,325.501216556,325.242690286,325.248807925,325.498947552,325.498956155,0.2586344129999816,0.006117638999967312,0.25013962700001,0.002260401000000911
293,0,16,0.2603335910000055,0.002404859000023407,325.60388769,325.861816422,325.603996033,325.609597866,325.85963065,325.859639454,0.2579287319999821,0.005601833000014267,0.2500327839999841,0.0021769680000147673
294,0,16,0.2610891919999858,0.0023471360000257846,325.964464946,326.223207002,325.964567587,325.970648811,326.22104474,326.221053644,0.25874205599996003,0.006081224000013208,0.25039592900003527,0.002153357999986838
295,0,16,0.2681686139999897,0.0024214649999976245,326.325899144,326.591646293,326.326005486,326.331789893,326.589339674,326.589348677,0.2657471489999921,0.005784407000021474,0.25754978099996606,0.0022976160000212076
296,0,16,0.26257628500002284,0.0024701849999928527,326.69440086,326.95450696,326.694511104,326.700149652,326.952267867,326.952276671,0.26010610000003,0.005638547999978982,0.25211821499999587,0.0022302890000105435
297,0,16,0.2600887929999658,0.0023973549999709576,327.057230514,327.314921952,327.057337857,327.063598353,327.312815912,327.312824516,0.25769143799999483,0.006260495999981686,0.24921755900004428,0.0020974360000423076
298,3,16,0.30311424699999634,0.002400457000021561,327.417642805,327.718356595,327.417747847,327.423568667,327.716030367,327.716038971,0.3007137899999748,0.005820819999996729,0.29246169999998983,0.002317623999999796
299,0,16,0.2608056789999864,0.0024334709999607185,327.821121766,328.079493974,327.821239613,327.82680273,328.077278991,328.077287495,0.2583722080000257,0.005563117000008333,0.2504762610000171,0.002206478999994488
300,0,16,0.2592563610000411,0.002385650999997324,328.182223031,328.439093741,328.182331474,328.188134588,328.436932179,328.436940683,0.2568707100000438,0.005803114000002552,0.24879759099997045,0.00215305800003307
301,4,16,0.29165347800000063,0.0024365719999650537,328.541818596,328.831035502,328.541925939,328.548320788,328.828558815,328.828567618,0.2892169060000356,0.006394849000002978,0.2802380269999958,0.0024678839999978663
302,1,16,0.27023073699996303,0.002388952999922367,328.933752854,329.201594638,328.933858496,328.939707128,329.19936685,329.199375553,0.26784178400004066,0.005848631999981535,0.2596597219999808,0.0022190850000356477
303,0,16,0.26047684799999615,0.0023231260000216025,329.304218853,329.562372575,329.304323795,329.31018053,329.560125879,329.560134582,0.25815372199997455,0.005856735000008939,0.24994534899997234,0.002237992999994276
304,0,16,0.2601388129999691,0.0024073599999496764,329.665046109,329.922777562,329.665153752,329.670989779,329.920594592,329.920603095,0.25773145300001943,0.005836027000043487,0.24960481299996218,0.0021744670000316546
305,4,16,0.29694258699998954,0.0023572399999807203,330.025447895,330.320033242,330.025556939,330.031286423,330.31772102,330.317729924,0.2945853470000088,0.005729483999971308,0.2864345970000386,0.0023033180000311404
306,4,16,0.30435444099998676,0.0023672430000374334,330.422694071,330.724681269,330.422799513,330.428379538,330.72235244,330.722361444,0.30198719799994933,0.005580025000028854,0.29397290200000725,0.0023198249999722975
307,0,16,0.2652351449999628,0.0023403329999496236,330.827240057,331.090134869,330.827344599,330.832759458,331.087986113,331.087995016,0.2628948120000132,0.005414858999984062,0.2552266550000013,0.0021398530000169558
308,0,16,0.2640170600000147,0.0023183249999760847,331.19274878,331.454447515,331.192856523,331.198482966,331.452312064,331.452320567,0.2616987350000386,0.005626442999982828,0.2538290980000397,0.0021269480000114527
309,0,16,0.26576045399997383,0.0024224659999845244,331.557084835,331.820422823,331.557189276,331.563210477,331.818161022,331.818170025,0.2633379879999893,0.0060212010000100236,0.25495054500004244,0.002252798000029088
310,2,16,0.30348025299997516,0.0024627129999998942,331.923296648,332.224314188,331.923403957,331.929331407,332.221912359,332.221921624,0.30101753999997527,0.0059274500000015,0.29258095199998024,0.002392563999990216
311,0,16,0.26982777000000624,0.002390527000045495,332.327013726,332.594450969,332.327137121,332.333063553,332.592231484,332.592240545,0.26743724299996074,0.005926431999967008,0.2591679310000359,0.0022104239999976016
312,0,16,0.2771953399999916,0.002507813999955033,332.697247024,332.97193455,332.697357489,332.703405382,332.969660596,332.969669556,0.27468752600003654,0.006047893000015847,0.2662552139999548,0.002264994000029219
313,0,16,0.2774125039999831,0.0024460150000322756,333.074870087,333.349836576,333.074983504,333.081602762,333.347586853,333.347595609,0.2749664889999508,0.006619258000000627,0.2659840910000071,0.002240966999977445
314,0,16,0.27065610699997933,0.0023415569999656327,333.453401815,333.721716365,333.453505255,333.459894623,333.719493724,333.71950248,0.2683145500000137,0.006389368000043305,0.25959910099999206,0.0022138850000033017
315,2,16,0.28724522900000693,0.002461999000047399,333.824444817,334.109228047,333.824554875,333.830721174,334.106830698,334.106839556,0.28478322999995953,0.00616629900002863,0.2761095239999918,0.0023884909999765114
316,0,16,0.27206344400002536,0.0023115230000598785,334.212047621,334.481799542,334.212155235,334.218350143,334.479493518,334.479502273,0.2697519209999655,0.0061949079999976675,0.2611433750000174,0.0022972689999960494
317,0,16,0.2696855410000012,0.002520744999969793,334.584593968,334.851758764,334.58470199,334.590778084,334.849501202,334.849511281,0.2671647960000314,0.006076094000036392,0.2587231179999776,0.0022474830000192014
318,0,16,0.2884357079999518,0.0024866369999472226,334.95459198,335.240541051,334.954696438,334.960704116,335.238195931,335.23820489,0.28594907100000455,0.006007678000003125,0.27749181500001896,0.002336160999959702
319,0,16,0.2706439909999858,0.0023285240000063823,335.34318897,335.611504437,335.343297297,335.349890288,335.609284137,335.609293199,0.26831546699997944,0.006592990999990889,0.2593938489999914,0.002211238000029425
320,3,16,0.29655586699999503,0.0024067159999958676,335.714261498,336.008410649,335.714367891,335.72123964,336.006073572,336.006082532,0.29414915099999916,0.006871749000026739,0.28483393199996954,0.0023281169999904705
321,2,16,0.30399032700000816,0.002464341000006698,336.111179419,336.412705405,336.111286117,336.11737504,336.410132838,336.410142205,0.30152598600000147,0.006088922999992974,0.29275779799996826,0.002563199999997323
322,0,16,0.26640803399999413,0.0024041720000127498,336.515466946,336.779470808,336.515571811,336.521912411,336.777087204,336.777095756,0.2640038619999814,0.006340600000044105,0.2551747929999806,0.0023750519999907738
323,0,16,0.27864727000002176,0.0025514910000765667,336.882367351,337.15846313,336.882472624,336.888621411,337.156265942,337.156275003,0.2760957789999452,0.006148786999972344,0.2676445310000304,0.0021881269999539654
324,2,16,0.2889684859999875,0.002522677999991174,337.261382173,337.547827981,337.261505365,337.268180517,337.545612772,337.545621833,0.2864458079999963,0.006675152000013895,0.2774322550000079,0.002206148000027497
325,0,16,0.2701881829999593,0.0024110939999673064,337.651711685,337.919488774,337.651820827,337.658481827,337.917304618,337.917313475,0.267777088999992,0.006661000000008244,0.25882279100000005,0.0021752989999868078
326,1,16,0.28078948099999934,0.0024828709999837884,338.023298869,338.301605479,338.023405771,338.030092936,338.299375813,338.299384772,0.27830661000001555,0.006687165000016648,0.26928287699996645,0.002220706999992217
327,0,16,0.2653520999999728,0.002275199999985489,338.404287427,338.667364327,338.404389427,338.410912827,338.665155927,338.665164427,0.2630768999999873,0.006523399999991852,0.2542430999999965,0.002199899999993704
328,0,16,0.2920379990000015,0.0025085000000331092,338.770134927,339.059664426,338.770242327,338.776409727,339.057490626,339.057499126,0.2895294989999684,0.006167399999981171,0.28108089900001687,0.00216530000000148
329,0,16,0.2651328000000035,0.0023777999999765598,339.162332926,339.425087926,339.162440026,339.168951426,339.422955726,339.422964626,0.26275500000002694,0.006511399999965306,0.2540043000000196,0.002123299999993833
330,0,16,0.2738782999999785,0.0024164000000155283,339.527766426,339.799228326,339.527877326,339.534084826,339.796986826,339.796995626,0.27146189999996295,0.006207500000016353,0.26290199999999686,0.002232699999979104
331,0,16,0.2693597959999465,0.002370929999983673,339.901974702,340.168963568,339.902080851,339.908895757,340.166785387,340.166794199,0.26698886599996285,0.006814905999988241,0.2578896300000224,0.0021693690000006427
332,1,16,0.3047430560000066,0.002417927999999847,340.272602844,340.574927972,340.272712943,340.279042177,340.572541646,340.572550559,0.30232512800000677,0.0063292340000202785,0.2934994689999826,0.002377413000033357
333,0,16,0.2675972979999983,0.002352597000026435,340.677607146,340.942851847,340.677714308,340.684399161,340.940503909,340.940512721,0.2652447009999719,0.006684852999967461,0.2561047479999843,0.0023391259999812064
334,0,16,0.2689693350000084,0.0024356540000098903,341.045581361,341.312115042,341.045687712,341.052082479,341.309952459,341.309961575,0.2665336809999985,0.006394766999960666,0.2578699800000095,0.002153467000027831
335,0,16,0.29348802499998783,0.00242907000000514,341.414854482,341.705913437,341.414956175,341.421558377,341.703342262,341.703350669,0.2910589549999827,0.006602202000010493,0.28178388499998164,0.0025627680000184228
336,4,16,0.3522381369999721,0.0024638119999735864,341.809511793,342.159286118,341.809618752,341.81593573,342.15660616,342.15661477,0.3497743249999985,0.006316977999972551,0.3406704300000456,0.002671348000035323
337,2,16,0.31377665700000534,0.002423093000004428,342.262893995,342.574247559,342.263001967,342.269845638,342.571917852,342.571926563,0.3113535640000009,0.006843671000012819,0.30207221400002027,0.002320996000037212
338,0,16,0.2957334600000081,0.002393721000032656,342.677521289,342.970861028,342.677626222,342.683994654,342.968596753,342.968605768,0.29333973899997545,0.0063684319999879335,0.2846020989999829,0.0022552600000267375
339,4,16,0.29759673899997097,0.002461683999968045,343.074398612,343.369533667,343.074507597,343.081355421,343.367252679,343.367261795,0.2951350550000029,0.0068478240000331425,0.28589725799997723,0.002271871999994346
340,0,16,0.26875845400002163,0.002461481000011645,343.473096572,343.739393545,343.473204037,343.47968267,343.737207666,343.737216377,0.26629697300001,0.006478632999971978,0.2575249960000292,0.0021771680000028937
341,0,16,0.27756770500002403,0.00240769800001317,343.842093584,344.117253591,343.842200341,343.848464649,344.115041276,344.115050189,0.27516000700001086,0.006264307999970242,0.2665766270000063,0.00220340200002056
342,0,16,0.2690100519999987,0.0024050650000049245,344.220832702,344.487437689,344.220939965,344.227878947,344.48528169,344.485290299,0.2666049869999938,0.006938982000008309,0.2574027430000001,0.002147390000004634
343,0,16,0.2694013240000004,0.0023984810000001744,344.590372006,344.857374849,344.590477344,344.59688305,344.855179449,344.855188261,0.2670028430000002,0.0064057059999527155,0.25829639900001666,0.0021865879999722893
344,0,16,0.2699039109999717,0.0024183329999800662,344.960587706,345.228073284,344.960692437,344.967083152,345.225789764,345.225798981,0.2674855779999916,0.006390715000009095,0.25870661200002587,0.0022743029999787723
345,0,16,0.2703749970000331,0.00246674800001756,345.33170709,345.599615339,345.331821949,345.338707857,345.597442121,345.597450731,0.26790824900001553,0.006885907999958363,0.25873426399999744,0.0021646080000436996
346,0,16,0.26886743900001875,0.002390074000061304,345.70316214,345.969639505,345.703271125,345.709671563,345.96734849,345.967357201,0.26647736499995744,0.006400437999957376,0.2576769270000341,0.002282303999947999
347,0,16,0.26997369800000115,0.002425322000021879,346.073147715,346.340696091,346.073257308,346.079540253,346.338526216,346.338535129,0.26754837599997927,0.006282945000009477,0.25898596299998644,0.002160962000004929
348,0,16,0.26486851999999317,0.002431195999974989,346.443633649,346.706070973,346.443742634,346.450703697,346.703923988,346.703932598,0.2624373240000182,0.006961063000005652,0.253220290999991,0.0021383750000154578
349,4,16,0.3346957030000226,0.0023655630000121164,346.809567231,347.141897371,346.809675709,346.816799136,347.139433661,347.139442473,0.3323301400000105,0.007123427000010452,0.3226345250000122,0.002454898000053163
350,0,16,0.2735422469999662,0.002462493999985327,347.245518415,347.516598168,347.245625779,347.252032497,347.514418975,347.514427584,0.2710797529999809,0.006406717999993816,0.26238647799999626,0.0021705839999981436
351,0,16,0.2644422019999979,0.0024330200000122204,347.620088856,347.882098038,347.62019855,347.626612054,347.879925833,347.879934645,0.2620091819999857,0.006413504000022385,0.2533137789999955,0.0021633929999893553
352,0,16,0.2664538079999943,0.0023319969999988643,347.985751164,348.249872975,347.985854302,347.992871858,348.247193421,348.24720227,0.26412181099999543,0.007017555999993874,0.25432156300001907,0.0026707050000140953
353,0,16,0.2833666120000089,0.0023659710000174528,348.353494234,348.634494875,348.353597575,348.360095372,348.632127583,348.632136534,0.28100064099999145,0.006497797000008632,0.27203221100000974,0.002358340999990105
354,0,16,0.2745861480000258,0.002396584999985407,348.738283149,349.010472712,348.738391067,348.744904833,349.008180688,349.008189639,0.2721895630000404,0.006513766000011856,0.26327585499996076,0.002283073000000968
355,4,16,0.3025464180000199,0.00236251300003687,349.114189582,349.414373487,349.114295161,349.120831812,349.412004568,349.412013315,0.30018390499998304,0.006536651000033089,0.2911727559999804,0.002360171999953309
356,4,16,0.35803578799999514,0.002502469999967616,349.517223754,349.872757072,349.517333198,349.524110607,349.870108236,349.870117492,0.3555333180000275,0.00677740899999435,0.34599762900000997,0.0026395799999932024
357,0,16,0.2651168789999474,0.0023695299999531017,349.976220064,350.238967413,349.976330932,349.982908371,350.236713532,350.236722585,0.2627473489999943,0.006577439000011509,0.2538051610000025,0.0022448280000162413
358,0,16,0.27309624200000826,0.002404113000011421,350.342789252,350.613481381,350.342896458,350.349622196,350.610918391,350.610927139,0.27069212899999684,0.006725738000000092,0.2612961949999999,0.002554241999973783
359,0,16,0.2661489710000069,0.002417843999978686,350.717002452,350.980733579,350.717111387,350.72378281,350.978546626,350.978555373,0.2637311270000282,0.006671423000000232,0.25476381600003606,0.0021782059999964076
360,0,16,0.2655310590000113,0.002324878000024455,351.084460213,351.347666394,351.084564063,351.091403721,351.345424922,351.345433873,0.2632061809999868,0.006839657999989868,0.2540212010000005,0.002232520999996268
361,0,16,0.26676657899997736,0.0025515979999681804,351.45087744,351.715092421,351.450990648,351.45757541,351.712919098,351.712927336,0.2642149810000092,0.0065847619999885865,0.2553436879999822,0.0021650850000014543
362,1,16,0.27469742400000996,0.002361086999997042,351.818632817,352.090969154,351.818734226,351.825276268,352.088659533,352.088668688,0.2723363370000129,0.00654204199997821,0.26338326500001585,0.0023004660000083277
363,0,16,0.2657563549999509,0.0023845829999800117,352.194721623,352.458093395,352.194830152,352.201408913,352.455853449,352.4558624,0.26337177199997086,0.00657876100001431,0.25444453599999406,0.0022309949999907985
364,0,16,0.2659200130000272,0.002414793000014015,352.561569406,352.825074626,352.561678749,352.568451885,352.822942599,352.822951143,0.2635052200000132,0.006773135999992519,0.254490713999985,0.002123482999991211
365,1,16,0.3399338460000081,0.0024800919999847792,352.928767593,353.266221347,352.928873681,352.935509605,353.263594379,353.263603431,0.3374537540000233,0.006635923999965598,0.3280847739999899,0.0026179160000197044
366,6,16,0.3337228839999966,0.002331997999988289,353.369347461,353.700738347,353.369456092,353.37648921,353.698178409,353.698187461,0.3313908860000083,0.007033117999981187,0.3216891989999908,0.0025508860000513778
367,2,16,0.30845498400003635,0.002485483000043587,353.803545182,354.109514683,353.803656152,353.81045014,354.107046185,354.107054627,0.30596950099999276,0.006793988000026729,0.29659604500000114,0.0024600559999612415
368,0,16,0.3015249030000291,0.002341354999998657,354.213169609,354.512353157,354.213275391,354.220475828,354.509951486,354.50996003,0.29918354800003044,0.007200436999994508,0.289475657999958,0.0023931270000048244
369,1,16,0.27595275500004846,0.0024084080000079666,354.61579957,354.889343917,354.615910234,354.623462602,354.887058917,354.887067517,0.2735443470000405,0.007552368000006027,0.2635963149999725,0.002276400000027934
370,0,16,0.26210470000000896,0.002351499999974749,354.991958717,355.251711917,354.992063917,354.999127017,355.249530517,355.249539217,0.2597532000000342,0.007063099999982114,0.25040350000000444,0.0021727000000169028
371,0,16,0.26250559999999723,0.0023298999999497028,355.354312217,355.614487917,355.354416717,355.361027317,355.612348117,355.612356917,0.2601757000000475,0.0066105999999876985,0.25132080000003043,0.002131000000019867
372,0,16,0.29108259999998154,0.0023605000000088694,355.717181717,356.005903817,355.717289017,355.724334817,356.003693517,356.003702017,0.28872209999997267,0.007045800000014424,0.27935869999998886,0.0022017999999661697
373,0,16,0.2644143309999549,0.0023666699999580487,356.109246738,356.371294399,356.109349254,356.116512351,356.369060878,356.369069371,0.2620476609999969,0.007163096999988738,0.2525485270000445,0.0022250279999980194
374,0,16,0.26565412999997307,0.0023818349999373822,356.474457714,356.737730009,356.474565993,356.481817553,356.735516204,356.735524898,0.2632722950000357,0.007251559999986057,0.2536986510000361,0.0022051110000234075
375,0,16,0.2963225700000294,0.0024166140000261294,356.841215129,357.135121085,356.841323104,356.848177035,357.132753909,357.132763211,0.29390595600000324,0.006853930999966451,0.2845768739999812,0.0023578739999834397
376,0,16,0.28322899799997003,0.002402459999984785,357.23851673,357.519343268,357.238625009,357.245522109,357.516957389,357.516966084,0.28082653799998525,0.00689710000000332,0.27143528000004835,0.002377184000010857
377,0,16,0.26628580800002055,0.0024173210000526524,357.622732443,357.88660093,357.622843452,357.629851965,357.884512793,357.884521386,0.2638684869999679,0.007008513000016592,0.2546608279999987,0.0020795439999687915
378,0,16,0.26413923499995917,0.0024356209999609746,357.990099698,358.251803312,357.990205348,357.997021568,358.249582025,358.249590417,0.2617036139999982,0.006816219999961959,0.2525604570000155,0.0022128950000137593
379,0,16,0.25581124799998634,0.0022258430000192675,358.35433618,358.607921585,358.354436309,358.361488837,358.605862367,358.605870389,0.25358540499996707,0.007052528000031089,0.24437352999996165,0.0020511959999680585
380,1,16,0.2629128749999836,0.0023555469999791967,358.710474159,358.971031487,358.710579217,358.717150333,358.96888364,358.968891952,0.2605573280000044,0.006571116000031907,0.25173330699999497,0.0021395350000261715
381,0,16,0.25351354399998627,0.0023281349999706435,359.073595754,359.324781163,359.073697623,359.080978438,359.322696287,359.322704841,0.2511854090000156,0.007280815000001439,0.24171784899999693,0.0020763219999935245
382,3,16,0.30049571000000697,0.0022463360000415378,359.427233853,359.725483227,359.427335823,359.434326496,359.723011374,359.723023427,0.29824937399996543,0.006990672999961589,0.2886848780000264,0.0024597999999969034
383,0,16,0.2544611419999683,0.0023023269999384866,359.827908117,360.080066932,359.828012516,359.834669286,360.077869005,360.077877073,0.2521588150000298,0.006656770000006418,0.24319971900001747,0.0021898589999977958
384,0,16,0.2605550140000332,0.002339715000061915,360.182590972,360.440806271,360.18269226,360.189452944,360.438659273,360.438667773,0.2582152989999713,0.0067606839999712065,0.24920632900000328,0.0021384979999652387
385,2,16,0.29848903900000323,0.0023371070000166583,360.543385806,360.839537738,360.543490533,360.550168236,360.837136152,360.837144847,0.2961519319999866,0.006677702999979829,0.28696791600003735,0.0023928909999995085
386,0,16,0.2564444430000208,0.002369152000028407,360.942203536,361.196278827,360.942311389,360.949106226,361.194128703,361.194137203,0.2540752909999924,0.0067948370000294744,0.2450224769999636,0.002141623999989406
387,0,16,0.25690016199996535,0.0022940969999467598,361.298830227,361.553436292,361.298931926,361.305708103,361.55128788,361.551297299,0.2546060650000186,0.006776176999949257,0.24557977700004585,0.0021389930000168533
388,0,16,0.258409142000005,0.002353775000017322,361.655993234,361.912048601,361.656094885,361.662926612,361.909428138,361.909436871,0.25605536699998765,0.006831726999962484,0.2465015260000314,0.0026117299999555144
389,0,16,0.2869034660000125,0.0023709449999955723,362.014689336,362.299221857,362.014793441,362.022000766,362.296891434,362.296899872,0.2845325210000169,0.0072073250000244116,0.274890667999955,0.00232198500003733
390,1,16,0.27374074600004406,0.0023634060000290447,362.401853524,362.673230864,362.401959698,362.408881692,362.670979935,362.670988307,0.271377340000015,0.006921994000038012,0.26209824299996853,0.00224255699998821
391,0,16,0.28920817200003057,0.00233041000007006,362.775862726,363.062740488,362.775968999,362.782866075,363.060366248,363.060374718,0.2868777619999605,0.006897076000029756,0.27750017299996443,0.0023657699999830584
392,0,16,0.271519249999983,0.002417529000013019,363.165263616,363.434365337,363.165369002,363.172451045,363.43213235,363.432141442,0.26910172099997,0.007082043000025351,0.2596813050000151,0.002223894999985987
393,0,16,0.26666847299998153,0.002372022999963974,363.536930225,363.801226675,363.537037344,363.544657778,363.798911275,363.798919872,0.26429645000001756,0.007620433999989018,0.2542534970000361,0.0023068030000104045
394,3,16,0.29347031200001084,0.002413154000009854,363.903742154,364.194799312,363.903851348,363.910982536,364.192368106,364.19237712,0.291057158000001,0.007131188000016664,0.28138556999999764,0.00242219199998317
395,0,16,0.26701060499999585,0.0023790639999674568,364.297444527,364.562076068,364.297549922,364.304717936,364.559837334,364.559845878,0.2646315410000284,0.007168014000001222,0.25511939800003347,0.0022301900000343267
396,0,16,0.2667290360000152,0.0023677780000070925,364.664697927,364.929059185,364.664802036,364.672399288,364.926669553,364.926678394,0.2643612580000081,0.007597251999982291,0.2542702650000024,0.0023807910000073207
397,0,16,0.2649481610000066,0.0023621150000394664,365.031575743,365.294161789,365.031679454,365.038671028,365.291904081,365.291912823,0.26258604599996715,0.0069915739999828475,0.253233052999974,0.0022489659999678224
398,0,16,0.26681450899997117,0.0023429549999605115,365.396705459,365.661177013,365.396824569,365.404233671,365.658856565,365.658865229,0.26447155400001066,0.007409101999996892,0.2546228940000219,0.0023117839999713397
399,0,16,0.2655431420000127,0.0023207460000094216,365.763822094,366.02704449,365.76392517,365.771228009,366.024797041,366.024805506,0.2632223960000033,0.007302839000033146,0.25356903199997305,0.002238983999973243
400,0,16,0.26681573899998057,0.0023691979999398427,366.129602629,366.39404917,366.129708991,366.137274748,366.391754571,366.391763454,0.2644465410000407,0.007565757000008944,0.25447982299999694,0.002285716000017146
401,0,16,0.26666808700002775,0.002312664000044151,366.496635393,366.760990816,366.496736798,366.503852449,366.758611779,366.758620163,0.2643554229999836,0.0071156510000491835,0.2547593299999562,0.0023706530000140447
402,0,16,0.27425413599996773,0.0023188519999735036,366.86348741,367.135422694,366.863593407,366.87090079,367.133220418,367.133229002,0.2719352839999942,0.007307383000011214,0.2623196280000002,0.0021936919999916427
403,0,16,0.2657241739999563,0.0023967479999669195,367.238053531,367.501380957,367.238160526,367.245176768,367.499151363,367.499160063,0.2633274259999894,0.007016242000020156,0.2539745949999883,0.0022208940000041366
404,0,16,0.28348894399999836,0.002400392999959422,367.604071483,367.885160034,367.604179883,367.611327864,367.88283594,367.88284494,0.28108855100003893,0.007147981000002801,0.2715080760000319,0.002315094000039153
405,3,16,0.32254643999999644,0.002299893999975211,367.98778816,368.308034706,367.98789036,367.99529954,368.305561713,368.305570613,0.3202465460000212,0.007409180000024662,0.3102621729999555,0.0024640930000146
406,0,16,0.2681449030000067,0.002399400000001606,368.41074712,368.676492623,368.4108551,368.41809367,368.674204908,368.674213523,0.2657455030000051,0.007238570000026812,0.25611123799995994,0.0022791000000097483
407,0,16,0.26758657299996,0.002489951999962159,368.779241846,369.044338467,368.779352331,368.786591601,369.042055761,369.042064275,0.26509662099999787,0.007239270000013676,0.25546415999997407,0.0022741920000157734
408,0,16,0.2668732350000482,0.002354591000084838,369.147113534,369.411632178,369.147216406,369.154450968,369.409444544,369.40945307,0.2645186439999634,0.007234562000007827,0.25499357600000394,0.0021791080000070906
409,8,16,0.36770325300000195,0.002423372000009749,369.514500653,369.879780534,369.514607988,369.521965474,369.877055521,369.877064048,0.3652798809999922,0.0073574859999894215,0.35509004699997604,0.002716485999997076
410,0,16,0.26718732799997724,0.0023737159999654978,369.982557022,370.247370634,369.982668771,369.989906683,370.245207476,370.245226736,0.26481361200001174,0.007237911999993685,0.2553007930000035,0.002143897999985711
411,0,16,0.26872482300001366,0.002442435000034493,370.350116668,370.616399056,370.350222232,370.357351567,370.61410658,370.61411562,0.26628238799997916,0.007129335000001902,0.2567550129999745,0.0022834359999706066
412,0,16,0.26769750900001554,0.0023467150000442416,370.719350457,370.984701251,370.719456825,370.726832443,370.982517051,370.982525689,0.2653507939999713,0.0073756179999691085,0.2556846080000241,0.002175561999990805
413,0,16,0.2676799999999844,0.0024299939999536946,371.08765205,371.352902056,371.0877544,371.095077788,371.350607626,371.350616273,0.2652500060000307,0.007323388000031628,0.25552983799997264,0.0022857829999907153
414,0,16,0.2680002140000397,0.00241620100007367,371.455980091,371.721564104,371.456087985,371.463396819,371.71924735,371.719256199,0.26558401299996603,0.007308834000014031,0.2558505309999646,0.002307905000009214
415,0,16,0.2960985619999974,0.0024349290000031942,371.824600408,372.118264041,371.824709308,371.832082798,372.115732627,372.115741026,0.2936636329999942,0.007373489999963567,0.28364982900001223,0.002523014999951556
416,2,16,0.30531442399995967,0.002495091999946908,372.221870555,372.524689887,372.221977405,372.229264451,372.522198863,372.522213346,0.30281933200001276,0.00728704599998764,0.29293441200002235,0.0024765410000213706
417,1,16,0.28145119399999885,0.0025260670000193386,372.627463802,372.906388929,372.627574098,372.635466477,372.904002124,372.904010733,0.2789251269999795,0.007892378999997618,0.2685356469999647,0.002378195999995114
418,5,16,0.3496479560000125,0.002346131000024343,373.009901694,373.357203519,373.010005001,373.017913686,373.354494573,373.354503088,0.3473018249999882,0.007908684999961224,0.3365808870000251,0.0027004309999938414
419,4,16,0.2973976430000107,0.0025042850000431827,373.460187053,373.755080411,373.460299875,373.467833713,373.752693611,373.752702024,0.2948933579999675,0.007533838000028936,0.28485989799997924,0.0023783870000215757
420,0,16,0.3050041609999994,0.0024297790000105124,373.857817419,374.160391801,373.857926592,373.865383086,374.157827303,374.15783592,0.3025743819999889,0.007456493999995928,0.2924442169999679,0.002555880999977944
421,0,16,0.2729744189999792,0.0024017490000005637,374.263808073,374.534380743,374.263916333,374.271380126,374.531708136,374.531716759,0.27057266999997864,0.007463792999999441,0.26032801000002337,0.002663983999980246
422,0,16,0.2712352199999941,0.002408145999993394,374.637896637,374.906723711,374.638006702,374.645447112,374.904348534,374.90435746,0.2688270740000007,0.007440410000015163,0.2589014220000081,0.002366250999955355
423,4,16,0.3016587710000067,0.0024498380000181896,375.010355553,375.309564486,375.010460546,375.018070568,375.307133921,375.307142848,0.2992089329999885,0.0076100219999943874,0.2890633530000173,0.0024216379999870696
424,2,16,0.3167698499999574,0.00242056699994464,375.413163212,375.727512495,375.41326878,375.421598552,375.724868204,375.724877035,0.31434928300001275,0.008329771999967761,0.30326965200003997,0.002635459999964951
425,3,16,0.30694861800003537,0.002667029000065213,375.831557083,376.135838672,375.831667118,375.839475238,376.133384201,376.133393032,0.30428158899997015,0.0078081199999928685,0.29390896300003533,0.002445639999962168
426,2,16,0.3149554180000109,0.0024682800000164207,376.239085405,376.551572543,376.23919006,376.247038174,376.549034719,376.54904386,0.3124871379999945,0.007848114000012174,0.3019965450000086,0.0025286830000368354
427,0,16,0.271222076000015,0.002349521000041932,376.655210673,376.924083228,376.655315794,376.663191205,376.92178581,376.921794647,0.2688725549999731,0.007875410999986343,0.2585946050000416,0.002288580999959322
428,4,16,0.3101731319999885,0.002438736999977209,377.027819065,377.33555346,377.027926725,377.035483219,377.333020171,377.333028707,0.3077343950000113,0.007556494000027669,0.2975369519999731,0.002524753000045621
429,5,16,0.35048706099996707,0.0025072760000171,377.43933772,377.787317505,377.439453765,377.447164088,377.784652421,377.78466116,0.34797978499994997,0.007710323000026165,0.3374883329999534,0.0026563449999912336
430,0,16,0.27231005300001243,0.0023955990000104066,377.891032056,378.16094651,377.891140176,377.899038997,378.15867976,378.158688499,0.269914454000002,0.007898820999969303,0.25964076299999306,0.0022580109999807974
431,3,16,0.2982001440000204,0.002298175000021274,378.263672589,378.559574558,378.263773832,378.272690927,378.557102098,378.557110672,0.2959019689999991,0.008917094999958408,0.2844111709999879,0.0024638859999868146
432,0,16,0.2672099900000262,0.002293014000031235,378.662086983,378.927003959,378.66218837,378.670012492,378.924676651,378.924685723,0.264916975999995,0.007824121999988165,0.25466415900001493,0.0023182360000078006
433,4,16,0.327292822000004,0.0023482880000074147,379.029524957,379.354469491,379.029629335,379.037282685,379.351835609,379.351844186,0.32494453399999657,0.007653349999998227,0.31455292399999735,0.0026253049999809264
434,0,16,0.26272729900000513,0.002376476999984334,379.456976833,379.717327655,379.457087035,379.464886156,379.715070157,379.715078833,0.2603508220000208,0.007799121000005016,0.25018400100003646,0.0022488220000127512
435,2,16,0.3034354330000042,0.0023863269999537806,379.81997103,380.121020136,379.820130998,379.827614371,380.118579265,380.118588053,0.3010491060000504,0.007483372999956828,0.29096489400001246,0.002432083000030616
436,0,16,0.29610371000001123,0.0023440850000611135,380.224283117,380.518042742,380.224388579,380.232082024,380.51563218,380.515640567,0.2937596249999501,0.007693445000029442,0.2835501559999898,0.002402174999986073
437,2,16,0.299208703999966,0.002402679999988777,380.621045907,380.917851931,380.621149383,380.628725043,380.915401051,380.915409438,0.29680602399997724,0.007575659999986328,0.286676008000029,0.002442492999989554
438,0,16,0.26946355999996285,0.0024123799999529183,381.021071345,381.288122525,381.021173002,381.02870521,381.285817158,381.285825848,0.26705118000000994,0.00753220799998644,0.25711194799998793,0.0022966770000039105
439,0,16,0.266160444000036,0.0023164510000128757,381.391413533,381.655257526,381.391517242,381.399099761,381.652945118,381.652953912,0.26384399300002315,0.007582518999981858,0.2538453569999888,0.00230361400002721
440,0,16,0.2917875719999756,0.002398629999959212,381.758663426,382.048052368,381.75877148,381.766841509,382.045700842,382.045709535,0.2893889420000164,0.008070029000009526,0.27885933299995713,0.002342833000000155
441,0,16,0.27427905899997995,0.002357206999988648,382.151375888,382.42329774,382.151482527,382.159222125,382.421082814,382.42109161,0.2719218519999913,0.007739598000000569,0.26186068900000237,0.0022061299999904804
442,2,16,0.29173191700004963,0.003114565000089442,382.52725578,382.815873132,382.527364874,382.535236772,382.813373795,382.81338249,0.2886173519999602,0.007871898000018973,0.2781370229999993,0.0024906419999979335
443,2,16,0.29051359099997853,0.0023843789999773435,382.919360221,383.207489433,382.919469011,382.927225852,383.205103942,383.205112536,0.2881292120000012,0.007756841000002623,0.2778780900000015,0.002376896999976452
444,0,16,0.2759364519999963,0.002464956999972401,383.311147594,383.584619089,383.311253452,383.320169289,383.582312552,383.582322564,0.2734714950000239,0.008915836999960902,0.2621432630000413,0.0022965250000197557
445,0,16,0.2670371710000268,0.0024068570000395084,383.688074977,383.952705291,383.688179847,383.696166767,383.950515759,383.950524962,0.26463031399998727,0.007986920000007558,0.2543489919999615,0.0021803289999979825
446,2,16,0.28230668999998443,0.002382756999963931,384.056087355,384.336011288,384.056190303,384.063894873,384.333659896,384.333669101,0.2799239330000205,0.007704569999987143,0.26976502299999083,0.0023421870000106537
447,0,16,0.2756818610000096,0.002331566999998813,384.439413239,384.712763533,384.439517928,384.447393526,384.710484463,384.710493364,0.27335029400001076,0.007875597999998263,0.2630909370000154,0.0022701689999848895
448,0,16,0.29130642000001217,0.002415215000041826,384.815539074,385.104430279,384.81564791,384.823576308,385.102103365,385.102112165,0.28889120499997034,0.007928397999990011,0.27852705700001934,0.002318113999990601
449,0,16,0.2796003490000203,0.002395946000035565,385.207869048,385.485073451,385.207974748,385.216251197,385.48278954,385.48279824,0.2772044029999847,0.008276448999993136,0.26653834299997925,0.0022752109999828463
450,0,16,0.2655237970000144,0.00238962899999251,385.587844599,385.850978767,385.587953149,385.595966869,385.848726116,385.848734614,0.2631341680000219,0.008013720000008107,0.2527592470000286,0.002244152999992366
451,5,16,0.3085186080000426,0.0024368740000113576,385.954369452,386.260451186,385.95447517,385.962232638,386.257981434,386.257989932,0.30608173400003125,0.007757467999965684,0.29574879599999804,0.0024612540000248373
452,1,16,0.2765878179999959,0.0022985200000107397,386.363817733,386.638107031,386.363918205,386.372198115,386.635760452,386.635768951,0.27428929799998514,0.008279909999998836,0.2635623369999962,0.0023380800000154522
453,0,16,0.2662277359999621,0.002383003999966604,386.741437994,387.005282726,386.7415414,386.749747043,387.002897292,387.002905893,0.2638447319999955,0.008205642999996599,0.2531502489999866,0.0023768330000280002
454,0,16,0.27011357899999666,0.002406490999987909,387.108761917,387.376469005,387.108869068,387.116851102,387.374103094,387.374111594,0.26770708800000875,0.007982034000008298,0.2572519920000218,0.002357410999991316
455,0,16,0.2652173210000228,0.0024306750000278043,387.479709857,387.742496503,387.479817325,387.48765347,387.740189891,387.74020335,0.262786645999995,0.00783614499999885,0.25253642100000206,0.0022931529999823397
456,0,16,0.27107729400000835,0.0022668980000162264,387.845338092,388.114148488,387.845440397,387.853695644,388.111885186,388.111893778,0.2688103959999921,0.008255247000022337,0.25818954199996824,0.0022547099999883358
457,0,16,0.2638357369999653,0.0023587349999729668,388.217064433,388.478541435,388.217167253,388.225070863,388.476216973,388.476225534,0.26147700199999235,0.007903609999971195,0.25114611000003606,0.0023159010000313174
458,0,16,0.26794272600000113,0.002360516999999618,388.581686518,388.847268727,388.581790257,388.589969231,388.844958366,388.844967229,0.2655822090000015,0.008178973999974914,0.25498913500001663,0.0023014980000084506
459,0,16,0.2636937529999841,0.002375725999968381,388.950188002,389.211506029,388.950297381,388.958107325,389.209186906,389.209195769,0.2613180270000157,0.0078099440000301,0.25107958099999905,0.0023102600000015627
460,0,16,0.3255481610000288,0.0024439110000002984,389.314564294,389.637668544,389.314671155,389.322546006,389.634654972,389.634663635,0.3231042500000285,0.007874850999996852,0.31210896600003935,0.003004909000026146
461,1,16,0.29151196099996923,0.002387850999980401,389.740942458,390.030066568,389.741047417,389.74894034,390.027651822,390.027660485,0.28912410999998883,0.007892922999985785,0.2787114820000056,0.002406082999982573
462,0,16,0.2985122229999888,0.0023996120000333576,390.132814143,390.428926754,390.132924014,390.140801628,390.426494282,390.426503051,0.29611261099995545,0.007877613999994537,0.28569265400000177,0.00242370299997674
463,0,16,0.273960800999987,0.0023703800000021147,390.532149391,390.803739812,390.532256439,390.540589261,390.801449163,390.801457832,0.27159042099998487,0.008332821999999851,0.26085990199999287,0.002281980000020667
464,0,16,0.2653021990000184,0.002520065999988219,390.906987648,391.169769781,390.907100744,390.915757835,391.167404541,391.167413109,0.26278213300003017,0.008657091000031869,0.2516467059999741,0.002356672000018989
465,0,16,0.26493327600002203,0.002365239000027941,391.272931938,391.535499975,391.273038483,391.28138723,391.533213458,391.533222228,0.2625680369999941,0.008348747000013645,0.25182622799997034,0.002277746999993724
466,0,16,0.27326811300002873,0.002348507000021982,391.638642376,391.909561982,391.63875144,391.646993845,391.907172449,391.907181622,0.27091960600000675,0.00824240499997586,0.26017860399997517,0.002380360000017845
467,0,16,0.26525563000001284,0.002394471000059184,392.012683114,392.275544273,392.012803266,392.020992046,392.273127424,392.273136294,0.26286115899995366,0.008188780000011775,0.2521353779999913,0.00240797899999734
468,2,16,0.3180008319999956,0.0023438700000042445,392.378745641,392.694402603,392.378853092,392.387484278,392.691813892,392.691822662,0.3156569619999914,0.008631186000002344,0.30432961400003933,0.0025799410000217904
469,0,16,0.29478499200001806,0.002366348000009566,392.79734139,393.089760034,392.797449144,392.805842344,393.087270106,393.087278674,0.2924186440000085,0.008393200000000434,0.2814277620000212,0.002481359999990218
470,3,16,0.2905203029999939,0.0023519349999787664,393.192876127,393.481044495,393.192976824,393.201416089,393.478506285,393.478514954,0.2881683680000151,0.008439264999992702,0.27709019599996054,0.0025295410000012453
471,0,16,0.26566527600004974,0.002424207000046863,393.58430604,393.847547109,393.584413189,393.592769295,393.845364415,393.845373185,0.2632410690000029,0.008356106000007912,0.2525951200000236,0.0021739239999760684
472,0,16,0.2652057340000056,0.0024386210000102437,393.950565427,394.21333254,393.950672173,393.958768823,394.211006713,394.211015986,0.26276711299999533,0.008096650000027239,0.2522378900000035,0.0023165540000036344
473,0,16,0.27452507199996035,0.002469162999943819,394.316577252,394.588633161,394.316680873,394.325299357,394.586270441,394.586279009,0.2720559090000165,0.008618484000010085,0.2609710840000048,0.002354152000009435
474,4,16,0.3376140280000186,0.002339637000034145,394.691858116,395.027132507,394.691965063,394.700338607,395.024580891,395.024589358,0.33527439099998446,0.008373543999994126,0.32424228400003585,0.002543148999961886
475,0,16,0.26411962899999253,0.002420375999975022,395.130392137,395.39209139,395.130499084,395.138851965,395.389886621,395.389895189,0.2616992530000175,0.008352881000007528,0.25103465600000163,0.002196201000003839
476,0,16,0.26626109699998324,0.0023914489999583566,395.494847027,395.758716675,395.494955385,395.50365975,395.756469269,395.756477938,0.2638696480000249,0.008704364999971403,0.2528095189999817,0.002238737000027413
477,0,16,0.2701768200000174,0.0023639290000119217,395.861921471,396.129734362,395.862025999,395.870369807,396.127476876,396.127485545,0.2678128910000055,0.008343807999949604,0.25710706900002833,0.002248817000008785
478,0,16,0.26947324599996136,0.002316855999993095,396.232751672,396.499908062,396.232853378,396.241642313,396.497576086,396.497584553,0.26715638999996827,0.008788934999984122,0.2559337729999811,0.0023235089999502634
479,1,16,0.28313329499997053,0.0024771849999751794,396.60360698,396.88426309,396.603718884,396.612559694,396.881848436,396.881857515,0.28065610999999535,0.00884081000003789,0.2692887419999579,0.002405575000011595
480,0,16,0.27386731199999303,0.00238772299996981,396.988273867,397.259753456,396.988382506,396.997079586,397.257287491,397.257296468,0.2714795890000232,0.008697079999990365,0.26020790500001567,0.002456988000005822
481,4,16,0.30431535200000326,0.0024027180000416593,397.363654981,397.665567615,397.363761682,397.372075004,397.663074108,397.663083187,0.3019126339999616,0.00831332199999224,0.2909991039999795,0.002484428000002481
482,0,16,0.272863851000011,0.0024857550000092488,397.7696347,398.040012796,397.769756805,397.778676366,398.037675159,398.037684034,0.27037809600000173,0.008919561000027443,0.2589987929999893,0.0023287619999905473
483,4,16,0.35317641699998603,0.0024442370000201663,398.143994807,398.494726987,398.14410365,398.153527339,398.492014671,398.492023342,0.35073217999996587,0.009423689000016111,0.3384873319999997,0.002703644999996868
484,0,16,0.2758150720000003,0.0024003739999898244,398.598744803,398.872159501,398.598853646,398.607190328,398.869367312,398.869376187,0.2734146980000105,0.00833668199999238,0.262176984000007,0.002783313999998427
485,0,16,0.27397962500003814,0.0023250910000456315,398.976070717,399.247725251,398.976176398,398.98446483,399.245356808,399.245365478,0.2716545339999925,0.00828843199997209,0.26089197800001784,0.002359773000023324
486,0,16,0.27434859099997766,0.002376094999988254,399.351787645,399.623760141,399.351895366,399.360658343,399.621344467,399.62135324,0.2719724959999894,0.008762977000003502,0.2606861239999603,0.0024069009999720947
487,7,16,0.3489781369999605,0.002393436999966525,399.72765932,400.07424402,399.727767143,399.736212974,400.071532928,400.071541701,0.346584699999994,0.008445831000017279,0.33531995399999914,0.002702318999979525
488,3,16,0.30928849299999683,0.0024079209999854356,400.178257245,400.485137817,400.178363743,400.187316252,400.482602997,400.482612177,0.3068805720000114,0.0089525090000393,0.2952867449999985,0.002525639999987561
489,3,16,0.33531312000002345,0.0023942529999771978,400.588814923,400.92173379,400.588921828,400.598165267,400.919102469,400.919111344,0.33291886700004625,0.00924343899998803,0.3209372019999819,0.0026224460000321415
490,0,16,0.2735159940000358,0.0024033310000390884,401.025720594,401.296833257,401.025828826,401.034947916,401.294459509,401.294468485,0.2711126629999967,0.009119090000012875,0.2595115929999565,0.0023647720000212757
491,0,16,0.2828049290000081,0.002428527999995822,401.400922683,401.681299084,401.401029792,401.410172854,401.678927784,401.678936965,0.28037640100001227,0.009143062000021018,0.26875493000000006,0.002362118999997165
492,0,16,0.2828495070000372,0.0024678010000229733,401.785335159,402.065716865,401.785446349,401.793981132,402.063417176,402.063426254,0.2803817060000142,0.008534783000015977,0.2694360439999741,0.0022906110000349145
493,0,16,0.27423872700001084,0.002425467000023218,402.169770996,402.441584256,402.169881574,402.178841632,402.439203877,402.43921265,0.2718132599999876,0.00896005800001376,0.26036224500001026,0.002371605999996973
494,1,16,0.2736904989999971,0.002308800000037081,402.544204372,402.815586071,402.544312572,402.553373672,402.813263671,402.813272471,0.27138169899996,0.009061099999996713,0.259889998999995,0.0023135999999794876
495,1,16,0.2768730999999889,0.0024032000000033804,402.918217571,403.192687471,402.918351571,402.927159171,403.190391371,403.190399871,0.2744698999999855,0.008807600000011462,0.2632321999999476,0.002287599999988288
496,13,16,0.4447318989999758,0.0024044999999546235,403.29537227,403.737699669,403.29547917,403.30389737,403.734458769,403.734475569,0.44232739900002116,0.008418199999994158,0.43056139899999835,0.0032241000000112763
497,0,16,0.27810909999999467,0.002409899999975096,403.840446069,404.116145269,403.840554369,403.849016069,404.113878069,404.113887269,0.2756992000000196,0.008461699999998018,0.2648619999999937,0.0022580000000402833
498,0,16,0.2687904000000003,0.0023903000000018437,404.218836468,404.485236568,404.218945568,404.227961468,404.482914868,404.482923368,0.2664000999999985,0.009015900000008514,0.2549534000000335,0.002313200000003235
499,0,16,0.27158121100001154,0.0024345720000269466,404.587976068,404.857122707,404.588081568,404.596440568,404.854716858,404.854725702,0.2691466389999846,0.008358999999984462,0.25827629000002617,0.0023970049999775256
500,0,16,0.2824959199999739,0.0024153019999744174,404.960863121,405.240943739,404.960968846,404.969602393,405.238461849,405.23847049,0.2800806179999995,0.008633546999988084,0.26885945599997285,0.002473248999990574
501,0,16,0.27407026499997755,0.0023916170000006787,405.344672564,405.616351212,405.344779712,405.353895019,405.614042345,405.614051596,0.2716786479999769,0.009115307000001849,0.2601473259999807,0.0022996159999593146
502,0,16,0.2816655739999874,0.00253546300001517,405.720096811,405.999226922,405.720205992,405.728684815,405.996787322,405.996795963,0.2791301109999722,0.008478823000018565,0.2681025069999805,0.0024309589999802483
503,3,16,0.3082859570000096,0.0024201830000265545,406.102702008,406.408567782,406.102813019,406.111574351,406.405917648,406.405926289,0.30586577399998305,0.00876133200000595,0.2943432970000117,0.002641492999998718
504,5,16,0.3831980690000023,0.0024078819999999723,406.512219754,406.893009941,406.512326597,406.521064039,406.890209352,406.890218196,0.38079018700000233,0.008737441999983275,0.36914531299999,0.002791745000024548
505,0,16,0.2733849849999501,0.0023824669999612524,406.99685364,407.267856158,406.996995962,407.005701382,407.265549934,407.265558575,0.27100251799998887,0.008705419999955666,0.259848551999994,0.002297582999972292
506,3,16,0.30779230400003144,0.002386331000025166,407.371668242,407.677074215,407.371775999,407.380928208,407.674656777,407.674665418,0.30540597300000627,0.009152208999978484,0.29372856899999533,0.002408796999986862
507,0,16,0.27445493999999826,0.0024250619999861556,407.780921777,408.052951655,407.781030044,407.790010246,408.050678674,408.050687315,0.2720298780000121,0.008980202000032023,0.26066842799997403,0.002264340000010634
508,0,16,0.27327397400000564,0.0024516970000263427,408.156656998,408.427479275,408.156764756,408.166099645,408.42514906,408.425157803,0.2708222769999793,0.009334889000001567,0.2590494150000495,0.002321472000005542
509,3,16,0.30180634999999256,0.0023990380000213918,408.53115107,408.830558382,408.531257201,408.540626959,408.827916584,408.827925631,0.29940731199997117,0.00936975799999118,0.28728962499997124,0.002632750999964628
510,0,16,0.27365183799997794,0.0023759599999948477,408.933745164,409.205021042,408.933851194,408.942764099,409.202652603,409.202661142,0.2712758779999831,0.008912904999988314,0.25988850400000274,0.002359899999987647
511,2,16,0.3008404920000203,0.0024941899999930683,409.308441944,409.606788246,409.308551633,409.317475923,409.604292023,409.60430046,0.2983463020000272,0.008924290000038582,0.28681610000001,0.0024877860000174223
512,3,16,0.3618483710000078,0.0024172349999957987,409.710596467,410.070027603,409.71070514,409.71991143,410.067193772,410.067202413,0.359431136000012,0.009206290000008721,0.3472823419999713,0.002825190000010025
513,0,16,0.2723926969999866,0.0024587109999743006,410.173970318,410.443904304,410.174078483,410.182712843,410.441195513,410.441204154,0.2699339860000123,0.00863435999997364,0.2584826700000349,0.002700150000009671
514,0,16,0.2733615020000002,0.0023728099999971164,410.547609443,410.818598135,410.54772025,410.557124775,410.816176021,410.816184865,0.2709886920000031,0.009404524999979458,0.2590512460000127,0.0024132699999768192
515,0,16,0.2738240479999945,0.002372911000009026,410.922411743,411.19386288,410.922519705,410.931396114,411.191465062,411.191474008,0.27145113699998547,0.008876408999981322,0.26006894800002556,0.0023888719999831665
516,0,16,0.2774000000000001,0.002332799999976487,411.296501579,411.571568779,411.296607479,411.305235379,411.568815679,411.568824479,0.2750672000000236,0.008627900000021782,0.263580300000001,0.0027443000000175743
517,0,16,0.2682578999999805,0.0024103999999738335,411.674195479,411.940042979,411.674300079,411.682937779,411.937713579,411.937721679,0.2658475000000067,0.008637700000008408,0.25477580000000444,0.0023213000000055217
518,0,16,0.2637733000000253,0.0023406999999906475,412.042742279,412.304174879,412.042848179,412.051389179,412.301936879,412.301946079,0.26143260000003465,0.008541000000036547,0.25054769999997006,0.002228800000011688
519,0,16,0.2634044000000131,0.002492399999994177,412.406887779,412.667799779,412.406995979,412.416073379,412.665462879,412.665471179,0.2609120000000189,0.009077400000023772,0.2493895000000066,0.0023285999999984597
520,5,16,0.3523219850000032,0.0023515789999919434,412.771363616,413.121334022,412.771467776,412.78075512,413.118551703,413.118560628,0.3499704060000113,0.009287343999972109,0.3377965829999994,0.0027733939999734503
521,0,16,0.26687306799999533,0.0023863659999960873,413.224866944,413.489353646,413.224972119,413.23372446,413.486707437,413.486716767,0.26448670199999924,0.008752341000047181,0.25298297699998784,0.00263687899996512
522,10,16,0.39422208199999886,0.0023922480000351243,413.592887076,413.98471691,413.592992758,413.602236287,413.981375044,413.981383766,0.39182983399996374,0.009243529000002582,0.3791387570000211,0.003333143999952881
523,3,16,0.3486116519999882,0.002402695999990101,414.088345778,414.434554734,414.088452271,414.097779981,414.43140689,414.431415612,0.3462089559999981,0.009327709999979561,0.33362690900003145,0.003139121999993222
524,0,16,0.27052640200003,0.00247176400000626,414.538113621,414.806168259,414.538221838,414.547751277,414.803751263,414.803760087,0.2680546380000237,0.00952943899994807,0.2559999860000062,0.0024081720000026507
525,0,16,0.27410011900002473,0.0024660850000373102,414.909062221,415.180696255,414.909174292,414.918414272,415.177827525,415.177836349,0.2716340339999874,0.009239980000018022,0.2594132529999911,0.0028599059999692145
526,0,16,0.27006016299998237,0.0024580720000244582,415.284111224,415.551713315,415.284225932,415.2934437,415.549349972,415.54935839,0.2676020909999579,0.009217767999984972,0.25590627200000426,0.0023549249999632593
527,0,16,0.2937398419999795,0.002325208999991446,415.655127777,415.94654241,415.655232242,415.664268261,415.944197424,415.944206248,0.29141463299998804,0.009036019000006945,0.27992916299996295,0.00233616200000597
528,0,16,0.2976968340000212,0.0024133450000363155,416.05014146,416.345424949,416.050248055,416.059449696,416.342937769,416.34294639,0.2952834889999849,0.009201641000004201,0.2834880730000009,0.002478558999996494
529,0,16,0.29776346800002784,0.0023947839999891585,416.448284427,416.743653111,416.448392239,416.457356857,416.741244635,416.741253459,0.2953686840000387,0.008964617999993152,0.28388777800000753,0.0023996520000082455
530,1,16,0.27525176899996495,0.0023555330000135655,416.847109561,417.120005797,416.847214026,416.856201363,417.11758302,417.117591641,0.2728962359999514,0.008987337000007756,0.2613816569999585,0.0024141559999861784
531,6,16,0.3807755110000244,0.002408477000074072,417.223570363,417.601937397,417.223678581,417.233430946,417.599030532,417.599039559,0.3783670339999503,0.009752364999997098,0.36559958599997344,0.0028978379999671233
532,0,16,0.26787258500002054,0.002398029999994833,417.705629553,417.971104108,417.705740712,417.714902393,417.968855271,417.968864298,0.2654745550000257,0.009161680999966393,0.2539528780000069,0.0022398099999918486
533,2,16,0.28589127500003997,0.0023440720000280635,418.074563905,418.358111108,418.074669892,418.085447535,418.355800809,418.355809632,0.2835472030000119,0.010777643000039916,0.2703532740000014,0.0023014760000137358
534,0,16,0.26715360199995075,0.0023791649999793663,418.46178663,418.726561067,418.46189576,418.470828836,418.724230179,418.724239003,0.2647744369999714,0.008933076000005258,0.2534013430000073,0.002322063999997681
535,2,16,0.6804750290000356,0.0024387000000274384,418.829399551,419.50743588,418.829510608,419.225224816,419.504799914,419.504808231,0.6780363290000082,0.3957142079999585,0.27957509800000935,0.002627648999975918
536,0,16,0.27205848699998114,0.0024322080000160895,419.61028978,419.879916059,419.610399722,419.619475702,419.877674321,419.877683145,0.26962627899996505,0.009075979999977335,0.25819861899998386,0.002232913999989705
537,0,16,0.2661431999999877,0.002354400000001533,419.982575574,420.246364374,419.982685274,419.991382674,420.244107174,420.244115874,0.26378879999998617,0.008697400000016842,0.25272449999999935,0.002248500000007425
538,3,16,0.291776499999969,0.0023165999999719133,420.349011474,420.638471374,420.349116274,420.358181074,420.636145274,420.636153774,0.2894598999999971,0.009064800000032847,0.27796419999998534,0.002317600000026232
539,0,16,0.2999019399999838,0.002436740000007376,420.741236974,421.038702174,420.741350074,420.750075474,421.036324362,421.036333076,0.29746519999997645,0.008725400000002992,0.2862488879999887,0.0023690979999742012
540,0,16,0.2675410659999784,0.002395747999969444,421.142294069,421.407439387,421.142401479,421.151585533,421.405205767,421.405214279,0.26514531800000896,0.009184054000002106,0.2536202339999818,0.0022251080000046386
541,0,16,0.27289099199998645,0.00246769199998198,421.511102617,421.781525917,421.511211649,421.520270864,421.779089434,421.77909825,0.2704233000000045,0.009059214999979304,0.25881857000001673,0.002427667000006295
542,0,16,0.30159132500000396,0.002514100999974289,421.885077279,422.184154503,421.885189857,421.895310809,422.18167232,422.181681339,0.2990772240000297,0.010120952000022498,0.2863615109999955,0.002473163999979988
543,0,16,0.29183252699999684,0.002542677000008098,422.287881065,422.577170915,422.287993035,422.297769262,422.574737473,422.574746288,0.28928984999998875,0.009776226999974824,0.2769682110000531,0.0024246270000389814
544,0,16,0.2637612739999895,0.0024446449999686592,422.680874982,422.942191611,422.680986952,422.690771792,422.939928395,422.939936877,0.26131662900002084,0.009784840000008899,0.24915660299996034,0.0022547340000187432
545,0,16,0.26009884699999475,0.0024020160000191026,423.044733321,423.302430152,423.044839252,423.054572238,423.300189587,423.300200961,0.25769683099997565,0.009732986000017263,0.24561734899998555,0.002229191000026276
546,3,16,0.28333835500001214,0.0023406170000157545,423.404846363,423.685844101,423.404952198,423.414238806,423.683492497,423.683501172,0.2809977379999964,0.009286608000024899,0.2692536909999603,0.0023429290000080982
547,0,16,0.26170599900001434,0.002400237000017569,423.788456281,424.047762043,423.788563861,423.798176452,424.045551357,424.0455597,0.2593057619999968,0.009612591000006887,0.24737490500001513,0.0022023429999649125
548,1,16,0.29888305100001844,0.0024623219999853063,424.150383516,424.446804245,424.150490126,424.160930863,424.444326887,424.444335327,0.29642072900003313,0.010440736999953515,0.2833960240000124,0.002468918000033682
549,0,16,0.26987968900004944,0.00232653800009075,424.549364409,424.81691756,424.549471893,424.558857002,424.814425231,424.81443362,0.2675531509999587,0.009385109000049852,0.25556822899994813,0.0024839399999905254
550,3,16,0.3034536609999918,0.0023457159999793475,424.919456682,425.220564627,424.919563398,424.928722295,425.218084101,425.218092392,0.3011079450000125,0.00915889700002026,0.28936180599998806,0.002472234999970624
551,0,16,0.28798785500003987,0.002367470000024241,425.323127453,425.608747838,425.323231243,425.332874754,425.60632584,425.606334424,0.28562038500001563,0.009643510999978844,0.27345108600002277,0.002413413999988734
552,0,16,0.2635976309999819,0.002355276999992384,425.711289593,425.972531947,425.71139787,425.721082936,425.970283466,425.970291797,0.2612423539999895,0.009685066000031384,0.24920052999999598,0.0022401499999773478
553,0,16,0.29165836200002104,0.0024608909999983553,426.07519821,426.364395681,426.075304561,426.085129402,426.361872253,426.361880487,0.2891974710000227,0.00982484100001102,0.2767428509999945,0.0025151940000114337
554,1,16,0.27131854800001065,0.0023589529999981096,426.466970883,426.735930478,426.467075862,426.476768572,426.733613741,426.733622206,0.26895959500001254,0.009692710000024363,0.25684516899997334,0.0023082719999933943
555,0,16,0.26473646300001974,0.0024664560000360325,426.838576335,427.100846342,426.838684415,426.848768267,427.098416406,427.098424576,0.2622700069999837,0.010083852000036586,0.24964813899998717,0.0024217659999976604
556,6,16,0.3496268339999915,0.002391742999975577,427.203487179,427.55072227,427.203593685,427.21308083,427.548000675,427.548009534,0.3472350910000159,0.00948714500003689,0.3349198450000017,0.002712735999978122
557,1,16,0.27324681700002884,0.0024173580000592665,427.65336478,427.924194239,427.653472959,427.663641267,427.921772161,427.921780262,0.2708294589999696,0.010168308000004345,0.2581308939999758,0.002413976999946499
558,4,16,0.3098044209999671,0.0023330639999699088,428.026764552,428.334235909,428.026871153,428.036890728,428.331654374,428.331663069,0.30747135699999717,0.010019575000001169,0.2947636459999785,0.0025728399999707108
559,3,16,0.35160262000005105,0.0023831190000578317,428.436784397,428.786003898,428.436891024,428.44614705,428.783214066,428.783222573,0.3492195009999932,0.009256026000002748,0.3370670160000486,0.002781325000000834
560,0,16,0.28430091300003824,0.0033646460000227307,428.889644319,429.170580586,428.889828074,428.900883115,429.168202458,429.168211161,0.2809362670000155,0.011055041000020083,0.26731934299999693,0.002369425000040337
561,0,16,0.27406228399996735,0.0024315339999247954,429.273234695,429.544865445,429.273340912,429.283454038,429.542505614,429.542514614,0.27163075000004255,0.010113126000021566,0.2590515759999903,0.002350831000001108
562,0,16,0.27401788800000304,0.002493694999998297,429.64758463,429.919108823,429.647693913,429.65797586,429.916807834,429.91681666,0.27152419300000474,0.01028194700000995,0.2588319739999747,0.0022921629999927973
563,0,16,0.27368988000000627,0.0026465199999847755,430.022018114,430.293061474,430.022130778,430.032193999,430.290772783,430.290781411,0.2710433600000215,0.010063220999995792,0.258578784000008,0.0022800630000006095
564,4,16,0.3047453500000188,0.002425356000003376,430.395707948,430.698027942,430.395817042,430.405525806,430.695518285,430.695526914,0.3023199940000154,0.009708764000038173,0.28999247899997727,0.0025010279999833074
565,0,16,0.28985819700000093,0.0024947169999904872,430.800779709,431.088143189,430.800889368,430.811638533,431.085692117,431.085700667,0.28736348000001044,0.0107491649999929,0.2740535840000007,0.0024425219999670844
566,0,16,0.2734315209999636,0.0025430339999843454,431.190920988,431.461809475,431.191030349,431.20128749,431.459373714,431.459382562,0.27088848699997925,0.01025714100001096,0.2580862239999533,0.0024269130000220684
567,0,16,0.30447368599999436,0.002461504999985209,431.564526032,431.866538213,431.564636487,431.574857041,431.864018045,431.864027211,0.30201218100000915,0.010220553999999993,0.28916100400005007,0.0025110020000056466
568,2,16,0.31013593599999467,0.0025102049999645715,431.969248765,432.276874496,431.969360452,431.979556794,432.27421634,432.274225207,0.3076257310000301,0.010196342000028835,0.2946595459999912,0.002649289000032695
569,0,16,0.29855203199997504,0.0024507239999707053,432.379585447,432.675686755,432.37969275,432.389511789,432.673186115,432.67319548,0.29610130800000434,0.009819038999978602,0.28367432600003895,0.0024912750000112283
570,0,16,0.28841810399995893,0.0023772359999725268,432.778231151,433.064272019,432.77834045,432.788949473,433.061810139,433.061819222,0.2860408679999864,0.010609023000029083,0.2728606659999855,0.0024527969999894594
571,0,16,0.27269876299999396,0.0023846220000223184,433.166805382,433.437119523,433.166914582,433.177131026,433.434756062,433.434764946,0.27031414099997164,0.010216443999979674,0.25762503600003583,0.00235457700000552
572,6,16,0.32099452500000325,0.002477627000018856,433.539687822,433.85820472,433.539796722,433.550264904,433.855602261,433.855611459,0.3185168979999844,0.010468182000010984,0.3053373569999849,0.0025932610000154455
573,0,16,0.273787628999969,0.0024278949999825272,433.960856697,434.232216431,433.960964775,433.971446698,434.22942981,434.229438308,0.2713597339999865,0.010481923000043025,0.2579831119999767,0.002778122999984589
574,0,16,0.2746431520000101,0.00236860800004024,434.334809021,434.607083565,434.334918998,434.346646762,434.604682464,434.604691662,0.27227454399996986,0.011727763999999752,0.25803570200002923,0.0023919029999888153
575,0,16,0.27218775199997935,0.00240620299996408,434.709668356,434.979449905,434.709777034,434.71976166,434.977100556,434.977109267,0.2697815490000153,0.009984626000004937,0.25733889599996473,0.0023406380000210447
576,4,16,0.30407741599998417,0.002417530999991868,435.082220221,435.383880106,435.082328052,435.093290845,435.38137577,435.38138438,0.3016598849999923,0.010962793000032889,0.2880849249999642,0.0024957260000064707
577,0,16,0.27331958300004544,0.002347833000101218,435.486452082,435.757423832,435.48655771,435.496746565,435.75505793,435.755066451,0.2709717499999442,0.010188855000023977,0.2583113649999973,0.0023573809999675177
578,4,16,0.3627915740000276,0.0024484040000061214,435.860265201,436.220608371,435.860373366,435.871126934,436.21787567,436.217884492,0.3603431700000215,0.010753568000041014,0.346748735999995,0.002723879000029683
579,3,16,0.31595069799999465,0.0023537369999644397,436.323380571,436.636977532,436.323487233,436.334423749,436.634436058,436.634445178,0.3135969610000302,0.010936516000015217,0.3000123090000102,0.0025323539999817513
580,3,16,0.30138007599998673,0.002475457999992159,436.739635232,437.03853985,436.739742986,436.75033428,437.03598722,437.035996057,0.29890461799999457,0.010591293999993923,0.2856529399999772,0.002543793000029382
581,0,16,0.27719276599998466,0.0025251010000033602,437.142437464,437.417105129,437.142546766,437.153697318,437.414662104,437.414670739,0.2746676649999813,0.0111505520000037,0.2609647859999882,0.0024343900000189933
582,0,16,0.2807563289999848,0.0025879609999606146,437.520978668,437.799147036,437.521090814,437.533040911,437.79674107,437.796750322,0.2781683680000242,0.011950097000010373,0.26370015899999544,0.002396714000042266
583,0,16,0.2884774289999541,0.0026099300000055337,437.902982638,438.188850137,437.903088483,437.913711217,438.186417227,438.186425971,0.28586749899994857,0.010622734000037326,0.27270600999997896,0.0024241659999688636
584,0,16,0.31461870999999064,0.002560615999982474,438.292925899,438.604983993,438.293037031,438.304421625,438.602440662,438.602449305,0.31205809400000817,0.011384593999991921,0.2980190370000173,0.0025346880000256533
585,0,16,0.3083191729999726,0.002607525999962945,438.708934591,439.014646238,438.709047655,438.719682386,439.012140102,439.012171037,0.30571164700000963,0.010634730999981912,0.29245771600000126,0.002475201000038396
586,3,16,0.3249454989999663,0.0026222440000083225,439.118643269,439.440966524,439.118752864,439.130314591,439.438163555,439.438172713,0.32232325499995795,0.011561727000014344,0.3078489640000157,0.002793811000003643
587,1,16,0.2875676369999951,0.0024634530000184895,439.543730126,439.82883431,439.543844402,439.555645671,439.826332997,439.826341959,0.2851041839999766,0.011801268999988679,0.2706873260000293,0.002492351000000781
588,0,16,0.27772754000000077,0.0024773829999844565,439.932868595,440.208118752,439.932980814,439.942956637,440.205510412,440.205519577,0.2752501570000163,0.009975822999990669,0.26255377500001487,0.0025991750000002867
589,0,16,0.2787909770000283,0.0025613940000539515,440.312150082,440.588379665,440.312265764,440.323235371,440.585858698,440.585867557,0.27622958299997435,0.01096960699999272,0.2626233269999716,0.0025121080000189977
590,0,16,0.288595928999996,0.002466131000005589,440.692465374,440.978595172,440.69259572,440.702836206,440.976165861,440.976175541,0.2861297979999904,0.010240485999986504,0.27332965500005457,0.0024196310000093035
591,0,16,0.27760381699999925,0.002557803000001968,441.082705239,441.357751253,441.082814777,441.094376755,441.355299626,441.355308797,0.2750460139999973,0.011561977999974715,0.2609228709999911,0.00244245599998294
592,0,16,0.2785744070000078,0.0026282130000367943,441.461076922,441.737023116,441.46119023,441.472501033,441.734508159,441.734516723,0.275946193999971,0.011310803000014857,0.2620071259999577,0.002506392999976015
593,0,16,0.2760055589999979,0.002510061999998925,441.84096379,442.114459287,441.841076243,441.852175167,442.111711966,442.111720831,0.273495496999999,0.011098924000009447,0.2595367989999886,0.002738455999974576
594,0,16,0.274818659999994,0.002478973999984646,442.217198195,442.489537881,442.217317925,442.228672078,442.487172761,442.487182224,0.27233968600000935,0.011354153000013412,0.2585006830000225,0.0023556570000096144
595,1,16,0.33104519499994467,0.0024893069999052386,442.592182559,442.920738447,442.592292627,442.60260168,442.918087443,442.918096014,0.32855588800003943,0.0103090530000145,0.31548576299996967,0.0026424330000054397
596,0,16,0.2758383039999899,0.0024771999999870786,443.02340277,443.296763874,443.023516281,443.034918257,443.294426694,443.294435862,0.2733611040000028,0.011401976000001923,0.2595084369999654,0.0023280120000208626
597,0,16,0.2748710219999566,0.00243554199994378,443.3994273,443.67186278,443.399538917,443.410878507,443.66944687,443.669455441,0.27243548000001283,0.01133959000003415,0.25856836299999486,0.0024073390000012296
598,0,16,0.27709719300003144,0.00255802300000596,443.774605314,444.049144484,443.774717079,443.787160135,444.046803808,444.046812981,0.2745391700000255,0.012443055999995067,0.25964367299997093,0.0023315029999935177
599,0,16,0.27447376600002826,0.0023946140000248306,444.151770788,444.42384994,444.151879262,444.163527903,444.421411359,444.421420232,0.27207915200000343,0.01164864099996521,0.25788345600000184,0.0024297080000224014
600,0,16,0.30203174299998636,0.00246254600000384,444.526533672,444.826102869,444.526642147,444.538048415,444.823595351,444.823604128,0.2995691969999825,0.011406267999973352,0.2855469360000029,0.0024987410000107957
601,0,16,0.28414943500001755,0.002450468999995792,444.929615948,445.211314914,444.929726406,444.941540667,445.208894976,445.208904004,0.28169896600002176,0.01181426100004046,0.2673543089999839,0.0024109100000373473
602,0,16,0.3054851119999853,0.0024693340000112585,445.314932525,445.617948303,445.315047852,445.325740085,445.615371959,445.615380986,0.30301577799997403,0.010692232999986118,0.28963187400000834,0.0025673170000004575
603,0,16,0.27493731999999227,0.0024814889999902334,445.721366095,445.993821926,445.721478278,445.732972829,445.991460158,445.991468985,0.27245583100000204,0.01149455099999841,0.2584873289999905,0.002352941000026476
604,0,16,0.27453865999996196,0.002514470999983587,446.097502394,446.369526583,446.097616033,446.108513426,446.367095414,446.367104038,0.2720241889999784,0.010897392999993372,0.2585819880000031,0.002422545000001719
605,1,16,0.2824242390000222,0.002465516000029311,446.472775526,446.752734249,446.472885107,446.484435519,446.75033751,446.750346645,0.2799587229999929,0.011550411999962762,0.2659019910000211,0.002387604000034571
606,3,16,0.319035939999992,0.002526445999990301,446.856323508,447.172833002,446.856436164,446.867929854,447.170302496,447.170311732,0.3165094940000017,0.011493690000008883,0.30237264199996616,0.0025212699999883625
607,0,16,0.27428893100000096,0.002465346999997564,447.276569119,447.548392703,447.276678832,447.288044236,447.545953743,447.545962573,0.2718235840000034,0.011365404000002854,0.2579095069999653,0.002430129999993369
608,0,16,0.281881468999984,0.002414209999983541,447.652137751,447.93160501,447.65224716,447.663512391,447.929096112,447.929105249,0.27946725900000047,0.011265230999981668,0.26558372100004135,0.0024997610000241366
609,0,16,0.28529675900000484,0.0024987459999579187,448.035261464,448.318059477,448.035372321,448.047235529,448.315627529,448.315636463,0.2827980130000469,0.011863207999965653,0.26839200000000574,0.002423014000044077
610,0,16,0.2733086850000177,0.0024484959999995226,448.421821002,448.692681191,448.421930742,448.43389232,448.690406595,448.690415224,0.2708601890000182,0.011961578000011741,0.2565142750000291,0.002265967000028013
611,0,16,0.27236765099996774,0.002419577999944522,448.796293958,449.066242031,448.796403823,448.806815755,449.063792499,449.063801739,0.2699480730000232,0.010411932000010893,0.25697674399998505,0.0024402920000170525
612,0,16,0.2728854999999726,0.0025857969999947272,449.170113187,449.44041289,449.170238892,449.181397746,449.43811851,449.438127547,0.27029970299997785,0.011158854000029805,0.25672076399996513,0.0022853429999827313
613,2,16,0.2896472140000128,0.002410610000026736,449.543544333,449.830780937,449.543653386,449.554340489,449.828339981,449.828349121,0.2872366039999861,0.010687103000009301,0.2739994919999731,0.002431816000012077
614,0,16,0.2734042260000251,0.002464822000035838,449.934465452,450.205404856,449.934575339,449.945449703,450.203040678,450.203049412,0.2709394039999893,0.010874364000017067,0.25759097499997097,0.002355443999988438
615,0,16,0.27302815500002,0.002417597000032856,450.309071801,450.579682359,450.309184328,450.32063138,450.577347531,450.577356062,0.2706105579999871,0.011447051999994073,0.2567161509999778,0.002326297000024624
616,0,16,0.2699400280000077,0.0024711320000392334,450.683045035,450.950513931,450.683154109,450.694615177,450.947694647,450.947703237,0.2674688959999685,0.011461068000016894,0.25307946999998876,0.0028106940000043323
617,3,16,0.29589541199999303,0.002374406999990697,451.053053004,451.346574009,451.053161677,451.064844633,451.344148862,451.344157152,0.29352100500000233,0.011682956000015565,0.2793042289999903,0.002416857000014261
618,0,16,0.268249633000039,0.002376704000027985,451.449192989,451.715065918,451.44930236,451.46076967,451.712640671,451.712648762,0.265872929000011,0.011467310000000452,0.2518710009999836,0.002417155999978604
619,2,16,0.3095593049999934,0.0024191109999947003,451.817653137,452.124793331,451.817760826,451.828870692,452.121896113,452.121905004,0.3071401939999987,0.011109866000026614,0.29302542099998163,0.002888326999993751
620,0,16,0.26844491899998957,0.002416711999956078,452.227363966,452.493392173,452.227472055,452.238467039,452.49099464,452.491003631,0.2660282070000335,0.010994983999978558,0.25252760099999705,0.0023885420000056
621,1,16,0.30128841300000886,0.002346929999987424,452.595913658,452.894855141,452.596021647,452.607060986,452.892383202,452.892393837,0.29894148300002144,0.011039339000035397,0.2853222159999973,0.002461304000007658
622,2,16,0.3144899219999502,0.0024565449999727207,452.998376275,453.310409652,452.998484543,453.009793458,453.307730596,453.307739306,0.31203337699997746,0.01130891499997233,0.29793713800000887,0.002670346000002155
623,0,16,0.2787638380000317,0.0024031690000470007,453.413867587,453.690228256,453.413975754,453.424640427,453.687825998,453.687834809,0.2763606689999847,0.010664673000007951,0.26318557100000817,0.0023934470000313013
624,2,16,0.32721236700001555,0.0027466099999742255,453.793983848,454.118449605,453.794093141,453.805462162,454.115866579,454.115875594,0.3244657570000413,0.011369021000007251,0.31040441699997245,0.0025740110000356253
625,0,16,0.2723425429999793,0.0025070579999919573,454.222103377,454.491938862,454.222210745,454.23365776,454.48946594,454.489474347,0.26983548499998733,0.011447015000044303,0.2558081799999741,0.0024645149999855676
626,1,16,0.30337529100000893,0.002437256999996862,454.594679697,454.895617731,454.594788788,454.605974609,454.893180901,454.893189314,0.30093803400001207,0.011185820999969565,0.2872062920000076,0.002428417000032823
627,0,16,0.27481048000004193,0.0024588280000443774,454.999094576,455.271446228,454.999206995,455.009585445,455.26899257,455.26900149,0.27235165199999756,0.010378450000018802,0.25940712499999563,0.0024447380000083285
628,0,16,0.272595750999983,0.002413515999990068,455.374959971,455.645142206,455.375071174,455.385783638,455.642785762,455.642794277,0.27018223499999294,0.010712463999993815,0.257002123999996,0.0023479289999954744
629,6,16,0.3622829470000397,0.002542761000029259,455.748813478,456.108553664,455.748923972,455.7602702,456.105750179,456.105758998,0.35974018600001045,0.011346227999979419,0.3454799790000038,0.002794665999999779
630,1,16,0.2804623570000331,0.002525124000044343,456.212271769,456.490209002,456.21238429,456.223675474,456.487842117,456.487850835,0.27793723299998874,0.011291184000015164,0.26416664300001,0.002358166999954392
631,0,16,0.31497687199998836,0.0024765670000306272,456.593210321,456.905710626,456.593319091,456.604588785,456.903025236,456.903033447,0.31250030499995773,0.011269693999963692,0.29843645100004323,0.0026771789999884277
632,4,16,0.30251567699997395,0.0024855890000026193,457.009305566,457.309335654,457.009415249,457.020260609,457.306825938,457.306834757,0.30003008799997133,0.010845359999962056,0.2865653289999841,0.002500897000004443
633,0,16,0.30282059600000366,0.002450108999994427,457.412873726,457.713244213,457.412980671,457.424441143,457.71053632,457.710544835,0.30037048700000923,0.011460472000010213,0.2860951769999929,0.002699377999988428
634,3,16,0.31568838699996604,0.0024788989999819933,457.816836417,458.130045905,457.816948633,457.828738862,458.127427217,458.127436239,0.31320948799998405,0.011790229000041563,0.2986883549999675,0.0026096659999552685
635,0,16,0.2709756569999513,0.002483561999952144,458.233487879,458.501979974,458.233599183,458.244853165,458.49951405,458.499522768,0.26849209499999915,0.011253981999971074,0.25466088500002115,0.0024572059999741214
636,0,16,0.2891943569999853,0.002435816000001978,458.605375013,458.892133554,458.605485202,458.616460822,458.889522063,458.88953068,0.2867585409999833,0.010975620000010622,0.2730612409999935,0.002602873999990152
637,0,16,0.27087296899998137,0.0026482879999321085,458.995891903,459.264116584,458.996000369,459.006798085,459.261820253,459.261829275,0.26822468100004926,0.010797716000013224,0.25502216799998223,0.002287308999996185
638,1,16,0.34493268300002455,0.002522386999999071,459.367759068,459.710169364,459.367870777,459.379453806,459.707279005,459.707287723,0.3424102960000255,0.011583029000007627,0.3278251989999603,0.0028816410000445103
639,0,16,0.26798619999999573,0.002527499999985139,459.813157446,460.078616146,459.813264946,459.824573546,460.076270046,460.076278646,0.2654587000000106,0.011308600000006663,0.25169649999998,0.0023375000000100954
640,3,16,0.2942352000000028,0.0024505999999746564,460.181283846,460.473068446,460.181392946,460.192679046,460.470560646,460.470569746,0.29178460000002815,0.011286100000006627,0.2778816000000006,0.0024986999999896398
641,0,16,0.28041289999998753,0.0023990999999909945,460.575760246,460.853774046,460.575867746,460.586749046,460.851373646,460.851382146,0.27801379999999654,0.010881300000050942,0.26462459999999055,0.0023919000000205415
642,0,16,0.29025840000002745,0.0024238999999965927,460.956446446,461.244280946,460.956554646,460.968000446,461.241727546,461.241736346,0.28783450000003086,0.011445800000046802,0.2737270999999737,0.0025446000000215463
643,5,16,0.3198134730000106,0.0024706270000365294,461.347501973,461.664844819,461.347613511,461.359270688,461.661838934,461.661847844,0.3173428459999741,0.011657176999960939,0.3025682460000212,0.002996974999973645
644,2,16,0.296052866000025,0.002428942000051393,461.76920408,462.062828004,461.769315515,461.780819469,462.06030166,462.06031057,0.2936239239999736,0.011503953999977057,0.2794821909999996,0.0025174339999693984
645,2,16,0.32309405500001276,0.0024767730000121446,462.16636246,462.486979742,462.166473178,462.178222638,462.4842336,462.484242715,0.3206172820000006,0.011749460000032741,0.30601096199995936,0.0027370270000233177
646,0,16,0.27938570899999604,0.0024669400000334463,462.591333575,462.868252344,462.591445625,462.603080986,462.865790833,462.865799948,0.2769187689999626,0.011635361000003286,0.26270984699999644,0.0024523959999669387
647,0,16,0.28028395100000125,0.0025791940000203795,462.972780909,463.250485666,462.97289091,462.985214446,463.24798636,463.247995476,0.2777047569999809,0.012323535999996693,0.26277191400004085,0.002490189999946324
648,0,16,0.28743977800002085,0.002522145999989789,463.35328473,463.638202362,463.353396165,463.365778901,463.635739621,463.635748839,0.28491763200003106,0.012382736000006389,0.2699607200000287,0.0024535230000424235
649,0,16,0.28077352899998687,0.002491110999983448,463.742604538,464.020886956,463.74271372,463.753578457,464.018423805,464.018433023,0.2782824180000034,0.010864737000019886,0.2648453479999944,0.002453933000026609
650,0,16,0.2852508110000258,0.0025778630000559133,464.124858446,464.407531394,464.124966297,464.136329727,464.404681703,464.404690511,0.2826729479999699,0.011363429999960317,0.2683519760000195,0.002840882999976202
651,0,16,0.29275538500002085,0.0025770450000663914,464.510680743,464.800859083,464.510796377,464.522250144,464.797958693,464.797967706,0.29017833999995446,0.011453766999977688,0.27570854900000086,0.0028913769999689976
652,2,16,0.3309191069999997,0.0025899490000256264,464.903721752,465.23205091,464.903834211,464.915331815,465.229356593,465.229365401,0.3283291579999741,0.011497603999998773,0.3140247779999754,0.0026855090000026394
653,0,16,0.2797374260000538,0.0024137820000760257,465.335976618,465.613300262,465.336086722,465.348343069,465.610875623,465.610884021,0.2773236439999778,0.012256347000004553,0.2625325540000176,0.0024162409999917145
654,2,16,0.3429588309999758,0.0024434860000042136,465.717476495,466.05799184,465.717586189,465.728401866,466.05520606,466.055215278,0.3405153449999716,0.010815677000039159,0.3268041939999762,0.002776562000008198
655,0,16,0.29499196500000835,0.0024318600000015067,466.162391865,466.45495197,466.16250115,466.173709923,466.45249627,466.45250487,0.29256010500000684,0.011208772999964367,0.2787863469999934,0.0024471000000403365
656,0,16,0.2732979910000495,0.0024357000000350126,466.557659766,466.828522057,466.557769166,466.569716266,466.826087958,466.826096658,0.27086229100001447,0.011947099999986222,0.2563716920000161,0.002425399000003381
657,0,16,0.27208019099998637,0.0024822999999969397,466.931271654,467.200869545,466.931379054,466.942656554,467.198445745,467.198454345,0.26959789099998943,0.011277500000005602,0.2557891910000194,0.0024151999999730833
658,1,16,0.28099519099998815,0.0023610999999732485,467.303535942,467.582170033,467.303641142,467.314603242,467.579701933,467.579710333,0.2786340910000149,0.010962099999971997,0.26509869100004835,0.002459700000031262
659,2,16,0.2904758909999714,0.002403299999969022,467.684840129,467.97291272,467.684947929,467.697032329,467.97048782,467.97049632,0.2880725910000024,0.012084400000048845,0.2734554909999929,0.0024164000000155283
660,1,16,0.30926478899999665,0.002412200000037501,468.075556117,468.382408706,468.075661617,468.088287016,468.379861407,468.379870507,0.30685258899995915,0.012625399000000925,0.2915743910000401,0.0025381989999573307
661,4,16,0.33368118900000354,0.0024137999999993554,468.485066803,468.816334192,468.485172903,468.496442203,468.813468992,468.813477492,0.3312673890000042,0.011269300000037674,0.31702678900001047,0.0028566999999952714
662,0,16,0.28194089099997655,0.00231789999998,468.918847889,469.19847088,468.918952189,468.930956988,469.19589348,469.19590268,0.27962299099999655,0.01200479900001028,0.2649364920000039,0.0025681999999846994
663,1,16,0.287487743999975,0.0024650109999697634,469.301161776,469.586184509,469.301271076,469.313286476,469.583417819,469.583426851,0.28502273300000525,0.01201539999999568,0.27013134300000274,0.002757658000007268
664,1,16,0.2972518479999735,0.002520062999963102,469.690430032,469.985161817,469.690539542,469.702030692,469.982532964,469.98254374,0.2947317850000104,0.011491149999983463,0.28050227199997835,0.0026180770000223674
665,2,16,0.29676639100000557,0.002454274000001533,470.089621536,470.383933653,470.089732278,470.10149438,470.381362788,470.381371614,0.29431211700000404,0.011762102000034247,0.27986840799997026,0.002562038999997185
666,0,16,0.27978927800000974,0.0024112710000281368,470.488242296,470.765620303,470.488351908,470.499655136,470.763122102,470.763130928,0.2773780069999816,0.011303227999974297,0.26346696600000996,0.0024893749999819192
667,3,16,0.34224594500000194,0.002623516000028303,470.870244646,471.209867075,470.870357132,470.882076231,471.207020536,471.20702926,0.33962242899997364,0.011719099000004007,0.3249443050000309,0.002837814999963939
668,0,16,0.2844125040000449,0.002436108000040349,471.314195423,471.596171819,471.314305856,471.326563268,471.593745667,471.593754699,0.28197639600000457,0.012257411999996748,0.2671823990000348,0.002417120000018258
669,0,16,0.2807446929999742,0.0024890669999422244,471.700674028,471.978929654,471.700783846,471.71286832,471.976459883,471.976468812,0.27825562600003195,0.01208447400000523,0.26359156300003406,0.002460842000004959
670,0,16,0.28098639500001354,0.002509492000001501,472.083546197,472.3620231,472.083655912,472.095428791,472.359570777,472.359579398,0.27847690300001204,0.011772879000034209,0.2641419859999701,0.0024437019999936638
671,10,16,0.3993362169999841,0.0024784949999911987,472.46633318,472.863190902,472.466442074,472.479297428,472.859821137,472.859830477,0.3968577219999929,0.012855354000009811,0.3805237089999878,0.0033604249999825697
672,1,16,0.29765919999999824,0.002566657999977906,472.967068278,473.26216082,472.967211452,472.979170508,473.259613253,473.259621977,0.29509254200002033,0.011959055999966495,0.2804427450000162,0.0025388430000248263
673,0,16,0.2905744120000122,0.002442574000042441,473.365794648,473.653926486,473.365901079,473.378224278,473.651422435,473.651431056,0.2881318379999698,0.012323198999979468,0.2731981569999675,0.0024954300000104013
674,0,16,0.2813826619999986,0.002520985999979075,473.757794934,474.03665661,473.757903828,473.770125215,474.034112532,474.034121564,0.27886167600001954,0.012221387000010964,0.26398731699998734,0.002535046000048169
675,0,16,0.2733063999999672,0.0024179999999205393,474.139697358,474.410585758,474.139802458,474.151208358,474.408109158,474.408117858,0.27088840000004666,0.011405899999999747,0.2569007999999826,0.00246789999999919
676,0,16,0.3027202989999864,0.002329900000006546,474.513164458,474.813554857,474.513271458,474.524025358,474.811021157,474.811030357,0.3003903989999799,0.01075389999999743,0.28699579900001027,0.002524499999992713
677,0,16,0.2737093989999835,0.0024198999999498483,474.916214557,475.187504056,474.916319557,474.928486557,475.185093356,475.185102256,0.27128949900003363,0.012166999999976724,0.2566067989999965,0.0024018000000296524
678,0,16,0.2716280989999973,0.0024211999999579348,475.290279356,475.559486255,475.290384956,475.301157556,475.556987555,475.556996355,0.26920689900003936,0.010772599999995691,0.25582999899995684,0.002489900000000489
679,0,16,0.2991543989999741,0.0024782999999501953,475.662335855,475.959011954,475.662443555,475.675010155,475.956419254,475.956427654,0.2966760990000239,0.01256660000001375,0.28140909900002953,0.0025843000000236316
680,0,16,0.2720430989999727,0.0025040999999532687,476.061650354,476.331189353,476.061759354,476.072990554,476.328696053,476.328704553,0.26953899900001943,0.011231199999997443,0.25570549899998696,0.002484799999990628
681,0,16,0.2732970999999793,0.002338599999973212,476.433932553,476.704891053,476.434038653,476.444629853,476.702356153,476.702364353,0.2709585000000061,0.010591199999964829,0.25772630000000163,0.00252669999997579
682,2,16,0.2842856999999981,0.002468700000008539,476.807606352,477.089423352,476.807713252,476.819208552,477.086826752,477.086835152,0.28181699999998955,0.011495300000035513,0.2676181999999585,0.0025881999999910477
683,0,16,0.27092999899997494,0.002312299999971401,477.192023752,477.460641451,477.192124152,477.204254252,477.458281751,477.458290051,0.26861769900000354,0.012130099999978938,0.2540274990000171,0.0023514000000091073
684,0,16,0.27297406400003865,0.0025169430000460125,477.564517905,477.834975026,477.564629791,477.576526983,477.832475814,477.832485189,0.27045712099999264,0.011897191999992174,0.255948831000012,0.002489836999984618
685,0,16,0.27223253400001113,0.0026564450000137185,477.938954519,478.208530608,477.939063654,477.950025195,478.206191482,478.206200347,0.2695760889999974,0.010961541000028774,0.256166286999985,0.0023302609999973356
686,2,16,0.3278941629999963,0.002505631000019548,478.312744676,478.638133208,478.312855748,478.323825135,478.635453021,478.635462905,0.32538853199997675,0.010969386999988728,0.3116278859999966,0.00267030300000215
687,0,16,0.2721606939999788,0.00239761699998553,478.741904824,479.011667901,478.742014061,478.753772056,479.00917949,479.009187948,0.26976307699999325,0.011757994999982202,0.25540743400000565,0.0024799530000336745
688,0,16,0.2738248310000131,0.0023566520000599667,479.115504427,479.386972606,479.115610608,479.127227674,479.384561843,479.384570708,0.2714681789999531,0.011617065999985243,0.2573341689999893,0.0024018979999596013
689,2,16,0.30757672799995817,0.0024567189999515904,479.489865839,479.794985848,479.489974363,479.502163092,479.792422337,479.792431304,0.3051200090000066,0.012188729000001786,0.29025924500001565,0.002554544000020087
690,0,16,0.27203861699996423,0.002463444999989406,479.897872866,480.167448038,479.897983937,479.90968711,480.164887074,480.164895939,0.2695751719999748,0.011703173000000788,0.2551999639999849,0.0025520989999563426
691,1,16,0.29894860799998924,0.0024445930000069893,480.271079744,480.567583759,480.27118674,480.282819296,480.564685606,480.564694574,0.29650401499998225,0.01163255599999502,0.28186630999999807,0.0028891850000150043
692,0,16,0.27110245700004043,0.00239863600006629,480.671391753,480.940095574,480.671497119,480.683059872,480.937569766,480.93757853,0.26870382099997414,0.011562753000021075,0.254509894000023,0.0025170440000010785
693,2,16,0.3199487759999897,0.002401997999982086,481.043927617,481.361474395,481.044032269,481.056311078,481.358741219,481.358749473,0.31754677800000763,0.01227880900000855,0.3024301410000021,0.0027249220000271634
694,0,16,0.27271034599999666,0.0024921809999796096,481.464587937,481.734806102,481.464695646,481.477135865,481.732250029,481.732258792,0.27021816500001705,0.012440218999984154,0.2551141640000196,0.0025473100000112936
695,4,16,0.34115305199998147,0.0024391929999296735,481.838401328,482.177115187,481.838510667,481.849440822,482.174297535,482.174306401,0.3387138590000518,0.010930155000039576,0.3248567129999742,0.002808786000002783
696,0,16,0.2708656400000109,0.002472615000044698,482.281185982,482.549579007,482.281296544,482.292881614,482.547157137,482.547165799,0.2683930249999662,0.011585070000023734,0.2542755229999898,0.002413207999950373
697,0,16,0.27027037599998494,0.0023434529999804,482.653391689,482.921318612,482.653500314,482.66550603,482.918938112,482.918946912,0.26792692300000454,0.012005716000032862,0.2534320819999607,0.0023716999999692234
698,1,16,0.2744208000000299,0.002393600000061724,483.024004611,483.296031811,483.024110411,483.035581611,483.293549811,483.293558411,0.27202719999996816,0.011471200000016779,0.25796819999999343,0.002473399999985304
699,0,16,0.26700199900000143,0.002415599000016755,483.39873761,483.66332401,483.39884521,483.41062781,483.66085381,483.66086251,0.2645863999999847,0.01178260000000364,0.25022599999999784,0.0024614999999812426
700,0,16,0.2709381989999997,0.002506000000039421,483.76609051,484.034522709,483.76621401,483.77794061,484.032191609,484.032200409,0.2684321989999603,0.011726599999974496,0.25425099900002124,0.002322300000002997
701,0,16,0.2683862990000421,0.0023864000000344276,484.137275109,484.403275008,484.137381709,484.149654909,484.400718908,484.400727108,0.26599989900000764,0.012273199999981443,0.2510639989999959,0.00254789999996774
702,0,16,0.26786639899995635,0.0024266999999440486,484.505980608,484.771420307,484.506089208,484.517709908,484.768831307,484.768840107,0.2654396990000123,0.011620699999980388,0.2511213990000556,0.0025802000000112457
703,0,16,0.2674731989999941,0.002389499999992495,484.874091507,485.139175206,484.874199107,484.885807007,485.136751506,485.136760506,0.2650836990000016,0.011607900000001337,0.25094449900001337,0.002414700000031189
704,0,16,0.2803740159999961,0.0026173210000024483,485.241965006,485.519721701,485.242072606,485.254323206,485.517231706,485.517240406,0.27775669499999367,0.012250599999958922,0.2629085000000373,0.002481294999995498
705,2,16,0.29550731900002347,0.002411729000016294,485.623256552,485.916352142,485.623367857,485.636052232,485.913679915,485.913689567,0.2930955900000072,0.012684374999992087,0.2776276829999915,0.00266257499998801
706,0,16,0.2833526660000416,0.0025619490000394762,486.020943665,486.301734382,486.021055278,486.033155819,486.299226031,486.299238866,0.28079071700000213,0.012100540999995246,0.26607021199998826,0.0024955160000104115
707,5,16,0.3775514089999774,0.00255034699995349,486.405873912,486.780874974,486.405983676,486.417901551,486.777835155,486.777844294,0.3750010620000239,0.011917874999994638,0.3599336039999912,0.0030306800000516887
708,1,16,0.2816230349999955,0.0025750929999617256,486.883802991,487.162850933,486.883914295,486.895122862,487.16040306,487.160411788,0.2790479420000338,0.01120856699998285,0.26528019800002767,0.002439145000039389
709,0,16,0.2736968149999939,0.0025022930000204724,487.267325094,487.538519616,487.267432805,487.279629454,487.536078315,487.536087145,0.2711945219999734,0.012196648999974968,0.25644886100002395,0.0024324709999632432
710,1,16,0.3003917699999761,0.002419429999974909,487.643047683,487.941020023,487.643158474,487.655541486,487.938458998,487.93846752,0.29797234000000117,0.012383011999986593,0.28291751199998316,0.0025525030000039806
711,0,16,0.27345829000000776,0.002411010000002989,488.045314598,488.316361878,488.04542313,488.057932437,488.313930742,488.313939469,0.2710472800000048,0.012509306999959335,0.2559983050000483,0.002422409000018888
712,3,16,0.30111863600001243,0.0024390419999917867,488.420307343,488.718986937,488.420416183,488.432850124,488.716297563,488.716306496,0.29867959400002064,0.01243394100004025,0.2834474389999855,0.002680440999995426
713,1,16,0.29138556999998855,0.002504756999996971,488.82199679,489.110877603,488.822106143,488.834516365,489.108347895,489.108356828,0.2888808129999916,0.01241022200002817,0.2738315299999954,0.0025207749999935913
714,0,16,0.2738493960000028,0.002507734999994682,489.215265513,489.486607174,489.215375791,489.22785604,489.483987211,489.483995733,0.2713416610000081,0.012480249000020649,0.2561311709999927,0.0026114410000559474
715,0,16,0.28493515899998556,0.002933033000033447,489.590594122,489.872596248,489.590703783,489.603055581,489.869956776,489.869965607,0.2820021259999521,0.012351797999997416,0.26690119500000264,0.0026306409999961033
716,1,16,0.2932756889999837,0.0024694349999663245,489.976724791,490.267531045,489.976835171,489.989256482,490.264850809,490.264859331,0.29080625400001736,0.012421310999968682,0.2755943270000216,0.0026717139999732353
717,0,16,0.27743135999998003,0.0024618360000090433,490.372049768,490.647019292,490.372158506,490.384072992,490.64443999,490.644449436,0.274969523999971,0.011914485999966473,0.2603669980000518,0.002569855999979609
718,0,16,0.27531781199996885,0.0025440839999646414,490.751654762,491.02442849,490.751762678,490.764393968,491.022064096,491.022072823,0.2727737280000042,0.012631290000001627,0.2576701280000293,0.0023556670000175473
719,0,16,0.2770530910000275,0.0025097890000438383,491.128914254,491.403457556,491.129026071,491.140546372,491.400949616,491.400958343,0.27454330199998367,0.011520301000018662,0.26040324399997417,0.002499212999964584
720,2,16,0.30398687799998925,0.002628587999993215,491.508034088,491.809392378,491.508148575,491.520485484,491.806790281,491.806799214,0.30135828999999603,0.012336908999998286,0.2863047970000139,0.0025931639999612344
721,0,16,0.27885580399998844,0.0024785329999872374,491.913658254,492.190035525,491.91376934,491.925324658,492.187424741,492.187433247,0.2763772710000012,0.011555318000034731,0.26210008299995025,0.002602277999983471
722,0,16,0.26999390200001017,0.002396915000019817,492.293411323,492.56100831,492.293520182,492.304974236,492.558552764,492.558561067,0.26759698699999035,0.011454054000012093,0.25357852799999137,0.0024472429999491396
723,2,16,0.28631479799997805,0.002328662999957487,492.664271807,492.948257942,492.664375096,492.675499435,492.945642702,492.945651512,0.28398613500002057,0.011124338999991323,0.27014326699998037,0.0026064300000143703
724,3,16,0.34638319100002946,0.0024282060000473393,493.051674347,493.395629332,493.051784826,493.064530095,493.392743617,493.392752528,0.3439549849999821,0.012745268999992732,0.32821352199999865,0.002876803999981803
725,0,16,0.27620907200002875,0.002466585000036048,493.499233582,493.772976069,493.499341428,493.511418153,493.770445283,493.770453992,0.2737424869999927,0.012076725000042643,0.25902712999999267,0.002522076999980527
726,0,16,0.2879997950000188,0.00240574800000104,493.876254856,494.161848903,493.876365943,493.888104447,494.159368679,494.159377307,0.2855940470000178,0.0117385039999931,0.27126423200002137,0.0024715960000207815
727,0,16,0.2749600039999791,0.0024417529999709586,494.265341666,494.537859917,494.265445106,494.277560982,494.535454506,494.535463135,0.27251825100000815,0.012115875999995751,0.25789352399999643,0.0023967820000052598
728,3,16,0.3042919879999886,0.0025105770000095617,494.641415616,494.943197027,494.64152403,494.653203206,494.940495203,494.940504441,0.301781410999979,0.011679175999972813,0.2872919970000112,0.0026925860000233115
729,0,16,0.2746706960000438,0.002410283000074287,495.047075837,495.31933625,495.047185266,495.059089187,495.316929925,495.31693896,0.2722604129999695,0.011903920999998263,0.25784073800002716,0.0023972899999762376
730,0,16,0.2761561109999775,0.0023923159999412746,495.422248977,495.696012772,495.422359624,495.433940638,495.693573862,495.693582795,0.2737637950000362,0.011581014000000778,0.2596332239999697,0.0024299770000197896
731,0,16,0.2761634200000458,0.002393839000035314,495.799660541,496.073430122,495.799771189,495.811696123,496.071046638,496.071055469,0.2737695810000105,0.011924933999978293,0.2593505149999942,0.0023746530000039456
732,1,16,0.3243565010000111,0.002420029000006707,496.17681782,496.498754292,496.176928772,496.189125757,496.496098453,496.496107183,0.3219364720000044,0.012196985000002769,0.30697269600000254,0.0026471090000086406
733,0,16,0.274754138999981,0.0023090770000067096,496.60236227,496.874807332,496.60246977,496.613856289,496.872421817,496.87243075,0.2724450619999743,0.011386518999984219,0.2585655279999628,0.002376582000010785
734,1,16,0.2934303839999757,0.0023892709999699946,496.978449925,497.269491038,496.978557628,496.990856124,497.266912347,497.26692128,0.2910411130000057,0.01229849600002808,0.27605622300001187,0.0025697579999928166
735,1,16,0.2824136710000289,0.002327451000041947,497.372901678,497.652987898,497.373007452,497.384782251,497.650123352,497.650132184,0.28008621999998695,0.011774798999965697,0.26534110099999,0.0028557140000202708
736,0,16,0.2742013080000447,0.0023685620000151175,497.75662836,498.028461106,497.756736977,497.768256272,498.026014583,498.026023516,0.2718327460000296,0.011519294999970953,0.2577583110000319,0.0024375899999995454
737,4,16,0.3366204820000007,0.002412110000022949,498.131914278,498.46612265,498.132022997,498.143621674,498.463395347,498.463404178,0.33420837199997777,0.01159867699999495,0.3197736730000429,0.0027184719999695517
738,0,16,0.27518332800002554,0.0023504930000513014,498.569823815,498.84265665,498.56992624,498.581569785,498.840079888,498.840088618,0.27283283499997424,0.011643545000026734,0.2585101029999919,0.0025680319999992207
739,0,16,0.28403115100002196,0.0023534360000212473,498.946102615,499.22778033,498.946209811,498.958382128,499.225008666,499.225017396,0.2816777150000007,0.01217231699996546,0.26662653800002545,0.002762933999974848
740,2,16,0.33197157000000743,0.002495552000027601,499.331294714,499.660770732,499.331402214,499.344058436,499.658013077,499.658021807,0.32947601799997983,0.012656222000032358,0.31395464100000936,0.0027489249999916865
741,0,16,0.275047303000008,0.0024818489999915982,499.764506918,500.037072372,499.764616043,499.776462204,500.034554081,500.034563116,0.2725654540000164,0.011846160999994026,0.25809187700002667,0.002509255999996185
742,0,16,0.27463080299997955,0.002410994000001665,500.140767954,500.412987763,500.14087718,500.152849926,500.410564283,500.410573216,0.2722198089999779,0.011972745999969447,0.25771435699999756,0.0024145470000007663
743,0,16,0.27948354800003017,0.0024312959999974737,500.516625382,500.793677634,500.51673207,500.528609192,500.791188882,500.791197815,0.2770522520000327,0.01187712199998714,0.2625796899999955,0.0024798190000296927
744,0,16,0.2787476930000139,0.0025116929999740023,500.897205011,501.173441011,500.897313628,500.909081626,501.170923126,501.170932059,0.2762360000000399,0.011767997999982072,0.2618415000000027,0.0025089520000278753
745,3,16,0.3027651570000103,0.002348666999978377,501.276766179,501.577182669,501.276870634,501.289135427,501.574509877,501.57451881,0.3004164900000319,0.012264793000042573,0.28537445000000616,0.002663859000051616
746,3,16,0.30997621199998093,0.0024536289999446126,501.681036507,501.98855909,501.681145327,501.693573351,501.985866605,501.985875132,0.3075225830000363,0.012428023999973448,0.2922932540000147,0.002683958000034181
747,0,16,0.2774832599999968,0.0024317300000120667,502.092725799,502.367777329,502.092837398,502.105285491,502.365223249,502.365232361,0.2750515299999847,0.012448093000045901,0.2599377579999782,0.0025449679999951513
748,0,16,0.2777569330000347,0.0024031640000430343,502.4716145,502.746968269,502.47172354,502.483690426,502.744527631,502.744536436,0.27535376899999164,0.011966885999981969,0.260837204999973,0.0024318330000028254
749,0,16,0.2873920160000125,0.0024517970000488276,502.851249583,503.136189802,502.851356575,502.863519015,503.133592107,503.133600912,0.2849402189999637,0.012162439999997332,0.2700730920000183,0.002588889999969979
750,0,16,0.27680813800003534,0.0024257920000536615,503.240535824,503.51491817,503.240646194,503.2527127,503.512316686,503.512325286,0.2743823459999817,0.01206650599999648,0.2596039860000019,0.0025928839999664888
751,3,16,0.32369944799995665,0.002398557999924833,503.619173888,503.940474778,503.619282313,503.631876508,503.93765153,503.93766054,0.3213008900000318,0.012594195000019681,0.3057750219999775,0.0028142379999849254
752,0,16,0.2789262649999955,0.0024367469999901914,504.044596885,504.321086403,504.044700293,504.057429226,504.318554234,504.318563448,0.2764895180000053,0.012728933000005327,0.26112500799996496,0.0025229549999608025
753,0,16,0.2877471879999689,0.0024352119999662136,504.425340893,504.710652869,504.425450342,504.438264765,504.708095923,504.708105035,0.2853119760000027,0.012814423000008901,0.26983115799998814,0.0025478339999835953
754,0,16,0.2796064039999919,0.002808607000019947,504.815199359,505.091997156,504.815310549,504.828046751,505.089522732,505.089531844,0.276797796999972,0.012736201999985042,0.2614759809999896,0.0024653119999697992
755,0,16,0.2780310159999999,0.0024178049999932227,505.19620373,505.471816941,505.196312872,505.208375795,505.469389613,505.469399135,0.2756132110000067,0.01206292299997358,0.2610138179999808,0.0024178059999826473
756,0,16,0.27798176900000726,0.0023921069999914835,505.574859814,505.850449476,505.574968649,505.587013245,505.848038735,505.848047949,0.2755896620000158,0.01204459599995289,0.26102549000000863,0.0024015270000177225
757,0,16,0.3071405219999974,0.0024880419999817605,505.954611513,506.259263993,505.954722907,505.966724297,506.256571797,506.25658224,0.30465248000001566,0.01200138999996625,0.2898475000000076,0.0026817529999902945
758,0,16,0.2799009639999781,0.002492034999988846,506.363522681,506.64093161,506.36363899,506.376296356,506.638465581,506.638474796,0.27740892899998926,0.012657365999984904,0.26216922499997963,0.002456813999970109
759,0,16,0.279195843000025,0.002476267000020016,506.744614386,507.021333962,506.744725883,506.75712524,507.018793806,507.018802918,0.27671957600000496,0.012399356999992506,0.26166856600002575,0.0025310440000225753
760,0,16,0.27892196500005184,0.0024309110000899636,507.125610976,507.40210203,507.125720732,507.138254418,507.399590542,507.399599552,0.2764910539999619,0.01253368599998339,0.2613361240000245,0.0025024779999966995
761,1,16,0.2861930960000336,0.0024398190000738396,507.506336657,507.790089934,507.506446003,507.518712159,507.787586637,507.787595954,0.2837532769999598,0.012266156000009687,0.26887447799998654,0.002493979999997009
762,0,16,0.30333090300001686,0.002488451000033365,507.894295484,508.195137936,507.894406674,507.906642421,508.192309569,508.192318681,0.3008424519999835,0.012235747000033825,0.28566714799995907,0.00281925499996305
763,0,16,0.2722037149999892,0.0024357519999966826,508.299464812,508.569232775,508.29960129,508.311762092,508.566627997,508.566636709,0.2697679629999925,0.012160801999982596,0.25486590500003103,0.002596065999966868
764,3,16,0.33373014199997897,0.00252393599998868,508.672900565,509.004106771,508.673010988,508.685478204,509.001323694,509.001332609,0.3312062059999903,0.012467216000004555,0.31584549000001516,0.002774162000036995
765,2,16,0.2923155629999883,0.0024109799999791903,509.107003116,509.396907699,509.107111614,509.119486236,509.394448801,509.394457209,0.2899045830000091,0.012374621999981628,0.2749625650000098,0.002450490000001082
766,2,16,0.2872858250000263,0.0024415750000343905,509.499735561,509.784579811,509.499846187,509.512039674,509.781997421,509.782005931,0.2848442499999919,0.012193486999990455,0.26995774700003494,0.0025738799999999173
767,0,16,0.2705976410000517,0.0023254720000522866,509.887351955,510.155624124,509.887476156,509.900210819,510.153243326,510.153252037,0.2682721689999994,0.012734663000003366,0.25303250700000035,0.0023720869999692695
768,0,16,0.2721934639999972,0.002624409000020478,510.259410366,510.528979421,510.259523612,510.273527311,510.526460966,510.52646988,0.26956905499997674,0.01400369899999987,0.25293365499999254,0.002509540999994897
769,0,16,0.2803748239999777,0.0024048050000260446,510.632218274,510.910188293,510.632326658,510.644687582,510.907722308,510.907731019,0.27797001899995166,0.012360924000006435,0.2630347260000008,0.0024572739999939586
770,0,16,0.27466319799998473,0.002304626000011467,511.013601675,511.285960247,511.013718668,511.02647413,511.283295321,511.283304133,0.27235857199997326,0.012755461999972795,0.25682119100002865,0.002656113999989884
771,1,16,0.31936059299999897,0.0024096660000054726,511.389522833,511.70647376,511.389633952,511.402092928,511.703771761,511.703780573,0.3169509269999935,0.012458976000004895,0.30167883299998266,0.002693186999977115
772,0,16,0.27203129399998716,0.002388293999956659,511.809906893,512.079549893,511.810044348,511.822723435,512.077097784,512.077106496,0.2696430000000305,0.012679086999980882,0.25437434899998834,0.002443396999979086
773,0,16,0.2725064600000451,0.002519366000115042,512.182791379,512.452778473,512.182900574,512.195618962,512.450305599,512.45031431,0.26998709399993004,0.012718388000052983,0.2546866369999634,0.0024641630000132864
774,0,16,0.28003822600010153,0.0023273150001159593,512.556418447,512.834129358,512.556521361,512.568585192,512.831251615,512.831260427,0.27771091099998557,0.012063830999977654,0.2626664230000415,0.0028689310000800106
775,2,16,0.3057814139999664,0.0024165529999891078,512.937699034,513.241063895,512.937808026,512.950368397,513.23837476,513.23838337,0.3033648609999773,0.012560371000063242,0.28800636300002225,0.0026805250000734304
776,5,16,0.3298420209999904,0.00238596500003041,513.344460968,513.671917024,513.344568642,513.357230712,513.66912538,513.669133889,0.32745605599995997,0.012662070000033054,0.3118946679999226,0.0027831349999587474
777,0,16,0.2723862249999911,0.0024207070000556996,513.77552975,514.045495268,513.775641477,513.788080296,514.043032119,514.043041032,0.2699655179999354,0.012438818999953583,0.2549518230000558,0.0024542359999486507
778,0,16,0.2710105610000255,0.0023757340001111515,514.148975098,514.417609925,514.149085203,514.161488671,514.415157209,514.41516592,0.26863482699991437,0.012403468000002249,0.2536685379999426,0.0024440049999157054
779,0,16,0.27147742200008906,0.0025326370000584575,514.52053801,514.789482795,514.520647609,514.533422215,514.787067253,514.787076268,0.2689447850000306,0.012774605999993582,0.2536450380000588,0.002406527000061942
780,0,16,0.27227024400008304,0.0023752260001401737,514.892900025,515.162795043,514.893008612,514.905736522,515.160348303,515.160357014,0.26989501799994287,0.012727909999966869,0.25461178099999415,0.002438028999904418
781,1,16,0.2940130560000398,0.002449878999982502,515.266303842,515.557867019,515.266412631,515.279195949,515.554788411,515.554797122,0.2915631770000573,0.012783318000060717,0.27559246199996323,0.003069897000045785
782,1,16,0.2861329439999736,0.0024372199999334043,515.661531709,515.945227433,515.661640295,515.675003213,515.942681527,515.942690644,0.2836957240000402,0.013362917999984347,0.2676783140000225,0.0025367890000325133
783,0,16,0.27205904800007374,0.0024232400000983034,516.048753453,516.318389261,516.048862039,516.061510636,516.315953663,516.315962273,0.26963580799997544,0.012648596999952133,0.25444302699997934,0.0024269880000247213
784,0,16,0.27732204500000535,0.002406930999995893,516.421975448,516.696890562,516.422085554,516.434680466,516.693742569,516.693750976,0.27491511400000945,0.012594912000054137,0.2590621030000193,0.00313958599997477
785,0,16,0.2725434320000204,0.002468012000008457,516.800344765,517.070420185,516.800455883,516.813303522,517.067631986,517.067640697,0.27007542000001195,0.012847638999915034,0.254328464000082,0.0027794879999873956
786,4,16,0.3313726640000141,0.002399739999987105,517.173826172,517.502799096,517.173935772,517.186704807,517.499896435,517.499905045,0.328972924000027,0.01276903499990567,0.31319162800002687,0.0028940509999983988
787,0,16,0.27237639999998464,0.002438029000018105,517.606299387,517.876237758,517.606407669,517.619161206,517.873722645,517.873732369,0.26993837099996654,0.012753536999980497,0.2545614390000992,0.002505389000020841
788,1,16,0.5375540840000212,0.002536010999961036,517.979789506,518.514807579,517.979899105,518.219645384,518.512105824,518.512114468,0.5350180730000602,0.23974627900008727,0.2924604399998998,0.0026931109999850378
789,2,16,0.30066102099999625,0.0024371069999915562,518.617861043,518.916084957,518.617969998,518.631217544,518.913497885,518.91350673,0.2982239140000047,0.01324754600000233,0.2822803409999324,0.002578226999958133
790,2,16,0.31893747100002656,0.002425348000087979,519.019038311,519.335550434,519.01914998,519.031837173,519.332862047,519.332870691,0.3165121229999386,0.012687193000033403,0.3010248740000634,0.0026797429999305677
791,0,16,0.2743833370000175,0.0024949019999667144,519.438491325,519.71037976,519.438601385,519.451088258,519.707874103,519.707882948,0.2718884350000508,0.01248687300005713,0.2567858449999676,0.002496812000003956
792,4,16,0.3326106829999844,0.0024383140000736603,519.813369701,520.14354207,519.81347755,519.826305258,520.140785234,520.140793979,0.33017236899991076,0.012827708000031635,0.31447997599991595,0.0027480909999439973
793,0,16,0.2737113150000141,0.002467060000071797,520.246638252,520.517882507,520.246748413,520.259223224,520.515486709,520.515495454,0.2712442549999423,0.012474811000060981,0.25626348499997675,0.0023870530000067447
794,1,16,0.285547575999999,0.002446655999960967,520.620630516,520.903731436,520.620739471,520.633433499,520.901291313,520.901300158,0.28310092000003806,0.012694028000055368,0.2678578139999672,0.0024312780000173007
795,0,16,0.27178370199999335,0.0024590200000602636,521.006736454,521.276061136,521.006843599,521.019706788,521.273652171,521.273661117,0.2693246819999331,0.012863188999972408,0.25394538299997294,0.002400018999992426
796,0,16,0.2774289430000181,0.0024285650000592796,521.378875382,521.65387576,521.379003032,521.391789229,521.651438954,521.651447799,0.2750003779999588,0.012786196999968524,0.25964972500003114,0.002427960999966672
797,0,16,0.2778450609999936,0.002469975000053637,521.756670005,522.032045091,521.756777352,521.770551378,522.029491289,522.029499933,0.27537508599994,0.013774026000078265,0.2589399109999704,0.002545157999975345
798,0,16,0.27560767099998884,0.002436806999980945,522.135003974,522.408174838,522.135113029,522.147642519,522.405723759,522.405732704,0.2731708640000079,0.012529490000019905,0.2580812400000241,0.002442134000034457
799,0,16,0.2716598709999971,0.002504451000049812,522.511212924,522.780368344,522.511317657,522.525070375,522.777883896,522.777892841,0.2691554199999473,0.01375271800009159,0.2528135210000073,0.0024755029999141698
800,0,16,0.27930680300005406,0.00265139900000122,522.883574084,523.160229488,522.883693693,522.896319172,523.157374352,523.157382896,0.27665540400005284,0.012625478999893858,0.2610551800000849,0.0028465920000826372
801,0,16,0.3024637990000656,0.0024867600001243773,523.26331773,523.563294769,523.263427087,523.27696692,523.560649501,523.560658748,0.2999770389999412,0.013539832999981627,0.28368258099999366,0.0026360209999438666
802,0,16,0.2803515220000463,0.0024349970000230314,523.666330744,523.944247269,523.666440101,523.67898115,523.941461386,523.941470432,0.2779165250000233,0.0125410489999922,0.2624802359999876,0.0027768370000558207
803,2,16,0.3003508420000571,0.002418010000042159,524.047217912,524.345150744,524.04732747,524.059975966,524.342517939,524.342526986,0.29793283200001497,0.012648495999997067,0.2825419729999794,0.002623757999913323
804,0,16,0.2767961209999612,0.003629578999948535,524.449405122,524.722571664,524.449529154,524.462235343,524.720183405,524.720191948,0.27316654200001267,0.012706189000027734,0.25794806199996856,0.002379716000064036
805,0,16,0.27906577600003857,0.002444446000026801,524.82557628,525.10219761,524.825686239,524.838679088,525.099566012,525.09957526,0.27662133000001177,0.012992849000056594,0.2608869239999194,0.0026223499999105115
806,0,16,0.3202055259999952,0.0024845489999734127,525.205080607,525.522801584,525.205191572,525.218489474,525.520156417,525.520165664,0.3177209770000218,0.013297901999976602,0.30166694299998653,0.0026359199999888006
807,5,16,0.3742796730000464,0.0028874129999394427,525.625613751,525.997006011,525.625723345,525.638941717,525.992940315,525.992950647,0.37139226000010694,0.013218371999982992,0.35399859800008926,0.004055364000009831
808,0,16,0.3039174159999902,0.002907570000047599,526.101304366,526.402314212,526.101423582,526.116011366,526.399426495,526.399435611,0.3010098459999426,0.014587783999900239,0.2834151289999909,0.0028786010000203532
809,3,16,0.312567606000016,0.0030041029999665625,526.506235878,526.815799381,526.506347598,526.519431561,526.812697217,526.812706754,0.3095635030000494,0.013083962999985488,0.29326565600001686,0.0030926270000009026
810,2,16,0.33802819300001374,0.002709828999968522,526.91979535,527.255113714,526.919904316,526.933118952,527.252155924,527.252166374,0.3353183640000452,0.01321463599992967,0.319036972000049,0.0029473399999915273
811,4,16,0.38640262299998085,0.00260400899992419,527.359093856,527.74289247,527.359200792,527.374911486,527.739632945,527.739642177,0.38379861400005666,0.0157106939999494,0.3647214590000658,0.00325029300006463
812,3,16,0.31363527199994223,0.002454458999864073,527.84643117,528.157611983,527.846541353,527.859255703,528.154978957,528.154987886,0.31118081300007816,0.0127143500000102,0.295723253999995,0.002624097000079928
813,0,16,0.27496707900002093,0.002428080999948179,528.261289071,528.533828069,528.261394282,528.274679432,528.531416424,528.531425352,0.27253899800007275,0.013285150000001522,0.25673699200001465,0.0024027169999953912
814,1,16,0.28659076099995673,0.0025403939999932845,528.637545638,528.921596005,528.637656227,528.650734708,528.918982865,528.918993315,0.28405036699996344,0.013078480999979547,0.26824815700001636,0.0026026900000033493
815,1,16,0.29217802499999834,0.0026161829999864494,529.025424163,529.314986005,529.025532114,529.038219882,529.312553156,529.312561779,0.2895618420000119,0.01268776799997795,0.27433327400001417,0.0024242260000164606
816,0,16,0.28292236100003265,0.0026095870000517607,529.41877845,529.699091224,529.418887619,529.431830958,529.696681202,529.696689927,0.2803127739999809,0.012943339000003107,0.2648502440000584,0.0024012970000057976
817,0,16,0.2792322509999394,0.002447966999966411,529.802778052,530.079562336,529.802889553,529.816043417,530.077081091,530.077090121,0.276784283999973,0.013153863999946225,0.261037674000022,0.0024722150000116017
818,4,16,0.3645750550000457,0.00251939300005688,530.183181898,530.54523756,530.183300299,530.196384867,530.541949525,530.541958657,0.36205566199998884,0.013084567999953833,0.34556465799994385,0.0032789030000230923
819,0,16,0.280877079999982,0.0024886509999078044,530.64898648,530.927374909,530.649097982,530.662729609,530.924922986,530.924931711,0.2783884290000742,0.013631627000108892,0.2621933769999032,0.0024431980000372278
820,4,16,0.3362935740000239,0.0024971740000410136,531.031140265,531.364936665,531.03124852,531.044339075,531.362190819,531.362199443,0.3337963999999829,0.013090555000076165,0.31785174399999505,0.002737221999950634
821,2,16,0.3114369929999157,0.0024720119998846712,531.467923842,531.776888823,531.46803646,531.481051733,531.774200707,531.774209432,0.308964981000031,0.013015272999950867,0.2931489740000188,0.00267939100001513
822,0,16,0.27892666100001406,0.0024742450000303506,531.880587522,532.157039938,531.880696284,531.893407996,532.154514864,532.154523691,0.2764524159999837,0.012711711999941144,0.2611068680000699,0.002516247000016847
823,0,16,0.28649457900007747,0.002619734000063545,532.260985483,532.544860328,532.261092013,532.274513826,532.542311817,532.542321252,0.2838748450000139,0.013421812999922622,0.26779799100006585,0.0025390760000618684
824,0,16,0.3150979849999658,0.0025887900000043373,532.648647802,532.961156997,532.648757782,532.663088451,532.958357379,532.958366307,0.31250919499996144,0.01433066900005997,0.29526892799992766,0.0027906899999834422
825,0,16,0.2853859530000591,0.002534408000087751,533.064693262,533.347544807,533.064803039,533.077657299,533.344983512,533.344992745,0.28285154499997134,0.012854259999926398,0.26732621300004666,0.0025520619999497285
826,0,16,0.28132684100000915,0.002581991999932143,533.451451392,533.730196241,533.45156198,533.464613474,533.727622568,533.727631497,0.278744849000077,0.013051494000023922,0.26300909400004,0.0025647440000966526
827,0,16,0.276191367000024,0.002501738999967529,533.83291141,534.106601038,533.833019564,533.845803818,534.104091994,534.104101024,0.2736896280000565,0.012784254000052897,0.2582881759999509,0.002500014000020201
828,0,16,0.28583348199993,0.002377250999984426,534.20957117,534.493027401,534.20967973,534.222584211,534.490339894,534.490348416,0.28345623099994555,0.012904481000077794,0.2677556830000185,0.002678984999988643
829,0,16,0.3067410870000913,0.002471928000090884,534.596519532,534.900788691,534.59662799,534.610298882,534.897822139,534.897831087,0.3042691590000004,0.013670892000050117,0.2875232569999753,0.002957604000016545
830,0,16,0.31268134499998723,0.002562826000030327,535.004795941,535.31491446,535.004907694,535.018079976,535.312037289,535.31204655,0.3101185189999569,0.013172281999914048,0.2939573130000781,0.0028679099999635582
831,1,16,0.3045754050000369,0.002658035000081327,535.419595662,535.721513032,535.419707103,535.434246329,535.718807966,535.718817435,0.30191736999995555,0.014539226000010785,0.28456163700002435,0.0026955969999562512
832,0,16,0.286869012000011,0.002507990000026439,535.826869643,536.111230665,535.826980251,535.841099104,536.108523205,536.108532362,0.2843610219999846,0.014118853000013587,0.2674241009999605,0.0026983029999883
833,0,16,0.2881455350000124,0.0025502359999336477,536.21652089,536.502116189,536.216628897,536.231822617,536.49948396,536.499493428,0.28559529900007874,0.015193720000070243,0.2676613429999861,0.0026227609999978085
834,0,16,0.2884083729999247,0.002590815999951701,536.607455735,536.893273292,536.607565927,536.621614752,536.890673631,536.890683099,0.285817556999973,0.014048825000031684,0.26905887899999925,0.002590193000060026
835,0,16,0.28685413299990614,0.0025899849998722857,536.99869171,537.282955858,536.998802318,537.013001499,537.28023123,537.280240699,0.28426414800003386,0.014199180999980854,0.2672297310000431,0.002715158999990308
836,0,16,0.28618507200008025,0.0025733360000685934,537.387974921,537.671586657,537.388086882,537.402436108,537.668995112,537.669009472,0.28361173600001166,0.014349225999922055,0.266559003999987,0.002577185000063764
837,0,16,0.28738137000004826,0.0025203730000384894,537.776045602,538.060906599,537.776155586,537.790051557,538.058208712,538.058218077,0.2848609970000098,0.013895971000010832,0.2681571550000399,0.0026885219999712717
838,0,16,0.28374929400001747,0.0024845780000077866,538.166144069,538.447408785,538.166255302,538.181052684,538.444787481,538.44479643,0.2812647160000097,0.014797381999983372,0.2637347970000974,0.002612354999996569
839,0,16,0.2928232790000038,0.0025340849999793136,538.553031875,538.843321069,538.553141964,538.566610276,538.840729943,538.840738657,0.2902891940000245,0.013468311999986327,0.2741196670000363,0.002582412000037948
840,0,16,0.31033011399995303,0.0024533159999009513,538.946339797,539.254216595,538.946448728,538.959731354,539.251512181,539.251520997,0.3078767980000521,0.013282626000091113,0.29178082699991137,0.0026955980000593627
841,0,16,0.28123504200004845,0.0024549380000280507,539.357377693,539.636157797,539.357484901,539.371415941,539.633618247,539.633628381,0.2787801040000204,0.01393103999998857,0.2622023059999492,0.0025294160000157717
842,1,16,0.3221720209999148,0.0026284159998795076,539.7396163,540.059159905,539.739723609,539.753788812,540.056372805,540.056382127,0.3195436050000353,0.014065203000086512,0.30258399299998473,0.0027777779999951235
843,0,16,0.282439558999954,0.0025154319999955987,540.16262773,540.442551857,540.162737877,540.176393298,540.439982517,540.4400041,0.2799241269999584,0.013655420999953094,0.2635892189999822,0.0025477570000020933
844,0,16,0.279675359999942,0.00240619799990327,540.545294561,540.822563723,540.54540491,540.558570397,540.819935611,540.819944832,0.2772691620000387,0.013165487000037501,0.2613652139999658,0.0026188909999973475
845,0,16,0.28776073599999563,0.0023674899999832633,540.925864252,541.211257498,540.925969433,540.939301002,541.20863881,541.20864793,0.28539324600001237,0.013331569000001764,0.2693378080000457,0.0026095680000253196
846,0,16,0.27995746500005225,0.0023757990001058715,541.314606666,541.592188332,541.314713671,541.327826163,541.589568934,541.589577851,0.2775816659999464,0.01311249200000475,0.2617427709999447,0.00261048100003336
847,5,16,0.3273647109999729,0.0025152299999717798,541.695588874,542.020438355,541.695697805,541.710043896,542.01753361,542.017542629,0.3248494810000011,0.014346090999993066,0.3074897139999848,0.0028957260000197493
848,0,16,0.2781437469999446,0.0023770149998654233,542.123935668,542.3997024,542.124042774,542.137451152,542.396457286,542.396466304,0.2757667320000792,0.01340837800000827,0.25900613399994654,0.003236096000023281
849,0,16,0.27316527000004953,0.002429605000088486,542.503151987,542.773887652,542.503261728,542.516394384,542.771309192,542.771318008,0.27073566499996105,0.013132656000038878,0.2549148079999668,0.0025696440000047005
850,0,16,0.2754789980000396,0.002471714000080283,542.877428077,543.150435361,542.877538147,542.890841633,543.147804218,543.147813138,0.2730072839999593,0.01330348600004072,0.2569625849999966,0.002622223000003032
851,0,16,0.27314553099995464,0.002670568999974421,543.253508746,543.523983708,543.253613141,543.266680473,543.521212394,543.521221211,0.2704749619999802,0.013067331999991438,0.2545319210000798,0.002762496999935138
852,0,16,0.27721346299995275,0.0024884360000214656,543.627396629,543.902121656,543.627505685,543.640782617,543.899447438,543.899456458,0.2747250269999313,0.01327693200005342,0.25866482100002486,0.002665197999931479
853,0,16,0.27606603799995355,0.002685771999949793,544.005552313,544.278932579,544.005691979,544.019532944,544.276250659,544.276260084,0.27338026600000376,0.013840965000099459,0.25671771499992246,0.002672494999956143
854,0,16,0.28233912399991823,0.0027339159998973628,544.382644088,544.662249296,544.382751219,544.395986392,544.659627783,544.659637208,0.27960520800002087,0.013235172999998213,0.26364139099996464,0.00261208799997803
855,0,16,0.2779208109999445,0.0028172280000262617,544.765151293,545.040254876,544.765259539,544.778420015,545.03769762,545.037706641,0.2751035829999182,0.013160476000052768,0.25927760499996566,0.0025482349999492726
856,0,16,0.2768582180000294,0.0024703949999320685,545.144317069,545.418704892,545.144444977,545.15862872,545.416196793,545.416205509,0.27438782300009734,0.01418374299998959,0.25756807300001583,0.002499383000099442
857,0,16,0.2741696090000687,0.002517829000112215,545.52154638,545.79319816,545.52165422,545.534977673,545.79051482,545.790523537,0.2716517799999565,0.013323452999998153,0.25553714700004093,0.0026746229999616844
858,4,16,0.35236927199991896,0.002455901999951493,545.896385366,546.246298736,545.896493915,545.910261602,546.243328565,546.243338295,0.34991336999996747,0.013767687000040496,0.33306696299996474,0.0029604410000274584
859,0,16,0.28464998900005867,0.0025297890001638734,546.349993622,546.632113822,546.35018143,546.364097499,546.629479132,546.629487747,0.2821201999998948,0.013916068999947129,0.2653816330000609,0.0026260749999664768
860,0,16,0.27644986400002836,0.00246330000004491,546.735643806,547.00963037,546.735754991,546.750093501,547.007068857,547.007078283,0.27398656399998345,0.014338510000015958,0.2569753559999981,0.002552086999912717
861,0,16,0.276135566999983,0.002673406999974759,547.113328398,547.386790558,547.113444955,547.128149555,547.384223877,547.384232492,0.2734621600000082,0.014704600000072787,0.256074321999904,0.002558066000005965
862,7,16,0.38323553199995786,0.0025530990000106613,547.490104253,547.870786686,547.490213918,547.504490096,547.867631038,547.867640261,0.3806824329999472,0.014276178000045547,0.3631409419999727,0.0031464249999544336
863,0,16,0.2796094650000214,0.0024794149999252113,547.974266601,548.251396651,547.97437434,547.988326592,548.248771995,548.248781624,0.27713005000009616,0.013952251999967302,0.2604454029999488,0.002615027000047121
864,1,16,0.29638381000006575,0.0026516160000937816,548.355124376,548.64885657,548.355235054,548.370055501,548.646232218,548.646241036,0.29373219399997197,0.01482044700003371,0.27617671699999846,0.002615534000028674
865,0,16,0.2900823450000871,0.002528167000150461,548.75248963,549.040043808,548.752599498,548.767047065,549.037400605,549.037409727,0.28755417799993666,0.014447567000047457,0.2703535399999737,0.002634080999996513
866,0,16,0.279254728000069,0.0026873940000768926,549.143833359,549.420400693,549.143949713,549.158824486,549.417762354,549.417771476,0.2765673339999921,0.014874772999974084,0.2589378680000891,0.0026292170000488113
867,0,16,0.27654321199997867,0.002484079000055317,549.523156436,549.797215569,549.523265189,549.537046355,549.794607941,549.794617265,0.27405913299992335,0.013781166000057965,0.2575615859999516,0.00259830399988914
868,0,16,0.28646553799990215,0.0026482719998739412,549.900195608,550.184012874,549.900323314,549.915609887,550.181369975,550.181379299,0.2838172660000282,0.015286572999912096,0.26576008800009276,0.0026335750000043845
869,0,16,0.3040024670000321,0.002481443000078798,550.287375726,550.58889675,550.287486708,550.301279429,550.586196079,550.586205505,0.3015210239999533,0.01379272100007256,0.28491665000001376,0.0026912450000509125
870,0,16,0.2779088109999748,0.0024555189999091454,550.692608867,550.968062159,550.692717417,550.706874909,550.965443935,550.96545325,0.27545329200006563,0.014157491999981175,0.25856902600003195,0.0026089090000596116
871,0,16,0.28165559100000337,0.002580557999976918,551.07160344,551.350678473,551.071714515,551.086324955,551.347977929,551.34798694,0.27907503300002645,0.014610439999955815,0.2616529739999578,0.002691532999961055
872,4,16,0.3512364979999347,0.002513223999926595,551.45344111,551.802164384,551.45355006,551.467590237,551.799297277,551.799306491,0.34872327400000813,0.014040176999969844,0.331707040000083,0.002857892999941214
873,0,16,0.2866963169999508,0.0024913539998578926,551.905573832,552.189778795,551.905684705,551.919902785,552.186883945,552.186893159,0.2842049630000929,0.014218079999977817,0.2669811600000003,0.0028856360000872883
874,0,16,0.28557128499994633,0.0025402599999324593,552.293301141,552.576332166,552.293412318,552.308602335,552.57370736,552.573716979,0.28303102500001387,0.015190017000008993,0.2651050249999116,0.0026151870000603594
875,7,16,0.33351098200000706,0.002443866000021444,552.67973807,553.010805186,552.679849348,552.693672538,553.007874492,553.007883402,0.3310671159999856,0.013823190000039176,0.3142019540000547,0.0029217840000228534
876,0,16,0.27864804499995444,0.0028356169999597114,553.11465438,553.390466808,553.114846357,553.130775832,553.387887161,553.387895869,0.2758124279999947,0.015929475000007187,0.25711132899994027,0.002570939000065664
877,1,16,0.2854721560000826,0.0024013380000269535,553.493864105,553.776934923,553.493969612,553.507526808,553.774377755,553.774386766,0.2830708180000556,0.013557195999965188,0.26685094700007994,0.002548156999978346
878,0,16,0.2757735469999716,0.0024237159999529467,553.879753858,554.153103689,553.879861491,553.893692578,554.150485261,554.150494273,0.27334983100001864,0.013831086999971376,0.25679268299995783,0.002609415999927478
879,6,16,0.36501746500005083,0.0024989470000491565,554.256616213,554.619134731,554.256726377,554.270755315,554.61611473,554.616123539,0.3625185180000017,0.014028938000024027,0.3453594150000754,0.00301119200003086
880,3,16,0.30281128899991927,0.00245743399989351,554.722551671,555.022905526,554.722661734,554.736174074,555.01992704,555.019935748,0.30035385500002576,0.013512340000033873,0.2837529659999518,0.0029697780000788043
881,0,16,0.2744120859999839,0.0023930359999440043,555.12637117,555.39839022,555.126478499,555.140252885,555.395837,555.39584581,0.2720190500000399,0.013774386000022787,0.2555841150000333,0.0025444100000413528
882,0,16,0.27280832399992505,0.002385440999887578,555.501228899,555.771651782,555.50133552,555.515135421,555.769008143,555.769017154,0.2704228830000375,0.013799900999970305,0.2538727219999828,0.0026346280000097977
883,0,16,0.27402934600002027,0.0024135899999464527,555.875046852,556.146662608,555.875153979,555.889044603,556.144096934,556.144105641,0.2716157560000738,0.01389062400005514,0.2550523310000017,0.002556967000032273
884,0,16,0.2805771349999304,0.0024150069999677726,556.250166525,556.528328653,556.250276892,556.264333472,556.525751537,556.525760042,0.27816212799996265,0.014056579999987662,0.2614180650000435,0.002568611000015153
885,0,16,0.2736122809999415,0.002390808999962246,556.631532049,556.902753521,556.631652642,556.645590451,556.900236956,556.900245866,0.27122147199997926,0.013937809000026391,0.2546465049999824,0.002507655000044906
886,3,16,0.34608884800002215,0.0024024520000693883,557.006159223,557.349845619,557.006266957,557.020172162,557.346907432,557.346916139,0.34368639599995277,0.013905205000014575,0.32673526999997193,0.0029294800000343457
887,0,16,0.2799670800000058,0.002382910000051197,557.453194618,557.730778788,557.453302048,557.467004645,557.728015061,557.728024073,0.2775841699999546,0.013702597000019523,0.26101041599997643,0.0027547149999236353
888,0,16,0.27653345800001716,0.002351522000026307,557.833733808,558.107915744,557.833840124,557.847588285,558.105185127,558.105194139,0.27418193599999086,0.013748161000080472,0.2575968419999981,0.002721605000033378
889,0,16,0.2764534670000103,0.002439613000092322,558.211447911,558.485461765,558.211554937,558.225624984,558.482774789,558.482783295,0.27401385399991796,0.014070047000018349,0.25714980500004003,0.002678469999978006
890,0,16,0.2777147880000257,0.0023786589999872376,558.588867467,558.864203596,558.588976619,558.602996039,558.861656553,558.861665362,0.27533612900003845,0.014019419999954152,0.2586605139999847,0.0025382339999850956
891,0,16,0.27889348400003655,0.002347775000089314,558.967451342,559.243997051,558.967559886,558.981712657,559.241360094,559.241369005,0.27654570899994724,0.01415277099999912,0.25964743700001236,0.0026280459999270533
892,4,16,0.3280482850000226,0.0023853550000012547,559.347373288,559.673036218,559.347480515,559.361349067,559.670071447,559.67008091,0.32566293000002133,0.01386855199996262,0.3087223800000629,0.0029553079999686815
893,0,16,0.2881831410001041,0.0024595150001687216,559.778253337,560.063976963,559.778362623,559.792946275,560.061271526,560.061281197,0.2857236259999354,0.014583651999942049,0.2683252510000784,0.002695765999987998
894,0,16,0.34823097499997857,0.0024472449999848322,560.169212487,560.514996217,560.169325309,560.183690284,560.51160002,560.511609274,0.34578372999999374,0.014364975000034974,0.3279097359999241,0.0033869430000095235
895,0,16,0.28532973800008676,0.002498614000046473,560.618747484,560.901578608,560.618858226,560.633222057,560.898894696,560.898904055,0.2828311240000403,0.01436383099996874,0.26567263899994487,0.0026745530000198414
896,0,16,0.3053074160000051,0.0024142830000073445,561.006667828,561.309560961,561.006780442,561.0213956,561.306772858,561.3067818,0.30289313299999776,0.014615157999969597,0.28537725800003955,0.0027791610000349465
897,0,16,0.2832098300000325,0.0024100189999671784,561.414595589,561.6953954,561.414706539,561.42914659,561.692759737,561.692768887,0.28079981100006535,0.014440050999951382,0.26361314700000094,0.0026265129999956116
898,0,16,0.2951357739999594,0.002414594999891051,561.800640803,562.093361982,561.80074853,561.815115064,562.090600395,562.090609649,0.29272117900006833,0.014366534000032516,0.27548533100002714,0.0027523329999894486
899,0,16,0.2889394119999906,0.0024509899999429763,562.198571303,562.485059725,562.198680277,562.213351378,562.482286596,562.482296474,0.28648842200004765,0.014671100999976261,0.2689352180000242,0.0027632510000330512
900,1,16,0.32957949899991945,0.002601971999865782,562.588439356,562.915416883,562.588548539,562.603153195,562.91230196,562.912311319,0.32697752700005367,0.014604655999960414,0.30914876500003174,0.003105564000065897
901,0,16,0.28675950699994246,0.0029245289999835222,563.020724155,563.304559133,563.020836457,563.035340874,563.301846314,563.301856193,0.28383497799995894,0.014504417000011927,0.26650544000005993,0.0027029399999491943
902,1,16,0.31367513199995756,0.0025361870000324416,563.40956943,563.720708375,563.409679444,563.424092875,563.717907678,563.717916598,0.3111389449999251,0.014413431000093624,0.29381480299991836,0.0027917769999703523
903,3,16,0.32701172999998107,0.0024572500000203945,563.824126062,564.148680542,563.824248519,563.838858817,564.145735795,564.145745426,0.3245544799999607,0.014610297999979593,0.30687697799999114,0.0029351160000032905
904,0,16,0.28639847600004487,0.0024269410000670177,564.252297526,564.536269061,564.252404067,564.266876398,564.533573385,564.533582609,0.28397153499997785,0.014472330999979022,0.26669698699993205,0.0026864520000344783
905,0,16,0.27756788500005314,0.002454918000012185,564.639076186,564.914189153,564.639184755,564.654233283,564.911461646,564.911470566,0.27511296700004095,0.015048528000079386,0.25722836299996743,0.002718587000003936
906,1,16,0.3230222460000505,0.0024581620000390103,565.017281437,565.337845521,565.017387573,565.032408629,565.334901585,565.334910607,0.32056408400001146,0.015021056000023236,0.30249295600003734,0.0029349139999794716
907,0,16,0.3086559500000021,0.002551526000047488,565.441592159,565.747696583,565.441715123,565.45665346,565.745117079,565.745126101,0.30610442399995463,0.014938336999989588,0.2884636190000265,0.002570482000010088
908,0,16,0.2790222639999911,0.0024542080000173883,565.851199727,566.127767783,565.851304647,565.866244301,566.124897139,566.124905857,0.2765680559999737,0.014939654000045266,0.25865283799998906,0.002861925999923187
909,0,16,0.3115741369999796,0.002434847000017726,566.231359829,566.540499119,566.231468601,566.245777723,566.537589954,566.537598976,0.3091392899999619,0.014309121999986019,0.2918122310001081,0.002900142999919808
910,0,16,0.28331383499994445,0.0025870049998957256,566.643581266,566.924308096,566.643692066,566.658455131,566.921673851,566.921683583,0.2807268300000487,0.01476306500001101,0.2632187200000544,0.002624513000000661
911,1,16,0.2953725070000246,0.002554872000018804,567.027919302,567.320736937,567.028030811,567.04330854,567.317598773,567.317607897,0.2928176350000058,0.015277728999990359,0.2742902329999879,0.0031290399999761576
912,0,16,0.29088106899996546,0.0024891909999951167,567.424420421,567.712812299,567.424529801,567.440281037,567.70974986,567.709759247,0.28839187799997035,0.015751236000028257,0.26946882300001107,0.0030530520000411343
913,2,16,0.344134079000014,0.0025538039999446482,567.817607858,568.159188133,567.817720602,567.833435495,568.155838523,568.155847807,0.3415802750000694,0.015714892999994845,0.3224030280000534,0.003340326000056848
914,0,16,0.2951401139999916,0.0025926910000180214,568.263929745,568.556477168,568.264047027,568.279918503,568.553805877,568.55381516,0.2925474229999736,0.01587147600002936,0.273887373999969,0.002662008000015703
915,0,16,0.3272143850000475,0.0025621570000566862,568.661486971,568.986139199,568.661599612,568.677187011,568.983203945,568.983213125,0.32465222799999083,0.015587398999969082,0.30601693400001295,0.002926074000015433
916,0,16,0.31402245300000686,0.0025918660001025273,569.091053382,569.402483969,569.091246995,569.106745685,569.399507352,569.399516636,0.31143058699990434,0.015498689999958515,0.29276166700003614,0.002967332999901373
917,3,16,0.3685007300000507,0.0026445759999660368,569.505466966,569.87132312,569.50560034,569.520776478,569.867027722,569.867053613,0.36585615400008464,0.015176138000015271,0.34625124399997276,0.004269507000003614
918,0,16,0.28786170299997593,0.0025306960000079926,569.976100009,570.261431016,569.976210896,569.991139472,570.258804904,570.258814084,0.28533100699996794,0.014928575999988425,0.267665432000058,0.002616931999909866
919,0,16,0.2851417250000168,0.002549573999999666,570.365638204,570.648230355,570.365752907,570.380778136,570.645547201,570.645556794,0.2825921510000171,0.015025229000002582,0.26476906499999586,0.00267356100005145
920,0,16,0.2894952999999987,0.002612805000012486,570.752643432,571.039525927,570.752755866,570.768146557,571.036799449,571.036808527,0.2868824949999862,0.01539069099999324,0.26865289199997733,0.0027174000000513843
921,0,16,0.2853810340000109,0.002569584999946528,571.144295492,571.427106941,571.144407307,571.159744463,571.424411925,571.424422343,0.2828114490000644,0.015337155999986862,0.2646674619999203,0.002684598000087135
922,0,16,0.2920313609999994,0.002563704999943184,571.532118807,571.821586463,571.532229179,571.548047119,571.818672458,571.818681845,0.2894676560000562,0.01581794000003356,0.27062533900004837,0.0029046180000023014
923,1,16,0.2970632540000224,0.0025297680000448963,571.926382744,572.22091623,571.926493425,571.941523089,572.21824401,572.218253087,0.29453348599997753,0.015029664000053344,0.2767209209999919,0.0026631429999497414
924,0,16,0.2880343779999066,0.0025735049998729664,572.325671457,572.61113233,572.325782654,572.342081895,572.608288158,572.608297339,0.28546087300003364,0.016299240999956055,0.2662062630000719,0.0028349909999860756
925,0,16,0.2922251800000595,0.0025284280001187653,572.71589024,573.005586992,572.716005562,572.731034297,573.002927666,573.002937259,0.2896967519999407,0.015028734999987137,0.271893369000054,0.0026497329999983776
926,0,16,0.28502660899994225,0.00257567099993139,573.110498906,573.392949844,573.110612578,573.126695616,573.390288867,573.390298667,0.28245093800001086,0.01608303800003341,0.26359325099997477,0.0026511769999615353
927,0,16,0.2858455220000451,0.0025320380000266596,573.497716108,573.781029592,573.497827614,573.513934583,573.77834159,573.778351389,0.28331348400001843,0.0161069690000204,0.2644070069999316,0.002678202999959467
928,0,16,0.2923512309999978,0.002618581999968228,573.884008153,574.173740802,573.884119349,573.899166652,574.171002669,574.171011643,0.2897326490000296,0.015047302999960266,0.2718360170000551,0.0027291589999549615
929,0,16,0.2962334070000452,0.0025090350000027684,574.278203598,574.57192797,574.278313041,574.293302579,574.569114124,574.569123201,0.2937243720000424,0.014989538000008906,0.2758115449998968,0.0028047690000221337
930,0,16,0.3103635300000178,0.0024180540000315887,574.676608516,574.984553992,574.676717443,574.691456738,574.981759174,574.9817685,0.30794547599998623,0.014739295000026686,0.29030243599993355,0.0027854919999299455
931,0,16,0.27793486699999903,0.0024806679999755943,575.087427826,575.362882025,575.087539233,575.102775806,575.360244739,575.360253964,0.27545419900002344,0.015236572999924647,0.25746893300004103,0.002628060999995796
932,0,16,0.2784310690000211,0.002433800000062547,575.466445998,575.742443267,575.466554871,575.481317329,575.739847412,575.739856097,0.2759972689999586,0.014762458000063816,0.25853008299998237,0.002587169999969774
933,0,16,0.2799356149999994,0.0024887079999871276,575.845749288,576.123196195,575.845854919,575.860347776,576.120199929,576.120209321,0.2774469070000123,0.014492857000050208,0.2598521529999971,0.0029868740000438265
934,0,16,0.275556543000107,0.002418522000198209,576.226487471,576.499625492,576.226597951,576.242468564,576.496981467,576.49698995,0.2731380209999088,0.015870612999947298,0.2545129029999771,0.002635541999893576
935,0,16,0.27431057299997974,0.0026406919999999445,576.602977159,576.87464704,576.603087537,576.619044392,576.871809424,576.871818412,0.2716698809999798,0.015956855000013093,0.2527650320000703,0.002828627999974742
936,0,16,0.27218299200001184,0.002372270000023491,576.97800628,577.247817002,576.978111912,576.99267869,577.245289415,577.245298201,0.26981072199998835,0.014566778000016711,0.2526107249999541,0.002518801000064741
937,3,16,0.3309165609999809,0.0025042599999096637,577.351192098,577.679604399,577.351301769,577.366644223,577.676788192,577.676797079,0.32841230100007124,0.015342454000006,0.3101439690000234,0.002807319999988067
938,0,16,0.2723359870000195,0.0024712370000088413,577.783017263,578.052882013,577.783125521,577.798055143,578.050382399,578.050390882,0.26986475000001064,0.014929622000067866,0.2523272559999441,0.002491131000056157
939,2,16,0.3086283650000041,0.0024722460000248248,578.156187327,578.462343446,578.156296796,578.171698429,578.459534409,578.459543498,0.3061561189999793,0.015401633000010406,0.28783597999995436,0.00279994799996075
940,1,16,0.3155042239999375,0.0023553049999236464,578.565687134,578.878836053,578.56579216,578.580682195,578.876013888,578.876022573,0.31314891900001385,0.014890035000007629,0.2953316929999801,0.002813479999986157
941,0,16,0.27827671199997894,0.002329855999960273,578.982051287,579.257998143,578.982155101,578.996439825,579.255442582,579.255452681,0.27594685600001867,0.01428472400004921,0.259002756999962,0.0025454620000573414
942,0,16,0.3037643569999773,0.002360353999961262,579.361301134,579.662705137,579.361407372,579.376664594,579.659988604,579.659997491,0.301404003000016,0.015257221999945614,0.2833240100000012,0.0027076459999761937
943,9,16,0.39110544400000435,0.0022990559999698235,579.766085989,580.154892377,579.766188187,579.781390573,580.151739785,580.15174847,0.38880638800003453,0.015202385999941725,0.37034921200006465,0.0031439069999805724
944,2,16,0.31445962099996905,0.0023193539999510904,580.258053887,580.570194154,580.258155883,580.272570171,580.567470754,580.567479236,0.31214026700001796,0.014414288000011766,0.2949005830000715,0.0027149179999241824
945,0,16,0.3030140289999963,0.0025920169999835707,580.673658824,580.974080836,580.67376587,580.68977231,580.971388438,580.971396921,0.30042201200001273,0.016006439999955546,0.281616127999996,0.002683915000034176
946,0,16,0.2729705849999391,0.0023105679998707274,581.077357874,581.348017891,581.077464313,581.092562684,581.345464956,581.345473742,0.27066001700006836,0.01509837100002187,0.25290227200002846,0.0025441490000730482
947,0,16,0.2799230929999794,0.0025104200000214405,581.451497204,581.728909877,581.451604856,581.466314631,581.726382188,581.726391176,0.277412672999958,0.014709775000028458,0.26006755699995665,0.0025187009999854126
948,3,16,0.3073454340000126,0.002398022000079436,581.832298505,582.137245917,581.832407166,581.847081394,582.134136244,582.134144828,0.30494741199993314,0.014674227999989853,0.2870548500000041,0.0031010889999834035
949,5,16,0.3492553810000345,0.0024344769999515847,582.240645249,582.587466153,582.24075179,582.255592039,582.584571884,582.584580367,0.3468209040000829,0.01484024900003078,0.32897984499993527,0.002885786000092594
950,6,16,0.3590006670000321,0.0024285200000804252,582.690763489,583.047335636,582.690866697,582.70557324,583.044173349,583.044182336,0.35657214699995166,0.014706542999988415,0.33860010899991266,0.00315330000000813
951,0,16,0.27378857499991227,0.0024272069999824453,583.150889275,583.422250643,583.150998037,583.165871107,583.419438172,583.419446857,0.2713613679999298,0.014873070000021471,0.25356706499997017,0.0028037859999585635
952,0,16,0.27009843200005434,0.002330967000034434,583.525497183,583.793264648,583.525602107,583.540471643,583.790724235,583.790733323,0.2677674650000199,0.014869535999991967,0.25025259199992433,0.002531324999949902
953,0,16,0.26921015700008866,0.0023812590001170975,583.896095628,584.162924526,583.896204593,583.910616256,584.160375226,584.160384113,0.26682889799997156,0.014411663000032604,0.24975897000001623,0.0025404130000197256
954,0,16,0.26835966499993447,0.002299170000014783,584.265694497,584.531754992,584.265797132,584.280498416,584.529206166,584.529214944,0.2660604949999197,0.014701284000011583,0.24870774999999412,0.0025400479999007075
955,1,16,0.2794304120000106,0.002455765000036081,584.634255829,584.911230476,584.634358066,584.648859664,584.908478274,584.908486852,0.27697464699997454,0.01450159800003803,0.25961860999996134,0.0027436240000042744
956,0,16,0.2700390340000922,0.002406094000093617,585.013960222,585.281593162,585.014070039,585.02859777,585.278984989,585.278993368,0.2676329399999986,0.014527731000043786,0.2503872190000038,0.0025997940000479502
957,2,16,0.3271788629999719,0.0023082459999841376,585.384052207,585.708922824,585.384156438,585.39886231,585.70589992,585.705908897,0.32487061699998776,0.014705872000035924,0.3070376099999521,0.003013926999983596
958,2,16,0.3086838639999314,0.0023098429999208747,585.811419771,586.117793792,585.811522306,585.826154268,586.115030319,586.115039097,0.30637402100001054,0.014631961999953091,0.28887605099998837,0.0027546950000214565
959,3,16,0.30154078700002174,0.0024940670000432874,586.220384896,586.519431616,586.220490923,586.235689723,586.516707741,586.516716319,0.29904671999997845,0.015198799999893708,0.2810180180000543,0.0027152970000088317
960,0,16,0.27473003500006143,0.002272638000022198,586.621855152,586.894312549,586.621955294,586.637054152,586.891590071,586.891598948,0.27245739700003924,0.015098857999987558,0.2545359189999772,0.002713600999982191
961,3,16,0.2947647629999892,0.0023494409999784693,586.996715938,587.28913126,586.996817875,587.011764226,587.286396414,587.286405191,0.29241532200001075,0.01494635099993502,0.27463218800005507,0.002726069000004827
962,0,16,0.26673086599998896,0.0023426579999750174,587.391652046,587.656040254,587.391758871,587.406685573,587.65328905,587.653297528,0.26438820800001395,0.014926702000025216,0.24660347700000784,0.00274272599995129
963,0,16,0.3143987249999327,0.0023266989999228826,587.758493115,588.070565141,587.758597546,587.773427298,588.067693946,588.067702424,0.31207202600000983,0.014829751999968721,0.2942666479999616,0.0028627169999708713
964,1,16,0.28327409999997144,0.002327197999989039,588.173044034,588.453990936,588.173150859,588.187504439,588.451391141,588.451399619,0.2809469019999824,0.014353580000033617,0.26388670200003617,0.0025913169999967067
965,0,16,0.2699984390000054,0.002413574999991397,588.556534662,588.824119526,588.556641886,588.571551731,588.821514545,588.821523422,0.267584864000014,0.014909845000033783,0.24996281400001408,0.0025961039999629065
966,0,16,0.2667417380000643,0.0023562230001061835,588.926608394,589.190993909,588.926715218,588.941272673,589.188477799,589.188486576,0.2643855149999581,0.014557454999930997,0.24720512600003985,0.00250733300003958
967,0,16,0.2667385470000454,0.0023162270000511853,589.293428717,589.557851037,589.293535242,589.308094093,589.555278073,589.555286751,0.2644223199999942,0.014558851000060713,0.24718397999993158,0.0025642859999379652
968,2,16,0.30924731099992187,0.002387042999885125,589.660385088,589.967245356,589.660490816,589.675626678,589.964454354,589.964463032,0.30686026800003674,0.015135861999965528,0.2888276760000963,0.0027823240000088845
969,0,16,0.26806273099998634,0.0023266989999228826,590.069729436,590.335465468,590.069836161,590.084994466,590.332909062,590.332918238,0.26573603200006346,0.015158304999999928,0.2479145959999869,0.0025472300000046744
970,0,16,0.26701303899994855,0.0023224109999091525,590.437905163,590.702595791,590.438008696,590.452935298,590.700116187,590.700125064,0.2646906280000394,0.014926602000059574,0.24718088899999202,0.0024707270000590142
971,0,16,0.2789868010000873,0.002558824000175264,590.805286042,591.081714019,590.805396943,590.821499332,591.079074299,591.079083119,0.27642797699991206,0.01610238900002514,0.2575749669999823,0.0026308999999855587
972,4,16,0.3075411830000121,0.0023721990000922233,591.185247276,591.49041626,591.185353817,591.200766676,591.487699194,591.487712474,0.3051689839999199,0.015412858999980017,0.28693251800007147,0.0027037859999836655
973,0,16,0.29170297000007395,0.0022941440000749935,591.593859195,591.883268021,591.593961681,591.609471046,591.880647055,591.88065557,0.28940882599999895,0.015509364999957143,0.27117600900010075,0.002612451000004512
974,0,16,0.27795443099989825,0.00236986699985664,591.986612422,592.262196986,591.986720484,592.002086915,592.259469175,592.259478095,0.2755845640000416,0.015366430999961267,0.25738226000009945,0.0027188910000859323
975,0,16,0.2865371589999768,0.002348869000002196,592.365978375,592.650166665,592.366080991,592.381719756,592.647454466,592.647463017,0.2841882899999746,0.01563876500006245,0.26573470999994697,0.0027036480000788288
976,0,16,0.2878301409999722,0.00237686399998438,592.753925016,593.039378293,592.754032112,592.769515935,593.036694599,593.036703557,0.2854532769999878,0.0154838229999541,0.2671786640000846,0.0026747360000172193
977,0,16,0.2792143640000404,0.002436010999986138,593.143166473,593.419944826,593.143275197,593.15912347,593.417241586,593.417250341,0.27677835300005427,0.015848273000074187,0.25811811599999146,0.0026944850000063525
978,0,16,0.2791964470000039,0.002345407999996496,593.523670296,593.800521335,593.523772301,593.539377981,593.797681986,593.797690741,0.2768510390000074,0.015605680000021493,0.2583040050000136,0.0028305939999881957
979,2,16,0.3167158429999972,0.0023521269999946526,593.903566974,594.21793069,593.903677327,593.91892833,594.214945968,594.214954825,0.31436371600000257,0.015251003000003038,0.2960176380000803,0.0029758650000530906
980,3,16,0.31370200599997133,0.002341335999972216,594.321784939,594.633145609,594.321887453,594.337575388,594.630357262,594.630366017,0.3113606699999991,0.015687934999959907,0.2927818739999566,0.0027795920000244223
981,0,16,0.2811752670000942,0.0023742170001241902,594.737008103,595.015809153,594.737115809,594.75239267,595.013187659,595.013196211,0.27880104999997,0.015276860999961173,0.26079498900003273,0.002612941999927898
982,0,16,0.28794812900002853,0.0024057750000565647,595.119266477,595.404808831,595.119375812,595.135390327,595.402126052,595.402135011,0.28554235399997197,0.016014514999938,0.26673572499998954,0.0026738199999272183
983,0,16,0.27760467699999936,0.002283918999978596,595.508497244,595.783818002,595.508595483,595.523767691,595.781192131,595.781202108,0.27532075800002076,0.015172207999967213,0.2574244400000225,0.0026158939999731956
984,0,16,0.27847732099996847,0.002474696000035692,595.887304951,596.163307576,595.887412046,595.902447433,596.160731893,596.16074075,0.2760026249999328,0.015035387000011724,0.25828446000002714,0.002566826000020228
985,3,16,0.3129600750000918,0.0024372330001369846,596.267108277,596.577631119,596.267215677,596.282408755,596.574805106,596.574814167,0.31052284199995484,0.01519307800003844,0.2923963509999794,0.0028169519999892145
986,0,16,0.28604474499991284,0.002334514999915882,596.681509902,596.965220132,596.681615572,596.69680977,596.962562702,596.962571559,0.28371022999999695,0.015194197999903736,0.2657529320000549,0.002648572999987664
987,0,16,0.28062859300007403,0.0023862300000700998,597.069120598,597.347362961,597.069227694,597.084686881,597.344708178,597.344717239,0.27824236300000393,0.015459187000033126,0.2600212969999802,0.0026457220000111192
988,0,16,0.2854930810000269,0.0025454479999780233,597.451308628,597.734256261,597.45141613,597.468356633,597.731607994,597.731617054,0.2829476330000489,0.016940503000000717,0.263251361000016,0.002639207000015631
989,0,16,0.28356852199999594,0.0025106320000531923,597.838137691,598.119195581,597.838246211,597.854134391,598.116521354,598.116530313,0.28105788999994274,0.015888180000047214,0.26238696300003994,0.002665267999987009
990,0,16,0.28440767199992933,0.00319657099998949,598.223009313,598.504220414,598.223117833,598.238933021,598.501265825,598.501275293,0.28121110099993984,0.01581518800003323,0.2623328040000388,0.002945120999925166
991,1,16,0.2944318749999866,0.0025471789999755856,598.608898747,598.900783443,598.609008285,598.625832022,598.897907954,598.897917117,0.291884696000011,0.016823737000095207,0.27207593199989333,0.0028663260000030277
992,0,16,0.282421930000055,0.0024961760000223876,599.004708749,599.284634503,599.004820935,599.020355251,599.282029909,599.282039173,0.2799257540000326,0.015534315999957471,0.26167465800006084,0.0025953299999628143
993,0,16,0.28239566499996727,0.002527021999981116,599.388252471,599.668121114,599.388359159,599.405148282,599.665448312,599.665457373,0.27986864299998615,0.016789123000080508,0.2603000299999394,0.0026637409999921147
994,0,16,0.290662975000032,0.003036844000121164,599.771259188,600.058885319,599.771366894,599.788371634,600.05337154,600.053407476,0.28762613099991086,0.01700473999994756,0.26499990599995726,0.005477842999994209
995,4,16,0.34203185900003064,0.0026332790000651585,600.162119901,600.501518481,600.162233105,600.178080563,600.498419848,600.498429648,0.3393985799999655,0.015847457999939252,0.3203392850000455,0.003088832999992519
996,2,16,0.32670097699997314,0.0026042019999295007,600.607782922,600.931879697,600.607895782,600.626029087,600.92900183,600.92901163,0.32409677500004364,0.018133304999992106,0.30297274299994115,0.002868067000008523
997,0,16,0.296071129999973,0.0025821780000114813,601.038100933,601.331589885,601.038215373,601.054663055,601.328873667,601.328883151,0.2934889519999615,0.016447682000034547,0.27421061200004715,0.002706733999957578
998,3,16,0.3344389740000224,0.0025227449999647433,601.437771499,601.769687728,601.437883094,601.455225223,601.766357368,601.766366641,0.3319162290000577,0.017342128999985107,0.31113214499998776,0.003321087000017542
999,0,16,0.294549370000027,0.0025970369999868126,601.875799055,602.167751388,601.875913179,601.893733301,602.164995759,602.165005243,0.2919523330000402,0.01782012199998917,0.2712624580000238,0.002746145000060096
1000,0,16,0.29356787999995504,0.0025952429999733795,602.274282645,602.565255282,602.2743954,602.292204141,602.562491854,602.562500917,0.29097263699998166,0.017808740999953443,0.2702877130000161,0.0027543649999870468
