request_id,num_generated_notes,generation_start_tick,round_trip_time,total_network_latency,server_request_arrival_time,server_response_output_time,server_preprocess_start_time,server_inference_start_time,server_inference_end_time,server_postprocess_start_time,server_processing_duration,preprocess_duration,inference_duration,postprocess_duration
1,1,16,0.3242475959705189,0.002003795001655817,346135.380351704,346135.702595505,346135.380466504,346135.383774296,346135.701041809,346135.701050209,0.32224380096886307,0.003307791950646788,0.3172675130190328,0.0015452959924004972
2,0,16,0.21639876399422064,0.0025384940090589225,346135.80528385,346136.01914412,346135.80538955,346135.807162846,346136.017639524,346136.017647824,0.21386026998516172,0.0017732959822751582,0.21047667803941295,0.0014962959685362875
3,0,16,0.2218127500382252,0.0025053940480574965,346136.121995765,346136.341303121,346136.122102565,346136.124852658,346136.339757425,346136.339765725,0.2193073559901677,0.0027500930009409785,0.2149047669954598,0.0015373959904536605
4,0,16,0.22321584599558264,0.002483692951500416,346136.444199966,346136.664932119,346136.444303866,346136.446804759,346136.663413622,346136.663422022,0.22073215304408222,0.00250089296605438,0.21660886303288862,0.0015100970049388707
5,0,16,0.21842185797868297,0.0024701939546503127,346136.767662164,346136.983613828,346136.767766764,346136.770334657,346136.981733533,346136.981742633,0.21595166402403265,0.0025678930105641484,0.21139887598110363,0.0018711950397118926
6,1,16,0.2395325059769675,0.0025216939975507557,346137.086371574,346137.323382386,346137.086477073,346137.088980267,346137.32175879,346137.32176689,0.23701081197941676,0.0025031939730979502,0.23277852300088853,0.0016154960030689836
7,0,16,0.21906534797744825,0.0025363939930684865,346137.426300531,346137.642829485,346137.42640783,346137.429024224,346137.641258489,346137.641267089,0.21652895398437977,0.002616394020151347,0.21223426499636844,0.001562396006193012
8,0,16,0.22297942696604878,0.00251649395795539,346137.745633421,346137.966096354,346137.74573962,346137.748712613,346137.964510358,346137.964518958,0.2204629330080934,0.0029729930101893842,0.21579774498241022,0.0015773960039950907
9,0,16,0.22057903202949092,0.00246989302104339,346138.06887769,346138.286986829,346138.068980589,346138.071840682,346138.285395233,346138.285403733,0.21810913900844753,0.0028600930236279964,0.21355455101002008,0.001583095989190042
10,0,16,0.2232291260152124,0.0024378939997404814,346138.389711465,346138.610502697,346138.389817164,346138.392840557,346138.608818301,346138.608826901,0.2207912320154719,0.0030233929865062237,0.2159777440247126,0.0016757959965616465
11,1,16,0.2319184030056931,0.0024557930300943553,346138.713255133,346138.942717743,346138.713361133,346138.716374625,346138.940798048,346138.940806148,0.22946260997559875,0.0030134919798001647,0.22442342300200835,0.0019115949980914593
12,0,16,0.22125503100687638,0.002452594053465873,346139.045504479,346139.264306916,346139.045607078,346139.048440071,346139.26269962,346139.26270802,0.2188024369534105,0.002832992991898209,0.21425954898586497,0.0015988959930837154
13,0,16,0.23717408999800682,0.0024792940239422023,346139.367098252,346139.601793048,346139.367199751,346139.370141844,346139.600086253,346139.600094553,0.23469479597406462,0.002942092949524522,0.22994440904585645,0.0016984949470497668
14,0,16,0.25599554204382,0.0024577940348535776,346139.704465484,346139.958003232,346139.704568784,346139.707460177,346139.956186837,346139.956194837,0.25353774800896645,0.0028913930291309953,0.24872665997827426,0.0018083950271829963
15,3,16,0.2542209469829686,0.0025384940090589225,346140.060844768,346140.312527221,346140.060969868,346140.06395496,346140.310726826,346140.310735726,0.2516824529739097,0.0029850919963791966,0.24677186604822055,0.0017914950149133801
16,1,16,0.2302312080282718,0.0025426940410397947,346140.415405457,346140.643093971,346140.415508156,346140.418533648,346140.641433475,346140.641441775,0.227688513987232,0.0030254920129664242,0.22289982700021937,0.0016521959914825857
17,0,16,0.2198612350039184,0.002699993026908487,346140.746112306,346140.963273548,346140.746216606,346140.749308698,346140.961569452,346140.961577452,0.21716124197700992,0.0030920919962227345,0.21226075402228162,0.0016960959765128791
18,0,16,0.2244546230067499,0.0024727939744479954,346141.066082284,346141.288064113,346141.066184983,346141.069478675,346141.286374417,346141.286383317,0.2219818290323019,0.003293692017905414,0.21689574199263006,0.0016807959764264524
19,0,16,0.23782488895813003,0.002486593963112682,346141.390772549,346141.626110844,346141.390877549,346141.393981341,346141.624487648,346141.624495748,0.23533829499501735,0.003103791968896985,0.2305063070380129,0.0016150960000231862
20,2,16,0.2674462120048702,0.0024944929755292833,346141.72892498,346141.993876699,346141.729031879,346141.732029072,346141.992058003,346141.992066503,0.2649517190293409,0.002997193019837141,0.26002893096301705,0.0018101960304193199
21,0,16,0.22222422901540995,0.002441594027914107,346142.096680234,346142.316462869,346142.096783134,346142.099682027,346142.314747474,346142.314756174,0.21978263498749584,0.0028988930280320346,0.21506544697331265,0.0017066950094886124
22,0,16,0.22148303099675104,0.00247059395769611,346142.419257805,346142.638270242,346142.419408205,346142.422460197,346142.636665546,346142.636673346,0.21901243703905493,0.003051991981919855,0.21420534898061305,0.0015968960360623896
23,0,16,0.2215813299990259,0.002535492996685207,346142.741123378,346142.960169215,346142.741226377,346142.744346069,346142.958305719,346142.958314119,0.2190458370023407,0.003119691973552108,0.21395965002011508,0.0018550959648564458
24,0,16,0.2558930430095643,0.0024746940471231937,346143.06296075,346143.316379099,346143.06306535,346143.065998243,346143.314542004,346143.314550404,0.2534183489624411,0.0029328929958865047,0.24854376103030518,0.001828695007134229
25,0,16,0.22289812698727474,0.0024426939780823886,346143.419176135,346143.639631568,346143.419278835,346143.422304127,346143.638003172,346143.638011372,0.22045543300919235,0.0030252920114435256,0.21569904498755932,0.0016201959806494415
26,4,16,0.2548537449911237,0.0025322940200567245,346143.742461104,346143.994782555,346143.742565804,346143.745686696,346143.99286056,346143.99286896,0.25232145097106695,0.0031208920408971608,0.24717386398697272,0.001913594955112785
27,1,16,0.2356732939952053,0.0024924929603002965,346144.097550891,346144.330731692,346144.097655291,346144.100813083,346144.328789797,346144.328797797,0.23318080103490502,0.0031577919726260006,0.22797671396983787,0.0019338950514793396
28,1,16,0.23050400702049956,0.0024954930413514376,346144.433511028,346144.661519542,346144.433615527,346144.436735919,346144.659767846,346144.659777046,0.22800851397914812,0.003120391978882253,0.2230319270165637,0.001742495980579406
29,0,16,0.22182093001902103,0.0025042929919436574,346144.764354277,346144.983670914,346144.764468877,346144.767468769,346144.982017418,346144.982025718,0.21931663702707738,0.0029998919926583767,0.21454864903353155,0.001645195996388793
30,0,16,0.2220901349792257,0.002417093957774341,346145.086400349,346145.30607339,346145.086501249,346145.089716041,346145.304133395,346145.304141395,0.21967304102145135,0.0032147919991984963,0.21441735402913764,0.0019319949788041413
31,0,16,0.22434474003966898,0.00255519401980564,346145.408935135,346145.630724681,346145.409048335,346145.412262027,346145.629090185,346145.629098585,0.22178954601986334,0.0032136919908225536,0.216828158008866,0.0016260960255749524
32,0,16,0.23134441097499803,0.002433093963190913,346145.73344562,346145.962356937,346145.733546319,346145.736701811,346145.960582942,346145.960591142,0.22891131701180711,0.003155492013320327,0.22388113097986206,0.0017657949938438833
33,2,16,0.24780476896557957,0.0025127939879894257,346146.065191176,346146.310483151,346146.065295275,346146.068416567,346146.308678256,346146.308686656,0.24529197497759014,0.003121291985735297,0.2402616890030913,0.001796494994778186
34,0,16,0.2199056399986148,0.0024467940093018115,346146.41329169,346146.630750536,346146.413395889,346146.416678281,346146.629111741,346146.629120541,0.21745884598931298,0.0032823919900693,0.2124334599939175,0.00162999500753358
35,0,16,0.22301423299359158,0.002540693967603147,346146.733507675,346146.953981214,346146.733613475,346146.737000166,346146.952341018,346146.952349018,0.22047353902598843,0.00338669097982347,0.21534085203893483,0.001632196013815701
36,4,16,0.2545751520083286,0.002449094026815146,346147.056674353,346147.308800411,346147.056778952,346147.059979244,346147.306952316,346147.306960516,0.25212605798151344,0.0032002920052036643,0.24697307200403884,0.0018398949760012329
37,0,16,0.22120813705259934,0.002412094036117196,346147.41153805,346147.630334093,346147.411641349,346147.414902041,346147.628684897,346147.628693097,0.21879604301648214,0.0032606919994577765,0.21378285594983026,0.0016409960226155818
38,0,16,0.2253311260137707,0.002580391999799758,346147.733175631,346147.955926365,346147.733277831,346147.736571123,346147.954176369,346147.954184769,0.22275073401397094,0.0032932920148596168,0.21760524599812925,0.001741595973726362
39,2,16,0.2547639519907534,0.002475393994245678,346148.058695303,346148.310983861,346148.058798803,346148.062135794,346148.309130066,346148.309138466,0.25228855799650773,0.003336991008836776,0.24699427199084312,0.0018453949596732855
40,0,16,0.23202390898950398,0.002559793007094413,346148.413894799,346148.643358915,346148.413999999,346148.417183091,346148.64162172,346148.64163012,0.22946411598240957,0.0031830919906497,0.2244386289967224,0.0017287950031459332
41,0,16,0.22147093701642007,0.002439894014969468,346148.746110354,346148.965141397,346148.746214654,346148.749639445,346148.963481201,346148.963489301,0.2190310430014506,0.003424790978897363,0.2138417559908703,0.0016520960489287972
42,0,16,0.22369553096359596,0.0025997929624281824,346149.068004635,346149.289100373,346149.068105935,346149.071723126,346149.287390577,346149.287398577,0.22109573800116777,0.0036171909887343645,0.2156674510333687,0.0017017959617078304
43,0,16,0.22244923398829997,0.002522694005165249,346149.392018311,346149.611944851,346149.39212111,346149.395497802,346149.610383055,346149.610390855,0.21992653998313472,0.0033766920096240938,0.21488525299355388,0.0015539960004389286
44,0,16,0.22155673598172143,0.0024384940043091774,346149.71474079,346149.933859032,346149.714861589,346149.718172881,346149.932238336,346149.932246736,0.21911824197741225,0.0033112919772975147,0.21406545501668006,0.0016122959787026048
45,0,16,0.22488572797738016,0.002573793986812234,346150.036727471,346150.259039405,346150.03683457,346150.040254362,346150.257413109,346150.257421509,0.22231193399056792,0.0034197919885627925,0.2171587470220402,0.0016178959631361067
46,1,16,0.2629825310432352,0.0024754940532147884,346150.361775244,346150.622282281,346150.361879443,346150.365222435,346150.620423186,346150.620432086,0.2605070369900204,0.003342991985846311,0.2552007510093972,0.0018501949962228537
47,0,16,0.21948674198938534,0.002464993973262608,346150.725098619,346150.942120367,346150.725205319,346150.72856671,346150.940480371,346150.940488971,0.21702174801612273,0.0033613910200074315,0.21191366098355502,0.0016313960077241063
48,0,16,0.22314863197971135,0.0024686940014362335,346151.044920606,346151.265600544,346151.045023105,346151.048421897,346151.263945449,346151.263953748,0.22067993797827512,0.0033987920032814145,0.2155235520331189,0.0016467960085719824
49,0,16,0.2253224269952625,0.002513493993319571,346151.368350383,346151.591159316,346151.368452983,346151.371885374,346151.58943622,346151.58944502,0.22280893300194293,0.0034323910367675126,0.21755084599135444,0.0017142959986813366
50,0,16,0.22353333100909367,0.0024710940197110176,346151.693991755,346151.915053992,346151.694097554,346151.697461446,346151.913392496,346151.913401496,0.22106223698938265,0.0033638919703662395,0.2159310500137508,0.0016524959937669337
51,0,16,0.22309753199806437,0.0024439929984509945,346152.017808131,346152.23846167,346152.017913131,346152.021296022,346152.236811074,346152.236819374,0.22065353899961337,0.0033828910090960562,0.21551505202660337,0.0016422959743067622
52,0,16,0.22094983799615875,0.002481193980202079,346152.341250708,346152.559719352,346152.341353308,346152.344825399,346152.558054157,346152.558062257,0.21846864401595667,0.003472090989816934,0.21322875801706687,0.0016570949810557067
53,4,16,0.253909454040695,0.0024709940189495683,346152.662498691,346152.913937151,346152.662601891,346152.666100182,346152.912134556,346152.912142656,0.2514384600217454,0.0034982910146936774,0.24603437399491668,0.0017944950377568603
54,8,16,0.31581689696758986,0.0025253939675167203,346153.01672769,346153.330019193,346153.01683109,346153.020242281,346153.327907798,346153.327915998,0.31329150300007313,0.003411191049963236,0.3076655169716105,0.002103195001836866
55,0,16,0.22208653599955142,0.003158491977956146,346153.432845331,346153.651773375,346153.432950731,346153.436623322,346153.649930079,346153.649938279,0.21892804402159527,0.003672591003123671,0.21330675698118284,0.0018350959871895611
56,1,16,0.23295230796793476,0.0024975939886644483,346153.755252812,346153.985707526,346153.755359212,346153.759076002,346153.983810931,346153.983819631,0.2304547139792703,0.0037167900009080768,0.224734928982798,0.0018878949922509491
57,0,16,0.21933064301265404,0.002525094023440033,346154.088562865,346154.305368414,346154.088666965,346154.092218056,346154.303750318,346154.303758618,0.216805548989214,0.00355109095107764,0.2115322620375082,0.0016097959596663713
58,0,16,0.2211864379933104,0.0024982939939945936,346154.408075153,346154.626763297,346154.408181653,346154.411849744,346154.625173902,346154.625182402,0.2186881439993158,0.0036680909688584507,0.2133241580449976,0.001580895041115582
59,0,16,0.2240130309946835,0.0025014940183609724,346154.729565936,346154.951077473,346154.729667736,346154.733180827,346154.949450678,346154.949459778,0.22151153697632253,0.0035130910109728575,0.2162698510219343,0.0016176949720829725
60,0,16,0.21977304201573133,0.00255219399696216,346155.053913212,346155.27113406,346155.054017712,346155.057620103,346155.269514964,346155.269523264,0.21722084801876917,0.0036023909924551845,0.21189486101502553,0.0016107959672808647
61,0,16,0.23720869701355696,0.002444092999212444,346155.373966599,346155.608731203,346155.374069799,346155.37763379,346155.607045607,346155.607053807,0.2347646040143445,0.0035639909910969436,0.22941181698115543,0.0016773960087448359
62,0,16,0.2197528419783339,0.002482793992385268,346155.711559141,346155.928829189,346155.711665341,346155.715311632,346155.927099194,346155.927107394,0.21727004798594862,0.003646291035693139,0.21178756200242788,0.0017217950080521405
63,0,16,0.2376821959624067,0.002497392997611314,346156.031643428,346156.266828231,346156.031747828,346156.035310619,346156.265031935,346156.265040635,0.23518480296479538,0.0035627909819595516,0.22972131602000445,0.0017875959747470915
64,0,16,0.21965444198576733,0.002486293960828334,346156.36962327,346156.586791418,346156.369726569,346156.37344426,346156.585098922,346156.585107322,0.217168148024939,0.0037176909972913563,0.2116546620381996,0.0016840960015542805
65,0,16,0.24239568400662392,0.0025080940104089677,346156.689591457,346156.929479047,346156.689696556,346156.693297147,346156.927317953,346156.927326253,0.23988758999621496,0.0036005909787490964,0.23402080603409559,0.0021527940407395363
66,0,16,0.22291643399512395,0.002493093954399228,346157.032314086,346157.252737426,346157.032416086,346157.035967877,346157.25103443,346157.25104293,0.22042334004072472,0.0035517910146154463,0.21506655297707766,0.0016944960225373507
67,4,16,0.27820429304847494,0.002479194023180753,346157.355564965,346157.631290064,346157.355670965,346157.359340155,346157.629278169,346157.629286569,0.2757250990252942,0.003669189987704158,0.26993801404023543,0.002003494999371469
68,0,16,0.2298967160168104,0.0024874929804354906,346157.734087603,346157.961496826,346157.734190703,346157.738010893,346157.95966273,346157.95967123,0.2274092230363749,0.0038201899733394384,0.22165183699689806,0.001825596031267196
69,0,16,0.2195889430004172,0.0024622950004413724,346158.064254865,346158.281381513,346158.064358864,346158.067966655,346158.279651017,346158.279659217,0.21712664799997583,0.0036077910335734487,0.21168436197331175,0.0017222960013896227
70,0,16,0.22019963996717706,0.0025175929768010974,346158.384232852,346158.601914899,346158.384337851,346158.388079542,346158.600136303,346158.600144703,0.21768204699037597,0.0037416910054162145,0.21205676096724346,0.0017701960168778896
71,2,16,0.2552207509870641,0.002513093000743538,346158.704668638,346158.957376296,346158.704773337,346158.708401028,346158.955485801,346158.955494301,0.25270765798632056,0.003627691010478884,0.24708477297099307,0.0018819950055330992
72,0,16,0.22820201999275014,0.002477693953551352,346159.060222935,346159.285947261,346159.060328234,346159.064285924,346159.284136066,346159.284145166,0.22572432603919879,0.003957690030802041,0.2198501419625245,0.001802095037419349
73,0,16,0.2197029420058243,0.0024804939748719335,346159.3886956,346159.605918048,346159.3888006,346159.39267839,346159.604061953,346159.604070453,0.21722244803095236,0.00387779000448063,0.21138356300070882,0.0018475950346328318
74,0,16,0.2210504390532151,0.0024849940673448145,346159.708734587,346159.927300032,346159.708841187,346159.712659177,346159.925520437,346159.925528737,0.21856544498587027,0.003817990014795214,0.21286125999176875,0.001771294977515936
75,0,16,0.22273943398613483,0.002674193005077541,346160.030268571,346160.250333812,346160.03037607,346160.034152661,346160.248578116,346160.248586416,0.2200652409810573,0.0037765909801237285,0.2144254550221376,0.0017473959596827626
76,0,16,0.22171163698658347,0.0025114939780905843,346160.353021151,346160.572221294,346160.353124851,346160.356975941,346160.570374299,346160.570382499,0.2192001430084929,0.00385108997579664,0.2133983580279164,0.0018387949676252902
77,0,16,0.21989424200728536,0.0024754939950071275,346160.674946833,346160.892365581,346160.675060133,346160.678846523,346160.890539086,346160.890547386,0.21741874801227823,0.003786390007007867,0.21169256302528083,0.0018181949853897095
78,0,16,0.22081213898491114,0.00245589402038604,346160.99515932,346161.213515565,346160.99526362,346160.99907201,346161.211857869,346161.211866469,0.2183562449645251,0.0038083899999037385,0.21278585901018232,0.0016490959678776562
79,0,16,0.21991654200246558,0.0025461939512751997,346161.316362604,346161.533732952,346161.316468004,346161.320290994,346161.531857557,346161.531865857,0.21737034805119038,0.00382298999466002,0.21156656299717724,0.0018670950084924698
80,0,16,0.22303503897273913,0.002478492970112711,346161.636469192,346161.857025738,346161.636582092,346161.640583482,346161.855026843,346161.855036143,0.22055654600262642,0.004001390014309436,0.2144433610374108,0.001989595009945333
81,2,16,0.2376138029503636,0.0025585939292795956,346161.959850079,346162.194905288,346161.959951679,346161.963711869,346162.193003693,346162.193011593,0.235055209021084,0.0037601899821311235,0.22929182404186577,0.0018936949782073498
82,0,16,0.22151184303220361,0.002448794024530798,346162.297718829,346162.516781878,346162.297823729,346162.301728519,346162.515035683,346162.515043883,0.21906304900767282,0.0039047900354489684,0.21330716396914795,0.0017379950149916112
83,1,16,0.23843299999134615,0.0024940940202213824,346162.61957902,346162.855517926,346162.619682519,346162.62352711,346162.853709531,346162.853718031,0.23593890597112477,0.0038445909740403295,0.23018242104444653,0.0017998949624598026
84,0,16,0.2242007360327989,0.002525094023440033,346162.958344668,346163.18002031,346162.958447367,346162.962410258,346163.178264015,346163.178272815,0.22167564200935885,0.003962891001719981,0.21585375699214637,0.0017474949709139764
85,0,16,0.219993646023795,0.0024230940616689622,346163.282823152,346163.500393704,346163.283000051,346163.287011241,346163.498706709,346163.498715209,0.21757055196212605,0.00401119003072381,0.21169546799501404,0.0016784949693828821
86,0,16,0.22376163699664176,0.002523594012018293,346163.603218746,346163.824456789,346163.603321446,346163.607148736,346163.822731694,346163.822740094,0.22123804298462346,0.0038272900274023414,0.21558295795693994,0.0017166950274258852
87,2,16,0.24523718300042674,0.0024959929869510233,346163.927197531,346164.169938721,346163.927300931,346163.931252421,346164.168157225,346164.168165425,0.24274119001347572,0.003951489983592182,0.23690480401273817,0.0017732959822751582
88,0,16,0.21981364698149264,0.002591493946965784,346164.272878762,346164.490100915,346164.273014561,346164.276861652,346164.48843512,346164.48844312,0.21722215303452685,0.003847090993076563,0.21157346799736843,0.001657795044593513
89,3,16,0.24558908201288432,0.0024661929928697646,346164.592857257,346164.835980146,346164.592960657,346164.596934747,346164.83418715,346164.83419555,0.24312288902001455,0.00397408998105675,0.23725240299245343,0.0017845960101112723
90,0,16,0.22267374000512064,0.002527694043237716,346164.938830287,346165.158976333,346164.938956987,346164.942898877,346165.157219638,346165.157228138,0.22014604596188292,0.003941890026908368,0.21432076097698882,0.0017481949762441218
91,2,16,0.2393525979714468,0.002550993987824768,346165.261808675,346165.498610279,346165.261914074,346165.265313966,346165.496732484,346165.496740784,0.23680160398362204,0.003399892011657357,0.23141851800028235,0.0018694950267672539
92,1,16,0.27295781299471855,0.0025187929859384894,346165.601442821,346165.871881841,346165.60154352,346165.60559671,346165.869865146,346165.869873446,0.27043902000878006,0.004053190001286566,0.2642684360034764,0.0020083949784748256
93,0,16,0.22051604598527774,0.00250169396167621,346165.974695682,346166.192710034,346165.974800582,346165.978694872,346166.190958838,346166.190967138,0.21801435202360153,0.003894290013704449,0.21226396597921848,0.0017428960418328643
94,0,16,0.2525962649961002,0.0024861929705366492,346166.295469375,346166.545579447,346166.295575575,346166.299709565,346166.543695151,346166.543703851,0.25011007202556357,0.004133990034461021,0.24398558598477393,0.001875596004538238
95,1,16,0.23683450400130823,0.0024947929778136313,346166.648419088,346166.882758799,346166.648522888,346166.652588177,346166.880904303,346166.880912303,0.2343397110234946,0.004065288987476379,0.228316125983838,0.0018464960157871246
96,0,16,0.21985174698056653,0.002446793019771576,346166.98552604,346167.202930994,346166.98562724,346166.989981729,346167.201232698,346167.201240698,0.21740495396079496,0.0043544890359044075,0.2112509689759463,0.0016902959905564785
97,3,16,0.2500963710481301,0.0025927930837497115,346167.305839935,346167.553343513,346167.305943835,346167.309188826,346167.551536917,346167.551545217,0.24750357796438038,0.003244991006795317,0.24234809097833931,0.0017982959980145097
98,1,16,0.26113214396173134,0.0024635939626023173,346167.656045454,346167.914714004,346167.656149654,346167.660331343,346167.912632709,346167.912641309,0.258668549999129,0.004181689000688493,0.25230136601021513,0.002072694944217801
99,0,16,0.2229894400225021,0.0025085940724238753,346168.017509845,346168.237990691,346168.017612145,346168.021631035,346168.236282395,346168.236291295,0.22048084595007822,0.004018890031147748,0.21465136000188068,0.0016993960016407073
100,1,16,0.23094871902139857,0.0026048930012620986,346168.340857332,346168.569201158,346168.340979832,346168.345064622,346168.567476063,346168.567484463,0.22834382602013648,0.004084790009073913,0.22241144097642973,0.0017166950274258852
101,1,16,0.22872392501449212,0.0024994940031319857,346168.6720623,346168.898286731,346168.672167399,346168.676254989,346168.896540535,346168.896548835,0.22622443101136014,0.004087589972186834,0.22028554597636685,0.0017378960037603974
102,3,16,0.2500352720380761,0.0025976940523833036,346169.001164772,346169.24860235,346169.001268072,346169.005396962,346169.246709155,346169.246718055,0.24743757798569277,0.004128889995627105,0.241312192985788,0.001884295023046434
103,0,16,0.22104814398335293,0.00242629402782768,346169.351377992,346169.569999842,346169.351480591,346169.355552481,346169.568316146,346169.568324046,0.21862184995552525,0.0040718900272622705,0.21276366495294496,0.0016757959965616465
104,0,16,0.240185103029944,0.002490494051016867,346169.672797086,346169.910491695,346169.672899886,346169.677360375,346169.9085674,346169.9085755,0.23769460897892714,0.004460489028133452,0.23120702500455081,0.0019161949749104679
105,0,16,0.22416044300189242,0.0024742940440773964,346170.01325864,346170.234944789,346170.01336344,346170.018548927,346170.233202593,346170.233210993,0.22168614895781502,0.0051854869816452265,0.21465366601478308,0.0017337959725409746
106,0,16,0.22466484195319936,0.0024814949720166624,346170.337672534,346170.559855881,346170.337776833,346170.342549421,346170.558151086,346170.558159686,0.2221833469811827,0.0047725880285725,0.21560166496783495,0.001696194987744093
107,2,16,0.250898776052054,0.0024162930785678327,346170.662532126,346170.911014609,346170.662635726,346170.667305614,346170.909127813,346170.909135713,0.24848248297348619,0.0046698880032636225,0.24182219902286306,0.0018788959714584053
108,0,16,0.2613724499824457,0.002600292966235429,346171.013864353,346171.27263651,346171.013968053,346171.018737441,346171.270678315,346171.270686615,0.25877215701621026,0.004769388004206121,0.25194087403360754,0.0019498949986882508
109,0,16,0.25388746900716797,0.0025458940071985126,346171.375603854,346171.626945429,346171.375711454,346171.380546242,346171.624873834,346171.624882334,0.25134157499996945,0.004834787978325039,0.24432759202318266,0.0020630949875339866
110,0,16,0.2254451389890164,0.002455393027048558,346171.729723574,346171.95271332,346171.729827674,346171.734755661,346171.950992824,346171.951000824,0.22298974596196786,0.004927986999973655,0.21623716299654916,0.0017124959849752486
111,0,16,0.2240068439859897,0.0025068940012715757,346172.055539764,346172.277039714,346172.055645864,346172.060558852,346172.275159518,346172.275168018,0.22149994998471811,0.0049129879917018116,0.21460066601866856,0.001871695974841714
112,0,16,0.2236999439774081,0.0024981939932331443,346172.379888258,346172.601090008,346172.379991258,346172.385138145,346172.599258013,346172.599266313,0.22120174998417497,0.005146886978764087,0.21411986800376326,0.001823694969061762
113,0,16,0.22110805101692677,0.002523294009733945,346172.703878753,346172.92246351,346172.703982453,346172.708763741,346172.920614414,346172.920622714,0.21858475700719282,0.004781288036610931,0.21185067296028137,0.0018407960305921733
114,0,16,0.2199441539705731,0.0025136949843727052,346173.025183455,346173.242613914,346173.025287154,346173.029861043,346173.240926718,346173.240934918,0.2174304589862004,0.0045738889602944255,0.21106567501556128,0.0016789960209280252
115,0,16,0.22046215197769925,0.0024642940261401236,346173.345401959,346173.563399817,346173.345510559,346173.350343547,346173.561709621,346173.561717921,0.21799785795155913,0.004832988022826612,0.21136607398511842,0.001681895984802395
116,0,16,0.22108155000023544,0.002447794016916305,346173.666168262,346173.884802018,346173.666333761,346173.671444649,346173.882992123,346173.883000423,0.21863375598331913,0.005110887985210866,0.21154747402761132,0.0018015949754044414
117,0,16,0.2322803229908459,0.0024645939702168107,346173.987611263,346174.217426992,346173.987714663,346173.992484751,346174.215690196,346174.215698396,0.22981572902062908,0.004770088009536266,0.223205445043277,0.001728596049360931
118,0,16,0.2209305520518683,0.002491795050445944,346174.320220837,346174.538659594,346174.320324736,346174.325285924,346174.536797198,346174.536805298,0.21843875700142235,0.0049611880094744265,0.2115112739847973,0.001854296016972512
119,0,16,0.2239449440385215,0.002482393989339471,346174.641460938,346174.862923488,346174.641660938,346174.646749725,346174.861184392,346174.861192892,0.22146255004918203,0.0050887870020233095,0.21443466702476144,0.0017305960063822567
120,0,16,0.22465184098109603,0.0025496919988654554,346174.965799532,346175.187901681,346174.965901532,346174.97097162,346175.186135785,346175.186143785,0.22210214898223057,0.005070088023785502,0.21516416501253843,0.001757895981427282
121,1,16,0.24037360301008448,0.0024645939702168107,346175.290670025,346175.528579034,346175.290774125,346175.295831312,346175.526782539,346175.526791439,0.23790900903986767,0.005057186994235963,0.2309512269566767,0.001787595043424517
122,0,16,0.22409114299807698,0.0024642939679324627,346175.631375079,346175.853001928,346175.631477378,346175.636616566,346175.851282432,346175.851291032,0.2216268490301445,0.0051391879678703845,0.21466586599126458,0.00171089603099972
123,0,16,0.22620373801328242,0.0024890940403565764,346175.955759173,346176.179473817,346175.955879072,346175.96080126,346176.177744921,346176.177753221,0.22371464397292584,0.00492218800354749,0.2169436609838158,0.001720595988444984
124,0,16,0.22358924499712884,0.002516194013878703,346176.282304561,346176.503377612,346176.282411161,346176.287332349,346176.501615517,346176.501623717,0.22107305098325014,0.004921187995932996,0.21428316802484915,0.001753894961439073
125,1,16,0.23980680404929444,0.002476494060829282,346176.606146957,346176.843477267,346176.606249257,346176.611428344,346176.841680972,346176.841689372,0.23733030998846516,0.00517908699112013,0.23025262804003432,0.001787894987501204
126,0,16,0.23134872497757897,0.002440393960569054,346176.946253312,346177.175161643,346176.946354412,346176.951615399,346177.173326948,346177.173335148,0.22890833101700991,0.005260986974462867,0.22171154903480783,0.0018264949903823435
127,4,16,0.26646893803263083,0.0024485940230078995,346177.277840088,346177.541860432,346177.277944588,346177.284335472,346177.539952637,346177.539961237,0.26402034400962293,0.006390883994754404,0.2556171650066972,0.0018991950200870633
128,1,16,0.2321164999739267,0.0024546929635107517,346177.644605073,346177.87426688,346177.644708272,346177.649781259,346177.872490884,346177.872498984,0.22966180701041594,0.005072986998129636,0.22270962496986613,0.0017678959993645549
129,0,16,0.2248949200147763,0.002468794002197683,346177.976972814,346178.19939894,346177.977077314,346177.982125901,346178.197502545,346178.197527045,0.2224261260125786,0.0050485869869589806,0.21537664404604584,0.001871895045042038
130,1,16,0.228443211002741,0.0025602940004318953,346178.302304874,346178.528187791,346178.302410274,346178.307578161,346178.526401095,346178.526410095,0.2258829170023091,0.005167887022253126,0.21882293396629393,0.001777696015778929
131,0,16,0.22376882302341983,0.002497793990187347,346178.631001125,346178.852272154,346178.631103825,346178.636357911,346178.850483259,346178.850491459,0.22127102903323248,0.005254085990600288,0.21412534802220762,0.0017806949908845127
132,0,16,0.22064463002607226,0.0025699930265545845,346178.955147788,346179.173222425,346178.955253388,346178.960413575,346179.17136853,346179.17137683,0.21807463699951768,0.005160187021829188,0.21095495502231643,0.0018455949611961842
133,0,16,0.2217363269883208,0.0024675930035300553,346179.27593816,346179.495206894,346179.27604026,346179.281143146,346179.493505198,346179.493513698,0.21926873398479074,0.005102886003442109,0.21236205199966207,0.0016931960126385093
134,2,16,0.2458526650443673,0.0024699930218048394,346179.598005228,346179.8413879,346179.598107928,346179.603399714,346179.839388805,346179.839397005,0.24338267202256247,0.005291785986628383,0.23598909098654985,0.0019908950198441744
135,0,16,0.2256780180032365,0.0027991929673589766,346179.944179934,346180.167058759,346179.944286234,346179.949364521,346180.164756665,346180.164772165,0.22287882503587753,0.005078287038486451,0.2153921439894475,0.0022865940118208528
136,0,16,0.22425492102047428,0.00262699305312708,346180.270233092,346180.49186102,346180.270337492,346180.275590579,346180.490183424,346180.490192024,0.2216279279673472,0.005253087030723691,0.21459284494630992,0.0016689960029907525
137,0,16,0.22548231796827167,0.0026347929961048067,346180.594766854,346180.817614379,346180.594880254,346180.600160241,346180.815896683,346180.815904783,0.22284752497216687,0.005279987002722919,0.21573644201271236,0.0017095959628932178
138,1,16,0.23103360296227038,0.002600892912596464,346180.920574813,346181.149007523,346180.920679613,346180.925875,346181.147018029,346181.147025929,0.22843271004967391,0.00519538699882105,0.2211430289898999,0.0019815940177068114
139,2,16,0.23907998303184286,0.0025540940114296973,346181.251822958,346181.488348847,346181.251928258,346181.257458243,346181.486496752,346181.486504752,0.23652588902041316,0.00552998500643298,0.2290385090163909,0.001844095007982105
140,0,16,0.22384312195936218,0.002718292991630733,346181.591386681,346181.81251151,346181.591506581,346181.597199766,346181.810794615,346181.810803215,0.22112482896773145,0.005693185026757419,0.21359484898857772,0.001708294963464141
141,0,16,0.22397532203467563,0.002445494057610631,346181.915189245,346182.136719073,346181.915294345,346181.920614331,346182.134962778,346182.134970978,0.221529827977065,0.005319985968526453,0.2143484470434487,0.0017480949754826725
142,0,16,0.23358369700144976,0.0024350939784199,346182.239508008,346182.470656611,346182.239611208,346182.245065493,346182.468766416,346182.468774616,0.23114860302302986,0.005454285012092441,0.22370092303026468,0.0018819950055330992
143,0,16,0.22117112902924418,0.0025770930224098265,346182.573584845,346182.792178881,346182.573690645,346182.578807332,346182.790415685,346182.790424385,0.21859403600683436,0.005116687039844692,0.21160835295449942,0.0017544960137456656
144,0,16,0.22027623100439087,0.002472993975970894,346182.894948416,346183.112751653,346182.895052315,346182.900488001,346183.110757958,346183.110766458,0.21780323702841997,0.005435685976408422,0.21026995702413842,0.001985195034649223
145,0,16,0.22022343100979924,0.002458092989400029,346183.215528188,346183.433293526,346183.215631888,346183.221364573,346183.43152323,346183.43153163,0.2177653380203992,0.005732684978283942,0.21015865699155256,0.0017618960118852556
146,0,16,0.24161257600644603,0.0027299930225126445,346183.53629486,346183.775177443,346183.53640196,346183.541956745,346183.773359648,346183.773368048,0.2388825829839334,0.005554784962441772,0.23140290303854272,0.0018093949765898287
147,0,16,0.2222904259688221,0.002480893977917731,346183.877973778,346184.09778331,346183.878078877,346183.883564863,346184.096044315,346184.096052415,0.21980953199090436,0.005485986010171473,0.21247945202048868,0.0017308949609287083
148,7,16,0.2927293439861387,0.0024850929621607065,346184.200572045,346184.490816296,346184.200674845,346184.206094431,346184.488709601,346184.488718101,0.290244251023978,0.0054195859702304006,0.2826151699991897,0.00209819502197206
149,0,16,0.22398502205032855,0.002425094018690288,346184.59360613,346184.815166058,346184.59371033,346184.598985516,346184.813431263,346184.813439763,0.22155992803163826,0.005275185976643115,0.2144457470276393,0.0017262950423173606
150,0,16,0.22111682896502316,0.0024814929347485304,346184.917965993,346185.136601329,346184.918069893,346184.923673478,346185.134715833,346185.134724433,0.21863533603027463,0.005603584984783083,0.21104235498933122,0.0018768960144370794
151,1,16,0.23082970402901992,0.0024777930229902267,346185.239347063,346185.467698974,346185.239449463,346185.243629152,346185.46544878,346185.46545728,0.2283519110060297,0.0041796889854595065,0.22181962797185406,0.002241694019176066
152,5,16,0.26162454299628735,0.0025200920063070953,346185.570515308,346185.829619759,346185.570619908,346185.576147694,346185.827517764,346185.827526064,0.25910445098998025,0.005527786037418991,0.25137006997829303,0.00209369498770684
153,0,16,0.257572558009997,0.002449094026815146,346185.932390403,346186.187513867,346185.932493002,346185.937849189,346186.185351872,346186.185360272,0.25512346398318186,0.005356187000870705,0.24750268302159384,0.0021535949781537056
154,0,16,0.22461303998716176,0.0025528930127620697,346186.29033891,346186.512399057,346186.29044341,346186.295623197,346186.510641561,346186.510649961,0.22206014697439969,0.005179786996450275,0.21501836401876062,0.0017490959726274014
155,0,16,0.25940265401732177,0.002436594048049301,346186.6151403,346186.87210636,346186.6153435,346186.620632287,346186.870276964,346186.870284964,0.25696605996927246,0.0052887870115228,0.24964467698009685,0.0018213959992863238
156,0,16,0.22498943895334378,0.00246319395955652,346186.974823704,346187.197349949,346186.974927603,346186.980520089,346187.195590053,346187.195598853,0.22252624499378726,0.005592486006207764,0.21506996400421485,0.001751095987856388
157,0,16,0.2209023489849642,0.002501393959391862,346187.300164793,346187.518565748,346187.300269692,346187.305616679,346187.516736153,346187.516744353,0.21840095502557233,0.0053469870472326875,0.2111194739700295,0.0018213950097560883
158,5,16,0.29464376502437517,0.0024663940421305597,346187.621381292,346187.913558663,346187.621482892,346187.626863078,346187.911330569,346187.911338769,0.2921773709822446,0.005380185961257666,0.2844674910302274,0.0022198939695954323
159,0,16,0.2507249750196934,0.0025024940259754658,346188.016425607,346188.264648088,346188.016531207,346188.022172393,346188.262416494,346188.262424994,0.2482224809937179,0.005641185969579965,0.24024410103447735,0.002223093993961811
160,4,16,0.2969964600051753,0.0024790939642116427,346188.367373332,346188.661890698,346188.367477832,346188.372882618,346188.659654404,346188.659663104,0.2945173660409637,0.0054047859739512205,0.28677178599173203,0.0022275940282270312
161,4,16,0.251666571944952,0.002444392943289131,346188.764670542,346189.013892721,346188.764775142,346188.770185028,346189.011423327,346189.011431527,0.24922217900166288,0.005409886012785137,0.2412382990005426,0.002461194002535194
162,0,16,0.228046432021074,0.0024997940636239946,346189.116713664,346189.342260302,346189.116820464,346189.122121051,346189.340396407,346189.340404807,0.22554663795745,0.0053005869849585,0.21827535599004477,0.0018554949783720076
163,0,16,0.22254564496688545,0.0024677939363755286,346189.445076446,346189.665154297,346189.445180346,346189.450715432,346189.663379002,346189.663387002,0.22007785103050992,0.005535085976589471,0.21266357001150027,0.0017672950052656233
164,0,16,0.22146324801724404,0.0024429939803667367,346189.767917541,346189.986937795,346189.768038941,346189.773382127,346189.9848599,346189.9848682,0.2190202540368773,0.005343185970559716,0.21147777303121984,0.0020695950370281935
165,0,16,0.22335784300230443,0.002489992999471724,346190.089632339,346190.310500189,346190.089737039,346190.095089426,346190.308645093,346190.308653293,0.2208678500028327,0.00535238697193563,0.21355566702550277,0.001846896018832922
166,0,16,0.2196734530152753,0.0025206940481439233,346190.413404232,346190.630556991,346190.413506932,346190.419108718,346190.628793395,346190.628801695,0.21715275896713138,0.005601786018814892,0.20968467701459303,0.0017552959616295993
167,0,16,0.22318474296480417,0.0024286929983645678,346190.733302835,346190.954058885,346190.733408635,346190.738793621,346190.952291789,346190.952301489,0.2207560499664396,0.0053849859978072345,0.21349816798465326,0.0017573959776200354
168,2,16,0.24676948500564322,0.002485893026459962,346191.056839628,346191.30112322,346191.056942728,346191.062352515,346191.298864925,346191.298873025,0.24428359197918326,0.005409787001553923,0.23651240998879075,0.002250195015221834
169,3,16,0.24696678499458358,0.0023998949909582734,346191.403801764,346191.648368654,346191.403903963,346191.40928975,346191.64606686,346191.64607506,0.2445668900036253,0.005385786993429065,0.23677711002528667,0.0022935940069146454
170,4,16,0.28232379601104185,0.002534194034524262,346191.751169098,346192.0309587,346191.751276598,346191.757030283,346192.028835206,346192.028843606,0.2797896019765176,0.00575368496356532,0.2718049230170436,0.00211509398650378
171,0,16,0.2323922209907323,0.0024307940038852394,346192.133740544,346192.363701971,346192.133845044,346192.139180931,346192.361874676,346192.361883376,0.22996142698684707,0.005335886962711811,0.22269374504685402,0.0018185949884355068
172,0,16,0.22234404599294066,0.0024511939845979214,346192.466456215,346192.686349067,346192.466560415,346192.472014401,346192.684462672,346192.684471472,0.21989285200834274,0.005453985999338329,0.2124482709914446,0.0018775950302369893
173,4,16,0.2519073720322922,0.002412694040685892,346192.789084711,346193.038579389,346192.789187311,346192.794596597,346193.036666794,346193.036675094,0.2494946779916063,0.005409286008216441,0.24207019695313647,0.0019042950007133186
174,0,16,0.22067904996220022,0.0025135939940810204,346193.141360133,346193.359525589,346193.141462633,346193.146830719,346193.357350695,346193.357358495,0.2181654559681192,0.005368086043745279,0.2105199759826064,0.0021670939750038087
175,0,16,0.22220174601534382,0.0024249940179288387,346193.462326633,346193.682103385,346193.462430333,346193.468044719,346193.68019609,346193.68020389,0.21977675199741498,0.005614385998342186,0.21215137100080028,0.0018994949641637504
176,0,16,0.2206119509646669,0.0024333949550054967,346193.78476333,346194.002941886,346193.784868929,346193.790325316,346194.000884791,346194.000893091,0.2181785560096614,0.0054563870071433485,0.21055947500281036,0.002048794995062053
177,1,16,0.2387110049603507,0.0024553939583711326,346194.10565763,346194.341913241,346194.10576093,346194.111190516,346194.339559347,346194.339567847,0.23625561100197956,0.005429585988167673,0.22836883104173467,0.0023453939938917756
178,0,16,0.22793243202613667,0.002441594027914107,346194.444623785,346194.670114623,346194.444726485,346194.450223671,346194.667845929,346194.667854229,0.22549083799822256,0.005497185979038477,0.21762225800193846,0.002260393986944109
179,0,16,0.22013975103618577,0.002434594032820314,346194.772851967,346194.990557124,346194.772954767,346194.778314853,346194.988752129,346194.988760329,0.21770515700336546,0.005360086041036993,0.21043727599317208,0.001796794997062534
180,0,16,0.21919805399375036,0.002472094027325511,346195.093334668,346195.310060628,346195.093438868,346195.098866954,346195.308299432,346195.308308532,0.21672595996642485,0.005428085976745933,0.20943247800460085,0.0017520959954708815
181,0,16,0.22370784200029448,0.0025013929698616266,346195.412836572,346195.634043021,346195.412941772,346195.418409358,346195.632318125,346195.632326825,0.22120644903043285,0.005467585986480117,0.21390876697842032,0.001716196013148874
182,0,16,0.22744183300528675,0.002538493019528687,346195.736892664,346195.961796004,346195.736997264,346195.742955349,346195.959995208,346195.960012208,0.22490333998575807,0.005958085006568581,0.21703985903877765,0.0017837960040196776
183,0,16,0.23260142002254725,0.0025107940309681,346196.064534448,346196.294625074,346196.064639547,346196.070054934,346196.292809679,346196.292817779,0.23009062599157915,0.005415386985987425,0.22275474498746917,0.0018072950188070536
184,1,16,0.23261442000512034,0.0024273929884657264,346196.397313818,346196.627500845,346196.397417618,346196.401813007,346196.625694749,346196.625703049,0.2301870270166546,0.004395388998091221,0.22388174198567867,0.001797795994207263
185,0,16,0.22060745098860934,0.002504293981473893,346196.730330188,346196.948433345,346196.730435488,346196.734896577,346196.946616049,346196.946624049,0.21810315700713545,0.004461089032702148,0.21171947196125984,0.0018092960235662758
186,0,16,0.2210999489761889,0.0024896939867176116,346197.051253489,346197.269863744,346197.051355888,346197.056014577,346197.26748435,346197.26749275,0.2186102549894713,0.004658688965719193,0.21146977302851155,0.0023709939559921622
187,0,16,0.22325284301768988,0.00244109402410686,346197.372635288,346197.593447037,346197.372740288,346197.377342276,346197.591660442,346197.591668942,0.22081174899358302,0.004601988010108471,0.21431816602125764,0.00177809497108683
188,0,16,0.22329574398463592,0.002425293962005526,346197.696176981,346197.917047431,346197.696278781,346197.70078697,346197.915200336,346197.915208736,0.2208704500226304,0.004508188983891159,0.21441336604766548,0.0018386949668638408
189,0,16,0.2234354430111125,0.0024583940394222736,346198.019796075,346198.240773124,346198.019899075,346198.024421664,346198.238877929,346198.238886229,0.22097704897169024,0.004522589035332203,0.21445626497734338,0.0018868949846364558
190,2,16,0.27358661900507286,0.002468293998390436,346198.343506668,346198.614624993,346198.343610968,346198.348254957,346198.612611798,346198.612632298,0.2711183250066824,0.004643989028409123,0.2643568409839645,0.0019926949753426015
191,1,16,0.23394431703491136,0.0024929940118454397,346198.717370337,346198.94882166,346198.717475037,346198.722128425,346198.946990965,346198.946999465,0.23145132302306592,0.004653388052247465,0.22486253996612504,0.001822195015847683
192,0,16,0.23256892000790685,0.0025053930003196,346199.051588604,346199.281652131,346199.051692904,346199.056246292,346199.279819435,346199.279827635,0.23006352700758725,0.0045533880474977195,0.2235731429536827,0.0018244960228912532
193,0,16,0.22348684404278174,0.0024927950580604374,346199.384468075,346199.605462124,346199.384573474,346199.389121963,346199.603669428,346199.603677528,0.2209940489847213,0.0045484889997169375,0.21454746497329324,0.0017845960101112723
194,0,16,0.2542587659554556,0.002425293962005526,346199.708200368,346199.96003384,346199.708304268,346199.712849456,346199.958040245,346199.958048745,0.2518334719934501,0.004545187985058874,0.2451907889917493,0.001985094975680113
195,0,16,0.22417554195271805,0.0024612939450889826,346200.062793784,346200.284508032,346200.062897084,346200.067489273,346200.282757836,346200.282766336,0.22171424800762907,0.004592188983224332,0.21526856301352382,0.0017416960326954722
196,1,16,0.23388671700377017,0.002454894012771547,346200.387349876,346200.618781699,346200.387452975,346200.392136664,346200.616901204,346200.616909804,0.23143182299099863,0.004683689039666206,0.22476453997660428,0.001871894986834377
197,0,16,0.22190964699257165,0.002449293970130384,346200.721550943,346200.941011296,346200.721653543,346200.726291331,346200.939239901,346200.939247901,0.21946035302244127,0.004637787991669029,0.21294857002794743,0.0017633949755690992
198,0,16,0.22290734498528764,0.00241589400684461,346201.04375174,346201.264243191,346201.04385624,346201.048506428,346201.262489095,346201.262497295,0.22049145097844303,0.004650188027881086,0.21398266695905477,0.0017458960064686835
199,0,16,0.22374574199784547,0.0024915930116549134,346201.367008435,346201.588262584,346201.367111935,346201.371789023,346201.586459788,346201.586468188,0.22125414898619056,0.004677087999880314,0.21467076503904536,0.0017943960265256464
200,0,16,0.2232377440086566,0.0025123939849436283,346201.691111227,346201.911836577,346201.691213227,346201.695863416,346201.909957082,346201.909965282,0.22072535002371296,0.004650189017411321,0.21409366599982604,0.001871294982265681
201,3,16,0.2762256119749509,0.0024432939826510847,346202.014604621,346202.288386939,346202.014705821,346202.01923561,346202.286307244,346202.286334144,0.2737823179922998,0.004529788973741233,0.26707163400715217,0.0020527949673123658
202,0,16,0.22580193699104711,0.002614192955661565,346202.391341783,346202.614529527,346202.391451182,346202.39626227,346202.612750931,346202.612759331,0.22318774403538555,0.004811087972484529,0.21648866101168096,0.0017701960168778896
203,0,16,0.2235908429720439,0.0024178940220735967,346202.717292071,346202.93846502,346202.71739377,346202.722113459,346202.936605824,346202.936613924,0.2211729489499703,0.004719689022749662,0.2144923649611883,0.0018510959926061332
204,0,16,0.22350344399455935,0.0024720950168557465,346203.041255164,346203.262286513,346203.041356763,346203.045974452,346203.260182018,346203.260190618,0.2210313489777036,0.0046176890027709305,0.21420756599400192,0.0020958950044587255
205,0,16,0.21954765304690227,0.002463594079017639,346203.364951357,346203.582035416,346203.365056057,346203.369737945,346203.579864422,346203.579872722,0.21708405896788463,0.004681887978222221,0.21012647700263187,0.002162693999707699
206,0,16,0.22148924804059789,0.0024442930589430034,346203.68481666,346203.903861615,346203.68491906,346203.689700548,346203.901887319,346203.901895919,0.21904495498165488,0.00478148803813383,0.21218677097931504,0.0019656959921121597
207,0,16,0.23231842200038955,0.002442395023535937,346204.006635659,346204.236511686,346204.006740558,346204.011435347,346204.234615791,346204.234623991,0.2298760269768536,0.00469478900777176,0.22318044397979975,0.0018876949907280505
208,0,16,0.22479194001061842,0.002458493981976062,346204.33930093,346204.561634376,346204.33940603,346204.344173918,346204.559760881,346204.559770881,0.22233344602864236,0.004767887992784381,0.21558696299325675,0.0018634949810802937
209,0,16,0.22322674398310483,0.0024286939878948033,346204.66429232,346204.88509037,346204.66439402,346204.669199508,346204.883362674,346204.883370874,0.22079804999521002,0.004805487988051027,0.21416316600516438,0.0017194960382767022
210,0,16,0.22420934098772705,0.0024830930051393807,346204.987841814,346205.209568062,346204.987943114,346204.992749902,346205.207832266,346205.207840966,0.22172624798258767,0.0048067879979498684,0.21508236398221925,0.00172709597973153
211,0,16,0.2240536410245113,0.002484993019606918,346205.312425206,346205.533993854,346205.312531305,346205.317311693,346205.532017059,346205.532025359,0.2215686480049044,0.004780387971550226,0.21470536600099877,0.0019684950239025056
212,1,16,0.22871302999556065,0.0025451939436607063,346205.636712698,346205.862880534,346205.636816998,346205.641596986,346205.86080784,346205.86081644,0.22616783605189994,0.004779987968504429,0.21921085403300822,0.0020640940056182444
213,2,16,0.2418569980072789,0.0024465940077789128,346205.965693378,346206.205103782,346205.965796678,346205.970699366,346206.203244587,346206.203252687,0.23941040399949998,0.004902688029687852,0.23254522099159658,0.0018510950030758977
214,1,16,0.23441071598790586,0.002513493993319571,346206.307849126,346206.539746348,346206.307952426,346206.312863614,346206.537707153,346206.537715553,0.2318972219945863,0.0049111879779957235,0.22484353900654241,0.0020307949744164944
215,0,16,0.21997575199929997,0.0025047939852811396,346206.642631192,346206.86010215,346206.642740492,346206.647893479,346206.858162155,346206.858170355,0.21747095801401883,0.005152986967004836,0.2102686760481447,0.0019317950354889035
216,1,16,0.23294481995981187,0.0024707939592190087,346206.962901594,346207.19337562,346206.963003094,346206.967870482,346207.191467325,346207.191475425,0.23047402600059286,0.004867387993726879,0.22359684301773086,0.0019001950277015567
217,0,16,0.2244626409956254,0.002484494005329907,346207.296030865,346207.518009012,346207.296131864,346207.301028952,346207.516211616,346207.516220116,0.2219781469902955,0.004897087987046689,0.21518266398925334,0.001788895984645933
218,1,16,0.23365201900014654,0.002506693999748677,346207.620883155,346207.85202848,346207.620986755,346207.625792843,346207.849888685,346207.849897085,0.23114532500039786,0.004806087992619723,0.2240958419861272,0.0021313949837349355
219,0,16,0.23380101704970002,0.002443893055897206,346207.954797524,346208.186154648,346207.954902324,346207.959749511,346208.184254852,346208.184263352,0.23135712399380282,0.0048471869667992,0.22450534102972597,0.0018912960076704621
220,1,16,0.23730730899842456,0.0024979939917102456,346208.288958192,346208.523767507,346208.289061591,346208.293943879,346208.521675112,346208.521683312,0.23480931500671431,0.00488228804897517,0.22773123299703002,0.002084194973576814
221,0,16,0.23266962100751698,0.002409895008895546,346208.626553651,346208.856813377,346208.62665665,346208.631562738,346208.854951582,346208.854959382,0.23025972599862143,0.004906087997369468,0.22338884399505332,0.0018539950251579285
222,4,16,0.2855249890126288,0.0024790939642116427,346208.959556821,346209.242602716,346208.959661721,346208.964618609,346209.240375322,346209.240384122,0.28304589504841715,0.004956887976732105,0.27575671300292015,0.002218594017904252
223,3,16,0.26736733404686674,0.0024655930465087295,346209.34539806,346209.610299801,346209.34550296,346209.350669147,346209.607848907,346209.607859407,0.264901741000358,0.005166187009308487,0.25717976002488285,0.002440393960569054
224,0,16,0.2220395469921641,0.002404893981292844,346209.712972845,346209.932607498,346209.713075845,346209.718060432,346209.930232104,346209.930240504,0.21963465301087126,0.004984587023500353,0.21217167197028175,0.0023669940419495106
225,0,16,0.22359384299488738,0.002505693002603948,346210.035365242,346210.256453392,346210.035471242,346210.040561429,346210.254409297,346210.254417797,0.22108814999228343,0.0050901870126836,0.21384786802809685,0.0020355949527584016
226,3,16,0.25726515997666866,0.0024643949582241476,346210.359224636,346210.614025401,346210.359325835,346210.364399523,346210.611944906,346210.611953306,0.2548007650184445,0.005073687992990017,0.24754538299748674,0.002072094997856766
227,1,16,0.2499416780192405,0.002500494010746479,346210.716836645,346210.964277829,346210.716940845,346210.721885733,346210.961901335,346210.961909635,0.24744118400849402,0.004944888001773506,0.24001560197211802,0.0023681939928792417
228,2,16,0.24362089298665524,0.0025439930032007396,346211.067114173,346211.308191073,346211.067226473,346211.072666859,346211.306139778,346211.306147978,0.2410768999834545,0.005440386012196541,0.23347291897516698,0.002043095009867102
229,0,16,0.2506461750017479,0.0025578929926268756,346211.411089217,346211.659177499,346211.411192816,346211.416380703,346211.656982704,346211.656990904,0.24808828200912103,0.005187886999920011,0.24060200102394447,0.002186594996601343
230,0,16,0.22261074598645791,0.0026635939721018076,346211.762021243,346211.981968395,346211.762127142,346211.76717443,346211.979645101,346211.979653801,0.2199471520143561,0.005047288024798036,0.21247067098738626,0.0023145939921960235
231,0,16,0.22476234001806006,0.002419292984995991,346212.084706039,346212.307049086,346212.084808839,346212.089734927,346212.30517319,346212.30518199,0.22234304703306407,0.004926087975036353,0.2154382630251348,0.0018670959980227053
232,0,16,0.22542703803628683,0.0025157930213026702,346212.40984443,346212.632755675,346212.40994763,346212.414933517,346212.63082498,346212.63083358,0.22291124501498416,0.0049858869751915336,0.21589146298356354,0.0019220950198359787
233,0,16,0.24034020100953057,0.0024516929988749325,346212.735539719,346212.973428227,346212.735644619,346212.740783206,346212.971448532,346212.971456831,0.23788850801065564,0.005138587031979114,0.23066532600205392,0.001971396035514772
234,0,16,0.22431904100812972,0.0024769940064288676,346213.076212671,346213.298054718,346213.07631787,346213.081276658,346213.296244623,346213.296252723,0.22184204700170085,0.004958787991199642,0.21496796503197402,0.0018019949784502387
235,1,16,0.2332968189730309,0.0024933929671533406,346213.400864162,346213.631667588,346213.400970062,346213.407485446,346213.629773092,346213.629781692,0.23080342600587755,0.006515384011436254,0.22228764597093686,0.0018858960247598588
236,0,16,0.22389154200209305,0.002434693044051528,346213.734430432,346213.955887281,346213.734532832,346213.741130915,346213.953990785,346213.953998785,0.22145684895804152,0.00659808301134035,0.21285986999282613,0.0018884959863498807
237,0,16,0.22408684197580442,0.00244699401082471,346214.058653125,346214.280292973,346214.058756024,346214.064019111,346214.278311478,346214.278319378,0.2216398479649797,0.005263086990453303,0.21429236698895693,0.001973595004528761
238,0,16,0.2242958419956267,0.0024558939621783793,346214.383049317,346214.604889265,346214.383152517,346214.388199904,346214.60294237,346214.60295007,0.2218399480334483,0.0050473869778215885,0.21474246599245816,0.0019391950336284935
239,0,16,0.22375264298170805,0.00244099396513775,346214.707644309,346214.928955958,346214.707748709,346214.712937796,346214.927072763,346214.927081063,0.2213116490165703,0.005189087009057403,0.2141349669545889,0.0018748950096778572
240,0,16,0.2195584540022537,0.0024381940020248294,346215.031715702,346215.248835962,346215.031820602,346215.037050689,346215.246973066,346215.246981066,0.21712026000022888,0.005230086972005665,0.20992237702012062,0.0018548959633335471
241,1,16,0.2326036209706217,0.0025393939577043056,346215.351621106,346215.581685333,346215.351725106,346215.356846393,346215.579668738,346215.579677138,0.2300642270129174,0.0051212870166637,0.22282234497833997,0.002008194976951927
242,0,16,0.22189364797668532,0.002434194029774517,346215.684467577,346215.903927031,346215.684570277,346215.689938964,346215.902041536,346215.902049936,0.2194594539469108,0.00536868697963655,0.21210257202619687,0.0018770949682220817
243,0,16,0.22384304302977398,0.002453494002111256,346216.006690375,346216.228079924,346216.006809175,346216.012083462,346216.225958929,346216.225967029,0.22138954902766272,0.005274286959320307,0.213875467015896,0.002112895017489791
244,0,16,0.22322714398615062,0.002484892960637808,346216.330891968,346216.551634219,346216.330997668,346216.336291655,346216.549451424,346216.549459724,0.22074225102551281,0.005293987051118165,0.21315976895857602,0.002174495020881295
245,0,16,0.22833063098369166,0.002423692960292101,346216.654378163,346216.880285101,346216.654484763,346216.660375348,346216.878417305,346216.878425705,0.22590693802339956,0.005890585016459227,0.21804195700678974,0.0018593959975987673
246,4,16,0.2863122870330699,0.002472394029609859,346216.983041845,346217.266881738,346216.983145545,346216.988536231,346217.264679444,346217.264687244,0.28383989300346,0.005390685983002186,0.2761432130355388,0.0021944939508102834
247,1,16,0.2507734760292806,0.0025005940115079284,346217.369697282,346217.617970164,346217.369806682,346217.375027269,346217.615964769,346217.615972869,0.24827288201777264,0.0052205870160833,0.24093749996973202,0.001997295010369271
248,0,16,0.22531623899703845,0.002549293974880129,346217.720906408,346217.943673353,346217.721011008,346217.726854893,346217.941832458,346217.941840458,0.22276694502215832,0.005843884951900691,0.2149775650468655,0.0018328949809074402
249,0,16,0.22614673798670992,0.0024852949427440763,346218.046479098,346218.270140541,346218.046584597,346218.051787584,346218.268045146,346218.268053846,0.22366144304396585,0.005202986998483539,0.21625756204593927,0.0020866949926130474
250,2,16,0.2766374109778553,0.0025201939861290157,346218.372929885,346218.647047102,346218.373037185,346218.378325871,346218.644891308,346218.644899408,0.2741172169917263,0.005288686021231115,0.26656543696299195,0.00214769400190562
251,0,16,0.22337494400562719,0.0025129940477199852,346218.749829847,346218.970691797,346218.749936246,346218.755825132,346218.968804502,346218.968813202,0.2208619499579072,0.005888885993044823,0.21297936997143552,0.0018785949796438217
252,0,16,0.22438144101761281,0.0024410939658991992,346219.073476341,346219.295416688,346219.073581041,346219.078955627,346219.293360994,346219.293369194,0.22194034705171362,0.005374585976824164,0.21440536703448743,0.0020474939956329763
253,0,16,0.25519886397523805,0.0024543930194340646,346219.398180233,346219.650924704,346219.398285032,346219.403830119,346219.648859709,346219.648868109,0.252744470955804,0.005545086984056979,0.24502958997618407,0.0020565949962474406
254,3,16,0.28188069799216464,0.002449594030622393,346219.753706248,346220.033137352,346219.753810347,346219.759010334,346220.031004057,346220.031012057,0.27943110396154225,0.0051999869756400585,0.27199372299946845,0.002125294995494187
255,0,16,0.22400824300711975,0.0024650940322317183,346220.135911196,346220.357454345,346220.136025996,346220.141307883,346220.35552185,346220.35553015,0.22154314897488803,0.005281887017190456,0.21421396697405726,0.001924194977618754
256,0,16,0.2247699399595149,0.00250679295277223,346220.460264089,346220.682527236,346220.460367289,346220.465978475,346220.680527841,346220.680536641,0.22226314700674266,0.005611185973975807,0.21454936597729102,0.0019905950175598264
257,0,16,0.22427034203428775,0.002472994034178555,346220.78530538,346221.007102728,346220.78541188,346220.791182365,346221.004952833,346221.004961433,0.2217973480001092,0.005770484975073487,0.21377046802081168,0.002141295000910759
258,0,16,0.2344252159819007,0.0024595930008217692,346221.109819972,346221.341785595,346221.109925472,346221.115563758,346221.3398533,346221.3398615,0.23196562298107892,0.005638286005705595,0.22428954200586304,0.0019240949768573046
259,0,16,0.22424454102292657,0.0024575930438004434,346221.444628139,346221.666415087,346221.444733838,346221.450180825,346221.664318292,346221.664331992,0.22178694797912613,0.005446986993774772,0.21413746697362512,0.002083095023408532
260,0,16,0.22527533903485164,0.0025280930567532778,346221.769195231,346221.991942477,346221.769304331,346221.774995016,346221.990040181,346221.990048681,0.22274724597809836,0.005690685007721186,0.21504516497952864,0.0018937960267066956
261,0,16,0.22216054698219523,0.0024700940120965242,346222.094722121,346222.314412574,346222.09482662,346222.100369307,346222.312560778,346222.312569478,0.2196904529700987,0.005542686965782195,0.21219147101510316,0.0018430959898978472
262,4,16,0.27199572301469743,0.0024502940359525383,346222.417169418,346222.686714847,346222.417276018,346222.422886004,346222.684610253,346222.684618552,0.2695454289787449,0.005609985964838415,0.2617242490523495,0.002096295007504523
263,0,16,0.22297474596416578,0.0024883949663490057,346222.789459592,346223.009945943,346222.789562191,346222.795066478,346223.008073047,346223.008081347,0.22048635099781677,0.005504287022631615,0.21300656895618886,0.0018645960371941328
264,0,16,0.23993490304565057,0.0024686940596438944,346223.112745987,346223.350212196,346223.112849387,346223.118313673,346223.348258901,346223.348266901,0.23746620898600668,0.00546428601955995,0.22994522796943784,0.0019452950218692422
265,0,16,0.24709798500407487,0.0024940940202213824,346223.45296154,346223.697565431,346223.45306614,346223.459198625,346223.695533937,346223.695545336,0.2446038909838535,0.006132484995760024,0.2363353120163083,0.002020095009356737
266,0,16,0.22520653897663578,0.002565793984103948,346223.800406976,346224.023047721,346223.800525075,346223.80658606,346224.021143026,346224.021151526,0.22264074499253184,0.006060984975192696,0.21455696603516117,0.0018961949972435832
267,1,16,0.2595780540141277,0.0024674939922988415,346224.125810266,346224.382920826,346224.125915965,346224.131584051,346224.380860731,346224.380868831,0.25711056002182886,0.005668085999786854,0.24927667999872938,0.002051995019428432
268,0,16,0.2242270419956185,0.0024520939914509654,346224.48570777,346224.707482718,346224.48581277,346224.491356556,346224.705539123,346224.705547623,0.22177494800416753,0.0055437859846279025,0.2141825669677928,0.0019350950024090707
269,0,16,0.22419884201372042,0.002479393035173416,346224.810260662,346225.031980111,346224.810364862,346224.815937348,346225.030055315,346225.030066915,0.221719448978547,0.0055724860285408795,0.21411796699976549,0.0019131959998048842
270,0,16,0.2320007219677791,0.002462792966980487,346225.134736655,346225.364274584,346225.134839955,346225.141071539,346225.362271289,346225.362279389,0.2295379290007986,0.006231584004126489,0.22119974996894598,0.001995194994378835
271,0,16,0.2252615389879793,0.002562793029937893,346225.467086128,346225.689784874,346225.467191228,346225.472764114,346225.687938678,346225.687947378,0.2226987459580414,0.005572885973379016,0.21517456404399127,0.0018374959472566843
272,1,16,0.23383821896277368,0.0023752949782647192,346225.792575418,346226.024038342,346225.792675718,346225.798657003,346226.022091947,346226.022100247,0.23146292398450896,0.005981284950394183,0.2234349439968355,0.0019380950252525508
273,0,16,0.22544763900805265,0.0024667929974384606,346226.126801286,346226.349782132,346226.126903386,346226.132937871,346226.347925436,346226.347933736,0.2229808460106142,0.006034485006239265,0.2149875650065951,0.001848396030254662
274,1,16,0.23294361995067447,0.002428293984849006,346226.452560176,346226.683075502,346226.452666276,346226.45874356,346226.681243607,346226.681251807,0.23051532596582547,0.00607728399336338,0.22250004700617865,0.001823694969061762
275,0,16,0.22902343096211553,0.0024765940033830702,346226.785924446,346227.012471283,346226.786030946,346226.798318316,346227.010682387,346227.010690887,0.22654683695873246,0.012287369987461716,0.21236407099058852,0.0017803959781304002
276,2,16,0.25277557101799175,0.0024552930262871087,346227.115142727,346227.365463005,346227.115245127,346227.121300012,346227.36336141,346227.36336981,0.25032027799170464,0.006054884986951947,0.2420613979920745,0.0020931949838995934
277,0,16,0.2254471390042454,0.002445794001687318,346227.468226349,346227.691227694,346227.468331449,346227.474067935,346227.689367599,346227.689376199,0.22300134500255808,0.005736485996749252,0.21529966400703415,0.001851495006121695
278,0,16,0.22606613801326603,0.0025809939834289253,346227.794149338,346228.017634482,346227.794253738,346227.800692022,346228.015717387,346228.015725887,0.2234851440298371,0.006438284006435424,0.21502536500338465,0.00190859503345564
279,1,16,0.2618044490227476,0.002585394016932696,346228.120508626,346228.379727681,346228.120611526,346228.126662511,346228.377672787,346228.377681187,0.2592190550058149,0.006050984957255423,0.2510102760279551,0.002046493988018483
280,0,16,0.22248764603864402,0.002462193020619452,346228.482484626,346228.702510079,346228.482588126,346228.488632011,346228.700657283,346228.700665583,0.22002545301802456,0.006043885019607842,0.21202527201967314,0.001844496000558138
281,0,16,0.22715203504776582,0.002452594053465873,346228.805248623,346229.029948064,346228.805352723,346228.811412508,346229.028000569,346229.028008569,0.22469944099429995,0.006059785024262965,0.21658806095365435,0.0019394950359128416
282,2,16,0.2525339719722979,0.002540693967603147,346229.132741808,346229.382735086,346229.132844408,346229.139292792,346229.380678292,346229.380687091,0.24999327800469473,0.006448384025134146,0.2413855000049807,0.0020479950471781194
283,1,16,0.23664191097486764,0.0024462940054945648,346229.485420331,346229.719615948,346229.485523931,346229.491677915,346229.717645653,346229.717654253,0.23419561696937308,0.006153983995318413,0.22596773802069947,0.0019616949721239507
284,0,16,0.22341544402297586,0.0024437940446659923,346229.822367093,346230.043338743,346229.822471493,346229.828298078,346230.041512448,346230.041520748,0.22097164997830987,0.005826584994792938,0.21321437001461163,0.0018179949838668108
285,0,16,0.22517104004509747,0.0024859930272214115,346230.146126087,346230.368811134,346230.146229987,346230.152467672,346230.366616039,346230.366624439,0.22268504701787606,0.006237685040105134,0.21414836699841544,0.0021866949973627925
286,0,16,0.2214927489985712,0.0024237940087914467,346230.471549378,346230.690618333,346230.471654578,346230.477806562,346230.688730038,346230.688738538,0.21906895498977974,0.006151983980089426,0.21092347602825612,0.0018797949887812138
287,0,16,0.2267039360012859,0.0025070940027944744,346230.793353578,346231.01755042,346230.793457577,346230.800096161,346231.015536925,346231.015545525,0.22419684199849144,0.006638584018219262,0.2154407639754936,0.0020048950100317597
288,0,16,0.25667426199652255,0.002631092967931181,346231.120255464,346231.374298633,346231.120361164,346231.126517749,346231.371910838,346231.371919438,0.25404316902859136,0.006156585004646331,0.2453930890187621,0.0023791950079612434
289,0,16,0.22177154902601615,0.002454494999255985,346231.477234077,346231.696551131,346231.477340476,346231.483371361,346231.694709436,346231.694717936,0.21931705402676016,0.006030884978827089,0.21133807499427348,0.0018331950413994491
290,1,16,0.25421846797689795,0.002463793964125216,346231.799345375,346232.051100049,346231.799450175,346231.80568856,346232.049090954,346232.049099954,0.25175467401277274,0.006238384987227619,0.24340239400044084,0.0020000949734821916
291,0,16,0.22623533802106977,0.0025231940671801567,346232.153989093,346232.377701237,346232.154093593,346232.160532777,346232.375805642,346232.375814442,0.2237121439538896,0.006439184013288468,0.21527286496711895,0.0018867949838750064
292,0,16,0.22595463803736493,0.002468594058882445,346232.480484281,346232.703970325,346232.480587381,346232.486667466,346232.70208673,346232.70209493,0.22348604397848248,0.006080085004214197,0.21541926398640499,0.0018753950134851038
293,2,16,0.283268594997935,0.0025558940251357853,346232.80682087,346233.087533571,346232.806924669,346232.813189754,346233.085334477,346233.085343377,0.2807127009727992,0.006265084957703948,0.2721447230433114,0.002190193976275623
294,0,16,0.22723233397118747,0.002476892957929522,346233.190374716,346233.415130157,346233.190581315,346233.1967298,346233.413210561,346233.413218861,0.22475544101325795,0.006148485001176596,0.21648076095152646,0.0019112960435450077
295,1,16,0.23165282397530973,0.0024257940240204334,346233.517800901,346233.747027931,346233.517902301,346233.524144686,346233.745110836,346233.745118936,0.2292270299512893,0.006242385017685592,0.22096614999463782,0.0019089949782937765
296,0,16,0.2246529419790022,0.002428394975140691,346233.849800976,346234.072025523,346233.849905175,346233.85618986,346234.070117527,346234.070125527,0.22222454700386152,0.006284684990532696,0.21392766700591892,0.0018999960157088935
297,2,16,0.24226879701018333,0.002479593036696315,346234.174805167,346234.414594371,346234.174910667,346234.181011352,346234.412633375,346234.412641775,0.23978920397348702,0.006100684986449778,0.23162202298408374,0.0019525960087776184
298,0,16,0.22494694002671167,0.0024921930162236094,346234.517335615,346234.739790362,346234.517437515,346234.5234695,346234.737884166,346234.737892466,0.22245474701048806,0.006031984987203032,0.21441466599935666,0.0018978959997184575
299,0,16,0.22849633102305233,0.0024345929850824177,346234.842600406,346235.068662144,346234.842724606,346234.84882499,346235.066764448,346235.066772848,0.22606173803796992,0.0061003839946351945,0.21793945803074166,0.0018892959924414754
300,1,16,0.23303132003638893,0.0025569930439814925,346235.171402388,346235.401876715,346235.171505388,346235.177690872,346235.39990442,346235.39991252,0.23047432699240744,0.00618548400234431,0.22221354802604765,0.001964194991160184
301,0,16,0.22543983900686726,0.0024523939937353134,346235.504781959,346235.727769404,346235.504883759,346235.511088243,346235.72552441,346235.72553301,0.22298744501313195,0.006204483972396702,0.21443616703618318,0.002236394037026912
302,0,16,0.22060945199336857,0.0024451949866488576,346235.830527849,346236.048692106,346235.830629848,346235.836641133,346236.046813511,346236.046821711,0.2181642570067197,0.006011285004206002,0.2101723779924214,0.001870394975412637
303,2,16,0.24302169599104673,0.0025488939718343318,346236.15148515,346236.391957952,346236.15158815,346236.158117234,346236.389650158,346236.389658458,0.2404728020192124,0.006529083999339491,0.23153292399365455,0.0022994939936324954
304,0,16,0.22600453800987452,0.0025284939911216497,346236.494816796,346236.71829284,346236.494921496,346236.501095081,346236.716055446,346236.716064146,0.22347604401875287,0.006173584959469736,0.21496036503231153,0.002228693978395313
305,0,16,0.2521932719973847,0.002538793021813035,346236.821195485,346237.070849964,346236.821297184,346236.827488769,346237.068697369,346237.068706369,0.2496544789755717,0.006191585038322955,0.24120859999675304,0.002143594960216433
306,1,16,0.23368111898889765,0.0024470940115861595,346237.173605608,346237.404839633,346237.173710408,346237.179918492,346237.402555339,346237.402563739,0.2312340249773115,0.006208083999808878,0.22263684700010344,0.0022758939885534346
307,0,16,0.23598281299928203,0.002481793984770775,346237.507673377,346237.741174396,346237.507777077,346237.514041161,346237.739050902,346237.739059302,0.23350101901451126,0.00626408401876688,0.2250097410287708,0.00211509398650378
308,0,16,0.225757137988694,0.0024518939899280667,346237.843935941,346238.067241185,346237.844038341,346237.850138925,346238.06529889,346238.06530779,0.22330524399876595,0.006100583996158093,0.21515996498055756,0.001933394989464432
309,0,16,0.24032300198450685,0.0024697940098121762,346238.17003603,346238.407889238,346238.17014503,346238.176356414,346238.405848143,346238.405856843,0.23785320797469467,0.006211383966729045,0.22949172899825498,0.0020323949865996838
310,0,16,0.22910042997682467,0.0025630940217524767,346238.510735083,346238.737272419,346238.510838382,346238.517211766,346238.735327324,346238.735335724,0.2265373359550722,0.006373383977916092,0.21811555803287774,0.0019366949563845992
311,0,16,0.22843203198863193,0.002559192944318056,346238.840087863,346239.065960702,346238.840194463,346238.846840447,346239.064037006,346239.064045406,0.22587283904431388,0.006645984016358852,0.21719655900960788,0.0019152960157953203
312,0,16,0.22153074899688363,0.00243659398984164,346239.168733946,346239.387828101,346239.168837246,346239.17504253,346239.385895506,346239.385903806,0.219094155007042,0.006205283978488296,0.21085297601530328,0.0019242949783802032
313,0,16,0.22627883695531636,0.0024945939076133072,346239.490588846,346239.714373089,346239.490692545,346239.497168529,346239.712413994,346239.712422594,0.22378424304770306,0.00647598400246352,0.21524546499131247,0.0019504950032569468
314,0,16,0.22388704400509596,0.0025546939577907324,346239.817267133,346240.038599483,346239.817377633,346239.824368016,346240.036683988,346240.036692588,0.22133235004730523,0.0069903829717077315,0.21231597202131525,0.0019068950205110013
315,0,16,0.22614633798366413,0.002487493969965726,346240.141350027,346240.365008871,346240.141453527,346240.147673712,346240.363109376,346240.363118076,0.2236588440136984,0.006220185023266822,0.21543566399486735,0.00189079501433298
316,1,16,0.24425499298376963,0.0024714949540793896,346240.467792316,346240.709575814,346240.467898215,346240.4742392,346240.707592819,346240.707601219,0.24178349802969024,0.006340985011775047,0.2333536189980805,0.0019745950121432543
317,0,16,0.22468944097636268,0.002443993929773569,346240.812356659,346241.034602106,346240.812461358,346240.818825943,346241.032613611,346241.032621711,0.2222454470465891,0.006364585016854107,0.21378766803536564,0.001980394998099655
318,0,16,0.22701593599049374,0.0024810939794406295,346241.13739535,346241.361930192,346241.13749975,346241.143821934,346241.359838897,346241.359846997,0.22453484201105312,0.0063221839955076575,0.21601696300785989,0.0020831949659623206
319,0,16,0.22991442901547998,0.0025482940254732966,346241.464771936,346241.692138071,346241.464884136,346241.47148242,346241.690293376,346241.690302076,0.22736613499000669,0.006598284002393484,0.21881095599383116,0.0018359950045123696
320,0,16,0.22547563799889758,0.0024191929842345417,346241.794856215,346242.01791266,346241.794961215,346241.801279999,346242.016036364,346242.016044164,0.22305644501466304,0.006318784027826041,0.21475636499235407,0.001868496008682996
321,0,16,0.22514883999247104,0.0024868949549272656,346242.120692104,346242.343354049,346242.120795503,346242.127161187,346242.341238154,346242.341246354,0.22266194503754377,0.006365683977492154,0.21407696697860956,0.0021076950361020863
322,0,16,0.25851535599213094,0.0024366939906030893,346242.446121093,346242.702199755,346242.446224193,346242.452485077,346242.699838561,346242.699847061,0.25607866200152785,0.006260884052608162,0.24735348398098722,0.0023526939912699163
323,2,16,0.23905750503763556,0.0024360940442420542,346242.804943299,346243.04156471,346242.805049099,346242.811354383,346243.039589115,346243.039597415,0.2366214109933935,0.006305283983238041,0.22823473199969158,0.0019672949565574527
324,0,16,0.23034562601242214,0.002427393977995962,346243.144329554,346243.372247786,346243.144434754,346243.150988737,346243.370390391,346243.370398591,0.22791823203442618,0.006553983024787158,0.21940165397245437,0.0018491950468160212
325,0,16,0.22642473597079515,0.0025542929652146995,346243.47503833,346243.698908773,346243.47526463,346243.481496714,346243.697019777,346243.697036177,0.22387044300558046,0.006232084007933736,0.21552306303055957,0.0018725960399024189
326,0,16,0.22697503498056903,0.0024125949712470174,346243.801639317,346244.026201757,346243.801740217,346243.8082212,346244.024257462,346244.024265662,0.22456244000932202,0.00648098299279809,0.2160362619906664,0.001936095010023564
327,2,16,0.24644998699659482,0.002425795013550669,346244.128939102,346244.372963294,346244.129042201,346244.135373386,346244.370912399,346244.370920899,0.24402419198304415,0.0063311849953606725,0.23553901305422187,0.0020423950045369565
328,1,16,0.2338268170133233,0.002516293025109917,346244.475745238,346244.707055762,346244.475851138,346244.482505321,346244.704889067,346244.704897567,0.2313105239882134,0.006654182972852141,0.22238374600419775,0.002158195013180375
329,0,16,0.2567089599906467,0.0024308929569087923,346244.809806706,346245.064084773,346244.809910306,346244.81630699,346245.062016978,346245.062025278,0.2542780670337379,0.0063966839807108045,0.24570998799754307,0.0020594950183294713
330,0,16,0.23537471296731383,0.002570891985669732,346245.166943616,346245.399747437,346245.167046216,346245.174001399,346245.397817941,346245.397825941,0.2328038209816441,0.006955182994715869,0.223816541954875,0.0019214960047975183
331,0,16,0.22702193399891257,0.0024431939818896353,346245.502511481,346245.727090221,346245.50261448,346245.509024764,346245.725198926,346245.725206826,0.22457874001702294,0.006410284026060253,0.21617416199296713,0.00188339501619339
332,0,16,0.22284004499670118,0.0024153940030373633,346245.829839466,346246.050264117,346245.829940865,346245.836421249,346246.048351621,346246.048360021,0.22042465099366382,0.00648038403596729,0.21193037199554965,0.0019040959887206554
333,0,16,0.24367489299038425,0.0024958939757198095,346246.153020561,346246.39419956,346246.15312166,346246.159656244,346246.392067965,346246.392076765,0.24117899901466444,0.006534583983011544,0.2324117210227996,0.0021227949764579535
334,0,16,0.24326919403392822,0.002495494030881673,346246.497004304,346246.737778004,346246.497144204,346246.503791787,346246.735825909,346246.735834809,0.24077370000304654,0.006647583039011806,0.23203412198927253,0.0019431950058788061
335,0,16,0.22482693998608738,0.002467493002768606,346246.840581748,346247.062941195,346246.840685048,346246.847127932,346247.0610128,346247.0610211,0.22235944698331878,0.006442883983254433,0.2138848680187948,0.001920095004606992
336,0,16,0.22482873999979347,0.0024952940293587744,346247.165715739,346247.388049185,346247.165818139,346247.172705721,346247.38610759,346247.38611629,0.2223334459704347,0.00688758201431483,0.21340186899760738,0.0019328949856571853
337,0,16,0.2562996619963087,0.0024488940252922475,346247.490799229,346247.744649997,346247.490901729,346247.497492113,346247.742485503,346247.742493703,0.25385076797101647,0.006590384000446647,0.24499339004978538,0.002156294009182602
338,0,16,0.2270666349795647,0.0024305940023623407,346247.847368141,346248.072004182,346247.847472541,346247.854114425,346248.070045487,346248.070053487,0.22463604097720236,0.0066418840433470905,0.21593106200452894,0.0019506949465721846
339,0,16,0.2258801370044239,0.0024493929813615978,346248.174760726,346248.39819147,346248.174862226,346248.181477809,346248.396242675,346248.396251275,0.2234307440230623,0.006615582969971001,0.2147648660466075,0.001940195041242987
340,0,16,0.22428404103266075,0.0024494940298609436,346248.500983714,346248.722818261,346248.501087414,346248.507594897,346248.720899266,346248.720908266,0.2218345470027998,0.0065074830199591815,0.21330436901189387,0.0019099949859082699
341,0,16,0.22530583897605538,0.0024363939301110804,346248.825562106,346249.048431551,346248.825664605,346248.832244789,346249.046485255,346249.046493755,0.2228694450459443,0.006580183980986476,0.2142404660116881,0.0019377960124984384
342,3,16,0.26934412895934656,0.0025647939764894545,346249.151297695,346249.41807703,346249.151402194,346249.158093978,346249.415925136,346249.415933536,0.2667793349828571,0.006691784015856683,0.2578311580000445,0.002143493969924748
343,0,16,0.22708943497855216,0.0024530939990654588,346249.520789474,346249.745425815,346249.520892974,346249.527975757,346249.74343662,346249.74344542,0.2246363409794867,0.007082783035002649,0.2154608629643917,0.001980394998099655
344,0,16,0.22395644302014261,0.002532694023102522,346249.848244359,346250.069668108,346249.848349259,346249.855119242,346250.067690413,346250.067698913,0.2214237489970401,0.006769982981495559,0.21257117099594325,0.001969195029232651
345,0,16,0.22576153901172802,0.002457495022099465,346250.172463153,346250.395767197,346250.172569952,346250.179404335,346250.393721302,346250.393729602,0.22330404398962855,0.006834383006207645,0.21431696700165048,0.0020375950261950493
346,0,16,0.22579573799157515,0.002446492959279567,346250.498524341,346250.721873586,346250.498627041,346250.505350624,346250.719902391,346250.719910691,0.22334924503229558,0.006723582977429032,0.2145517670433037,0.0019628949812613428
347,0,16,0.22577993798768148,0.0024388940073549747,346250.82463033,346251.047971374,346250.82473443,346250.831399813,346251.046057379,346251.046065579,0.2233410439803265,0.0066653829999268055,0.21465756598627195,0.0019057950121350586
348,0,16,0.2218776480294764,0.0024600939941592515,346251.150768919,346251.370186473,346251.150871518,346251.157671201,346251.368252477,346251.368260877,0.21941755403531715,0.006799682974815369,0.21058127604192123,0.001925596036016941
349,2,16,0.24385319295106456,0.0025207939906977117,346251.472934117,346251.714266516,346251.473038717,346251.4798817,346251.712174822,346251.712182622,0.24133239896036685,0.006842983013484627,0.23229312198236585,0.0020838939817622304
350,0,16,0.22746193397324532,0.0025349939824081957,346251.817120261,346252.042047201,346251.81722606,346251.823837744,346252.040029906,346252.040039606,0.22492693999083713,0.0066116839880123734,0.2161921620136127,0.002007595030590892
351,0,16,0.22173134796321392,0.002508093952201307,346252.144969945,346252.364193199,346252.145074145,346252.151895228,346252.362260004,346252.362268704,0.2192232540110126,0.006821083021350205,0.21036477596499026,0.0019244950381107628
352,2,16,0.24418029200751334,0.002461494004819542,346252.466947344,346252.708666142,346252.467050944,346252.473836427,346252.706550648,346252.706558948,0.2417187980026938,0.006785482983104885,0.23271422105608508,0.002107194042764604
353,0,16,0.22775453299982473,0.0024778940132819116,346252.811478987,346253.036755626,346252.811582586,346252.81834447,346253.034786831,346253.034795231,0.22527663898654282,0.00676188402576372,0.21644236100837588,0.0019603949622251093
354,1,16,0.24286889599170536,0.0024470939533784986,346253.139474571,346253.379896373,346253.13957687,346253.146221954,346253.377846078,346253.377854678,0.24042180203832686,0.006645084009505808,0.2316241239896044,0.002041694999206811
355,5,16,0.26635183702455834,0.002407493011560291,346253.482554717,346253.746499061,346253.482658017,346253.4892767,346253.744262566,346253.744275966,0.26394434401299804,0.006618682993575931,0.25498586596222594,0.0022230949834920466
356,0,16,0.2263018370140344,0.002483094052877277,346253.849292905,346254.073111648,346253.849396305,346253.856233388,346254.071178553,346254.071186853,0.2238187429611571,0.006837083026766777,0.2149451649747789,0.00192479498218745
357,3,16,0.25243047199910507,0.002465593977831304,346254.175914592,346254.42587947,346254.176018392,346254.182840575,346254.423521576,346254.423529976,0.24996487802127376,0.006822182971518487,0.24068100098520517,0.0023494940251111984
358,0,16,0.22618803702061996,0.0024650940322317183,346254.528604915,346254.752327858,346254.528707115,346254.535700997,346254.750397963,346254.750406363,0.22372294298838824,0.006993882008828223,0.21469696599524468,0.0019214950152672827
359,0,16,0.22574423800688237,0.0024662939831614494,346254.855110503,346255.078388447,346254.855215902,346254.862131585,346255.076438952,346255.076447152,0.22327794402372092,0.006915683043189347,0.214307366986759,0.0019412949914112687
360,0,16,0.22643913596402854,0.002514593943487853,346255.181157392,346255.405081934,346255.181258391,346255.188018674,346255.403141539,346255.403149839,0.22392454202054068,0.0067602829658426344,0.21512286504730582,0.0019320949795655906
361,0,16,0.22573323803953826,0.002384093008004129,346255.507711679,346255.731060824,346255.507814379,346255.514827161,346255.728984429,346255.728992629,0.22334914503153414,0.007012781978119165,0.214157267997507,0.0020681950263679028
362,0,16,0.2257956379908137,0.0024426940362900496,346255.833802268,346256.057155212,346255.833908468,346255.840805651,346256.055177317,346256.055185417,0.22335294395452365,0.00689718296052888,0.2143716660211794,0.001969794975593686
363,3,16,0.26280654600122944,0.0024135939893312752,346256.159866157,346256.420259109,346256.159967557,346256.167398238,346256.418105915,346256.418114215,0.26039295201189816,0.007430680969264358,0.2507076770416461,0.0021448939805850387
364,2,16,0.2479990830179304,0.002491793013177812,346256.523080853,346256.768588143,346256.523183753,346256.530141736,346256.766486548,346256.766495248,0.24550729000475258,0.00695798295782879,0.23634481203043833,0.0020928949816152453
365,0,16,0.22588593803811818,0.0025904939975589514,346256.871525187,346257.094820631,346256.871629086,346256.878456569,346257.092863636,346257.092872236,0.22329544404055923,0.006827483011875302,0.2144070669892244,0.0019483950454741716
366,2,16,0.25325507001252845,0.002479892980773002,346257.197667475,346257.448442652,346257.197770975,346257.204761558,346257.446025758,346257.446033958,0.25077517703175545,0.00699058297323063,0.24126420001266524,0.0024086940102279186
367,1,16,0.24331528798211366,0.002482292940840125,346257.551162796,346257.791995791,346257.551266896,346257.558327378,346257.789959796,346257.789967996,0.24083299504127353,0.007060481992084533,0.23163241799920797,0.002027795009780675
368,0,16,0.2256146220024675,0.0024355939822271466,346257.894737728,346258.117916756,346257.894840627,346257.901854809,346258.115915061,346258.115923361,0.22317902802024037,0.007014182046987116,0.21406025195028633,0.001993395038880408
369,0,16,0.22879671404371038,0.002518594032153487,346258.220782193,346258.447060313,346258.220890092,346258.228516373,346258.445101818,346258.445110018,0.2262781200115569,0.007626281003467739,0.21658544498495758,0.0019502950017340481
370,0,16,0.2260463209822774,0.002386594016570598,346258.54968925,346258.773348977,346258.54979425,346258.556896832,346258.771447182,346258.771455282,0.2236597269657068,0.007102582021616399,0.21455034997779876,0.0018936949782073498
371,0,16,0.2258594210143201,0.002464792982209474,346258.876049414,346259.099444042,346258.876153314,346258.883158796,346259.097511047,346259.097519847,0.22339462803211063,0.007005481980741024,0.21435225097229704,0.0019241950358264148
372,0,16,0.22635772003559396,0.0023964940337464213,346259.202176979,346259.426138205,346259.202281078,346259.20933176,346259.42420101,346259.42420921,0.22396122600184754,0.00705068203387782,0.2148692500195466,0.001928995014168322
373,2,16,0.2705487069906667,0.0024872939684428275,346259.528799342,346259.796860755,346259.528901642,346259.536085223,346259.794434662,346259.794443362,0.26806141302222386,0.007183581008575857,0.2583494389546104,0.0024173930287361145
374,0,16,0.23420889995759353,0.0026693929685279727,346259.899778992,346260.131318499,346259.899904592,346259.906956174,346260.129289404,346260.129298004,0.23153950698906556,0.007051581982523203,0.2223332300200127,0.0020204950124025345
375,5,16,0.27078060602070764,0.002500593021977693,346260.234047036,346260.502327049,346260.234149035,346260.241213917,346260.500190454,346260.500198454,0.26828001299872994,0.007064881967380643,0.25897653703577816,0.002128594962414354
376,0,16,0.22675041999900714,0.002480893977917731,346260.605101785,346260.829371311,346260.605207485,346260.612274467,346260.827445716,346260.827454316,0.2242695260210894,0.00706698204157874,0.21517124900128692,0.0019169949810020626
377,0,16,0.22366552700987086,0.002438094059471041,346260.932165048,346261.153392481,346260.932268547,346260.939326629,346261.151414186,346261.151422186,0.22122743295039982,0.007058081973809749,0.21208755701081827,0.001970294979400933
378,0,16,0.253398650966119,0.002419093973003328,346261.256130318,346261.507109875,346261.256230318,346261.263393299,346261.504992281,346261.505000281,0.2509795569931157,0.007162981026340276,0.24159898201469332,0.0021095940028317273
379,0,16,0.22630762099288404,0.0025348939816467464,346261.609850612,346261.833623339,346261.609952812,346261.617094993,346261.831515244,346261.831523044,0.2237727270112373,0.007142180984374136,0.21442025096621364,0.0021002950379624963
380,3,16,0.27087210601894185,0.0025295939994975924,346261.936403776,346262.204746288,346261.936505975,346261.943766757,346262.202571994,346262.202580494,0.26834251201944426,0.00726078194566071,0.258805237011984,0.0021657940233126283
381,0,16,0.24252917896956205,0.0024745939881540835,346262.307621225,346262.54767581,346262.307725725,346262.314970406,346262.545665015,346262.545673415,0.24005458498140797,0.007244681008160114,0.23069460899569094,0.0020023949909955263
382,0,16,0.2278717159642838,0.00256749294931069,346262.650525747,346262.87582997,346262.650626347,346262.657719028,346262.873848175,346262.873856575,0.2253042230149731,0.00709268101491034,0.21612914698198438,0.0019733950030058622
383,0,16,0.22695481905248016,0.002419794036541134,346262.978617407,346263.203152432,346262.978718806,346262.985884188,346263.200953537,346263.200961437,0.22453502501593903,0.007165381975937635,0.2150693490402773,0.002190994971897453
384,3,16,0.32028937997529283,0.0025166929699480534,346263.305921068,346263.623693755,346263.306024868,346263.31324915,346263.621206061,346263.621214961,0.3177726870053448,0.007224282016977668,0.30795691098319367,0.0024787940201349556
385,0,16,0.22619762097019702,0.002430394000839442,346263.726482591,346263.950249818,346263.726584691,346263.733895472,346263.948335423,346263.948344023,0.22376722696935758,0.007310781045816839,0.21443995099980384,0.0019057949539273977
386,0,16,0.22628432099008933,0.0025183940306305885,346264.053114755,346264.276880682,346264.053229755,346264.060359936,346264.274934687,346264.274942887,0.22376592695945874,0.007130180951207876,0.2145747510367073,0.001937794964760542
387,0,16,0.22575582197168842,0.002479793969541788,346264.379656019,346264.602932047,346264.379758518,346264.3870123,346264.601000252,346264.601008552,0.22327602800214663,0.007253782008774579,0.21398795198183507,0.0019234949722886086
388,0,16,0.23565069603500888,0.002467493002768606,346264.705723984,346264.938907187,346264.705826183,346264.713129265,346264.936869392,346264.936877292,0.23318320303224027,0.007303081976715475,0.22374012699583545,0.0020298950257711112
389,1,16,0.24364987603621557,0.0024578930460847914,346265.041693323,346265.282885306,346265.041795123,346265.049063604,346265.280778411,346265.280786411,0.24119198299013078,0.007268480956554413,0.2317148070433177,0.0020988949690945446
390,0,16,0.22451492596883327,0.0024338949588127434,346265.385659043,346265.607740074,346265.385758842,346265.392996724,346265.605802879,346265.605811179,0.22208103101002052,0.007237882004119456,0.2128061550320126,0.0019288950134068727
391,0,16,0.22690863499883562,0.002495993976481259,346265.710461911,346265.934874552,346265.710565411,346265.718050891,346265.932918457,346265.932926957,0.22441264102235436,0.007485479989554733,0.2148675660137087,0.001947595039382577
392,0,16,0.2332254200009629,0.002470294013619423,346266.037675896,346266.268431022,346266.037779396,346266.044943078,346266.266176528,346266.266185227,0.2307551259873435,0.007163682021200657,0.22123344999272376,0.0022457949817180634
393,0,16,0.25809265801217407,0.002460793999489397,346266.371191466,346266.62682333,346266.371294466,346266.378646548,346266.624628336,346266.624636836,0.2556318640126847,0.007352082000579685,0.24598178797168657,0.0021864940063096583
394,4,16,0.28881508205085993,0.0024478950654156506,346266.729520075,346267.015887262,346266.729623674,346266.736921356,346267.013475268,346267.013483468,0.2863671869854443,0.007297681993804872,0.27655391197185963,0.002403794031124562
395,0,16,0.22685623599682003,0.0024981939932331443,346267.118666106,346267.343024148,346267.118769506,346267.125882988,346267.341049853,346267.341058153,0.2243580420035869,0.007113481988199055,0.21516686503309757,0.001965995004866272
396,0,16,0.2418820980237797,0.002393994014710188,346267.445798292,346267.685286396,346267.445900892,346267.453177274,346267.683222101,346267.683230601,0.2394881040090695,0.007276381948031485,0.2300448270398192,0.002055794990155846
397,0,16,0.22724383504828438,0.0024666950339451432,346267.788031141,346268.012808281,346267.78813334,346267.795521922,346268.010847186,346268.010855486,0.22477714001433924,0.007388581987470388,0.21532526396913454,0.0019527950207702816
398,0,16,0.23534601501887664,0.0025073940050788224,346268.115663125,346268.348501746,346268.115764325,346268.122964807,346268.346436551,346268.346444751,0.23283862101379782,0.007200481952168047,0.2234717440442182,0.002056994999293238
399,0,16,0.22300204494968057,0.0024380929535254836,346268.45127109,346268.671835042,346268.45137539,346268.458857171,346268.669796247,346268.669804647,0.22056395199615508,0.007481781009119004,0.21093907597241923,0.002030395029578358
400,0,16,0.22592853801324964,0.002497193985618651,346268.774630386,346268.99806173,346268.774743986,346268.782262767,346268.996098735,346268.996106835,0.22343134402763098,0.007518780999816954,0.21383596799569204,0.0019548949785530567
401,0,16,0.22442104201763868,0.0024592940462753177,346269.100817074,346269.322778822,346269.100917974,346269.108398255,346269.320825827,346269.320833927,0.22196174797136337,0.007480280997697264,0.2124275719979778,0.001944894960615784
402,1,16,0.2480951829929836,0.0024975939886644483,346269.425579566,346269.671177155,346269.425683266,346269.433159947,346269.66907476,346269.66908296,0.24559758900431916,0.007476680970285088,0.23591481300536543,0.0020941949915140867
403,0,16,0.2269203359610401,0.0024073949898593128,346269.7738429,346269.998355841,346269.773945699,346269.781447181,346269.996374046,346269.996382046,0.2245129409711808,0.007501482032239437,0.21492686501005664,0.0019737949478439987
404,0,16,0.22138174902647734,0.002467793005052954,346270.101159785,346270.320073741,346270.101261185,346270.108822566,346270.318088546,346270.318096746,0.21891395602142438,0.007561380974948406,0.20926597999641672,0.0019769950304180384
405,0,16,0.22583003796171397,0.002515893953386694,346270.422830385,346270.646144529,346270.422935685,346270.430414566,346270.644172634,346270.644180634,0.22331414400832728,0.007478880987036973,0.21375806798459962,0.001963894988875836
406,0,16,0.22558963898336515,0.0024512949748896062,346270.748971774,346270.972110118,346270.749075273,346270.756437055,346270.969913724,346270.969922024,0.22313834400847554,0.00736178201623261,0.21347666898509488,0.0021880940184928477
407,2,16,0.26898523001000285,0.0024421930429525673,346271.074859463,346271.3414025,346271.074960463,346271.082436044,346271.339209805,346271.339218005,0.2665430369670503,0.007475581020116806,0.2567737610079348,0.002184494980610907
408,0,16,0.22378674295032397,0.002459393930621445,346271.444210444,346271.665537793,346271.444314644,346271.451879025,346271.663289099,346271.663298599,0.22132734901970252,0.007564380997791886,0.21141007402911782,0.0022391940001398325
409,3,16,0.2733175200410187,0.0025198940420523286,346271.768340838,346272.039138464,346271.768443337,346271.776094518,346272.03659827,346272.03660677,0.2707976259989664,0.007651181018445641,0.2605037519824691,0.0025316940154880285
410,1,16,0.24373489402933046,0.002531794016249478,346272.141967608,346272.383170708,346272.142072408,346272.149692589,346272.381009513,346272.381018013,0.24120310001308098,0.00762018101522699,0.2313169239787385,0.0021526950295083225
411,0,16,0.22598173801088706,0.0025770930224098265,346272.485992052,346272.709396697,346272.486095152,346272.493655533,346272.707255502,346272.707264002,0.22340464498847723,0.007560381025541574,0.21359996899263933,0.002132694993633777
412,0,16,0.22404994297539815,0.0024167949450202286,346272.812216741,346273.033849889,346272.81231914,346272.819842722,346273.031676995,346273.031685495,0.22163314803037792,0.007523581967689097,0.21183427301002666,0.0021643940126523376
413,0,16,0.2256640379782766,0.0024478939594700933,346273.136605834,346273.359821978,346273.136708034,346273.144492014,346273.357620984,346273.357629184,0.22321614401880652,0.007783979992382228,0.21312897000461817,0.0021927939960733056
414,0,16,0.2254846389987506,0.002481193980202079,346273.462640523,346273.685643968,346273.462741522,346273.470280304,346273.683482973,346273.683491473,0.22300344501854852,0.007538782025221735,0.21320266899419948,0.002152494969777763
415,3,16,0.26198824803577736,0.002483294054400176,346273.788445912,346274.047950866,346273.788547612,346273.796246593,346274.045852971,346274.045860971,0.2595049539813772,0.0076989809749647975,0.2496063779690303,0.002089895016979426
416,0,16,0.2344244159758091,0.0024171939585357904,346274.15069111,346274.382698332,346274.15079411,346274.158165791,346274.380698437,346274.380706537,0.2320072220172733,0.007371680985670537,0.2225326459738426,0.0019917950266972184
417,0,16,0.22520693897968158,0.002417192969005555,346274.485468076,346274.708257822,346274.485569176,346274.493149257,346274.706331726,346274.706340126,0.22278974601067603,0.00758008100092411,0.2131824690150097,0.0019176960340701044
418,0,16,0.22259664599550888,0.0024793939664959908,346274.811081565,346275.031198817,346274.811203065,346274.818796846,346275.029257122,346275.029265022,0.2201172520290129,0.007593781047035009,0.21046027599368244,0.0019337949925102293
419,0,16,0.2260649370145984,0.0023804939701221883,346275.133880162,346275.357564605,346275.133981061,346275.141453943,346275.35546481,346275.35547321,0.2236844430444762,0.0074728819890879095,0.2140108669991605,0.002091395028401166
420,1,16,0.2360261119902134,0.002477694011759013,346275.460372649,346275.693921067,346275.460474248,346275.468341929,346275.691911372,346275.691919572,0.23354841797845438,0.00786768103716895,0.22356944298371673,0.0020014949841424823
421,0,16,0.23571631294908002,0.0024910939391702414,346275.796672711,346276.02989793,346275.796774511,346275.804609691,346276.027869535,346276.027878135,0.23322521900990978,0.007835180032998323,0.2232598440023139,0.002019795007072389
422,1,16,0.2341866169590503,0.00243959401268512,346276.132703674,346276.364450697,346276.132803074,346276.140451355,346276.362440802,346276.362449502,0.23174702294636518,0.00764828099636361,0.22198944695992395,0.0020011949818581343
423,0,16,0.22513604001142085,0.0024810939794406295,346276.467283641,346276.689938587,346276.467385841,346276.475123722,346276.688012692,346276.688020992,0.22265494603198022,0.007737880980130285,0.21288896998157725,0.0019175950437784195
424,0,16,0.22624123602872714,0.0024587930529378355,346276.792753931,346277.016536374,346276.792856331,346276.800717311,346277.014441679,346277.014450079,0.2237824429757893,0.007860979996621609,0.2137243680190295,0.00208629498956725
425,0,16,0.2241852410370484,0.0024545930209569633,346277.119307418,346277.341038066,346277.119409618,346277.127258998,346277.338888571,346277.338896871,0.22173064801609144,0.007849379966501147,0.21162957302294672,0.0021411950001493096
426,0,16,0.2269304349902086,0.002465594036038965,346277.44380011,346277.668264951,346277.44390561,346277.451510091,346277.666118556,346277.666126856,0.22446484095416963,0.007604481012094766,0.21460846497211605,0.00213809497654438
427,0,16,0.22757223300868645,0.002455392968840897,346277.771059295,346277.996176135,346277.771161795,346277.779001375,346277.99410934,346277.99411774,0.22511684003984556,0.007839580008294433,0.21510796499205753,0.0020583950099535286
428,2,16,0.2752195139764808,0.0024430929915979505,346278.098913179,346278.3716896,346278.099026878,346278.106790359,346278.368998406,346278.369006806,0.27277642098488286,0.0077634810004383326,0.26220804697368294,0.0026827940018847585
429,0,16,0.2562657620292157,0.0024970940430648625,346278.474475144,346278.728243812,346278.474577243,346278.482442624,346278.726090717,346278.726099117,0.25376866798615083,0.007865381019655615,0.24364809301914647,0.0021446949685923755
430,0,16,0.23533101397333667,0.0024985939380712807,346278.831090256,346279.063922676,346278.831194355,346278.838987936,346279.061844681,346279.061852881,0.23283242003526539,0.007793580996803939,0.2228567450074479,0.002069795038551092
431,4,16,0.31219322298420593,0.0025040939799509943,346279.16673392,346279.476423049,346279.16683542,346279.174578101,346279.473989955,346279.473998355,0.30968912900425494,0.007742681016679853,0.299411853950005,0.0024246940156444907
432,0,16,0.2263414360349998,0.002481093048118055,346279.579232493,346279.803092836,346279.579333693,346279.587240273,346279.801013741,346279.801022241,0.22386034298688173,0.007906579994596541,0.2137734679854475,0.002070594986435026
433,0,16,0.22721333400113508,0.002424194011837244,346279.90584888,346280.13063802,346279.90595088,346279.914071059,346280.128545126,346280.128553525,0.22478913998929784,0.008120179001707584,0.2144740669755265,0.002084494975861162
434,1,16,0.23462271597236395,0.0024705929681658745,346280.233393064,346280.465545187,346280.233494964,346280.241314245,346280.463503292,346280.463511892,0.23215212300419807,0.007819280959665775,0.2221890470245853,0.002033294993452728
435,0,16,0.23661671101581305,0.0024243940133601427,346280.568282931,346280.802475248,346280.56838363,346280.576997309,346280.800386753,346280.800394953,0.2341923170024529,0.008613678975962102,0.22338944399962202,0.0020802950020879507
436,0,16,0.22616543696494773,0.0024222939391620457,346280.905212092,346281.128955235,346280.905314992,346280.913360472,346281.12690664,346281.12691574,0.22374314302578568,0.008045480004511774,0.21354616800090298,0.0020394949824549258
437,1,16,0.23575861298013479,0.002515594009310007,346281.231748779,346281.464991798,346281.231851579,346281.239712959,346281.462945003,346281.462952903,0.23324301897082478,0.007861379999667406,0.22323204402346164,0.0020388949778862298
438,0,16,0.23464431200409308,0.0024369939928874373,346281.567769743,346281.799977061,346281.567871542,346281.575728723,346281.797947166,346281.797955666,0.23220731801120564,0.00785718101542443,0.22221844299929217,0.0020213949610479176
439,2,16,0.2817566810408607,0.002480394032318145,346281.902768998,346282.182045285,346281.902872498,346281.910978377,346282.179709591,346282.179717991,0.27927628700854257,0.00810587900923565,0.2687312139896676,0.0023272940306924284
440,1,16,0.23739749396918342,0.0024781939573585987,346282.284805623,346282.519724923,346282.284905823,346282.292775402,346282.517404529,346282.517412729,0.23491930001182482,0.007869579014368355,0.22462912695482373,0.0023121940321289003
441,0,16,0.23550519801210612,0.0024255930329672992,346282.622509961,346282.855589566,346282.62261336,346282.63062164,346282.853566171,346282.853574571,0.23307960497913882,0.008008280012290925,0.22294453100766987,0.002014994970522821
442,1,16,0.2439257779624313,0.00260249397251755,346282.958349203,346283.199672487,346282.958453003,346282.966426583,346283.197335993,346283.197346593,0.24132328398991376,0.007973579980898649,0.23090940999099985,0.0023258939618244767
443,0,16,0.22601812303764746,0.0024598940508440137,346283.302510925,346283.526069154,346283.302626624,346283.310703104,346283.524031959,346283.524039659,0.22355822898680344,0.008076480007730424,0.2133288549957797,0.002029494964517653
444,0,16,0.22661802096990868,0.002450892992783338,346283.628827692,346283.85299482,346283.628928192,346283.636871271,346283.851015825,346283.851024025,0.22416712797712535,0.007943078991957009,0.21414455398917198,0.0019707949832081795
445,0,16,0.225062326004263,0.0024070939980447292,346283.955748557,346284.178403789,346283.955849357,346283.963932036,346284.176459094,346284.176467294,0.22265523200621828,0.008082679007202387,0.212527057970874,0.0019364950130693614
446,1,16,0.2616259320056997,0.002553293015807867,346284.281218026,346284.540290665,346284.281321126,346284.289448905,346284.537918571,346284.537927871,0.25907263898989186,0.008127779001370072,0.248469665995799,0.0023627940099686384
447,0,16,0.24361347797093913,0.002377393946517259,346284.642959903,346284.884195987,346284.643059003,346284.651108982,346284.882113793,346284.882122093,0.24123608402442187,0.008049978991039097,0.23100481100846082,0.0020738940220326185
448,0,16,0.24203888198826462,0.002494392974767834,346284.986855025,346285.226399514,346284.986970225,346284.995168204,346285.22378312,346285.22379122,0.2395444890134968,0.008197979012038559,0.22861491597723216,0.0026082940166816115
449,0,16,0.22288273100275546,0.002438293013256043,346285.329206051,346285.549650489,346285.329306851,346285.33774403,346285.547490194,346285.547498394,0.22044443798949942,0.008437178970780224,0.20974616397870705,0.0021520950249396265
450,0,16,0.28502567298710346,0.002472394029609859,346285.652412026,346285.934965305,346285.652515726,346285.660994604,346285.932669611,346285.932677811,0.2825532789574936,0.008478878007736057,0.2716750070103444,0.002287493960466236
451,0,16,0.23897338996175677,0.00247059395769611,346286.037719443,346286.274222239,346286.037822143,346286.045964222,346286.272075145,346286.272083645,0.23650279600406066,0.008142078993842006,0.22611092298757285,0.0021385939908213913
452,0,16,0.2252385250176303,0.002455794019624591,346286.376959977,346286.599742708,346286.377061677,346286.385204856,346286.597757113,346286.597765513,0.22278273099800572,0.008143179002217948,0.21255225699860603,0.001977194973733276
453,0,16,0.22808291797991842,0.0024497939739376307,346286.702508946,346286.92814207,346286.702610046,346286.710841025,346286.926101675,346286.926109775,0.2256331240059808,0.008230978972278535,0.2152606500312686,0.0020322949858382344
454,0,16,0.2290973149938509,0.002513593004550785,346287.030930708,346287.25751443,346287.031032908,346287.039047187,346287.255463335,346287.255471935,0.2265837219893001,0.008014279010239989,0.21641614800319076,0.002042495005298406
455,0,16,0.22582582401810214,0.0024953940301202238,346287.360317667,346287.583648097,346287.360420367,346287.368783446,346287.581678502,346287.581686502,0.22333042998798192,0.008363079046830535,0.21289505599997938,0.0019615950295701623
456,0,16,0.22756921901600435,0.0024201939813792706,346287.686384035,346287.91153306,346287.686485735,346287.694651414,346287.909520165,346287.909528665,0.22514902503462508,0.008165678998921067,0.2148687510052696,0.002004395006224513
457,0,16,0.22825381701113656,0.002492993022315204,346288.014326398,346288.240087222,346288.014429198,346288.022652877,346288.238047527,346288.238056027,0.22576082398882136,0.008223679033108056,0.21539464994566515,0.0020311950356699526
458,0,16,0.22843571699922904,0.0025317930267192423,346288.342901659,346288.568805583,346288.343006859,346288.350986239,346288.566644188,346288.566652388,0.2259039239725098,0.00797937996685505,0.2156579490401782,0.0021531949751079082
459,3,16,0.2588959389831871,0.0024754939950071275,346288.671523421,346288.927943866,346288.67162412,346288.6797814,346288.925696572,346288.925705472,0.25642044498817995,0.00815728004090488,0.2459151719813235,0.002238393994048238
460,0,16,0.22325952997198328,0.0025002940092235804,346289.030776204,346289.25153544,346289.030881304,346289.039041383,346289.249545145,346289.249553245,0.2207592359627597,0.008160079014487565,0.21050376200582832,0.001982194953598082
461,3,16,0.27107140800217167,0.0024732930469326675,346289.354309678,346289.622907793,346289.354413778,346289.362588157,346289.620644298,346289.620652898,0.268598114955239,0.008174379006959498,0.2580561409704387,0.002254894992802292
462,1,16,0.23212882404914126,0.0025003940099850297,346289.72567543,346289.95530386,346289.72577883,346289.733976709,346289.953246265,346289.953254865,0.22962843003915623,0.00819787901127711,0.21926955599337816,0.002048994996584952
463,0,16,0.2294675320154056,0.0024360939860343933,346290.058103406,346290.285134844,346290.058204505,346290.066967284,346290.282957749,346290.282966449,0.2270314380293712,0.008762779005337507,0.21599046495975927,0.0021683950326405466
464,1,16,0.24496319401077926,0.0024808940361253917,346290.387967889,346290.630450189,346290.388070589,346290.396602168,346290.627894895,346290.627903095,0.24248229997465387,0.008531578991096467,0.2312927269958891,0.0025470940163359046
465,0,16,0.23610401595942676,0.0025741939316503704,346290.733355734,346290.966885556,346290.733461334,346290.742033213,346290.964869961,346290.964878161,0.2335298220277764,0.008571879006922245,0.22283674799837172,0.002007395029067993
466,3,16,0.2867846899898723,0.0025881939800456166,346291.069567002,346291.353763498,346291.069668502,346291.077824881,346291.350973205,346291.350986105,0.28419649600982666,0.008156378986313939,0.27314832399133593,0.002777393034193665
467,0,16,0.22632914001587778,0.0024256950127892196,346291.456627644,346291.680531089,346291.456729743,346291.465062623,346291.678507394,346291.678515394,0.22390344500308856,0.008332880039233714,0.21344477095408365,0.0020156950340606272
468,4,16,0.25903725903481245,0.002460193994920701,346291.783245335,346292.0398224,346291.783346735,346291.791520815,346292.037624905,346292.037632905,0.25657706503989175,0.008174079994205385,0.24610409000888467,0.002189495018683374
469,0,16,0.22930203296709806,0.0025072949938476086,346292.142645146,346292.369439884,346292.142746245,346292.151119025,346292.367418689,346292.367426789,0.22679473797325045,0.008372779993806034,0.21629966399632394,0.0020130949560552835
470,1,16,0.23688951303483918,0.0024543930776417255,346292.47219593,346292.70663105,346292.47229673,346292.480524609,346292.704408655,346292.704416855,0.23443511995719746,0.008227879006881267,0.2238840460195206,0.0022141949739307165
471,3,16,0.25591876602265984,0.0024567930377088487,346292.809387795,346293.062849768,346292.809489495,346292.817872974,346293.060647773,346293.060656073,0.253461972984951,0.008383478969335556,0.24277479900047183,0.002193694992456585
472,0,16,0.22525444201892242,0.0024404930300079286,346293.165688913,346293.388502862,346293.165790713,346293.174475891,346293.386316367,346293.386324667,0.2228139489889145,0.008685178006999195,0.21184047602582723,0.0021781949908472598
473,0,16,0.224149045010563,0.0024480930296704173,346293.491297807,346293.712998759,346293.491399907,346293.499755486,346293.710626064,346293.710633964,0.22170095198089257,0.008355578989721835,0.21087057801196352,0.0023647950147278607
474,0,16,0.2274120370275341,0.002449094026815146,346293.815778604,346294.040741547,346293.815882204,346293.824380183,346294.038610153,346294.038620453,0.22496294300071895,0.008497979026287794,0.2142299700062722,0.00212109403219074
475,0,16,0.22811983502469957,0.002486093027982861,346294.143476293,346294.369110035,346294.143576993,346294.151944972,346294.36702794,346294.36703584,0.2256337419967167,0.00836797896772623,0.21508296800311655,0.002074195013847202
476,0,16,0.2261087400256656,0.0024627940147183836,346294.47197548,346294.695621426,346294.47207948,346294.480527359,346294.693578031,346294.693586131,0.22364594601094723,0.008447878994047642,0.21305067196954042,0.0020352950086817145
477,5,16,0.28381489700404927,0.0024788930313661695,346294.798381972,346295.079717976,346294.798494172,346294.806956551,346295.077119282,346295.077127882,0.2813360039726831,0.008462378988042474,0.27016273100161925,0.002590093994513154
478,0,16,0.22856743400916457,0.002422793011646718,346295.182490221,346295.408634862,346295.182608321,346295.192085098,346295.406513167,346295.406522067,0.22614464099751785,0.009476776991505176,0.21442806901177391,0.0021127950167283416
479,0,16,0.25823126098839566,0.002532694023102522,346295.511470507,346295.767169074,346295.511571207,346295.519950686,346295.76494448,346295.76495248,0.25569856696529314,0.008379478997085243,0.24499379395274445,0.002216594002675265
480,2,16,0.24552219203906134,0.0024424930452369153,346295.86991402,346296.112993719,346295.87005742,346295.878458799,346296.110846324,346296.110854824,0.24307969899382442,0.008401378989219666,0.23238752502948046,0.002138894982635975
481,2,16,0.2631047489703633,0.002475393994245678,346296.215803764,346296.476433119,346296.215910464,346296.224375043,346296.474144325,346296.474152525,0.2606293549761176,0.00846457900479436,0.24976928200339898,0.0022805939661338925
482,0,16,0.2281942359986715,0.002407194988336414,346296.579186465,346296.804973506,346296.579287964,346296.587786443,346296.802905411,346296.802913711,0.2257870410103351,0.00849847903009504,0.2151189679862,0.0020597950206138194
483,0,16,0.22707513900240883,0.002439995005261153,346296.907733352,346297.132368496,346296.907837451,346296.91638653,346297.130353301,346297.130361501,0.22463514399714768,0.008549078949727118,0.2139667710289359,0.002006994967814535
484,0,16,0.22747503797290847,0.002471894957125187,346297.234994742,346297.459997885,346297.235095242,346297.243555221,346297.457571391,346297.457579991,0.22500314301578328,0.00845997902797535,0.21401617000810802,0.002417893963865936
485,0,16,0.22834573400905356,0.002452993008773774,346297.56285753,346297.788750271,346297.56296113,346297.571461209,346297.786052977,346297.786063777,0.22589274100027978,0.00850007898407057,0.21459176804637536,0.002686494030058384
486,2,16,0.2450678879977204,0.0025055930018424988,346297.891553614,346298.134115909,346297.891655914,346297.900353292,346298.131875914,346298.131884014,0.2425622949958779,0.008697377983480692,0.23152262199437246,0.0022318949922919273
487,0,16,0.22958992701023817,0.002462894015479833,346298.236850152,346298.463977185,346298.236953252,346298.245567331,346298.461709691,346298.461718191,0.22712703299475834,0.0086140789790079,0.2161423600045964,0.0022589940344914794
488,0,16,0.22768573102075607,0.002468693011905998,346298.566780829,346298.791997867,346298.566884328,346298.575447907,346298.789963572,346298.789971572,0.22521703800885007,0.008563579001929611,0.21451566502219066,0.002026294998358935
489,4,16,0.29336886794772,0.002458393923006952,346298.89471141,346299.185621884,346298.89481451,346298.903669888,346299.182924091,346299.182932491,0.29091047402471304,0.008855377964209765,0.279254203021992,0.0026893930044025183
490,0,16,0.22453003900591284,0.002530193014536053,346299.288406328,346299.510406174,346299.288519627,346299.298311703,346299.508103479,346299.508111679,0.2219998459913768,0.009792076016310602,0.20979177596746013,0.002294495003297925
491,0,16,0.22335194202605635,0.0024530930095352232,346299.613216817,346299.834115666,346299.613319017,346299.621901695,346299.831867771,346299.831876071,0.22089884901652113,0.008582677983213216,0.20996607601409778,0.0022395949927158654
492,4,16,0.2582761559751816,0.002489293983671814,346299.936799609,346300.192586471,346299.936915009,346299.945484388,346300.190055677,346300.190064377,0.2557868619915098,0.008569378987886012,0.24457128904759884,0.002522094000596553
493,0,16,0.22798573097679764,0.0025037929881364107,346300.295434914,346300.520916852,346300.295541414,346300.304196592,346300.518850557,346300.518859157,0.22548193798866123,0.008655178011395037,0.21465396496932954,0.0020576950046233833
494,0,16,0.24718658300116658,0.00239519402384758,346300.623639495,346300.868430884,346300.623741395,346300.632401673,346300.86630489,346300.86631359,0.244791388977319,0.008660277992021292,0.233903217012994,0.0021172939450480044
495,1,16,0.2443499899818562,0.0024872939684428275,346300.971188328,346301.213051024,346300.971292728,346300.980164005,346301.21059383,346301.21060183,0.24186269601341337,0.008871277037542313,0.23042982496554032,0.0024491940275765955
496,0,16,0.24498108902480453,0.002423995058052242,346301.315837068,346301.558394162,346301.315937967,346301.324560746,346301.556259668,346301.556267968,0.2425570939667523,0.008622779045253992,0.23169892199803144,0.0021261940128169954
497,0,16,0.2270565329818055,0.002469693950843066,346301.661180306,346301.885767145,346301.661282406,346301.670036784,346301.88369055,346301.88369895,0.22458683903096244,0.008754378010053188,0.21365376596804708,0.0020681950263679028
498,0,16,0.2250738379661925,0.0026248939684592187,346301.988620789,346302.211069733,346301.988723788,346301.997457767,346302.208891739,346302.208899939,0.2224489439977333,0.008733979018870741,0.2114339719992131,0.002169793995562941
499,0,16,0.2329620189848356,0.0025008940137922764,346302.313823777,346302.544284902,346302.313929277,346302.32452475,346302.542164307,346302.542172807,0.23046112497104332,0.010595472995191813,0.21763955696951598,0.0021120950113981962
500,0,16,0.2279487309860997,0.002498792950063944,346302.647104345,346302.872554283,346302.647207645,346302.656016923,346302.870532788,346302.870541288,0.22544993803603575,0.008809278020635247,0.2145158649655059,0.002012995013501495
501,0,16,0.23690050904406235,0.0024660940398462117,346302.975379626,346303.209814041,346302.975484526,346302.984293104,346303.207683446,346303.207692146,0.23443441500421613,0.008808577957097441,0.2233903420274146,0.0021218949696049094
502,0,16,0.22900292900158092,0.0025302949943579733,346303.312630585,346303.539103219,346303.312733984,346303.321504962,346303.537066824,346303.537075224,0.22647263400722295,0.008770977961830795,0.2155618619872257,0.002027995011303574
503,0,16,0.22424374002730474,0.00244249397655949,346303.641893463,346303.863694709,346303.641994563,346303.65091194,346303.861404315,346303.861413015,0.22180124605074525,0.008917377039324492,0.21049237495753914,0.002281694032717496
504,0,16,0.23650401004124433,0.0025012940168380737,346303.966534953,346304.200537669,346303.966639253,346303.97581393,346304.198456874,346304.198465374,0.23400271602440625,0.009174676961265504,0.22264294401975349,0.0020722949993796647
505,0,16,0.25398906599730253,0.0025214929482899606,346304.303385812,346304.554853385,346304.303488112,346304.31230709,346304.55260159,346304.55261039,0.25146757304901257,0.008818977978080511,0.24029450002126396,0.002242995018605143
506,0,16,0.22666223399573937,0.0024768930161371827,346304.657744528,346304.881929869,346304.657848328,346304.666722306,346304.879594074,346304.879602274,0.2241853409796022,0.00887397798942402,0.2128717679879628,0.002327595022507012
507,0,16,0.22671913402155042,0.0024894929956644773,346304.984718812,346305.208948453,346304.984823712,346304.993938689,346305.206651158,346305.206659458,0.22422964102588594,0.009114977030549198,0.21271246898686513,0.0022889950196258724
508,0,16,0.25311006797710434,0.0024758929503150284,346305.311697596,346305.562331771,346305.311799096,346305.320721674,346305.559779177,346305.559787277,0.2506341750267893,0.008922578010242432,0.23905750300036743,0.002544493996538222
509,0,16,0.22692913399077952,0.002505993004888296,346305.665183714,346305.889606855,346305.665289014,346305.673964292,346305.88753486,346305.88754406,0.22442314098589122,0.008675277989823371,0.21357056801207364,0.0020627949852496386
510,8,16,0.3144213170162402,0.0024712940212339163,346305.992390098,346306.304340121,346305.992493398,346306.001388576,346306.301822527,346306.301830727,0.3119500229950063,0.008895177976228297,0.3004339510225691,0.002509393962100148
511,0,16,0.22747683303896338,0.002436594048049301,346306.407141165,346306.632181404,346306.407243865,346306.416958941,346306.62998371,346306.62999261,0.22504023899091408,0.009715075953863561,0.21302476903656498,0.002188793965615332
512,0,16,0.22997102700173855,0.0024449939955957234,346306.734942048,346306.962468081,346306.735046648,346306.74623982,346306.960352786,346306.960361086,0.22752603300614282,0.011193171958439052,0.21411296603037044,0.00210699497256428
513,0,16,0.23645351105369627,0.0024769940646365285,346307.065261925,346307.299238442,346307.065366325,346307.074375502,346307.297155147,346307.297163347,0.23397651698905975,0.009009176981635392,0.22277964500244707,0.002075094962492585
514,0,16,0.23277122003491968,0.0025020940229296684,346307.402020686,346307.632289812,346307.402126086,346307.411242263,346307.629802818,346307.629811118,0.23026912601199,0.00911617698147893,0.2185605550184846,0.0024786940193735063
515,0,16,0.2554122629808262,0.002421892946586013,346307.735029656,346307.988020026,346307.735131656,346307.744542232,346307.985795131,346307.985803531,0.2529903700342402,0.009410576021764427,0.2412528989952989,0.0022164949914440513
516,0,16,0.22618713602423668,0.0024766940041445196,346308.09084787,346308.314558312,346308.090949069,346308.099985547,346308.312230218,346308.312238618,0.22371044202009216,0.009036478004418314,0.21224467101274058,0.0023196940310299397
517,2,16,0.24377479299437255,0.0024597939918749034,346308.417307656,346308.658622655,346308.417411956,346308.426429033,346308.65639486,346308.65640386,0.24131499900249764,0.009017076983582228,0.22996582702035084,0.002218795008957386
518,0,16,0.22962992696557194,0.002501192968338728,346308.761457399,346308.988586133,346308.761560398,346308.771232074,346308.986154539,346308.986162739,0.2271287339972332,0.009671676030848175,0.21492246497655287,0.0024233940057456493
519,0,16,0.2273897340055555,0.002416395000182092,346309.091341177,346309.316314516,346309.091444076,346309.100781853,346309.313937422,346309.313945822,0.22497333900537342,0.009337777039036155,0.2131555689848028,0.0023686939966864884
520,1,16,0.23523031396325678,0.0024490939103998244,346309.41908716,346309.65186838,346309.41919116,346309.428145938,346309.649468386,346309.649476486,0.23278122005285695,0.008954778022598475,0.22132244799286127,0.002391893998719752
521,0,16,0.22746893297880888,0.0024831939954310656,346309.754660124,346309.979645863,346309.754761724,346309.764157,346309.977545769,346309.977558169,0.22498573898337781,0.009395276021678,0.21338876901427284,0.002087694010697305
522,1,16,0.2445282909902744,0.0025082939537242055,346310.082429007,346310.324449004,346310.082533907,346310.091469885,346310.32225101,346310.32225951,0.2420199970365502,0.008935977995861322,0.23078112496295944,0.0021894940291531384
523,0,16,0.2291038290131837,0.0025353929959237576,346310.427330748,346310.653899184,346310.427436348,346310.436550425,346310.651717689,346310.651726489,0.22656843601725996,0.009114077023696154,0.21516726398840547,0.002172695007175207
524,0,16,0.2283506310195662,0.0024136940483003855,346310.756652028,346310.982588965,346310.756753727,346310.765792405,346310.98052747,346310.98053547,0.22593693697126582,0.009038678021170199,0.21473506500478834,0.002053494972642511
525,0,16,0.22440683998866007,0.0024616929586045444,346311.085342709,346311.307287856,346311.085444908,346311.094555686,346311.305178861,346311.305187561,0.22194514703005552,0.009110777988098562,0.2106231750221923,0.0021002949797548354
526,4,16,0.2584080569795333,0.0025758949923329055,346311.4101238,346311.665955962,346311.410225799,346311.419281077,346311.663193969,346311.663202369,0.2558321619872004,0.009055277972947806,0.24391289200866595,0.0027535929693840444
527,0,16,0.2298894269624725,0.002508093952201307,346311.768855406,346311.996236739,346311.768958606,346311.77906568,346311.994142745,346311.994150845,0.2273813330102712,0.010107073991093785,0.21507706498960033,0.002085893996991217
528,4,16,0.25695686001563445,0.002480094030033797,346312.099048583,346312.353525349,346312.099153983,346312.10852936,346312.350944356,346312.350952456,0.25447676598560065,0.00937537697609514,0.24241499602794647,0.0025728929904289544
529,0,16,0.22920602897647768,0.002419093973003328,346312.456341193,346312.683128128,346312.456443893,346312.466021369,346312.680981034,346312.680989633,0.22678693500347435,0.00957747595384717,0.21495966502698138,0.0021384949795901775
530,3,16,0.28232649696292356,0.002533893915824592,346312.785932372,346313.065724975,346312.786036472,346312.796123947,346313.062935082,346313.062943282,0.27979260304709896,0.010087475006002933,0.26681113499216735,0.0027816930087283254
531,0,16,0.2273821330163628,0.0024377930094487965,346313.168502319,346313.393446659,346313.168607019,346313.178111395,346313.391313764,346313.391322064,0.224944340006914,0.009504375979304314,0.21320236899191514,0.0021245950483717024
532,0,16,0.22406864195363596,0.002487193909473717,346313.496254703,346313.717836151,346313.496358202,346313.505711879,346313.715578056,346313.715586756,0.22158144804416224,0.009353676985483617,0.20986617699963972,0.0022493950091302395
533,0,16,0.24428539298241958,0.0024745939881540835,346313.820538595,346314.062349394,346313.820643495,346313.830178271,346314.06004,346314.0600485,0.2418107989942655,0.009534775977954268,0.2298617290216498,0.002300894004292786
534,2,16,0.25349636998726055,0.0024342939723283052,346314.165064438,346314.416126514,346314.165167038,346314.174732914,346314.41386132,346314.41386942,0.25106207601493225,0.00956587604014203,0.23912840598495677,0.002257094020023942
535,0,16,0.22877683100523427,0.002524993964470923,346314.518953159,346314.745204996,346314.519057958,346314.528542535,346314.743122801,346314.743131601,0.22625183704076335,0.009484576992690563,0.21458026603795588,0.0020733950077556074
536,0,16,0.22648173698689789,0.0024281939840875566,346314.847985341,346315.072038884,346314.848087041,346314.857386717,346315.06971899,346315.06972729,0.22405354300281033,0.009299675992224365,0.2123322730185464,0.0023115939693525434
537,0,16,0.24318199598928913,0.002465094963554293,346315.174697329,346315.41541423,346315.174883428,346315.184472004,346315.413120636,346315.413128936,0.24071690102573484,0.009588576038368046,0.2286486320081167,0.0022852940019220114
538,0,16,0.22857863100944087,0.002423493016976863,346315.518166875,346315.744322013,346315.518268975,346315.527742851,346315.741592719,346315.741601019,0.226155137992464,0.00947387597989291,0.21384986798511818,0.0027209940017201006
539,4,16,0.2684256329666823,0.0025183939724229276,346315.847160957,346316.113068196,346315.847265057,346315.856652633,346316.110474802,346316.110483202,0.2659072389942594,0.009387576021254063,0.25382216897560284,0.0025849940138868988
540,0,16,0.2359227139968425,0.002497694978956133,346316.215832541,346316.44925756,346316.21593434,346316.225179817,346316.447087066,346316.447095266,0.23342501901788637,0.009245476976502687,0.221907249011565,0.0021622939966619015
541,0,16,0.22869213100057095,0.0024874930386431515,346316.552053205,346316.778257843,346316.552153605,346316.561580281,346316.776108848,346316.776117148,0.2262046379619278,0.009426676027942449,0.21452856698306277,0.002140694996342063
542,0,16,0.2268403359921649,0.002567593997810036,346316.881142087,346317.105414829,346316.881242687,346316.890672363,346317.103238235,346317.103246835,0.22427274199435487,0.009429675992578268,0.21256587200332433,0.0021679939818568528
543,0,16,0.22471104096621275,0.002629292954225093,346317.208370773,346317.430452521,346317.208474373,346317.21776065,346317.428265327,346317.428273727,0.22208174801198766,0.009286276996135712,0.21050467703025788,0.0021787940058857203
544,0,16,0.22871463099727407,0.002566893002949655,346317.533327666,346317.759475404,346317.533433065,346317.543309641,346317.75708351,346317.75709171,0.22614773799432442,0.009876576019451022,0.21377386897802353,0.002383693994488567
545,4,16,0.25963885500095785,0.0024916940019465983,346317.862224748,346318.119371909,346317.862324348,346317.872036524,346318.116646216,346318.116654316,0.25714716099901125,0.009712175989989191,0.2446096920175478,0.0027175929863005877
546,0,16,0.22819613298634067,0.0025209939922206104,346318.222311753,346318.447986892,346318.222413653,346318.231870729,346318.445777398,346318.445785298,0.22567513899412006,0.009457076026592404,0.213906668999698,0.0022015940048731863
547,2,16,0.24392829299904406,0.0024678930058144033,346318.550762837,346318.792223237,346318.550864837,346318.560444013,346318.789891942,346318.789900042,0.24146039999322966,0.009579175966791809,0.22944792901398614,0.002323194989003241
548,0,16,0.23464501701528206,0.002479494025465101,346318.895003981,346319.127169504,346318.895107081,346318.904464358,346319.12470211,346319.12471451,0.23216552298981696,0.009357277012895793,0.22023775201523677,0.002454994013532996
549,0,16,0.225933437992353,0.0024910939973779023,346319.229941449,346319.453383793,346319.230075448,346319.239834424,346319.451138999,346319.451148599,0.2234423439949751,0.009758975997101516,0.21130457503022626,0.00223519402788952
550,0,16,0.22601923800539225,0.002456694026477635,346319.556201538,346319.779764082,346319.556303838,346319.566249113,346319.777394488,346319.777402688,0.22356254397891462,0.009945275029167533,0.21114537498215213,0.0023613939993083477
551,0,16,0.2268437360180542,0.002474393986631185,346319.882556727,346320.106926069,346319.882660627,346319.892158703,346320.104722375,346320.104730475,0.224369342031423,0.009498075989540666,0.21256367198657244,0.002195594017393887
552,2,16,0.24618958798237145,0.002426493971142918,346320.209655714,346320.453418808,346320.209758114,346320.21933729,346320.450885314,346320.450893414,0.24376309401122853,0.009579175966791809,0.23154802405042574,0.002525394025724381
553,0,16,0.23585641395766288,0.002524993964470923,346320.556205853,346320.789537273,346320.556309752,346320.566931026,346320.787340278,346320.787348978,0.23333141999319196,0.010621274006552994,0.22040925198234618,0.002188295009545982
554,0,16,0.22616943798493594,0.0024549939553253353,346320.892374417,346321.116088861,346320.892476717,346320.902072393,346321.113840767,346321.113848967,0.2237144440296106,0.009595675976015627,0.21176837402163073,0.002239894005469978
555,1,16,0.2558371640043333,0.0024482940207235515,346321.218818806,346321.472207676,346321.218921706,346321.228905481,346321.469627182,346321.469635682,0.25338886998360977,0.009983774973079562,0.24072170100407675,0.002571993973106146
556,0,16,0.23633331200107932,0.0024589939857833087,346321.574925821,346321.808800139,346321.575029721,346321.584749296,346321.805964647,346321.805972546,0.233874318015296,0.009719574998598546,0.221215350960847,0.0028275930089876056
557,0,16,0.22731173399370164,0.0024727940326556563,346321.911518783,346322.136357723,346321.911619383,346321.921247759,346322.133929329,346322.133937629,0.22483893996104598,0.009628375992178917,0.21268156997393817,0.002420093980617821
558,0,16,0.22482023999327794,0.00255519401980564,346322.239161667,346322.461426713,346322.239263567,346322.249137542,346322.459065719,346322.459074219,0.2222650459734723,0.009873974951915443,0.20992817700607702,0.0023524939897470176
559,0,16,0.2295658279908821,0.002421193988993764,346322.564157357,346322.791301991,346322.564257757,346322.574631831,346322.789156196,346322.789165796,0.22714463400188833,0.010374074045103043,0.21452436497202143,0.002136194962076843
560,0,16,0.22901722905226052,0.0025101940846070647,346322.894123835,346323.12063087,346322.894225334,346322.90388221,346323.118014877,346323.118023377,0.22650703496765345,0.009656876034568995,0.21413266699528322,0.0026074929628521204
561,3,16,0.2559971620212309,0.002531194011680782,346323.223475414,346323.476941382,346323.223578714,346323.234154287,346323.474651488,346323.474659688,0.2534659680095501,0.010575573018286377,0.24049720098264515,0.0022816939745098352
562,0,16,0.2281955310027115,0.002406093990430236,346323.579727726,346323.805517163,346323.579829726,346323.589914801,346323.803414069,346323.803423569,0.22578943701228127,0.010085074987728149,0.2134992679930292,0.002093593997415155
563,0,16,0.22772523300955072,0.0024524939944967628,346323.908246707,346324.133519446,346323.908350907,346323.918262482,346324.131415151,346324.131423751,0.22527273901505396,0.00991157500538975,0.21315266902092844,0.0020956950029358268
564,3,16,0.2809599000029266,0.0024730939767323434,346324.23626139,346324.514748196,346324.23636379,346324.246704464,346324.512336302,346324.512344402,0.27848680602619424,0.010340674023609608,0.26563183800317347,0.002403793972916901
565,0,16,0.2288190299877897,0.0025109939742833376,346324.61759354,346324.843901576,346324.61769724,346324.628589212,346324.841738781,346324.841747081,0.22630803601350635,0.010891971993260086,0.2131495689973235,0.0021544949850067496
566,0,16,0.2295584279927425,0.0024405939620919526,346324.94662262,346325.173740454,346324.94672492,346324.956469695,346325.171654559,346325.171662959,0.22711783403065056,0.009744775015860796,0.21518486394779757,0.00207749503897503
567,0,16,0.2272052330081351,0.0025087930262088776,346325.276601198,346325.501297638,346325.276700597,346325.286426173,346325.499184243,346325.499192643,0.22469643998192623,0.00972557597560808,0.2127580699743703,0.002104995015542954
568,0,16,0.2615300479810685,0.0024393940111622214,346325.603995182,346325.863085836,346325.604095782,346325.614155156,346325.860672242,346325.860681042,0.25909065396990627,0.010059374035336077,0.24651708599412814,0.0024047939805313945
569,0,16,0.22949972801143304,0.002467394049745053,346325.96585158,346326.192883914,346325.96598168,346325.975927255,346326.19077302,346326.19078192,0.22703233396168798,0.00994557497324422,0.21484576497459784,0.0021019940031692386
570,0,16,0.2314008239773102,0.0024429939803667367,346326.295612858,346326.524570688,346326.295716358,346326.306051832,346326.522429893,346326.522438593,0.22895782999694347,0.010335473984014243,0.2163780610426329,0.002132095047272742
571,0,16,0.23131022398592904,0.0024195939768105745,346326.627221532,346326.856112162,346326.627324832,346326.637329407,346326.854041967,346326.854050067,0.22889063000911847,0.010004574956838042,0.21671256003901362,0.002062094979919493
572,0,16,0.2321506209555082,0.002515893953386694,346326.958943906,346327.188578633,346326.959074305,346326.968818081,346327.186377339,346327.186386539,0.2296347270021215,0.009743775997776538,0.21755925798788667,0.0021920939907431602
573,0,16,0.234444716013968,0.002520894049666822,346327.291418377,346327.523342199,346327.291522577,346327.301647652,346327.520533406,346327.520541906,0.23192382196430117,0.010125075001269579,0.21888575400225818,0.0028002929757349193
574,1,16,0.23980940302135423,0.0024938940186984837,346327.626085243,346327.863400752,346327.626188743,346327.636213318,346327.861250157,346327.861258357,0.23731550900265574,0.010024574992712587,0.22503683902323246,0.0021423950092867017
575,0,16,0.22915882896631956,0.0024893939844332635,346327.966243696,346328.192913131,346327.966346196,346327.976305671,346328.190787936,346328.190796036,0.2266694349818863,0.009959474962670356,0.21448226500069723,0.002117094991263002
576,0,16,0.25546216301154345,0.002481193048879504,346328.295719975,346328.548700945,346328.295822375,346328.306257849,346328.54640385,346328.54641215,0.25298096996266395,0.010435473988763988,0.24014600104419515,0.002288794959895313
577,0,16,0.22854173101950437,0.0025360939907841384,346328.651530188,346328.877535825,346328.651630688,346328.661447364,346328.875369831,346328.875378431,0.22600563702872023,0.009816676029004157,0.21392246696632355,0.002157394017558545
578,0,16,0.23015582701191306,0.0025041939807124436,346328.980409069,346329.208060702,346328.980509869,346328.993860136,346329.205937007,346329.205945007,0.22765163303120062,0.013350267021451145,0.21207687095738947,0.0021156950388103724
579,0,16,0.22807133197784424,0.0025227940059266984,346329.310747446,346329.536295984,346329.310850946,346329.320653721,346329.53411099,346329.53411949,0.22554853797191754,0.009802774991840124,0.2134572690119967,0.0021764939883723855
580,0,16,0.25590616394765675,0.002412393980193883,346329.639059728,346329.892553498,346329.639161728,346329.649953701,346329.890194804,346329.890224704,0.25349376996746287,0.010791973036248237,0.24024110299069434,0.0023287939839065075
581,0,16,0.2575086620054208,0.0025657929945737123,346329.995356343,346330.250299212,346329.995460143,346330.005328619,346330.248006618,346330.248014818,0.25494286901084706,0.009868475957773626,0.24267799902008846,0.0022843939950689673
582,1,16,0.2421254000510089,0.002444894053041935,346330.353032258,346330.592712764,346330.353133758,346330.363262333,346330.59046047,346330.59046897,0.23968050599796697,0.010128574969712645,0.22719813702860847,0.002243793976958841
583,0,16,0.22805563500151038,0.0024162940098904073,346330.69548091,346330.921120251,346330.69559551,346330.705568785,346330.918972657,346330.918980357,0.22563934099161997,0.009973275009542704,0.21340387198142707,0.0021398940007202327
584,0,16,0.22909523296402767,0.0024416939704678953,346331.023772597,346331.250426136,346331.023875297,346331.033928772,346331.248259241,346331.248267541,0.22665353899355978,0.010053475038148463,0.2143304689670913,0.0021585950162261724
585,0,16,0.2577639620285481,0.0024749950389377773,346331.353219082,346331.608508049,346331.353320881,346331.363440056,346331.606230655,346331.606239255,0.25528896698961034,0.010119174956344068,0.2427905990043655,0.0022687939926981926
586,0,16,0.25751846202183515,0.0025193930487148464,346331.711351295,346331.966350364,346331.711465795,346331.722336268,346331.964097269,346331.964106269,0.2549990689731203,0.010870472993701696,0.24176100100157782,0.0022440949687734246
587,4,16,0.28431259596254677,0.002526892989408225,346332.069094909,346332.350880612,346332.069198409,346332.080070782,346332.348335618,346332.348344018,0.28178570297313854,0.010872373008169234,0.268264835991431,0.002536593994591385
588,0,16,0.22859323397278786,0.002461993950419128,346332.453790257,346332.679921497,346332.453892257,346332.464048831,346332.677810102,346332.677818702,0.22613124002236873,0.010156574018765241,0.2137612709775567,0.002102794998791069
589,0,16,0.22931913199136034,0.002603792992886156,346332.782707742,346333.009423081,346332.782816642,346332.793825115,346333.007084587,346333.007093187,0.22671533899847418,0.011008472996763885,0.2132594719878398,0.00232989399228245
590,0,16,0.22557434195186943,0.0024299949291162193,346333.112198927,346333.335343274,346333.112300827,346333.122234402,346333.33309298,346333.33310148,0.2231443470227532,0.009933574998285621,0.21085857803700492,0.0022417940199375153
591,0,16,0.2291373320040293,0.0024598930031061172,346333.43813402,346333.664811459,346333.43823792,346333.449025793,346333.662689164,346333.662697464,0.2266774390009232,0.010787873005028814,0.2136633709887974,0.0021139950258657336
592,0,16,0.22960543201770633,0.002470294071827084,346333.767598704,346333.994733842,346333.767701504,346333.779044876,346333.992606247,346333.992614347,0.22713513794587925,0.011343371996190399,0.21356137102702633,0.0021194949513301253
593,0,16,0.22598764102440327,0.002451795036904514,346334.097523988,346334.321059834,346334.097627587,346334.10867316,346334.318943939,346334.318952339,0.22353584598749876,0.011045573046430945,0.21027077897451818,0.0021074949763715267
594,0,16,0.22458104399265721,0.0024910939973779023,346334.42385518,346334.64594513,346334.423960479,346334.434125654,346334.643677836,346334.643685935,0.2220899499952793,0.010165175015572459,0.20955218200106174,0.0022591949673369527
595,0,16,0.22763943701284006,0.002498693997040391,346334.748735175,346334.973875918,346334.748837875,346334.75894705,346334.971799323,346334.971807623,0.22514074301579967,0.010109174996614456,0.21285227296175435,0.002068295027129352
596,2,16,0.2561683660023846,0.0023840939975343645,346335.076604364,346335.330388636,346335.076706864,346335.087291937,346335.328113841,346335.328122541,0.2537842720048502,0.010585072974208742,0.24082190403714776,0.002266094961669296
597,0,16,0.23735731199849397,0.002458692993968725,346335.433188081,346335.6680867,346335.433290981,346335.443946654,346335.665844405,346335.665852505,0.23489861900452524,0.010655672987923026,0.2218977510347031,0.002234195009805262
598,0,16,0.22574464103672653,0.0025045929942280054,346335.770874745,346335.994114793,346335.770978745,346335.78109572,346335.992037398,346335.992045598,0.22324004804249853,0.010116974997799844,0.21094167797127739,0.002069195033982396
599,0,16,0.2278712359839119,0.0024848940083757043,346336.096912938,346336.32229928,346336.097014538,346336.107662712,346336.320187186,346336.320195285,0.2253863419755362,0.010648173978552222,0.21252447401639074,0.0021039949497208
600,0,16,0.2364772140281275,0.0024542930186726153,346336.425067426,346336.659090347,346336.425169626,346336.435143701,346336.656913452,346336.656921652,0.23402292100945488,0.009974074957426637,0.2217697510495782,0.0021686950349248946
601,3,16,0.27951080800266936,0.0024481930304318666,346336.761757392,346337.038820007,346336.761860992,346336.773466564,346337.036407013,346337.036415513,0.2770626149722375,0.01160557201365009,0.26294044899987057,0.0024044939782470465
602,0,16,0.23029262997442856,0.002459993993397802,346337.141584952,346337.369417588,346337.141688152,346337.152591725,346337.367306394,346337.367314994,0.22783263598103076,0.010903573012910783,0.2147146689821966,0.0021025940077379346
603,0,16,0.23084642802132294,0.002445593010634184,346337.472234134,346337.700634969,346337.472337534,346337.483287207,346337.698496674,346337.698505074,0.22840083501068875,0.010949673014692962,0.2152094669872895,0.0021298949723131955
604,0,16,0.22528903896454722,0.0025199929950758815,346337.803439714,346338.02620876,346337.803542514,346337.814650386,346338.024067865,346338.024077065,0.22276904596947134,0.011107872007414699,0.209417478996329,0.0021316949860192835
605,0,16,0.22759853297611699,0.002423693018499762,346338.128867704,346338.354042544,346338.128970004,346338.139932577,346338.351727849,346338.351736249,0.22517483995761722,0.010962572996504605,0.2117952720145695,0.002306294976733625
606,0,16,0.24602818698622286,0.002430792956147343,346338.456731588,346338.700328982,346338.456850788,346338.468267759,346338.698061887,346338.698069887,0.24359739403007552,0.011416971043217927,0.2297941279830411,0.0022590950247831643
607,1,16,0.23903600499033928,0.0024538939469493926,346338.803091326,346339.039673437,346338.803192726,346338.814906296,346339.037192143,346339.037200443,0.2365821110433899,0.011713569983839989,0.22228584700496867,0.002472994034178555
608,0,16,0.2555709640146233,0.0025160940131172538,346339.142455581,346339.395510451,346339.142561281,346339.153528053,346339.393145757,346339.393154157,0.25305487000150606,0.010966772038955241,0.2396177040063776,0.0023562940186820924
609,0,16,0.22701623500324786,0.002467893995344639,346339.498262495,346339.722810836,346339.498363195,346339.509292268,346339.720526342,346339.720534842,0.22454834100790322,0.010929073032457381,0.21123407396953553,0.002275993989314884
610,2,16,0.2957997639896348,0.0024226949899457395,346339.825591381,346340.11896845,346339.82569418,346339.836034555,346340.116174457,346340.116182357,0.2933770689996891,0.010340375010855496,0.2801399020245299,0.0027860929840244353
611,0,16,0.24584128794958815,0.0024951929226517677,346340.221789594,346340.465135689,346340.221891494,346340.232700167,346340.462756795,346340.462765595,0.24334609502693638,0.010808672988787293,0.23005662800278515,0.002370094007346779
612,1,16,0.23688931099604815,0.002440595009829849,346340.567960233,346340.802408949,346340.568064532,346340.579059205,346340.799997855,346340.800015955,0.2344487159862183,0.010994673008099198,0.22093864995986223,0.0023929940070956945
613,0,16,0.22835343197220936,0.0024532939423806965,346340.905191293,346341.131091431,346340.905293193,346340.915574267,346341.128677237,346341.128685937,0.22590013802982867,0.01028107397723943,0.21310297003947198,0.0024054940440692008
614,0,16,0.22969302802812308,0.0024676930042915046,346341.233894875,346341.46112021,346341.233998075,346341.245702446,346341.458599416,346341.458607716,0.22722533502383158,0.011704370961524546,0.2128969700424932,0.0025124939857050776
615,0,16,0.23186012299265712,0.002422393998131156,346341.563843954,346341.793281683,346341.563947554,346341.575767324,346341.790867189,346341.790875689,0.22943772899452597,0.011819770035799593,0.2150998649885878,0.0024059939896687865
616,0,16,0.23727920901728794,0.002473092987202108,346341.896049827,346342.130855943,346341.896154427,346341.907280699,346342.128470649,346342.128478849,0.23480611603008583,0.011126271972898394,0.22118995001073927,0.002377094002440572
617,3,16,0.2560500630061142,0.002453394001349807,346342.233553087,346342.487149756,346342.233659087,346342.244842159,346342.484744662,346342.484753262,0.2535966690047644,0.011183071997947991,0.23990250303177163,0.0023964939755387604
618,0,16,0.2586062560440041,0.002503893047105521,346342.58992,346342.846022363,346342.5900374,346342.601031072,346342.843594569,346342.843608269,0.2561023629968986,0.010993671952746809,0.24256349704228342,0.002414093993138522
619,0,16,0.4366386129986495,0.0024363939883187413,346342.948805607,346343.383007826,346342.948907707,346343.157777187,346343.380497232,346343.380505232,0.43420221901033074,0.20886948000406846,0.22272004501428455,0.002502593968529254
620,0,16,0.23046852700645104,0.0024716940242797136,346343.48579697,346343.713793803,346343.48590147,346343.496910243,346343.711520009,346343.711528209,0.22799683298217133,0.011008772999048233,0.21460976597154513,0.0022655940265394747
621,0,16,0.22641743603162467,0.002412493049632758,346343.816555147,346344.04056009,346343.816657447,346343.82760322,346344.038231795,346344.038240195,0.22400494298199192,0.010945772984996438,0.2106285750051029,0.002319894963875413
622,0,16,0.22711943503236398,0.0024527940549887717,346344.143294234,346344.367960875,346344.143399134,346344.154469006,346344.365532181,346344.365540181,0.2246666409773752,0.011069872009102255,0.21106317499652505,0.0024206939851865172
623,3,16,0.2547215659869835,0.0024762940010987222,346344.470713619,346344.722958891,346344.470814419,346344.481719292,346344.720372898,346344.720381098,0.25224527198588476,0.010904873022809625,0.2386536059784703,0.002577793027739972
624,0,16,0.22657143598189577,0.0025358939892612398,346344.825756836,346345.049792378,346344.825858235,346344.836839608,346345.047650683,346345.047658883,0.22403554199263453,0.010981372965034097,0.21081107499776408,0.0021334949997253716
625,0,16,0.22803113202098757,0.0024353930493816733,346345.152649322,346345.378245061,346345.152749922,346345.163766194,346345.375685867,346345.375694367,0.2255957389716059,0.011016272008419037,0.21191967296181247,0.00255069398554042
626,0,16,0.23058322601718828,0.0025280940462835133,346345.481067205,346345.709122337,346345.481171004,346345.492357477,346345.706706543,346345.706714643,0.22805513197090477,0.011186473013367504,0.21434906596550718,0.0024076940026134253
627,1,16,0.23598301300080493,0.002412394038401544,346345.811774982,346346.045345601,346345.811877181,346345.822747554,346346.043151807,346346.043160607,0.2335706189624034,0.010870372992940247,0.2204042529920116,0.0021849939948879182
628,3,16,0.2537343689473346,0.0024867939646355808,346346.148072346,346346.399319921,346346.148170246,346346.159210718,346346.396835827,346346.396844527,0.251247574982699,0.011040472018066794,0.2376251089735888,0.002475393994245678
629,1,16,0.23697301099309698,0.0024405939620919526,346346.502184066,346346.736716483,346346.502287365,346346.513072839,346346.734264289,346346.734272689,0.23453241703100502,0.010785474034491926,0.221191450022161,0.0024437940446659923
630,0,16,0.2691323310136795,0.0024538940051570535,346346.839461427,346347.106139864,346346.839565927,346346.8503247,346347.103587071,346347.103595471,0.26667843700852245,0.0107587730162777,0.2532623709994368,0.002544393006246537
631,2,16,0.24739158496959135,0.002448693965561688,346347.208847609,346347.4537905,346347.208948309,346347.219537583,346347.451349706,346347.451358306,0.24494289100402966,0.01058927399571985,0.2318121229764074,0.00243219401454553
632,1,16,0.23427801695652306,0.0024481929722242057,346347.556548945,346347.788378769,346347.556653045,346347.567995816,346347.786147274,346347.786155474,0.23182982398429886,0.011342771002091467,0.21815145801519975,0.0022232949850149453
633,0,16,0.23894320602994412,0.0027232930297032,346347.891284913,346348.127504826,346347.891395713,346347.902609885,346348.124833232,346348.124869132,0.23621991300024092,0.01121417194372043,0.22222334705293179,0.0026356939924880862
634,0,16,0.2380797079531476,0.002494493965059519,346348.23043367,346348.466018884,346348.23053397,346348.241548342,346348.46378919,346348.46379759,0.23558521398808807,0.0110143719939515,0.22224084800109267,0.002221293980255723
635,0,16,0.22838753199903294,0.0024968929938040674,346348.568808129,346348.794698768,346348.568912329,346348.579912201,346348.792369673,346348.792378173,0.22589063900522888,0.010999871999956667,0.21245747205102816,0.002320595027413219
636,0,16,0.22906923101982102,0.0024657940375618637,346348.897531712,346349.124135149,346348.897634912,346348.908763984,346349.121890554,346349.121898654,0.22660343698225915,0.011129071994218975,0.21312656998634338,0.002236495027318597
637,0,16,0.24699778598733246,0.002422994002699852,346349.226838294,346349.471413086,346349.226939693,346349.237502967,346349.469196991,346349.469205891,0.2445747919846326,0.010563274030573666,0.23169402399798855,0.002207194978836924
638,0,16,0.22876853204797953,0.0025067940587177873,346349.57423043,346349.800492168,346349.57433483,346349.585174203,346349.798370273,346349.798378473,0.22626173798926175,0.010839372989721596,0.21319607004988939,0.0021136950235813856
639,1,16,0.23676201200578362,0.0024492949596606195,346349.903222413,346350.13753513,346349.903325812,346349.914208185,346350.135361136,346350.135369336,0.234312717046123,0.010882372967898846,0.22115295100957155,0.0021657940233126283
640,0,16,0.22698313498403877,0.0024764929548837245,346350.240368475,346350.464875117,346350.240468674,346350.251287547,346350.462596722,346350.462604922,0.22450664202915505,0.010818873008247465,0.21130917500704527,0.002270194992888719
641,1,16,0.23827390803489834,0.002431594068184495,346350.567624561,346350.803466875,346350.567724561,346350.578858433,346350.801276381,346350.801284881,0.23584231396671385,0.011133871972560883,0.22241794801084325,0.002181993972044438
642,0,16,0.22946122899884358,0.0025371930096298456,346350.90623882,346351.133162856,346350.90634382,346350.916745694,346351.131019961,346351.131028261,0.22692403598921373,0.010401874023955315,0.21427426696754992,0.0021345950081013143
643,0,16,0.23136372497538105,0.0024101939634419978,346351.2359555,346351.464909031,346351.2360546,346351.247142873,346351.462522137,346351.462530437,0.22895353101193905,0.011088273022323847,0.21537926397286355,0.002378594013862312
644,0,16,0.2566856620251201,0.00242629402782768,346351.567638876,346351.821898244,346351.567740276,346351.579246747,346351.81951705,346351.81952535,0.25425936799729243,0.011506471026223153,0.2402703029802069,0.0023728939704596996
645,3,16,0.2973720610025339,0.0025898939929902554,346351.924754089,346352.219536256,346351.924856588,346351.937008758,346352.217106362,346352.217114762,0.2947821670095436,0.012152170005720109,0.2800976039725356,0.002421493991278112
646,3,16,0.2620488490210846,0.0024536940618418157,346352.322320501,346352.581915656,346352.3224221,346352.333177074,346352.579629961,346352.579639361,0.2595951549592428,0.010754973976872861,0.24645288701867685,0.0022762949811294675
647,0,16,0.23112062603468075,0.002463194075971842,346352.6846522,346352.913309632,346352.6847548,346352.695327074,346352.911237937,346352.911246337,0.2286574319587089,0.010572273982688785,0.2159108630148694,0.0020632949890568852
648,0,16,0.2294512300286442,0.002464993973262608,346353.015994777,346353.242981013,346353.016098077,346353.02694505,346353.240779518,346353.240788718,0.2269862360553816,0.010846972989384085,0.2138344679842703,0.0021922950400039554
649,1,16,0.26572114002192393,0.002441594027914107,346353.345795457,346353.609075003,346353.345899157,346353.35663203,346353.606761709,346353.606770109,0.2632795459940098,0.010732872993685305,0.25012967898510396,0.0023048940347507596
650,2,16,0.2647200400242582,0.00247509399196133,346353.711881948,346353.974126894,346353.711984147,346353.722509421,346353.9717437,346353.9717518,0.26224494603229687,0.010525273974053562,0.24923427897738293,0.002375094045419246
651,1,16,0.23934430204099044,0.002468294056598097,346354.076885437,346354.313761445,346354.076989037,346354.088422809,346354.311368051,346354.311377151,0.23687600798439234,0.01143377204425633,0.22294524195604026,0.002384293999057263
652,0,16,0.2286312280339189,0.002453794062603265,346354.416571989,346354.642749423,346354.416675988,346354.427576161,346354.640703629,346354.640711629,0.22617743397131562,0.010900172987021506,0.21312746801413596,0.0020377939799800515
653,0,16,0.23725300695514306,0.0024156940053217113,346354.745455767,346354.98029308,346354.745556467,346354.756485339,346354.978112586,346354.978121186,0.23483731294982135,0.010928872041404247,0.22162724699592218,0.002171893953345716
654,0,16,0.22861562902107835,0.0024893939844332635,346355.083078123,346355.309204358,346355.083182123,346355.093883396,346355.307113164,346355.307121464,0.22612623503664508,0.010701272985897958,0.21322976797819138,0.002082894032355398
655,4,16,0.2627528429729864,0.0024538939469493926,346355.411917202,346355.672216151,346355.412017801,346355.422787975,346355.669883557,346355.669892057,0.260298949026037,0.010770173976197839,0.24709558201720938,0.0023240940063260496
656,0,16,0.22923292801715434,0.0024066950427368283,346355.774969995,346356.001796228,346355.775069494,346355.785803868,346355.999617733,346355.999625833,0.2268262329744175,0.010734374052844942,0.21381386497523636,0.0021703949896618724
657,1,16,0.23818140500225127,0.0024817940429784358,346356.104583271,346356.340282882,346356.104686171,346356.115681843,346356.338112088,346356.338120088,0.23569961095927283,0.010995672026183456,0.22243024496128783,0.002162794000469148
658,0,16,0.22926552803255618,0.0024610950495116413,346356.443048626,346356.669853059,346356.443148525,346356.453994298,346356.667685364,346356.667693864,0.22680443298304453,0.010845772980246693,0.21369106601923704,0.0021591950207948685
659,0,16,0.2559221599949524,0.0024613929563201964,346356.772673402,346357.026134169,346356.772776602,346356.783700474,346357.023796975,346357.023804875,0.2534607670386322,0.01092387200333178,0.24009650095831603,0.002329294045921415
660,0,16,0.22766803100239486,0.0024438939872197807,346357.128866812,346357.354090949,346357.128969912,346357.140599983,346357.351957255,346357.351965355,0.22522413701517507,0.011630070977844298,0.21135727199725807,0.0021255940082482994
661,0,16,0.23871970298932865,0.0024511939845979214,346357.456869793,346357.693138302,346357.456972192,346357.468124865,346357.690871108,346357.690879208,0.23626850900473073,0.011152672988828272,0.22274624300189316,0.0022590940352529287
662,1,16,0.2566284580389038,0.0024395930231548846,346357.795876746,346358.050065611,346357.795979146,346357.806838818,346358.047727117,346358.047735817,0.2541888650157489,0.010859672038350254,0.24088829901302233,0.0023297940497286618
663,1,16,0.23900250304723158,0.0024550940142944455,346358.152845554,346358.389392963,346358.152947954,346358.164069326,346358.387161569,346358.387170369,0.23654740903293714,0.011121371993795037,0.22309224295895547,0.0022225940483622253
664,0,16,0.230076726002153,0.0024728939752094448,346358.492140406,346358.719744238,346358.492242506,346358.503853277,346358.717386844,346358.717395644,0.22760383202694356,0.011610771005507559,0.2135335669736378,0.0023485940182581544
665,0,16,0.22945192700717598,0.002449094026815146,346358.822453181,346359.049456014,346358.822555481,346358.833756653,346359.047322019,346359.047330119,0.22700283298036084,0.011201172019354999,0.2135653659934178,0.002125895000062883
666,0,16,0.23827650502789766,0.0024025950115174055,346359.152171958,346359.388045868,346359.152271957,346359.163500929,346359.385819174,346359.385827574,0.23587391001638025,0.011228971998207271,0.22231824498157948,0.002218294015619904
667,0,16,0.22770203195977956,0.002416294941212982,346359.490774412,346359.716060149,346359.490876711,346359.501786284,346359.713870854,346359.713882354,0.22528573701856658,0.010909573000390083,0.21208457002649084,0.0021777950460091233
668,0,16,0.23006762500153854,0.002409492968581617,346359.818784692,346360.046442824,346359.818884992,346359.830517963,346360.044298029,346360.044306629,0.22765813203295693,0.011632970999926329,0.21378006599843502,0.0021361950202845037
669,4,16,0.30551963701145723,0.0024810939794406295,346360.149163667,346360.45220221,346360.149268167,346360.160717738,346360.449289317,346360.449297717,0.3030385430320166,0.011449571000412107,0.2885715790325776,0.0029044930124655366
670,0,16,0.2307576239691116,0.0024192939163185656,346360.554971153,346360.783309483,346360.555073653,346360.566686924,346360.781038689,346360.781047189,0.22833833005279303,0.011613271024543792,0.21435176499653608,0.0022622940014116466
671,0,16,0.22733593196608126,0.0024106939672492445,346360.886058926,346361.110984164,346360.886161926,346360.897790597,346361.10861397,346361.10862227,0.22492523799883202,0.011628670967184007,0.21082337299594656,0.0023618940031155944
672,0,16,0.23739040701184422,0.002385994012001902,346361.213665008,346361.448669421,346361.213765008,346361.224409481,346361.446535926,346361.446544126,0.23500441299984232,0.010644472960848361,0.22212644503451884,0.002125294995494187
673,0,16,0.24664778402075171,0.002557294035796076,346361.551476764,346361.795567254,346361.551579964,346361.563351834,346361.79315156,346361.79316026,0.24409048998495564,0.011771870020311326,0.22979972598841414,0.00240699399728328
674,0,16,0.23201272101141512,0.0024859950062818825,346361.898403198,346362.127929924,346361.898505197,346361.909665669,346362.12550713,346362.12551563,0.22952672600513324,0.011160472000483423,0.21584146097302437,0.0024142939946614206
675,0,16,0.23252402001526207,0.002446195052471012,346362.230639868,346362.460717693,346362.230741767,346362.242181039,346362.458561298,346362.458569498,0.23007782496279106,0.011439272027928382,0.216380258963909,0.0021481949952431023
676,0,16,0.23132892197463661,0.0025210939929820597,346362.563508736,346362.792316564,346362.563612836,346362.575413106,346362.79017117,346362.79018037,0.22880782798165455,0.011800270003732294,0.21475806401576847,0.002136194030754268
677,0,16,0.23149492201628163,0.0024410950136370957,346362.895109708,346363.124163535,346362.895211707,346362.906593479,346363.121589442,346363.121597642,0.22905382700264454,0.01138177199754864,0.21499596303328872,0.0025658929953351617
678,1,16,0.24399379000533372,0.002551993995439261,346363.226975479,346363.468417275,346363.227081178,346363.23837165,346363.466199281,346363.466208181,0.24144179600989446,0.011290472000837326,0.22782763099530712,0.0022090940037742257
679,0,16,0.2620227449806407,0.002522894006688148,346363.571259219,346363.83075907,346363.571362518,346363.583054489,346363.828456876,346363.828465576,0.25949985097395256,0.01169197098352015,0.2454023869941011,0.002293494006153196
680,0,16,0.22975122701609507,0.002469295053742826,346363.933585514,346364.160867446,346363.933688213,346363.945017685,346364.158545252,346364.158553252,0.22728193196235225,0.011329472006764263,0.2135275669861585,0.002314193989150226
681,0,16,0.22883472801186144,0.0024291930021718144,346364.263592489,346364.489998024,346364.263713189,346364.27538146,346364.487865329,346364.487873529,0.22640553500968963,0.01166827097767964,0.21248386905062944,0.002124494989402592
682,1,16,0.2439270910108462,0.0024156940053217113,346364.592731067,346364.834242464,346364.592835467,346364.604660837,346364.832022569,346364.832030469,0.2415113970055245,0.011825369962025434,0.22736173204611987,0.002211994957178831
683,0,16,0.23007482499815524,0.0024624930229038,346364.937015007,346365.164627339,346364.937118407,346364.948833478,346365.162452144,346365.162460944,0.22761233197525144,0.011715070984791964,0.21361866605002433,0.00216639501741156
684,0,16,0.228928528027609,0.0024627940147183836,346365.267455482,346365.493921216,346365.267558481,346365.278904953,346365.491738821,346365.491747321,0.2264657340128906,0.011346471961587667,0.21283386799041182,0.002173895016312599
685,6,16,0.2786031040013768,0.0025139929493889213,346365.596725359,346365.87281447,346365.596829259,346365.608725729,346365.870385476,346365.870393776,0.27608911105198786,0.011896469979546964,0.2616597469896078,0.002420694043394178
686,0,16,0.2278870310401544,0.002510894031729549,346365.975609813,346366.20098595,346365.975712513,346365.987526283,346366.198641256,346366.198649456,0.22537613700842485,0.011813769990112633,0.2111149730044417,0.0023364939843304455
687,0,16,0.2303908240282908,0.002452193002682179,346366.303796693,346366.531735324,346366.303898293,346366.315345164,346366.529541429,346366.529549829,0.22793863102560863,0.011446870979852974,0.21419626503484324,0.0021854949882254004
688,0,16,0.23073412402300164,0.002474393986631185,346366.634477867,346366.862737597,346366.634582567,346366.646309238,346366.860300003,346366.860308003,0.22825973003637046,0.011726670956704766,0.2139907650416717,0.0024295940529555082
689,1,16,0.24854227900505066,0.002458592993207276,346366.96552764,346367.211611326,346366.96563164,346366.97755531,346367.209238232,346367.209246832,0.24608368601184338,0.011923670012038201,0.23168292199261487,0.002364494022913277
690,6,16,0.3132160169770941,0.002504792995750904,346367.314444269,346367.625155493,346367.314547369,346367.326293739,346367.622435,346367.6224432,0.3107112239813432,0.011746370000764728,0.29614126100204885,0.0027122930041514337
691,0,16,0.22972722601843998,0.002376894000917673,346367.727856236,346367.955206568,346367.727958836,346367.738929409,346367.953026574,346367.953035274,0.2273503320175223,0.01097057299921289,0.21409716497873887,0.002171294006984681
692,0,16,0.23023312498116866,0.0024588939850218594,346368.057913612,346368.285687843,346368.058017012,346368.07053898,346368.283452449,346368.283460649,0.2277742309961468,0.012521967990323901,0.21291346900397912,0.002227193966973573
693,0,16,0.2288981289602816,0.0024617939488962293,346368.388463886,346368.614900221,346368.388567286,346368.400027257,346368.612749526,346368.612757826,0.22643633501138538,0.011459970963187516,0.2127222690032795,0.0021423950092867017
694,0,16,0.22782273101620376,0.0024201939813792706,346368.717659464,346368.943062001,346368.717765064,346368.729677934,346368.940844007,346368.940852207,0.2254025370348245,0.011912870046216995,0.2111660729860887,0.002209794009104371
695,3,16,0.251267773041036,0.002471995074301958,346369.045830345,346369.294626123,346369.045932044,346369.057304716,346369.29198763,346369.29199593,0.24879577796673402,0.011372672044672072,0.2346829139860347,0.002630192961078137
696,3,16,0.2584769549430348,0.002465893921907991,346369.397426566,346369.653437627,346369.397527366,346369.410214635,346369.650928933,346369.650937033,0.2560110610211268,0.012687269016169012,0.2407142979791388,0.0025005940115079284
697,0,16,0.2267495350097306,0.0023967940360307693,346369.756154871,346369.980507612,346369.75625627,346369.767569342,346369.978311317,346369.978319517,0.22435274097369984,0.011313071998301893,0.21074197499547154,0.002188095008023083
698,0,16,0.22782193403691053,0.0023873940226621926,346370.083221756,346370.308656296,346370.083323056,346370.094809928,346370.306453501,346370.306462001,0.22543454001424834,0.01148687198292464,0.2116435730131343,0.002194294997025281
699,0,16,0.23095342598389834,0.0024994940031319857,346370.41141354,346370.639867472,346370.41151634,346370.42364411,346370.637415978,346370.637423978,0.22845393198076636,0.012127769994549453,0.21377186803147197,0.0024434939841739833
700,3,16,0.2558713639737107,0.002490693994332105,346370.742655217,346370.996035887,346370.742760717,346370.753865689,346370.993656693,346370.993665693,0.2533806699793786,0.011104971985332668,0.23979100404540077,0.0023701940081082284
701,4,16,0.2665053380187601,0.002473294036462903,346371.098854831,346371.362886875,346371.098958831,346371.111110501,346371.360526681,346371.360534981,0.2640320439822972,0.012151670001912862,0.2494161800132133,0.0023518939851783216
702,0,16,0.24618918797932565,0.00249279395211488,346371.465685719,346371.709382113,346371.465790919,346371.477680589,346371.707068719,346371.707077219,0.24369639402721077,0.01188966998597607,0.22938813001383096,0.0023048940347507596
703,0,16,0.23058302700519562,0.0025088940165005624,346371.812152258,346372.040226391,346371.812254958,346371.823640729,346372.037896997,346372.037905397,0.22807413298869506,0.011385771038476378,0.21425626799464226,0.00232099398272112
704,0,16,0.23238722200039774,0.002486993034835905,346372.143099435,346372.372999664,346372.143204635,346372.155551404,346372.370742669,346372.370751069,0.22990022896556184,0.0123467689845711,0.21519126498606056,0.002248595003038645
705,3,16,0.2554206650238484,0.002441294025629759,346372.475722008,346372.728701379,346372.475823008,346372.487393079,346372.726298985,346372.726307385,0.25297937099821866,0.011570070986635983,0.23890590603696182,0.002393993956502527
706,1,16,0.23843540699454024,0.002465993049554527,346372.831402924,346373.067372338,346372.831505424,346372.843115995,346373.064855444,346373.064864044,0.23596941394498572,0.01161057100398466,0.22173944901442155,0.0025082939537242055
707,0,16,0.23007032799068838,0.002653593954164535,346373.170220982,346373.397637716,346373.170324782,346373.181541054,346373.395427722,346373.395435922,0.22741673403652385,0.011216271959710866,0.2138866680325009,0.002201794006396085
708,2,16,0.2749396160361357,0.002618593047372997,346373.500580761,346373.772901784,346373.50068386,346373.51278923,346373.770092791,346373.770102791,0.2723210229887627,0.012105369998607785,0.2573035610257648,0.002798992965836078
709,0,16,0.2804259029799141,0.0025117939803749323,346373.875832228,346374.153746337,346373.875934328,346373.887850198,346374.151204843,346374.151213243,0.27791410899953917,0.011915870010852814,0.26335464499425143,0.0025330939679406583
710,3,16,0.27018772898009047,0.0024576939758844674,346374.256510681,346374.524240716,346374.256611381,346374.268573751,346374.521248623,346374.521257123,0.267730035004206,0.011962369957473129,0.2526748719974421,0.002983593032695353
711,0,16,0.22964362904895097,0.00244479306275025,346374.62700136,346374.854200196,346374.62710106,346374.63908003,346374.852038201,346374.852046801,0.22719883598620072,0.011978970025666058,0.21295817097416148,0.002153394976630807
712,0,16,0.23078992596128955,0.0024584929342381656,346374.95693094,346375.185262373,346374.95703324,346374.96930091,346375.183098578,346375.183106878,0.2283314330270514,0.01226767001207918,0.21379766799509525,0.002155494992621243
713,0,16,0.22955543000716716,0.0024757940554991364,346375.288011717,346375.515091353,346375.288115417,346375.299428489,346375.512948558,346375.512956858,0.22707963595166802,0.011313071998301893,0.21352006902452558,0.002134495007339865
714,0,16,0.22949572996003553,0.002421594981569797,346375.617813798,346375.844887933,346375.617916697,346375.629415569,346375.842686239,346375.842694639,0.22707413497846574,0.0114988720160909,0.21327066997764632,0.0021932939998805523
715,0,16,0.2450508910114877,0.0025333940284326673,346375.947639178,346376.190156675,346375.947743678,346375.959601048,346376.187852881,346376.187861981,0.24251749698305503,0.011857369972858578,0.22825183300301433,0.002294694015290588
716,0,16,0.23450111702550203,0.0025844930205494165,346376.293030619,346376.524947243,346376.293135519,346376.305233889,346376.52209025,346376.52209935,0.2319166240049526,0.012098370003513992,0.2168563609593548,0.0028478929889388382
717,0,16,0.2356701139942743,0.0026841929648071527,346376.627846887,346376.860832808,346376.627955987,346376.640683455,346376.857987415,346376.857996315,0.23298592102946714,0.012727467983495444,0.21730396000202745,0.0028364930185489357
718,3,16,0.2956605650251731,0.0026476930361241102,346376.963838252,346377.256851124,346376.963940352,346376.975887622,346377.254055531,346377.254063831,0.293012871989049,0.011947269958909601,0.2781679090112448,0.0027872929931618273
719,0,16,0.23005312803434208,0.0024184940266422927,346377.359621068,346377.587255702,346377.359723068,346377.371856938,346377.585095808,346377.585103808,0.2276346340076998,0.012133869982790202,0.21323887002654374,0.0021518939756788313
720,0,16,0.2309947260073386,0.0024671939900144935,346377.690063647,346377.918591179,346377.690166747,346377.701796718,346377.916329285,346377.916338785,0.22852753201732412,0.011629970977082849,0.21453256701352075,0.002252393984235823
721,0,16,0.23229912295937538,0.002501393959391862,346378.021351624,346378.251149353,346378.021455123,346378.032997595,346378.248910859,346378.248919059,0.22979772899998352,0.011542471998836845,0.2159132640226744,0.0022302939905785024
722,0,16,0.23938430496491492,0.0024733939208090305,346378.353895498,346378.590806409,346378.353996998,346378.365467369,346378.588293716,346378.588302216,0.2369109110441059,0.011470370984170586,0.22282634704606608,0.002504192991182208
723,0,16,0.22727123502409086,0.002445893012918532,346378.693614954,346378.918440296,346378.693715454,346378.706004123,346378.915905102,346378.915913602,0.22482534201117232,0.012288669007830322,0.20990097895264626,0.0025266940356232226
724,0,16,0.22880823200102895,0.002448194019962102,346379.02117824,346379.247538278,346379.02128274,346379.032702212,346379.245289084,346379.245297384,0.22636003798106685,0.011419471993576735,0.2125868719886057,0.0022408940130844712
725,5,16,0.2806490029906854,0.002507594006601721,346379.350347223,346379.628488632,346379.350452323,346379.362182294,346379.626052738,346379.626061138,0.2781414089840837,0.011729971040040255,0.26387044397415593,0.0024274939787574112
726,3,16,0.27527971600648016,0.0024768940056674182,346379.731250477,346380.004053299,346379.731354577,346379.742832648,346380.001620305,346380.001628805,0.27280282200081274,0.011478070984594524,0.2587876570178196,0.002424494014121592
727,0,16,0.2604060530429706,0.0024155930150300264,346380.106789044,346380.364779504,346380.106892344,346380.118469115,346380.362430509,346380.362439009,0.25799046002794057,0.011576770979445428,0.24396139400778338,0.0023404950043186545
728,0,16,0.2321714240242727,0.002511194034013897,346380.467510748,346380.697170978,346380.467611448,346380.479350619,346380.694937384,346380.694946184,0.2296602299902588,0.011739170993678272,0.21558676497079432,0.00222479400690645
729,0,16,0.22916902997530997,0.0024258929770439863,346380.799986923,346381.02673006,346380.800125722,346380.811847193,346381.024363366,346381.024372165,0.22674313699826598,0.011721470975317061,0.21251617302186787,0.0023578950203955173
730,0,16,0.2270842359866947,0.002446394006256014,346381.129517904,346381.354155746,346381.129621904,346381.141557674,346381.351807552,346381.351816052,0.22463784198043868,0.011935769987758249,0.21024987800046802,0.0023396940086968243
731,0,16,0.23964140500174835,0.0024629939580336213,346381.456931991,346381.694110402,346381.457035391,346381.469231261,346381.691465209,346381.691473409,0.23717841104371473,0.012195869989227504,0.22223394800676033,0.002636993012856692
732,1,16,0.2721737239626236,0.0026211929507553577,346381.796914747,346382.066467278,346381.797053047,346381.808894117,346382.063766284,346382.063774384,0.26955253101186827,0.011841070023365319,0.2548721669591032,0.0026928940205834806
733,1,16,0.23683631198946387,0.002539793960750103,346382.169486322,346382.40378284,346382.169586121,346382.181551292,346382.401318546,346382.401327846,0.23429651802871376,0.011965171026531607,0.21976725396234542,0.002454994013532996
734,0,16,0.23057602701010182,0.0024113940307870507,346382.506525485,346382.734690118,346382.506628084,346382.518409755,346382.732226324,346382.732235124,0.22816463297931477,0.011781671026255935,0.21381656895391643,0.002454994013532996
735,0,16,0.2313948250375688,0.0024668940459378064,346382.837459563,346383.066387494,346382.837561763,346382.849554233,346383.063836701,346383.063845301,0.228927930991631,0.011992470012046397,0.21428246796131134,0.0025421929894946516
736,0,16,0.2323604230186902,0.0024540930171497166,346383.169080539,346383.398986869,346383.169182239,346383.181150509,346383.396493575,346383.396501975,0.22990633000154048,0.01196827000239864,0.21534306602552533,0.0024848940083757043
737,0,16,0.22686163702746853,0.0024573940318077803,346383.501737413,346383.726141656,346383.501842213,346383.513783183,346383.723967562,346383.723975662,0.22440424299566075,0.011940970027353615,0.21018437901511788,0.002165993966627866
738,0,16,0.25766306003788486,0.0024033940280787647,346383.828798401,346384.084058067,346383.828900601,346383.840654872,346384.081275474,346384.081299874,0.2552596660098061,0.0117542709922418,0.2406206019804813,0.002758193004410714
739,4,16,0.2591922559658997,0.002545993949752301,346384.186997712,346384.443643974,346384.187112411,346384.198962382,346384.441010881,346384.441019081,0.2566462620161474,0.011849970964249223,0.24204849899979308,0.002624893037136644
740,0,16,0.2647686430136673,0.0024606940569356084,346384.546452019,346384.808759968,346384.546554719,346384.55836009,346384.806338974,346384.806348674,0.2623079489567317,0.011805371032096446,0.24797888397006318,0.0024112939718179405
741,0,16,0.22952573001384735,0.002456394024193287,346384.911528513,346385.138597849,346384.911630512,346384.923536483,346385.136363454,346385.136390554,0.22706933598965406,0.011905971041414887,0.21282697096467018,0.002207294979598373
742,4,16,0.2625193480052985,0.002631194016430527,346385.241420594,346385.501308748,346385.241525193,346385.253334564,346385.498726255,346385.498734455,0.259888153988868,0.011809371004346758,0.24539169104536995,0.002574293001089245
743,0,16,0.23197232402162626,0.002538594009820372,346385.604196293,346385.833630023,346385.604298792,346385.616518662,346385.83101083,346385.83102113,0.2294337300118059,0.012219869997352362,0.21449216798646376,0.002608892973512411
744,0,16,0.23028512799646705,0.0024355939822271466,346385.936482968,346386.164332502,346385.936585868,346385.949037537,346386.162087708,346386.162096108,0.2278495340142399,0.012451668968424201,0.2130501710344106,0.002236393978819251
745,0,16,0.23112842702539638,0.0024247950059361756,346386.266957448,346386.49566108,346386.267057947,346386.279023018,346386.493405586,346386.493413786,0.2287036320194602,0.011965071025770158,0.21438256796682253,0.002247294003609568
746,3,16,0.26561024104012176,0.0024369940510950983,346386.598408525,346386.861581772,346386.598513225,346386.610268296,346386.859156178,346386.859164478,0.26317324698902667,0.011755070998333395,0.2488878820440732,0.0024172939592972398
747,3,16,0.2606120529817417,0.0025230940082110465,346386.964401217,346387.222490176,346386.964505416,346386.976753786,346387.220103682,346387.220112282,0.2580889589735307,0.012248369981534779,0.2433498960454017,0.0023778939503245056
748,2,16,0.24925788096152246,0.002451492939144373,346387.325285821,346387.572092209,346387.325391121,346387.337534191,346387.569436515,346387.569445115,0.2468063880223781,0.012143070052843541,0.23190232395427302,0.0026470940210856497
749,3,16,0.2847188930027187,0.0024354939814656973,346387.674753654,346387.957037053,346387.674855953,346387.686615024,346387.95435676,346387.95436516,0.282283399021253,0.011759070970583707,0.26774173602461815,0.002671892987564206
750,0,16,0.234128819021862,0.0024260940263047814,346388.059754198,346388.291456923,346388.059856198,346388.072908966,346388.28881953,346388.28882783,0.23170272499555722,0.013052768015768379,0.21591056400211528,0.0026290930109098554
751,4,16,0.2598289550514892,0.0024677940527908504,346388.394273968,346388.651635129,346388.394377468,346388.406512438,346388.648982436,346388.648990536,0.2573611609986983,0.012134970049373806,0.2424699979601428,0.0026445930125191808
752,0,16,0.2302960290107876,0.002469394006766379,346388.754423474,346388.982250109,346388.754524574,346388.767158643,346388.979913015,346388.979921515,0.22782663500402123,0.01263406901853159,0.2127543719834648,0.0023285940405912697
753,3,16,0.28200120001565665,0.002408194006420672,346389.084971754,346389.36456476,346389.085073154,346389.096913424,346389.362043467,346389.362051867,0.279593006009236,0.011840269959066063,0.26513004302978516,0.0025128929992206395
754,0,16,0.227705835015513,0.002468193997628987,346389.467342605,346389.692580246,346389.467447705,346389.479372975,346389.690102552,346389.690116752,0.22523764101788402,0.01192527002422139,0.2107295769965276,0.002463494020048529
755,0,16,0.22953673102892935,0.002452795044519007,346389.795234392,346390.022318328,346389.795337591,346389.807191062,346390.019753934,346390.019762534,0.22708393598441035,0.011853471049107611,0.21256287198048085,0.002555793966166675
756,0,16,0.22671343700494617,0.002493293024599552,346390.125084673,346390.349304817,346390.125186673,346390.137634942,346390.346873123,346390.346881623,0.22422014398034662,0.012448269000742584,0.20923818100709468,0.0024231940042227507
757,0,16,0.23157622601138428,0.0024640950141474605,346390.452071662,346390.681183793,346390.452176461,346390.464449931,346390.678942199,346390.678950499,0.22911213099723682,0.01227346999803558,0.2144922679872252,0.0022332940134219825
758,0,16,0.2561819640104659,0.002346994006074965,346390.783867538,346391.037702508,346390.783977738,346390.824422938,346391.035483114,346391.035491214,0.2538349700043909,0.04044519999297336,0.21106017602141947,0.00221129396231845
759,0,16,0.24011310399509966,0.002474893000908196,346391.140451753,346391.378089964,346391.140553853,346391.152568523,346391.37553167,346391.37554057,0.23763821099419147,0.012014670006465167,0.2229631469817832,0.0025493939756415784
760,0,16,0.24562739004613832,0.00247239408781752,346391.480888309,346391.724043305,346391.480991308,346391.493101678,346391.721434912,346391.721443012,0.2431549959583208,0.01211036997847259,0.2283332340302877,0.002600292966235429
761,0,16,0.2311920269858092,0.0024786939611658454,346391.82681015,346392.055523483,346391.82691275,346391.83910952,346392.053001089,346392.053010389,0.22871333302464336,0.012196769996080548,0.21389156900113449,0.0025130940484814346
762,0,16,0.23974310501944274,0.002441294025629759,346392.158241428,346392.395543239,346392.158344228,346392.170589297,346392.393002845,346392.393011545,0.23730181099381298,0.012245069025084376,0.22241354797733948,0.0025316940154880285
763,0,16,0.22948383097536862,0.0024611939443275332,346392.498348684,346392.725371321,346392.498449184,346392.510692053,346392.723034327,346392.723042327,0.22702263703104109,0.012242869008332491,0.21234227396780625,0.002328994043637067
764,3,16,0.26309614698402584,0.0024316939525306225,346392.828089766,346393.088754219,346392.828190566,346392.840232936,346393.086412925,346393.086421025,0.2606644530314952,0.01204237004276365,0.2461799889570102,0.0023331940174102783
765,0,16,0.23281152202980593,0.0025262940325774252,346393.191671064,346393.421956292,346393.191772864,346393.203901933,346393.419786898,346393.419794798,0.2302852279972285,0.012129068956710398,0.21588496502954513,0.0021614939905703068
766,0,16,0.23187312501249835,0.0025426939828321338,346393.524686638,346393.754017069,346393.524788337,346393.536867707,346393.751708574,346393.751717674,0.22933043102966622,0.01207936997525394,0.21484086703276262,0.0022993949824012816
767,0,16,0.22782833501696587,0.00252409401582554,346393.856912513,346394.082216754,346393.857015813,346393.869073283,346394.08002856,346394.08003736,0.22530424100114033,0.012057469983119518,0.2109552770270966,0.0021793939522467554
768,3,16,0.25799476000247523,0.002488193043973297,346394.185002599,346394.440509166,346394.185107399,346394.198732565,346394.437912872,346394.437921672,0.25550656695850194,0.013625165971461684,0.23918030702043325,0.0025874939747154713
769,0,16,0.22868723300052807,0.0024799940292723477,346394.543291911,346394.76949915,346394.54339371,346394.55583748,346394.766976856,346394.766985156,0.22620723897125572,0.01244377001421526,0.21113937598420307,0.0025139939971268177
770,5,16,0.2844234950025566,0.002468094986397773,346394.872273095,346395.154228495,346394.872376394,346394.885752961,346395.151362402,346395.151370602,0.2819554000161588,0.013376566988881677,0.26560944103403017,0.002857893006876111
771,0,16,0.23059912800090387,0.002483293996192515,346395.25705124,346395.485167074,346395.25715664,346395.270130808,346395.482612781,346395.482622081,0.22811583400471136,0.01297416799934581,0.21248197299428284,0.002544993010815233
772,0,16,0.2308880279888399,0.00244769494747743,346395.58787312,346395.816313453,346395.587975319,346395.600892187,346395.813809359,346395.813817559,0.22844033304136246,0.012916867970488966,0.21291717200074345,0.0024958940339274704
773,1,16,0.24037990398937836,0.0024535939446650445,346395.919117498,346396.157043808,346395.919220098,346395.931667467,346396.154502114,346396.154510214,0.23792631004471332,0.01244736899388954,0.22283464699285105,0.002533594029955566
774,0,16,0.23136412596795708,0.002420293923933059,346396.259731653,346396.488675485,346396.259835153,346396.272086323,346396.486438291,346396.486446691,0.22894383204402402,0.01225117000285536,0.21435196796664968,0.0022287940373644233
775,2,16,0.2557403660030104,0.0024761949898675084,346396.591417031,346396.844681202,346396.59152113,346396.604302199,346396.841969709,346396.841978009,0.2532641710131429,0.012781068973708898,0.2376675100531429,0.002703193051274866
776,1,16,0.2424701979616657,0.0025666929432190955,346396.947483447,346397.187386952,346396.947586247,346396.96248141,346397.184964758,346397.184973858,0.2399035050184466,0.014895163010805845,0.22248334798496217,0.0024130939855240285
777,0,16,0.2422050000168383,0.002612293988931924,346397.290204497,346397.529797203,346397.290307397,346397.305541659,346397.527362409,346397.527370909,0.2395927060279064,0.01523426198400557,0.22182074998272583,0.00242629402782768
778,0,16,0.2296321300091222,0.0025323929730802774,346397.632761148,346397.859860885,346397.632865748,346397.645401016,346397.857425491,346397.857433691,0.22709973703604192,0.012535267975181341,0.21202447498217225,0.002427194034680724
779,0,16,0.2320043240324594,0.002556893043220043,346397.96264903,346398.192096461,346397.962750729,346397.975594898,346398.189898066,346398.189906566,0.22944743098923936,0.012844168988522142,0.21430316800251603,0.0021898950217291713
780,0,16,0.22791073395637795,0.0024466929608024657,346398.294890906,346398.520354947,346398.294994405,346398.307935073,346398.518135352,346398.518143852,0.2254640409955755,0.012940667977090925,0.210200279019773,0.002211095008533448
781,4,16,0.25805975997354835,0.002417893963865936,346398.623069692,346398.878711558,346398.623171692,346398.63594806,346398.876352064,346398.876360464,0.2556418660096824,0.012776368006598204,0.24040400399826467,0.002351093979086727
782,0,16,0.23010682896710932,0.0025744930026121438,346398.981505903,346399.209038239,346398.981608203,346398.995136369,346399.206818344,346399.206826444,0.22753233596449718,0.01352816604776308,0.211681974993553,0.0022117949556559324
783,0,16,0.23049672896740958,0.0024297949275933206,346399.311855684,346399.539922618,346399.312114283,346399.325024951,346399.537690223,346399.537698223,0.22806693403981626,0.012910668039694428,0.21266527200350538,0.002224394993390888
784,0,16,0.24838318396359682,0.0024828939349390566,346399.642764363,346399.888664653,346399.642868363,346399.655577331,346399.886329359,346399.886337559,0.24590029002865776,0.0127089680172503,0.2307520280010067,0.0023270940291695297
785,7,16,0.33875995996640995,0.0025431939866393805,346399.991431698,346400.327648464,346399.991533798,346400.004075967,346400.324775972,346400.324784372,0.33621676597977057,0.012542169017251581,0.3207000049878843,0.0028640920063480735
786,0,16,0.23812250996707007,0.0026508939918130636,346400.430502209,346400.665973825,346400.430605709,346400.443266178,346400.663701131,346400.663708931,0.235471615975257,0.012660468986723572,0.2204349529929459,0.0022648939630016685
787,1,16,0.24833898403448984,0.0024144939961843193,346400.76883727,346401.01476176,346400.76893927,346400.781498939,346401.012341966,346401.012350066,0.24592449003830552,0.012559668975882232,0.23084302700590342,0.0024116940330713987
788,1,16,0.2401716040330939,0.002412094036117196,346401.117399806,346401.355159316,346401.117500806,346401.130511873,346401.352505323,346401.352513323,0.2377595099969767,0.013011066999752074,0.2219934500171803,0.0026459929649718106
789,3,16,0.2637700460036285,0.0024571940302848816,346401.457956861,346401.719269713,346401.458058161,346401.47075053,346401.71665242,346401.71666052,0.26131285197334364,0.012692368996795267,0.2459018899826333,0.002609192975796759
790,2,16,0.24923698202474043,0.002472694031894207,346401.822073859,346402.068838147,346401.822174458,346401.834969827,346402.066440653,346402.066448953,0.24676428799284622,0.012795368966180831,0.23147082602372393,0.0023891939781606197
791,0,16,0.26556944102048874,0.0024511939845979214,346402.171578792,346402.434697039,346402.171682292,346402.184043561,346402.432181446,346402.432189946,0.2631182470358908,0.012361268978565931,0.24813788500614464,0.002507093013264239
792,3,16,0.26526724302675575,0.0024900950375013053,346402.537469485,346402.800246633,346402.537571084,346402.550142553,346402.797776139,346402.797784739,0.26277714798925444,0.012571469007525593,0.2476335859973915,0.0024618940078653395
793,0,16,0.23036842898000032,0.002416493953205645,346402.903029478,346403.130981413,346402.903131878,346402.916211045,346403.128724219,346403.128732619,0.22795193502679467,0.013079166994430125,0.21251317398855463,0.002248794015031308
794,4,16,0.26281044800998643,0.002486493031028658,346403.233766558,346403.494090513,346403.233869058,346403.246409127,346403.491630719,346403.491639219,0.2603239549789578,0.012540069001261145,0.24522159196203575,0.0024512939853593707
795,0,16,0.23235222400398925,0.002461494004819542,346403.596879058,346403.826769788,346403.596980857,346403.610357824,346403.824218094,346403.824226694,0.2298907299991697,0.013376966991927475,0.21386026998516172,0.002543093985877931
796,0,16,0.23238512402167544,0.0025577940396033227,346403.929605833,346404.159433163,346403.929707433,346403.944893395,346404.157006069,346404.157013969,0.22982732998207211,0.015185962023679167,0.21211267402395606,0.002419194031972438
797,0,16,0.23396571999182925,0.0024227940011769533,346404.262117408,346404.493660334,346404.262219308,346404.275383575,346404.491073041,346404.491082541,0.2315429259906523,0.01316426700213924,0.21568946598563343,0.002577792969532311
798,0,16,0.23092502797953784,0.0024955939734354615,346404.596439579,346404.824869013,346404.596539979,346404.609093748,346404.822471419,346404.822480219,0.22842943400610238,0.012553768989164382,0.21337767102522776,0.0023887939751148224
799,0,16,0.22902353201061487,0.002555393031798303,346404.927705158,346405.154173297,346404.927808058,346404.940467026,346405.151923002,346405.151931102,0.22646813897881657,0.012658968043979257,0.2114559759502299,0.002242195012513548
800,0,16,0.23179042502306402,0.002480394032318145,346405.256960942,346405.486270973,346405.257063341,346405.270699508,346405.483995979,346405.484004179,0.22931003099074587,0.013636167044751346,0.2132964709890075,0.002266793977469206
801,0,16,0.23298042302485555,0.0024485940230078995,346405.589012818,346405.819544647,346405.589115018,346405.602544985,346405.817201153,346405.817209653,0.23053182900184765,0.013429966988041997,0.2146561680128798,0.0023349940311163664
802,0,16,0.2625562490429729,0.0024811940384097397,346405.922385692,346406.182460747,346405.922487192,346405.935535459,346406.179939953,346406.179948153,0.2600750550045632,0.013048267050180584,0.24440449400572106,0.002512594044674188
803,0,16,0.232331623963546,0.002445793943479657,346406.285222092,346406.515107922,346406.285324292,346406.29822026,346406.512754128,346406.512762628,0.22988583002006635,0.012895967985969037,0.21453386801294982,0.002345294051337987
804,0,16,0.23254782397998497,0.0024031950160861015,346406.617870668,346406.848015297,346406.617972767,346406.630991035,346406.845687503,346406.845695703,0.23014462896389887,0.013018268044106662,0.2146964679704979,0.0023195939720608294
805,0,16,0.23188852501334623,0.0024836939992383122,346406.950818842,346407.180223673,346406.950922542,346406.963587711,346407.177950579,346407.177958679,0.2294048310141079,0.01266516896430403,0.21436286799144,0.0022649940219707787
806,0,16,0.23001312901033089,0.002479993039742112,346407.283027319,346407.510560455,346407.283129018,346407.296322686,346407.50837746,346407.50838556,0.22753313597058877,0.013193668040912598,0.21205477399053052,0.0021748949657194316
807,0,16,0.22824183502234519,0.002458395028952509,346407.6133332,346407.83911664,346407.613431299,346407.626099868,346407.836835846,346407.836844246,0.22578343999339268,0.012668568990193307,0.2107359780347906,0.002272393961902708
808,0,16,0.23627091402886435,0.002499793074093759,346407.941877685,346408.175648806,346407.941981685,346407.954293754,346408.173274712,346408.173283312,0.2337711209547706,0.012312069011386484,0.21898095798678696,0.0023654939723201096
809,3,16,0.2830182979814708,0.002482793992385268,346408.278422151,346408.558957655,346408.278526151,346408.291329419,346408.556503262,346408.556511462,0.28053550398908556,0.012803267978597432,0.265173843014054,0.002446192956995219
810,0,16,0.23130872700130567,0.0025327950133942068,346408.661772701,346408.890548633,346408.6618747,346408.675526966,346408.88787454,346408.88788344,0.22877593198791146,0.013652266003191471,0.21234757400816306,0.0026651929947547615
811,0,16,0.22892653296003118,0.0025442939368076622,346408.993438678,346409.219820917,346408.993548978,346409.006900645,346409.217613423,346409.217621623,0.22638223902322352,0.013351666973903775,0.21071277803275734,0.0021992939873598516
812,1,16,0.24832378496648744,0.002476194000337273,346409.322601762,346409.568449353,346409.322703362,346409.33554193,346409.566077159,346409.566085659,0.24584759096615016,0.012838568014558405,0.23053522902773693,0.0023636939586140215
813,0,16,0.2319160250481218,0.0024961940362118185,346409.671261398,346409.900681229,346409.671360198,346409.684741465,346409.898464435,346409.898472935,0.22941983101191,0.013381267024669796,0.21372296998742968,0.002208293997682631
814,0,16,0.23212792503181845,0.002435895032249391,346410.003486975,346410.233179005,346410.003589874,346410.017117841,346410.230806411,346410.230814711,0.22969202999956906,0.013527966977562755,0.2136885700165294,0.0023642939631827176
815,0,16,0.23209742503240705,0.002475794986821711,346410.335982451,346410.565604081,346410.33608535,346410.349167918,346410.563349887,346410.563358087,0.22962163004558533,0.013082567951641977,0.21418196900049224,0.0022459940519183874
816,3,16,0.2578728609951213,0.0023757939925417304,346410.668248927,346410.923745994,346410.668351927,346410.681474894,346410.9213454,346410.9213537,0.25549706700257957,0.013122966978698969,0.2398705059895292,0.002392294001765549
817,0,16,0.23114772699773312,0.002459093986544758,346411.026511939,346411.255200572,346411.026613739,346411.039516507,346411.252800978,346411.252810778,0.22868863301118836,0.01290276797953993,0.2132844710140489,0.0023897940409369767
818,4,16,0.2759871159796603,0.002477093948982656,346411.357989718,346411.63149974,346411.358094417,346411.371114285,346411.628983146,346411.628996046,0.27351002203067765,0.01301986799808219,0.2578688609646633,0.002503693976905197
819,0,16,0.22992273001000285,0.0024709930294193327,346411.734279485,346411.961731222,346411.734381685,346411.747375253,346411.959453027,346411.959461127,0.22745173698058352,0.012993568030651659,0.21207777399104089,0.0022700949921272695
820,0,16,0.2325139230233617,0.002423793019261211,346412.064486667,346412.294576797,346412.064589567,346412.077801734,346412.292303802,346412.292312102,0.2300901300041005,0.013212166959419847,0.21450206800363958,0.0022646950092166662
821,0,16,0.23515241697896272,0.0024426939780823886,346412.397322142,346412.630031865,346412.397425642,346412.413179003,346412.627613271,346412.627622071,0.23270972300088033,0.0157533609890379,0.21443426801124588,0.0024097939603962004
822,0,16,0.23155842599226162,0.0025555940228514373,346412.732855811,346412.961858643,346412.73296471,346412.746086478,346412.959591149,346412.959599549,0.22900283196941018,0.013121768017299473,0.21350467100273818,0.002259093977045268
823,0,16,0.22982493101153523,0.002448194019962102,346413.064618988,346413.291995725,346413.064720988,346413.077984355,346413.289675031,346413.289683431,0.22737673699157313,0.013263367000035942,0.21169067599112168,0.0023122940328903496
824,0,16,0.2361499149701558,0.0025097939651459455,346413.39476387,346413.628403991,346413.39486617,346413.408175137,346413.625724398,346413.625732998,0.23364012100500986,0.013308966998010874,0.21754926099674776,0.002670992980711162
825,0,16,0.2280107350088656,0.0025143930106423795,346413.731247536,346413.956743878,346413.731348936,346413.744536504,346413.954372584,346413.954380984,0.22549634199822322,0.013187567994464189,0.20983608003007248,0.0023628940107300878
826,0,16,0.22804353496758267,0.0025198939838446677,346414.059512923,346414.285036564,346414.059621723,346414.07269909,346414.28263917,346414.28264727,0.225523640983738,0.013077366980724037,0.20994008000707254,0.002389293978922069
827,0,16,0.23675011395243928,0.00246839493047446,346414.38778801,346414.622069729,346414.387891509,346414.401175276,346414.619656535,346414.619665435,0.23428171902196482,0.013283767038956285,0.21848125895485282,0.0024042940349318087
828,2,16,0.27075742901070043,0.002487892983481288,346414.724819074,346414.99308861,346414.724919874,346414.737977742,346414.990305417,346414.990313917,0.26826953602721915,0.013057867996394634,0.2523276749998331,0.0027746930136345327
829,1,16,0.24912328302161768,0.002448194019962102,346415.095833255,346415.342508344,346415.095937855,346415.109550421,346415.34011815,346415.34012645,0.24667508900165558,0.013612565991934389,0.23056772898416966,0.002381893980782479
830,0,16,0.23147712601348758,0.002518693043384701,346415.445374189,346415.674332622,346415.445476489,346415.458570156,346415.671949228,346415.671957628,0.22895843297010288,0.013093666988424957,0.21337907196721062,0.0023749939864501357
831,0,16,0.2288329330040142,0.0024437939864583313,346415.777145767,346416.003534906,346415.777250167,346415.790379034,346416.001233112,346416.001241512,0.22638913901755586,0.01312886702362448,0.2108540780027397,0.0022933940053917468
832,1,16,0.2486541839898564,0.0024437939864583313,346416.106304351,346416.352514741,346416.106408551,346416.120260717,346416.350158247,346416.350166547,0.24621039000339806,0.013852166011929512,0.2298975299927406,0.002348194015212357
833,0,16,0.23189612600253895,0.0024282950325869024,346416.455247887,346416.684715718,346416.455349786,346416.468562654,346416.682363124,346416.682371524,0.22946783096995205,0.013212868012487888,0.2138004699954763,0.0023441939847543836
834,0,16,0.2305830289842561,0.002513793995603919,346416.787551163,346417.015620398,346416.787651363,346416.800773731,346417.013344404,346417.013352904,0.22806923498865217,0.01312236802186817,0.21257067297119647,0.002267493982799351
835,0,16,0.23129522695671767,0.0024744939291849732,346417.118340044,346417.347160777,346417.118439943,346417.131691911,346417.344837982,346417.344846282,0.2288207330275327,0.013251968019176275,0.21314607094973326,0.0023144950391724706
836,4,16,0.29412997100735083,0.0024777939543128014,346417.449971922,346417.741624099,346417.450122322,346417.463095689,346417.738971006,346417.738979106,0.29165217705303803,0.012973367003723979,0.2758753169910051,0.002644993015564978
837,0,16,0.23130322596989572,0.0024748939904384315,346417.844427045,346418.073255377,346417.844528044,346417.857816811,346418.070792983,346418.070801283,0.2288283319794573,0.01328876701882109,0.21297617198433727,0.002454094006679952
838,4,16,0.2612223519827239,0.002581092994660139,346418.176074022,346418.434715281,346418.176175622,346418.18917919,346418.432216587,346418.432224587,0.2586412589880638,0.013003568048588932,0.2430373969837092,0.002490693994332105
839,0,16,0.23041952901985496,0.0024728939752094448,346418.537587525,346418.76553416,346418.537689125,346418.550899192,346418.763196466,346418.763204966,0.22794663504464552,0.013210067001637071,0.21229727403260767,0.0023291940451599658
840,0,16,0.23493641696404666,0.0024500939180143178,346418.868246005,346419.100732328,346418.868346705,346418.882130471,346419.098384434,346419.098392734,0.23248632304603234,0.013783766014967114,0.21625396300805733,0.002339594007935375
841,0,16,0.22986383002717048,0.0024308940628543496,346419.203532473,346419.430965409,346419.203635273,346419.216745841,346419.428598715,346419.428607915,0.22743293596431613,0.01311056804843247,0.2118528739665635,0.0023574939696118236
842,0,16,0.24067180301062763,0.0024704940151423216,346419.533741954,346419.771943263,346419.533842054,346419.547244121,346419.769013171,346419.769021471,0.2382013089954853,0.013402066950220615,0.2217690500547178,0.0029217920382507145
843,0,16,0.2393680060049519,0.002471692976541817,346419.874735308,346420.111631621,346419.874840108,346419.888643974,346420.108967527,346420.108975927,0.23689631302841008,0.013803865993395448,0.22032355301780626,0.002655694028362632
844,0,16,0.23281952197430655,0.002493393956683576,346420.214459566,346420.444785694,346420.214562465,346420.228272131,346420.442064001,346420.442072101,0.23032612801762298,0.013709666032809764,0.21379186998819932,0.002713593014050275
845,0,16,0.2322726239799522,0.002412093977909535,346420.547518239,346420.777378769,346420.547622539,346420.561526405,346420.775036775,346420.775045275,0.22986053000204265,0.013903865998145193,0.2135103699984029,0.0023334940196946263
846,0,16,0.23253972397651523,0.002502593968529254,346420.880106814,346421.110143944,346420.880210714,346420.893223182,346421.10761455,346421.10762285,0.23003713000798598,0.0130124679999426,0.21439136797562242,0.0025210939929820597
847,0,16,0.23325512098381296,0.0024543940089643,346421.212911189,346421.443711916,346421.213013289,346421.226638955,346421.441409222,346421.441417822,0.23080072697484866,0.013625666033476591,0.21477026701904833,0.002294094010721892
848,0,16,0.24164610099978745,0.0024417939712293446,346421.546496661,346421.785700968,346421.546596861,346421.559747629,346421.783358174,346421.783366374,0.2392043070285581,0.013150768005289137,0.22361054504290223,0.002334594028070569
849,0,16,0.25838535896036774,0.002442892990075052,346421.888418713,346422.144361179,346421.888522613,346421.90205018,346422.141900985,346422.141909685,0.2559424659702927,0.013527567032724619,0.23985080496640876,0.0024514939868822694
850,0,16,0.23568761500064284,0.002476194000337273,346422.247106424,346422.480317845,346422.247208523,346422.26088409,346422.477713652,346422.477721952,0.23321142100030556,0.01367556699551642,0.2168295620358549,0.002595892990939319
851,0,16,0.23227432399289683,0.002509693964384496,346422.58316169,346422.81292632,346422.58326439,346422.596785756,346422.810586526,346422.810594826,0.22976463002851233,0.013521365995984524,0.21380076999776065,0.0023314940044656396
852,0,16,0.23120782698970288,0.0024334939662367105,346422.915673365,346423.144447698,346422.915777965,346422.929169132,346423.141864504,346423.141872904,0.22877433302346617,0.01339116704184562,0.21269537199987099,0.002574794052634388
853,0,16,0.2412035020533949,0.0025216940557584167,346423.247203343,346423.485885151,346423.247305043,346423.260937809,346423.483108558,346423.483116958,0.2386818079976365,0.013632766029331833,0.22217074898071587,0.0027681930223479867
854,0,16,0.23308632196858525,0.002458993927575648,346423.588756696,346423.819384024,346423.588858296,346423.602034663,346423.81709783,346423.81710633,0.2306273280410096,0.01317636703606695,0.21506316697923467,0.0022776940022595227
855,0,16,0.25071147800190374,0.002475593995768577,346423.922155669,346424.170391553,346423.922256369,346423.935645236,346424.167941459,346424.167949659,0.24823588400613517,0.013388866966124624,0.232296222995501,0.002441894030198455
856,3,16,0.2677135360427201,0.0025454930728301406,346424.273239598,346424.538407641,346424.273348998,346424.287323963,346424.535892947,346424.535901947,0.26516804296988994,0.013974965026136488,0.24856898398138583,0.0025056939921341836
857,0,16,0.23082282801624388,0.0024678950430825353,346424.641205686,346424.869560619,346424.641308785,346424.654783652,346424.867271125,346424.867279525,0.22835493297316134,0.013474866980686784,0.21248747303616256,0.0022810940281488
858,0,16,0.23934780701529235,0.002454894012771547,346424.972319264,346425.209212177,346424.972420564,346424.985874431,346425.206866083,346425.206874683,0.2368929130025208,0.013453866995405406,0.22099165205145255,0.0023374940501526
859,0,16,0.2325754229677841,0.00242919399170205,346425.311968322,346425.542114551,346425.312070822,346425.325534188,346425.539820057,346425.539828357,0.23014622897608206,0.013463366020005196,0.21428586897673085,0.0022861940087750554
860,0,16,0.24240239901700988,0.0024869940243661404,346425.644891496,346425.884806901,346425.644992796,346425.66754734,346425.882408207,346425.882416507,0.23991540499264374,0.02255454397527501,0.2148608670104295,0.0023903939872980118
861,0,16,0.2299128290032968,0.0024269940331578255,346425.987568346,346426.215054181,346425.987670946,346426.001412212,346426.212709587,346426.212717987,0.22748583497013897,0.01374126598238945,0.21129737503360957,0.0023361939820460975
862,0,16,0.23471191700082272,0.0024379940005019307,346426.317799426,346426.550073349,346426.317903226,346426.331615692,346426.547694555,346426.547702855,0.2322739230003208,0.013712465995922685,0.21607886301353574,0.0023704939521849155
863,0,16,0.23436061799293384,0.0025786940241232514,346426.652803794,346426.884585718,346426.652903994,346426.666775559,346426.882197224,346426.882205624,0.2317819239688106,0.013871564995497465,0.21542166499421,0.002380093967076391
864,1,16,0.2387651070021093,0.002433994028251618,346426.987484263,346427.223815376,346426.987587062,346427.001209429,346427.221427282,346427.221440182,0.23633111297385767,0.013622366997878999,0.22021785302786157,0.0023751939879730344
865,0,16,0.23165462503675371,0.0024769940064288676,346427.32659812,346427.555775751,346427.32670212,346427.340503786,346427.553497257,346427.553505957,0.22917763103032485,0.013801665976643562,0.21299347101012245,0.002269794000312686
866,5,16,0.3453830420039594,0.0024786940193735063,346427.658523696,346428.001428044,346427.658623196,346427.673540059,346427.998334452,346427.998342352,0.3429043479845859,0.014916863001417369,0.32479439297458157,0.003085692005697638
867,0,16,0.23297692101914436,0.002548694028519094,346428.104427989,346428.334856216,346428.104532088,346428.118546154,346428.332462522,346428.332470722,0.23042822699062526,0.01401406602235511,0.2139163680258207,0.002385494008194655
868,0,16,0.23507311596767977,0.0024274939787574112,346428.437612261,346428.670257883,346428.437711961,346428.453327522,346428.667816789,346428.667825089,0.23264562198892236,0.015615560987498611,0.21448926703305915,0.002432793960906565
869,0,16,0.23092452599667013,0.0024469930212944746,346428.773036228,346429.001513761,346428.773139828,346428.787014493,346428.999095267,346428.999103167,0.22847753297537565,0.013874665019102395,0.2120807739556767,0.002410594024695456
870,0,16,0.23210632399423048,0.0025073940050788224,346429.104247505,346429.333846435,346429.104348205,346429.117712672,346429.331418741,346429.331426741,0.22959892998915166,0.01336446701316163,0.2137060690438375,0.0024196940357796848
871,2,16,0.25897595699643716,0.0025674939970485866,346429.43667788,346429.693086343,346429.43678248,346429.450799745,346429.690618849,346429.690626849,0.2564084629993886,0.014017264998983592,0.2398191040265374,0.0024594939895905554
872,1,16,0.2497591800056398,0.0024703950039111078,346429.795939188,346430.043227973,346429.796042687,346429.809979153,346430.04073318,346430.04074148,0.24728878500172868,0.013936465955339372,0.23075402702670544,0.0024864929728209972
873,0,16,0.2610129520180635,0.0025890940451063216,346430.146080918,346430.404504776,346430.146187418,346430.159997984,346430.401719083,346430.401727883,0.2584238579729572,0.013810565986204892,0.24172109900973737,0.002776892972178757
874,0,16,0.23247742297826335,0.002417993964627385,346430.507265321,346430.73732475,346430.507372621,346430.522065584,346430.734889556,346430.734897856,0.23005942901363596,0.01469296304276213,0.2128239719895646,0.0024268939741887152
875,0,16,0.2306637279689312,0.0024583949707448483,346430.840073395,346431.068278728,346430.840179094,346430.853682061,346431.065911934,346431.065920234,0.22820533299818635,0.013502967020031065,0.21222987299552187,0.002358493977226317
876,0,16,0.2358736140304245,0.0025355939869768918,346431.171101673,346431.404439693,346431.171204472,346431.185745736,346431.402088799,346431.402097099,0.2333380200434476,0.01454126398311928,0.21634306298801675,0.002342594030778855
877,2,16,0.2853442910127342,0.002586594026070088,346431.507325738,346431.790083435,346431.507427937,346431.520981304,346431.787204943,346431.787213643,0.2827576969866641,0.013553366996347904,0.266223639016971,0.0028697919915430248
878,0,16,0.23241182300262153,0.002475893998052925,346431.89286198,346432.122797909,346431.89296358,346431.906906645,346432.120478715,346432.120487115,0.2299359290045686,0.013943065016064793,0.21357207000255585,0.0023107940214686096
879,0,16,0.23299322096863762,0.0024521939922124147,346432.225621754,346432.456162781,346432.225723854,346432.239804919,346432.453486388,346432.453494688,0.2305410269764252,0.014081065019126981,0.21368146903114393,0.0026680930168367922
880,1,16,0.2507244769949466,0.002505893004126847,346432.558997026,346432.80721561,346432.559098126,346432.573747289,346432.804646316,346432.804654416,0.24821858399081975,0.014649163000285625,0.23089902696665376,0.0025611940072849393
881,0,16,0.23475651699118316,0.002615493955090642,346432.910165654,346433.142306677,346432.910271754,346432.924313719,346433.139917683,346433.139925983,0.23214102303609252,0.014041964954230934,0.21560396399581805,0.002380694029852748
882,0,16,0.23730141099076718,0.002535693987738341,346433.245159122,346433.479924839,346433.245265422,346433.259719186,346433.477610645,346433.477618845,0.23476571700302884,0.01445376401534304,0.21789145900402218,0.0023059939849190414
883,0,16,0.23098102601943538,0.002564792986959219,346433.582777584,346433.811193817,346433.582885583,346433.597871246,346433.808607323,346433.808616123,0.22841623303247616,0.014985663001425564,0.21073607698781416,0.002577694016508758
884,0,16,0.22936132800532505,0.002493192965630442,346433.914006461,346434.140874596,346433.914108961,346433.928286726,346434.138446802,346434.138455002,0.2268681350396946,0.014177764998748899,0.2101600759779103,0.0024195940350182354
885,0,16,0.23063002503477037,0.0025414940319024026,346434.243735239,346434.47182377,346434.243837439,346434.257709704,346434.469503476,346434.469512576,0.22808853100286797,0.01387226500082761,0.21179377200314775,0.002311194024514407
886,0,16,0.22852182999486104,0.0024029940250329673,346434.574524114,346434.80064295,346434.574625814,346434.589140778,346434.798110557,346434.798119157,0.22611883596982807,0.014514964015688747,0.20896977902157232,0.0025237929658032954
887,0,16,0.24272669496713206,0.0026348939281888306,346434.903541494,346435.143633295,346434.903644994,346434.917465359,346435.140951502,346435.140960902,0.24009180103894323,0.01382036495488137,0.22348614304792136,0.0026723930495791137
888,0,16,0.23303501901682466,0.002440794021822512,346435.246379139,346435.476973364,346435.246481439,346435.260576203,346435.47458827,346435.47459667,0.23059422499500215,0.014094764017499983,0.2140120670082979,0.0023766939993947744
889,0,16,0.24222059600288048,0.002502294024452567,346435.579726908,346435.81944521,346435.579829107,346435.593896972,346435.816819016,346435.816827016,0.23971830197842792,0.01406786503503099,0.22292204399127513,0.002618193975649774
890,3,16,0.2556349629885517,0.0024697940098121762,346435.922284753,346436.175449922,346435.922387453,346435.936407918,346436.172948728,346436.172957228,0.25316516897873953,0.01402046496514231,0.23654081003041938,0.0024926940095610917
891,0,16,0.22921132802730426,0.0025603940011933446,346436.278272266,346436.5049232,346436.278376265,346436.292251131,346436.502613206,346436.502621106,0.22665093402611092,0.013874865951947868,0.21036207501310855,0.002302094013430178
892,0,16,0.24134089797735214,0.002475492947269231,346436.607691044,346436.846556449,346436.607793544,346436.621761709,346436.844171554,346436.844179854,0.2388654050300829,0.013968164974357933,0.2224098450387828,0.0023765950463712215
893,0,16,0.23422791599296033,0.0024577939766459167,346436.949344692,346437.181114814,346436.949447892,346436.963646357,346437.17873182,346437.17874012,0.23177012201631442,0.014198464981745929,0.21508546301629394,0.0023746939841657877
894,1,16,0.2386362049728632,0.002487993973772973,346437.283932058,346437.520080269,346437.284045658,346437.298064923,346437.517687475,346437.517696075,0.23614821099909022,0.014019264956004918,0.21962255204562098,0.002384193998295814
895,0,16,0.23867380496812984,0.0024162940098904073,346437.622804113,346437.859061624,346437.622906413,346437.637080377,346437.85662043,346437.85662893,0.23625751095823944,0.014173964038491249,0.21954005298903212,0.002432693960145116
896,0,16,0.23205662099644542,0.00243209395557642,346437.961738968,346438.191363495,346437.961840768,346437.976303931,346438.188952701,346438.188960701,0.229624527040869,0.01446316298097372,0.2126487700152211,0.0024027940235100687
897,0,16,0.23968120204517618,0.0024625930818729103,346438.294070739,346438.531289348,346438.294175039,346438.308671203,346438.528795154,346438.528803354,0.23721860896330327,0.014496163988951594,0.2201239510322921,0.002485993958543986
898,0,16,0.23693840997293591,0.0025559939676895738,346438.634101191,346438.868483607,346438.634205491,346438.648483955,346438.866145113,346438.866153013,0.23438241600524634,0.014278464019298553,0.21766115800710395,0.0023305939976125956
899,0,16,0.23478881496703252,0.002566693990956992,346438.97137995,346439.203602071,346438.97148025,346438.986165113,346439.200883678,346439.200892778,0.23222212097607553,0.014684862981084734,0.21471856499556452,0.0027092929813079536
900,2,16,0.28484188998118043,0.0025673939962871373,346439.306475715,346439.588750211,346439.306579014,346439.32058468,346439.586134117,346439.586142117,0.2822744959848933,0.014005666016601026,0.2655494369682856,0.002608094015158713
901,0,16,0.26940302801085636,0.002474194043315947,346439.691531455,346439.958460289,346439.691633254,346439.706083018,346439.955952195,346439.955960495,0.2669288339675404,0.014449763984885067,0.24986917700152844,0.0024997940054163337
902,4,16,0.2854124879813753,0.0025420939782634377,346440.061315533,346440.344185927,346440.061418832,346440.075729797,346440.341598534,346440.341607134,0.28287039400311187,0.01431096502346918,0.2658687370130792,0.0025787930353544652
903,3,16,0.2679289319785312,0.0024713940219953656,346440.446979871,346440.712437409,346440.447082671,346440.461409435,346440.709891416,346440.709899716,0.2654575379565358,0.014326764037832618,0.24848198099061847,0.0025376929552294314
904,0,16,0.23410361597780138,0.0025522929499857128,346440.815239453,346441.046790776,346440.815343153,346440.829764717,346441.044178382,346441.044186782,0.23155132302781567,0.014421564002986997,0.21441366500221193,0.002603994042146951
905,0,16,0.22761453303974122,0.0024838950484991074,346441.14949612,346441.374626758,346441.149601919,346441.164031283,346441.372292064,346441.372300364,0.2251306379912421,0.014429364004172385,0.20826078101526946,0.0023263939656317234
906,0,16,0.2335660170065239,0.0024755930062383413,346441.477449302,346441.708539726,346441.477550302,346441.492651564,346441.706112632,346441.706120732,0.23109042400028557,0.015101262019015849,0.21346106799319386,0.0024189939722418785
907,0,16,0.2330850200378336,0.002518894034437835,346441.811355369,346442.041921495,346441.811458069,346441.826162432,346442.039423802,346442.039431702,0.23056612600339577,0.014704362954944372,0.21326137002324685,0.0024897929979488254
908,0,16,0.2292786299949512,0.0024666939862072468,346442.14466864,346442.371480576,346442.14477034,346442.160185701,346442.368962283,346442.368970383,0.22681193600874394,0.015415360976476222,0.2087765820324421,0.0025101929786615074
909,0,16,0.22933012997964397,0.0024316939525306225,346442.474259421,346442.701157857,346442.474360921,346442.488606785,346442.698776963,346442.698785363,0.22689843602711335,0.014245864003896713,0.2101701779756695,0.002372494025621563
910,0,16,0.22847093199379742,0.0024825939908623695,346442.803972702,346443.02996104,346442.804075801,346442.818590965,346443.027601146,346443.027609346,0.22598833800293505,0.014515164017211646,0.20901018101722002,0.002351693983655423
911,0,16,0.23146572400582954,0.0024161930195987225,346443.132686985,346443.361736516,346443.132789185,346443.147120049,346443.359136822,346443.359145022,0.22904953098623082,0.01433086401084438,0.21201677300268784,0.0025914940051734447
912,0,16,0.2342109180171974,0.0024943940225057304,346443.46456416,346443.696280684,346443.46466796,346443.479949422,346443.69386799,346443.69387639,0.23171652399469167,0.015281461994163692,0.21391856798436493,0.002404293976724148
913,1,16,0.2517790740239434,0.00250689301174134,346443.799009629,346444.04828181,346443.799113829,346443.814362791,346444.045581616,346444.045590016,0.24927218101220205,0.015248962037730962,0.23121882497798651,0.002691794012207538
914,0,16,0.22961723001208156,0.002479793969541788,346444.151055254,346444.37819269,346444.151157254,346444.165945817,346444.375684496,346444.375692596,0.22713743604253978,0.014788563014008105,0.20973867899738252,0.0025000940077006817
915,0,16,0.230559027986601,0.0025848940131254494,346444.481096534,346444.709070668,346444.481198534,346444.495690298,346444.706515474,346444.706523674,0.22797413397347555,0.014491763955447823,0.210825176036451,0.0025469939573667943
916,0,16,0.23106132599059492,0.0024938940186984837,346444.811905212,346445.040472644,346444.812006912,346444.826471976,346445.037570252,346445.037578352,0.22856743197189644,0.014465063984971493,0.21109827602049336,0.0028942919452674687
917,0,16,0.2304341269773431,0.002462492964696139,346445.143202089,346445.371173723,346445.143304589,346445.158449151,346445.368546329,346445.368554729,0.22797163401264697,0.015144561999477446,0.2100971780018881,0.0026189940399490297
918,0,16,0.23342432000208646,0.002597393002361059,346445.473966367,346445.704793294,346445.474071667,346445.490182127,346445.7021837,346445.7021918,0.2308269269997254,0.016110459982883185,0.21200157300336286,0.0026014940231107175
919,0,16,0.2548758669872768,0.0025310939527116716,346445.807705038,346446.060049811,346445.807811038,346445.822208402,346446.057590117,346446.057598317,0.25234477303456515,0.01439736399333924,0.23538171499967575,0.0024514940450899303
920,1,16,0.23845630697906017,0.002440193959046155,346446.162779356,346446.398795469,346446.162880056,346446.178355817,346446.396325576,346446.396334076,0.23601611302001402,0.015475760970730335,0.2179697590181604,0.0024613930145278573
921,0,16,0.23036832798970863,0.0026002939557656646,346446.501636414,346446.729404448,346446.501744514,346446.516087278,346446.727040354,346446.727048954,0.22776803403394297,0.01434276404324919,0.21095307596260682,0.0023554940125904977
922,0,16,0.2297360299853608,0.002537794003728777,346446.832249492,346447.059447728,346446.832351892,346446.846979756,346447.056910134,346447.056918634,0.22719823598163202,0.014627864002250135,0.20993037795415148,0.0025290939956903458
923,0,16,0.23045002797152847,0.0025296949315816164,346447.162179473,346447.390099806,346447.162279973,346447.177532035,346447.387647213,346447.387655313,0.22792033303994685,0.01525206200312823,0.21011517802253366,0.002444493002258241
924,7,16,0.3399999549728818,0.0025133939925581217,346447.493023951,346447.830510512,346447.493126351,346447.508874111,346447.82732382,346447.82733202,0.3374865609803237,0.015747760015074164,0.3184497089823708,0.0031784920138306916
925,0,16,0.2309297260362655,0.0024325940757989883,346447.933284457,346448.161781589,346447.933385157,346447.94802142,346448.159169796,346448.159178396,0.2284971319604665,0.014636262960266322,0.21114837599452585,0.00260319298831746
926,0,16,0.23042742704274133,0.0024377930676564574,346448.264541634,346448.492531268,346448.264642634,346448.280699694,346448.490164373,346448.490172773,0.22798963397508487,0.016057059983722866,0.20946467900648713,0.0023584949667565525
927,0,16,0.23896130605135113,0.0025021930341608822,346448.595280112,346448.831739225,346448.595380312,346448.609988076,346448.829329831,346448.829338031,0.23645911301719025,0.01460776396561414,0.2193417550297454,0.0024011940113268793
928,1,16,0.27598331501940265,0.002439894014969468,346448.934532069,346449.20807549,346448.934633469,346448.949493132,346449.205170597,346449.205178797,0.2735434210044332,0.014859663031529635,0.25567746500018984,0.0028966930112801492
929,0,16,0.23040102800587192,0.00252409401582554,346449.310860034,346449.538736968,346449.310963634,346449.325710498,346449.536081375,346449.536089375,0.22787693399004638,0.014746863977052271,0.2103708770009689,0.002647593035362661
930,2,16,0.2638535439618863,0.0024972929968498647,346449.641554613,346449.902910864,346449.641658113,346449.656367876,346449.900024771,346449.900033571,0.26135625096503645,0.014709762996062636,0.24365689500700682,0.0028772929799742997
931,0,16,0.22962532995734364,0.0024583929334767163,346450.005721308,346450.232888245,346450.005822208,346450.02129277,346450.230307951,346450.230316351,0.22716693702386692,0.015470561978872865,0.20901518099708483,0.0025718940305523574
932,1,16,0.24184100003913045,0.002579094027169049,346450.335767089,346450.575028995,346450.335871789,346450.350417353,346450.572466102,346450.572474302,0.2392619060119614,0.01454556395765394,0.22204874904127792,0.002554692968260497
933,0,16,0.22881163202691823,0.002453993074595928,346450.67774274,346450.904100379,346450.67784614,346450.692630303,346450.901528085,346450.901536285,0.2263576389523223,0.014784162980504334,0.20889778202399611,0.002564093971159309
934,0,16,0.22889753198251128,0.00242769398028031,346451.006851224,346451.233321062,346451.006950923,346451.021422987,346451.230957667,346451.230965767,0.22646983800223097,0.014472063980065286,0.20953468000516295,0.0023552950005978346
935,0,16,0.2308271270012483,0.002460493997205049,346451.335983207,346451.56434984,346451.336085207,346451.350506971,346451.561747046,346451.561755146,0.22836663300404325,0.014421764004509896,0.21124007500475273,0.0025946939713321626
936,0,16,0.24006880400702357,0.0024811940384097397,346451.667154085,346451.904741695,346451.667255885,346451.683947243,346451.902168202,346451.902176302,0.23758760996861383,0.016691357945092022,0.21822095901006833,0.002565392991527915
937,0,16,0.23115572601091117,0.0024649929837323725,346452.00748504,346452.236175773,346452.00758694,346452.022255704,346452.233790979,346452.233799079,0.2286907330271788,0.014668763964436948,0.21153527504066005,0.0023766939993947744
938,0,16,0.23018122900975868,0.0024838949902914464,346452.338986618,346452.566683952,346452.339090417,346452.35399748,346452.563975059,346452.563983559,0.22769733401946723,0.014907062985002995,0.2099775790120475,0.0027003929717466235
939,1,16,0.2551726669771597,0.0025485939695499837,346452.669539697,346452.92216377,346452.669640497,346452.68469306,346452.919471177,346452.919479477,0.2526240730076097,0.015052562986966223,0.23477811698103324,0.002684293023776263
940,2,16,0.25835695903515443,0.002449594088830054,346453.024898815,346453.28080618,346453.024999515,346453.039915678,346453.278298586,346453.278306886,0.2559073649463244,0.014916162996087223,0.23838290804997087,0.002499294001609087
941,0,16,0.22836393298348412,0.002514593012165278,346453.383621525,346453.609470865,346453.383729225,346453.398436888,346453.60721117,346453.60721977,0.22584933997131884,0.0147076629800722,0.20877428201492876,0.0022510949638672173
942,1,16,0.2803630050038919,0.002477693953551352,346453.712291709,346453.99017702,346453.712392809,346453.727375272,346453.987606226,346453.987614326,0.27788531105034053,0.014982463035266846,0.2602309539797716,0.0025626940187066793
943,0,16,0.22854403301607817,0.0027201930643059313,346454.093176364,346454.319000204,346454.093279864,346454.107809928,346454.31668021,346454.31668881,0.22582383995177224,0.014530064014252275,0.20887028198922053,0.0023113939678296447
944,0,16,0.25784135999856517,0.002492494008038193,346454.421782549,346454.677131415,346454.421884249,346454.436941011,346454.674654221,346454.674663321,0.255348865990527,0.015056761971209198,0.23771320999367163,0.0024680939968675375
945,1,16,0.23762980999890715,0.0025681929546408355,346454.77993126,346455.014992877,346454.78008336,346454.795198022,346455.012632883,346455.012641083,0.2350616170442663,0.015114662004634738,0.21743486099876463,0.002351794042624533
946,1,16,0.23821400897577405,0.0024668939877301455,346455.117843422,346455.353590537,346455.117945221,346455.132756785,346455.351048943,346455.351056843,0.2357471149880439,0.014811564004048705,0.2182921579806134,0.0025336939725093544
947,0,16,0.2684798340196721,0.0024323950055986643,346455.456346482,346455.722393921,346455.456451381,346455.471573044,346455.719813528,346455.719821728,0.26604743901407346,0.015121663047466427,0.24824048398295417,0.002572192985098809
948,0,16,0.22874353296356276,0.00249279395211488,346455.825204566,346456.051455305,346455.825306266,346455.840326829,346456.049095611,346456.049104111,0.22625073901144788,0.015020562976133078,0.20876878197304904,0.002351194038055837
949,0,16,0.231879924016539,0.0024548930232413113,346456.15420345,346456.383628481,346456.15430305,346456.169710011,346456.381232286,346456.381241086,0.2294250309932977,0.015406960970722139,0.2115222749998793,0.002387395012192428
950,0,16,0.2361700139590539,0.002485693956259638,346456.486375226,346456.720059546,346456.486480025,346456.501696288,346456.717630452,346456.717638452,0.23368432000279427,0.015216263011097908,0.21593416400719434,0.0024210939882323146
951,0,16,0.2293072309694253,0.002554492966737598,346456.82295209,346457.049704828,346456.82305569,346456.837792154,346457.047384434,346457.047392734,0.2267527380026877,0.014736464014276862,0.20959227997809649,0.002312094031367451
952,0,16,0.24314549600239843,0.0024945930344983935,346457.152476873,346457.393127776,346457.152578573,346457.167994634,346457.390309783,346457.390319883,0.24065090296790004,0.015416061040014029,0.22231514897430316,0.002807892975397408
953,0,16,0.23212912399321795,0.002627492940519005,346457.49611042,346457.725612051,346457.49621622,346457.511065383,346457.723290956,346457.723299456,0.22950163105269894,0.014849162951577455,0.2122255730209872,0.002312595024704933
954,0,16,0.2314583249972202,0.002513193991035223,346457.828448595,346458.057393726,346457.828550195,346457.843834157,346458.054982132,346458.054990432,0.22894513100618497,0.015283962013199925,0.21114797500194982,0.0024032940273173153
955,0,16,0.23379081604070961,0.0025660930550657213,346458.160306769,346458.391531492,346458.160409769,346458.175574631,346458.389079498,346458.389087598,0.2312247229856439,0.01516486203763634,0.21350486698793247,0.0024438939872197807
956,0,16,0.23388141597388312,0.002477093948982656,346458.494296435,346458.725700757,346458.494402135,346458.509975896,346458.723357363,346458.723366163,0.23140432202490047,0.015573760960251093,0.21338146703783423,0.002334594028070569
957,0,16,0.23237451998284087,0.0025024929782375693,346458.8285327,346459.058404727,346458.828638,346458.843858962,346459.056109632,346459.056117432,0.2298720270046033,0.01522096199914813,0.21225067001068965,0.0022872950066812336
958,0,16,0.23472071398282424,0.0024855939554981887,346459.16118957,346459.39342469,346459.16129297,346459.177680129,346459.390961996,346459.390971596,0.23223512002732605,0.016387159004807472,0.21328186697792262,0.0024530939990654588
959,1,16,0.2424886950175278,0.002442793978843838,346459.496190133,346459.736236034,346459.496504633,346459.511595895,346459.73373514,346459.73374294,0.24004590103868395,0.015091262001078576,0.22213924501556903,0.002493094012606889
960,0,16,0.23433161503635347,0.0024372940533794463,346459.839004477,346460.070898798,346459.839105577,346459.854246239,346460.068416505,346460.068424805,0.23189432098297402,0.015140662027988583,0.21417026600101963,0.002473992994055152
961,0,16,0.23064792400691658,0.0024567940272390842,346460.173686542,346460.401877672,346460.173789942,346460.188733404,346460.399547978,346460.399556078,0.2281911299796775,0.014943461981602013,0.21081457403488457,0.002321593987289816
962,4,16,0.27313881798181683,0.00248099397867918,346460.504639716,346460.77529754,346460.504743015,346460.523259469,346460.772588347,346460.772596546,0.27065782400313765,0.018516454030759633,0.24932887800969183,0.002700994024053216
963,2,16,0.2524475700338371,0.002448794024530798,346460.878065183,346461.128063959,346460.878167383,346460.893128146,346461.125618565,346461.125627165,0.2499987760093063,0.014960762986447662,0.2324904190027155,0.0024367939913645387
964,0,16,0.23447411495726556,0.002568193944171071,346461.230920302,346461.462826223,346461.231025102,346461.247529061,346461.460463829,346461.460472429,0.23190592101309448,0.016503958962857723,0.2129347680020146,0.002353793999645859
965,0,16,0.23430161603027955,0.0024495950201526284,346461.565582967,346461.797434988,346461.565784066,346461.580835429,346461.795008994,346461.795017194,0.23185202101012692,0.015051363036036491,0.21417356497840956,0.0024177940213121474
966,0,16,0.23408831597771496,0.0024326940183527768,346461.900187431,346462.131843053,346461.900290331,346461.915855892,346462.129405559,346462.129413959,0.23165562195936218,0.015565561014227569,0.2135496669798158,0.0024290939909406006
967,2,16,0.2574088579858653,0.0025073940050788224,346462.234545296,346462.48944676,346462.234651096,346462.250308757,346462.486227668,346462.486235868,0.2549014639807865,0.015657661017030478,0.23591891099931672,0.003210891969501972
968,0,16,0.25545226299436763,0.002627293986734003,346462.592339003,346462.845163972,346462.592482103,346462.610850257,346462.842593178,346462.842601578,0.2528249690076336,0.018368154007475823,0.23174292099429294,0.0025623940164223313
969,1,16,0.25686345901340246,0.002761894022114575,346462.948167815,346463.20226938,346462.948279415,346462.963913275,346463.199464687,346463.199473487,0.2541015649912879,0.01563385996269062,0.23555141198448837,0.0027958930004388094
970,1,16,0.24434649001341313,0.002653994015417993,346463.305107224,346463.54679972,346463.305211923,346463.321876982,346463.544213927,346463.544222427,0.24169249599799514,0.016665058967191726,0.2223369450075552,0.0025772929657250643
971,0,16,0.2303437249502167,0.002571993973106146,346463.649893563,346463.877665294,346463.649998563,346463.665297224,346463.8753338,346463.8753439,0.22777173097711056,0.01529866101918742,0.21003657596884295,0.0023213939857669175
972,0,16,0.23411701497389004,0.0025717929820530117,346463.980526037,346464.212071259,346463.980631437,346463.996064699,346464.209528266,346464.209539766,0.23154522199183702,0.015433262044098228,0.2134635669644922,0.0025314929662272334
973,0,16,0.23427521501434967,0.0024585939827375114,346464.314811803,346464.546628424,346464.314913503,346464.330516764,346464.54420063,346464.54420913,0.23181662103161216,0.015603261010255665,0.2136838659644127,0.0024192940327338874
974,0,16,0.23235591902630404,0.002583592024166137,346464.649497267,346464.879269594,346464.649600067,346464.665249128,346464.8768847,346464.8768931,0.2297723270021379,0.015649061009753495,0.21163557196268812,0.0023764939978718758
975,0,16,0.23045452503720298,0.0024384940043091774,346464.982055437,346465.210071468,346464.982158237,346464.997682698,346465.207767874,346465.207775974,0.2280160310328938,0.015524460992310196,0.21008517598966137,0.002295494021382183
976,0,16,0.2335042170016095,0.0024500939762219787,346465.312729812,346465.543783935,346465.312834211,346465.328141273,346465.541476741,346465.541490941,0.23105412302538753,0.01530706201447174,0.21333546802634373,0.0022929940023459494
977,0,16,0.23344311700202525,0.0024631930282339454,346465.646596178,346465.877576102,346465.646699278,346465.662132639,346465.875196808,346465.875204808,0.2309799239737913,0.015433360997121781,0.2130641690455377,0.0023712939582765102
978,0,16,0.24127390002831817,0.002525094023440033,346465.980375245,346466.219124051,346465.980479845,346465.995819007,346466.216735657,346466.216743857,0.23874880600487813,0.015339161967858672,0.22091665002517402,0.0023801939678378403
979,0,16,0.23475141602102667,0.002499793015886098,346466.321887296,346466.554138919,346466.321990296,346466.337294158,346466.551763324,346466.551771624,0.23225162300514057,0.01530386199010536,0.21446916600689292,0.002367294975556433
980,0,16,0.2356924139894545,0.002558693988248706,346466.657051163,346466.890184883,346466.657155162,346466.672794024,346466.887766689,346466.887775089,0.2331337200012058,0.01563886197982356,0.21497266500955448,0.0024097940186038613
981,0,16,0.23328732000663877,0.0025183940306305885,346466.992961928,346467.223730854,346466.993065327,346467.008268589,346467.22142066,346467.22142896,0.23076892597600818,0.01520326198078692,0.21315207099542022,0.0023018940119072795
982,1,16,0.24196649802615866,0.0024709930294193327,346467.326559698,346467.566055203,346467.326656598,346467.34183946,346467.563592209,346467.563645509,0.23949550499673933,0.015182862000074238,0.221752748999279,0.002409693959634751
983,0,16,0.24336329498328269,0.002510493970476091,346467.668843747,346467.909696548,346467.668993147,346467.684426608,346467.907238954,346467.907247354,0.2408528010128066,0.01543346099788323,0.2228123460081406,0.0024491940275765955
984,0,16,0.26449454203248024,0.002443694043904543,346468.012471993,346468.274522841,346468.012575393,346468.028075854,346468.271983648,346468.271992448,0.2620508479885757,0.015500460984185338,0.24390779400710016,0.0025303929578512907
985,0,16,0.23073372599901631,0.002552493999246508,346468.377371486,346468.605552718,346468.377484185,346468.392898247,346468.603212524,346468.603220924,0.2281812319997698,0.015414062014315277,0.2103142769774422,0.0023317940067499876
986,0,16,0.23348691896535456,0.002500292961485684,346468.708281963,346468.939268589,346468.708383463,346468.723978224,346468.936874995,346468.936883195,0.23098662600386888,0.015594761003740132,0.21289677103050053,0.002385394007433206
987,4,16,0.2632114459993318,0.0024490939686074853,346469.042093933,346469.302856285,346469.042196033,346469.057545495,346469.300224691,346469.300233191,0.2607623520307243,0.015349461988080293,0.2426791960024275,0.0026230940129607916
988,2,16,0.25182567397132516,0.0024561939644627273,346469.405664629,346469.655034109,346469.405769029,346469.421155591,346469.652457716,346469.652466116,0.24936948000686243,0.015386561979539692,0.2313021250301972,0.0025679930113255978
989,0,16,0.2377257090411149,0.0025067940005101264,346469.757791754,346469.993010669,346469.757892254,346469.773196116,346469.990537775,346469.990546775,0.23521891504060477,0.01530386199010536,0.2173416590085253,0.0024638940230943263
990,0,16,0.22956082999007776,0.0024825939908623695,346470.095896113,346470.322974349,346470.096000013,346470.111401075,346470.320627955,346470.320636055,0.2270782359992154,0.015401061973534524,0.209226880047936,0.0023382939980365336
991,0,16,0.24313849600730464,0.00253889401210472,346470.425818793,346470.666418395,346470.425919493,346470.441248055,346470.663704402,346470.663712802,0.24059960199519992,0.015328562003560364,0.2224563469644636,0.002705593011341989
992,0,16,0.2366296109976247,0.0024788930313661695,346470.76921374,346471.003364458,346470.769312239,346470.787670094,346471.000859464,346471.000868064,0.23415071796625853,0.018357854976784438,0.21318936999887228,0.0024963939795270562
993,0,16,0.23809390800306574,0.002487194025889039,346471.106099502,346471.341706216,346471.106205702,346471.122173562,346471.339202223,346471.339210523,0.2356067139771767,0.015967860003001988,0.21702866099076346,0.0024956929846666753
994,0,16,0.23633411200717092,0.00248909299261868,346471.444499761,346471.67834478,346471.444599861,346471.461256719,346471.675787786,346471.675797086,0.23384501901455224,0.016656858031637967,0.214531067002099,0.0025476940209046006
995,0,16,0.2320255229715258,0.0025414939736947417,346471.781239924,346472.010723953,346471.781343924,346471.796980485,346472.008378759,346472.008386859,0.22948402899783105,0.01563656103098765,0.21139827399747446,0.0023370940471068025
996,0,16,0.2303489270270802,0.002498494053725153,346472.113546398,346472.341396831,346472.113647498,346472.129347358,346472.339029437,346472.339038737,0.22785043297335505,0.015699859999585897,0.20968207897385582,0.0023580939741805196
997,0,16,0.24341039499267936,0.0024709940189495683,346472.444097276,346472.685036677,346472.444201576,346472.459694437,346472.682581583,346472.682589683,0.2409394009737298,0.01549286098452285,0.2228871459956281,0.00244699401082471
998,0,16,0.23349761898862198,0.0024040929856710136,346472.787710622,346473.018804148,346472.787812522,346472.803467383,346473.016469253,346473.016477953,0.23109352600295097,0.015654861053917557,0.21300186996813864,0.002326195011846721
999,0,16,0.2339858179911971,0.0024400930269621313,346473.121573092,346473.353118817,346473.121674992,346473.136890754,346473.350745222,346473.350753422,0.23154572496423498,0.015215761959552765,0.21385446802014485,0.002365394961088896
1000,0,16,0.23054152698023245,0.002460493997205049,346473.455884561,346473.683965594,346473.455986861,346473.471676922,346473.6814851,346473.6814982,0.2280810329830274,0.015690060972701758,0.20980817801319063,0.002467393991537392
