request_id,num_generated_notes,generation_start_tick,round_trip_time,total_network_latency,server_request_arrival_time,server_response_output_time,server_preprocess_start_time,server_inference_start_time,server_inference_end_time,server_postprocess_start_time,server_processing_duration,preprocess_duration,inference_duration,postprocess_duration
1,0,16,0.5557632689597085,0.003635391010902822,345089.051214935,345089.603342813,345089.051362835,345089.202381773,345089.602941014,345089.602957314,0.5521278779488057,0.15101893799146637,0.4005592410103418,0.00038549897726625204
2,0,16,0.06800003797980025,0.002590993943158537,345089.706051667,345089.771460711,345089.706161867,345089.710048358,345089.771051012,345089.771060712,0.06540904403664172,0.003886491002049297,0.061002653965260834,0.000399999029468745
3,0,16,0.0660781409824267,0.0026764930225908756,345089.874381665,345089.937783313,345089.874493064,345089.878354755,345089.937432314,345089.937442214,0.06340164795983583,0.0038616909878328443,0.059077558980789036,0.0003410989884287119
4,0,16,0.06579314300324768,0.002547193958889693,345090.040733266,345090.103979215,345090.040841266,345090.044808157,345090.103634416,345090.103643316,0.06324594904435799,0.003966891032177955,0.05882625898811966,0.0003358990070410073
5,3,16,0.0981928650289774,0.002638393023516983,345090.207018468,345090.30257294,345090.207129768,345090.211278958,345090.302042541,345090.302051541,0.09555447200546041,0.004149190033785999,0.09076358296442777,0.0005213990225456655
6,0,16,0.05915615800768137,0.0027641929918900132,345090.405450894,345090.461842859,345090.405561093,345090.409313884,345090.46144756,345090.46145626,0.05639196501579136,0.003752790973521769,0.05213367601390928,0.00038659898564219475
7,0,16,0.06213615101296455,0.002767093013972044,345090.565015912,345090.62438497,345090.565128411,345090.568950102,345090.623989871,345090.624002671,0.0593690579989925,0.003821691032499075,0.055039768980350345,0.00038229901110753417
8,0,16,0.0634350489708595,0.002636094985064119,345090.727267024,345090.788065978,345090.727377623,345090.731431614,345090.787675179,345090.787683979,0.06079895398579538,0.0040539909969083965,0.0562435649917461,0.00038199895061552525
9,1,16,0.0681568369618617,0.0027357929502613842,345090.891199431,345090.956620475,345090.891323431,345090.895171222,345090.956155376,345090.956164276,0.06542104401160032,0.0038477909984067082,0.06098415399901569,0.0004561989917419851
10,0,16,0.054446769994683564,0.002567894000094384,345091.059468529,345091.111347405,345091.059579229,345091.063706819,345091.110985706,345091.110994306,0.05187887599458918,0.004127590043935925,0.0472788869519718,0.0003530990215949714
11,0,16,0.054985567985568196,0.0025923940120264888,345091.214305459,345091.266698633,345091.214417558,345091.218489749,345091.266290034,345091.266307134,0.05239317397354171,0.004072191019076854,0.04780028498498723,0.00039149896474555135
12,0,16,0.05653636500937864,0.002650494046974927,345091.369595887,345091.423481758,345091.369712987,345091.372228481,345091.423100759,345091.423114759,0.053885870962403715,0.0025154940085485578,0.050872277992311865,0.00036699901102110744
13,0,16,0.07020573201589286,0.002820093068294227,345091.526377712,345091.593763351,345091.526487412,345091.529248705,345091.593100252,345091.593165452,0.06738563894759864,0.0027612930280156434,0.06385154696181417,0.0005978989647701383
14,0,16,0.1320658850017935,0.0031224929844029248,345091.697294103,345091.826237495,345091.697433803,345091.703876188,345091.825813596,345091.825822796,0.12894339201739058,0.0064423850271850824,0.12193740799557418,0.0004146990249864757
15,0,16,0.04595048999181017,0.0026626940234564245,345091.929130849,345091.972418645,345091.929258049,345091.931776143,345091.972040046,345091.972048846,0.04328779596835375,0.0025180940283462405,0.04026390297804028,0.00036979897413402796
16,0,16,0.03791750897653401,0.002525792981032282,345092.075416699,345092.110808415,345092.075526499,345092.078018593,345092.110422616,345092.110431216,0.03539171599550173,0.0024920940049923956,0.03240402298979461,0.000377198972273618
17,0,16,0.05302267300430685,0.0026589930057525635,345092.213566369,345092.263930049,345092.213675769,345092.215915063,345092.263547949,345092.263556449,0.05036367999855429,0.002239294000901282,0.047632886038627476,0.0003736000508069992
18,0,16,0.041788000031374395,0.002503794035874307,345092.366853702,345092.406137908,345092.366962802,345092.369654496,345092.40571181,345092.405721509,0.03928420599550009,0.0026916940114460886,0.03605731396237388,0.0004163989797234535
19,0,16,0.03782280901214108,0.0029235919937491417,345092.509187462,345092.544086679,345092.509310062,345092.511889356,345092.54354058,345092.54355038,0.03489921701839194,0.0025792940286919475,0.03165122400969267,0.0005362990195862949
20,0,16,0.03492191602708772,0.002669094013981521,345092.647072533,345092.679325355,345092.647194032,345092.649709226,345092.678921056,345092.678929356,0.0322528220131062,0.0025151940062642097,0.029211829998530447,0.0003959989990107715
21,0,16,0.03478431701660156,0.002616394020151347,345092.78221641,345092.814384333,345092.782327009,345092.784722304,345092.813899134,345092.813908334,0.032167922996450216,0.002395294955931604,0.029176830023061484,0.00047599896788597107
22,0,16,0.038235309009905905,0.002696893992833793,345092.917378487,345092.952916902,345092.917509486,345092.920983878,345092.952503503,345092.952511903,0.03553841501707211,0.003474391996860504,0.03151962498668581,0.00040499900933355093
23,0,16,0.03524411597754806,0.0024868949549272656,345093.055873356,345093.088630577,345093.055980555,345093.058625249,345093.088241378,345093.088250478,0.0327572210226208,0.0026446940028108656,0.029616129002533853,0.00038009905256330967
24,0,16,0.03585381497396156,0.0028936939779669046,345093.191650031,345093.224610152,345093.191758231,345093.194303825,345093.224209353,345093.224218153,0.03296012099599466,0.0025455939467065036,0.029905528004746884,0.00039199902676045895
25,0,16,0.0357680149609223,0.002591893950011581,345093.327629406,345093.360805527,345093.327745606,345093.330449799,345093.360425828,345093.360434528,0.03317612101091072,0.0027041930006816983,0.029976029007229954,0.0003709990414790809
26,0,16,0.035055615997407585,0.0024925940087996423,345093.463694481,345093.496257503,345093.463803081,345093.466309375,345093.495839204,345093.495848904,0.03256302198860794,0.0025062939967028797,0.029529828985687345,0.00040859897853806615
27,0,16,0.03540321602486074,0.002627893991302699,345093.599161557,345093.631936879,345093.599281657,345093.60214015,345093.63154228,345093.63155038,0.03277532203355804,0.002858492953237146,0.029402130050584674,0.0003864989848807454
28,0,16,0.049908881017472595,0.0026457940111868083,345093.734757633,345093.78202072,345093.734867533,345093.739211423,345093.781465322,345093.781474822,0.04726308700628579,0.004343889944721013,0.042253899038769305,0.0005458979867398739
29,0,16,0.04957498097792268,0.0027197920135222375,345093.884996474,345093.931851663,345093.885110374,345093.889202164,345093.931433664,345093.931442564,0.04685518896440044,0.004091790004167706,0.04223149997415021,0.00040909898234531283
30,0,16,0.04687218798790127,0.002544193994253874,345094.034709417,345094.079037411,345094.034817217,345094.03746821,345094.078560612,345094.078570312,0.0443279939936474,0.0026509930030442774,0.04109240201069042,0.0004670990165323019
31,0,16,0.047303587023634464,0.002640394028276205,345094.181994965,345094.226658158,345094.182109465,345094.185139658,345094.226257059,345094.226265559,0.04466319299535826,0.0030301929800771177,0.04111740103689954,0.00039259903132915497
32,0,16,0.048726782959420234,0.002868591924197972,345094.329758912,345094.375617103,345094.329868212,345094.333787803,345094.375221704,345094.375230404,0.04585819103522226,0.003919591021258384,0.04143390100216493,0.0003866989864036441
33,0,16,0.04718378704274073,0.0026680940645746887,345094.478566757,345094.52308245,345094.478676756,345094.48156345,345094.522610051,345094.522620651,0.044515692978166044,0.002886693982873112,0.041046600963454694,0.00046179897617548704
34,0,16,0.04650008899625391,0.0025935929734259844,345094.626081704,345094.6699882,345094.626191104,345094.628993897,345094.669550301,345094.669563101,0.04390649602282792,0.0028027929947711527,0.04055640398291871,0.00042509898776188493
35,0,16,0.04653068899642676,0.0025878939777612686,345094.772892854,345094.816835649,345094.773009454,345094.775946247,345094.81643285,345094.81644135,0.04394279501866549,0.002936792967375368,0.040486603043973446,0.0003942990442737937
36,0,16,0.046805488993413746,0.002668193948920816,345094.919743303,345094.963880598,345094.919855703,345094.922736396,345094.963467199,345094.963475399,0.04413729504449293,0.002880693005863577,0.04073080298257992,0.0004051990108564496
37,0,16,0.046496289025526494,0.002703694044612348,345095.066913152,345095.110705747,345095.067024352,345095.069778045,345095.110290048,345095.110298448,0.043792594980914146,0.0027536929701454937,0.040512003004550934,0.00040729896863922477
38,0,16,0.04671778797637671,0.002596593927592039,345095.213605402,345095.257726596,345095.213716101,345095.216541995,345095.257302597,345095.257311297,0.04412119404878467,0.0028258939855732024,0.04076060198713094,0.00041529902955517173
39,0,16,0.04671608901116997,0.0026074950001202524,345095.360606551,345095.404715145,345095.36071635,345095.363529244,345095.404158047,345095.404167447,0.04410859401104972,0.0028128939447924495,0.040628803020808846,0.000547698000445962
40,0,16,0.04737588600255549,0.0025829930091276765,345095.5076271,345095.552419993,345095.507736199,345095.510667492,345095.551849294,345095.551866994,0.04479289299342781,0.0029312929837033153,0.0411818019929342,0.0005529989721253514
41,0,16,0.04716348700458184,0.0026681929593905807,345095.655455547,345095.699950841,345095.655578747,345095.65851964,345095.699515142,345095.699523742,0.04449529404519126,0.0029408929985947907,0.040995502029545605,0.00042709900299087167
42,0,16,0.04666988895041868,0.0026002938975580037,345095.802827195,345095.84689679,345095.802934895,345095.805717488,345095.846481691,345095.846490191,0.04406959505286068,0.0027825930155813694,0.04076420300407335,0.0004065990215167403
43,0,16,0.04708688805112615,0.0026253940886817873,345095.949816644,345095.994278138,345095.949925444,345095.952934037,345095.993789939,345095.993798539,0.044461493962444365,0.0030085930484347045,0.040855901956092566,0.0004795989952981472
44,0,16,0.046934984042309225,0.0026747920783236623,345096.097302792,345096.141562984,345096.097412292,345096.100447485,345096.141107685,345096.141126785,0.04426019196398556,0.0030351930181495845,0.040660200000274926,0.0004361989558674395
45,0,16,0.04658154700882733,0.0025473919813521206,345096.244548945,345096.2885831,345096.244667244,345096.247566435,345096.288160201,345096.288169501,0.04403415502747521,0.0028991909930482507,0.04059376596705988,0.000413599016610533
46,4,16,0.08267032797448337,0.002720590971875936,345096.39158406,345096.471533797,345096.39169956,345096.39463725,345096.470916099,345096.470924499,0.07994973700260743,0.0029376900056377053,0.07627884898101911,0.0006092980038374662
47,0,16,0.05793420999543741,0.002489892009180039,345096.574418958,345096.629863276,345096.574528258,345096.577473648,345096.629257678,345096.629266578,0.055444317986257374,0.0029453900060616434,0.05178402998717502,0.0005966979661025107
48,0,16,0.0562302140169777,0.0028046900406479836,345096.732820237,345096.786245761,345096.732930836,345096.737501721,345096.785714663,345096.785723363,0.053425523976329714,0.004570885037537664,0.04821294196881354,0.0005223979824222624
49,0,16,0.12817687797360122,0.0027041910216212273,345096.889213422,345097.014686109,345096.889326322,345096.898124293,345097.01423341,345097.01424261,0.12547268695198,0.008797971007879823,0.11610911699244753,0.0004434989532455802
50,0,16,0.04721644503297284,0.0026484919944778085,345097.11767137,345097.162239323,345097.11778297,345097.12076186,345097.161641525,345097.161650225,0.044567953038495034,0.0029788899701088667,0.040879665000829846,0.0005890980246476829
51,0,16,0.03859777300385758,0.0026565910084173083,345097.265295684,345097.301236866,345097.265415583,345097.268397274,345097.300786167,345097.300795367,0.035941181995440274,0.0029816910391673446,0.03238889295607805,0.00044149899622425437
52,0,16,0.03985436900984496,0.002738491049967706,345097.404277926,345097.441393804,345097.404396726,345097.40926481,345097.440958306,345097.440967506,0.03711587795987725,0.004868083982728422,0.031693496042862535,0.00042629800736904144
53,0,16,0.03850877296645194,0.002529492019675672,345097.544239966,345097.580219247,345097.544354465,345097.547222256,345097.579725949,345097.579734449,0.03597928094677627,0.0028677910449914634,0.03250369295710698,0.0004847979871556163
54,0,16,0.038744873018004,0.0026381920324638486,345097.683079309,345097.71918599,345097.683195108,345097.687327795,345097.718736791,345097.718746091,0.03610668098554015,0.0041326869977638125,0.031408995972014964,0.000439898984041065
55,0,16,0.04130816401448101,0.002598791033960879,345097.822097551,345097.860806924,345097.822214351,345097.825084741,345097.860378925,345097.860387425,0.03870937298052013,0.0028703900170512497,0.03529418399557471,0.00041949900332838297
56,0,16,0.040714766015298665,0.0027163910563103855,345097.963687485,345098.00168586,345097.963803685,345097.96845987,345098.001197262,345098.001206262,0.03799837495898828,0.004656185046769679,0.032737392000854015,0.00047959800576791167
57,0,16,0.03725297702476382,0.002659791032783687,345098.104662121,345098.139255307,345098.104772821,345098.107888811,345098.138826609,345098.138834909,0.034593185991980135,0.0031159899663180113,0.030937798030208796,0.00042039796244353056
58,0,16,0.039240171026904136,0.0033950890065170825,345098.242340868,345098.27818595,345098.242450868,345098.245439158,345098.277746652,345098.277755152,0.035845082020387053,0.0029882899834774435,0.03230749402428046,0.0004307979834266007
59,0,16,0.03952336998190731,0.0026160909910686314,345098.381796609,345098.418703888,345098.381907609,345098.384923099,345098.41812569,345098.41813499,0.03690727899083868,0.0030154900159686804,0.03320259100291878,0.0005688980454578996
60,0,16,0.03869897295953706,0.0026472919271327555,345098.521743149,345098.55779483,345098.521852548,345098.524989738,345098.557343032,345098.557351532,0.036051681032404304,0.003137190011329949,0.03235329396557063,0.0004432980204001069
61,0,16,0.03845027304487303,0.0026022910606116056,345098.660680192,345098.696528174,345098.660788091,345098.664019781,345098.695994075,345098.696004275,0.03584798198426142,0.0032316899741999805,0.03197429399006069,0.000523898983374238
62,0,16,0.038501172966789454,0.0026414910098537803,345098.799403535,345098.835263217,345098.799516735,345098.802772924,345098.834768319,345098.834777119,0.035859681956935674,0.00325618899660185,0.03199539496563375,0.00048609799705445766
63,0,16,0.059084806009195745,0.0027651909622363746,345098.938246278,345098.994565893,345098.938360378,345098.941692367,345098.994069795,345098.994078795,0.05631961504695937,0.003331989049911499,0.05237742798635736,0.00048709800466895103
64,0,16,0.060288001026492566,0.0027132900431752205,345099.097601954,345099.155176665,345099.097709854,345099.100957743,345099.154695966,345099.154706466,0.057574710983317345,0.0032478889916092157,0.05373822298133746,0.00047019898192957044
65,0,16,0.05411022197222337,0.0024455919628962874,345099.258007127,345099.309671757,345099.258117126,345099.261412215,345099.309207258,345099.309215958,0.051664630009327084,0.0032950890017673373,0.047795042977668345,0.00045579898869618773
66,0,16,0.0642047879518941,0.002783789939712733,345099.412705118,345099.474126116,345099.412821417,345099.417555202,345099.473544118,345099.473552617,0.06142099801218137,0.004733784997370094,0.05598891602130607,0.0005734990118071437
67,0,16,0.05441652098670602,0.0024879919947125018,345099.576995177,345099.628923706,345099.577104977,345099.580385966,345099.628421108,345099.628433008,0.05192852899199352,0.0032809890108183026,0.04803514201194048,0.0004906980320811272
68,0,16,0.06006482301745564,0.0027576920110732317,345099.731862768,345099.789169899,345099.731974468,345099.736745752,345099.7886268,345099.7886363,0.057307131006382406,0.004771284002345055,0.051881048013456166,0.0005335989990271628
69,0,16,0.0545201679924503,0.002579892985522747,345099.89214295,345099.944083225,345099.89226955,345099.895362342,345099.943625926,345099.943634726,0.05194027500692755,0.00309279200155288,0.048263583972584456,0.00044849899131804705
70,4,16,0.09199407801497728,0.002598694059997797,345100.046912976,345100.13630836,345100.047021676,345100.050294068,345100.135620962,345100.135631062,0.08939538395497948,0.003272392030339688,0.08532689401181415,0.0006772979977540672
71,1,16,0.06553454202366993,0.002632694027852267,345100.239268411,345100.302170259,345100.239390311,345100.2440076,345100.301618361,345100.301627961,0.06290184799581766,0.004617288999725133,0.05761076096678153,0.0005422980175353587
72,0,16,0.05842635896988213,0.0027074929676018655,345100.40518711,345100.460905976,345100.40530531,345100.408690402,345100.460452777,345100.460461377,0.055718866002280265,0.003385092015378177,0.05176237499108538,0.0004445990198291838
73,0,16,0.06235044897766784,0.00249949301360175,345100.563794527,345100.623645483,345100.563902927,345100.567250919,345100.623191184,345100.623199984,0.05985095596406609,0.0033479920239187777,0.055940265010576695,0.00044549896847456694
74,0,16,0.054560368007514626,0.002629293012432754,345100.726580134,345100.778511209,345100.726690234,345100.729911926,345100.77807501,345100.77808411,0.05193107499508187,0.0032216920517385006,0.048163083964027464,0.00042709900299087167
75,0,16,0.05901845794869587,0.002638593956362456,345100.88148146,345100.937861324,345100.88158996,345100.884787452,345100.937398325,345100.937407325,0.05637986399233341,0.003197491983883083,0.05261087301187217,0.00045399897499009967
76,0,16,0.05704436299856752,0.0026877939817495644,345101.040751975,345101.095108544,345101.040860775,345101.044136967,345101.094664045,345101.094672745,0.05435656901681796,0.003276192001067102,0.050527078041341156,0.0004357990110293031
77,0,16,0.056573364010546356,0.002717594034038484,345101.198129695,345101.251985465,345101.198243395,345101.201487587,345101.251487766,345101.251496266,0.05385576997650787,0.0032441919902339578,0.05000017897691578,0.0004891990101896226
78,0,16,0.0543576690251939,0.002603094035293907,345101.354985616,345101.406740191,345101.355094316,345101.358409008,345101.406245793,345101.406255593,0.05175457498989999,0.003314692003186792,0.04783678497187793,0.0004845979856327176
79,0,16,0.05328537098830566,0.0026025939732789993,345101.509760043,345101.56044282,345101.509881642,345101.513321634,345101.559936121,345101.559944321,0.05068277701502666,0.003439991967752576,0.046614487015176564,0.0004984990227967501
80,0,16,0.05114147701533511,0.002852394012734294,345101.663445772,345101.711734855,345101.663564171,345101.666906863,345101.711224656,345101.711233656,0.04828908300260082,0.003342691983561963,0.04431779304286465,0.0005011990433558822
81,0,16,0.05511346703860909,0.0025273930514231324,345101.814681006,345101.86726708,345101.814799206,345101.818126598,345101.866800981,345101.866809681,0.052586073987185955,0.003327392041683197,0.04867438296787441,0.0004573990008793771
82,0,16,0.056312864006031305,0.0029857929912395775,345101.970404031,345102.023731102,345101.97051483,345101.973808622,345102.023205503,345102.023215803,0.05332707101479173,0.0032937919604592025,0.04939688101876527,0.0005152989760972559
83,0,16,0.057542660972103477,0.00246769399382174,345102.126688953,345102.18176392,345102.126803253,345102.130322545,345102.181304321,345102.181312921,0.055074966978281736,0.003519291989505291,0.050981775973923504,0.00045099901035428047
84,0,16,0.05860475898953155,0.0026813939912244678,345102.284743572,345102.340666937,345102.284857971,345102.288167263,345102.340203338,345102.340211938,0.05592336499830708,0.003309291962068528,0.052036075037904084,0.00045499898260459304
85,0,16,0.03760590899037197,0.0024645940284244716,345102.443404489,345102.478545804,345102.443512989,345102.44685278,345102.478103505,345102.478112305,0.0351413149619475,0.0033397910301573575,0.03125072497641668,0.0004334989935159683
86,0,16,0.041839099023491144,0.0028054940630681813,345102.581415056,345102.620448661,345102.581525555,345102.586310644,345102.619911363,345102.619919563,0.03903360496042296,0.004785088996868581,0.03360071900533512,0.0005290979752317071
87,0,16,0.0399825029890053,0.0025839939480647445,345102.723574313,345102.760972822,345102.723682512,345102.727036304,345102.760472124,345102.760481324,0.03739850904094055,0.0033537920098751783,0.03343581996159628,0.0004914980381727219
88,0,16,0.03730830998392776,0.0026619929703883827,345102.863832974,345102.898479291,345102.863948774,345102.867393766,345102.897843992,345102.897857392,0.034646317013539374,0.0034449920058250427,0.030450225982349366,0.0006218990311026573
89,0,16,0.040678502002265304,0.00258179398952052,345103.001426442,345103.03952315,345103.001538442,345103.006705129,345103.038994652,345103.039005052,0.038096708012744784,0.005166687013115734,0.032289522991050035,0.0005180980078876019
90,0,16,0.03652261203387752,0.00273299403488636,345103.142526102,345103.17631572,345103.142651701,345103.146134693,345103.175854921,345103.175864121,0.03378961799899116,0.0034829920041374862,0.029720227990765125,0.0004515990149229765
91,0,16,0.038355207012500614,0.002552093064878136,345103.279219372,345103.315022486,345103.279332472,345103.282812463,345103.314510487,345103.314519187,0.03580311394762248,0.0034799909917637706,0.03169802401680499,0.0005032989429309964
92,0,16,0.05070817796513438,0.0034140919451601803,345103.418694035,345103.465988121,345103.418866035,345103.423768523,345103.465456323,345103.465465623,0.0472940860199742,0.004902487969957292,0.04168780002510175,0.0005224979831837118
93,0,16,0.04237699799705297,0.0026859939680434763,345103.568983073,345103.608674077,345103.569101773,345103.574775959,345103.608170278,345103.608179378,0.03969100402900949,0.0056741859880276024,0.033394319005310535,0.0004946990520693362
94,0,16,0.03868820599745959,0.002575393009465188,345103.711655929,345103.747768742,345103.711773528,345103.716699517,345103.747299143,345103.747309443,0.0361128129879944,0.004925988963805139,0.030599626014009118,0.0004592989571392536
95,0,16,0.039816103992052376,0.0027103929896838963,345103.850848293,345103.887954004,345103.850970693,345103.855795381,345103.887491005,345103.887499505,0.03710571100236848,0.004824688017833978,0.03169562399853021,0.00045449897879734635
96,0,16,0.037852007953915745,0.002660091908182949,345103.990831255,345104.026023171,345103.990940955,345103.994432547,345104.025540372,345104.025548772,0.035191916045732796,0.0034915920114144683,0.031107824994251132,0.0004743990139104426
97,0,16,0.05976934899808839,0.002671592985279858,345104.128919622,345104.186017378,345104.129043722,345104.132452414,345104.185532179,345104.185540979,0.05709775601280853,0.003408692020457238,0.05307976499898359,0.00047639902913942933
98,0,16,0.060001644014846534,0.0026697940193116665,345104.28907551,345104.34640736,345104.289186109,345104.2927361,345104.345733562,345104.345742162,0.05733184999553487,0.0035499910009093583,0.05299746204400435,0.0006651979638263583
99,0,16,0.061255140986759216,0.0025662939879111946,345104.449285993,345104.50797484,345104.449399093,345104.453056883,345104.507516841,345104.507525741,0.05868884699884802,0.0036577900173142552,0.054459957988001406,0.00044909899588674307
100,0,16,0.05529455601936206,0.002675993018783629,345104.610868173,345104.663486736,345104.610978172,345104.614470863,345104.662984137,345104.662994137,0.05261856300057843,0.0034926910302601755,0.048513273999560624,0.0004925990360789001
101,0,16,0.06405233399709687,0.0025319940177723765,345104.766415468,345104.827935808,345104.766528668,345104.770323458,345104.827414709,345104.827423409,0.06152033997932449,0.0037947900127619505,0.05709125101566315,0.0005123990122228861
102,0,16,0.06481283099856228,0.0026794919976964593,345104.93094684,345104.993080179,345104.93105634,345104.936654025,345104.99259418,345104.99260438,0.06213333900086582,0.005597684998065233,0.05594015499809757,0.0004757989663630724
103,0,16,0.05970524501753971,0.002448994026053697,345105.095930811,345105.153187062,345105.096040711,345105.099576502,345105.152669464,345105.152677964,0.05725625099148601,0.0035357910091988742,0.053092962014488876,0.0005090979975648224
104,0,16,0.058094348991289735,0.002588192990515381,345105.256060395,345105.311566551,345105.256170995,345105.259910485,345105.311058852,345105.311067652,0.055506156000774354,0.0037394899991340935,0.05114836699794978,0.0004988989676348865
105,0,16,0.05916634702589363,0.002693894028197974,345105.414436983,345105.470909436,345105.414548983,345105.41964887,345105.470439237,345105.470448137,0.056472452997695655,0.005099887028336525,0.050790367007721215,0.00046129897236824036
106,0,16,0.06474843196338043,0.002815592975821346,345105.573967768,345105.635900607,345105.574079668,345105.577674859,345105.635243509,345105.635253509,0.06193283898755908,0.003595191054046154,0.05756864999420941,0.0006470980006270111
107,0,16,0.055145955993793905,0.002533092978410423,345105.73890824,345105.791521103,345105.739025539,345105.742864129,345105.791046004,345105.791055304,0.05261286301538348,0.0038385899970307946,0.048181874968577176,0.0004657990066334605
108,0,16,0.05823044799035415,0.0027611919795162976,345105.894423735,345105.949892991,345105.894534635,345105.898186426,345105.949401392,345105.949411492,0.05546925601083785,0.0036517910193651915,0.051214965991675854,0.0004814990097656846
109,0,16,0.05465625802753493,0.0025893940473906696,345106.052877124,345106.104943988,345106.053003023,345106.057362112,345106.104478389,345106.104486689,0.05206686398014426,0.004359089012723416,0.0471162770409137,0.0004572990001179278
110,0,16,0.058683747018221766,0.00257659301860258,345106.207879321,345106.263986475,345106.20799042,345106.211698311,345106.263407776,345106.263423476,0.056107153999619186,0.003707890980876982,0.05170946504222229,0.0005629989900626242
111,0,16,0.05920244596200064,0.002509693964384496,345106.366760508,345106.42345326,345106.366869207,345106.370581298,345106.422932362,345106.422945662,0.05669275199761614,0.0037120910128578544,0.052351063990499824,0.0005075979861430824
112,0,16,0.05919084697961807,0.002634393924381584,345106.526336593,345106.582893046,345106.526444593,345106.530210583,345106.582419947,345106.582428347,0.05655645305523649,0.003765990026295185,0.05220936401747167,0.0004646989982575178
113,0,16,0.0594062460004352,0.0025871939724311233,345106.685757479,345106.742576531,345106.685867178,345106.689566369,345106.742089732,345106.742099232,0.05681905202800408,0.003699190972838551,0.052523363032378256,0.00047729903599247336
114,0,16,0.0589080469799228,0.002636093006003648,345106.845431264,345106.901703218,345106.845541064,345106.849292354,345106.901232219,345106.901240919,0.05627195397391915,0.0037512900307774544,0.051939864992164075,0.0004622989799827337
115,0,16,0.06201883900212124,0.0025562929804436862,345107.00458475,345107.064047296,345107.00471185,345107.009143739,345107.063555897,345107.063569397,0.059462546021677554,0.004431888984981924,0.05441215797327459,0.00047789898235350847
116,1,16,0.06891462102066725,0.002660593017935753,345107.166929929,345107.233183957,345107.167039828,345107.170904218,345107.232637158,345107.232647158,0.0662540280027315,0.00386438996065408,0.061732940026558936,0.0005367990233935416
117,0,16,0.06445173302199692,0.00260699400678277,345107.336127089,345107.397971828,345107.336242089,345107.340128079,345107.39747243,345107.39748163,0.061844739015214145,0.003885990008711815,0.05734435102203861,0.0004901980282738805
118,0,16,0.05843094800366089,0.0026137930108234286,345107.500995061,345107.556812216,345107.501105761,345107.50498395,345107.556345317,345107.556353617,0.05581715499283746,0.003878189017996192,0.05136136699002236,0.00045859901001676917
119,0,16,0.05574025504756719,0.0025187930441461504,345107.659618149,345107.712839611,345107.659727649,345107.663622738,345107.712270612,345107.712279012,0.05322146200342104,0.003895088972058147,0.048647874034941196,0.0005605989717878401
120,0,16,0.05779985000845045,0.002589292998891324,345107.815753443,345107.870964,345107.815867543,345107.820366731,345107.870390101,345107.870399101,0.055210557009559125,0.004499187984038144,0.05002337001496926,0.0005648990045301616
121,0,16,0.0598372450331226,0.0026434940518811345,345107.973819633,345108.031013384,345107.973950133,345107.977899822,345108.030457186,345108.030466886,0.057193750981241465,0.003949688980355859,0.05255736398976296,0.0005464979913085699
122,0,16,0.061624740017578006,0.0025950929848477244,345108.134018817,345108.193048464,345108.134128617,345108.138101006,345108.192558365,345108.192567065,0.05902964703273028,0.0039723889785818756,0.05445735901594162,0.00048139900900423527
123,0,16,0.061159842007327825,0.002621494000777602,345108.296121196,345108.354659544,345108.296243196,345108.300034586,345108.354087945,345108.354096645,0.05853834800655022,0.003791389986872673,0.05405335902469233,0.0005628989893011749
124,0,16,0.05975454498548061,0.002569394011516124,345108.457505977,345108.514691128,345108.457616677,345108.461486067,345108.51418983,345108.51419873,0.05718515097396448,0.0038693899987265468,0.052703763009049,0.000492397986818105
125,0,16,0.056402852991595864,0.002621792024001479,345108.617548761,345108.671329822,345108.617658661,345108.621436551,345108.670792323,345108.670801623,0.053781060967594385,0.0037778900004923344,0.04935577203286812,0.0005281989579088986
126,0,16,0.05593965499429032,0.0025595930055715144,345108.774292354,345108.827672416,345108.774407354,345108.778401544,345108.827199317,345108.827208317,0.05338006198871881,0.003994190017692745,0.04879777296446264,0.0004640989936888218
127,0,16,0.06258613802492619,0.00261439400492236,345108.930512349,345108.990484093,345108.930619849,345108.934834738,345108.989888195,345108.989899295,0.059971744020003825,0.004214888962451369,0.055053457035683095,0.0005847980501130223
128,0,16,0.06466463301330805,0.0026986940065398812,345109.093487026,345109.155452965,345109.093606226,345109.097610915,345109.154946466,345109.154955366,0.06196593900676817,0.004004689049907029,0.05733555095503107,0.000497599015943706
129,0,16,0.0593195459805429,0.0025639929808676243,345109.258350898,345109.315106451,345109.258459298,345109.262599987,345109.314625352,345109.314638652,0.056755552999675274,0.00414068897953257,0.05202536500291899,0.00046779896365478635
130,0,16,0.05916354601504281,0.002606591966468841,345109.418056483,345109.474613437,345109.418164683,345109.422195473,345109.474099638,345109.474108138,0.05655695404857397,0.0040307900053448975,0.05190416501136497,0.0005052990163676441
131,0,16,0.059983743994962424,0.0025577929918654263,345109.57747257,345109.634898521,345109.577582869,345109.581611059,345109.634381622,345109.634391322,0.057425951003097,0.004028190043754876,0.05277056299382821,0.0005071990308351815
132,0,16,0.06482933199731633,0.0025608940050005913,345109.737845954,345109.800114392,345109.737956053,345109.742117042,345109.799548893,345109.799557793,0.06226843799231574,0.004160989017691463,0.05743185098981485,0.0005565989995375276
133,0,16,0.06076324300374836,0.0025644940324127674,345109.902854625,345109.961053374,345109.902966725,345109.907791113,345109.960565776,345109.960574076,0.05819874897133559,0.00482438801554963,0.05277466296683997,0.00047929800348356366
134,0,16,0.059175045986194164,0.002633591997437179,345110.064000707,345110.120542161,345110.064113407,345110.068217996,345110.120045762,345110.120055262,0.056541453988756984,0.0041045889956876636,0.05182776600122452,0.0004868989926762879
135,0,16,0.05900764698162675,0.002526193973608315,345110.223288194,345110.279769647,345110.223398294,345110.227402483,345110.279286649,345110.279295949,0.056481453008018434,0.004004188987892121,0.05188416602322832,0.0004736980190500617
136,0,16,0.06458443199517205,0.002656691998708993,345110.38272368,345110.44465142,345110.38283498,345110.386917269,345110.444131021,345110.444144121,0.06192773999646306,0.004082289000507444,0.057213752006646246,0.0005072989733889699
137,0,16,0.06119694100925699,0.002575393009465188,345110.547522453,345110.606144001,345110.547632752,345110.551732842,345110.605654802,345110.605663002,0.0586215479997918,0.00410009000916034,0.05392196000320837,0.0004809990059584379
138,0,16,0.0578304500086233,0.00259879301302135,345110.708987234,345110.764218891,345110.709098134,345110.713108823,345110.763610392,345110.763619592,0.05523165699560195,0.004010688979178667,0.050501568999607116,0.000599298975430429
139,0,16,0.05735445104073733,0.002701493038330227,345110.867132124,345110.921785082,345110.867241724,345110.871356213,345110.921254083,345110.921264083,0.054652958002407104,0.004114489012863487,0.049897869990672916,0.0005209990194998682
140,0,16,0.060790342977270484,0.002693593967705965,345111.024839715,345111.082936464,345111.024955715,345111.029214303,345111.082430065,345111.082443165,0.05809674900956452,0.004258588014636189,0.05321576201822609,0.0004932989832013845
141,0,16,0.05947424494661391,0.0026735918945632875,345111.185871597,345111.24267225,345111.185982297,345111.190844284,345111.242172551,345111.242180951,0.05680065305205062,0.0048619870212860405,0.051328266970813274,0.0004912990261800587
142,0,16,0.06165344099281356,0.002614994009491056,345111.345584183,345111.40462263,345111.345695483,345111.35069667,345111.404121331,345111.404129731,0.0590384469833225,0.005001187033485621,0.05342466098954901,0.0004928989801555872
143,0,16,0.05856094800401479,0.0025065939989872277,345111.507308464,345111.563362818,345111.507417963,345111.511753152,345111.56281492,345111.56282882,0.05605435400502756,0.004335189005360007,0.05106176796834916,0.0005339979543350637
144,1,16,0.07312271004775539,0.002605192072223872,345111.666291051,345111.736808569,345111.666401651,345111.67059744,345111.73625977,345111.73626837,0.07051751797553152,0.004195788991637528,0.0656623300164938,0.0005401989910751581
145,0,16,0.04256438999436796,0.002731892978772521,345111.839626402,345111.879458899,345111.839736602,345111.843993591,345111.8789343,345111.878943,0.039832497015595436,0.004256989050190896,0.03494070895249024,0.0005158990388736129
146,0,16,0.04079059400828555,0.0025784930330701172,345111.982469832,345112.020681933,345111.982587231,345111.98692822,345112.020186634,345112.020195634,0.038212100975215435,0.004340989049524069,0.03325841395417228,0.00048629898810759187
147,0,16,0.03920579899568111,0.0026257939753122628,345112.123606866,345112.160186871,345112.123717966,345112.127809055,345112.159676772,345112.159685272,0.036580005020368844,0.004091088951099664,0.03186771704349667,0.0005015989881940186
148,0,16,0.03978259995346889,0.0025383939500898123,345112.263037613,345112.300281819,345112.263149812,345112.267459802,345112.29976622,345112.29977462,0.03724420600337908,0.004309989977627993,0.03230641799746081,0.0005071990308351815
149,0,16,0.03779380494961515,0.002574192942120135,345112.403024161,345112.438243773,345112.403134661,345112.40728195,345112.437746974,345112.437756974,0.035219612007495016,0.004147288971580565,0.030465023999568075,0.00048679899191483855
150,0,16,0.0413812969927676,0.002754493965767324,345112.541197614,345112.579824417,345112.541308914,345112.545444503,345112.579288618,345112.579296718,0.03862680302700028,0.004135588998906314,0.033844114979729056,0.0005276990123093128
151,0,16,0.03902150201611221,0.0025573940365575254,345112.682688959,345112.719153067,345112.682797559,345112.687016648,345112.718630869,345112.718640069,0.03646410797955468,0.004219088994432241,0.03161422099219635,0.0005129979690536857
152,0,16,0.03923440200742334,0.002659293997567147,345112.822079809,345112.858654917,345112.822189509,345112.826514298,345112.858107918,345112.858117218,0.036575108009856194,0.004324788984376937,0.031593620020430535,0.0005376989720389247
153,0,16,0.04037599801085889,0.002578692976385355,345112.961597259,345112.999394564,345112.961711658,345112.965982948,345112.998893565,345112.998902165,0.03779730503447354,0.004271290032193065,0.0329106169519946,0.0004923990345560014
154,0,16,0.042683692008722574,0.0026769920368678868,345113.102382505,345113.142389205,345113.102501905,345113.108016791,345113.141788806,345113.141797106,0.04000669997185469,0.005514885997399688,0.033772015012800694,0.0005920989788137376
155,0,16,0.040620297950226814,0.002588692936114967,345113.245286546,345113.283318151,345113.245397146,345113.249682535,345113.282602153,345113.282610853,0.03803160501411185,0.004285389033611864,0.032919618010055274,0.0007072979933582246
156,0,16,0.03910020098555833,0.0025840919697657228,345113.386280092,345113.422796201,345113.386393692,345113.390737581,345113.422201802,345113.422212502,0.03651610901579261,0.004343889013398439,0.031464221014175564,0.0005836990312673151
157,0,16,0.06596733501646668,0.0026309940149076283,345113.525780142,345113.589116483,345113.525904042,345113.530160431,345113.588538385,345113.588550485,0.06333634100155905,0.004256388987414539,0.05837795400293544,0.0005659980233758688
158,0,16,0.056880357034970075,0.0026533930213190615,345113.692079425,345113.746306389,345113.692196925,345113.696667213,345113.74579569,345113.74580369,0.05422696401365101,0.00447028799680993,0.04912847699597478,0.0005026989965699613
159,0,16,0.05410146404756233,0.0025198940420523286,345113.849136631,345113.900718201,345113.849247031,345113.85361852,345113.900152803,345113.900166403,0.05158157000551,0.004371489048935473,0.0465342829702422,0.0005517980316653848
160,0,16,0.058901351992972195,0.002738992974627763,345114.003698143,345114.059860502,345114.003815743,345114.008207532,345114.059320103,345114.059331103,0.05616235901834443,0.004391788970679045,0.051112571032717824,0.0005293990252539515
161,0,16,0.058938451984431595,0.0027449930203147233,345114.162833244,345114.219026703,345114.162954843,345114.167577632,345114.218391104,345114.218400604,0.05619345896411687,0.004622788983397186,0.05081347201485187,0.0006260990048758686
162,0,16,0.05838375398889184,0.0026504939887672663,345114.322068444,345114.377801704,345114.322178444,345114.326609833,345114.377263906,345114.377272506,0.055733260000124574,0.004431388981174678,0.05065407301299274,0.0005291979759931564
163,0,16,0.062385244003962725,0.00252999400254339,345114.480653246,345114.540508496,345114.480763846,345114.485258135,345114.539930297,345114.539941497,0.059855250001419336,0.004494288994465023,0.054672161990311,0.0005669990205205977
164,0,16,0.05458516301587224,0.002584794012364,345114.643428438,345114.695428807,345114.643545337,345114.648697324,345114.694904309,345114.694913109,0.05200036900350824,0.005151986959390342,0.046206985018216074,0.0005156979896128178
165,0,16,0.06090654799481854,0.002560193999670446,345114.798265449,345114.856611803,345114.798375849,345114.802660538,345114.856084004,345114.856092504,0.05834635399514809,0.0042846890282817185,0.05342346598627046,0.0005192990065552294
166,0,16,0.05867305299034342,0.0025712940259836614,345114.959595245,345115.015697004,345114.959705444,345114.964173933,345115.015160405,345115.015169205,0.05610175896435976,0.004468489030841738,0.05098647199338302,0.0005277989548631012
167,0,16,0.06064524798421189,0.0025405940250493586,345115.118468846,345115.1765735,345115.118579346,345115.122939735,345115.175988702,345115.175997402,0.05810465395916253,0.0043603890226222575,0.05304896697634831,0.00057609798386693
168,0,16,0.05645525798900053,0.002555693034082651,345115.279421742,345115.333321307,345115.279533742,345115.283983831,345115.332802909,345115.332811309,0.05389956495491788,0.004450089007150382,0.04881907801609486,0.0005099979462102056
169,0,16,0.05483616201672703,0.0025530930142849684,345115.436121849,345115.488404918,345115.436233049,345115.440545238,345115.48789762,345115.48790602,0.05228306900244206,0.004312188946641982,0.047352382040116936,0.000498897978104651
170,0,16,0.05798665503971279,0.0025736940442584455,345115.59131436,345115.646727321,345115.59142466,345115.595895649,345115.646196523,345115.646209823,0.05541296099545434,0.0044709889916703105,0.05030087399063632,0.0005174979451112449
171,0,16,0.05828835297143087,0.0027241919306106865,345115.749595163,345115.805159324,345115.749707563,345115.754375151,345115.804633025,345115.804641525,0.05556416104082018,0.004667587985750288,0.05025787401245907,0.0005177989951334894
172,0,16,0.059171151951886714,0.00265429395949468,345115.908170666,345115.964687524,345115.908294165,345115.912734654,345115.964154025,345115.964164225,0.05651685799239203,0.004440488992258906,0.05141937104053795,0.0005232990370132029
173,0,16,0.058590953005477786,0.002667993016075343,345116.067583366,345116.123506326,345116.067705166,345116.072356854,345116.122895727,345116.122904727,0.05592295998940244,0.004651687981095165,0.05053887300891802,0.0006015989929437637
174,0,16,0.03986830002395436,0.002598994062282145,345116.226497768,345116.263767074,345116.226613367,345116.231273956,345116.263044676,345116.263053576,0.03726930596167222,0.0046605890383943915,0.03177071997197345,0.0007134979823604226
175,0,16,0.040783797041513026,0.0027214920264668763,345116.366740316,345116.404802621,345116.366869516,345116.371365204,345116.404291622,345116.404300022,0.03806230501504615,0.0044956880155950785,0.03292641800362617,0.000502598995808512
176,0,16,0.039060702023562044,0.0024642940261401236,345116.507486363,345116.544082771,345116.507595063,345116.511942652,345116.543577673,345116.543586173,0.03659640799742192,0.004347588983364403,0.03163502097595483,0.0004965980187989771
177,2,16,0.06627683399710804,0.003015391994267702,345116.647433012,345116.710694454,345116.647606912,345116.654614394,345116.709977956,345116.709986456,0.06326144200284034,0.007007481995970011,0.05536356201628223,0.0007079980568960309
178,0,16,0.040580998989753425,0.0025476940209046006,345116.813476696,345116.851510001,345116.813586496,345116.818019885,345116.850955102,345116.850964202,0.038033304968848825,0.004433388996403664,0.03293521702289581,0.0005457989755086601
179,0,16,0.04005250002956018,0.002630894014146179,345116.954498343,345116.991919949,345116.954611443,345116.959281231,345116.991294551,345116.991303351,0.037421606015414,0.004669788002502173,0.03201332001481205,0.0006165980012156069
180,0,16,0.040382598992437124,0.0026600940036587417,345117.094944391,345117.132666896,345117.095062791,345117.100550577,345117.132140898,345117.132149498,0.03772250498877838,0.0054877859656699,0.03159032098483294,0.0005173980025574565
181,0,16,0.040729797969106585,0.0025621939566917717,345117.235508139,345117.273675743,345117.235617138,345117.240575326,345117.273100144,345117.273110844,0.03816760401241481,0.004958188044838607,0.032524817972444,0.0005648990045301616
182,0,16,0.039587200968526304,0.0026198929990641773,345117.376580485,345117.413547793,345117.376703685,345117.381325473,345117.412980494,345117.412988794,0.036967307969462126,0.004621788044460118,0.031655020953621715,0.0005589990178123116
183,1,16,0.05002617399441078,0.0025566929834894836,345117.516458235,345117.563927716,345117.516569334,345117.521366622,345117.563322217,345117.563331017,0.0474694810109213,0.004797287983819842,0.041955595021136105,0.0005966990138404071
184,0,16,0.04265849303919822,0.0027092930395156145,345117.666752758,345117.706701958,345117.666862858,345117.671497046,345117.706135559,345117.706144159,0.039949199999682605,0.004634188022464514,0.034638512996025383,0.0005577990086749196
185,0,16,0.040238999004941434,0.0025770930224098265,345117.8097236,345117.847385506,345117.8098404,345117.814405088,345117.846860507,345117.846868907,0.03766190598253161,0.004564688017126173,0.03245541895739734,0.0005165989859960973
186,0,16,0.05847415403695777,0.0027298940694890916,345117.950341048,345118.006085308,345117.950450947,345117.955183136,345118.00543421,345118.00544461,0.05574425996746868,0.004732189001515508,0.050251074018888175,0.0006406979518942535
187,0,16,0.060127749980892986,0.002684994018636644,345118.10902545,345118.166468206,345118.10914395,345118.114973835,345118.165786708,345118.165799008,0.05744275596225634,0.005829885019920766,0.05081287299981341,0.0006691979942843318
188,0,16,0.06011944997590035,0.002846793970093131,345118.269636348,345118.326909004,345118.269754648,345118.274734435,345118.326366106,345118.326375306,0.05727265600580722,0.004979787045158446,0.05163167096907273,0.0005336980102583766
189,0,16,0.06096604699268937,0.0026223930181004107,345118.429882746,345118.4882264,345118.430016946,345118.434585835,345118.487695402,345118.487704002,0.05834365397458896,0.0045688890386372805,0.05310956697212532,0.0005223979824222624
190,0,16,0.059230951010249555,0.002559292013756931,345118.591181742,345118.647853401,345118.591292542,345118.595871031,345118.647323002,345118.647331502,0.056671658996492624,0.004578488995321095,0.05145197099773213,0.0005218990263529122
191,0,16,0.06085614796029404,0.0025529939448460937,345118.750538443,345118.808841597,345118.750648443,345118.755345531,345118.808317799,345118.808326799,0.058303154015447944,0.0046970879775471985,0.052972268022131175,0.0005147979827597737
192,0,16,0.058908951992634684,0.0025542930234223604,345118.91171034,345118.968064999,345118.91182144,345118.916667327,345118.9674904,345118.9674987,0.05635465896921232,0.004845887015108019,0.05082307301927358,0.0005662989569827914
193,0,16,0.056378259032499045,0.0025992930168285966,345119.070964341,345119.124743307,345119.071073741,345119.076002729,345119.123997408,345119.124008708,0.05377896601567045,0.004928987997118384,0.04799467901466414,0.0007345990161411464
194,0,16,0.041217796970158815,0.0026466939598321915,345119.227722549,345119.266293652,345119.227834548,345119.233240135,345119.265763253,345119.265772153,0.038571103010326624,0.005405587027780712,0.03252311795949936,0.0005214990233071148
195,0,16,0.03946520097088069,0.0025777939590625465,345119.369098895,345119.405986302,345119.369211794,345119.373902283,345119.405464804,345119.405473604,0.03688740701181814,0.0046904890332371,0.03156252094777301,0.0005126980249769986
196,0,16,0.040657097997609526,0.002539093024097383,345119.508730545,345119.54684855,345119.508836445,345119.513603033,345119.546266851,345119.546275351,0.03811800497351214,0.0047665879828855395,0.03266381804132834,0.0005731989513151348
197,0,16,0.04069169802824035,0.002494793036021292,345119.649705192,345119.687902097,345119.649819292,345119.65464378,345119.687370298,345119.687378598,0.03819690499221906,0.004824488016311079,0.03272651799488813,0.0005234989803284407
198,0,16,0.04142729705199599,0.002740894036833197,345119.790851739,345119.829538142,345119.790988339,345119.795592527,345119.829011943,345119.829020343,0.038686403015162796,0.004604188026860356,0.03341941599501297,0.0005177989951334894
199,0,16,0.0379693050053902,0.0024387940065935254,345119.932322985,345119.967853496,345119.932432885,345119.937203473,345119.967310797,345119.967319497,0.03553051099879667,0.004770588013343513,0.03010732401162386,0.0005339990020729601
200,0,16,0.040157299023121595,0.0025794929824769497,345120.070639239,345120.108217045,345120.070747438,345120.075447827,345120.107648746,345120.107657146,0.037577806040644646,0.004700388992205262,0.03220091899856925,0.0005598990246653557
201,0,16,0.04219898296287283,0.0025574929895810783,345120.211052677,345120.250694167,345120.211168276,345120.216596261,345120.250165868,345120.250174268,0.039641489973291755,0.005427985044661909,0.033569607010576874,0.0005198990111239254
202,0,16,0.04141138499835506,0.0025644919951446354,345120.353492782,345120.392339675,345120.353617882,345120.358689268,345120.391821676,345120.391830676,0.038846893003210425,0.005071385996416211,0.03313240798888728,0.0005089989863336086
203,0,16,0.0422837829682976,0.0024849940091371536,345120.495106691,345120.53490548,345120.49521499,345120.500856375,345120.534223582,345120.534232782,0.03979878895916045,0.005641384981572628,0.03336720704101026,0.0006726979627273977
204,0,16,0.04158958501648158,0.002645793021656573,345120.637878896,345120.676822688,345120.637998795,345120.64344998,345120.676301589,345120.676310189,0.038943791994825006,0.005451184988487512,0.03285160899395123,0.0005124990129843354
205,0,16,0.03993028897093609,0.0025768919731490314,345120.779621103,345120.8169745,345120.779728703,345120.784820489,345120.816389702,345120.816398102,0.03735339699778706,0.005091785977128893,0.03156921302434057,0.0005763980443589389
206,0,16,0.05893123697023839,0.0026739919558167458,345120.919970615,345120.97622786,345120.920129715,345120.925171301,345120.975661761,345120.975670361,0.05625724501442164,0.005041586002334952,0.05049046000931412,0.0005574990063905716
207,0,16,0.05486214900156483,0.0025794939720071852,345121.079205375,345121.13148803,345121.079317074,345121.08443806,345121.130911132,345121.130922232,0.052282655029557645,0.005120986024849117,0.04647307196864858,0.0005657980218529701
208,0,16,0.05797964002704248,0.002677493030205369,345121.234368946,345121.289671093,345121.234484145,345121.239453032,345121.288930395,345121.288943995,0.05530214699683711,0.004968886962160468,0.049477363005280495,0.0007270979695022106
209,0,16,0.06074293196434155,0.002568592957686633,345121.392616208,345121.450790547,345121.392724308,345121.397961793,345121.450180349,345121.450190149,0.05817433900665492,0.005237484991084784,0.05221855599666014,0.0006003979942761362
210,0,16,0.0632984249969013,0.0024635940208099782,345121.553577463,345121.614412294,345121.553692562,345121.558709448,345121.613789796,345121.613802196,0.060834830976091325,0.00501688604708761,0.05508034798549488,0.0006100980099290609
211,0,16,0.060636532958596945,0.0026430939324200153,345121.71736261,345121.775356049,345121.717471209,345121.722641995,345121.774790051,345121.774798451,0.05799343902617693,0.00517078599659726,0.05214805598370731,0.0005575980176217854
212,0,16,0.060288034030236304,0.0025292939972132444,345121.878138065,345121.935896805,345121.878247065,345121.883345151,345121.935195107,345121.935204907,0.05775874003302306,0.005098086025100201,0.05184995598392561,0.0006918980507180095
213,1,16,0.07102930400287732,0.002545094001106918,345122.038837421,345122.107321631,345122.038948621,345122.044095406,345122.106735433,345122.106744033,0.06848421000177041,0.005146784998942167,0.06264002696843818,0.0005775979952886701
214,0,16,0.06112203100929037,0.0026093930355273187,345122.210210547,345122.268723185,345122.210318947,345122.215373033,345122.268128187,345122.268137187,0.05851263797376305,0.005054086039308459,0.05275515397079289,0.0005859980010427535
215,1,16,0.07182130200089887,0.0025568940327502787,345122.371633301,345122.440897709,345122.3717438,345122.376951986,345122.440302211,345122.440310811,0.06926440796814859,0.005208185990341008,0.06335022498387843,0.0005868980078957975
216,0,16,0.05910903704352677,0.002495794033166021,345122.543697525,345122.600310768,345122.543806625,345122.54902651,345122.59976337,345122.59977257,0.05661324301036075,0.005219884973485023,0.05073686002288014,0.0005381979863159359
217,0,16,0.07221810100600123,0.0026221940061077476,345122.703304484,345122.772900391,345122.703419183,345122.708822568,345122.772356893,345122.772367393,0.06959590699989349,0.005403385031968355,0.0635343249887228,0.0005329980049282312
218,0,16,0.061867229000199586,0.0026166930329054594,345122.875751807,345122.935002343,345122.875863407,345122.881096192,345122.934392645,345122.934400845,0.05925053596729413,0.005232785013504326,0.05329645302845165,0.000601497944444418
219,0,16,0.04207128402777016,0.002558592997957021,345123.037949559,345123.07746225,345123.038059458,345123.043381644,345123.076883751,345123.076892451,0.03951269102981314,0.005322185985278338,0.03350210702046752,0.0005697990418411791
220,0,16,0.04103508603293449,0.002685992047190666,345123.180463665,345123.218812759,345123.180581264,345123.18582075,345123.21828036,345123.21828906,0.03834909398574382,0.0052394859958440065,0.03245960996719077,0.0005236989818513393
221,0,16,0.04011148901190609,0.0026366920210421085,345123.321714674,345123.359189471,345123.321824474,345123.32704656,345123.358597372,345123.358606872,0.03747479699086398,0.005222085979767144,0.03155081201111898,0.0005825990228913724
222,0,16,0.040395488031208515,0.002563593036029488,345123.462021487,345123.499853382,345123.462132286,345123.467458472,345123.499242584,345123.499252384,0.03783189499517903,0.005326186015736312,0.03178411198314279,0.0006009979988448322
223,0,16,0.041726084949914366,0.0025544939562678337,345123.602777498,345123.641949089,345123.602891897,345123.608488682,345123.641370091,345123.641378491,0.03917159099364653,0.005596784991212189,0.03288140898803249,0.0005705980001948774
224,0,16,0.04028948798077181,0.0025822919560596347,345123.744770005,345123.782477201,345123.744878405,345123.75021139,345123.781924303,345123.781932703,0.037707196024712175,0.00533298501977697,0.03171291295439005,0.0005444980342872441
225,4,16,0.07293689897051081,0.002540792978834361,345123.885306817,345123.955702923,345123.885412817,345123.890769802,345123.954970925,345123.954979225,0.07039610599167645,0.005356984969694167,0.06420112302294001,0.0007236980018205941
226,0,16,0.03999598900554702,0.0026090919855050743,345124.058499338,345124.095886235,345124.058609238,345124.063848124,345124.095316237,345124.095325037,0.03738689702004194,0.0052388859912753105,0.03146811301121488,0.0005611979868263006
227,0,16,0.04239918303210288,0.0027117920690216124,345124.19899965,345124.238687041,345124.19911805,345124.204762734,345124.238136842,345124.238144942,0.03968739096308127,0.005644684017170221,0.03337410796666518,0.0005420990055426955
228,1,16,0.05192785698454827,0.0025642929831519723,345124.341580456,345124.39094402,345124.341691056,345124.347080141,345124.390322522,345124.390330622,0.0493635640013963,0.005389085039496422,0.04324238101253286,0.0006133980350568891
229,1,16,0.04928986303275451,0.0026487919967621565,345124.493717736,345124.540358807,345124.493827336,345124.49948962,345124.539703309,345124.539711809,0.046641071035992354,0.005662283976562321,0.04021368903340772,0.0006469979998655617
230,0,16,0.040576288010925055,0.002521393005736172,345124.643349723,345124.681404618,345124.643462022,345124.648991107,345124.680827219,345124.680836319,0.03805489500518888,0.005529084999579936,0.03183611197164282,0.0005682990304194391
231,0,16,0.06635521701537073,0.0026804920053109527,345124.784290633,345124.847965358,345124.784413533,345124.790141117,345124.847405559,345124.847414559,0.06367472501005977,0.005727584008127451,0.057264441973529756,0.0005507990135811269
232,0,16,0.06162352999672294,0.002769891987554729,345124.950930073,345125.009783711,345124.951054573,345124.956215659,345125.009236912,345125.009245412,0.05885363800916821,0.0051610859809443355,0.05302125302841887,0.0005382989766076207
233,0,16,0.06193172896746546,0.0026890930021181703,345125.112846126,345125.172088762,345125.112956126,345125.118333311,345125.171501064,345125.171511764,0.05924263596534729,0.005377185007091612,0.05316775297978893,0.000576997990719974
234,0,16,0.055708947009406984,0.0024982940522022545,345125.275039178,345125.328249831,345125.275149178,345125.280612963,345125.327681833,345125.327690833,0.05321065295720473,0.005463785026222467,0.04706886998610571,0.0005589979700744152
235,0,16,0.0620462279766798,0.002904590975958854,345125.431172647,345125.490314284,345125.431283147,345125.436745632,345125.489624285,345125.489632985,0.05914163700072095,0.005462484958115965,0.05287865304853767,0.0006812990177422762
236,0,16,0.060050834028515965,0.002588492992799729,345125.593410699,345125.65087304,345125.593520799,345125.598987483,345125.650291942,345125.650300542,0.057462341035716236,0.005466684000566602,0.05130445898976177,0.0005724980146624148
237,0,16,0.06320742599200457,0.0025315939565189183,345125.753880556,345125.814556388,345125.753988256,345125.75947834,345125.81390379,345125.81391199,0.060675832035485655,0.005490084004122764,0.054425450041890144,0.0006443980382755399
238,0,16,0.05835783900693059,0.002744293014984578,345125.917359005,345125.972972551,345125.917466504,345125.922839889,345125.972394053,345125.972402853,0.05561354599194601,0.005373385036364198,0.04955416399752721,0.0005696979933418334
239,1,16,0.06810141203459352,0.002689492015633732,345126.076157466,345126.141569386,345126.076280266,345126.08212105,345126.140900387,345126.140908787,0.06541192001895979,0.005840783996973187,0.058779337035957724,0.0006605989765375853
240,1,16,0.07037090603262186,0.0030523919849656522,345126.244815701,345126.312134215,345126.2449492,345126.250962084,345126.311451217,345126.311461417,0.06731851404765621,0.006012883968651295,0.06048913300037384,0.0006727980216965079
241,0,16,0.065048920980189,0.002633992990013212,345126.41508143,345126.477496358,345126.41519483,345126.420829515,345126.47685666,345126.47686526,0.062414927990175784,0.005634684988763183,0.056027145008556545,0.000631097995210439
242,0,16,0.05976753501454368,0.0025959930499084294,345126.580385074,345126.637556616,345126.580493274,345126.585950359,345126.636927818,345126.636937718,0.05717154196463525,0.005457084975205362,0.05097745900275186,0.0006188979605212808
243,0,16,0.06102223100606352,0.002586291986517608,345126.740542732,345126.798978671,345126.740651432,345126.746342816,345126.798381773,345126.798400773,0.05843593901954591,0.005691383965313435,0.05203895701561123,0.0005778979975730181
244,0,16,0.06252482702257112,0.002499393012840301,345126.901815387,345126.961840821,345126.901928287,345126.907731671,345126.961277923,345126.961286623,0.060025434009730816,0.005803384003229439,0.05354625202016905,0.0005541980499401689
245,0,16,0.05879293801262975,0.002523693023249507,345127.064748437,345127.121017682,345127.064857237,345127.070594621,345127.120448884,345127.120457184,0.05626924498938024,0.005737384024541825,0.0498542629648,0.0005604980397038162
246,0,16,0.0681973309838213,0.004009989963378757,345127.224711911,345127.288899252,345127.224840511,345127.233433989,345127.288106454,345127.288136153,0.06418734102044255,0.008593478007242084,0.05467246501939371,0.0007630990003235638
247,0,16,0.06443393998779356,0.003519691003020853,345127.392762994,345127.453677243,345127.392938693,345127.402934769,345127.452756445,345127.452787245,0.06091424898477271,0.009996075998060405,0.049821675987914205,0.0008899979875423014
248,0,16,0.06431074102874845,0.004316189035307616,345127.558126883,345127.618121435,345127.558302983,345127.566511663,345127.617215037,345127.617228837,0.05999455199344084,0.008208680024836212,0.05070337397046387,0.0008925980073399842
249,0,16,0.07340111798839644,0.004652087984140962,345127.723017174,345127.791766204,345127.723203374,345127.733246649,345127.790573607,345127.790673106,0.06874903000425547,0.01004327496048063,0.057326958049088717,0.0010930980206467211
250,0,16,0.09364166797604412,0.004360988968983293,345127.896358144,345127.985638823,345127.896530844,345127.903532626,345127.984854025,345127.984877025,0.08928067900706083,0.0070017820107750595,0.08132139901863411,0.0007617980008944869
251,0,16,0.056452960008755326,0.002601394022349268,345128.089225266,345128.143076832,345128.089347166,345128.094975852,345128.142526634,345128.142535334,0.05385156598640606,0.00562868599081412,0.047550781979225576,0.000541498011443764
252,0,16,0.04180099698714912,0.002571794029790908,345128.245823579,345128.285052782,345128.245933078,345128.251829264,345128.284368984,345128.284378684,0.03922920295735821,0.005896185990422964,0.03253972000675276,0.0006740979733876884
253,0,16,0.04368239303585142,0.0028810930089093745,345128.387926929,345128.428728229,345128.388049429,345128.393788415,345128.428051831,345128.428060731,0.040801300026942044,0.0057389860157854855,0.03426341601880267,0.000667498039547354
254,0,16,0.041205298039130867,0.0025137930060736835,345128.532146675,345128.57083818,345128.532255974,345128.537865561,345128.570275381,345128.570284081,0.03869150503305718,0.0056095870095305145,0.032409819948952645,0.000554099038708955
255,0,16,0.041860997036565095,0.0025496940361335874,345128.673632827,345128.71294413,345128.673757627,345128.679520512,345128.712393632,345128.712401832,0.03931130300043151,0.005762884975410998,0.03287311998428777,0.0005422980175353587
256,0,16,0.04287689505144954,0.0025423940387554467,345128.815824977,345128.856159478,345128.815938277,345128.821554763,345128.85560428,345128.85561288,0.04033450101269409,0.005616486014332622,0.03404951700940728,0.0005465979920700192
257,0,16,0.0416969979996793,0.00270189403090626,345128.959078525,345128.998073629,345128.959186925,345128.964986811,345128.997497831,345128.997506731,0.03899510396877304,0.0057998859556391835,0.03251102002104744,0.0005668979720212519
258,0,16,0.041131699050311,0.0025487940292805433,345129.100948477,345129.139531382,345129.101054976,345129.106859862,345129.138885283,345129.138895683,0.038582905021030456,0.00580488599371165,0.03202542103827,0.000635699019767344
259,0,16,0.04043920000549406,0.0025581929949112236,345129.242483629,345129.280364636,345129.242599328,345129.248400314,345129.279788437,345129.279797237,0.037881007010582834,0.005800986022222787,0.0313881229958497,0.0005673989653587341
260,0,16,0.04249549499945715,0.002906592038925737,345129.383424082,345129.423012985,345129.383534282,345129.389548067,345129.422372186,345129.422381786,0.039588902960531414,0.006013785023242235,0.03282411897089332,0.0006311989855021238
261,0,16,0.042918695020489395,0.0024582940386608243,345129.525793232,345129.566253633,345129.525905232,345129.531744218,345129.565563235,345129.565572435,0.04046040098182857,0.005838986020535231,0.03381901700049639,0.0006811980274505913
262,0,16,0.041369299055077136,0.0026792940334416926,345129.66906958,345129.707759585,345129.66917898,345129.675131265,345129.707180087,345129.707188787,0.03869000502163544,0.00595228502061218,0.03204882197314873,0.0005707980017177761
263,0,16,0.041352898988407105,0.0025043939822353423,345129.810711532,345129.849560037,345129.810832132,345129.816544218,345129.849006138,345129.849014338,0.03884850500617176,0.005712085985578597,0.032461919996421784,0.0005456990329548717
264,0,16,0.06524904002435505,0.0027480939752422273,345129.952541584,345130.01504253,345129.952652083,345129.95822977,345130.014444032,345130.014453532,0.06250094604911283,0.00557768699945882,0.05621426197467372,0.0005889980238862336
265,0,16,0.061420348996762186,0.0026854940224438906,345130.118187977,345130.176922832,345130.118312076,345130.123838063,345130.176356334,345130.176364634,0.058734854974318296,0.005525986955035478,0.052518271026201546,0.0005581979639828205
266,0,16,0.06111805001273751,0.0025336940307170153,345130.27970998,345130.338294336,345130.27981948,345130.285554266,345130.337691138,345130.337700237,0.0585843559820205,0.005734785983804613,0.052136871963739395,0.0005940989940427244
267,0,16,0.05534446402452886,0.002593793033156544,345130.441170583,345130.493921254,345130.441279183,345130.447207668,345130.493252955,345130.493264455,0.05275067099137232,0.00592848495580256,0.04604528704658151,0.0006567990058101714
268,0,16,0.06456154101761058,0.0027146920328959823,345130.596984,345130.658830849,345130.5971015,345130.603210485,345130.65815115,345130.65816155,0.0618468489847146,0.006108984991442412,0.05494066496612504,0.0006692989845760167
269,0,16,0.0575140580185689,0.002548192976973951,345130.761847896,345130.816813761,345130.761958095,345130.767941781,345130.816244762,345130.816257862,0.05496586504159495,0.005983686016406864,0.04830298095475882,0.0005558989942073822
270,0,16,0.058289056993089616,0.0024355940404348075,345130.919595708,345130.975449171,345130.919706708,345130.925658293,345130.974890172,345130.974898372,0.05585346295265481,0.005951585015282035,0.04923187900567427,0.000550798955373466
271,0,16,0.059087654983159155,0.002511993981897831,345131.078217119,345131.13479278,345131.078328018,345131.084295004,345131.134214181,345131.134228181,0.056575661001261324,0.0059669860056601465,0.04991917696315795,0.0005645990022458136
272,0,16,0.06463604100281373,0.002625793043989688,345131.237640627,345131.299650875,345131.237750827,345131.243654512,345131.298991876,345131.299002176,0.06201024795882404,0.005903684999793768,0.05533736402867362,0.000648699002340436
273,0,16,0.05736395897110924,0.0027115929406136274,345131.402646222,345131.457298588,345131.402761022,345131.408772407,345131.456641289,345131.456649889,0.054652366030495614,0.006011385004967451,0.04786888201488182,0.000648699002340436
274,0,16,0.06284674600465223,0.0027309940196573734,345131.560222435,345131.620338187,345131.560329135,345131.566064821,345131.619640789,345131.619649089,0.06011575198499486,0.005735685990657657,0.05357596802059561,0.0006890979711897671
275,0,16,0.062135147978551686,0.0027149940142408013,345131.723561134,345131.782981288,345131.723667734,345131.72944522,345131.78239129,345131.78240149,0.059420153964310884,0.005777485959697515,0.05294607003452256,0.0005797979538328946
276,0,16,0.06297564500709996,0.0024857940152287483,345131.885784136,345131.946273987,345131.885892835,345131.89219472,345131.945648589,345131.945658489,0.06048985099187121,0.00630188500508666,0.05345386901171878,0.0006154979928396642
277,0,16,0.06324434501584619,0.0027022940339520574,345132.049186635,345132.109728686,345132.049296434,345132.05526512,345132.109122088,345132.109130688,0.060542050981894135,0.005968686018604785,0.05385696800658479,0.0005979979760013521
278,0,16,0.06115685001714155,0.0025614930200390518,345132.212664833,345132.27126019,345132.212774533,345132.218870618,345132.270596891,345132.270606391,0.0585953569971025,0.006096084951423109,0.05172627302818,0.0006537989829666913
279,0,16,0.05749425897374749,0.002739693969488144,345132.374315037,345132.429069602,345132.374430136,345132.380462621,345132.428488604,345132.428497404,0.05475456500425935,0.0060324849910102785,0.048025983036495745,0.0005721980123780668
280,0,16,0.058267057000193745,0.0024192940327338874,345132.53184855,345132.587696313,345132.53195575,345132.538257334,345132.587109014,345132.587117114,0.05584776296745986,0.006301583955064416,0.048851680010557175,0.000579198997002095
281,0,16,0.05465806496795267,0.0026046929997392,345132.690477261,345132.742530633,345132.69058676,345132.696869445,345132.741859635,345132.741868834,0.05205337196821347,0.0062826849753037095,0.044990190013777465,0.0006617989856749773
282,0,16,0.05535326403332874,0.0024888930493034422,345132.84542188,345132.898286251,345132.84553148,345132.851587165,345132.897708752,345132.897717152,0.0528643709840253,0.006055684993043542,0.04612158704549074,0.0005690989783033729
283,0,16,0.06046755099669099,0.002686292980797589,345133.001180698,345133.058961956,345133.001290898,345133.007452383,345133.058382658,345133.058391658,0.0577812580158934,0.006161484983749688,0.05093027499970049,0.0005702979979105294
284,0,16,0.06231614702846855,0.0030345930717885494,345133.162006104,345133.221287658,345133.162124103,345133.168397188,345133.22048206,345133.22049126,0.05928155395668,0.006273085018619895,0.052084871975239366,0.0007963979733176529
285,0,16,0.0634788439492695,0.003340190916787833,345133.325208403,345133.385347056,345133.325368203,345133.332455285,345133.384709057,345133.384717657,0.06013865303248167,0.007087082020007074,0.052253771980758756,0.0006293990300036967
286,0,16,0.059460053977090865,0.0024977930006571114,345133.488148503,345133.545110764,345133.488257403,345133.494337688,345133.544521365,345133.544530265,0.056962260976433754,0.006080285005737096,0.05018367699813098,0.0005804990069009364
287,0,16,0.06466224195901304,0.002637393947225064,345133.648078111,345133.710102959,345133.648191611,345133.654234796,345133.709423761,345133.709433161,0.06202484801178798,0.006043185014277697,0.055188964994158596,0.0006697979988530278
288,0,16,0.05955925298621878,0.0026365930098108947,345133.813001007,345133.869923667,345133.813121706,345133.819309691,345133.869344068,345133.869352768,0.056922659976407886,0.006187985010910779,0.050034376967232674,0.0005708989920094609
289,0,16,0.0658793380134739,0.002647892979439348,345133.972933214,345134.036164659,345133.973049214,345133.979213899,345134.035494661,345134.035506361,0.06323144503403455,0.0061646850081160665,0.05628076201537624,0.0006582980277016759
290,0,16,0.06587623798986897,0.00265209301142022,345134.139169207,345134.202393352,345134.139285106,345134.145727991,345134.201765753,345134.201775353,0.06322414497844875,0.006442885030992329,0.05603776196949184,0.0006179990014061332
291,0,16,0.05946725502144545,0.0027992940158583224,345134.305322599,345134.36199056,345134.305445899,345134.311939383,345134.361332162,345134.361341662,0.05666796100558713,0.006493483961094171,0.04939277900848538,0.0006488980143330991
292,3,16,0.09756816003937274,0.002543793001677841,345134.464958108,345134.559982475,345134.465076007,345134.471258092,345134.559160677,345134.559169277,0.0950243670376949,0.006182084965985268,0.08790258504450321,0.0008131979848258197
293,0,16,0.05954265396576375,0.0025633929180912673,345134.662843922,345134.719823183,345134.662952922,345134.669105707,345134.719215984,345134.719224484,0.05697926104767248,0.006152785033918917,0.05011027696309611,0.0005986990290693939
294,0,16,0.055699163989629596,0.0025090949493460357,345134.822637431,345134.8758275,345134.82274703,345134.828829515,345134.875134502,345134.875144702,0.05319006904028356,0.0060824850224889815,0.0463049869867973,0.0006827980396337807
295,0,16,0.059210654988419265,0.0026756940060295165,345134.978756548,345135.035291509,345134.978872948,345134.985077332,345135.034674411,345135.034684111,0.05653496098238975,0.006204384029842913,0.04959707899251953,0.0006073979893699288
296,0,16,0.06368174398085102,0.002491594001185149,345135.138183857,345135.199374007,345135.138302657,345135.144645541,345135.198767309,345135.198775908,0.061190149979665875,0.0063428839785046875,0.05412176804384217,0.0005980990245006979
297,0,16,0.06471114099258557,0.0027227929676882923,345135.302377955,345135.364366303,345135.302489054,345135.308848939,345135.363728704,345135.363737804,0.06198834802489728,0.0063598850392736495,0.05487976496806368,0.0006284990231506526
298,0,16,0.058188058028463274,0.0026094940258190036,345135.46720775,345135.522786314,345135.46731625,345135.473418935,345135.522172316,345135.522180916,0.05557856400264427,0.006102685001678765,0.04875338095007464,0.000605398032348603
299,0,16,0.0632792449905537,0.00274029397405684,345135.625796962,345135.686335913,345135.625920561,345135.632145146,345135.685697615,345135.685706915,0.06053895101649687,0.006224584998562932,0.05355246894760057,0.0006289980374276638
300,0,16,0.06324134499300271,0.0025289939949288964,345135.789285261,345135.849997612,345135.789405261,345135.795721145,345135.849328714,345135.849337414,0.060712350998073816,0.00631588400574401,0.05360756901791319,0.0006601979839615524
301,0,16,0.06372794398339465,0.002755492983851582,345135.95295206,345136.013924511,345135.95306196,345135.959236545,345136.013269512,345136.013279312,0.06097245099954307,0.00617458502529189,0.05403296696022153,0.0006451989756897092
302,1,16,0.07011982798576355,0.0024734929902479053,345136.116840758,345136.184487093,345136.116950458,345136.123153743,345136.183822794,345136.183832194,0.06764633499551564,0.006203285010997206,0.06066905101761222,0.000654898991342634
303,0,16,0.06633693299954757,0.0025686940061859787,345136.287316634,345136.351084873,345136.287425334,345136.293798017,345136.350488674,345136.350497274,0.06376823899336159,0.006372683041263372,0.056690656987484545,0.0005875990027561784
304,0,16,0.06205604295246303,0.0026152919162996113,345136.453950313,345136.513391064,345136.454060313,345136.460367797,345136.512735565,345136.512743865,0.05944075103616342,0.006307483999989927,0.052367768017575145,0.0006471989909186959
305,0,16,0.06265154195716605,0.002567692950833589,345136.616246104,345136.676329953,345136.616354304,345136.622606688,345136.675737954,345136.675746254,0.06008384900633246,0.0062523839878849685,0.05313126597320661,0.0005836990312673151
306,1,16,0.06953462498495355,0.002675993018783629,345136.779232693,345136.846091325,345136.779343093,345136.785725077,345136.845445126,345136.845454126,0.06685863196616992,0.006381983985193074,0.05972004903014749,0.0006371989729814231
307,0,16,0.06604963296558708,0.002566593000665307,345136.949020465,345137.012503505,345136.949131565,345136.955521149,345137.011905106,345137.011913806,0.06348303996492177,0.0063895839848555624,0.056383957038633525,0.0005896989605389535
308,0,16,0.05662215704796836,0.0025725930463522673,345137.115374345,345137.169423909,345137.115484945,345137.121842429,345137.168836311,345137.168844911,0.05404956400161609,0.006357483973260969,0.046993881987873465,0.0005789980059489608
309,0,16,0.06846382701769471,0.0026190929929725826,345137.272438649,345137.338283383,345137.272574149,345137.281190127,345137.337685285,345137.337693785,0.06584473402472213,0.008615978003945202,0.05649515800178051,0.0005895979702472687
310,0,16,0.061332245997618884,0.0026277939905412495,345137.441093724,345137.499798176,345137.441202924,345137.447461708,345137.499123178,345137.499136678,0.058704452007077634,0.006258783978410065,0.051661470031831414,0.0006614979938603938
311,0,16,0.06039024697383866,0.0025814929394982755,345137.602745317,345137.660554071,345137.602853216,345137.6091988,345137.659842673,345137.659858873,0.05780875403434038,0.00634558399906382,0.05064387299353257,0.0006951980176381767
312,0,16,0.06282684102188796,0.0026748920208774507,345137.763542311,345137.82369426,345137.763659711,345137.770285794,345137.823093661,345137.823102161,0.06015194900101051,0.006626082991715521,0.05280786700313911,0.0005920989788137376
313,0,16,0.06334484001854435,0.0026303930208086967,345137.926491801,345137.987206248,345137.926603,345137.933479483,345137.986579949,345137.986588849,0.06071444699773565,0.00687648297753185,0.05310046597151086,0.0006173989968374372
314,0,16,0.06309744098689407,0.00261879398021847,345138.090262088,345138.150740735,345138.090375787,345138.096752171,345138.150145337,345138.150154037,0.0604786470066756,0.006376384000759572,0.05339316598838195,0.0005866980063728988
315,0,16,0.05958375002956018,0.00255069398554042,345138.253655476,345138.310688532,345138.253765476,345138.260445359,345138.310104434,345138.310112834,0.05703305604401976,0.0066798829939216375,0.049659074982628226,0.0005756980390287936
316,0,16,0.06114024599082768,0.002595892990939319,345138.413469573,345138.472013926,345138.413580073,345138.420627755,345138.471238328,345138.471247527,0.05854435299988836,0.00704768201103434,0.050610573031008244,0.0007663990254513919
317,0,16,0.06267294200370088,0.0025427929940633476,345138.574944366,345138.635074515,345138.575051966,345138.581606349,345138.634398916,345138.634407116,0.060130149009637535,0.006554382969625294,0.05279256700305268,0.0006673990283161402
318,0,16,0.05726865504402667,0.0027363920235075057,345138.737927155,345138.792459418,345138.738035155,345138.744446639,345138.79179752,345138.79180822,0.05453226302051917,0.0064114839769899845,0.04735088103916496,0.0006511980318464339
319,0,16,0.0586459519690834,0.0029417919577099383,345138.895529058,345138.951233218,345138.895665558,345138.902287341,345138.95057002,345138.95057852,0.05570416001137346,0.00662178301718086,0.04828267899574712,0.0006546980002894998
320,0,16,0.06254234298830852,0.0024509939830750227,345139.054275658,345139.114367007,345139.054384958,345139.061120141,345139.113747709,345139.113756209,0.060091349005233496,0.0067351830075494945,0.05262756801676005,0.0006107980152592063
321,0,16,0.043510790972504765,0.002673193986993283,345139.217248148,345139.258085745,345139.217357148,345139.223879231,345139.257422247,345139.257430647,0.04083759698551148,0.006522083014715463,0.033543016004841775,0.0006550980033352971
322,0,16,0.043260190985165536,0.0026813930016942322,345139.361123485,345139.401702283,345139.361236885,345139.367983268,345139.401116485,345139.401124885,0.040578797983471304,0.006746382976416498,0.033133217017166317,0.0005773979937657714
323,0,16,0.042344892979599535,0.002535192994400859,345139.504568824,345139.544378524,345139.504682024,345139.511486507,345139.543708925,345139.543719225,0.03980969998519868,0.006804483011364937,0.03222241799812764,0.0006592990248464048
324,0,16,0.0408229969907552,0.002586392976809293,345139.647286864,345139.685523468,345139.647413764,345139.654010648,345139.68493097,345139.68493957,0.03823660401394591,0.006596884049940854,0.03092032199492678,0.0005838979850523174
325,0,16,0.0415315959835425,0.0033080929424613714,345139.788955608,345139.827179111,345139.789066107,345139.79582459,345139.826548713,345139.826557613,0.03822350304108113,0.006758483010344207,0.0307241230038926,0.0006214980385266244
326,0,16,0.04355259001022205,0.002715593029279262,345139.930318152,345139.971155149,345139.930452851,345139.936905235,345139.97051235,345139.97052055,0.040836996980942786,0.006452383997384459,0.033607114979531616,0.0006345990113914013
327,0,16,0.04264519299613312,0.002535093983169645,345140.07393159,345140.114041689,345140.07403959,345140.081059072,345140.113378091,345140.113388591,0.040110099012963474,0.007019481970928609,0.032319019024726,0.0006530980463139713
328,0,16,0.043870189983863384,0.0027616939623840153,345140.21690893,345140.258017426,345140.21703173,345140.223558313,345140.257300328,345140.257310028,0.04110849602147937,0.006526582990773022,0.033742015017196536,0.000707397994119674
329,0,16,0.041350596002303064,0.002832692989613861,345140.361228366,345140.399746269,345140.361362666,345140.368117849,345140.399141971,345140.399150371,0.0385179030126892,0.006755182985216379,0.0310241220286116,0.000595897960010916
330,0,16,0.04220089397858828,0.0027591929538175464,345140.50266561,345140.542107311,345140.50277361,345140.509376893,345140.541453613,345140.541461913,0.03944170102477074,0.0066032829927280545,0.032076720031909645,0.0006453980458900332
331,0,16,0.04384019004646689,0.0025498930481262505,345140.645158851,345140.686449148,345140.645268451,345140.652084434,345140.685851849,345140.685860249,0.041290296998340636,0.006815982982516289,0.033767414977774024,0.0005888990126550198
332,0,16,0.042566591990180314,0.0025618920335546136,345140.789346388,345140.829351088,345140.789455788,345140.796371871,345140.828729089,345140.828737789,0.0400046999566257,0.006916083046235144,0.03235721797682345,0.0006132989656180143
333,0,16,0.06577473401557654,0.002764092991128564,345140.932323029,345140.99533367,345140.932438528,345140.939145211,345140.994543872,345140.994553572,0.06301064102444798,0.006706683023367077,0.05539866100298241,0.0007800980238243937
334,0,16,0.06406683899695054,0.002730093023274094,345141.09842161,345141.159758356,345141.09853881,345141.105578892,345141.159077258,345141.159086158,0.06133674597367644,0.007040082011371851,0.05349836603272706,0.0006721980171278119
335,0,16,0.06357843999285251,0.002582393994089216,345141.262728897,345141.323724943,345141.262839497,345141.269919379,345141.323109445,345141.323118345,0.06099604599876329,0.007079881965182722,0.05319006601348519,0.0006065979832783341
336,0,16,0.056484957050997764,0.0027709920541383326,345141.426633184,345141.480347149,345141.426742084,345141.434126565,345141.479542151,345141.479550651,0.05371396499685943,0.007384481024928391,0.04541558597702533,0.0007964980322867632
337,0,16,0.06418383796699345,0.0027427919558249414,345141.583507789,345141.644948835,345141.583622689,345141.590358272,345141.644332236,345141.644341136,0.06144104601116851,0.006735583010595292,0.053973964008037,0.0006076990393921733
338,0,16,0.06303664098959416,0.0026399929774925113,345141.747807476,345141.808204124,345141.748049275,345141.755148957,345141.807357826,345141.807369226,0.06039664801210165,0.0070996819995343685,0.0522088689613156,0.0008348979754373431
339,0,16,0.067173630988691,0.0026280939928255975,345141.911246765,345141.975792302,345141.911371264,345141.918426447,345141.975188104,345141.975197004,0.0645455369958654,0.0070551829994656146,0.056761657004244626,0.0005952980136498809
340,0,16,0.05653855699347332,0.002646291977725923,345142.078602543,345142.132494808,345142.078726243,345142.085922025,345142.13165431,345142.13166311,0.0538922650157474,0.00719578203279525,0.045732284954283386,0.0008316980092786252
341,0,16,0.055623159976676106,0.0025558939669281244,345142.235415249,345142.288482515,345142.235523549,345142.242571031,345142.287865517,345142.287873717,0.05306726600974798,0.00704748195130378,0.04529448604444042,0.0006087980000302196
342,0,16,0.06432203797157854,0.0026743929483927786,345142.391388456,345142.453036101,345142.391500156,345142.398430539,345142.452364603,345142.452374903,0.06164764502318576,0.006930382980499417,0.05393406399525702,0.0006611979915760458
343,0,16,0.0632064410019666,0.0027497929986566305,345142.556202142,345142.61665879,345142.556318541,345142.563282224,345142.616044091,345142.616052691,0.060456648003309965,0.006963683001231402,0.05276186700211838,0.000606098969001323
344,0,16,0.06277374201454222,0.002859192027244717,345142.719384631,345142.779299181,345142.719493031,345142.726323214,345142.778399783,345142.778409183,0.059914549987297505,0.006830183032434434,0.052076569001656026,0.0008899979875423014
345,0,16,0.0671622310183011,0.0025330940261483192,345142.882656921,345142.947286058,345142.88277522,345142.889828203,345142.94662306,345142.94663196,0.06462913699215278,0.00705298304092139,0.0567948569660075,0.0006540979957208037
346,0,16,0.0627754419692792,0.002732792985625565,345143.050285699,345143.110328348,345143.050406399,345143.05774308,345143.10970395,345143.109712549,0.060042648983653635,0.007336681010201573,0.05196086998330429,0.0006157989846542478
347,0,16,0.0626127430004999,0.002582393994089216,345143.213246689,345143.273277038,345143.213361189,345143.22083957,345143.27256764,345143.27257814,0.06003034900641069,0.0074783809832297266,0.051728070015087724,0.0006988979876041412
348,4,16,0.1006473460001871,0.0027483919984661043,345143.376188279,345143.474087233,345143.376309979,345143.383482261,345143.473191635,345143.473201435,0.097898954001721,0.007172281970269978,0.08970937400590628,0.0008857980137690902
349,0,16,0.06640553299803287,0.0026385929668322206,345143.576984874,345143.640751814,345143.577106674,345143.584028256,345143.639998416,345143.640039116,0.06376694003120065,0.0069215819821693,0.055970159999560565,0.0007126979762688279
350,0,16,0.06648533296538517,0.0027786929858848453,345143.743809455,345143.807516095,345143.743925154,345143.751098236,345143.806724997,345143.806736397,0.06370663997950032,0.007173082034569234,0.05562676099361852,0.0007796980207785964
351,0,16,0.06616153300274163,0.002671492053195834,345143.910598035,345143.974088076,345143.910720235,345143.917818217,345143.973355078,345143.973365078,0.0634900409495458,0.00709798198658973,0.055536861007567495,0.0007229979964904487
352,0,16,0.06095234694657847,0.002771093975752592,345144.077162417,345144.13534367,345144.077283616,345144.084600498,345144.134505472,345144.134514272,0.05818125297082588,0.007316882023587823,0.0499049739446491,0.0008293979917652905
353,0,16,0.05904854700202122,0.0027493920060805976,345144.238415309,345144.294714464,345144.238529709,345144.24558019,345144.294026765,345144.294035765,0.056299154995940626,0.007050480984617025,0.0484465750050731,0.0006786989979445934
354,0,16,0.06378073594532907,0.0027036939281970263,345144.397724698,345144.45880174,345144.397847497,345144.405025479,345144.458121242,345144.458129942,0.061077042017132044,0.007177981955464929,0.05309576302533969,0.0006717980140820146
355,0,16,0.06372233497677371,0.0024785929708741605,345144.561617775,345144.622861517,345144.561728175,345144.568876656,345144.622179219,345144.622188219,0.06124374200589955,0.007148481032345444,0.053302562970202416,0.0006732980255037546
356,0,16,0.06360303598921746,0.002825892996042967,345144.725826051,345144.786603194,345144.725988651,345144.733217932,345144.785881896,345144.785891696,0.06077714299317449,0.007229281007312238,0.0526639639865607,0.0007114980253390968
357,0,16,0.06332323601236567,0.0026322919875383377,345144.889766728,345144.950457672,345144.889880428,345144.89680811,345144.949774774,345144.949784773,0.06069094402482733,0.00692768202861771,0.05296666402136907,0.0006728990119881928
358,0,16,0.06364223500713706,0.0025798919959925115,345145.053371506,345145.114433849,345145.053482506,345145.060753087,345145.113756451,345145.113764951,0.06106234301114455,0.007270580972544849,0.05300336400978267,0.0006688979919999838
359,0,16,0.044987883942667395,0.0031617908971384168,345145.217294783,345145.259120876,345145.217429783,345145.225516462,345145.258403377,345145.258413177,0.04182609304552898,0.0080866789794527,0.03288691502530128,0.0007076990441419184
360,0,16,0.04120449401671067,0.002597593003883958,345145.362680308,345145.401287209,345145.362800708,345145.370114289,345145.400617111,345145.400625911,0.03860690101282671,0.007313581008929759,0.03050282201729715,0.0006612979923374951
361,1,16,0.05218326498288661,0.0026361929485574365,345145.504071644,345145.553618716,345145.504180643,345145.511485325,345145.552888818,345145.552897218,0.049547072034329176,0.007304681988898665,0.04140349302906543,0.0007214980432763696
362,0,16,0.043095488974358886,0.002504893986042589,345145.656487751,345145.697078346,345145.65659635,345145.663816332,345145.696389248,345145.696399548,0.0405905949883163,0.007219981984235346,0.03257291601039469,0.0006787980091758072
363,0,16,0.04308818903518841,0.0025872940896078944,345145.799955881,345145.840456776,345145.80008558,345145.807129262,345145.839846078,345145.839854578,0.04050089494558051,0.007043682038784027,0.03271681600017473,0.0006021979497745633
364,0,16,0.04242669098312035,0.0025120939826592803,345145.943341811,345145.983256408,345145.943452011,345145.950658392,345145.98261661,345145.98262541,0.03991459700046107,0.007206381007563323,0.03195821802364662,0.0006309979944489896
365,0,16,0.04249219101620838,0.002698094001971185,345146.086057643,345146.12585174,345146.086170043,345146.093590724,345146.125187142,345146.125195542,0.039794097014237195,0.007420681009534746,0.031596418004482985,0.0006561980117112398
366,0,16,0.04379508696729317,0.0024346939753741026,345146.228768875,345146.270129268,345146.228876175,345146.235956556,345146.26945547,345146.26946377,0.04136039299191907,0.007080380979459733,0.03349891403922811,0.0006654980243183672
367,0,16,0.04336968797724694,0.0026861929800361395,345146.373060903,345146.413744398,345146.373173203,345146.380519784,345146.413122,345146.4131308,0.0406834949972108,0.007346580969169736,0.032602216000668705,0.0006135979783721268
368,0,16,0.04410278605064377,0.002560993016231805,345146.516517633,345146.558059426,345146.516628333,345146.523740314,345146.557269028,345146.557278528,0.04154179303441197,0.00711198098724708,0.03352871397510171,0.0007808980299159884
369,0,16,0.043581587029621005,0.002686491992790252,345146.66105476,345146.701949855,345146.66118866,345146.668330642,345146.701287857,345146.701296157,0.04089509503683075,0.007141981972381473,0.03295721503673121,0.0006536979926750064
370,0,16,0.04291908896993846,0.0025196929345838726,345146.80484109,345146.845240486,345146.80494929,345146.812194271,345146.844624587,345146.844632587,0.040399396035354584,0.007244981010444462,0.032430315972305834,0.000607899040915072
371,0,16,0.06202453997684643,0.0026423929957672954,345146.94813282,345147.007514967,345146.94827472,345146.955518601,345147.006869269,345147.006877269,0.05938214698107913,0.00724388100206852,0.05135066801449284,0.0006376979872584343
372,0,16,0.05989674502052367,0.0026603919686749578,345147.110383402,345147.167619755,345147.110491702,345147.117464584,345147.166873857,345147.166887057,0.05723635305184871,0.006972882023546845,0.04940927296411246,0.0007326980121433735
373,0,16,0.060530344024300575,0.0025519930059090257,345147.270591489,345147.32856984,345147.270699989,345147.277901271,345147.327859442,345147.327870042,0.05797835101839155,0.007201282016467303,0.049958170973695815,0.0006997979944571853
374,0,16,0.06502783199539408,0.0027306919801048934,345147.431586074,345147.493883214,345147.431704374,345147.439068555,345147.493197316,345147.493206616,0.06229714001528919,0.007364181044977158,0.05412876099580899,0.0006765979924239218
375,0,16,0.06565332994796336,0.0030355919734574854,345147.596824449,345147.659442187,345147.596934348,345147.604341229,345147.65836929,345147.65838289,0.06261773797450587,0.00740688102087006,0.0540280609857291,0.0010592970065772533
376,0,16,0.06316843698732555,0.0025394929689355195,345147.762863321,345147.823492265,345147.76297192,345147.770315802,345147.822778966,345147.822787166,0.06062894401839003,0.0073438819963485,0.05246316397096962,0.0007050990243442357
377,0,16,0.06299493799451739,0.0026168940239585936,345147.926297,345147.986675044,345147.926413299,345147.93385908,345147.986025146,345147.986034046,0.06037804397055879,0.007445781026035547,0.052166065957862884,0.0006409980123862624
378,0,16,0.06313263799529523,0.002537694002967328,345148.089543079,345148.150138023,345148.089653079,345148.09697676,345148.149398425,345148.149407225,0.0605949439923279,0.007323681027628481,0.052421664993744344,0.0007307979976758361
379,0,16,0.06548433104762807,0.002654393028933555,345148.253023958,345148.315853896,345148.253136658,345148.260735638,345148.315087298,345148.315096598,0.06282993801869452,0.007598979980684817,0.05435166001552716,0.0007572980248369277
380,0,16,0.0654011310543865,0.002797992085106671,345148.41892823,345148.481531369,345148.41905043,345148.427234709,345148.480799271,345148.480809371,0.06260313896927983,0.00818427896592766,0.05356456205481663,0.0007219979888759553
381,0,16,0.06456953403539956,0.002551893994677812,345148.584517404,345148.646535044,345148.584632604,345148.591813385,345148.645768046,345148.645777046,0.062017640040721744,0.007180781045462936,0.05395466095069423,0.000757998030167073
382,0,16,0.057674351963214576,0.0025174939655698836,345148.749491779,345148.804648637,345148.749599679,345148.75702666,345148.803995939,345148.804004339,0.05515685799764469,0.007426980999298394,0.04696927894838154,0.0006442980375140905
383,0,16,0.06246653897687793,0.0025568929268047214,345148.907454072,345148.967363718,345148.907563972,345148.915117552,345148.96667942,345148.96669032,0.059909646050073206,0.007553579984232783,0.051561867992859334,0.000673398026265204
384,0,16,0.06714302697218955,0.0026074929628521204,345149.070261653,345149.134797187,345149.070380553,345149.077972233,345149.134062689,345149.134077389,0.06453553400933743,0.007591679983306676,0.05609045596793294,0.0007197979721240699
385,0,16,0.06628212897339836,0.002579892985522747,345149.237657822,345149.301360058,345149.237773821,345149.245172102,345149.30061246,345149.30062266,0.06370223598787561,0.007398281013593078,0.05544035800267011,0.0007373979897238314
386,0,16,0.06360123603371903,0.002594093035440892,345149.404350592,345149.465357735,345149.404464192,345149.411693274,345149.464618437,345149.464626837,0.06100714299827814,0.007229081995319575,0.052925163006875664,0.0007308979984372854
387,0,16,0.06410783500177786,0.0027467930340208113,345149.56823387,345149.629594912,345149.56834547,345149.575766651,345149.628356116,345149.628367216,0.061361041967757046,0.007421181013341993,0.05258946499088779,0.0012276960187591612
388,0,16,0.06092144298600033,0.0025497929891571403,345149.732710247,345149.791081897,345149.732821447,345149.740473627,345149.790453398,345149.790461398,0.05837164999684319,0.007652179978322238,0.04997977102175355,0.0006204989622347057
389,0,16,0.06408533500507474,0.0024969929945655167,345149.893838932,345149.955427274,345149.893948932,345149.901551512,345149.954768575,345149.954777775,0.06158834201050922,0.007602580008096993,0.0532170629594475,0.0006494990084320307
390,0,16,0.06500623299507424,0.00276909297099337,345150.058435108,345150.120672248,345150.058572308,345150.066725987,345150.11995105,345150.11996015,0.06223714002408087,0.008153679023962468,0.05322506296215579,0.0007120980299077928
391,0,16,0.06205313996179029,0.0025820929440669715,345150.223557483,345150.28302853,345150.223673183,345150.231110764,345150.282360432,345150.282371332,0.05947104701772332,0.0074375810218043625,0.05124966794392094,0.0006571980193257332
392,0,16,0.062192540033720434,0.002694293041713536,345150.385919765,345150.445418012,345150.386036265,345150.393720245,345150.444746614,345150.444754714,0.0594982469920069,0.007683979987632483,0.051026369037572294,0.0006632980075664818
393,0,16,0.06382673600455746,0.0025297930114902556,345150.548264847,345150.60956179,345150.548393747,345150.555963728,345150.608896191,345150.608904491,0.061296942993067205,0.007569980982225388,0.052932463004253805,0.000657299009617418
394,0,16,0.06376873597037047,0.0027184929931536317,345150.712524525,345150.773574768,345150.712637824,345150.720535804,345150.772865069,345150.772874169,0.06105024297721684,0.007897979987319559,0.05232926498865709,0.0007005989900790155
395,0,16,0.061574542021844536,0.002680894045624882,345150.876574003,345150.935467651,345150.876690102,345150.884383482,345150.934609853,345150.934619553,0.058893647976219654,0.00769338000100106,0.050226371036842465,0.0008480980177409947
396,0,16,0.0594810459879227,0.0026605919701978564,345151.038436886,345151.09525734,345151.038548486,345151.046290566,345151.094536042,345151.094545142,0.05682045401772484,0.007742079964373261,0.048245476034935564,0.0007121979724615812
397,0,16,0.05604735598899424,0.002716593036893755,345151.198186175,345151.251516938,345151.198315275,345151.206603153,345151.25071514,345151.25072344,0.053330762952100486,0.008287878008559346,0.044111986993812025,0.0007934979512356222
398,2,16,0.08047649299260229,0.0026541929692029953,345151.354468473,345151.432290773,345151.354577873,345151.362372652,345151.431371875,345151.431380375,0.0778223000233993,0.007794778968673199,0.0689992230036296,0.0009103980264626443
399,0,16,0.0634870360372588,0.0024732930469326675,345151.535180408,345151.596194151,345151.535285008,345151.542936888,345151.595527852,345151.595536952,0.061013742990326136,0.00765187997603789,0.052590964012779295,0.0006571989506483078
400,0,16,0.06120344199007377,0.0027164919883944094,345151.699139686,345151.757626636,345151.699250686,345151.707318665,345151.756980437,345151.756988837,0.05848695000167936,0.008067979011684656,0.04966177203459665,0.0006377990357577801
401,0,16,0.05940904701128602,0.002635192999150604,345151.860564271,345151.917338125,345151.86067657,345151.86861785,345151.916692826,345151.916701426,0.056773854012135416,0.007941280025988817,0.048074976017232984,0.0006366990273818374
402,0,16,0.04300568898906931,0.002622192958369851,345152.02037636,345152.060759856,345152.020485159,345152.02812224,345152.060114557,345152.060123357,0.04038349603069946,0.007637080969288945,0.03199231700273231,0.0006364990258589387
403,0,16,0.04289498896105215,0.002685291925445199,345152.163587991,345152.203797688,345152.163698291,345152.17182257,345152.20307429,345152.20308349,0.04020969703560695,0.008124278974719346,0.03125172003637999,0.000714197987690568
404,0,16,0.042514693981502205,0.0027368919691070914,345152.306920631,345152.346698433,345152.307040731,345152.314802212,345152.346052234,345152.346060534,0.039777802012395114,0.007761480985209346,0.031250022002495825,0.0006378989783115685
405,0,16,0.04361829103436321,0.0025728930486366153,345152.449554578,345152.490599976,345152.449664577,345152.457945357,345152.489722878,345152.489731878,0.041045397985726595,0.008280779991764575,0.03177752095507458,0.0008680979954078794
406,0,16,0.04274829395581037,0.0029266919591464102,345152.59358982,345152.633411422,345152.59371502,345152.602267299,345152.632673623,345152.632682023,0.03982160199666396,0.008552279032301158,0.03040632396005094,0.0007293990347534418
407,0,16,0.04253599501680583,0.002517894026823342,345152.736429866,345152.776447967,345152.736537466,345152.744607746,345152.775795969,345152.775804369,0.040018100989982486,0.008070280018728226,0.031188222987111658,0.0006435979739762843
408,0,16,0.04304459400009364,0.00281799299409613,345152.879302512,345152.919529113,345152.879411612,345152.887508692,345152.918836614,345152.918845814,0.04022660100599751,0.008097079989966005,0.03132792201358825,0.000683298974763602
409,0,16,0.04266989498864859,0.0026238939608447254,345153.022605357,345153.062651358,345153.022727257,345153.031814334,345153.061993159,345153.062001759,0.04004600102780387,0.009087076992727816,0.030178825021721423,0.00064959900919348
410,0,16,0.04214989603497088,0.0027099940343759954,345153.165490603,345153.204930505,345153.165601303,345153.174045382,345153.204184507,345153.204193307,0.039439902000594884,0.008444079023320228,0.03013912501046434,0.0007371979882009327
411,0,16,0.04404149099718779,0.002734693989623338,345153.30798825,345153.349295047,345153.308105149,345153.31609283,345153.348587049,345153.348596249,0.041306797007564455,0.007987680961377919,0.03249421902000904,0.0006987979868426919
412,0,16,0.043334893009159714,0.0025216939975507557,345153.452177892,345153.492991091,345153.452283692,345153.460386972,345153.492283593,345153.492292493,0.04081319901160896,0.008103279978968203,0.031896620988845825,0.0006985979853197932
413,0,16,0.0424524950212799,0.0025331940269097686,345153.595873336,345153.635792637,345153.595980536,345153.603914616,345153.635114839,345153.635123839,0.03991930099437013,0.007934079971164465,0.031200223020277917,0.0006687979912385345
414,2,16,0.08641198603436351,0.0027145930216647685,345153.738640382,345153.822337775,345153.738755482,345153.746743062,345153.821466177,345153.821477077,0.08369739301269874,0.007987579971086234,0.07472311501624063,0.0008606979972682893
415,0,16,0.06482953898375854,0.0027335929917171597,345153.92544852,345153.987544466,345153.925563419,345153.9334845,345153.986853067,345153.986861767,0.06209594599204138,0.007921080978121608,0.053368567023426294,0.000682698970194906
416,0,16,0.06674043397651985,0.002603292989078909,345154.090479811,345154.154616952,345154.09058901,345154.09866679,345154.153780354,345154.153789554,0.06413714098744094,0.008077780017629266,0.05511356401257217,0.0008273979765363038
417,0,16,0.06845582998357713,0.002480393974110484,345154.257537497,345154.323512933,345154.257646597,345154.265703377,345154.322724235,345154.322742935,0.06597543600946665,0.008056780032347888,0.05702085798839107,0.0007699980051256716
418,0,16,0.056986257957760245,0.002713991911150515,345154.426435178,345154.480707444,345154.426552078,345154.434774158,345154.479869146,345154.479877846,0.05427226604660973,0.008222080010455102,0.045094988017808646,0.0008295979932881892
419,0,16,0.05992625100770965,0.0025468929670751095,345154.583619289,345154.640998647,345154.583729689,345154.591789669,345154.640174149,345154.640182749,0.05737935804063454,0.008059979998506606,0.04838448000373319,0.0008158980053849518
420,0,16,0.05970105197047815,0.0025923929642885923,345154.743866892,345154.800975551,345154.743975192,345154.752230271,345154.800180153,345154.800189653,0.057108659006189555,0.008255078981164843,0.04794988199137151,0.0007858980097807944
421,2,16,0.08120909897843376,0.0026087940204888582,345154.903923796,345154.982524101,345154.904157095,345154.912229575,345154.981608903,345154.981617603,0.0786003049579449,0.008072479977272451,0.06937932799337432,0.0009064979967661202
422,0,16,0.05858745501609519,0.002874093013815582,345155.085487246,345155.141200608,345155.085607246,345155.093961125,345155.14034581,345155.14035421,0.05571336200227961,0.008353879034984857,0.04638468497432768,0.000846398004796356
423,0,16,0.09981275303289294,0.0024878940312191844,345155.244095953,345155.341420812,345155.244211053,345155.252519532,345155.340736114,345155.340744414,0.09732485900167376,0.008308478980325162,0.08821658202214167,0.0006763979909010231
424,0,16,0.0601684509892948,0.0025988929555751383,345155.444296157,345155.501865715,345155.444421557,345155.452855936,345155.501045017,345155.501053917,0.05756955803371966,0.008434379007667303,0.04818908096058294,0.0008117980323731899
425,0,16,0.06469373998697847,0.002567293995525688,345155.60473276,345155.666859206,345155.60484006,345155.61302134,345155.666139808,345155.666150308,0.06212644599145278,0.008181279990822077,0.05311846802942455,0.000708898005541414
426,0,16,0.10171824897406623,0.0026106939767487347,345155.769853551,345155.868961106,345155.769964151,345155.779462628,345155.868241008,345155.868257008,0.09910755499731749,0.0094984769821167,0.08877838001353666,0.0007040979689918458
427,0,16,0.0495473780320026,0.0024729950237087905,345155.971716052,345156.018790435,345155.971826251,345155.980283031,345156.017956937,345156.017981437,0.04707438300829381,0.008456779993139207,0.03767390601569787,0.0008089980110526085
428,0,16,0.04247589502483606,0.002645593020133674,345156.12170238,345156.161532682,345156.12182518,345156.130566258,345156.160815084,345156.160823984,0.03983030200470239,0.008741077966988087,0.030248826020397246,0.0007086980040185153
429,0,16,0.04155599797377363,0.002519693982321769,345156.264304527,345156.303340831,345156.264426527,345156.272571207,345156.302614233,345156.302623433,0.03903630399145186,0.008144680003169924,0.030043025966733694,0.0007173980120569468
430,0,16,0.062065345991868526,0.002683693019207567,345156.406310676,345156.465692329,345156.406442376,345156.414874555,345156.464952931,345156.464961731,0.05938165297266096,0.008432178990915418,0.05007837596349418,0.0007305979961529374
431,2,16,0.07762000797083601,0.0028414929984137416,345156.568766074,345156.643544589,345156.568878473,345156.578739249,345156.642651291,345156.642659991,0.07477851497242227,0.009860775957349688,0.06391204200917855,0.0008845980046316981
432,0,16,0.044588589982595295,0.0027927939663641155,345156.746621534,345156.78841733,345156.746765933,345156.755413012,345156.787641532,345156.787650032,0.04179579601623118,0.008647078997455537,0.03222852002363652,0.0007672979845665395
433,0,16,0.04192179598612711,0.0025661939871497452,345156.891323876,345156.930679478,345156.891439075,345156.899815555,345156.92993848,345156.92994698,0.03935560199897736,0.00837648002197966,0.03012292500352487,0.0007324980106204748
434,0,16,0.04295569297391921,0.0026237929705530405,345157.033546624,345157.073878524,345157.033656723,345157.041882203,345157.073098426,345157.073107426,0.04033190000336617,0.00822548003634438,0.03121622296748683,0.0007710980135016143
435,0,16,0.043303692946210504,0.0027039929409511387,345157.176853969,345157.217453669,345157.176964869,345157.185531248,345157.21669907,345157.21670737,0.040599700005259365,0.008566378965042531,0.03116782201686874,0.000746298988815397
436,0,16,0.04149829701054841,0.0026287930086255074,345157.320396914,345157.359266418,345157.320504114,345157.328815993,345157.358578519,345157.358587319,0.038869504001922905,0.00831187900621444,0.02976252604275942,0.0006790990009903908
437,0,16,0.042459395015612245,0.0027068930212408304,345157.462192963,345157.501945465,345157.462318763,345157.471076641,345157.501227466,345157.501235666,0.039752501994371414,0.008757877978496253,0.03015082498313859,0.0007097990019246936
438,0,16,0.04968737700255588,0.002460894000250846,345157.60486881,345157.652095293,345157.60497751,345157.615213184,345157.651404595,345157.651412695,0.04722648300230503,0.010235673980787396,0.0361914110253565,0.0006825979799032211
439,0,16,0.051085274026263505,0.0028765930328518152,345157.755228338,345157.803437019,345157.755338638,345157.763888417,345157.802629821,345157.802652421,0.04820868099341169,0.008549779013264924,0.03874140401603654,0.000784597999881953
440,0,16,0.06457714101998135,0.002708094019908458,345157.906339264,345157.968208311,345157.906458964,345157.914877043,345157.967422413,345157.967434113,0.061869047000072896,0.008418078999966383,0.05254537001019344,0.0007741980371065438
441,0,16,0.05861565499799326,0.0027033929945901036,345158.071283956,345158.127196218,345158.071397456,345158.079513536,345158.12645842,345158.12646672,0.05591226200340316,0.008116080018226057,0.04694488400127739,0.0007294979877769947
442,0,16,0.056573859998025,0.00248769304016605,345158.230123363,345158.28420953,345158.230234163,345158.238595242,345158.283511631,345158.283520131,0.05408616695785895,0.008361078973393887,0.04491638904437423,0.0006893989630043507
443,0,16,0.061496948008425534,0.002675993018783629,345158.387064475,345158.44588543,345158.387173675,345158.395828954,345158.445194431,345158.445202831,0.058820954989641905,0.008655279001686722,0.04936547699617222,0.0006825989694334567
444,0,16,0.061250249040313065,0.0026182940346188843,345158.548832075,345158.60746403,345158.548956575,345158.557347654,345158.606676232,345158.606691932,0.05863195500569418,0.008391079027205706,0.049328577995765954,0.0007720979629084468
445,0,16,0.06077094899956137,0.0026482920511625707,345158.710516775,345158.768639432,345158.710629975,345158.719146354,345158.767931933,345158.767949333,0.0581226569483988,0.00851637899177149,0.048785578983370215,0.000690098968334496
446,0,16,0.0652064390014857,0.002686193969566375,345158.871616777,345158.934137022,345158.871749577,345158.880612855,345158.933351824,345158.933362024,0.06252024503191933,0.008863278024364263,0.052738968981429935,0.0007749979849904776
447,0,16,0.06470463995356113,0.0027775929775089025,345159.037252767,345159.099179814,345159.037367167,345159.045641847,345159.098469916,345159.098478216,0.061927046976052225,0.008274680003523827,0.05282806896138936,0.0007015980081632733
448,0,16,0.05842795601347461,0.0024465940077789128,345159.20198636,345159.257967722,345159.20209466,345159.210675639,345159.257124324,345159.257132924,0.0559813620056957,0.008580978959798813,0.04644868499599397,0.0008347980328835547
449,0,16,0.057677456992678344,0.002517594024538994,345159.360745968,345159.415905831,345159.360853367,345159.369393146,345159.415151033,345159.415159433,0.05515986296813935,0.008539778995327652,0.045757887011859566,0.0007463980000466108
450,0,16,0.06107624899595976,0.0025692940107546747,345159.518761877,345159.577268832,345159.518871177,345159.527445456,345159.576588834,345159.576597134,0.058506954985205084,0.008574279025197029,0.049143377982545644,0.0006716980133205652
451,0,16,0.05966585304122418,0.0026250940281897783,345159.680231878,345159.737272637,345159.680352678,345159.688910356,345159.736566239,345159.736575039,0.0570407590130344,0.008557678025681525,0.04765588295413181,0.0006975980359129608
452,0,16,0.06244414602406323,0.0027195930597372353,345159.840309682,345159.900034235,345159.840420882,345159.848916361,345159.899144237,345159.899153937,0.059724552964325994,0.00849547900725156,0.05022787599591538,0.0008802979718893766
453,0,16,0.06115314899943769,0.002831792982760817,345160.00309178,345160.061413136,345160.00321108,345160.011963058,345160.060445938,345160.060454738,0.05832135601667687,0.008751977991778404,0.048482880054507405,0.0009583980427123606
454,0,16,0.05923545401310548,0.0026895939954556525,345160.164455981,345160.221001841,345160.164566181,345160.174569156,345160.220188643,345160.220197543,0.05654586001764983,0.010002975002862513,0.04561948700575158,0.0008042980334721506
455,0,16,0.0632277469849214,0.0027795920032076538,345160.324109592,345160.384557747,345160.324221492,345160.333066371,345160.383793848,345160.383802348,0.06044815498171374,0.008844878990203142,0.05072747700614855,0.0007553989998996258
456,0,16,0.06733373802853748,0.002660494006704539,345160.487482098,345160.552155342,345160.487591798,345160.496190977,345160.551404144,345160.551413444,0.06467324402183294,0.00859917898196727,0.055213166982866824,0.0007418980239890516
457,0,16,0.06224764900980517,0.0026003930252045393,345160.655201594,345160.71484885,345160.655320993,345160.663689273,345160.714043652,345160.714052352,0.05964725598460063,0.008368280017748475,0.050354378996416926,0.0007964979740791023
458,0,16,0.058975356980226934,0.0026068929582834244,345160.817774002,345160.874142466,345160.817883501,345160.832398666,345160.873316768,345160.873325268,0.05636846402194351,0.014515165006741881,0.04091810196405277,0.0008171980152837932
459,0,16,0.06220114999450743,0.002722993027418852,345160.977147317,345161.036625474,345160.977258317,345160.987466692,345161.035909975,345161.035918875,0.05947815696708858,0.010208374995272607,0.04844328301260248,0.0007065989775583148
460,0,16,0.061646952002774924,0.002509795012883842,345161.139449026,345161.198586183,345161.139556525,345161.148032405,345161.197764185,345161.197773785,0.05913715698989108,0.008475880022160709,0.049731780018191785,0.000812398036941886
461,0,16,0.05749186099274084,0.002662493963725865,345161.301600535,345161.356429902,345161.301715434,345161.310131314,345161.355710004,345161.355718404,0.054829367029014975,0.008415879972744733,0.04557869001291692,0.0007114980253390968
462,0,16,0.06263434904394671,0.0026766940718516707,345161.459386954,345161.519344609,345161.459496554,345161.468038233,345161.518472712,345161.518482412,0.05995765497209504,0.008541679009795189,0.050434479024261236,0.0008621970191597939
463,0,16,0.06237805000273511,0.002832692989613861,345161.62258266,345161.682128017,345161.62272066,345161.633541534,345161.681339519,345161.681347919,0.05954535701312125,0.010820874013006687,0.047797984967473894,0.0007800980238243937
464,0,16,0.06865583499893546,0.002558393985964358,345161.784792769,345161.85089021,345161.784900969,345161.793385549,345161.850120412,345161.850136212,0.0660974410129711,0.00848457997199148,0.05673486302839592,0.0007539979997090995
465,0,16,0.06709663796937093,0.0025862939655780792,345161.953876962,345162.018387306,345161.953989662,345161.962530841,345162.017543908,345162.017553308,0.06451034400379285,0.008541179005987942,0.055013066972605884,0.00083399802679196
466,0,16,0.06098745303461328,0.0026550940237939358,345162.121362858,345162.179695217,345162.121478258,345162.130094837,345162.17866282,345162.17867162,0.058332359010819346,0.008616578998044133,0.04856798303080723,0.0010235970257781446
467,0,16,0.06147865200182423,0.002711593988351524,345162.282702169,345162.341469227,345162.282825969,345162.291765647,345162.340782729,345162.340791429,0.058767058013472706,0.008939678024034947,0.04901708196848631,0.0006777980015613139
468,1,16,0.07186732697300613,0.002506294986233115,345162.44425548,345162.513616512,345162.444365079,345162.452975959,345162.512811914,345162.512820614,0.06936103198677301,0.008610880002379417,0.059835955034941435,0.0007958980277180672
469,0,16,0.056381764996331185,0.0027256939793005586,345162.616540364,345162.670196435,345162.616650364,345162.627536038,345162.669416337,345162.669426937,0.05365607101703063,0.01088567398255691,0.041880298987962306,0.0007694980013184249
470,0,16,0.06674153899075463,0.0025271939812228084,345162.773083687,345162.837298032,345162.773227887,345162.781769966,345162.836537534,345162.836547734,0.06421434500953183,0.008542079012840986,0.05476756801363081,0.000750298029743135
471,0,16,0.05840135901235044,0.00272919301642105,345162.940389484,345162.99606165,345162.940501584,345162.949053063,345162.995274152,345162.995282652,0.05567216599592939,0.008551479026209563,0.04622108902549371,0.000778998015448451
472,0,16,0.05859795899596065,0.002621994004584849,345163.099028802,345163.155004767,345163.099157801,345163.10786168,345163.154301468,345163.154310368,0.055975964991375804,0.008703878964297473,0.04643978801323101,0.0006943990010768175
473,0,16,0.061508351005613804,0.0027297920314595103,345163.258035718,345163.316814277,345163.258146718,345163.266807597,345163.315968979,345163.315993079,0.058778558974154294,0.008660878986120224,0.049161381961312145,0.0008211979875341058
474,0,16,0.06315884797368199,0.0038354909629561007,345163.420824826,345163.480148183,345163.421018026,345163.436419089,345163.479175786,345163.479185386,0.059323357010725886,0.01540106296306476,0.04275669704657048,0.000962797028478235
475,0,16,0.056515864038374275,0.0025706940796226263,345163.583175135,345163.637120305,345163.583290235,345163.592294513,345163.636399407,345163.636409107,0.05394516995875165,0.00900427799206227,0.04410489398287609,0.0007111979648470879
476,0,16,0.06337364698993042,0.002657092991285026,345163.740101757,345163.800818311,345163.740218057,345163.749233335,345163.800101012,345163.800116112,0.060716553998645395,0.009015278017614037,0.05086767696775496,0.0007021990022622049
477,2,16,0.08526639401679859,0.002522394002880901,345163.903745063,345163.986489063,345163.903854262,345163.912505442,345163.985688865,345163.985696965,0.08274400001391768,0.008651179959997535,0.07318342302460223,0.0007920979987829924
478,0,16,0.06331784703070298,0.002643493004143238,345164.089283516,345164.14995787,345164.089393716,345164.098337794,345164.149201671,345164.149211371,0.06067435402655974,0.008944077999331057,0.050863876997027546,0.0007464989903382957
479,0,16,0.06027095497120172,0.002734592941123992,345164.253002121,345164.310538483,345164.253116221,345164.263117897,345164.309730885,345164.309743885,0.057536362030077726,0.010001675982493907,0.04661298805149272,0.0007945980178192258
480,0,16,0.0446706919465214,0.002692093956284225,345164.413623735,345164.455602333,345164.413739334,345164.422712713,345164.454832935,345164.454841835,0.041978597990237176,0.008973379037342966,0.03212022199295461,0.0007604979909956455
481,0,16,0.046900487039238214,0.0026998930261470377,345164.558584785,345164.602785379,345164.558717185,345164.567879263,345164.601845481,345164.601854081,0.04420059401309118,0.009162078029476106,0.03396621800493449,0.000931298010982573
482,0,16,0.04430619295453653,0.0026977929519489408,345164.705794531,345164.747402931,345164.705913731,345164.714909009,345164.746581333,345164.746590233,0.04160840000258759,0.008995277981739491,0.031672323995735496,0.000812697981018573
483,0,16,0.0443410929874517,0.002670992980711162,345164.850329583,345164.891999683,345164.850443083,345164.859221161,345164.891235084,345164.891252384,0.04167010000674054,0.008778078015893698,0.032013922987971455,0.0007472989964298904
484,0,16,0.04333969601429999,0.002528094977606088,345164.994970935,345165.035782536,345164.995080334,345165.005469309,345165.035071738,345165.035080038,0.0408116010366939,0.010388974973466247,0.029602429014630616,0.0007024980150163174
485,0,16,0.0428516969550401,0.0024763939436525106,345165.138498489,345165.178873792,345165.138605889,345165.147153868,345165.178015694,345165.178026194,0.04037530301138759,0.008547978999558836,0.03086182603146881,0.000847598013933748
486,0,16,0.0449563919682987,0.0025795939727686346,345165.281694544,345165.324071342,345165.281806644,345165.290916122,345165.323324644,345165.323333244,0.04237679799553007,0.00910947797819972,0.0324085220345296,0.0007380979950539768
487,0,16,0.04338539601303637,0.002603093977086246,345165.427009494,345165.467791796,345165.427125294,345165.437429569,345165.467085698,345165.467106398,0.040782302035950124,0.01030427502701059,0.029656128957867622,0.0006853980012238026
488,0,16,0.04630078899208456,0.002696294046472758,345165.570741448,345165.614345943,345165.570848848,345165.579580327,345165.613428446,345165.613438646,0.043604494945611805,0.008731478999834508,0.03384811902651563,0.0009072969551198184
489,0,16,0.04416779399616644,0.0025006949435919523,345165.717295996,345165.758963095,345165.717406495,345165.726620573,345165.758258097,345165.758266697,0.041667099052574486,0.009214078017976135,0.03163752396358177,0.0006963980267755687
490,3,16,0.07291582401376218,0.002527993987314403,345165.861753848,345165.932141678,345165.861861048,345165.870578627,345165.931207281,345165.931216081,0.07038783002644777,0.008717579010408372,0.06062865402782336,0.0009255969780497253
491,0,16,0.04294059600215405,0.002451693988405168,345166.034996531,345166.075485433,345166.035105731,345166.043983409,345166.074774435,345166.074783135,0.040488902013748884,0.008877678017597646,0.030791026016231626,0.0007022980134934187
492,0,16,0.06240555003751069,0.0028042940539307892,345166.178431786,345166.238033042,345166.178554485,345166.187594864,345166.237316044,345166.237324344,0.059601255983579904,0.009040378965437412,0.049721179995685816,0.0007086980040185153
493,1,16,0.06908903399016708,0.00261729396879673,345166.340994294,345166.407466034,345166.341104694,345166.349893773,345166.406607337,345166.406616337,0.06647174002137035,0.008789078972768039,0.05671356403036043,0.0008496969821862876
494,0,16,0.060250454989727587,0.0026211929507553577,345166.510519986,345166.568149248,345166.510635986,345166.519562465,345166.56728635,345166.56729815,0.05762926203897223,0.008926479029469192,0.047723884985316545,0.0008510980405844748
495,0,16,0.06019375496543944,0.002761992975138128,345166.6711446,345166.728576362,345166.6712843,345166.680634577,345166.727733164,345166.727742664,0.05743176199030131,0.009350277017802,0.047098586976062506,0.000833698024507612
496,0,16,0.06277954898541793,0.002662194019649178,345166.831549314,345166.891666669,345166.831671614,345166.840719492,345166.890969171,345166.890977571,0.060117354965768754,0.009047877974808216,0.05024967901408672,0.0006890979711897671
497,0,16,0.0626900490024127,0.002544294053222984,345166.994499122,345167.054644877,345166.994607922,345167.0037204,345167.053937779,345167.053946579,0.06014575494918972,0.0091124780010432,0.05021737900096923,0.0006982979830354452
498,0,16,0.05955985700711608,0.0026883939863182604,345167.15757613,345167.214447593,345167.157693729,345167.168186804,345167.213725395,345167.213733795,0.05687146302079782,0.010493075009435415,0.04553859098814428,0.0007137980428524315
499,0,16,0.0637313470360823,0.002636794000864029,345167.317305545,345167.378400098,345167.317430645,345167.32787252,345167.377628,345167.3776364,0.06109455303521827,0.010441875027026981,0.049755479965824634,0.0007636980153620243
500,1,16,0.07415712100919336,0.002680193050764501,345167.481352451,345167.552829379,345167.481458851,345167.491378727,345167.551863381,345167.551873081,0.07147692795842886,0.00991987599991262,0.06048465397907421,0.0009562979685142636
501,0,16,0.06299174902960658,0.002508494013454765,345167.655801031,345167.716284286,345167.655931431,345167.665041709,345167.715430388,345167.715440188,0.060483255016151816,0.009110278042498976,0.050388678966555744,0.0008440979872830212
502,0,16,0.06358504801755771,0.0026269940426573157,345167.819088238,345167.880046292,345167.819196238,345167.828293116,345167.879252594,345167.879263894,0.060958053974900395,0.009096877998672426,0.05095947801601142,0.0007823979831300676
503,0,16,0.05993565602693707,0.00253889401210472,345167.982998944,345168.040395706,345167.983111944,345167.993753118,345168.039561108,345168.039572108,0.05739676201483235,0.01064117398345843,0.045807990012690425,0.0008235980058088899
504,0,16,0.06597594101913273,0.002845492970664054,345168.143401959,345168.206532407,345168.143524758,345168.152853736,345168.205754609,345168.205763809,0.06313044804846868,0.00932897801976651,0.052900873008184135,0.0007685980526730418
505,0,16,0.05994115903740749,0.0027641940396279097,345168.309742562,345168.366919527,345168.309880162,345168.320674036,345168.366175829,345168.366187529,0.05717696499777958,0.010793873982038349,0.04550179303623736,0.0007319980068132281
506,0,16,0.06494404701516032,0.0026910940068773925,345168.469967485,345168.532220438,345168.470144684,345168.479269063,345168.53143634,345168.53144584,0.06225295300828293,0.009124378964770585,0.05216727702645585,0.0007745979819446802
507,0,16,0.06191985501209274,0.0025371950468979776,345168.635163896,345168.694546556,345168.635279995,345168.645706471,345168.693833157,345168.693841657,0.05938265996519476,0.01042647601570934,0.04812668601516634,0.0007048989646136761
508,0,16,0.060659357986878604,0.002635893994010985,345168.797434713,345168.855458177,345168.797542413,345168.806810891,345168.854582579,345168.854591179,0.05802346399286762,0.009268478024750948,0.04777168796863407,0.0008669979870319366
509,0,16,0.06337605102453381,0.0025664950371719897,345168.958286935,345169.019096491,345168.958396734,345168.96891521,345169.018251993,345169.018270393,0.06080955598736182,0.0105184760177508,0.04933678300585598,0.0008260979666374624
510,0,16,0.06651414302177727,0.0026794930454343557,345169.122042449,345169.185877099,345169.122158749,345169.131556927,345169.185022801,345169.185032601,0.06383464997634292,0.009398177964612842,0.05346587399253622,0.0008444979903288186
511,1,16,0.07576642197091132,0.0026082939584739506,345169.288840556,345169.361998684,345169.288954356,345169.298331734,345169.361220986,345169.361229886,0.07315812801243737,0.009377378039062023,0.06288925197441131,0.0007687979959882796
512,0,16,0.06298355100443587,0.0027228930266574025,345169.464873542,345169.5251342,345169.464984541,345169.475395417,345169.524310702,345169.524323002,0.060260657977778465,0.010410876013338566,0.04891528497682884,0.000811197969596833
513,1,16,0.07016983500216156,0.0024788949522189796,345169.627973258,345169.695664198,345169.628086857,345169.638550333,345169.6948994,345169.6949081,0.06769094004994258,0.01046347600640729,0.05634906701743603,0.0007560980156995356
514,0,16,0.05810876295436174,0.0026102939154952765,345169.798524456,345169.854022925,345169.798634756,345169.812146324,345169.853180127,345169.853189127,0.05549846903886646,0.013511568016838282,0.04103380296146497,0.0008337980252690613
515,0,16,0.05935096100438386,0.002546194999013096,345169.956803084,345170.01360785,345169.956914983,345169.968343256,345170.012837152,345170.012845652,0.056804766005370766,0.011428272991906852,0.04449389601359144,0.0007621980039402843
516,0,16,0.060270957998000085,0.0026171940262429416,345170.116437608,345170.174091372,345170.116562907,345170.126956083,345170.173269674,345170.173278474,0.057653763971757144,0.010393175994977355,0.04631359101040289,0.0008128979825414717
517,0,16,0.0645172480144538,0.002641594037413597,345170.27697453,345170.338850184,345170.27708413,345170.286388108,345170.337982386,345170.337996786,0.0618756539770402,0.009303978004027158,0.05159427801845595,0.0008533979998901486
518,0,16,0.06146365497261286,0.0025819939910434186,345170.441832942,345170.500714603,345170.441946241,345170.451467119,345170.499874005,345170.499882805,0.05888166098156944,0.009520877967588603,0.04840688599506393,0.0008317980100400746
519,0,16,0.0644243480055593,0.002559293992817402,345170.603570961,345170.665436015,345170.603681461,345170.613075639,345170.664630617,345170.664641917,0.061865054012741894,0.009394177992362529,0.05155497801024467,0.0007940980140119791
520,0,16,0.06051885802298784,0.00254639406921342,345170.768304673,345170.826277137,345170.768415273,345170.779159548,345170.825542939,345170.825551339,0.05797246395377442,0.01074427500134334,0.04638339101802558,0.0007257979596033692
521,0,16,0.06316545099252835,0.002707892970647663,345170.929150195,345170.989607753,345170.929271995,345170.940057269,345170.988789655,345170.988799455,0.060457558021880686,0.010785274032969028,0.0487323859706521,0.0008082980057224631
522,0,16,0.058392063016071916,0.002516595006454736,345171.092545911,345171.148421379,345171.09265451,345171.103300085,345171.147712481,345171.147720681,0.05587546800961718,0.010645575006492436,0.04441239597508684,0.0007006980013102293
523,0,16,0.05946265999227762,0.0025970940478146076,345171.251285137,345171.308150703,345171.251395737,345171.262032712,345171.307431905,345171.307440605,0.056865565944463015,0.010636974999215454,0.04539919301168993,0.0007100979564711452
524,0,16,0.060683457006234676,0.002669894020073116,345171.411095961,345171.469109524,345171.411204261,345171.420521539,345171.468341826,345171.468350226,0.05801356298616156,0.009317277988884598,0.047820286999922246,0.0007592979818582535
525,0,16,0.06664014398120344,0.0025462949415668845,345171.571808883,345171.635902732,345171.571917383,345171.58147806,345171.635084634,345171.635093234,0.06409384903963655,0.0095606769900769,0.05360657401615754,0.0008094980148598552
526,0,16,0.06133075599791482,0.002543693990446627,345171.73870739,345171.797494452,345171.73881799,345171.748213368,345171.796721254,345171.796731154,0.058787062007468194,0.009395378001499921,0.04850788600742817,0.000763297954108566
527,0,16,0.05741796502843499,0.0026136940577998757,345171.90039591,345171.955200181,345171.90051141,345171.914148678,345171.954413383,345171.954421583,0.054804270970635116,0.013637268042657524,0.040264704963192344,0.0007785980124026537
528,0,16,0.06081295700278133,0.0025969940470531583,345172.058145039,345172.116361002,345172.058255139,345172.067647717,345172.115523304,345172.115532504,0.05821596295572817,0.009392578038387,0.04787558695534244,0.0008284979849122465
529,0,16,0.0598827590001747,0.002645994012709707,345172.21933006,345172.276566825,345172.21944216,345172.230111534,345172.275725827,345172.275734927,0.057236764987464994,0.01066937402356416,0.04561429301975295,0.0008318980108015239
530,0,16,0.0666216429672204,0.0027266929973848164,345172.379596283,345172.443491233,345172.379712283,345172.389552259,345172.442666435,345172.442676335,0.06389494996983558,0.00983997603179887,0.05311417597113177,0.0008148979977704585
531,0,16,0.059723059996031225,0.002532693964894861,345172.54648389,345172.603674256,345172.54659779,345172.557453265,345172.602901558,345172.602912058,0.057190366031136364,0.01085547503316775,0.04544829297810793,0.0007621980039402843
532,0,16,0.05882036196999252,0.0027377939550206065,345172.706646014,345172.762728582,345172.706768714,345172.717673088,345172.761883384,345172.761892984,0.05608256801497191,0.010904374008532614,0.04421029600780457,0.0008355980389751494
533,0,16,0.0626356530119665,0.002717992989346385,345172.865863939,345172.925781599,345172.865995239,345172.877198413,345172.9250644,345172.9250729,0.05991766002262011,0.011203174013644457,0.04786598699865863,0.0007086989935487509
534,0,16,0.05786906398134306,0.002802892937324941,345173.028877456,345173.083943627,345173.028989056,345173.040697428,345173.083173529,345173.083181729,0.05506617104401812,0.011708371981512755,0.042476101021748036,0.0007618980016559362
535,0,16,0.05748886498622596,0.002652194001711905,345173.186782285,345173.241618956,345173.186889785,345173.198368558,345173.240819758,345173.240830158,0.05483667098451406,0.011478773027192801,0.04245119995903224,0.0007887979736551642
536,0,16,0.06601494504138827,0.002658394048921764,345173.344625914,345173.407982465,345173.344740914,345173.354159292,345173.407184067,345173.407195067,0.06335655099246651,0.009418378002010286,0.05302477499935776,0.0007873980212025344
537,0,16,0.059883659007027745,0.0026655939873307943,345173.510947623,345173.568165688,345173.511069523,345173.521577398,345173.56736669,345173.56737789,0.05721806501969695,0.010507875005714595,0.04578929202398285,0.0007877980242483318
538,0,16,0.06092235696269199,0.002676693955436349,345173.671205046,345173.729450709,345173.671321346,345173.682120621,345173.728544311,345173.728553511,0.058245663007255644,0.010799274954479188,0.04642369004432112,0.0008971979841589928
539,0,16,0.06345585099188611,0.00263359397649765,345173.832361168,345173.893183425,345173.832472767,345173.843200042,345173.892388226,345173.892397926,0.06082225701538846,0.010727275046519935,0.049188183969818056,0.0007854989962652326
540,0,16,0.060227259004022926,0.0025855950079858303,345173.996111783,345174.053753447,345173.996222282,345174.00589006,345174.052906049,345174.052916249,0.057641663996037096,0.009667777980212122,0.047015989024657756,0.0008371979929506779
541,0,16,0.0683645389508456,0.002598192950244993,345174.156699305,345174.222465651,345174.156814305,345174.166427482,345174.221657653,345174.221666353,0.0657663460006006,0.009613176982384175,0.05523017101222649,0.0007992979953996837
542,0,16,0.06442734802840278,0.0026939930394291878,345174.325414609,345174.387147964,345174.325524609,345174.336362483,345174.386346166,345174.386355866,0.06173335498897359,0.010837873967830092,0.04998368304222822,0.0007920979987829924
543,0,16,0.06419334904057905,0.002584794070571661,345174.490110222,345174.551718777,345174.490222722,345174.499641099,345174.550972079,345174.550980879,0.06160855497000739,0.00941837701248005,0.05133097997168079,0.0007378979935310781
544,0,16,0.06194225500803441,0.002613693999592215,345174.654610135,345174.713938696,345174.654721135,345174.66548671,345174.713113698,345174.713123898,0.05932856100844219,0.010765574988909066,0.0476269880309701,0.0008147979970090091
545,0,16,0.06244985299417749,0.0024944940232671797,345174.816873054,345174.876828413,345174.816986654,345174.827759629,345174.875810516,345174.875819916,0.05995535897091031,0.010772974987048656,0.04805088700959459,0.0010084969690069556
546,0,16,0.0633266509976238,0.002658093988429755,345174.979690172,345175.040358729,345174.979798071,345174.991609944,345175.039542531,345175.039553731,0.060668557009194046,0.011811872944235802,0.0479325870401226,0.0008049980388022959
547,0,16,0.06076625798596069,0.0028164939722046256,345175.143414587,345175.201364351,345175.143535587,345175.15476406,345175.200440653,345175.200452353,0.05794976401375607,0.01122847298393026,0.0456765930284746,0.0009119980386458337
548,0,16,0.059602260007523,0.0027028939803130925,345175.304477709,345175.361377075,345175.304613308,345175.319089174,345175.360547477,345175.360556077,0.05689936602720991,0.014475865988060832,0.04145830299239606,0.000820998044218868
549,0,16,0.06155585602391511,0.002583894005510956,345175.464254533,345175.523226495,345175.464367433,345175.476092006,345175.522480597,345175.522489497,0.058971962018404156,0.011724573036190122,0.04638859099941328,0.000736998044885695
550,0,16,0.06125705601880327,0.0025760940625332296,345175.625987054,345175.684668016,345175.626096653,345175.637938125,345175.683880918,345175.683889918,0.05868096195627004,0.011841472005471587,0.0459427930181846,0.000778098008595407
551,0,16,0.061325756018050015,0.002492394996806979,345175.787413375,345175.846246736,345175.787520674,345175.799090747,345175.845426538,345175.845442138,0.058833361021243036,0.011570073023904115,0.04633579100482166,0.0008045980357564986
552,0,16,0.061651755997445434,0.002540295012295246,345175.949233695,345176.008345156,345175.949347694,345175.961574766,345176.007515358,345176.007525158,0.05911146098515019,0.012227072031237185,0.04594059195369482,0.0008199979783967137
553,4,16,0.0955500760464929,0.002631494076922536,345176.111232714,345176.204151296,345176.111344814,345176.123561585,345176.203198898,345176.203207398,0.09291858196957037,0.012216770963277668,0.07963731302879751,0.0009438979905098677
554,0,16,0.06403794302605093,0.002592794015072286,345176.307059648,345176.368504797,345176.307168948,345176.318010421,345176.367702599,345176.367711599,0.06144514901097864,0.010841473005712032,0.04969217797042802,0.0007931980071589351
555,0,16,0.06108745001256466,0.0026384940138086677,345176.471331945,345176.529780901,345176.471450544,345176.482263718,345176.529016803,345176.529026003,0.05844895599875599,0.010813173954375088,0.04675308504374698,0.0007548980065621436
556,0,16,0.06542833900311962,0.002603592991363257,345176.632675749,345176.695500495,345176.632785448,345176.642588924,345176.694655597,345176.694664297,0.06282474601175636,0.009803475986700505,0.052066673000808805,0.0008361980435438454
557,0,16,0.06272814603289589,0.0025734930532053113,345176.798370542,345176.858525195,345176.798479042,345176.809353115,345176.857717597,345176.857725897,0.06015465297969058,0.010874072962906212,0.048364482005126774,0.0007992979953996837
558,0,16,0.062297247000969946,0.0025816939887590706,345176.961466342,345177.021181895,345176.961576642,345176.975869107,345177.020403997,345177.020412997,0.059715553012210876,0.014292464999016374,0.04453488998115063,0.0007688979967497289
559,0,16,0.06542033998994157,0.0026304939528927207,345177.124016243,345177.186806089,345177.124133743,345177.135320115,345177.185841991,345177.185862391,0.06278984603704885,0.011186372023075819,0.05052187596447766,0.000943697988986969
560,0,16,0.06211194797651842,0.0026117939851246774,345177.289772836,345177.34927299,345177.289890436,345177.300790209,345177.348263593,345177.348298693,0.059500153991393745,0.010899772983975708,0.04747338400920853,0.0009742969996295869
561,0,16,0.06470344099216163,0.002538694010581821,345177.452140838,345177.514305585,345177.452249238,345177.462906112,345177.513510187,345177.513524987,0.06216474698157981,0.010656874044798315,0.05060407496057451,0.0007805980276316404
562,0,16,0.06762603396782652,0.002729993953835219,345177.617382133,345177.682278173,345177.617496832,345177.627405208,345177.681530475,345177.681538975,0.0648960400139913,0.009908376028761268,0.054125266964547336,0.0007391980034299195
563,0,16,0.06042515201261267,0.0025466940132901073,345177.785076621,345177.842955079,345177.785186821,345177.796850292,345177.842156881,345177.842167081,0.05787845799932256,0.011663470999337733,0.04530658898875117,0.0007879979675635695
564,0,16,0.05942435399629176,0.0025360939907841384,345177.945811127,345178.002699387,345177.945920627,345177.957838698,345178.001953389,345178.001962389,0.05688826000550762,0.011918071017134935,0.0441146909724921,0.000736998044885695
565,0,16,0.06242834700969979,0.002620393002871424,345178.105500335,345178.165308289,345178.105609935,345178.116676508,345178.164484491,345178.164495891,0.05980795400682837,0.011066572973504663,0.047807983006350696,0.000812397978734225
566,0,16,0.06060615205205977,0.0025827940553426743,345178.268286536,345178.326309894,345178.268398636,345178.280202807,345178.325515696,345178.325528496,0.058023357996717095,0.011804170964751393,0.04531288903672248,0.0007813979755155742
567,0,16,0.06190784799400717,0.0025117939803749323,345178.429124342,345178.488520396,345178.429238241,345178.440426914,345178.487727198,345178.487735798,0.05939605401363224,0.01118867303011939,0.04730028397170827,0.000784597999881953
568,0,16,0.06202614802168682,0.0027840930270031095,345178.591477743,345178.650719798,345178.591582843,345178.603611114,345178.649701501,345178.649711101,0.05924205499468371,0.012028271041344851,0.04609038698254153,0.0010086969705298543
569,0,16,0.061923347995616496,0.0026019939687103033,345178.753660546,345178.8129819,345178.753771245,345178.765668216,345178.812169402,345178.812178702,0.05932135402690619,0.011896970972884446,0.046501186036039144,0.0008031980250962079
570,0,16,0.06105934997322038,0.002606394002214074,345178.915987648,345178.974440604,345178.916112547,345178.928355317,345178.973664706,345178.973673506,0.058452955971006304,0.012242769997101277,0.045309389010071754,0.0007670979830436409
571,0,16,0.05903875600779429,0.0024533949908800423,345179.077163853,345179.133749214,345179.077271952,345179.089443622,345179.132958716,345179.132967016,0.05658536101691425,0.012171669979579747,0.043515094032045454,0.0007821979816071689
572,0,16,0.06308354501379654,0.0027012929785996675,345179.236612462,345179.296994714,345179.236720961,345179.247947534,345179.296156516,345179.296165316,0.06038225203519687,0.011226573027670383,0.048208981985226274,0.0008293979917652905
573,3,16,0.09690436301752925,0.0024754939950071275,345179.399849661,345179.49427853,345179.399988061,345179.410247436,345179.493326932,345179.493335632,0.09442886902252212,0.010259375034365803,0.08307949599111453,0.0009428979828953743
574,0,16,0.05995515297399834,0.002597493934445083,345179.597081178,345179.654438837,345179.597189678,345179.611541842,345179.653568739,345179.653581139,0.057357659039553255,0.014352163998410106,0.042026897019241005,0.0008576980326324701
575,0,16,0.06386444403324276,0.002609594026580453,345179.757258885,345179.818513735,345179.757368685,345179.770701352,345179.817654337,345179.817672637,0.06125485000666231,0.013332667003851384,0.04695298499427736,0.000841098022647202
576,0,16,0.05972625396680087,0.0026587939937599003,345179.921515583,345179.978583043,345179.921637182,345179.935456449,345179.977721345,345179.977732945,0.05706745997304097,0.01381926698377356,0.0422648960375227,0.0008500979747623205
577,0,16,0.06255594600224867,0.0025515930028632283,345180.081520591,345180.141524944,345180.08163309,345180.09389586,345180.140726646,345180.140735545,0.060004352999385446,0.012262770032975823,0.04683078598463908,0.0007893989677540958
578,0,16,0.06324544496601447,0.002603693923447281,345180.244313392,345180.304955143,345180.244422391,345180.255664964,345180.304089545,345180.304099045,0.060641751042567194,0.011242572974879295,0.0484245810075663,0.0008560980204492807
579,0,16,0.06196974799968302,0.0026020940276794136,345180.407914691,345180.467282345,345180.40802729,345180.419110763,345180.466496347,345180.466505547,0.05936765397200361,0.011083472985774279,0.04738558398094028,0.0007767979986965656
580,0,16,0.06475204101298004,0.0026811930583789945,345180.570336893,345180.632407741,345180.570448192,345180.582453363,345180.631607243,345180.631618642,0.06207084795460105,0.012005170981865376,0.049153879983350635,0.0007890989654697478
581,0,16,0.06128444999922067,0.0025910940021276474,345180.735240289,345180.793933645,345180.735378188,345180.747553258,345180.793134547,345180.793144247,0.05869335599709302,0.012175070005469024,0.04558128898497671,0.0007893979782238603
582,0,16,0.06342804501764476,0.0027347939903847873,345180.896767593,345180.957460844,345180.896876493,345180.908905963,345180.956508647,345180.956519147,0.060693251027259976,0.012029470002744347,0.04760268400423229,0.0009416970424354076
583,0,16,0.06104315002448857,0.0026708930381573737,345181.060500692,345181.118872949,345181.060627291,345181.075016156,345181.118039651,345181.118050451,0.058372256986331195,0.014388865034561604,0.04302349500358105,0.0008224979974329472
584,0,16,0.06113315001130104,0.002577994018793106,345181.221796997,345181.280352153,345181.221916196,345181.233194869,345181.279497355,345181.279526455,0.058555155992507935,0.011278673016931862,0.046302485978230834,0.0008256980217993259
585,0,16,0.0625332469935529,0.0025744930026121438,345181.383096901,345181.443055655,345181.383204501,345181.393863675,345181.442167057,345181.442182957,0.05995875399094075,0.010659174004103988,0.04830338200554252,0.0008726979722268879
586,0,16,0.059795552981086075,0.0027622919878922403,345181.546053102,345181.603086363,345181.546161002,345181.560309267,345181.602192565,345181.602202565,0.057033260993193835,0.014148265006951988,0.04188329796306789,0.0008837979985401034
587,0,16,0.06047085201134905,0.0025689940084703267,345181.705899711,345181.763801569,345181.706019511,345181.717263383,345181.762842071,345181.762852071,0.057901858002878726,0.0112438719952479,0.04557868803385645,0.0009494979749433696
588,0,16,0.0599787529790774,0.0025887939846143126,345181.866850717,345181.924240676,345181.866965816,345181.880981782,345181.923279078,345181.923296578,0.057389958994463086,0.014015965978614986,0.042297295993193984,0.0009440979920327663
589,0,16,0.05876515596173704,0.0025385929620824754,345182.027096024,345182.083322587,345182.027211924,345182.039556994,345182.082426289,345182.082434989,0.05622656299965456,0.012345069961156696,0.04286929499357939,0.0008875980274751782
590,0,16,0.0631496449932456,0.002506994002033025,345182.186121935,345182.246764586,345182.186233535,345182.198611804,345182.245989288,345182.245998388,0.06064265099121258,0.012378268991596997,0.04737748403567821,0.0007661980343982577
591,0,16,0.06209334701998159,0.0026093930355273187,345182.349523935,345182.409007889,345182.349633534,345182.360720807,345182.408136791,345182.408146191,0.059483953984454274,0.011087273014709353,0.0474159840377979,0.0008616980048827827
592,0,16,0.07097802602220327,0.002529794001020491,345182.511953137,345182.580401369,345182.512068537,345182.522320212,345182.579577471,345182.579586071,0.06844823202118278,0.010251674975734204,0.05725725903175771,0.0008152980008162558
593,0,16,0.07370551902567968,0.0026258929865434766,345182.683110918,345182.754190544,345182.683219718,345182.695890287,345182.753098747,345182.753144346,0.0710796260391362,0.012670569005422294,0.05720845999894664,0.0010461980127729475
594,0,16,0.06493654102087021,0.00259959400864318,345182.857286392,345182.919623339,345182.857395991,345182.870848058,345182.918818841,345182.918827441,0.06233694701222703,0.013452067039906979,0.04797078296542168,0.0007958980277180672
595,0,16,0.06021965300897136,0.002435993985272944,345183.022415787,345183.080199446,345183.022525087,345183.036660952,345183.079384448,345183.079393348,0.05778365902369842,0.014135865028947592,0.04272349597886205,0.0008060979889705777
596,0,16,0.06064135197084397,0.002560794004239142,345183.183021194,345183.241101752,345183.183130194,345183.197631958,345183.240305354,345183.240314454,0.05808055796660483,0.014501763973385096,0.042673396004829556,0.0007872979622334242
597,0,16,0.06077885098056868,0.002579292980954051,345183.3439422,345183.402141758,345183.3440498,345183.358738664,345183.40106726,345183.40108356,0.058199557999614626,0.014688864001072943,0.04232859599869698,0.0010581979877315462
598,0,16,0.061761549033690244,0.0025748940533958375,345183.505100906,345183.564287561,345183.505213105,345183.51555268,345183.563490163,345183.563500663,0.059186654980294406,0.010339575004763901,0.04793748300289735,0.0007868980173952878
599,0,16,0.060308152984362096,0.002579393971245736,345183.667168609,345183.724897368,345183.667274909,345183.681221475,345183.72399977,345183.72400807,0.05772875901311636,0.013946566032245755,0.04277829499915242,0.0008892979822121561
600,0,16,0.06375534395920113,0.002627492998726666,345183.827668416,345183.888796267,345183.827774516,345183.840985384,345183.887843469,345183.887854369,0.06112785096047446,0.013210867997258902,0.04685808497015387,0.0009418979752808809
601,0,16,0.060143853013869375,0.0025756940594874322,345183.991706715,345184.049274874,345183.991820315,345184.006404379,345184.048452076,345184.048462176,0.05756815895438194,0.01458406395977363,0.042047697002999485,0.000812697981018573
602,0,16,0.060797751997597516,0.0025659940438345075,345184.152117322,345184.21034908,345184.152230422,345184.167409985,345184.209472382,345184.209481382,0.05823175795376301,0.015179562964476645,0.042062396998517215,0.000867697992362082
603,0,16,0.06016734900185838,0.002544493996538222,345184.313189224,345184.370812079,345184.313299924,345184.327319089,345184.369979581,345184.369991481,0.05762285500532016,0.014019164955243468,0.04266049200668931,0.0008205979829654098
604,0,16,0.06081614701543003,0.0026147940079681575,345184.47369672,345184.531898073,345184.473804719,345184.488994681,345184.531099975,345184.531108775,0.058201353007461876,0.01518996199592948,0.04210529400734231,0.0007892979774624109
605,0,16,0.06123114499496296,0.00251429300988093,345184.634704214,345184.693421066,345184.634813613,345184.649991975,345184.692370268,345184.692379168,0.05871685198508203,0.015178361965809017,0.04237829300109297,0.001041897980030626
606,0,16,0.07160821900470182,0.002546992967836559,345184.796299506,345184.865360732,345184.796409006,345184.808485476,345184.864553334,345184.864562134,0.06906122603686526,0.01207647001137957,0.056067858007736504,0.0007985979900695384
607,0,16,0.061972643015906215,0.002557992993388325,345184.968053374,345185.027468024,345184.968162773,345184.983679334,345185.026632126,345185.026643226,0.05941465002251789,0.01551656099036336,0.04295279202051461,0.0008247980149462819
608,0,16,0.06164774397620931,0.0025897930026985705,345185.130470664,345185.189528615,345185.130587264,345185.145653426,345185.188624718,345185.188633518,0.05905795097351074,0.015066161984577775,0.04297129198675975,0.0008950969786383212
609,0,16,0.0609069470083341,0.0025414940319024026,345185.292373956,345185.350739409,345185.292482356,345185.30682802,345185.349868811,345185.349877511,0.0583654529764317,0.01434566400712356,0.04304079100256786,0.0008618980064056814
610,0,16,0.06577893398934975,0.0025030929828062654,345185.45353995,345185.516815791,345185.45364785,345185.464115123,345185.516022593,345185.516031193,0.06327584100654349,0.010467272950336337,0.05190747004235163,0.000784597999881953
611,0,16,0.06182024400914088,0.002601792977657169,345185.619583532,345185.678801983,345185.619691131,345185.634597094,345185.677949985,345185.677958585,0.05921845103148371,0.014905962976627052,0.0433528910507448,0.0008433980401605368
612,0,16,0.06152734498027712,0.0025911929551512003,345185.781759623,345185.840695775,345185.781868223,345185.796813685,345185.839734177,345185.839754977,0.05893615202512592,0.014945461996831,0.042920492007397115,0.0009407980251125991
613,0,16,0.06211694300873205,0.002465294033754617,345185.943548116,345186.003199765,345185.943661615,345185.959329276,345186.002287468,345186.002296368,0.059651648974977434,0.01566766097676009,0.04295819200342521,0.0009033969836309552
614,4,16,0.09867855202173814,0.0025706940214149654,345186.105986806,345186.202094664,345186.106095806,345186.121491667,345186.200877367,345186.200909867,0.09610785800032318,0.015395861002616584,0.07938569999532774,0.0011847969726659358
615,0,16,0.06167154497234151,0.002518493973184377,345186.304982605,345186.364135656,345186.305098105,345186.320440166,345186.363238258,345186.363247658,0.05915305099915713,0.015342061000410467,0.0427980920067057,0.0008879979723133147
616,0,16,0.0642030379967764,0.0026421929942443967,345186.467027097,345186.528587942,345186.467135697,345186.480321763,345186.527640444,345186.527650844,0.061560845002532005,0.013186066003981978,0.04731868096860126,0.0009370979969389737
617,0,16,0.062344642996322364,0.0026557929813861847,345186.631530282,345186.691219132,345186.631649482,345186.647077143,345186.690388234,345186.690397034,0.05968885001493618,0.01542766101192683,0.04331109096528962,0.0008220979943871498
618,0,16,0.06094284699065611,0.0025845940108411014,345186.794027973,345186.852386226,345186.794134873,345186.809058035,345186.851553928,345186.851586028,0.058358252979815006,0.01492316200165078,0.042495892965234816,0.0008001980022527277
619,0,16,0.061658444989006966,0.002575393009465188,345186.955206867,345187.014289919,345186.955315067,345186.970329629,345187.013337321,345187.013346921,0.05908305197954178,0.015014561999123544,0.043007691972889006,0.0009429979836568236
620,0,16,0.06188694399315864,0.002753793029114604,345187.117223859,345187.17635701,345187.117336559,345187.132319221,345187.175169313,345187.175177713,0.059133150964044034,0.014982661989051849,0.04285009199520573,0.0011792969889938831
621,0,16,0.06275574199389666,0.002645593020133674,345187.279364151,345187.3394743,345187.279473751,345187.294991912,345187.338561202,345187.338569402,0.06011014897376299,0.015518160944338888,0.043569290020968765,0.0009048979845829308
622,0,16,0.06276664196047932,0.002529093937482685,345187.442384241,345187.502621789,345187.44249284,345187.457214403,345187.501809991,345187.501818791,0.060237548022996634,0.014721563027705997,0.044595587998628616,0.0008029980235733092
623,0,16,0.0650109369889833,0.002562893962021917,345187.60543003,345187.667878073,345187.60554083,345187.619269795,345187.666905775,345187.666917075,0.062448043026961386,0.013728965015616268,0.04763598000863567,0.0009609980043023825
624,0,16,0.06285574199864641,0.00261429394595325,345187.770808114,345187.831049562,345187.770925613,345187.786476674,345187.830146164,345187.830154764,0.06024144805269316,0.015551061020232737,0.04366948996903375,0.0008947980240918696
625,0,16,0.06260264298180118,0.0026164939627051353,345187.933794703,345187.993780852,345187.933903003,345187.948800666,345187.992862355,345187.992872355,0.05998614901909605,0.014897663029842079,0.044061688997317106,0.0009084970224648714
626,0,16,0.06188114499673247,0.0025688940077088773,345188.096801493,345188.156113744,345188.096917893,345188.111968655,345188.155207046,345188.155217646,0.059312250989023596,0.01505076204193756,0.043238390993792564,0.000896098033990711
627,3,16,0.09303976595401764,0.002605793997645378,345188.258917685,345188.349351657,345188.259025685,345188.274283346,345188.34837566,345188.34838436,0.09043397195637226,0.015257660998031497,0.07409231399651617,0.0009672969463281333
628,0,16,0.062328242987859994,0.0034461910254321992,345188.453052896,345188.511934948,345188.453244696,345188.467774159,345188.51113735,345188.51114625,0.058882051962427795,0.014529462961945683,0.04336319101275876,0.0007886979728937149
629,0,16,0.06252274301368743,0.002477394009474665,345188.614797389,345188.674842738,345188.614907589,345188.630104351,345188.67388714,345188.67390604,0.06004534900421277,0.015196761989500374,0.04378278902731836,0.0009366979938931763
630,0,16,0.06231144297635183,0.0025941929779946804,345188.777841279,345188.837558529,345188.777957779,345188.79321714,345188.836760531,345188.836769731,0.05971724999835715,0.015259361010976136,0.043543390987906605,0.0007887979736551642
631,0,16,0.06287404196336865,0.0026455939514562488,345188.94043437,345189.000662818,345188.94054657,345188.956034231,345188.999727321,345188.999738121,0.060228448011912405,0.015487661003135145,0.04369308997411281,0.0009246970294043422
632,0,16,0.06448863801779225,0.00259219401050359,345189.103601859,345189.165498303,345189.103717959,345189.118875821,345189.164618406,345189.164640806,0.061896444007288665,0.015157861984334886,0.04574258497450501,0.0008574970415793359
633,0,16,0.06106614600867033,0.0025836940039880574,345189.268391445,345189.326873897,345189.268499944,345189.28197781,345189.3258047,345189.3258157,0.05848245200468227,0.013477866014000028,0.043826890003401786,0.0010581969982013106
634,0,16,0.06296214199392125,0.002748492988757789,345189.429883938,345189.490097587,345189.429996838,345189.4451686,345189.489204489,345189.489213289,0.06021364900516346,0.015171762031968683,0.04403588897548616,0.0008842980023473501
635,0,16,0.06297714199172333,0.0024968950310721993,345189.593087328,345189.653567575,345189.593197027,345189.608987088,345189.652643278,345189.652659378,0.06048024696065113,0.015790061035659164,0.04365618998417631,0.0009081969619728625
636,0,16,0.0604452479747124,0.0026593929505907,345189.756550516,345189.814336371,345189.756670616,345189.769934083,345189.813381473,345189.813393673,0.0577858550241217,0.013263467000797391,0.0434473900240846,0.0009426980395801365
637,0,16,0.06270634196698666,0.0027328929863870144,345189.917270112,345189.977243561,345189.917386612,345189.932407174,345189.976334964,345189.976344264,0.05997344898059964,0.015020562044810504,0.043927789956796914,0.0008992970106191933
638,0,16,0.06384483998408541,0.002701893972698599,345190.080220202,345190.141363148,345190.080329202,345190.095830263,345190.140134252,345190.140144251,0.06114294601138681,0.015501060988754034,0.04430398903787136,0.001218896999489516
639,0,16,0.06569623399991542,0.002598692022729665,345190.244358189,345190.307455731,345190.244474589,345190.260413549,345190.306470033,345190.306481033,0.06309754197718576,0.015938960015773773,0.04605648398865014,0.0009746979922056198
640,0,16,0.06582223402801901,0.0030326920095831156,345190.410544971,345190.473334513,345190.410666971,345190.421789943,345190.472319916,345190.472333616,0.0627895420184359,0.011122972005978227,0.05052997299935669,0.0010008970275521278
641,0,16,0.06684383196989074,0.0028964929515495896,345190.576379354,345190.640326693,345190.576499954,345190.592283914,345190.638730197,345190.638753597,0.06394733901834115,0.01578395999968052,0.04644628299865872,0.0015730960294604301
642,0,16,0.0726438180427067,0.002910193055868149,345190.743716433,345190.813450058,345190.743842533,345190.758076197,345190.812466461,345190.812476761,0.06973362498683855,0.014233664027415216,0.05439026397652924,0.0009732969920150936
643,0,16,0.06104224699083716,0.0025473940186202526,345190.916392999,345190.974887852,345190.916505099,345190.930591864,345190.973694255,345190.973705655,0.058494852972216904,0.014086765004321933,0.04310239100595936,0.001182196952868253
644,0,16,0.060818847035989165,0.0026057930663228035,345191.077858693,345191.136071747,345191.077968293,345191.092778756,345191.135248549,345191.135257949,0.05821305396966636,0.014810463006142527,0.04246979299932718,0.0008137979893945158
645,0,16,0.061232745996676385,0.0025324940215796232,345191.238795489,345191.297495741,345191.238902488,345191.253276852,345191.296657443,345191.296665843,0.05870025197509676,0.014374363992828876,0.043380590970627964,0.0008298979955725372
646,0,16,0.06008014897815883,0.002865192946046591,345191.400626982,345191.457841938,345191.400736381,345191.414318847,345191.45693394,345191.45694244,0.05721495603211224,0.013582465995568782,0.04261509299976751,0.0008994980016723275
647,0,16,0.061015746963676065,0.002658093930222094,345191.560793479,345191.619151132,345191.560901479,345191.575321242,345191.618182435,345191.618201235,0.05835765303345397,0.014419762999750674,0.04286119301104918,0.0009498969884589314
648,0,16,0.05976765003288165,0.00275879300897941,345191.722134273,345191.77914313,345191.722249373,345191.735966139,345191.778156933,345191.778166833,0.05700885702390224,0.013716766028665006,0.04219079401809722,0.0009762970148585737
649,0,16,0.06100524700013921,0.002515894011594355,345191.882071871,345191.940561224,345191.882184271,345191.897499133,345191.939539827,345191.939549027,0.05848935298854485,0.015314862015657127,0.042040693981107324,0.001012196997180581
650,0,16,0.06074714701389894,0.0026358930044807494,345192.043468566,345192.10157982,345192.043599266,345192.058314429,345192.100752622,345192.100761122,0.05811125400941819,0.0147151630371809,0.042438192991539836,0.0008186979684978724
651,0,16,0.058320754033047706,0.0024966939818114042,345192.204390861,345192.260214921,345192.204501661,345192.217663828,345192.259314223,345192.259328523,0.0558240600512363,0.013162166986148804,0.041650395025499165,0.0008863980183377862
652,0,16,0.05983885296154767,0.0026326929801143706,345192.363129868,345192.420336028,345192.363237868,345192.377216634,345192.419339931,345192.419352431,0.0572061599814333,0.013978765986394137,0.042123296996578574,0.0009835969540290534
653,0,16,0.061285050003789365,0.0026558940298855305,345192.523244176,345192.581873332,345192.523354876,345192.539353936,345192.581021334,345192.581030034,0.058629155973903835,0.015999060007743537,0.04166739800712094,0.0008432979811914265
654,1,16,0.07154492498375475,0.0030209929682314396,345192.685230579,345192.753754511,345192.685385279,345192.70110184,345192.752862213,345192.752870813,0.06852393201552331,0.01571656099986285,0.05176037299679592,0.0008836979977786541
655,0,16,0.06111954996595159,0.002542892994824797,345192.856606859,345192.915183516,345192.856716859,345192.87262832,345192.914366918,345192.914375718,0.058576656971126795,0.015911461028736085,0.041738597967196256,0.0008077980019152164
656,0,16,0.05953045398928225,0.0025632939650677145,345193.018043664,345193.075010824,345193.018152463,345193.032903127,345193.074211126,345193.074219626,0.056967160024214536,0.014750664005987346,0.04130799899576232,0.0007911979919299483
657,0,16,0.06064885196974501,0.0028059929609298706,345193.177732372,345193.235575231,345193.177840772,345193.193147635,345193.234652933,345193.234662433,0.05784285900881514,0.015306862944271415,0.0415052980533801,0.0009127980447374284
658,0,16,0.05953045398928225,0.0026359930052421987,345193.338789478,345193.395683939,345193.338898178,345193.353808741,345193.394772241,345193.394781441,0.05689446098404005,0.014910563011653721,0.04096349998144433,0.0009024979663081467
659,0,16,0.060430451994761825,0.002631093026138842,345193.498638686,345193.556438045,345193.498752986,345193.514145648,345193.555508747,345193.555518747,0.05779935896862298,0.015392661967780441,0.04136309900786728,0.0009192979778163135
660,3,16,0.09602416504640132,0.0026278930599801242,345193.659486692,345193.752882964,345193.659600292,345193.672158861,345193.751826666,345193.751838866,0.0933962719864212,0.01255856902571395,0.0796678049955517,0.0010440979967825115
661,0,16,0.05981155298650265,0.002582593006081879,345193.855716912,345193.912945872,345193.855828212,345193.870978674,345193.912099674,345193.912108374,0.05722895998042077,0.015150461986195296,0.04112100001657382,0.0008374979952350259
662,0,16,0.059615954000037163,0.0027850939659401774,345194.01587842,345194.07270928,345194.015987619,345194.030659283,345194.071879282,345194.071887882,0.056830860034096986,0.014671663986518979,0.04121999902417883,0.0008213979890570045
663,0,16,0.05989305401453748,0.002543694048654288,345194.175684328,345194.233033688,345194.175792228,345194.190560392,345194.23215999,345194.23216869,0.057349359965883195,0.014768163964617997,0.041599598014727235,0.0008649979718029499
664,0,16,0.059816254011821,0.002613393997307867,345194.335887136,345194.393089996,345194.335994836,345194.350987099,345194.392195098,345194.392209898,0.057202860014513135,0.01499226299347356,0.04120799899101257,0.0008800980285741389
665,0,16,0.0599099529790692,0.00250239297747612,345194.495849944,345194.553257504,345194.495959144,345194.511030207,345194.552392306,345194.552400906,0.05740756000159308,0.015071062953211367,0.04136209900025278,0.0008565980242565274
666,0,16,0.06564003904350102,0.002612993062939495,345194.656057652,345194.719084698,345194.656164052,345194.667523024,345194.7181477,345194.7181575,0.06302704598056152,0.011358971998561174,0.050624675990547985,0.0009271979797631502
667,0,16,0.05860875599319115,0.0025838930159807205,345194.821991346,345194.878016209,345194.822102046,345194.835540113,345194.876975911,345194.876984611,0.05602486297721043,0.013438066991511732,0.0414357979898341,0.0010315980180166662
668,0,16,0.059220955008640885,0.002689393993932754,345194.980899757,345195.037431318,345194.981010957,345194.994812323,345195.03657372,345195.03658212,0.05653156101470813,0.013801366032566875,0.041761396976653486,0.0008491980261169374
669,0,16,0.060993049992248416,0.002620791958179325,345195.140378366,345195.198750624,345195.140494866,345195.155824329,345195.197922826,345195.197931326,0.05837225803406909,0.015329462999943644,0.04209849698236212,0.0008192980312742293
670,4,16,0.09685886302031577,0.0027705939719453454,345195.301679572,345195.395767841,345195.301791071,345195.315801637,345195.394638244,345195.394646844,0.09408826904837042,0.014010565995704383,0.07883660699008033,0.001120997010730207
671,0,16,0.06067255197558552,0.0025762940058484674,345195.498610189,345195.556706447,345195.498716789,345195.512747455,345195.55573815,345195.55575285,0.05809625796973705,0.014030665974132717,0.04299069504486397,0.000953596958424896
672,0,16,0.06164824997540563,0.0025419939775019884,345195.659614395,345195.718720651,345195.659735495,345195.674875558,345195.717837053,345195.717846353,0.059106255997903645,0.015140063012950122,0.042961494997143745,0.0008742979844100773
673,0,16,0.061267049983143806,0.002596392994746566,345195.821547999,345195.880218656,345195.821656999,345195.836710362,345195.879329958,345195.879338658,0.05867065698839724,0.015053362993057817,0.04261959600262344,0.0008799979696050286
674,0,16,0.05984045402146876,0.0025298940599896014,345195.983037304,345196.040347864,345195.983145304,345195.99691517,345196.039487266,345196.039496466,0.05731055996147916,0.013769865967333317,0.04257209599018097,0.0008513979846611619
675,0,16,0.06247164699016139,0.0024799939710646868,345196.143027813,345196.203019466,345196.143136312,345196.158357175,345196.202020168,345196.202030868,0.0599916530190967,0.015220862987916917,0.04366299300454557,0.0009885980398394167
676,0,16,0.06234304700046778,0.0025620940141379833,345196.305987114,345196.365768067,345196.306101514,345196.321456976,345196.36487737,345196.36488597,0.059780952986329794,0.015355461975559592,0.04342039400944486,0.0008820969960652292
677,0,16,0.06379054399440065,0.0026428939891047776,345196.468510716,345196.529658366,345196.468619116,345196.484603777,345196.528627069,345196.528639269,0.06114765000529587,0.01598466100404039,0.04402329202275723,0.0010190969915129244
678,0,16,0.06277404702268541,0.002604893990792334,345196.632729814,345196.692898967,345196.632844714,345196.647641878,345196.692018469,345196.692027569,0.060169153031893075,0.014797164010815322,0.04437659098766744,0.0008713980205357075
679,1,16,0.07424741901922971,0.00260799506213516,345196.795745116,345196.86738454,345196.795852415,345196.812377975,345196.866304943,345196.866313343,0.07163942395709455,0.016525560000445694,0.05392696801573038,0.0010711969807744026
680,0,16,0.06385464296909049,0.0025101929786615074,345196.970288689,345197.031633139,345196.970409388,345196.986313349,345197.030619741,345197.030630141,0.061344449990428984,0.015903960971627384,0.04430639202473685,0.0010029980330727994
681,0,16,0.06246174703119323,0.002665292995516211,345197.134518687,345197.194315141,345197.134627387,345197.148388153,345197.193418643,345197.193427643,0.059796454035677016,0.013760766014456749,0.04503048997139558,0.0008874980267137289
682,0,16,0.06690383603563532,0.0025856930296868086,345197.297165989,345197.361484132,345197.297275489,345197.312423952,345197.360564634,345197.360573034,0.06431814300594851,0.015148462960496545,0.048140681989025325,0.0009110980317927897
683,0,16,0.06353984499583021,0.002506093995179981,345197.46435008,345197.525383831,345197.46445828,345197.479329444,345197.524534133,345197.524543033,0.06103375100065023,0.014871163992211223,0.04520468896953389,0.000840798020362854
684,0,16,0.0637593439896591,0.0026861929800361395,345197.628295779,345197.68936893,345197.628401279,345197.643121443,345197.688250533,345197.688268233,0.06107315100962296,0.014720164006575942,0.0451290900236927,0.0011006970307789743
685,0,16,0.06404284399468452,0.0025952939759008586,345197.792342278,345197.853789828,345197.792457878,345197.80776774,345197.85295413,345197.85296713,0.06144755001878366,0.01530986197758466,0.04518638999434188,0.0008226979989558458
686,0,16,0.06690463697304949,0.0026064939447678626,345197.956691976,345198.020990119,345197.956799676,345197.974027834,345198.020065821,345198.020076021,0.06429814302828163,0.01722815801622346,0.046037986990995705,0.0009140979964286089
687,0,16,0.0652429400361143,0.00249009404797107,345198.123764668,345198.186517514,345198.123873467,345198.139904128,345198.185634616,345198.185643816,0.06275284598814324,0.01603066100506112,0.04573048802558333,0.0008736979798413813
688,0,16,0.06439884199062362,0.0025571929872967303,345198.289402763,345198.351244412,345198.289507362,345198.304529926,345198.350398114,345198.350406814,0.06184164900332689,0.0150225639808923,0.04586818802636117,0.0008375979959964752
689,0,16,0.0645815419848077,0.002585792972240597,345198.45403026,345198.516026009,345198.45426816,345198.468963024,345198.514928211,345198.514937611,0.0619957490125671,0.014694863988552243,0.0459651870187372,0.0010883979848586023
690,0,16,0.06696553598158062,0.0025838929577730596,345198.618930457,345198.6833121,345198.619045657,345198.634325019,345198.680508007,345198.680517807,0.06438164302380756,0.015279362036380917,0.04618298797868192,0.00279429298825562
691,0,16,0.06568673998117447,0.0026179940323345363,345198.786135648,345198.849204394,345198.786257948,345198.803041007,345198.848235097,345198.848244997,0.06306874594883993,0.01678305899258703,0.04519408999476582,0.0009593970025889575
692,0,16,0.0646058419952169,0.0026093940250575542,345198.952068843,345199.014065291,345198.952183943,345198.968100504,345199.013136894,345199.013150194,0.06199644797015935,0.01591656100936234,0.04503638995811343,0.0009150969563052058
693,0,16,0.06377814401639625,0.0024799940292723477,345199.11692984,345199.17822799,345199.11704034,345199.132337802,345199.177365892,345199.177374992,0.06129814998712391,0.015297461999580264,0.04502809001132846,0.0008529979968443513
694,0,16,0.06232634698972106,0.0026423929957672954,345199.281137939,345199.340821893,345199.281244938,345199.295470703,345199.339883895,345199.339892395,0.059683953993953764,0.014225764956790954,0.04441319202305749,0.000929497997276485
695,0,16,0.06370794400572777,0.0025046930531971157,345199.443729041,345199.504932292,345199.443838641,345199.458898304,345199.504069494,345199.504080194,0.06120325095253065,0.015059662982821465,0.045171190053224564,0.0008520979899913073
696,0,16,0.06335354503244162,0.0026255930424667895,345199.60775504,345199.668482992,345199.60786544,345199.623264902,345199.667552194,345199.667563194,0.06072795198997483,0.015399461961351335,0.04428729199571535,0.0009197979816235602
697,0,16,0.06259694800246507,0.0027289940044283867,345199.77157614,345199.831444094,345199.77170284,345199.786555403,345199.830491196,345199.830500696,0.05986795399803668,0.014852563035674393,0.04393579298630357,0.000943397986702621
698,0,16,0.07373191899387166,0.0026792919961735606,345199.934373342,345200.005425969,345199.934482442,345199.946427813,345200.004500471,345200.004510371,0.0710526269976981,0.01194537099217996,0.05807265802286565,0.000915598007850349
699,0,16,0.06894443201599643,0.002535394043661654,345200.108269217,345200.174678255,345200.108378017,345200.120602687,345200.173723557,345200.173734657,0.06640903797233477,0.01222467003390193,0.05312086996855214,0.0009435979882255197
700,0,16,0.06253133103018627,0.0025032940320670605,345200.277480504,345200.337508541,345200.277588904,345200.292429964,345200.336638544,345200.336653544,0.060028036998119205,0.014841059979517013,0.04420857998775318,0.0008549970225431025
701,0,16,0.0651323230122216,0.0025971930008381605,345200.440371862,345200.502906992,345200.440480062,345200.457131316,345200.501929795,345200.501942094,0.06253513001138344,0.01665125403087586,0.044798479008022696,0.0009648979757912457
702,0,16,0.062457629945129156,0.0027538929134607315,345200.606008912,345200.665712649,345200.606128111,345200.62130117,345200.664834652,345200.664843252,0.059703737031668425,0.015173058956861496,0.043533482006751,0.0008693970157764852
703,0,16,0.06340312800602987,0.0026299930177628994,345200.76857337,345200.829346505,345200.76868087,345200.783621129,345200.828034808,345200.828046108,0.060773134988266975,0.014940258988644928,0.04441367898834869,0.0013003969797864556
704,0,16,0.061700233025476336,0.0026850940193980932,345200.932439625,345200.991454764,345200.932561424,345200.946736286,345200.990529967,345200.990539067,0.05901513900607824,0.014174862008076161,0.04379368101945147,0.0009156969608739018
705,0,16,0.06212723097996786,0.0031938919564709067,345201.094818984,345201.153752323,345201.094926583,345201.109124945,345201.152783626,345201.152792826,0.058933339023496956,0.014198362012393773,0.0436586809810251,0.0009594970033504069
706,0,16,0.06193543202243745,0.0026385930250398815,345201.256741144,345201.316037983,345201.256847943,345201.271916702,345201.315153385,345201.315162185,0.05929683899739757,0.01506875897757709,0.04323668300639838,0.0008757979958318174
707,0,16,0.06332202797057107,0.0028652920154854655,345201.419121102,345201.479577838,345201.419247202,345201.434433961,345201.478562141,345201.478571041,0.060456735955085605,0.015186759002972394,0.044128180015832186,0.001006796956062317
708,0,16,0.06198193202726543,0.002486294019035995,345201.582470659,345201.641966297,345201.582577658,345201.597568418,345201.641083799,345201.641095599,0.059495638008229434,0.014990760013461113,0.04351538099581376,0.0008706980152055621
709,0,16,0.06676621898077428,0.0025410939706489444,345201.744851618,345201.809076743,345201.744973917,345201.760080476,345201.808196346,345201.808209946,0.06422512501012534,0.015106558974366635,0.048115869984030724,0.0008667970541864634
710,0,16,0.061875831976067275,0.0027106929337605834,345201.911968664,345201.971133803,345201.912091963,345201.926840323,345201.970188806,345201.970196606,0.05916513904230669,0.01474836003035307,0.043348482984583825,0.0009371970081701875
711,0,16,0.06553182197967544,0.0023929940070956945,345202.074023424,345202.137162252,345202.074129023,345202.087694786,345202.136216355,345202.136226455,0.06313882797257975,0.013565763016231358,0.04852156899869442,0.0009357969975098968
712,0,16,0.06236213102238253,0.0026019929791800678,345202.239938973,345202.299699111,345202.240085473,345202.254980132,345202.298652413,345202.298660913,0.05976013804320246,0.014894658990669996,0.04367228102637455,0.0010381980100646615
713,0,16,0.06183333200169727,0.002672292001079768,345202.402581131,345202.461742171,345202.402691031,345202.418273689,345202.460870073,345202.460882273,0.059161040000617504,0.015582658001221716,0.04259638400981203,0.0008598980493843555
714,0,16,0.06089493498438969,0.002499992959201336,345202.564617991,345202.623012933,345202.564737491,345202.579434551,345202.622151435,345202.622160435,0.05839494202518836,0.014697059988975525,0.042716883996035904,0.0008524979930371046
715,0,16,0.0645856240298599,0.0027422920102253556,345202.725821853,345202.787665185,345202.725929753,345202.74184991,345202.786619788,345202.786631788,0.061843332019634545,0.015920157020445913,0.04476987797534093,0.0010333969839848578
716,0,16,0.06129413394955918,0.002724192978348583,345202.890856505,345202.949426446,345202.890975305,345202.905820665,345202.948563349,345202.948571749,0.0585699409712106,0.014845360012259334,0.04274268401786685,0.0008546970202587545
717,0,16,0.061270234000403434,0.0026488929870538414,345203.052339467,345203.110960808,345203.052447767,345203.067165927,345203.11009591,345203.11010451,0.05862134101334959,0.014718159975018352,0.0429299829993397,0.0008562980219721794
718,0,16,0.06164793198695406,0.002667291963007301,345203.213857328,345203.272837968,345203.213966628,345203.228964287,345203.271778971,345203.271787871,0.05898064002394676,0.01499765896005556,0.042814684042241424,0.0010500969947315753
719,0,16,0.06097153399605304,0.002564792986959219,345203.375774589,345203.43418133,345203.375892288,345203.390698048,345203.433291133,345203.433301332,0.05840674100909382,0.014805760001763701,0.042593085032422096,0.0008799980278126895
720,0,16,0.061400334001518786,0.002643593994434923,345203.537118851,345203.595875591,345203.53726455,345203.55204401,345203.594931094,345203.594940894,0.05875674000708386,0.01477946003433317,0.042887083953246474,0.000934696989133954
721,0,16,0.06103173503652215,0.0026659940485842526,345203.698831112,345203.757196853,345203.698941411,345203.713648671,345203.756318556,345203.756345956,0.0583657409879379,0.014707260008435696,0.04266988503513858,0.0008508969913236797
722,0,16,0.06205563200637698,0.0027568929945118725,345203.860239174,345203.919537913,345203.860353173,345203.875474632,345203.918524215,345203.918535715,0.05929873901186511,0.015121459029614925,0.04304958297871053,0.0010021979687735438
723,0,16,0.062285330961458385,0.0024829930043779314,345204.022431533,345204.082233871,345204.022547033,345204.037996091,345204.081159974,345204.081185774,0.059802337957080454,0.015449058031663299,0.04316388297593221,0.0010480969795025885
724,0,16,0.06326892896322533,0.002700393961276859,345204.185208392,345204.245776927,345204.185314391,345204.200222351,345204.24475533,345204.24476633,0.060568535001948476,0.014907960023265332,0.04453297896543518,0.0010105969849973917
725,0,16,0.06220133200986311,0.0024499940336681902,345204.348547348,345204.408298686,345204.348658548,345204.363035809,345204.407305089,345204.407315189,0.05975133797619492,0.014377260988112539,0.04426927998429164,0.0009834969532676041
726,0,16,0.06392722699092701,0.0025915930164046586,345204.511095907,345204.572431541,345204.511203807,345204.526295666,345204.571450643,345204.571468243,0.06133563397452235,0.015091858978848904,0.04515497700776905,0.0009632979636080563
727,0,16,0.06286882900167257,0.0025186920538544655,345204.675302861,345204.735652998,345204.675418961,345204.689729722,345204.7347848,345204.7347937,0.0603501369478181,0.014310761005617678,0.04505507799331099,0.0008592979866079986
728,0,16,0.06476622400805354,0.0025785929756239057,345204.838538419,345204.90072605,345204.838647118,345204.854513275,345204.899825652,345204.899834152,0.062187631032429636,0.015866156958509237,0.045312377042137086,0.0008918980020098388
729,0,16,0.06254203099524602,0.002638894016854465,345205.003575771,345205.063478908,345205.00368287,345205.01855323,345205.062529411,345205.062537911,0.05990313697839156,0.014870359969791025,0.04397618101211265,0.0009409969788976014
730,0,16,0.06344692799029872,0.0025556929758749902,345205.166285329,345205.227176564,345205.166395629,345205.182026487,345205.226274267,345205.226282866,0.06089123501442373,0.01563085801899433,0.04424777999520302,0.0008936980157159269
731,0,16,0.06240343098761514,0.002749292994849384,345205.330186285,345205.389840423,345205.330295584,345205.344889345,345205.388925125,345205.388933625,0.059654137992765754,0.014593761006835848,0.04403578001074493,0.0009067979990504682
732,0,16,0.06312132900347933,0.002524794021155685,345205.492724944,345205.553321479,345205.492835443,345205.508132002,345205.552370782,345205.552379482,0.06059653498232365,0.015296559024136513,0.04423877998488024,0.0009419969865120947
733,0,16,0.0642926250002347,0.00291699095396325,345205.6562235,345205.717599134,345205.6563353,345205.671835358,345205.716206737,345205.716217637,0.06137563404627144,0.015500058012548834,0.04437137895729393,0.0013814970152452588
734,0,16,0.062292630958836526,0.002709291933570057,345205.820874853,345205.880458192,345205.820996153,345205.835634513,345205.879447395,345205.879460895,0.05958333902526647,0.014638360007666051,0.043812881980556995,0.0009972970001399517
735,0,16,0.06358322798041627,0.0027798929950222373,345205.983366713,345206.044170048,345205.983471712,345205.998778071,345206.043040651,345206.043052551,0.06080333498539403,0.015306359040550888,0.0442625799914822,0.0011174969840794802
736,3,16,0.09329054696718231,0.002738291979767382,345206.147234468,345206.237786723,345206.147351168,345206.161764429,345206.236577726,345206.236586326,0.09055225498741493,0.014413261029403657,0.07481329701840878,0.0012003970332443714
737,0,16,0.062003247963730246,0.0027393929776735604,345206.340731355,345206.39999521,345206.340835255,345206.355392619,345206.399100613,345206.399110013,0.059263854986056685,0.0145573639892973,0.0437079940456897,0.0008851970196701586
738,0,16,0.06348864501342177,0.0027879930566996336,345206.503170358,345206.56387101,345206.503293458,345206.51871992,345206.562882012,345206.562890412,0.06070065195672214,0.015426461992319673,0.044162091973703355,0.0009805979789234698
739,0,16,0.06382184399990365,0.0026816930039785802,345206.666847258,345206.727987409,345206.666955158,345206.68241722,345206.727075611,345206.727084711,0.06114015099592507,0.015462062030564994,0.04465839097974822,0.0009026979678310454
740,0,16,0.06789603404467925,0.002615693025290966,345206.830929657,345206.896209998,345206.831037457,345206.844975123,345206.8952373,345206.8952465,0.06528034101938829,0.013937666022684425,0.0502621770137921,0.0009634980233386159
741,0,16,0.06314284598920494,0.002498393994756043,345206.999041446,345207.059685898,345206.999148146,345207.014580409,345207.058777801,345207.058788101,0.0606444519944489,0.01543226296780631,0.04419739200966433,0.0008977969991974533
742,0,16,0.0634850449860096,0.0027913939557038248,345207.162658647,345207.223352298,345207.162775346,345207.178095509,345207.222232301,345207.222240701,0.06069365103030577,0.015320162987336516,0.044136792013887316,0.0011115969973616302
743,0,16,0.0622948479722254,0.002477694011759013,345207.326143547,345207.385960701,345207.326249947,345207.340967111,345207.385036703,345207.385047503,0.059817153960466385,0.014717163983732462,0.04406959202606231,0.0009131979895755649
744,0,16,0.06351264502154663,0.0028002940234728158,345207.48890675,345207.549619101,345207.489019049,345207.504662911,345207.548717903,345207.548726903,0.060712350998073816,0.015643862017896026,0.04405499197309837,0.0008921980042941868
745,0,16,0.06309554597828537,0.0025337939732708037,345207.65248685,345207.713048602,345207.65259655,345207.667605013,345207.712069004,345207.712079304,0.06056175200501457,0.01500846300041303,0.04446399101288989,0.0009692980092950165
746,0,16,0.0641211430192925,0.002777793037239462,345207.815966351,345207.877309701,345207.81607645,345207.830977314,345207.876123904,345207.876156404,0.06134334998205304,0.014900863985531032,0.04514659004053101,0.0011532970238476992
747,0,16,0.0626135470229201,0.002602794033009559,345207.980462349,345208.040473102,345207.980571149,345207.995215913,345208.039458705,345208.039473905,0.06001075298991054,0.014644764014519751,0.04424279200611636,0.0009991970146074891
748,0,16,0.0637400450068526,0.0026854940224438906,345208.143333651,345208.204388202,345208.143442451,345208.158754113,345208.203352705,345208.203364205,0.061054550984408706,0.015311661991290748,0.04459859197959304,0.001023996970616281
749,0,16,0.06347564503084868,0.002537593070883304,345208.30739505,345208.368333102,345208.30750705,345208.323067412,345208.367392604,345208.367402804,0.06093805195996538,0.0155603620223701,0.044325191993266344,0.0009302979451604187
750,0,16,0.06271954602561891,0.0025767930783331394,345208.471079051,345208.531221804,345208.47118655,345208.485912614,345208.530088107,345208.530106707,0.06014275294728577,0.014726063993293792,0.04417549300706014,0.001115096965804696
751,1,16,0.07378211995819584,0.0025514939916320145,345208.634155453,345208.705386079,345208.634270952,345208.649791314,345208.704399081,345208.704410481,0.07123062596656382,0.015520361950621009,0.05460776702966541,0.0009755979990586638
752,0,16,0.06256134796421975,0.002625593973789364,345208.808378727,345208.868314481,345208.808498927,345208.823836189,345208.867415283,345208.867423883,0.059935753990430385,0.015337262011598796,0.04357909399550408,0.0008905979921109974
753,0,16,0.06237304798560217,0.0026756940060295165,345208.97117843,345209.030875784,345208.97128803,345208.986324593,345209.029711487,345209.029721087,0.059697353979572654,0.015036563039757311,0.04338689398718998,0.001154696976300329
754,0,16,0.06185534899123013,0.0026397929759696126,345209.134010932,345209.193226488,345209.134122532,345209.148673097,345209.19230109,345209.19231139,0.05921555601526052,0.014550565043464303,0.043627992970868945,0.0009150980040431023
755,0,16,0.06146265001734719,0.0025618940708227456,345209.295981337,345209.354882093,345209.296085737,345209.310509601,345209.354006495,345209.354015195,0.05890075594652444,0.014423864020500332,0.043496893951669335,0.0008668979862704873
756,1,16,0.07294832199113443,0.002572093973867595,345209.457808442,345209.52818467,345209.457916442,345209.474255802,345209.527244972,345209.527253372,0.07037622801726684,0.01633935997961089,0.05298917001346126,0.000931298010982573
757,0,16,0.06316824600799009,0.0025588939897716045,345209.631117419,345209.691726771,345209.631223619,345209.646579181,345209.690460874,345209.690474174,0.06060935201821849,0.015355562034528702,0.0438816929818131,0.001252597023267299
758,0,16,0.06189424899639562,0.002610493975225836,345209.79468242,345209.853966175,345209.794804019,345209.809475684,345209.853081877,345209.853094977,0.05928375502116978,0.014671665034256876,0.04360619297949597,0.0008711980190128088
759,0,16,0.06264904700219631,0.00262549304170534,345209.956815424,345210.016838978,345209.956927524,345209.972256686,345210.01569268,345210.01570278,0.06002355396049097,0.01532916200812906,0.04343599401181564,0.00113619799958542
760,0,16,0.09848726005293429,0.002626794041134417,345210.119968226,345210.215828692,345210.120148326,345210.171226901,345210.214923094,345210.214931394,0.09586046601179987,0.051078575022984296,0.043696193024516106,0.000897298043128103
761,0,16,0.06300644599832594,0.002488492988049984,345210.318612141,345210.379130094,345210.318718541,345210.334165803,345210.378075096,345210.378085596,0.06051795301027596,0.015447261976078153,0.04390929301735014,0.0010444979998283088
762,0,16,0.06429964298149571,0.0027461929712444544,345210.482099442,345210.543652892,345210.482219942,345210.497276605,345210.542628395,345210.542638895,0.061553450010251254,0.015056663018185645,0.045351790031418204,0.0010139970108866692
763,0,16,0.06347604503389448,0.0025064939982257783,345210.646520641,345210.707490192,345210.646627341,345210.661365905,345210.706517395,345210.706530295,0.0609695510356687,0.014738564030267298,0.045151489961426705,0.0009598970063962042
764,0,16,0.06363014498492703,0.0027112929383292794,345210.810489941,345210.871408793,345210.810599441,345210.825765304,345210.870380795,345210.870392795,0.06091885204659775,0.015165862976573408,0.04461549100233242,0.0010159980156458914
765,0,16,0.06531944102607667,0.0026365930098108947,345210.974347341,345211.037030189,345210.974461541,345210.991564399,345211.036021291,345211.036030591,0.06268284801626578,0.017102857993450016,0.044456892006564885,0.000999598007183522
766,0,16,0.06329434603685513,0.0025317940744571388,345211.139997737,345211.200760289,345211.140119637,345211.155590099,345211.199861791,345211.199870391,0.06076255196239799,0.015470461978111416,0.044271691993344575,0.0008898979867808521
767,0,16,0.06250674795592204,0.00259809399722144,345211.303533738,345211.363442392,345211.303641638,345211.318322302,345211.362423695,345211.362437095,0.0599086539587006,0.014680663996841758,0.04410139296669513,0.0010052969446405768
768,0,16,0.06333944597281516,0.0025827939971350133,345211.466415541,345211.527172193,345211.466524241,345211.481839204,345211.526239595,345211.526248795,0.06075665197568014,0.01531496294774115,0.04440039105247706,0.0009233980090357363
769,0,16,0.062088849022984505,0.0026547940215095878,345211.629966942,345211.689400997,345211.630124342,345211.644065608,345211.6884087,345211.6884172,0.05943405500147492,0.01394126599188894,0.044343092013150454,0.000983797013759613
770,0,16,0.06354554498102516,0.002568093012087047,345211.792292246,345211.853269698,345211.792402146,345211.807919508,345211.8521953,345211.8522056,0.06097745196893811,0.01551736204419285,0.04427579196635634,0.0010640979744493961
771,0,16,0.06451574299717322,0.002670494024641812,345211.956186647,345212.018031896,345211.956298047,345211.972610407,345212.017039698,345212.017051098,0.06184524897253141,0.016312360006850213,0.044429291039705276,0.0009807979804463685
772,0,16,0.06355504499515519,0.002738393028266728,345212.121020645,345212.181837297,345212.121131345,345212.136751407,345212.180923199,345212.180931399,0.06081665196688846,0.015620062011294067,0.04417179198935628,0.0009058979921974242
773,1,16,0.07353092002449557,0.002528793062083423,345212.284679446,345212.355681573,345212.284790246,345212.300066808,345212.354702775,345212.354718575,0.07100212696241215,0.015276562015060335,0.05463596701156348,0.0009629979613237083
774,3,16,0.09470496897120029,0.00261879398021847,345212.458524422,345212.550610597,345212.458633022,345212.474473983,345212.5494372,345212.5494461,0.09208617499098182,0.01584096101578325,0.07496321701910347,0.001164496992714703
775,0,16,0.0677325350116007,0.0027803940465673804,345212.653481247,345212.718433388,345212.653589446,345212.670256406,345212.716793192,345212.716806992,0.06495214096503332,0.01666696002939716,0.0465367860160768,0.0016263959696516395
776,0,16,0.06284314702497795,0.002560594060923904,345212.821696937,345212.88197949,345212.821812936,345212.837137799,345212.881064592,345212.881073092,0.06028255296405405,0.015324863023124635,0.04392679297598079,0.0009063979960046709
777,0,16,0.0630816460470669,0.0025537930196151137,345212.984792539,345213.045320392,345212.984908539,345212.999725503,345213.044301394,345213.044312394,0.06052785302745178,0.014816963986959308,0.04457589105004445,0.0010079980129376054
778,0,16,0.06248474703170359,0.002656391996424645,345213.14833674,345213.208165095,345213.14849234,345213.163067505,345213.207256797,345213.207265497,0.059828355035278946,0.014575164997950196,0.04418929200619459,0.0008995980024337769
779,0,16,0.06274114700499922,0.0025747939944267273,345213.310953844,345213.371120197,345213.311062344,345213.325910408,345213.3701283,345213.370146,0.06016635301057249,0.014848063990939409,0.04421789199113846,0.0009741969988681376
780,4,16,0.10109425394330174,0.0027231929707340896,345213.474111546,345213.572482607,345213.474221046,345213.489381609,345213.57125661,345213.57127341,0.09837106097256765,0.015160562994424254,0.08187500096391886,0.0012091969838365912
781,0,16,0.06439904303988442,0.002646294014994055,345213.675535456,345213.737288205,345213.675645755,345213.691067618,345213.736322607,345213.736333007,0.06175274902489036,0.0154218630050309,0.04525498894508928,0.0009551980183459818
782,0,16,0.06368514499627054,0.0025552939623594284,345213.840260354,345213.901390205,345213.840369154,345213.855528417,345213.900469607,345213.900478007,0.06112985103391111,0.015159262984525412,0.044941189989913255,0.0009121980401687324
783,0,16,0.062969446007628,0.0026388930273242295,345214.004252855,345214.064583408,345214.004360554,345214.019602517,345214.06358651,345214.06359501,0.060330552980303764,0.015241963032167405,0.04398399300407618,0.0009883979801088572
784,0,16,0.06295444595161825,0.002524393959902227,345214.167558057,345214.227988109,345214.167669956,345214.182942919,345214.226998912,345214.227007012,0.06043005199171603,0.015272963035386056,0.044055992970243096,0.000981096993200481
785,0,16,0.06336264603305608,0.002667594002559781,345214.330848759,345214.391543811,345214.330956659,345214.345959422,345214.390386014,345214.390394114,0.0606950520304963,0.015002763015218079,0.04442659200867638,0.001149696996435523
786,0,16,0.06334044598042965,0.0025712939677760005,345214.49455306,345214.555322212,345214.49466186,345214.509869023,345214.554264115,345214.554282514,0.06076915201265365,0.01520716300001368,0.04439509200165048,0.0010396980214864016
787,0,16,0.06300384702626616,0.0026425940450280905,345214.658125861,345214.718487114,345214.658237861,345214.673261925,345214.717363317,345214.717372917,0.06036125298123807,0.01502406399231404,0.044101391977164894,0.001114197017159313
788,0,16,0.06301704602083191,0.002593994024209678,345214.821526764,345214.881949816,345214.821641063,345214.836704427,345214.880925519,345214.880937819,0.060423051996622235,0.015063364000525326,0.044221091957297176,0.0010119969956576824
789,0,16,0.06342704501003027,0.0025356929982081056,345214.984757266,345215.045648618,345214.984870266,345214.999869629,345215.04456932,345215.04458042,0.060891352011822164,0.014999362989328802,0.04469969100318849,0.001068198005668819
790,0,16,0.06322554597863927,0.0025330939679406583,345215.148553067,345215.209245519,345215.148666067,345215.16381793,345215.208272922,345215.208281622,0.060692452010698617,0.015151862986385822,0.04445499205030501,0.0009638970368541777
791,0,16,0.06646243797149509,0.0024515939876437187,345215.311929069,345215.375939913,345215.312037669,345215.330387024,345215.374933216,345215.374943216,0.06401084398385137,0.018349354970268905,0.04454619204625487,0.0009966969955712557
792,2,16,0.08845848398050293,0.002648792928084731,345215.478824463,345215.564634154,345215.478933062,345215.49229203,345215.563588256,345215.563596856,0.0858096910524182,0.013358968019019812,0.0712962260004133,0.0010372980032116175
793,0,16,0.06299324601422995,0.0025362930609844625,345215.667547303,345215.728004256,345215.667656103,345215.682915566,345215.727005858,345215.727014458,0.06045695295324549,0.015259463049005717,0.04409029195085168,0.0009897979907691479
794,0,16,0.06343354599084705,0.0027637939783744514,345215.831002505,345215.891672257,345215.831112405,345215.846861366,345215.89058606,345215.89059456,0.0606697520124726,0.01574896101374179,0.04372469399822876,0.0010776969720609486
795,0,16,0.061822049028705806,0.0024223930086009204,345215.994411207,345216.053810863,345215.994518107,345216.009418271,345216.052871665,345216.052885365,0.059399656020104885,0.014900164038408548,0.04345339396968484,0.0009254980250261724
796,0,16,0.06241194799076766,0.0026773939607664943,345216.156778112,345216.216512666,345216.156898812,345216.172157874,345216.215596469,345216.215604769,0.059734554030001163,0.015259061998222023,0.043438595021143556,0.0009078970178961754
797,0,16,0.29100928199477494,0.0025828939978964627,345216.319403115,345216.607829503,345216.319512115,345216.563070014,345216.606813106,345216.606823206,0.2884263879968785,0.24355789902620018,0.04374309198465198,0.0010062970104627311
798,0,16,0.06162564700935036,0.002578791987616569,345216.710669449,345216.769716304,345216.710788849,345216.725358813,345216.768446307,345216.768457007,0.05904685502173379,0.014569964027032256,0.04308749397750944,0.0012592970160767436
799,0,16,0.062086947029456496,0.002616994024720043,345216.87261365,345216.932083603,345216.87272205,345216.887763412,345216.931157005,345216.931165405,0.05946995300473645,0.015041362028568983,0.04339359299046919,0.0009181979694403708
800,0,16,0.0628216449986212,0.0025520939962007105,345217.034984249,345217.0952538,345217.035098149,345217.050505311,345217.094187403,345217.094198003,0.060269551002420485,0.015407162019982934,0.043682091985829175,0.0010557969799265265
801,0,16,0.0615547489724122,0.0026307939551770687,345217.198224946,345217.257148901,345217.198343046,345217.213396509,345217.256204703,345217.256214703,0.05892395501723513,0.015053462993819267,0.042808194004464895,0.0009341979748569429
802,0,16,0.06109264900442213,0.0025511939893476665,345217.360027047,345217.418568502,345217.360135047,345217.37500271,345217.417634705,345217.417643505,0.05854145501507446,0.01486766297603026,0.04263199504930526,0.0009249970316886902
803,0,16,0.05981035198783502,0.002657392993569374,345217.521541248,345217.578694207,345217.521653448,345217.535276114,345217.57775211,345217.57776081,0.057152958994265646,0.013622666010633111,0.04247599601512775,0.0009333970374427736
804,0,16,0.06173474801471457,0.002544293995015323,345217.681516954,345217.740707408,345217.681623453,345217.696772416,345217.739496111,345217.739507011,0.059190454019699246,0.015148963022511452,0.04272369499085471,0.0012003969750367105
805,0,16,0.06830823101336136,0.0026461929664947093,345217.843699654,345217.909361692,345217.843814953,345217.858885216,345217.908438194,345217.908450494,0.06566203804686666,0.015070263005327433,0.0495529780164361,0.000911198032554239
806,0,16,0.06459313997766003,0.0026089929742738605,345218.012257838,345218.074241985,345218.012364737,345218.030304793,345218.073113688,345218.073124388,0.06198414700338617,0.017940055986400694,0.042808894999325275,0.0011175969848409295
807,0,16,0.06720063404645771,0.0026938930386677384,345218.177230131,345218.241736872,345218.17734473,345218.193470291,345218.240817974,345218.240826374,0.06450674100778997,0.01612556097097695,0.04734768299385905,0.0009104980272240937
808,0,16,0.06156254798406735,0.002570593962445855,345218.344666018,345218.403657972,345218.344783017,345218.359678781,345218.402717874,345218.402727574,0.058991954021621495,0.014895764004904777,0.04303909296868369,0.000930398004129529
809,0,16,0.06490223994478583,0.00258469395339489,345218.506616018,345218.568933564,345218.506724418,345218.524914473,345218.567930467,345218.567939167,0.062317545991390944,0.01819005497964099,0.04301599401514977,0.000994396978057921
810,0,16,0.0614579480024986,0.002540993969887495,345218.671804911,345218.730721865,345218.67191211,345218.686646974,345218.729756968,345218.729765668,0.0589169540326111,0.014734864002093673,0.04310999397421256,0.0009561970364302397
811,0,16,0.060373151034582406,0.0025138940545730293,345218.833400812,345218.891260069,345218.833509012,345218.847502977,345218.890339872,345218.890348172,0.05785925698000938,0.013993964996188879,0.042836894979700446,0.000911896990146488
812,0,16,0.060231051000300795,0.0027586930082179606,345218.994143716,345219.051616074,345218.994261915,345219.00857078,345219.050613576,345219.050622076,0.057472357992082834,0.014308865007478744,0.04204279603436589,0.0009939979645423591
813,0,16,0.06076565000694245,0.0027032929938286543,345219.15466492,345219.212727277,345219.15477892,345219.169547683,345219.21157828,345219.211589079,0.0580623570131138,0.014768762979656458,0.04203059704741463,0.0011381980148144066
814,1,16,0.0709819250041619,0.0024964939802885056,345219.315603023,345219.384088454,345219.315714423,345219.330765186,345219.383104657,345219.383113057,0.06848543102387339,0.015050762973260134,0.05233947100350633,0.0009753970080055296
815,0,16,0.0609589500236325,0.002661493024788797,345219.4870036,345219.545301057,345219.4871094,345219.501765764,345219.544263959,345219.544273059,0.0582974569988437,0.014656364044640213,0.04249819496180862,0.00102799799060449
816,0,16,0.060590150009375066,0.002523393020965159,345219.648260503,345219.70632726,345219.648379102,345219.663398765,345219.705324762,345219.705335462,0.05806675698840991,0.015019663027487695,0.041925996949430555,0.0009917980059981346
817,0,16,0.061356148973573,0.0026242939638905227,345219.809291006,345219.868022861,345219.809403005,345219.824597468,345219.867006663,345219.867015863,0.058731855009682477,0.015194463019724935,0.04240919498261064,0.001006998005323112
818,3,16,0.09174477402120829,0.002733692992478609,345219.970906407,345220.059917488,345219.971013907,345219.98605627,345220.058622991,345220.058631891,0.08901108102872968,0.015042363025713712,0.07256672100629658,0.0012855970417149365
819,0,16,0.0680961319594644,0.0025538939516991377,345220.162963934,345220.228506172,345220.163074334,345220.184220481,345220.227194076,345220.227203175,0.06554223800776526,0.021146147046238184,0.04297359497286379,0.0013029969995841384
820,0,16,0.059837651962880045,0.0026589929475449026,345220.331369619,345220.388548278,345220.331479418,345220.345209185,345220.38748158,345220.38749078,0.05717865901533514,0.013729767000768334,0.04227239504689351,0.0010574980406090617
821,0,16,0.059987351996824145,0.002736693015322089,345220.491581124,345220.548831783,345220.491688223,345220.50538769,345220.547742885,345220.547784385,0.057250658981502056,0.013699467002879828,0.04235519503708929,0.0010473980219103396
822,0,16,0.06100914999842644,0.002525893971323967,345220.651672029,345220.710155285,345220.651778529,345220.666664992,345220.709181787,345220.709190587,0.05848325602710247,0.014886463002767414,0.04251679498702288,0.0009646980324760079
823,0,16,0.0626898449845612,0.002660093014128506,345220.812912632,345220.872942384,345220.813025932,345220.827721295,345220.871657387,345220.871678287,0.0600297519704327,0.014695363002829254,0.04393609199905768,0.0012640969944186509
824,0,16,0.06585763802286237,0.0028588930144906044,345220.97601193,345221.039010675,345220.97613503,345220.99239439,345221.037536778,345221.037550678,0.06299874500837177,0.01625936001073569,0.045142388029489666,0.0014599969726987183
825,0,16,0.07358171796659008,0.0026755929575301707,345221.142087921,345221.212994046,345221.14219972,345221.155646487,345221.211942148,345221.211952548,0.0709061250090599,0.013446766999550164,0.05629566096467897,0.0010414979769848287
826,0,16,0.06317884399322793,0.0025160930235870183,345221.315932292,345221.376595043,345221.316042392,345221.331335054,345221.375610245,345221.375619345,0.06066275096964091,0.015292662021238357,0.044275190972257406,0.0009756979998201132
827,0,16,0.0637869430356659,0.002579094027169049,345221.479522089,345221.540729938,345221.479631389,345221.494750352,345221.539716441,345221.539734441,0.06120784900849685,0.015118962968699634,0.04496608901536092,0.0009954970446415246
828,0,16,0.0640294419717975,0.002633692987728864,345221.643540185,345221.704935934,345221.643662485,345221.659087247,345221.703897136,345221.703905636,0.06139574898406863,0.015424761979375035,0.044809888990130275,0.0010302980081178248
829,0,16,0.0629197449889034,0.0026009929715655744,345221.80782998,345221.868148732,345221.80793788,345221.822883243,345221.866999834,345221.867008134,0.06031875201733783,0.014945362985599786,0.0441165910451673,0.0011405979748815298
830,0,16,0.06320724496617913,0.0026943939737975597,345221.971024378,345222.031537229,345221.971132978,345221.985231743,345222.030422832,345222.030431132,0.06051285099238157,0.014098765037488192,0.0451910889823921,0.0011060970136895776
831,0,16,0.06292914500227198,0.0025192940374836326,345222.134403376,345222.194813227,345222.134509176,345222.149611238,345222.19370403,345222.19371393,0.06040985096478835,0.015102061966899782,0.04409279202809557,0.0010992969619110227
832,0,16,0.06230514601338655,0.0027476929826661944,345222.297844673,345222.357402126,345222.297969573,345222.312313938,345222.356366229,345222.356375029,0.05955745303072035,0.014344364986754954,0.04405229102121666,0.0010270969942212105
833,0,16,0.07166102295741439,0.002581992943305522,345222.460335473,345222.529414503,345222.460439773,345222.475602435,345222.528453905,345222.528462605,0.06907903001410887,0.015162662020884454,0.05285147001268342,0.0009518979932181537
834,0,16,0.06337204400915653,0.0025212939945049584,345222.632311649,345222.693162399,345222.632417649,345222.647634112,345222.692136602,345222.692149502,0.06085075001465157,0.015216463012620807,0.044502490025479347,0.0010128970025107265
835,0,16,0.06185194797581062,0.0025845939526334405,345222.796162846,345222.8554302,345222.796277645,345222.81087821,345222.854465402,345222.854479402,0.05926735402317718,0.014600565016735345,0.043587192019913346,0.000950797984842211
836,0,16,0.06153014802839607,0.0025788930361159146,345222.958106247,345223.017057502,345222.958215047,345222.972734511,345223.016067704,345223.016076204,0.058951254992280155,0.014519463991746306,0.043333192996215075,0.0009812979842536151
837,0,16,0.062285747029818594,0.002635594049934298,345223.120077548,345223.179727701,345223.120191448,345223.135312911,345223.178740104,345223.178748904,0.0596501529798843,0.015121462987735868,0.04342719301348552,0.0009787969756871462
838,0,16,0.061892648052889854,0.002590994059573859,345223.282643448,345223.341945102,345223.282766548,345223.297618611,345223.340925304,345223.340934504,0.059301653993315995,0.014852063031867146,0.043306692969053984,0.0010105979745276272
839,0,16,0.0632197440136224,0.003294691035989672,345223.445364547,345223.5052896,345223.445480147,345223.46026261,345223.504128502,345223.504140202,0.05992505297763273,0.014782462967559695,0.043865891988389194,0.0011493979836814106
840,0,16,0.06240674603031948,0.0029527920414693654,345223.608256746,345223.6677107,345223.608374846,345223.623275509,345223.666355503,345223.666364303,0.05945395398885012,0.014900662994477898,0.04307999403681606,0.001346397039014846
841,0,16,0.061901546956505626,0.002666492946445942,345223.770923246,345223.8301583,345223.771032445,345223.786075908,345223.829083202,345223.829092202,0.059235054010059685,0.015043462975881994,0.04300729400711134,0.0010660979896783829
842,0,16,0.062083447992336005,0.0025037950254045427,345223.933004047,345223.9925837,345223.933111446,345223.948322309,345223.991605402,345223.991614302,0.05957965296693146,0.015210863028187305,0.043283093022182584,0.0009693980100564659
843,0,16,0.06599103700136766,0.002736792026553303,345224.095571546,345224.158825791,345224.095698946,345224.112763004,345224.157752293,345224.157779293,0.06325424497481436,0.01706405804725364,0.044989288959186524,0.0010464979568496346
844,0,16,0.061447248968761414,0.0026125929434783757,345224.261766437,345224.320601093,345224.261878737,345224.276045202,345224.319523195,345224.319531495,0.05883465602528304,0.014166464970912784,0.04347799299284816,0.0010695980163291097
845,0,16,0.06197114801034331,0.0025429940433241427,345224.42349934,345224.482927494,345224.42360744,345224.438480503,345224.481872597,345224.481880996,0.05942815396701917,0.014873062958940864,0.043392094026785344,0.0010464979568496346
846,0,16,0.06259564700303599,0.0026016939664259553,345224.585754641,345224.645748594,345224.585863241,345224.600846804,345224.644613197,345224.644628297,0.05999395303661004,0.014983562985435128,0.04376639303518459,0.0011202970054000616
847,0,16,0.06321744399610907,0.002736191963776946,345224.748686741,345224.809167993,345224.748798241,345224.764035204,345224.808121695,345224.808130295,0.06048125203233212,0.015236962994094938,0.04408649099059403,0.0010376980062574148
848,0,16,0.06279274600092322,0.0024531950475648046,345224.911974441,345224.972313992,345224.91208554,345224.926648405,345224.971075295,345224.971091695,0.06033955095335841,0.014562864962499589,0.04442689003190026,0.0012222969671711326
849,0,16,0.06359064398566261,0.002729393949266523,345225.07524934,345225.13611059,345225.075358439,345225.090379203,345225.134999093,345225.135008193,0.060861250036396086,0.015020763967186213,0.044619890046305954,0.0011023969855159521
850,0,16,0.06399464298738167,0.002481793984770775,345225.239084737,345225.300597586,345225.239193137,345225.254709199,345225.299573289,345225.299582089,0.06151284900261089,0.01551606203429401,0.044864089984912425,0.0010154970223084092
851,2,16,0.083661895012483,0.002559093991294503,345225.403398334,345225.484501135,345225.403506134,345225.418421397,345225.483278038,345225.483288938,0.0811028010211885,0.01491526298923418,0.0648566409945488,0.0012121970066800714
852,0,16,0.06305184599477798,0.0027117939898744226,345225.587382682,345225.647722734,345225.587496882,345225.601665447,345225.646661937,345225.646671137,0.060340052004903555,0.01416856498690322,0.04499649000354111,0.0010515970061533153
853,0,16,0.06306944601237774,0.0027694939635694027,345225.751032681,345225.811332633,345225.751139781,345225.765746645,345225.810227036,345225.810238136,0.060299952048808336,0.014606864016968757,0.04448039102135226,0.0010944970417767763
854,0,16,0.07593011402059346,0.002525394025724381,345225.91426408,345225.9876688,345225.91437828,345225.928332446,345225.986684603,345225.986693102,0.07340471999486908,0.013954166031908244,0.0583521569496952,0.0009756979998201132
855,0,16,0.0647138410131447,0.0025532940053381026,345226.090485348,345226.152645895,345226.090593948,345226.104582013,345226.151648198,345226.151657298,0.0621605470078066,0.013988064951263368,0.047066185041330755,0.0009885970503091812
856,0,16,0.06209884799318388,0.002561994013376534,345226.255457043,345226.314993897,345226.255572043,345226.269580308,345226.314028799,345226.314037199,0.05953685397980735,0.014008264988660812,0.044448491011280566,0.000956697971560061
857,0,16,0.06303754600230604,0.0026232939562760293,345226.417881744,345226.478295996,345226.417991444,345226.432458609,345226.477049299,345226.477070399,0.060414252046030015,0.014467164990492165,0.04459068999858573,0.0012255970505066216
858,0,16,0.06343694496899843,0.0026943939737975597,345226.581358743,345226.642101294,345226.581474643,345226.596667206,345226.641155696,345226.641164096,0.06074255099520087,0.015192562947049737,0.04448849003529176,0.000937197997700423
859,0,16,0.06264064594870433,0.002599793951958418,345226.745020542,345226.805061394,345226.745130141,345226.759626206,345226.803984997,345226.803996497,0.060040851996745914,0.01449606503592804,0.04435879096854478,0.0010648969910107553
860,0,16,0.06684203603072092,0.0025886940420605242,345226.907937542,345226.972190884,345226.908052342,345226.926750896,345226.971169887,345226.971181487,0.0642533419886604,0.018698553962167352,0.044418991019483656,0.0010093969758599997
861,0,16,0.06383794400608167,0.0026162940193898976,345227.074976832,345227.136198482,345227.075106632,345227.089433597,345227.135125785,345227.135134585,0.06122164998669177,0.014326964970678091,0.045692188024986535,0.001063896983396262
862,0,16,0.06416254298528656,0.0024386949953623116,345227.23908933,345227.300813178,345227.239196229,345227.254497192,345227.299830881,345227.299839781,0.06172384798992425,0.015300962957553566,0.04533368902048096,0.0009733969927765429
863,1,16,0.07421091798460111,0.0026162940193898976,345227.403581626,345227.47517625,345227.403705426,345227.419503687,345227.474130253,345227.474138853,0.07159462396521121,0.015798260981682688,0.05462656600866467,0.0010373969562351704
864,0,16,0.06364134402247146,0.002481193980202079,345227.578028698,345227.639188848,345227.578136498,345227.593142561,345227.638223651,345227.63823205,0.06116015004226938,0.015006062982138246,0.04508109000744298,0.0009567980305291712
865,0,16,0.06355614401400089,0.0027618929743766785,345227.742079796,345227.802874047,345227.742187396,345227.756412361,345227.801744949,345227.801754049,0.060794251039624214,0.01422496500890702,0.04533258802257478,0.0011199979926459491
866,0,16,0.06375044398009777,0.0024662939831614494,345227.905787694,345227.967071844,345227.905893894,345227.921195857,345227.966021947,345227.966032147,0.06128414999693632,0.015301962965168059,0.04482608998659998,0.0010396969737485051
867,0,16,0.06411534297512844,0.0025055939913727343,345228.069876792,345228.131486541,345228.069984592,345228.085333354,345228.130489943,345228.130500743,0.06160974898375571,0.015348762040957808,0.045156589010730386,0.0009857980185188353
868,0,16,0.06571583804907277,0.0026083930279128253,345228.234394389,345228.297501834,345228.234518588,345228.250915448,345228.296376437,345228.296386236,0.06310744502115995,0.016396860009990633,0.04546098900027573,0.0011155980173498392
869,0,16,0.0623164470307529,0.0026432930026203394,345228.400550581,345228.460223735,345228.400664681,345228.414751346,345228.459093037,345228.459101437,0.05967315402813256,0.014086665003560483,0.04434169101295993,0.0011222980101592839
870,0,16,0.06621883698971942,0.0024984939955174923,345228.562989783,345228.626710126,345228.563098782,345228.581344438,345228.625726429,345228.625736329,0.06372034299420193,0.018245656043291092,0.044381990970578045,0.0009737969958223403
871,0,16,0.06241264700656757,0.0025921929627656937,345228.729511974,345228.789332428,345228.729621274,345228.744286838,345228.788207231,345228.788215631,0.059820454043801874,0.01466556399827823,0.04392039298545569,0.0011167970369569957
872,0,16,0.06301554600941017,0.002452195039950311,345228.892200176,345228.952763527,345228.892306675,345228.907598938,345228.95174383,345228.95175353,0.06056335096945986,0.015292262949515134,0.04414489201735705,0.0010099969804286957
873,0,16,0.0632054450106807,0.0026970930048264563,345229.055605475,345229.116113827,345229.055712275,345229.070816838,345229.11496403,345229.11497393,0.06050835200585425,0.015104563033673912,0.044147191976662725,0.001139896980021149
874,0,16,0.06260874698637053,0.002455193956848234,345229.219117974,345229.279271527,345229.219230574,345229.234022638,345229.278203729,345229.278217729,0.0601535530295223,0.014792064030189067,0.04418109101243317,0.0010537980124354362
875,0,16,0.07214272295823321,0.0025099939666688442,345229.382104875,345229.451737604,345229.382214974,345229.406779314,345229.450770406,345229.450778906,0.06963272899156436,0.024564340012148023,0.04399109201040119,0.0009586979867890477
876,0,16,0.06273574603255838,0.002630793023854494,345229.554552352,345229.614657305,345229.554666452,345229.569247316,345229.613702307,345229.613711007,0.06010495300870389,0.014580863993614912,0.04445499100256711,0.0009462980087846518
877,0,16,0.0626885470119305,0.002572594035882503,345229.717577352,345229.777693305,345229.717683952,345229.732478516,345229.776686908,345229.776701408,0.06011595297604799,0.01479456399101764,0.04420839197700843,0.0009918970172293484
878,0,16,0.06276054598856717,0.002940892009064555,345229.880912552,345229.940732206,345229.881031452,345229.895625216,345229.939693008,345229.939701908,0.05981965397950262,0.014593764033634216,0.04406779201235622,0.0010302980081178248
879,0,16,0.06270584603771567,0.002593594021163881,345230.043592454,345230.103704706,345230.043701853,345230.058584717,345230.102625209,345230.102635509,0.06011225201655179,0.014882863964885473,0.044040492037311196,0.0010691970237530768
880,1,16,0.07366011897101998,0.0025982929510064423,345230.206698054,345230.27775988,345230.206811954,345230.221464418,345230.276566183,345230.276578283,0.07106182602001354,0.014652464014943689,0.055101765028666705,0.0011815970065072179
881,0,16,0.06297524500405416,0.0027322920504957438,345230.380789227,345230.44103218,345230.380904427,345230.395532391,345230.440042182,345230.440053682,0.060242952953558415,0.014627964003011584,0.04450979101238772,0.0009784979629330337
882,0,16,0.06412934296531603,0.0024893939262256026,345230.543868328,345230.605508277,345230.543976527,345230.559443889,345230.604545879,345230.604554879,0.061639949039090425,0.015467362012714148,0.04510198999196291,0.0009533980046398938
883,0,16,0.0643761419923976,0.0025774939567781985,345230.708384625,345230.770183273,345230.708491224,345230.723962286,345230.769048276,345230.769058876,0.06179864803561941,0.015471062040887773,0.04508598998654634,0.0011243970366194844
884,0,16,0.06478944199625403,0.0026498939841985703,345230.873042121,345230.935181669,345230.873156321,345230.888315884,345230.934115772,345230.934124472,0.06213954801205546,0.01515956298680976,0.04579988803016022,0.0010571969905868173
885,0,16,0.06437374203233048,0.0025401940220035613,345231.038074117,345231.099907665,345231.038179217,345231.05307898,345231.098897868,345231.098906668,0.06183354801032692,0.014899762987624854,0.04581888800021261,0.0010009969701059163
886,0,16,0.06656673696124926,0.0024662939249537885,345231.202714614,345231.266815057,345231.202822513,345231.221248768,345231.265835059,345231.265843759,0.06410044303629547,0.018426254973746836,0.044586291012819856,0.0009712980245240033
887,0,16,0.06355184403946623,0.0025387940113432705,345231.369678805,345231.430691855,345231.369786204,345231.384459568,345231.429664558,345231.429676558,0.06101305002812296,0.014673363999463618,0.045204989961348474,0.0010152970207855105
888,0,16,0.06391814397647977,0.0026221939479000866,345231.533500403,345231.594796353,345231.533614203,345231.548124768,345231.593700156,345231.593709056,0.06129595002857968,0.014510565029922873,0.04557538800872862,0.001087297045160085
889,0,16,0.0636799440253526,0.0024932940141297877,345231.697730401,345231.758917051,345231.697837301,345231.712726064,345231.757922254,345231.757931154,0.06118665001122281,0.014888763020280749,0.04519618995254859,0.0009858970297500491
890,0,16,0.06375644297804683,0.0025311929639428854,345231.861631,345231.92285625,345231.861739699,345231.876534163,345231.921765353,345231.921774952,0.06122525001410395,0.014794464048463851,0.04523118998622522,0.0010812980472110212
891,0,16,0.06354434398235753,0.002667693013790995,345232.025843998,345232.086720649,345232.025955697,345232.040794361,345232.085734151,345232.085743151,0.06087665096856654,0.014838663977570832,0.044939790037460625,0.0009774979553185403
892,2,16,0.08365949598373845,0.0025054950383491814,345232.189617097,345232.270771098,345232.189724196,345232.204784859,345232.269594501,345232.269605001,0.08115400094538927,0.015060662990435958,0.06480964203365147,0.0011660969466902316
893,0,16,0.06463820597855374,0.002676991978660226,345232.373715819,345232.435677033,345232.373839318,345232.390313069,345232.434528737,345232.434537537,0.061961213999893516,0.016473750991281122,0.044215667992830276,0.001139495987445116
894,0,16,0.0632079109782353,0.002527492993976921,345232.538531926,345232.599212344,345232.538638925,345232.554197179,345232.598233847,345232.598243147,0.060680417984258384,0.015558253973722458,0.044036668026819825,0.0009691969607956707
895,0,16,0.0638124099932611,0.0025686940061859787,345232.702083137,345232.763326853,345232.702190436,345232.717192391,345232.762042157,345232.762052957,0.06124371598707512,0.015001954976469278,0.044849766010884196,0.0012738959630951285
896,0,16,0.06281741202110425,0.0025271920021623373,345232.866194046,345232.926484266,345232.866308646,345232.881234501,345232.925511368,345232.925520168,0.06029022001894191,0.014925855037290603,0.04427686700364575,0.0009640980279073119
897,0,16,0.06295481201959774,0.0025859930319711566,345233.029356258,345233.089725077,345233.029462058,345233.044400613,345233.088581381,345233.088598981,0.06036881898762658,0.014938555017579347,0.04418076801812276,0.0011260960018262267
898,0,16,0.061448815977200866,0.0025198919465765357,345233.19253857,345233.251467494,345233.19265657,345233.207081426,345233.250364797,345233.250379797,0.05892892403062433,0.01442485599545762,0.043283371021971107,0.0010876969899982214
899,0,16,0.06228101399028674,0.002636292017996311,345233.354335986,345233.413980708,345233.354445586,345233.369320041,345233.412972511,345233.412980911,0.059644721972290426,0.01487445499515161,0.04365247004898265,0.0009997970191761851
900,0,16,0.06184411497088149,0.002636791963595897,345233.5168697,345233.576077023,345233.5169744,345233.531726656,345233.574890727,345233.574902327,0.059207323007285595,0.01475225604372099,0.04316407098667696,0.001174696022644639
901,0,16,0.06196461495710537,0.002590492949821055,345233.679150715,345233.738524837,345233.679263615,345233.693980971,345233.737428141,345233.737437041,0.05937412200728431,0.014717356010805815,0.043447169999126345,0.0010877960012294352
902,0,16,0.062362713040784,0.0026072910404764116,345233.84127833,345233.901033752,345233.84138513,345233.856419485,345233.899880155,345233.899888855,0.05975542200030759,0.01503435499034822,0.043460669985506684,0.0011448970180936158
903,0,16,0.06192431499948725,0.002563393034506589,345234.004053044,345234.063413966,345234.004162643,345234.0187795,345234.062418369,345234.062426769,0.05936092196498066,0.01461685699177906,0.043638869014102966,0.0009871969814412296
904,0,16,0.061900014989078045,0.0025859929737634957,345234.166245759,345234.225559781,345234.166354258,345234.180937115,345234.224566584,345234.224574984,0.05931402201531455,0.014582856965716928,0.04362946900073439,0.0009847970213741064
905,0,16,0.0624547129846178,0.0026065920246765018,345234.328442574,345234.388290695,345234.328551674,345234.34327813,345234.387161598,345234.387182498,0.0598481209599413,0.014726455963682383,0.04388346802443266,0.0011081969714723527
906,1,16,0.07299798203166574,0.0025872920523397624,345234.491239787,345234.561650477,345234.491351287,345234.507210039,345234.56050968,345234.56051948,0.07041068997932598,0.01585875201271847,0.05329964100383222,0.0011309970286674798
907,0,16,0.06207761395489797,0.002584191912319511,345234.664650669,345234.724144091,345234.664762469,345234.679528624,345234.723027094,345234.723051294,0.05949342204257846,0.01476615498540923,0.04349846998229623,0.0010927970288321376
908,0,16,0.06253011297667399,0.0026117920060642064,345234.827035384,345234.886953705,345234.827141383,345234.842271638,345234.885842708,345234.885851708,0.059918320970609784,0.015130254963878542,0.0435710700112395,0.0011019969824701548
909,0,16,0.061215516994707286,0.002567092014942318,345234.989836097,345235.048484522,345234.989944597,345235.004829152,345235.047353825,345235.047363725,0.05864842497976497,0.014884555013850331,0.04252467298647389,0.0011207969509996474
910,1,16,0.07196288497652858,0.002715191978495568,345235.151416814,345235.220664507,345235.151531514,345235.166528869,345235.219473811,345235.219482311,0.06924769299803302,0.01499735499965027,0.05294494197005406,0.0011821960215456784
911,0,16,0.06113611796172336,0.0026223919703625143,345235.323646999,345235.382160725,345235.323755799,345235.338738254,345235.381139428,345235.381148728,0.05851372599136084,0.01498245500260964,0.04240117402514443,0.0010119969956576824
912,0,16,0.06156091595767066,0.002582091954536736,345235.485073317,345235.544052141,345235.485184017,345235.499969272,345235.543037244,345235.543047044,0.05897882400313392,0.014785255014430732,0.043067972001153976,0.001005097001325339
913,0,16,0.06081051897490397,0.0026164929731749,345235.646967133,345235.705161159,345235.647075733,345235.66158769,345235.704174062,345235.704182762,0.05819402600172907,0.014511957007925957,0.042586372001096606,0.0009783969726413488
914,0,16,0.06155541603220627,0.002514092018827796,345235.807890752,345235.866932076,345235.807998552,345235.822905008,345235.86573608,345235.86574508,0.05904132401337847,0.014906455995514989,0.042831072001717985,0.0011869959998875856
915,0,16,0.07554717402672395,0.0025497920578345656,345235.969826469,345236.042823851,345235.969964968,345235.987616015,345236.041811754,345236.041821853,0.07299738196888939,0.017651047033723444,0.05419573897961527,0.0010019979672506452
916,0,16,0.06224101403495297,0.0027285920223221183,345236.145708543,345236.205220965,345236.145834743,345236.161331296,345236.204174768,345236.204185168,0.05951242201263085,0.01549655303824693,0.04284347197972238,0.0010357970022596419
917,0,16,0.06222161400364712,0.0027008919860236347,345236.308205158,345236.36772588,345236.308329757,345236.323585012,345236.366572283,345236.366583583,0.059520722017623484,0.015255254984367639,0.042987270979210734,0.001142296998295933
918,0,16,0.06147004896774888,0.002585792972240597,345236.470650292,345236.529534548,345236.470766292,345236.485551256,345236.52853845,345236.52854705,0.05888425599550828,0.014784963976126164,0.04298719402868301,0.0009874979732558131
919,0,16,0.06148674996802583,0.0026043939869850874,345236.632494495,345236.691376851,345236.632603195,345236.647241359,345236.690254054,345236.690262754,0.058882355981040746,0.014638164022471756,0.04301269497955218,0.0011140970163978636
920,0,16,0.060932549997232854,0.002514193009119481,345236.794058599,345236.852476956,345236.794165999,345236.809224862,345236.851390859,345236.851399258,0.058418356988113374,0.01505886303493753,0.042165996972471476,0.0010776979615911841
921,0,16,0.06106174999149516,0.0026979929534718394,345236.955421203,345237.01378496,345236.955529103,345236.970355367,345237.012497764,345237.012508364,0.05836375703802332,0.014826263999566436,0.042142397025600076,0.0012765960418619215
922,0,16,0.060754051024559885,0.002581193984951824,345237.116684008,345237.174856865,345237.116801208,345237.131672071,345237.173842268,345237.173850668,0.05817285703960806,0.014870863000396639,0.04217019700445235,0.0010061970097012818
923,0,16,0.06120315002044663,0.0026436930638737977,345237.277791613,345237.33635107,345237.277914113,345237.293170975,345237.335300572,345237.335309072,0.05855945695657283,0.015256861981470138,0.04212959698634222,0.0010419979807920754
924,0,16,0.06089145102305338,0.002573594043496996,345237.439216217,345237.497534074,345237.439324917,345237.454234281,345237.496545077,345237.496553877,0.05831785697955638,0.014909363992046565,0.042310796037781984,0.000980196986347437
925,1,16,0.0708237259532325,0.002567392948549241,345237.600483422,345237.668739755,345237.600590622,345237.615149986,345237.667560958,345237.667569258,0.06825633300468326,0.014559364004526287,0.052410972013603896,0.0011704969801940024
926,0,16,0.06110185000579804,0.0026992930215783417,345237.771600403,345237.83000296,345237.771709102,345237.786916665,345237.828999362,345237.829008262,0.0584025569842197,0.015207563003059477,0.04208269703667611,0.0009946979698725045
927,0,16,0.06107724999310449,0.002597593003883958,345237.932979807,345237.991459464,345237.933087007,345237.94805207,345237.990385066,345237.990393766,0.05847965698922053,0.014965062960982323,0.042332996032200754,0.0010656979866325855
928,0,16,0.062354946974664927,0.002550793986301869,345238.094360512,345238.154164665,345238.094466511,345238.110525172,345238.152950268,345238.152963068,0.05980415298836306,0.01605866098543629,0.04242509603500366,0.0012015969841741025
929,0,16,0.06135214999085292,0.002626493980642408,345238.257055713,345238.315781369,345238.257163913,345238.272183376,345238.314688872,345238.314697172,0.058725656010210514,0.015019463025964797,0.04250549600692466,0.0010841969633474946
930,0,16,0.0962941640173085,0.0028567929985001683,345238.418739017,345238.512176388,345238.418856616,345238.439157767,345238.510934191,345238.510949691,0.09343737101880834,0.02030115097295493,0.0717764240107499,0.0012266970006749034
931,0,16,0.08047650300431997,0.0026750940014608204,345238.615253535,345238.693054944,345238.615362535,345238.630512398,345238.691986947,345238.691995447,0.07780140900285915,0.015149863029364496,0.06147454894380644,0.001059497008100152
932,0,16,0.11310762300854549,0.00246179400710389,345238.795986792,345238.906632621,345238.796093292,345238.811720554,345238.905585824,345238.905594924,0.1106458290014416,0.015627262007910758,0.09386526996968314,0.0010376970167271793
933,0,16,0.09361637098481879,0.0027215939480811357,345239.009572169,345239.100466946,345239.009681769,345239.025098631,345239.099365649,345239.099385249,0.09089477703673765,0.015416861977428198,0.07426701800432056,0.001081697002518922
934,0,16,0.05237677204422653,0.002630994073115289,345239.203448494,345239.253194272,345239.203555094,345239.219886754,345239.252075075,345239.252083975,0.04974577797111124,0.016331659979186952,0.032188320998102427,0.0011102969874627888
935,0,16,0.05169787403428927,0.0026183940353803337,345239.35604532,345239.4051248,345239.35615302,345239.371410083,345239.404030103,345239.404043203,0.04907947999890894,0.015257063030730933,0.03262001997791231,0.0010815970017574728
936,0,16,0.04830148199107498,0.0026918940129689872,345239.508064248,345239.553673836,345239.508170947,345239.523212611,345239.552618639,345239.552627139,0.04560958797810599,0.015041663951706141,0.029406028043013066,0.0010466969688422978
937,0,16,0.07811950903851539,0.0033869920298457146,345239.656579584,345239.731312101,345239.656689084,345239.677977432,345239.728650607,345239.728756907,0.07473251700866967,0.02128834795439616,0.05067317502107471,0.00255519401980564
938,0,16,0.06034385203383863,0.003187792026437819,345239.835542846,345239.892698906,345239.835660045,345239.852352705,345239.891423909,345239.891439909,0.05715606000740081,0.016692660050466657,0.039071203966159374,0.0012589970137923956
939,0,16,0.05210337199969217,0.002467893995344639,345239.995498354,345240.045133832,345239.995605554,345240.011977714,345240.044082935,345240.044096535,0.04963547800434753,0.01637215999653563,0.0321052210056223,0.001037297013681382
940,0,16,0.05077377503039315,0.0025123929954133928,345240.147882581,345240.196143963,345240.14799328,345240.164240541,345240.195111465,345240.195123565,0.04826138203497976,0.016247260966338217,0.030870924005284905,0.0010203980491496623
941,0,16,0.049620278005022556,0.002648492984008044,345240.298952511,345240.345924296,345240.299059511,345240.31542657,345240.344796598,345240.344804898,0.04697178502101451,0.016367059026379138,0.02937002800172195,0.001119397988077253
942,0,16,0.055779061978682876,0.0025800939765758812,345240.448884542,345240.50208351,345240.448994341,345240.464578403,345240.500696314,345240.500721514,0.053198968002106994,0.01558406197000295,0.03611791098956019,0.0013619959936477244
943,0,16,0.05283716897247359,0.002751291962340474,345240.605121656,345240.655207533,345240.605249056,345240.620965517,345240.654165535,345240.654179235,0.05008587701013312,0.0157164609991014,0.03320001799147576,0.001028297992888838
944,0,16,0.05036427604500204,0.0028657939983531833,345240.758238579,345240.805737061,345240.758349778,345240.77398154,345240.804399965,345240.804408965,0.04749848204664886,0.015631761983968318,0.030418424983508885,0.0013280960265547037
945,0,16,0.049549977004062384,0.002578392974101007,345240.908705708,345240.955677292,345240.908828307,345240.924903168,345240.954669494,345240.954677894,0.04697158402996138,0.01607486099237576,0.029766326013486832,0.0009993980056606233
946,0,16,0.049593578034546226,0.0025751939974725246,345241.058606438,345241.105624822,345241.058759538,345241.074787598,345241.104602124,345241.104612224,0.0470183840370737,0.0160280599957332,0.029814526031259447,0.0010125980479642749
947,0,16,0.04815768200205639,0.002606093999929726,345241.208466868,345241.254018456,345241.208592068,345241.22383003,345241.253005959,345241.253014758,0.045551588002126664,0.015237962012179196,0.029175928968470544,0.0010036979801952839
948,0,16,0.04847317998064682,0.002568393014371395,345241.356681903,345241.40258669,345241.356787303,345241.371824166,345241.401299893,345241.401308393,0.045904786966275424,0.015036862983833998,0.02947572700213641,0.001278296986129135
949,0,16,0.04770748200826347,0.002509694022592157,345241.505585436,345241.550783224,345241.505698535,345241.520673898,345241.549731727,345241.549739927,0.04519778798567131,0.014975362981203943,0.02905782900052145,0.0010432970011606812
950,0,16,0.049075978982727975,0.0028372929664328694,345241.65378487,345241.700023556,345241.65389367,345241.669244232,345241.698947559,345241.698955559,0.046238686016295105,0.015350561996456236,0.029703326988965273,0.0010679970146156847
951,1,16,0.05766935704741627,0.0024427930475212634,345241.802874303,345241.858100867,345241.802980602,345241.817933766,345241.857011469,345241.857019969,0.055226563999895006,0.014953163976315409,0.039077703026123345,0.0010808980441652238
952,3,16,0.08523899002466351,0.0026709940284490585,345241.960998813,345242.043566809,345241.961105013,345241.977136773,345242.042163713,345242.042174813,0.08256799599621445,0.016031760023906827,0.06502694002119824,0.0013919959892518818
953,0,16,0.05999455199344084,0.0029407929978333414,345242.146807155,345242.203860914,345242.146954055,345242.163618413,345242.202625317,345242.202643517,0.057053758995607495,0.016664357972331345,0.0390069040004164,0.001217396988067776
954,0,16,0.06189504702342674,0.0027330920565873384,345242.30685016,345242.366012115,345242.30698316,345242.32329472,345242.364965417,345242.364974017,0.0591619549668394,0.016311560000758618,0.04167069704271853,0.0010380979510955513
955,0,16,0.054861565004102886,0.0025753939989954233,345242.468853561,345242.521139732,345242.468958061,345242.484572522,345242.519840235,345242.519849235,0.05228617100510746,0.015614460979122669,0.03526771301403642,0.0012904969626106322
956,0,16,0.054609665006864816,0.002594093035440892,345242.624098378,345242.67611395,345242.624216478,345242.640538338,345242.675063853,345242.675080653,0.052015571971423924,0.016321859962772578,0.03452551498776302,0.0010332969832234085
957,0,16,0.055254863982554525,0.003006892977282405,345242.779257396,345242.831505367,345242.779375896,345242.79786375,345242.830064971,345242.830079071,0.05224797100527212,0.018487854045815766,0.03220122097991407,0.0014262960175983608
958,0,16,0.05092447402421385,0.0026592930080369115,345242.934421714,345242.982686895,345242.934526013,345242.951859071,345242.981602497,345242.981610597,0.04826518101617694,0.017333058000076562,0.029743426013737917,0.0010762980091385543
959,0,16,0.06354244297835976,0.0027506929473020136,345243.085699641,345243.146491391,345243.085810441,345243.102837799,345243.145106995,345243.145152694,0.060791750031057745,0.017027358000632375,0.042269196012057364,0.0013386969803832471
960,0,16,0.06727723398944363,0.0030220919870771468,345243.249647837,345243.313902979,345243.249772137,345243.26861929,345243.311826084,345243.311848984,0.06425514200236648,0.018847152998205274,0.043206794012803584,0.0020539950346574187
961,2,16,0.07026972697349265,0.0027050929493270814,345243.417153124,345243.484717758,345243.417275224,345243.433105285,345243.483415561,345243.483424061,0.06756463402416557,0.015830060990992934,0.05031027598306537,0.0012936970451846719
962,0,16,0.0499016770045273,0.00254679296631366,345243.587567504,345243.634922388,345243.587677704,345243.603556665,345243.63388009,345243.63388879,0.04735488403821364,0.015878961014095694,0.030323425016831607,0.001033598033245653
963,0,16,0.0668943349737674,0.00316529197152704,345243.737905434,345243.801634477,345243.738039834,345243.753807695,345243.799408682,345243.799453582,0.06372904300224036,0.015767860983032733,0.045600986981298774,0.002180895011406392
964,0,16,0.056688060984015465,0.00300849397899583,345243.905250622,345243.958930189,345243.905366221,345243.921315982,345243.957583393,345243.957592893,0.053679567005019635,0.015949761029332876,0.03626741102198139,0.0013372960384003818
965,0,16,0.05652465997263789,0.0026496920036152005,345244.062022435,345244.115897403,345244.062137435,345244.080872589,345244.114737706,345244.114746206,0.05387496796902269,0.018735154008027166,0.033865117002278566,0.001151197007857263
966,0,16,0.05967055301880464,0.002602693042717874,345244.218797449,345244.275865309,345244.218906449,345244.235025209,345244.274547012,345244.274579812,0.057067859976086766,0.01611876004608348,0.03952180297346786,0.0012854969827458262
967,0,16,0.05153847299516201,0.002502092975191772,345244.378702955,345244.427739335,345244.378810355,345244.394464217,345244.426623137,345244.426632637,0.04903638001997024,0.0156538620358333,0.03215892001753673,0.0011066980077885091
968,0,16,0.05958405398996547,0.002847093972377479,345244.530758081,345244.587495041,345244.530868381,345244.552150828,345244.586265544,345244.586275744,0.05673696001758799,0.021282446978148073,0.034114715992473066,0.0012192970025353134
969,1,16,0.06348204298410565,0.0029586919699795544,345244.690600287,345244.751123638,345244.690712887,345244.707032047,345244.749760641,345244.749770641,0.06052335101412609,0.016319160000421107,0.04272859403863549,0.0013529970310628414
970,0,16,0.05351296899607405,0.0028228939627297223,345244.854428384,345244.905118459,345244.854548483,345244.872826438,345244.903970262,345244.903980362,0.05069007503334433,0.018277955008670688,0.031143823987804353,0.0011380970245227218
971,0,16,0.05501546402228996,0.002753692038822919,345245.008124705,345245.060386477,345245.008242705,345245.028892454,345245.059319679,345245.059327879,0.05226177198346704,0.020649748970754445,0.030427224992308766,0.0010585979907773435
972,0,16,0.04899847903288901,0.002593793033156544,345245.163368623,345245.209773309,345245.163474823,345245.178814085,345245.208640011,345245.208649311,0.046404685999732465,0.015339262026827782,0.02982592600164935,0.0011239980231039226
973,0,16,0.049787978001404554,0.002656394033692777,345245.312767755,345245.359899339,345245.312884855,345245.328700816,345245.358878542,345245.358886841,0.047131583967711776,0.0158159610000439,0.030177726002875715,0.0010124979889951646
974,0,16,0.04967467702226713,0.002523993025533855,345245.462773986,345245.50992467,345245.462882985,345245.478459447,345245.508903272,345245.508912672,0.04715068399673328,0.01557646197034046,0.030443825002294034,0.001011997985187918
975,0,16,0.051448173995595425,0.002726093982346356,345245.612872816,345245.661594896,345245.612992716,345245.629107976,345245.660286599,345245.660311599,0.04872208001324907,0.016115259961225092,0.031178623030427843,0.0012832970242016017
976,0,16,0.051163873984478414,0.002881092019379139,345245.764654442,345245.812937224,345245.764777742,345245.781189202,345245.811701027,345245.811711127,0.048282781965099275,0.016411460004746914,0.030511824996210635,0.0012260969961062074
977,0,16,0.05155887303408235,0.0027075930847786367,345245.91591287,345245.96476415,345245.91603627,345245.933251027,345245.963659453,345245.963667853,0.048851279949303716,0.017214757041074336,0.030408425955101848,0.0010962969972752035
978,0,16,0.04907328000990674,0.0024658949696458876,345246.067645597,345246.114252982,345246.067753396,345246.083542057,345246.113248384,345246.113257084,0.04660738504026085,0.015788661024998873,0.029706326953601092,0.0009958980372175574
979,0,16,0.05445526598487049,0.0027325929841026664,345246.217262928,345246.268985601,345246.217372228,345246.233501388,345246.267935604,345246.267944404,0.05172267300076783,0.01612916000885889,0.03443421598058194,0.001041197043377906
980,0,16,0.06954372901236638,0.002833392994944006,345246.371995647,345246.438705983,345246.372111247,345246.39939558,345246.437425486,345246.437436186,0.06671033601742238,0.027284333016723394,0.038029905990697443,0.0012697969796136022
981,0,16,0.0707203260390088,0.003735591017175466,345246.542317228,345246.609301963,345246.542447928,345246.564191374,345246.607847867,345246.607857967,0.06698473502183333,0.021743446006439626,0.04365649301325902,0.0014439959777519107
982,0,16,0.058966054988559335,0.0026135939406231046,345246.712628109,345246.76898057,345246.712736009,345246.731456363,345246.767825073,345246.767833673,0.05635246104793623,0.018720354011747986,0.03636870998889208,0.0011468970333226025
983,0,16,0.04968737799208611,0.00253739400068298,345246.871798117,345246.918948101,345246.871907617,345246.887872678,345246.917834904,345246.917845404,0.04714998399140313,0.015965060971211642,0.0299622259917669,0.0011026969878003001
984,0,16,0.04979597800411284,0.0026833940064534545,345247.021825048,345247.068937632,345247.021947248,345247.038137508,345247.067863035,345247.067871235,0.047112583997659385,0.016190259950235486,0.029725527041591704,0.0010663970024324954
985,0,16,0.04886807996081188,0.002501593960914761,345247.171802279,345247.218168765,345247.171908879,345247.18759544,345247.217156567,345247.217164767,0.04636648599989712,0.015686561004258692,0.029561127012129873,0.0010039980406872928
986,1,16,0.05942825396778062,0.0027427939348854125,345247.321075112,345247.377760572,345247.321181511,345247.337154972,345247.376527075,345247.376535775,0.05668546003289521,0.015973461035173386,0.03937210299773142,0.001224796986207366
987,0,16,0.04953517799731344,0.0027465930324979126,345247.480649519,345247.527438104,345247.480756019,345247.49667128,345247.526352107,345247.526360307,0.04678858496481553,0.0159152609994635,0.029680826992262155,0.001077796972822398
988,0,16,0.05306176998419687,0.0026800939813256264,345247.63048715,345247.680868826,345247.63059165,345247.649886403,345247.679664329,345247.679672929,0.050381676002871245,0.019294752972200513,0.029777925985399634,0.0011958969989791512
989,0,16,0.08610538800712675,0.0025646929861977696,345247.783756273,345247.867296968,345247.783872373,345247.802153128,345247.866136671,345247.866153871,0.08354069502092898,0.01828075502999127,0.06398354296106845,0.0011430970043875277
990,0,16,0.060043153003789485,0.0026691940147429705,345247.970340114,345248.027714073,345247.970447314,345247.986583574,345248.026439976,345248.026448476,0.057373958989046514,0.01613626000471413,0.03985640202881768,0.001265597005840391
991,0,16,0.059694752970244735,0.0026417929911985993,345248.13066472,345248.18771768,345248.13077092,345248.14679928,345248.186448683,345248.186456683,0.057052959979046136,0.01602835999801755,0.039649402955546975,0.0012609970290213823
992,0,16,0.060227252019103616,0.0026024930411949754,345248.290658226,345248.348282985,345248.290768526,345248.306960786,345248.347103788,345248.347112788,0.05762475897790864,0.016192259965464473,0.04014300199924037,0.0011701969779096544
993,0,16,0.059888453979510814,0.002533792983740568,345248.451147434,345248.508502095,345248.451261934,345248.467260995,345248.507310897,345248.507320397,0.057354660995770246,0.015999060997273773,0.04004990198882297,0.0011816979967989028
994,0,16,0.05998235399601981,0.002644794003572315,345248.611455544,345248.668793104,345248.611567444,345248.627587305,345248.667726907,345248.667735407,0.057337559992447495,0.016019860981032252,0.04013960203155875,0.001057696994394064
995,0,16,0.06106285098940134,0.002632094023283571,345248.771696154,345248.830126911,345248.771815753,345248.788696812,345248.828922114,345248.828930814,0.05843075696611777,0.01688105898210779,0.0402253019856289,0.00119609700050205
996,0,16,0.06167424999875948,0.002676194009836763,345248.933019861,345248.992017917,345248.933126061,345248.94983902,345248.99094572,345248.99095442,0.058998055988922715,0.016712958982679993,0.04110670002410188,0.0010634969803504646
997,0,16,0.06082995200995356,0.002633193973451853,345249.094910267,345249.153107025,345249.095017666,345249.111027228,345249.151818828,345249.151827928,0.058196758036501706,0.016009562008548528,0.04079160001128912,0.0012790969922207296
998,0,16,0.10211175197036937,0.003666791948489845,345249.256415374,345249.354860334,345249.256552673,345249.275724827,345249.352597239,345249.352619539,0.09844496002187952,0.019172154017724097,0.07687241199892014,0.0022407950018532574
999,0,16,0.07085112697677687,0.0026962929987348616,345249.458582581,345249.526737415,345249.458721781,345249.484074119,345249.525704618,345249.525713618,0.068154833978042,0.025352338037919253,0.04163049900671467,0.0010237970273010433
1000,1,16,0.05936955503420904,0.002539393084589392,345249.629541865,345249.686372027,345249.629650465,345249.645478726,345249.68526693,345249.68527623,0.05683016194961965,0.015828261035494506,0.039788204012438655,0.0010957969934679568
