request_id,num_generated_notes,generation_start_tick,round_trip_time,total_network_latency,server_request_arrival_time,server_response_output_time,server_preprocess_start_time,server_inference_start_time,server_inference_end_time,server_postprocess_start_time,server_processing_duration,preprocess_duration,inference_duration,postprocess_duration
1,0,16,0.49471720600013214,0.001970257000039055,1072.841249521,1073.33399647,1072.841356412,1072.843614664,1073.33160659,1073.33161565,0.4927469490000931,0.0022582519998195494,0.48799192600017705,0.002380820000098538
2,0,16,0.35779799599981743,0.002526904999740509,1073.438489207,1073.793760298,1073.438599152,1073.440460075,1073.791339674,1073.791348428,0.3552710910000769,0.0018609229998673982,0.350879599000109,0.0024118700000599347
3,0,16,0.3680682930000785,0.002483639000047333,1073.896642746,1074.2622274,1073.896745566,1073.898669096,1074.259754043,1074.259762797,0.36558465400003115,0.0019235300001128053,0.36108494699988114,0.0024646030001349573
4,2,16,0.39044201899992004,0.002503083999727096,1074.365141203,1074.753080138,1074.365245346,1074.367412078,1074.750462529,1074.750471385,0.38793893500019294,0.0021667319999778556,0.3830504510001447,0.0026087530000040715
5,2,16,0.4167276509999738,0.0025575459999345185,1074.856038937,1075.270209042,1074.856153871,1074.85822318,1075.267271574,1075.267280329,0.41417010500003926,0.002069309000034991,0.40904839399991033,0.0029287130000739126
6,2,16,0.3769428989999142,0.002535762999968938,1075.372980935,1075.747388071,1075.373088029,1075.375099516,1075.744398176,1075.744406829,0.37440713599994524,0.002011487000117995,0.36929865999991307,0.00298124200003258
7,0,16,0.39866764199996396,0.0026675940000586706,1075.850472697,1076.246472745,1075.850587834,1075.853001434,1076.243708339,1076.243717297,0.3960000479999053,0.0024135999999543856,0.3907069050001155,0.0027554479997888848
8,0,16,0.35989034399995035,0.0025539660000504227,1076.349343283,1076.706679661,1076.349452006,1076.351634315,1076.704189789,1076.704199021,0.3573363779998999,0.0021823089998633804,0.3525554740001553,0.002480639999930645
9,2,16,0.39626987699989513,0.0025941940000393515,1076.809802315,1077.203477998,1076.809912484,1076.812719322,1077.200801741,1077.200810871,0.3936756829998558,0.0028068379999695026,0.3880824190000567,0.002667126999995162
10,0,16,0.3533330400000523,0.002612145000057353,1077.306627322,1077.657348217,1077.306731747,1077.309570999,1077.654852395,1077.654861524,0.3507208949999949,0.002839252000057968,0.3452813960000185,0.0024866930000371212
11,2,16,0.4119184370001676,0.002511003000108758,1077.761328832,1078.170736266,1077.761425358,1077.763531794,1078.167892192,1078.167901629,0.40940743400005886,0.002106436000076428,0.40436039799988066,0.002834636999978102
12,0,16,0.3616540539999278,0.002468024000108926,1078.275069339,1078.634255369,1078.275174276,1078.277353133,1078.631711336,1078.631720157,0.35918602999981886,0.0021788569999898755,0.3543582030001744,0.002535211999884268
13,4,16,0.41868129300019064,0.002547418000176549,1078.737258212,1079.153392087,1078.737360995,1078.739739879,1079.150619715,1079.15062905,0.4161338750000141,0.0023788839998815092,0.4108798360000492,0.0027630370000224502
14,0,16,0.3698185339999327,0.002604555000061737,1079.256376877,1079.623590856,1079.256485917,1079.25876294,1079.620951014,1079.620959426,0.36721397899987096,0.002277023000033296,0.36218807399995967,0.002631430000064938
15,8,16,0.5042362570000023,0.0025149010000404814,1079.726562823,1080.228284179,1079.726665196,1079.728879544,1080.223650839,1080.223661507,0.5017213559999618,0.002214347999824895,0.4947712949999641,0.004622671999868544
16,0,16,0.35979667599985987,0.002586397999948531,1080.331398729,1080.688609007,1080.331509001,1080.333788076,1080.686023122,1080.686032354,0.35721027799991134,0.002279074999933073,0.3522350460000325,0.0025766530000055354
17,6,16,0.4689844519998587,0.0026597419998779515,1080.791536764,1081.257861474,1080.791642932,1080.793955242,1081.254492201,1081.254507178,0.46632470999998077,0.002312309999979334,0.46053695899991,0.003354295999997703
18,0,16,0.3854490399999122,0.0026267109999480454,1081.360885858,1081.743708187,1081.360992539,1081.363200733,1081.740936123,1081.740944945,0.38282232899996416,0.0022081939998770395,0.377735389999998,0.00276324200012823
19,0,16,0.39111492899996847,0.00246812599993973,1081.846579936,1082.235226739,1081.846684668,1081.849277016,1082.232326863,1082.232336197,0.38864680300002874,0.002592348000007405,0.3830498469999384,0.0028905419999318838
20,0,16,0.42250611400004345,0.0027223140000387502,1082.338403657,1082.758187457,1082.338513723,1082.341184543,1082.755313328,1082.755321944,0.4197838000000047,0.0026708200000484794,0.4141287850000026,0.0028655130001880025
21,0,16,0.35866011400003117,0.002569474000210903,1082.861163425,1083.217254065,1082.861266823,1082.863702637,1083.214732188,1083.21474101,0.35609063999982027,0.002435813999909442,0.35102955100001054,0.002513055000008535
22,2,16,0.42824534599981234,0.0025699859997985186,1083.320089399,1083.745764759,1083.320193721,1083.32283151,1083.742822415,1083.742831237,0.4256753600000138,0.0026377890001185733,0.41999090500007696,0.0029335219999211404
23,0,16,0.36148726199985504,0.0029760919999262114,1083.850755356,1084.209266526,1083.850858959,1083.854159402,1084.20674188,1084.206751009,0.3585111699999288,0.003300442999943698,0.35258247799993114,0.0025155169998924976
24,0,16,0.3598438620001616,0.002394755000295845,1084.313502766,1084.670951873,1084.31360042,1084.315950273,1084.668328915,1084.668337807,0.35744910699986576,0.002349852999941504,0.35237864200007607,0.0026140659999782656
25,1,16,0.38421466999989207,0.0024713789998713764,1084.774856172,1085.156599463,1084.77496053,1084.777270823,1085.153903934,1085.153912929,0.3817432910000207,0.0023102929999367916,0.3766331110000465,0.00268653400007679
26,1,16,0.37642715500010127,0.0024863020000793767,1085.259985548,1085.633926401,1085.260127111,1085.262471236,1085.630936298,1085.630944884,0.3739408530000219,0.0023441250000360014,0.36846506200004114,0.0029815170000802027
27,0,16,0.35165694900001654,0.0024431679998997424,1085.738022347,1086.087236128,1085.738125785,1085.740542889,1086.084734699,1086.084743796,0.3492137810001168,0.0024171039999600907,0.3441918099999839,0.00249233199997434
28,0,16,0.36170232299991767,0.0024856889999682608,1086.191483858,1086.550700492,1086.191587909,1086.194117037,1086.548058726,1086.548068028,0.3592166339999494,0.0025291280001056293,0.35394168899983924,0.0026324640000439103
29,2,16,0.38536097500013966,0.00245686400012346,1086.654782843,1087.037686954,1086.654885873,1086.657325872,1087.034903931,1087.034913642,0.3829041110000162,0.002439998999989257,0.3775780589999158,0.0027733120000448253
30,0,16,0.3582299839999905,0.0024977490002129343,1087.141233511,1087.496965746,1087.141338073,1087.143798209,1087.494383876,1087.494392666,0.3557322349997776,0.002460135999854174,0.35058566700013216,0.002573079999820038
31,0,16,0.36358690299994123,0.002524018000030992,1087.601175044,1087.962237929,1087.601280526,1087.6036916,1087.959632347,1087.959641341,0.36106288499991024,0.0024110740000651276,0.3559407469999769,0.0025965879999603203
32,0,16,0.35643586100013636,0.002427734000093551,1088.066397859,1088.420405986,1088.066500071,1088.069095126,1088.417811851,1088.417820437,0.3540081270000428,0.0025950550000288786,0.3487167249998038,0.0025855490000594727
33,0,16,0.3544631729998855,0.0024976459999379585,1088.523240229,1088.875205756,1088.523345303,1088.526175036,1088.87265731,1088.872666202,0.35196552699994754,0.0028297329999986687,0.34648227399998177,0.0025395540001227346
34,0,16,0.3704475619999812,0.002471583999977156,1088.978494944,1089.346470922,1088.978598893,1088.981021516,1089.343809634,1089.343818527,0.36797597800000403,0.002422623000029489,0.36278811800002586,0.002652395000040997
35,0,16,0.35407640400012497,0.002459930999975768,1089.450541928,1089.802158401,1089.450641993,1089.453603477,1089.79964297,1089.79965176,0.3516164730001492,0.002961483999797565,0.3460394930000348,0.0025066410000817996
36,0,16,0.3517653960000189,0.002546095000070636,1089.905073392,1090.254292693,1089.905180817,1089.907635228,1090.25180772,1090.251816204,0.34921930099994825,0.002454410999916945,0.3441724920000979,0.002476488999946014
37,1,16,0.3764769320000596,0.002556315999981962,1090.358585293,1090.732505909,1090.358690878,1090.361204572,1090.729851163,1090.729860362,0.37392061600007764,0.0025136939998446906,0.3686465910000152,0.002645547000156512
38,0,16,0.3521171059999233,0.0023805119997177826,1090.836598686,1091.18633528,1090.836699569,1090.839226653,1091.183818826,1091.183827514,0.3497365940002055,0.0025270839998938754,0.34459217300013734,0.002507766000007905
39,0,16,0.35109222899995984,0.002543233000096734,1091.290607439,1091.639156435,1091.290710264,1091.293413254,1091.63657201,1091.636581005,0.3485489959998631,0.0027029899999888585,0.3431587560000935,0.002575429999978951
40,0,16,0.36775254400004087,0.0028712309999718855,1091.743486138,1092.108367451,1091.743591212,1091.746186982,1092.105564804,1092.105573799,0.364881313000069,0.0025957699999707984,0.35937782200016954,0.0027936520000366727
41,3,16,0.3952687710000191,0.002382352000040555,1092.212130391,1092.60501681,1092.212232194,1092.214838594,1092.602175118,1092.602183908,0.39288641899997856,0.002606399999876885,0.3873365240001476,0.002832902000136528
42,4,16,0.4348885849999533,0.002560986999924353,1092.70908513,1093.141412728,1092.709187895,1092.711999736,1093.138465836,1093.138474493,0.43232759800002896,0.0028118410000388394,0.42646609999997054,0.002938234999874112
43,0,16,0.351016847999972,0.0023699189998751535,1093.245057485,1093.593704414,1093.245157907,1093.247825937,1093.591134057,1093.591143936,0.34864692900009686,0.0026680299999952695,0.34330812000007427,0.0025604780000776373
44,0,16,0.36081592000005,0.0024351009999463713,1093.697245997,1094.055626816,1093.697349374,1093.700118743,1094.053045153,1094.053053912,0.35838081900010366,0.0027693690001342475,0.3529264100000091,0.002572904000089693
45,0,16,0.3534826069999326,0.002400372000010975,1094.159171964,1094.510254199,1094.159271776,1094.161904566,1094.507699017,1094.507707776,0.35108223499992164,0.002632790000006935,0.34579445100007433,0.00254642300001251
46,0,16,0.3544453819999944,0.0023944639999626816,1094.612965308,1094.965016226,1094.613066342,1094.615697706,1094.962351048,1094.962360316,0.35205091800003174,0.0026313640000807936,0.34665334200008147,0.0026559099999303726
47,2,16,0.3667882299998837,0.0024522129999695608,1095.068591013,1095.43292703,1095.068695306,1095.071260265,1095.430315933,1095.430324896,0.36433601699991414,0.0025649589999829914,0.35905566799988264,0.0026021339999715565
48,0,16,0.3604353109999465,0.002356576000011046,1095.536796159,1095.894874894,1095.536893934,1095.539540066,1095.892298935,1095.892308102,0.3580787349999355,0.002646131999881618,0.35275886900012665,0.0025667919999250444
49,0,16,0.359036825999965,0.002486535000116419,1095.998501318,1096.355051609,1095.998604593,1096.001310103,1096.352431651,1096.352440512,0.3565502909998486,0.002705509999941569,0.35112154800003736,0.002611096999999063
50,3,16,0.42793954600006145,0.0024437590000161435,1096.4587809,1096.884276687,1096.458880915,1096.461816502,1096.881388053,1096.881397117,0.4254957870000453,0.002935586999910811,0.41957155099999,0.0028795700000046054
51,0,16,0.34964545399998315,0.0023879459999989194,1096.98749154,1097.334749048,1096.987593185,1096.990306028,1097.33214447,1097.332153229,0.3472575079999842,0.0027128430001539527,0.34183844199992564,0.0025958190001347248
52,0,16,0.3510664479999832,0.0031588389999797073,1097.438739683,1097.786647292,1097.438842754,1097.441595115,1097.784037825,1097.784046279,0.3479076090000035,0.002752360999920711,0.34244271000011395,0.0026010130000031495
53,1,16,0.36966280899991943,0.002379086000019015,1097.89124627,1098.258529993,1097.891345776,1097.89420131,1098.255710922,1098.255719986,0.3672837229999004,0.0028555339999911666,0.36150961199996345,0.002810006999879988
54,2,16,0.38606371700007003,0.0024213520000557764,1098.362529286,1098.746171651,1098.362628894,1098.365375958,1098.743427845,1098.743436604,0.38364236500001425,0.002747064000004684,0.3780518870000833,0.0027350469999873894
55,0,16,0.35192849600002774,0.0023988440000266564,1098.849471853,1099.199001505,1098.849590609,1098.852787539,1099.196431658,1099.196440315,0.3495296520000011,0.0031969300000582734,0.34364411899991865,0.0025611900000512833
56,0,16,0.35180057399998077,0.0023897789999409724,1099.302268301,1099.651679096,1099.30236852,1099.305645912,1099.649138071,1099.649146627,0.3494107950000398,0.0032773919999726786,0.3434921589998794,0.0025324690000161354
57,0,16,0.35147486200003186,0.002458528000033766,1099.754885903,1100.103902237,1099.754986937,1099.75783748,1100.101297863,1100.101306622,0.3490163339999981,0.0028505430000222987,0.34346038299986503,0.0025956150000183698
58,0,16,0.3510337549998894,0.002568625999856522,1100.207170968,1100.555636097,1100.20727465,1100.210365658,1100.55285471,1100.552863163,0.3484651290000329,0.003091007999955764,0.342489052000019,0.0027729339999496005
59,3,16,0.41085054699988177,0.0024564899999859335,1100.658601116,1101.066995173,1100.658701742,1100.661751501,1101.063757095,1101.063766058,0.40839405699989584,0.0030497590000777564,0.402005594000002,0.0032291149998400215
60,2,16,0.40926639799999975,0.002470361999939996,1101.170289773,1101.577085809,1101.170393252,1101.173351856,1101.574299104,1101.574307619,0.40679603600005976,0.00295860400001402,0.40094724799996584,0.002778190000071845
61,0,16,0.3575855080000565,0.0024159760000657116,1101.68025929,1102.035428822,1101.680357016,1101.683202823,1102.032834122,1102.032843448,0.3551695319999908,0.0028458070000851876,0.3496312989998387,0.0025853740000911785
62,0,16,0.3865605919997961,0.002413745000012568,1102.138396511,1102.522543358,1102.138517553,1102.141346633,1102.519785342,1102.519794161,0.3841468469997835,0.002829080000083195,0.37843870899996546,0.0027491969999573485
63,2,16,0.3908214959999441,0.002502347000017835,1102.62569555,1103.014014699,1102.62579581,1102.628649322,1103.011092354,1103.01110097,0.38831914899992626,0.0028535120000015013,0.3824430320000829,0.0029137290000562643
64,0,16,0.3659146019999753,0.0024237810000613536,1103.117255696,1103.480746517,1103.117363559,1103.120539241,1103.478078421,1103.478087342,0.3634908209999139,0.0031756819998918218,0.3575391800000034,0.002659174999962488
65,1,16,0.3743263179999303,0.002407864999895537,1103.583840114,1103.955758567,1103.583942706,1103.586840721,1103.953115206,1103.953124533,0.3719184530000348,0.0028980150000279536,0.36627448499984894,0.0026340340000388096
66,0,16,0.3555068069999834,0.002408270999922024,1104.058873047,1104.411971583,1104.058975335,1104.061995609,1104.409430409,1104.409439229,0.35309853600006136,0.0030202739999367623,0.3474347999999736,0.0025323539998680644
67,11,16,0.539410498000052,0.002430776999972295,1104.51457493,1105.051554651,1104.514680968,1104.51806741,1105.047892671,1105.047902606,0.5369797210000797,0.003386441999964518,0.5298252610000418,0.0036520450000807614
68,0,16,0.3644637200000034,0.0024018849999265512,1105.154755098,1105.516816933,1105.154860629,1105.157888811,1105.514229531,1105.514238858,0.3620618350000768,0.0030281819999800064,0.35634071999993466,0.0025780749999739783
69,0,16,0.3554362499999115,0.0024739620000673312,1105.619952702,1105.97291499,1105.620083882,1105.623089355,1105.970327994,1105.970336813,0.3529622879998442,0.003005473000030179,0.3472386389998974,0.0025781770000321558
70,5,16,0.41875647100005153,0.0023685330002081173,1106.076015886,1106.492403824,1106.076117059,1106.079339475,1106.48950145,1106.489510574,0.4163879379998434,0.003222416000198791,0.41016197499993723,0.002893249999942782
71,0,16,0.3583274729999175,0.0024416239998572564,1106.595493671,1106.95137952,1106.595596972,1106.598551149,1106.948688615,1106.948697536,0.35588584900006026,0.0029541769999923417,0.3501374659999783,0.002681983999991644
72,0,16,0.35694613400005437,0.0024343250001948036,1107.054142229,1107.408654038,1107.054240766,1107.057208122,1107.405947419,1107.405956137,0.35451180899985957,0.0029673559999991994,0.34873929700006556,0.0026979009999195114
73,0,16,0.3710448000001634,0.002427025000088179,1107.511709011,1107.880326786,1107.511808359,1107.514874657,1107.877511493,1107.877520718,0.3686177750000752,0.003066298000021561,0.36263683599986507,0.0028060680001544824
74,0,16,0.35832463500014455,0.0024374670001634513,1107.98348506,1108.339372228,1107.983590592,1107.986685985,1108.336775601,1108.336784421,0.3558871679999811,0.0030953929999668617,0.3500896160001048,0.002587807000054454
75,0,16,0.3490693749999991,0.0026134550000733725,1108.442186942,1108.788642862,1108.442349345,1108.445774613,1108.786110102,1108.786119023,0.34645591999992575,0.0034252680000008695,0.34033548900015376,0.0025238389998776256
76,4,16,0.41914879299997665,0.002479336000078547,1108.891554897,1109.308224354,1108.891661949,1108.894622411,1109.305304644,1109.30531387,0.4166694569998981,0.0029604619999190618,0.41068223299998863,0.0029104840000400145
77,0,16,0.35409981299994797,0.0024022819998208433,1109.411770795,1109.763468326,1109.411874198,1109.414924174,1109.76087566,1109.760884674,0.35169753100012713,0.0030499759998292575,0.3459514860001036,0.0025836520001121244
78,0,16,0.3633371440000701,0.0025654200001099525,1109.8675605,1110.228332224,1109.86766344,1109.870839742,1110.225536238,1110.225545354,0.36077172399996016,0.0031763020001562836,0.3546964959998604,0.0027868700001363322
79,0,16,0.35374268300006406,0.0023844290001306945,1110.332687741,1110.684045995,1110.332793754,1110.336063061,1110.681372513,1110.681381219,0.35135825399993337,0.003269306999982291,0.3453094520000377,0.0026647759998468246
80,1,16,0.37991936800017356,0.002371215000266602,1110.788284743,1111.165832896,1110.78838502,1110.791693251,1111.163116087,1111.163124589,0.37754815299990696,0.003308230999891748,0.3714228359999652,0.002708306999920751
81,2,16,0.37993288899997424,0.0026085419999617443,1111.27025663,1111.647580977,1111.270361721,1111.273514261,1111.644867036,1111.644875947,0.3773243470000125,0.003152539999973669,0.3713527750001049,0.0027050300000155403
82,0,16,0.36136929100007364,0.0023690650000389724,1111.751855166,1112.110855392,1111.751955955,1111.755115562,1112.108202908,1112.108211307,0.3590002260000347,0.0031596069998158782,0.3530873460001658,0.0026440850001563376
83,4,16,0.4456067579999399,0.002640601999928549,1112.215270317,1112.658236473,1112.215370697,1112.218541264,1112.655173046,1112.655181753,0.4429661560000113,0.0031705669998700614,0.4366317820001768,0.003054719999909139
84,9,16,0.5520995439999297,0.0024669859999448818,1112.76260592,1113.312238478,1112.76271265,1112.765949181,1113.308559867,1113.308568573,0.5496325579999848,0.003236531000084142,0.5426106859999891,0.003669904999924256
85,0,16,0.36054187499985346,0.002406962999884854,1113.416510823,1113.774645735,1113.416612739,1113.419793446,1113.771965288,1113.771974199,0.3581349119999686,0.003180707000183247,0.35217184199996154,0.002671535999979824
86,0,16,0.3604658740000559,0.002426426000056381,1113.877506003,1114.235545451,1113.877609558,1113.881028308,1114.232883749,1114.232892558,0.35803944799999954,0.0034187500000371074,0.3518554409999979,0.002652893000004042
87,2,16,0.42196732399997927,0.0024222249999183987,1114.339820255,1114.759365354,1114.339921351,1114.343067028,1114.756437952,1114.756446863,0.4195450990000609,0.0031456770000204415,0.41337092399999165,0.0029184909999457886
88,0,16,0.3603809599999295,0.002439330000015616,1114.863349055,1115.221290685,1114.863453737,1114.867169939,1115.218615052,1115.218624271,0.35794162999991386,0.0037162019998504547,0.3514451129999543,0.0026664140000320913
89,0,16,0.35965750900004423,0.0024115720000281726,1115.325509665,1115.682755602,1115.325608918,1115.328688323,1115.680136202,1115.680145113,0.35724593700001606,0.0030794050001077267,0.35144787900003394,0.0026104890000624437
90,0,16,0.3541128589999971,0.0024337990000731224,1115.78702221,1116.13870127,1115.787128224,1115.790564899,1116.13598989,1116.135998494,0.351679059999924,0.003436674999875322,0.3454249910000726,0.0027027759999782575
91,1,16,0.38682764700001826,0.002430418999892936,1116.242633962,1116.62703119,1116.242736596,1116.245909723,1116.624227932,1116.624236843,0.3843972280001253,0.0031731270000818768,0.3783182089998718,0.002794346999962727
92,0,16,0.36062361300014345,0.0024626839999655203,1116.73136489,1117.089525819,1116.731462607,1116.734958281,1117.08675462,1117.086763532,0.35816092900017793,0.0034956740000779973,0.351796338999975,0.002762286999995922
93,0,16,0.36118543199995656,0.0024519290000171168,1117.193896495,1117.552629998,1117.194000972,1117.197364001,1117.549930704,1117.549939718,0.35873350299993945,0.003363029000183815,0.3525667029998658,0.0026902800000243587
94,0,16,0.3589788540000427,0.002400807999947574,1117.656892305,1118.013470351,1117.656996884,1117.660345676,1118.010885667,1118.010894765,0.35657804600009513,0.0033487919999970472,0.3505399910000051,0.002575585999920804
95,0,16,0.3616131950000181,0.0024479109999901993,1118.117633375,1118.476798659,1118.117734472,1118.121169541,1118.474130971,1118.474140171,0.3591652840000279,0.0034350690000337636,0.3529614300000503,0.0026584879999518307
96,9,16,0.5089736130000801,0.002488593999942168,1118.580834722,1119.087319741,1118.580939398,1118.584229516,1119.083847054,1119.083855743,0.506485019000138,0.0032901179999953456,0.4996175379999386,0.003463998000142965
97,0,16,0.3595153950000167,0.0024037509999743634,1119.191591221,1119.548702865,1119.191694159,1119.194991433,1119.546065843,1119.546074532,0.35711164400004236,0.0032972740000332124,0.35107440999991013,0.002628333000075145
98,0,16,0.36210232799999176,0.0024802129998988676,1119.653003172,1120.012625287,1119.653109177,1119.656133824,1120.009939812,1120.009949012,0.3596221150000929,0.003024647000074765,0.3538059879999764,0.0026762749998852087
99,4,16,0.39926964500000395,0.002447298000106457,1120.116791786,1120.513614133,1120.116896155,1120.120261917,1120.510758765,1120.510767965,0.3968223469998975,0.0033657620001577016,0.39049684799988427,0.0028461679999054468
100,2,16,0.38676891299996896,0.0024287960000037856,1120.617744241,1121.002084358,1120.617846259,1120.621283474,1120.999310461,1120.999319559,0.3843401169999652,0.0034372149998489476,0.37802698700011206,0.0027647990000332356
101,0,16,0.3596811989998514,0.0023687909999807744,1121.106151804,1121.463464212,1121.106249222,1121.10963962,1121.460704626,1121.460730795,0.35731240799987063,0.003390397999964989,0.3510650059999989,0.002733416999944893
102,0,16,0.3556384200001048,0.002473262000194154,1121.567677835,1121.920842993,1121.567784248,1121.571151646,1121.918123069,1121.918131962,0.35316515799991066,0.0033673980001367454,0.3469714230000136,0.0027110309999898163
103,3,16,0.37858920799999396,0.002406409000059284,1122.024937221,1122.40112002,1122.025039545,1122.028451716,1122.39827007,1122.398278861,0.3761827989999347,0.0034121710000363237,0.3698183540000173,0.0028411589998995623
104,0,16,0.3605451789999279,0.002349470999888581,1122.505132368,1122.863328076,1122.505229888,1122.508629281,1122.860611526,1122.860620317,0.3581957080000393,0.0033993929998814565,0.3519822450000447,0.0027077590000317286
105,1,16,0.3979300250000506,0.002497897000012017,1122.967520744,1123.362952872,1122.967625112,1122.971094119,1123.359949895,1123.359958993,0.3954321280000386,0.0034690070001488493,0.3888557759999003,0.002993879000086963
106,1,16,0.4071447280000484,0.002456190999964747,1123.467145335,1123.871833872,1123.467251237,1123.470934092,1123.868877815,1123.868889775,0.40468853700008367,0.003682855000079144,0.3979437229997984,0.0029440969999541267
107,1,16,0.3717413540000507,0.002413462000049549,1123.975996282,1124.345324174,1123.976098913,1123.97948696,1124.342565917,1124.342574708,0.36932789200000116,0.0033880470000440255,0.3630789569999706,0.0027494660000684235
108,0,16,0.383246852999946,0.002443310999979076,1124.449529517,1124.830333059,1124.449632352,1124.453146643,1124.827501917,1124.827511015,0.3808035419999669,0.003514291000101366,0.37435527399998136,0.0028220439999131486
109,0,16,0.3609339299998737,0.0024500569998053834,1124.934001736,1125.292485609,1124.934102731,1124.937517458,1125.289878129,1125.289887124,0.35848387300006834,0.003414727000063067,0.3523606710000422,0.0025984850001350424
110,0,16,0.36176973499982523,0.0024782919997505815,1125.396630641,1125.755922084,1125.396729387,1125.400356429,1125.753230265,1125.753239636,0.35929144300007465,0.0036270420000619197,0.35287383599984423,0.002682448000086879
111,4,16,0.3889642770000137,0.0024576539999543456,1125.859944265,1126.246450888,1125.860061602,1125.863566732,1126.243686956,1126.243696021,0.38650662300005934,0.003505129999894052,0.3801202239999384,0.002754867000021477
112,0,16,0.35829986799990365,0.002459182999928089,1126.350460439,1126.706301124,1126.350561071,1126.353975958,1126.703600851,1126.70360961,0.35584068499997557,0.0034148870001899922,0.34962489299982735,0.002691513999934614
113,4,16,0.4108089779999773,0.0025486120000550727,1126.81038564,1127.218646006,1126.810487902,1126.814027459,1127.215727662,1127.215736421,0.4082603659999222,0.0035395570000673615,0.4017002030000185,0.0029095849999976053
114,2,16,0.39443225199988774,0.0023942000000261032,1127.322642621,1127.714680673,1127.32274468,1127.326339951,1127.71179808,1127.711806636,0.39203805199986164,0.003595270999994682,0.3854581290001988,0.0028740370000832627
115,0,16,0.35981638399994154,0.0024478770001223893,1127.818700511,1128.176069018,1127.818805014,1127.822381035,1128.173425173,1128.173433831,0.35736850699981915,0.003576021000071705,0.3510441379999065,0.0026351869998961774
116,0,16,0.3603207689998271,0.0023537629999736964,1128.279779422,1128.637746428,1128.279876897,1128.283740453,1128.63505359,1128.635062248,0.3579670059998534,0.0038635560001694103,0.35131313700003375,0.002684179999960179
117,0,16,0.38142508600003566,0.0023325770000610646,1128.741668078,1129.120760587,1128.741767997,1128.745239006,1129.117971598,1129.117980154,0.3790925089999746,0.003471009000122649,0.37273259199992026,0.0027804329999980837
118,0,16,0.3617309489998206,0.002532008999651225,1129.224635078,1129.583834018,1129.224733164,1129.228224849,1129.581035252,1129.581044011,0.3591989400001694,0.003491684999971767,0.3528104029999213,0.002790007000157857
119,1,16,0.3618147750000844,0.0024320890001945372,1129.687770234,1130.04715292,1129.687874329,1129.691462572,1130.044487176,1130.044496241,0.3593826859998899,0.0035882430001947796,0.3530246039999838,0.0026566789999833418
120,0,16,0.3562600210000255,0.0023900230000890588,1130.150754033,1130.504624031,1130.150872083,1130.1544809,1130.50200952,1130.502018178,0.35386999799993646,0.00360881699998572,0.34752862000004825,0.0026058529999772873
121,0,16,0.36164131700002144,0.0024199689999022667,1130.608532949,1130.967754297,1130.608636943,1130.612292105,1130.965046284,1130.965054941,0.3592213480001192,0.0036551620000864204,0.35275417899993045,0.0026993559999937133
122,0,16,0.3528909690001001,0.0024250609999398876,1131.071468164,1131.421934072,1131.071573176,1131.075210411,1131.419238077,1131.419246531,0.3504659080001602,0.003637235000041983,0.3440276660001018,0.0026875410001139244
123,0,16,0.3687052529999164,0.0028316650000306254,1131.525765173,1131.891638761,1131.525867639,1131.529563136,1131.888625794,1131.888635267,0.3658735879998858,0.0036954970000806497,0.3590626580000844,0.0030034940000405186
124,0,16,0.35291164699992805,0.002455618000112736,1131.995833891,1132.34628992,1131.995940126,1131.99956137,1132.343591888,1132.343600647,0.3504560289998153,0.0036212439999872004,0.3440305179999541,0.0026892729999872245
125,4,16,0.40360814699988623,0.0024902479999582283,1132.450136096,1132.851253995,1132.450235812,1132.453891788,1132.848332086,1132.848341457,0.401117898999928,0.0036559759998908703,0.3944402980000632,0.0029125379999186407
126,0,16,0.3647395369998776,0.0024062189997948735,1132.954944435,1133.317277753,1132.955046799,1132.958765925,1133.314586341,1133.314596323,0.3623333180000827,0.0037191260000781767,0.355820415999915,0.002681430000166074
127,0,16,0.3695559450000019,0.0023770880000029138,1133.421223441,1133.788402298,1133.421324888,1133.424995226,1133.785695914,1133.78570447,0.36717885699999897,0.003670337999892581,0.3607006879999517,0.0026978280000093946
128,4,16,0.39150341599997773,0.002591287999848646,1133.891365494,1134.280277622,1133.891471525,1133.895172623,1134.277454105,1134.27746317,0.3889121280001291,0.0037010979999649862,0.3822814820000531,0.0028144520001660567
129,3,16,0.3776476120001462,0.002392605000295589,1134.384099862,1134.759354869,1134.384204467,1134.387925325,1134.756413,1134.756421508,0.3752550069998506,0.003720857999951477,0.3684876750000967,0.002933361000032164
130,2,16,0.3683842499999628,0.0024128669999754493,1134.86286741,1135.228838793,1134.862970111,1134.86665631,1135.226046114,1135.226054622,0.3659713829999873,0.0036861989999579237,0.35938980399987486,0.0027841710000302555
131,0,16,0.34929633599995213,0.0024712059998819313,1135.332442894,1135.679268024,1135.332544785,1135.336306945,1135.676702725,1135.676711537,0.3468251300000702,0.003762159999951109,0.34039578000010806,0.0025564869999925577
132,0,16,0.35154320000015105,0.0023614150002231327,1135.782618512,1136.131800297,1135.782725467,1135.786578985,1136.129196511,1136.129205018,0.3491817849999279,0.003853517999914402,0.3426175259999127,0.0025952789999337256
133,0,16,0.3566488809999555,0.0023868369999036076,1136.23492229,1136.589184334,1136.235025903,1136.238755754,1136.586464883,1136.586473694,0.3542620440000519,0.0037298510001164686,0.34770912899989526,0.002710640000032072
134,0,16,0.35193293800011816,0.002346730000226671,1136.692498563,1137.042084771,1136.692596706,1136.696404951,1137.039199114,1137.039207723,0.3495862079998915,0.0038082450000729295,0.34279416300000776,0.002877048000073046
135,3,16,0.3861258069998712,0.002421678000018801,1137.145613112,1137.529317241,1137.145715408,1137.14969239,1137.526580875,1137.526589586,0.3837041289998524,0.003976982000040152,0.37688848500010863,0.002727654999944207
136,0,16,0.38795487900006265,0.002381470000045738,1137.632767392,1138.018340801,1137.632867561,1137.636335899,1138.015529993,1138.015538905,0.3855734090000169,0.0034683379999478348,0.37919409400001314,0.0028018959999371873
137,0,16,0.3496117319998575,0.0024401129999205295,1138.121226603,1138.468398222,1138.121331937,1138.125013679,1138.465801323,1138.465809831,0.347171618999937,0.0036817420000261336,0.34078764400010186,0.002588391000017509
138,0,16,0.3565458759999274,0.002464216999896962,1138.571438277,1138.925519936,1138.571539054,1138.575332207,1138.922826919,1138.922835933,0.3540816590000304,0.0037931530000605562,0.34749471200007065,0.0026840030000130355
139,0,16,0.3555059020000044,0.0023540220001905254,1139.028908506,1139.382060386,1139.029009384,1139.032779445,1139.37936342,1139.37937213,0.3531518799998139,0.003770061000068381,0.34658397499993043,0.0026882559998284705
140,0,16,0.3568151880001551,0.002432010000120499,1139.484818773,1139.839201951,1139.484922082,1139.488623878,1139.836486754,1139.836495667,0.3543831780000346,0.003701796000086688,0.3478628759999083,0.002706283999941661
141,0,16,0.3525244309998925,0.0023743799999920157,1139.941832722,1140.291982773,1139.941940183,1139.945815275,1140.288778885,1140.288787393,0.3501500509999005,0.003875092000043878,0.3429636099999698,0.00319538000007924
142,4,16,0.39282477200003996,0.0023793420000401966,1140.395143761,1140.785589191,1140.395246057,1140.399265173,1140.782683581,1140.782691988,0.39044542999999976,0.004019116000108625,0.3834184079998977,0.002897203000202353
143,0,16,0.36853080599985333,0.0023864309998771205,1140.889096465,1141.25524084,1140.889196128,1140.893154069,1141.252457276,1141.252465986,0.3661443749999762,0.00395794099995328,0.35930320700003904,0.0027748539998810884
144,0,16,0.350627601000042,0.0023652639999909297,1141.358753583,1141.70701592,1141.358852537,1141.362879654,1141.704020675,1141.704029385,0.34826233700005105,0.0040271169998504774,0.34114102100011223,0.0029865349999909085
145,0,16,0.35782062500015854,0.002441530000169223,1141.8105868,1142.165965895,1141.810687375,1141.814637618,1142.163327774,1142.163336383,0.3553790949999893,0.0039502429999629385,0.3486901559999751,0.0026295120001122996
146,0,16,0.3886080810000294,0.002421747999960644,1142.269513886,1142.655700219,1142.269619119,1142.273640463,1142.652830816,1142.652839601,0.38618633300006877,0.0040213439999661205,0.3791903530000127,0.002860617999886017
147,3,16,0.4016784180000741,0.0024846180001532048,1142.76062552,1143.15981932,1142.760727116,1142.764968227,1143.15688253,1143.156891729,0.3991937999999209,0.004241111000055753,0.3919143030000214,0.0029275909998887073
148,1,16,0.3670885859999089,0.0024918529998103622,1143.264396526,1143.628993259,1143.264504634,1143.268580689,1143.626191139,1143.626200234,0.36459673300009854,0.004076054999814005,0.3576104500000383,0.0027930250000736123
149,0,16,0.3818431250001595,0.002437386000110564,1143.733378021,1144.11278376,1143.733482924,1143.737641456,1144.109919834,1144.109928929,0.3794057390000489,0.004158531999792103,0.3722783780001464,0.002854830999922342
150,6,16,0.4458360979999725,0.0026490529999136925,1144.215738729,1144.658925774,1144.215852521,1144.219945733,1144.655658356,1144.655667348,0.4431870450000588,0.0040932120000434224,0.43571262299997215,0.003258426000002146
151,7,16,0.5213535039999897,0.0023780609999448643,1144.763951017,1145.28292646,1144.764052097,1144.768372893,1145.27940438,1145.279413785,0.5189754430000448,0.004320796000001792,0.5110314869998547,0.0035126749999108142
152,5,16,0.4445945130000837,0.002540945999953692,1145.386717766,1145.828771333,1145.386824324,1145.391115871,1145.82567848,1145.825687781,0.44205356700013,0.0042915470000934874,0.4345626090000678,0.0030835520001346595
153,4,16,0.4150736520000464,0.0024576420000812504,1145.93383399,1146.34645,1145.93393569,1145.938303616,1146.343346811,1146.343355906,0.41261600999996517,0.004367925999986255,0.405043194999962,0.0030940940000618866
154,0,16,0.3640824460001113,0.0025228590002370765,1146.449841431,1146.811401018,1146.449947782,1146.454470014,1146.808597037,1146.808606443,0.3615595869998742,0.004522231999999349,0.3541270230000464,0.002794575000052646
155,0,16,0.36473450399989815,0.0024398670000209677,1146.915550547,1147.277845184,1146.915653074,1146.919951753,1147.275059187,1147.275068076,0.3622946369998772,0.00429867900015779,0.3551074339998195,0.002777107999918371
156,0,16,0.3653176230000099,0.0024832740000420017,1147.382883863,1147.745718212,1147.382990421,1147.387368062,1147.742963532,1147.742972627,0.3628343489999679,0.004377641000019139,0.35559547000002567,0.002745584999956918
157,2,16,0.4075683680000566,0.002365655000176048,1147.85059597,1148.255798683,1147.85069457,1147.855149002,1148.252817816,1148.252826881,0.40520271299988053,0.0044544319998749415,0.3976688140000988,0.002971802000047319
158,2,16,0.37855649299990546,0.002402009999968868,1148.359371623,1148.735526106,1148.359474805,1148.363734293,1148.732771974,1148.732780734,0.3761544829999366,0.004259488000116107,0.3690376809997815,0.0027453719999357418
159,4,16,0.42055030699998497,0.002370841000129076,1148.839395961,1149.257575427,1148.839492013,1148.843774011,1149.254648443,1149.254657406,0.4181794659998559,0.0042819980001240765,0.4108744319999005,0.002918020999914006
160,0,16,0.3609626030001891,0.0023872410001786193,1149.361357277,1149.719932639,1149.361456996,1149.365675027,1149.717263355,1149.71727242,0.3585753620000105,0.004218030999936673,0.35158832799993434,0.00266021900006308
161,4,16,0.3994428329999664,0.002425028999823553,1149.823557628,1150.220575432,1149.823658773,1149.827828524,1150.217654966,1150.217663726,0.39701780400014286,0.0041697510000631155,0.38982644199995775,0.0029117060000771744
162,0,16,0.35999704899995777,0.002501663999964876,1150.324125454,1150.681620839,1150.324239535,1150.328432204,1150.67879619,1150.678805154,0.3574953849999929,0.004192668999849047,0.3503639860000476,0.002815685000086887
163,4,16,0.4323084109998945,0.0023413619999246293,1150.784854972,1151.214822021,1150.784953382,1150.789619703,1151.211824187,1151.211833152,0.42996704899996985,0.004666321000058815,0.42220448400007626,0.0029888689998642803
164,0,16,0.3548473840000952,0.002378443000225161,1151.318079993,1151.670548934,1151.318183191,1151.322610618,1151.667864157,1151.667872918,0.35246894099987003,0.004427427000109674,0.34525353899994116,0.0026760159998957533
165,2,16,0.3931975010000315,0.0024106349999328813,1151.773978257,1152.164765123,1151.774077685,1151.778419437,1152.16191368,1152.161922747,0.3907868660000986,0.0043417519998456555,0.3834942430000865,0.0028423759999895992
166,0,16,0.36609331399995426,0.0024057449998053926,1152.267990596,1152.631678165,1152.268093081,1152.272374422,1152.628778231,1152.628786992,0.36368756900014887,0.004281341000023531,0.35640380900008495,0.002891173000080016
167,6,16,0.4263055080000413,0.00237538700002915,1152.734946324,1153.158876445,1152.735046975,1152.739313034,1153.155844584,1153.155853141,0.42393012100001215,0.0042660589999741205,0.4165315500001725,0.0030233039999529865
168,0,16,0.3704757130001326,0.002914299000167375,1153.262834288,1153.630395702,1153.262937588,1153.267755904,1153.627676186,1153.627685559,0.3675614139999652,0.004818315999955303,0.35992028199984816,0.0027101430000584514
169,0,16,0.361068805000059,0.0024045220000061818,1153.733691978,1154.092356261,1153.733790184,1153.738298703,1154.089699295,1154.08970826,0.3586642830000528,0.004508518999955413,0.3514005919998908,0.0026480010001250776
170,0,16,0.3640374020001218,0.0026711259999956383,1154.195816044,1154.55718232,1154.195962233,1154.201576793,1154.554448135,1154.554458016,0.36136627600012616,0.005614559999912672,0.3528713420000713,0.0027243040001394547
171,3,16,0.43499603999998726,0.0024738990000514605,1154.660601456,1155.093123597,1154.660705265,1154.66500372,1155.089682307,1155.089691985,0.4325221409999358,0.0042984550000255695,0.4246785870000167,0.003431611999985762
172,0,16,0.3764043490000404,0.0023499180001635978,1155.19630608,1155.570360511,1155.196404388,1155.200755105,1155.567546457,1155.567555218,0.3740544309998768,0.004350717000079385,0.3667913519998365,0.002805292999937592
173,0,16,0.3693133350000153,0.002526567999893814,1155.673265491,1156.040052258,1155.673370726,1155.678231727,1156.037341096,1156.037349857,0.36678676700012147,0.004861000999881071,0.35910936900017987,0.0027024010000786802
174,0,16,0.3582712540001012,0.002445170000100916,1156.143378383,1156.499204467,1156.143478016,1156.147695176,1156.496467938,1156.496477209,0.35582608400000026,0.0042171600000529,0.3487727619999532,0.0027272580000499147
175,3,16,0.38719714500007285,0.0025083320001613174,1156.602553921,1156.987242734,1156.602653757,1156.607292368,1156.984251216,1156.984260079,0.38468881299991153,0.004638610999791126,0.37695884800018575,0.002982654999868828
176,0,16,0.3589863049999167,0.0024820479998197698,1157.090562441,1157.447066698,1157.090662787,1157.095036934,1157.444336179,1157.444345042,0.3565042570000969,0.0043741470001350535,0.34929924499988374,0.0027216560001761536
177,3,16,0.4251806190000025,0.002372534999949494,1157.550387322,1157.973195406,1157.550487565,1157.55500892,1157.970127279,1157.970136346,0.422808084000053,0.004521355000179028,0.41511835899996186,0.0030590600001687562
178,0,16,0.39303053000003274,0.0023600040001383604,1158.076452767,1158.467123293,1158.076554233,1158.080903828,1158.464185869,1158.464194834,0.3906705259998944,0.00434959499989418,0.3832820410000295,0.0029284590000315802
179,6,16,0.46520763300009094,0.002478210999925068,1158.570490186,1159.033219608,1158.570591973,1158.574914974,1159.029968833,1159.029978096,0.46272942200016587,0.004323000999875148,0.45505385900014517,0.003241512000158764
180,3,16,0.4194177829999717,0.002344768000057229,1159.136421769,1159.553494784,1159.136522436,1159.14111558,1159.550423052,1159.550432009,0.41707301499991445,0.004593143999954918,0.40930747200013684,0.003062774999989415
181,0,16,0.35330369100006465,0.002418868000177099,1159.656662235,1160.007547058,1159.656766567,1159.661300878,1160.004818349,1160.004827102,0.35088482299988755,0.00453431100004309,0.34351747100004104,0.0027199559999644407
182,0,16,0.3673031859998446,0.002438004999930854,1160.11078006,1160.475645241,1160.110878285,1160.11672168,1160.472834899,1160.472843755,0.3648651809999137,0.005843395000056262,0.35611321900000803,0.0028014859999530017
183,0,16,0.3580749619998187,0.0023706209999545536,1160.578868167,1160.934572508,1160.578970463,1160.583392095,1160.931830973,1160.931840134,0.35570434099986414,0.004421632000003228,0.3484388780000245,0.0027323740000610997
184,7,16,0.4552230290000807,0.0024165269999230077,1161.037830651,1161.490637153,1161.037928876,1161.04274646,1161.487401442,1161.487410501,0.4528065020001577,0.004817583999965791,0.44465498199997455,0.0032266519999666343
185,0,16,0.3577683800001523,0.002332045000002836,1161.593880945,1161.94931728,1161.593978559,1161.598355608,1161.946587146,1161.946596002,0.3554363350001495,0.004377048999913313,0.34823153799993634,0.002721278000080929
186,2,16,0.3841788799998085,0.0024107269996420655,1162.052618989,1162.434387142,1162.052718333,1162.05730201,1162.431463918,1162.431472875,0.3817681530001664,0.004583677000027819,0.37416190799990545,0.0029142670000510407
187,1,16,0.3686163419999957,0.0024606009999388334,1162.537712465,1162.903868206,1162.53781639,1162.542403121,1162.901102955,1162.901111709,0.3661557410000569,0.004586731000017608,0.35869983399993544,0.0027564970000639732
188,1,16,0.376900692999925,0.0024903229998471943,1163.006694059,1163.381104429,1163.006801241,1163.011361711,1163.378305589,1163.378314546,0.3744103700000778,0.004560470000114947,0.36694387800002914,0.0027898830001049646
189,0,16,0.36807055899998886,0.0023935239998991165,1163.484097927,1163.849774962,1163.484202971,1163.489229728,1163.847061012,1163.847070071,0.36567703500008975,0.005026756999995996,0.3578312839999853,0.002704891000121279
190,1,16,0.44526529800009484,0.0024622310002087033,1163.952709932,1164.395512999,1163.952813653,1163.957515505,1164.392371645,1164.392380195,0.44280306699988614,0.004701851999925566,0.4348561399999653,0.0031328039999607427
191,0,16,0.35900794300005145,0.0023364210001091124,1164.498604823,1164.855276345,1164.498708747,1164.503883808,1164.852564939,1164.852576136,0.35667152199994234,0.005175061000045389,0.3486811310001485,0.0027002090000678436
192,0,16,0.3589234609999039,0.002510274999849571,1164.958218541,1165.314631727,1164.958325316,1164.962900341,1165.311893654,1165.311902611,0.35641318600005434,0.004575025000121968,0.3489933129999372,0.0027291159999549564
193,1,16,0.38552460699997937,0.0023672629999964556,1165.417826356,1165.8009837,1165.417922138,1165.422614422,1165.798137529,1165.798146282,0.3831573439999829,0.004692283999929714,0.3755231070001628,0.0028374179998991167
194,2,16,0.40999097199983225,0.0023679749999701016,1165.904263932,1166.311886929,1165.904364701,1165.908849238,1166.308902225,1166.308911182,0.40762299699986215,0.00448453699982565,0.4000529870002083,0.002975746999936746
195,1,16,0.3850080380000236,0.002353013000174542,1166.41515576,1166.797810785,1166.41525714,1166.419807838,1166.794957488,1166.79496614,0.38265502499984905,0.00455069800000274,0.37514964999991207,0.002844644999868251
196,0,16,0.37801196099985646,0.002379796999775863,1166.901102416,1167.27673458,1166.90120288,1166.905854857,1167.27387922,1167.273888588,0.3756321640000806,0.004651976999866747,0.3680243630001314,0.002845991999947728
197,0,16,0.36133284600009574,0.002406518000043434,1167.380001628,1167.738927956,1167.380137869,1167.384728928,1167.736189186,1167.736197942,0.3589263280000523,0.004591058999949382,0.3514602580000883,0.002730014000007941
198,0,16,0.36663504700004523,0.002438288000121247,1167.842127699,1168.206324458,1167.842229727,1167.846723951,1168.203558704,1168.203567868,0.364196758999924,0.004494224000154645,0.35683475299993006,0.0027565899999899557
199,0,16,0.3634179040000163,0.0023191519999272714,1168.309502716,1168.670601468,1168.309602402,1168.314494759,1168.667866872,1168.667875527,0.361098752000089,0.004892356999789627,0.353372113000205,0.002725941000107923
200,0,16,0.3608159860000342,0.0024141559999861784,1168.773834915,1169.132236745,1168.773938063,1168.778764845,1169.129562633,1169.129571084,0.358401830000048,0.004826782000009189,0.3507977879999089,0.0026656610000372893
201,0,16,0.35948758400013503,0.0024438870000267343,1169.235288639,1169.592332336,1169.235397897,1169.240112977,1169.589607006,1169.589615661,0.3570436970001083,0.00471508000009635,0.3494940289999704,0.0027166750001015316
202,6,16,0.43355587500013826,0.0024121180001657194,1169.694946589,1170.126090346,1169.695048107,1169.699843222,1170.122911693,1170.122920348,0.43114375699997254,0.004795114999978978,0.4230684710000787,0.003169997999975749
203,0,16,0.36064390299998195,0.0027269600000181526,1170.229314017,1170.58723096,1170.229504734,1170.235164033,1170.58444423,1170.584452885,0.3579169429999638,0.00565929899994444,0.3492801969998709,0.002778074999923774
204,0,16,0.3584286109999084,0.002326585999753661,1170.690002938,1171.046104963,1170.690140809,1170.694847133,1171.04345203,1171.043460991,0.35610202500015475,0.004706323999926099,0.34860489700008657,0.002643971999987116
205,0,16,0.3531510520001575,0.0025983550001456024,1171.149009008,1171.499561705,1171.149116433,1171.153857275,1171.496717749,1171.496726404,0.3505526970000119,0.004740842000046541,0.3428604739999628,0.0028353010000046197
206,0,16,0.3783507579998968,0.0023568269998577307,1171.602958172,1171.978952103,1171.6030602,1171.607873643,1171.976126985,1171.97613564,0.3759939310000391,0.004813442999875406,0.3682533420001164,0.0028164630000446778
207,6,16,0.43675479100011216,0.0023862550001467753,1172.082140034,1172.51650857,1172.082244099,1172.087003167,1172.513384801,1172.513393965,0.4343685359999654,0.004759067999884792,0.42638163400010853,0.00311460500006433
208,3,16,0.4025009599999976,0.0024572260001605173,1172.619782848,1173.019826582,1172.619884062,1172.624662172,1173.016591723,1173.016600683,0.40004373399983706,0.004778109999961089,0.3919295509999756,0.0032258989999718324
209,0,16,0.35234551899998223,0.0024099800000385585,1173.123121429,1173.473056968,1173.123226715,1173.127999123,1173.470106708,1173.470115567,0.3499355389999437,0.004772408000007999,0.34210758499989424,0.0029414010000436974
210,3,16,0.39076753099993766,0.0023352409998551593,1173.57611436,1173.96454665,1173.576213334,1173.581224927,1173.961689661,1173.961698724,0.3884322900000825,0.0050115930000629305,0.3804647340000429,0.0028479260001859075
211,2,16,0.38712109800007966,0.0024720930000512453,1174.06787459,1174.452523595,1174.067975091,1174.072773566,1174.449636975,1174.449645528,0.3846490050000284,0.004798474999915925,0.3768634089999523,0.0028780669999832753
212,2,16,0.3866351909998684,0.0025577259998499358,1174.555373774,1174.939451239,1174.555479163,1174.560332419,1174.936539672,1174.936548836,0.3840774650000185,0.004853255999933026,0.37620725300007507,0.0029024030000073253
213,0,16,0.3789237339999545,0.0024496599999110913,1175.042765432,1175.419239506,1175.04287133,1175.047794947,1175.416375142,1175.416383793,0.3764740740000434,0.0049236170000312995,0.36858019500004957,0.0028557129999171593
214,8,16,0.49126516899991657,0.002387648999956582,1175.522531862,1176.011409382,1175.522631601,1175.527487606,1176.007973041,1176.007981998,0.48887751999996,0.00485600499996508,0.4804854349999914,0.003427383999905942
215,0,16,0.3523660139999265,0.002393856999788113,1176.114674361,1176.464646518,1176.114776442,1176.119651682,1176.461905812,1176.461914768,0.3499721570001384,0.004875240000046688,0.3422541299999011,0.002731750000066313
216,6,16,0.47277494000013576,0.002365666000287092,1176.567891651,1177.038300925,1176.567989864,1176.572906527,1177.034960049,1177.034968598,0.47040927399984866,0.004916662999903565,0.46205352199990557,0.003332326999952784
217,1,16,0.35964681500013285,0.002402405000111685,1177.141622185,1177.498866595,1177.141726403,1177.146700671,1177.496060446,1177.496068995,0.35724441000002116,0.00497426800006906,0.349359775000039,0.0027975999998943735
218,0,16,0.35244122600010996,0.002342358000078093,1177.602148468,1177.952247336,1177.602244645,1177.607117443,1177.949488004,1177.949497062,0.35009886800003187,0.004872798000178591,0.3423705609998251,0.0027502739999363257
219,4,16,0.40390064600001097,0.0024417919998995785,1178.055514553,1178.456973407,1178.055616328,1178.060895311,1178.453890939,1178.453899691,0.4014588540001114,0.005278982999925574,0.3929956280001079,0.003073716000017157
220,3,16,0.387378242000068,0.002380016000188334,1178.559914435,1178.944912661,1178.560050305,1178.564941523,1178.94207598,1178.942084936,0.38499822599987965,0.004891218000011577,0.377134457000011,0.0028277250000883214
221,0,16,0.3534625419999884,0.0024142119998487033,1179.048183339,1179.399231669,1179.048284809,1179.053203711,1179.396571059,1179.39657971,0.3510483300001397,0.004918901999872105,0.3433673480001289,0.002651959000104398
222,2,16,0.3790228970001408,0.002362509000022328,1179.501887013,1179.878547401,1179.501990824,1179.507627954,1179.87557546,1179.875584315,0.3766603880001185,0.0056371300001956115,0.3679475059998367,0.0029630860001361725
223,0,16,0.3617124469999453,0.002483316999814633,1179.981459015,1180.340688145,1179.981563233,1179.986531292,1180.337781748,1180.337790602,0.3592291300001307,0.00496805900002073,0.3512504559998888,0.002897543000017322
224,0,16,0.35373590999984117,0.0023980299997674592,1180.444015308,1180.795353188,1180.444118304,1180.449156283,1180.792435596,1180.79244445,0.3513378800000737,0.005037979000007908,0.34327931299981174,0.0029087380000873964
225,0,16,0.35782819199994265,0.002585906999911458,1180.898614096,1181.253856381,1180.898715667,1180.904806817,1181.251081478,1181.251090434,0.3552422850000312,0.006091149999974732,0.3462746610000522,0.002765947000170854
226,7,16,0.446404044000019,0.002574405000132174,1181.357259774,1181.801089413,1181.357368165,1181.362507512,1181.797871991,1181.797880743,0.4438296389998868,0.005139347000067573,0.4353644789998725,0.0032086700000490964
227,4,16,0.3829497949998313,0.002451053999720898,1181.904475402,1182.284974143,1181.904581249,1181.909584318,1182.281994366,1182.282002915,0.3804987410001104,0.005003068999940297,0.3724100479998924,0.0029712279999785096
228,0,16,0.35219136800014894,0.0024104460001126427,1182.388319117,1182.738100039,1182.388420994,1182.393488895,1182.735312006,1182.735320963,0.3497809220000363,0.005067901000074926,0.34182311099993967,0.002779076000024361
229,0,16,0.35339486099996975,0.0025608700000248064,1182.841347308,1183.192181299,1182.841451424,1182.846492457,1183.189432756,1183.189441712,0.35083399099994494,0.005041032999997697,0.3429402990000199,0.002739586999950916
230,0,16,0.3837371880001683,0.0023831690000406525,1183.295508361,1183.67686238,1183.29560749,1183.300678545,1183.673947051,1183.673955913,0.38135401900012766,0.005071054999916669,0.3732685059999312,0.0029064670000025217
231,0,16,0.35581483499981914,0.002349660999925618,1183.780192588,1184.133657762,1183.780288343,1183.785296425,1184.130858358,1184.130867119,0.3534651739998935,0.005008082000131253,0.34556193299999904,0.0027906430000257387
232,0,16,0.353091933000087,0.002346096000110265,1184.236401523,1184.58714736,1184.236500028,1184.241764204,1184.584429653,1184.584438312,0.35074583699997675,0.005264176000082443,0.3426654489999237,0.0027090480000424577
233,1,16,0.3606057370000144,0.0023628019998795935,1184.690380999,1185.048623934,1184.69047543,1184.695415464,1185.045708911,1185.045717569,0.3582429350001348,0.004940033999901061,0.35029344700001275,0.002906364999944344
234,0,16,0.3622811420000289,0.0024133280001024104,1185.151928981,1185.511796795,1185.152032172,1185.157118794,1185.509015319,1185.509024284,0.3598678139999265,0.005086622000135321,0.35189652499980184,0.002772511000102895
235,0,16,0.3602225140000428,0.0024048740001489932,1185.614577941,1185.972395581,1185.61468266,1185.620057463,1185.969625107,1185.969633868,0.3578176399998938,0.005374802999995154,0.34956764399998974,0.002761712999927113
236,1,16,0.38721897200002786,0.002554109000129756,1186.075281141,1186.459946004,1186.075386166,1186.080685893,1186.457124393,1186.457133154,0.3846648629998981,0.00529972699996506,0.37643849999994927,0.002812849999827449
237,0,16,0.36919372700003805,0.0025451440001234005,1186.562773398,1186.929421981,1186.562874755,1186.568094313,1186.92666638,1186.926675446,0.36664858299991465,0.005219558000135294,0.3585720669998409,0.0027465349999147293
238,4,16,0.4410116169999583,0.002412105999837877,1187.032845602,1187.471445113,1187.032944616,1187.038168248,1187.468283368,1187.468292129,0.4385995110001204,0.005223632000024736,0.4301151199999822,0.0031529840000530385
239,0,16,0.35885250599994833,0.0024374710001211497,1187.575370122,1187.931785157,1187.575477693,1187.580727302,1187.92887482,1187.928883784,0.3564150349998272,0.005249608999974953,0.3481475179999052,0.0029013729999860516
240,0,16,0.361299044000134,0.00255879500014089,1188.035771389,1188.394511638,1188.035875904,1188.041231047,1188.391752777,1188.391761741,0.3587402489999931,0.005355143000087992,0.35052172999985487,0.0027498970000578993
241,0,16,0.3606507630001943,0.0024763850001363608,1188.497354006,1188.855528384,1188.497457401,1188.502983374,1188.85275628,1188.852765041,0.3581743780000579,0.0055259729999761475,0.34977290599999833,0.002763342999969609
242,0,16,0.36294348000001264,0.002520390000199768,1188.958480055,1189.318903145,1188.958585487,1188.963976181,1189.316143571,1189.316152433,0.3604230899998129,0.005390693999970608,0.35216739000020425,0.0027507119998517737
243,5,16,0.43133925400002227,0.0024045679999744607,1189.422915149,1189.851849835,1189.42301671,1189.428401496,1189.848514611,1189.848523677,0.4289346860000478,0.005384786000149688,0.42011311499982185,0.0033261579999361857
244,0,16,0.3608962620000966,0.0025112230000559066,1189.954783883,1190.313168922,1189.954888399,1189.960219195,1190.31043726,1190.310446224,0.3583850390000407,0.0053307959999528975,0.3502180650000355,0.002722697999843149
245,5,16,0.4094177029999173,0.002449592999937522,1190.416708671,1190.823676781,1190.416811353,1190.422538106,1190.820756053,1190.820765017,0.4069681099999798,0.005726753000089957,0.39821794699992097,0.0029117639999185485
246,0,16,0.36029259899987665,0.0023882699999830947,1190.926920912,1191.284825241,1190.927021149,1190.932471639,1191.282085327,1191.282094292,0.35790432899989355,0.0054504899999301415,0.3496136880000904,0.0027309489998970093
247,0,16,0.36212787199997365,0.002301757999930487,1191.388660608,1191.748486722,1191.388756566,1191.394206547,1191.745770714,1191.745779681,0.35982611400004316,0.005449981000083426,0.3515641669998786,0.002707041000121535
248,0,16,0.3598446180001247,0.002390783000009833,1191.852464958,1192.209918793,1191.852564501,1191.857973489,1192.206993306,1192.207002577,0.35745383500011485,0.005408987999999226,0.3490198169999985,0.0029162160001305892
249,0,16,0.359594689000005,0.0023261869998805196,1192.313467371,1192.670735873,1192.313568137,1192.318962963,1192.667947628,1192.667956594,0.3572685020001245,0.005394826000156172,0.34898466499998904,0.0027792789999239176
250,0,16,0.3538128959999085,0.002458333999811657,1192.77459052,1193.125945082,1192.774690573,1192.780021108,1193.123132282,1193.12314135,0.35135456200009685,0.005330534999984593,0.3431111739998869,0.0028037320000748878
251,1,16,0.377753433999942,0.0024190049998651375,1193.229974159,1193.605308588,1193.230116598,1193.23547831,1193.602371486,1193.602379942,0.37533442900007685,0.005361711999967156,0.366893176000076,0.0029286460001003434
252,1,16,0.39567080899996654,0.0024569080001128896,1193.709230888,1194.102444789,1193.70933359,1193.714661985,1194.099489856,1194.09949872,0.39321390099985365,0.005328395000105957,0.3848278709999704,0.0029460690000178147
253,0,16,0.361170477000087,0.0025557390001722524,1194.206424451,1194.565039189,1194.206553135,1194.212874319,1194.562143555,1194.562152521,0.3586147379999147,0.006321184000171343,0.3492692359998273,0.0028866679999737244
254,0,16,0.3597911279998698,0.002492466999910903,1194.669077131,1195.026375792,1194.669184317,1194.6745175,1195.023573792,1195.023582657,0.3572986609999589,0.005333183000175268,0.3490562919998865,0.0027931350000471866
255,0,16,0.36789554200004204,0.0024532410000119853,1195.130317757,1195.495760058,1195.130421783,1195.136020587,1195.492930753,1195.492939311,0.36544230100003006,0.005598804000101154,0.3569101660000342,0.0028207469999870227
256,0,16,0.35318384399988645,0.0023978129997885844,1195.59974726,1195.950533291,1195.599846906,1195.605101942,1195.947791914,1195.947800982,0.35078603100009786,0.00525503599988042,0.3426899720000165,0.0027323090000663797
257,0,16,0.370296819000032,0.0023923110002215253,1196.0532737,1196.421178208,1196.053375689,1196.058699193,1196.418214411,1196.418223682,0.36790450799981045,0.005323503999989043,0.3595152180000696,0.0029545259999395057
258,0,16,0.3599810460000299,0.0023174250000010943,1196.524887563,1196.882551184,1196.524982624,1196.530731202,1196.879689275,1196.879697935,0.3576636210000288,0.005748578000066118,0.34895807299994885,0.0028532490000543476
259,3,16,0.38628444999994827,0.002400665999857665,1196.98645545,1197.370339234,1196.986556217,1196.992331387,1197.367474574,1197.367483438,0.3838837840000906,0.005775169999878926,0.3751431870000488,0.0028557960001762694
260,2,16,0.3880397630000516,0.0023841610002364177,1197.473922046,1197.859577648,1197.474022507,1197.479949591,1197.856743961,1197.856752622,0.3856556019998152,0.0059270839999499,0.3767943699999705,0.0028250259999822447
261,6,16,0.4822385600000416,0.002336172000013903,1197.963091584,1198.442993972,1197.963188479,1197.968857789,1198.439698736,1198.439707498,0.4799023880000277,0.005669309999802863,0.47084094700016976,0.0032864740001059545
262,9,16,0.48030097000014393,0.002483398000094894,1198.545808554,1199.023626126,1198.545910747,1198.55148683,1199.020252539,1199.020261505,0.47781757200004904,0.005576082999823484,0.4687657090000812,0.0033646209999460552
263,0,16,0.3639008500001637,0.002518856000051528,1199.127630751,1199.489012745,1199.127741706,1199.133969561,1199.486198111,1199.486206975,0.36138199400011217,0.0062278549999064126,0.3522285500000635,0.0028057700001227204
264,0,16,0.3704685000000154,0.002374787999997352,1199.59244833,1199.960542042,1199.592549402,1199.598192425,1199.95768431,1199.957693072,0.36809371200001806,0.005643022999947789,0.35949188500012497,0.0028489700000591256
265,0,16,0.3690731369999867,0.00241413900016596,1200.063980174,1200.430639172,1200.064079209,1200.069750862,1200.427783192,1200.427792465,0.3666589979998207,0.005671653000035803,0.35803233000001455,0.0028467069998896477
266,0,16,0.3538794059998054,0.002347289999761415,1200.534498115,1200.886030231,1200.534598487,1200.540587312,1200.883247212,1200.883256282,0.35153211600004397,0.005988825000031284,0.3426598999999442,0.0027739489999021316
267,0,16,0.3529779899999994,0.002363187000128164,1200.989774026,1201.340388829,1200.989871647,1200.995431876,1201.337613453,1201.337622217,0.35061480299987124,0.005560229000138861,0.342181576999792,0.002766611999959423
268,0,16,0.35402563399998144,0.0024558140000863204,1201.444251033,1201.795820853,1201.444353647,1201.45047046,1201.792970273,1201.792978731,0.3515698199998951,0.00611681299983502,0.3424998130001313,0.002842121999947267
269,0,16,0.36235532899991085,0.0025049309999758407,1201.899500552,1202.25935095,1201.899605102,1201.905219135,1202.256471635,1202.256480296,0.359850397999935,0.00561403300002894,0.35125250000010055,0.0028706539999348024
270,1,16,0.3634710429998904,0.0024032339999848773,1202.363237814,1202.724305623,1202.363345421,1202.369378777,1202.721346112,1202.721355283,0.36106780899990554,0.0060333559999889985,0.3519673349999266,0.002950339999870266
271,0,16,0.3605660489999991,0.0023609449999639764,1202.827857844,1203.186062948,1202.827957096,1202.83353689,1203.183275344,1203.18328421,0.35820510400003513,0.005579793999913818,0.3497384540000894,0.0027787379999608675
272,0,16,0.35913046700011364,0.002448273000027257,1203.290080449,1203.646762643,1203.290183166,1203.295696418,1203.644035262,1203.644043924,0.3566821940000864,0.005513252000127977,0.3483388439999544,0.002718719000085912
273,0,16,0.35656979699979274,0.00232864199983851,1203.750665607,1204.104906762,1203.750765572,1203.756840197,1204.102171637,1204.102180706,0.35424115499995423,0.006074624999882872,0.34533144000010907,0.0027260560000286205
274,0,16,0.3551660079999692,0.0023823439998977847,1204.208618662,1204.561402326,1204.208721174,1204.214428039,1204.558667914,1204.558676576,0.35278366400007144,0.0057068650000928756,0.3442398749998574,0.0027257500000814616
275,0,16,0.3548958690000745,0.00235666499997933,1204.664845309,1205.017384513,1204.664938956,1204.670858285,1205.014460973,1205.01446994,0.3525392040000952,0.005919328999880236,0.3436026880001464,0.0029145729999981995
276,1,16,0.36225250999996206,0.0024681439999767463,1205.121407109,1205.481191475,1205.121507889,1205.127109592,1205.478321229,1205.478329891,0.3597843659999853,0.00560170299991114,0.3512116370000058,0.002861584000129369
277,3,16,0.39748040500012394,0.002363594000144076,1205.585064685,1205.980181496,1205.58516465,1205.591368383,1205.977176945,1205.9771853,0.39511681099997986,0.0062037329998929636,0.385808562000193,0.002996195999912743
278,7,16,0.47311347999993814,0.002506967999806875,1206.084077327,1206.554683839,1206.08418412,1206.090000426,1206.551382042,1206.551390805,0.47060651200013126,0.005816306000042459,0.461381615999926,0.003293034000080297
279,0,16,0.35373501200001556,0.002464271999997436,1206.658680552,1207.009951292,1206.658782045,1206.664368871,1207.007211887,1207.007220752,0.3512707400000181,0.005586826000126166,0.3428430159999607,0.002730540000129622
280,0,16,0.3838389160000588,0.002335469000172452,1207.113794237,1207.495297684,1207.113892673,1207.11965222,1207.492360081,1207.492369558,0.38150344699988636,0.0057595470000251225,0.37270786099998077,0.00292812599991521
281,0,16,0.35374031099991043,0.002361862000043402,1207.599200954,1207.950579403,1207.599300613,1207.604882751,1207.94774686,1207.947755726,0.35137844899986703,0.005582138000136183,0.34286410899994735,0.0028236769999239186
282,3,16,0.38066954099986106,0.0024815389997456805,1208.054481552,1208.432669554,1208.05458437,1208.060972443,1208.429683928,1208.429692793,0.3781880020001154,0.006388073000152872,0.3687114849999489,0.002976761000127226
283,0,16,0.36302219699996385,0.002421331000050486,1208.535429966,1208.896030832,1208.535535224,1208.54140132,1208.893030941,1208.893039704,0.36060086599991337,0.0058660960000906925,0.35162962100002915,0.002991127999848686
284,0,16,0.3535548250001739,0.002390354999988631,1208.999928801,1209.351093271,1209.000063201,1209.00589934,1209.348268232,1209.348276689,0.35116447000018525,0.005836138999939067,0.3423688919999677,0.002816582000150447
285,0,16,0.38536757099996066,0.0024011559999053134,1209.454731917,1209.837698332,1209.454828004,1209.461087721,1209.834721673,1209.834730436,0.38296641500005535,0.0062597169999207836,0.3736339520000911,0.002967895999972825
286,4,16,0.4161602449999009,0.0023895389997505845,1209.941747207,1210.355517913,1209.941850835,1209.947473809,1210.352444453,1210.352453115,0.4137707060001503,0.005622974000061731,0.4049706440000591,0.0030647980001958786
287,0,16,0.36192540000001827,0.002451799000027677,1210.459463161,1210.818936762,1210.459566788,1210.465745091,1210.815906914,1210.815916186,0.3594736009999906,0.0061783029998423444,0.35016182300000764,0.0030205759999262227
288,0,16,0.3564338690000568,0.002383834000056595,1210.922742007,1211.276792042,1210.922842271,1210.928617171,1211.274069611,1211.274078374,0.3540500350000002,0.0057749000000058,0.34545243999991726,0.002713667999842073
289,4,16,0.4613199139998869,0.0024705469998025364,1211.380793332,1211.839642699,1211.380899201,1211.387095233,1211.836383383,1211.836393879,0.4588493670000844,0.006196032000161722,0.4492881500000294,0.0032488199999534118
290,0,16,0.356918584000141,0.0024092060000384663,1211.94347464,1212.297984018,1211.94357572,1211.949925104,1212.295222663,1212.295231018,0.3545093780001025,0.006349384000031932,0.3452975590000733,0.0027529999999842403
291,0,16,0.356346646999782,0.0024140969997006323,1212.401995498,1212.755928048,1212.402115021,1212.408523912,1212.753216825,1212.753230479,0.3539325500000814,0.006408890999864525,0.34469291300001714,0.0026975690000199393
292,0,16,0.3977514840000822,0.0024600520000603865,1212.859848434,1213.255139866,1212.859955729,1212.865756511,1213.252099217,1213.252108795,0.3952914320000218,0.005800782000051186,0.3863427060000504,0.00303107100012312
293,0,16,0.3578252459999476,0.002412874999890846,1213.358709224,1213.714121595,1213.358809896,1213.365105276,1213.711158794,1213.711167353,0.35541237100005674,0.006295379999983197,0.3460535180001898,0.0029542419999870617
294,0,16,0.4020246549998774,0.002360498999905758,1213.818050234,1214.21771439,1213.81814999,1213.824313823,1214.214704207,1214.214713581,0.3996641559999716,0.006163833000073282,0.39039038400005666,0.00300080900001376
295,6,16,0.48275067800000215,0.0024106319999646075,1214.321707936,1214.802047982,1214.321839788,1214.328490578,1214.798686465,1214.79869533,0.48034004600003755,0.006650789999866902,0.47019588700004533,0.0033526519998758886
296,0,16,0.3642523749999782,0.0024804289998883178,1214.904872486,1215.266644432,1214.904977744,1214.910952358,1215.263870646,1215.263879103,0.3617719460000899,0.005974614000024303,0.3529182879999553,0.002765329000112615
297,3,16,0.3804225039998528,0.0025055979997432587,1215.37052518,1215.748442086,1215.370626973,1215.376586405,1215.745557438,1215.745566506,0.3779169060001095,0.0059594319998268475,0.36897103300020717,0.002875580000136324
298,1,16,0.36879077900016455,0.002385565000167844,1215.852443376,1216.21884859,1215.852547818,1215.858500423,1216.216041484,1216.216050349,0.3664052139999967,0.005952604999947653,0.35754106100011995,0.0027982410001641256
299,0,16,0.36126092299991797,0.0024071419998108468,1216.322206311,1216.681060092,1216.322309327,1216.328300346,1216.678228702,1216.678237669,0.3588537810001071,0.0059910190000209695,0.34992835599996397,0.002822422999997798
300,0,16,0.3713700450000488,0.0023935110000365967,1216.784893719,1217.153870253,1216.784993789,1216.791356546,1217.151104284,1217.15111315,0.3689765340000122,0.006362757000033525,0.35974773799989634,0.0027571030000217434
301,3,16,0.40378302399994936,0.0024502720000327827,1217.257478877,1217.658811629,1217.257582717,1217.264252204,1217.65579243,1217.6558015,0.4013327519999166,0.006669486999953733,0.39154022599996097,0.003010128999903827
302,0,16,0.3613046220000342,0.002432133000183967,1217.7623157,1218.121188189,1217.762419132,1217.768402808,1218.118299732,1218.1183087,0.35887248899985025,0.00598367599991434,0.34989692399994965,0.002879488999951718
303,2,16,0.38879779799981407,0.0024600549998012866,1218.22510446,1218.611442203,1218.225202695,1218.231319253,1218.608317228,1218.608325788,0.3863377430000128,0.006116558000030636,0.37699797499999477,0.0031164150000222435
304,0,16,0.35547522700017,0.002395141000079093,1218.715341762,1219.068421848,1218.715445907,1218.721968143,1219.065622353,1219.065630811,0.3530800860000909,0.0065222359999097534,0.3436542100000679,0.0027910370001791307
305,3,16,0.3893310600001314,0.002355502000227716,1219.171776222,1219.55875178,1219.171870075,1219.177864043,1219.555878201,1219.555887169,0.3869755579999037,0.0059939679999843065,0.3780141580000418,0.002864610999949946
306,4,16,0.3944185950001611,0.002465760000177397,1219.662569102,1220.054521937,1219.662671006,1219.668744153,1220.051526991,1220.051535754,0.3919528349999837,0.006073147000051904,0.38278283799991186,0.002986182999848097
307,0,16,0.35606647199983854,0.002388313999745151,1220.158265073,1220.511943231,1220.15836555,1220.165033101,1220.509129572,1220.509138437,0.3536781580000934,0.006667550999964078,0.34409647099982976,0.0028047939999851224
308,5,16,0.4381019050001669,0.0024913380002544727,1220.615844929,1221.051455496,1220.615982296,1220.622183332,1221.048216084,1221.048224847,0.4356105669999124,0.00620103599999311,0.42603275199985546,0.0032306489999882615
309,0,16,0.35550345499996183,0.0023894349999409314,1221.154574677,1221.507688697,1221.154675868,1221.160887298,1221.50497205,1221.504980814,0.3531140200000209,0.006211430000121254,0.3440847520000716,0.002707883000084621
310,3,16,0.4252106960000219,0.0024300940001467097,1221.611688936,1222.034469538,1221.611789209,1221.618299829,1222.031350575,1222.031359339,0.4227806019998752,0.006510619999971823,0.4130507459999535,0.003110199000047942
311,0,16,0.35550447300011,0.0023899440002423944,1222.138458262,1222.491572791,1222.138561388,1222.144794116,1222.488816503,1222.488825471,0.3531145289998676,0.0062327279999863094,0.34402238699999543,0.0027473200000258657
312,0,16,0.35590403800006243,0.0024154210000233434,1222.595481827,1222.948970444,1222.595584138,1222.601739623,1222.945932495,1222.945941462,0.3534886170000391,0.006155484999908367,0.3441928720001215,0.003028981999932512
313,1,16,0.36499332699986553,0.002405738999868845,1223.052606989,1223.415194577,1223.052708485,1223.058841144,1223.412362371,1223.412370727,0.3625875879999967,0.006132659000058993,0.35352122699987376,0.0028238499999133637
314,3,16,0.41492536499981725,0.002536889999646519,1223.518117186,1223.930505661,1223.518226834,1223.524357251,1223.92746231,1223.927471584,0.41238847500017073,0.006130417000122179,0.40310505899992677,0.00303407700016578
315,4,16,0.39397997500009296,0.0024395930001901434,1224.033200821,1224.424741203,1224.033299871,1224.039463712,1224.421753846,1224.421762508,0.3915403819999028,0.006163840999988679,0.3822901339999589,0.0029786949999106582
316,0,16,0.3550063239999872,0.0024422779999895283,1224.527668187,1224.880232233,1224.527774577,1224.5344377,1224.877460186,1224.877468542,0.3525640459999977,0.006663122999952975,0.343022486000109,0.0027636909999273485
317,4,16,0.3983253369999602,0.002392038999914803,1224.983971204,1225.379904502,1224.984075862,1224.990326163,1225.376906428,1225.376915293,0.3959332980000454,0.006250300999909086,0.3865802650000205,0.0029892090001339966
318,2,16,0.3865919830000166,0.0024252600001091196,1225.483798064,1225.867964787,1225.483901601,1225.490535375,1225.865074428,1225.865083599,0.3841667229999075,0.006633773999965342,0.374539053000035,0.0028811879999466328
319,0,16,0.36251679599990894,0.002317851999805498,1225.971936512,1226.332135456,1225.972038214,1225.978527078,1226.329319691,1226.329328557,0.36019894400010344,0.006488864000175454,0.35079261299983955,0.002806899000006524
320,0,16,0.35655509100001836,0.002443909000021449,1226.436002421,1226.790113603,1226.436104836,1226.442866808,1226.787343492,1226.78735297,0.3541111819999969,0.006761972000049354,0.3444766840000284,0.0027606329999798618
321,5,16,0.4661035190001712,0.0024388140000155545,1226.893977715,1227.35764242,1226.894081149,1226.900386073,1227.354133593,1227.354142255,0.46366470500015566,0.006304924000005485,0.453747519999979,0.003500165000104971
322,0,16,0.3564495169998736,0.0023963189998994494,1227.461692204,1227.815745402,1227.461796658,1227.468147643,1227.812736831,1227.812745799,0.35405319799997415,0.006350985000153742,0.3445891879998726,0.0029996030000347673
323,0,16,0.355764709000141,0.002492213000323318,1227.919824943,1228.273097439,1227.919931231,1227.927850753,1228.270307864,1228.270316628,0.3532724959998177,0.007919522000065626,0.3424571109999306,0.0027808109998659347
324,0,16,0.363997794999932,0.0024002939999263617,1228.376937603,1228.738535104,1228.377039101,1228.38381534,1228.735716181,1228.735724945,0.36159750100000565,0.00677623899991886,0.3519008410000879,0.0028101590000915166
325,1,16,0.3644269210001312,0.002431885000078182,1228.842594876,1229.204589912,1228.842699431,1228.848992432,1229.201471182,1229.201480353,0.361995036000053,0.006293000999903597,0.3524787500000457,0.003109558999994988
326,1,16,0.3671009340000637,0.0024115020000863296,1229.308472163,1229.673161595,1229.308576108,1229.314976211,1229.670282954,1229.670292126,0.3646894319999774,0.006400103000032686,0.3553067430000283,0.0028694689999611
327,10,16,0.5382706899999903,0.002394484999967972,1229.777050266,1230.312926471,1229.77715156,1229.783472483,1230.308887733,1230.308896293,0.5358762050000223,0.006320922999975664,0.5254152499999236,0.004030177999993612
328,0,16,0.36263582199990196,0.0024567499999648135,1230.416847447,1230.777026519,1230.416951697,1230.4233785,1230.774191189,1230.774199953,0.36017907199993715,0.00642680299984022,0.3508126890001222,0.0028265659998396586
329,2,16,0.37319684899989625,0.0024412599998413498,1230.880874428,1231.251630017,1230.880978678,1230.888030266,1231.248726308,1231.248734766,0.3707555890000549,0.0070515879999675235,0.3606960419999723,0.002895250999927157
330,4,16,0.41551545099991927,0.0023318129999552184,1231.35491785,1231.768101488,1231.3550221,1231.362157965,1231.765027901,1231.765036461,0.41318363799996405,0.007135865000009289,0.4028699359998882,0.0030650270000478486
331,0,16,0.3566728950002016,0.0024214910001774115,1231.872134662,1232.226386066,1231.872237077,1231.879085771,1232.223167468,1232.223176028,0.3542514040000242,0.006848694000154865,0.344081696999865,0.0032100380001338635
332,0,16,0.3540100909999637,0.0024602139999387873,1232.330431775,1232.681981652,1232.330536636,1232.336961095,1232.679110247,1232.679119214,0.35154987700002494,0.006424459000072602,0.3421491519998199,0.002862438000192924
333,0,16,0.3568200929998966,0.00240340000004835,1232.785905073,1233.140321766,1232.786010342,1232.792861991,1233.137538269,1233.137546829,0.35441669299984824,0.006851649000054749,0.3446762779999517,0.002774936999912825
334,0,16,0.3702903389998937,0.0023267809999651945,1233.244098011,1233.612061569,1233.244195631,1233.250732711,1233.608770917,1233.608779782,0.3679635579999285,0.006537080000043716,0.3580382059999465,0.0032817869998780225
335,1,16,0.37223621899988757,0.0023465499998565065,1233.715881529,1234.085771198,1233.715977926,1233.722815101,1234.082856353,1234.082865116,0.36988966900003106,0.006837174999873241,0.3600412519999736,0.0029060819999813248
336,2,16,0.3885640409998814,0.0023379899998872133,1234.189494354,1234.575720405,1234.189594623,1234.196529826,1234.572701723,1234.57271069,0.3862260509999942,0.006935203000011825,0.37617189699994924,0.003009715000189317
337,0,16,0.37166242100011004,0.0023409450002418453,1234.679661116,1235.048982592,1234.679763322,1234.686799303,1235.046056639,1235.046065606,0.3693214759998682,0.007035980999944513,0.3592573359999278,0.0029169859999456094
338,3,16,0.41152523899995685,0.002428987000030247,1235.15300411,1235.562100362,1235.153103157,1235.159809492,1235.559053556,1235.559062421,0.4090962519999266,0.006706334999989849,0.3992440639999586,0.00303794100000232
339,4,16,0.39105732799998805,0.0023081350000211387,1235.665807825,1236.054557018,1235.665905139,1235.672743129,1236.051509703,1236.051518772,0.3887491929999669,0.006837990000121863,0.3787665739998829,0.003038245999960054
340,0,16,0.36279937400013296,0.0023267800002031436,1236.158340396,1236.51881299,1236.158440972,1236.165553582,1236.516003713,1236.516012884,0.3604725939999298,0.007112609999921915,0.35045013099988864,0.0028001059999951394
341,0,16,0.3618160409998836,0.0024649569998018706,1236.622840214,1236.982191298,1236.622944152,1236.630195346,1236.979370812,1236.979380085,0.35935108400008176,0.007251193999991301,0.3491754660001334,0.0028112130000863544
342,6,16,0.4761142629999995,0.002446719000090525,1237.086122737,1237.559790281,1237.086226471,1237.094362563,1237.555978004,1237.555986767,0.47366754399990896,0.008136092000086137,0.46161544100004903,0.0038035140000829415
343,4,16,0.4002641829999902,0.002364077000038378,1237.663434159,1238.061334265,1237.663533817,1237.670040327,1238.058261169,1238.058270238,0.39790010599995185,0.0065065100000083476,0.3882208420000097,0.0030640269999366865
344,4,16,0.39853035800001635,0.00237783399984437,1238.165070566,1238.56122309,1238.16517216,1238.172078117,1238.558137664,1238.558146529,0.396152524000172,0.00690595699984442,0.38605954700005896,0.003076561000170841
345,2,16,0.3962140720000207,0.002351848999978756,1238.664909663,1239.058771886,1238.665010646,1238.671569634,1239.055717642,1239.055726303,0.3938622230000419,0.006558988000051613,0.38414800800001103,0.003045582999902763
346,0,16,0.36301040899979853,0.0024531369999749586,1239.162832636,1239.523389908,1239.162938815,1239.169482723,1239.519817503,1239.51982647,0.36055727199982357,0.006543908000139709,0.3503347799999119,0.003563437999900998
347,4,16,0.3957018210001024,0.002477899000268735,1239.627099918,1240.02032384,1239.627197335,1239.633797592,1240.017341945,1240.017350912,0.3932239219998337,0.00660025700017286,0.38354435299993384,0.002972927999962849
348,0,16,0.3607996920000005,0.0024012700000639597,1240.124314992,1240.482713414,1240.124418319,1240.131006043,1240.479913104,1240.479921969,0.35839842199993655,0.006587724000155504,0.34890706099986346,0.0027914449999570934
349,0,16,0.3720135680000567,0.002475658000093972,1240.586485278,1240.956023188,1240.58659054,1240.593191511,1240.953147676,1240.95315644,0.3695379099999627,0.0066009709998979815,0.3599561650000851,0.002866748000087682
350,0,16,0.3645643460001793,0.002361027999995713,1241.059714245,1241.421917563,1241.05981156,1241.066457367,1241.418930849,1241.418939714,0.36220331800018357,0.006645807000040804,0.352473481999823,0.002977848999989874
351,0,16,0.3644607039998391,0.00230356999986725,1241.525768077,1241.887925211,1241.525866819,1241.533068967,1241.884920767,1241.884929428,0.36215713399997185,0.0072021480000330484,0.35185180000007676,0.0029957829999602836
352,0,16,0.3562105060000249,0.0024440919999051403,1241.99194855,1242.345714964,1241.992052998,1241.999257388,1242.342916359,1242.342925123,0.35376641400011977,0.007204389999969862,0.343658970999968,0.002789841000094384
353,0,16,0.3620943639998586,0.0024010899999211688,1242.449293811,1242.808987085,1242.449395814,1242.456700984,1242.806141198,1242.806150369,0.35969327399993745,0.007305170000108774,0.3494402139999693,0.0028367159998197167
354,4,16,0.4156827950000661,0.0023585970000112866,1242.912988616,1243.326312814,1242.913091027,1242.920269636,1243.323228582,1243.323237345,0.4133241980000548,0.00717860899999323,0.4029589459998988,0.0030754689998957474
355,1,16,0.4068024419998437,0.002426870999897801,1243.43022233,1243.834597901,1243.430322906,1243.437518736,1243.831558403,1243.831566962,0.4043755709999459,0.007195830000000569,0.39403966700001547,0.003030939000154831
356,4,16,0.3938602199998513,0.0024556070000016916,1243.938371786,1244.329776399,1243.938475623,1243.945703654,1244.326718049,1244.326726914,0.39140461299984963,0.007228031000067858,0.3810143949999656,0.0030494850000195584
357,0,16,0.36319744000002174,0.0024350230000891315,1244.433818487,1244.794580904,1244.433923751,1244.440784735,1244.791592866,1244.791601629,0.3607624169999326,0.006860984000013559,0.3508081309998943,0.002979274999916015
358,0,16,0.37422586200000296,0.002655840999977954,1244.898589671,1245.270159692,1244.898694119,1244.905868958,1245.266954197,1245.266963776,0.371570021000025,0.007174838999844724,0.36108523899997635,0.003195916000095167
359,0,16,0.36213288199996896,0.0024544860000332847,1245.374138092,1245.733816488,1245.374251813,1245.381171288,1245.73085902,1245.730867783,0.3596783959999357,0.006919474999904196,0.3496877320001204,0.0029487050001080206
360,0,16,0.3618330889999015,0.0023686849997375248,1245.837735786,1246.19720019,1245.83783412,1245.844578224,1246.19416059,1246.194169047,0.359464404000164,0.006744104000063089,0.3495823659998223,0.003031143000043812
361,0,16,0.3637542260000828,0.0025219440001365,1246.300454788,1246.66168707,1246.300559339,1246.308057407,1246.65869893,1246.658707897,0.3612322819999463,0.007498067999904379,0.350641522999922,0.0029791729998578376
362,0,16,0.35445078099996863,0.0024662040000293928,1246.765619207,1247.117603784,1246.765721924,1246.772910417,1247.11471143,1247.114720601,0.35198457699993924,0.007188493000057861,0.34180101299989474,0.0028831829999944603
363,0,16,0.36316748100011864,0.0023785690002569027,1247.221613569,1247.582402481,1247.221715776,1247.229046421,1247.579487403,1247.579496371,0.36078891199986174,0.007330644999910874,0.35044098200000917,0.0029061099999125872
364,1,16,0.3702392969998982,0.0023830519999137323,1247.686257479,1248.054113724,1247.686362335,1247.69357396,1248.051092873,1248.051101637,0.3678562449999845,0.007211625000081767,0.35751891299992167,0.003012086999888197
365,0,16,0.37471875699998236,0.002375512999833518,1248.158084991,1248.530428235,1248.158187503,1248.165435303,1248.527505108,1248.527514075,0.37234324400014884,0.007247800000186544,0.36206980499991914,0.00291416000004574
366,2,16,0.3996570530000554,0.002401904999942417,1248.633834972,1249.03109012,1248.633934936,1248.640795513,1249.027924672,1249.027933639,0.39725514800011297,0.006860576999997647,0.3871291589998691,0.0031564810001327714
367,1,16,0.4215607670000736,0.0023756030000186,1249.134928508,1249.554113672,1249.135030511,1249.141956423,1249.550918351,1249.550927319,0.419185164000055,0.0069259120000424446,0.4089619280000534,0.003186353000046438
368,3,16,0.3823812640000597,0.002423854999960895,1249.657966006,1250.037923415,1249.65806486,1249.665430895,1250.034927432,1250.034935992,0.3799574090000988,0.0073660350001318875,0.36949653699980445,0.0029874229999222734
369,0,16,0.3562841660000231,0.0024192679998122912,1250.141762501,1250.495627399,1250.141863393,1250.148749426,1250.492554167,1250.492563237,0.3538648980002108,0.00688603300000068,0.34380474099998537,0.003064162000100623
370,5,16,0.4021072829998502,0.002432821999718726,1250.599763555,1250.999438016,1250.599863122,1250.606781054,1250.996307816,1250.996316478,0.3996744610001315,0.006917932000078508,0.38952676199983216,0.0031215380001867743
371,0,16,0.35741089600014675,0.002431293999961781,1251.103394911,1251.458374513,1251.103496415,1251.110436664,1251.455494403,1251.455502861,0.35497960200018497,0.006940248999853793,0.3450577390001399,0.0028716520000671153
372,0,16,0.35555805000012697,0.0023986820001482556,1251.56235607,1251.915515438,1251.562451561,1251.569412193,1251.91254269,1251.912551556,0.3531593679999787,0.006960632000073019,0.34313049699994735,0.0029638820001309796
373,0,16,0.40229286399994635,0.002420593999886478,1252.019149988,1252.419022258,1252.019253733,1252.026309449,1252.415782198,1252.415790962,0.39987227000005987,0.007055716000195389,0.3894727489998786,0.0032312959999671875
374,2,16,0.3981128760001411,0.0023751400001401635,1252.523213447,1252.918951183,1252.523313931,1252.530639303,1252.915699402,1252.915708371,0.39573773600000095,0.007325371999968411,0.3850600989999293,0.0032428120000531635
375,1,16,0.36543130199993357,0.0023884919999090926,1253.022814014,1253.385856824,1253.02291246,1253.029878799,1253.382910472,1253.382919032,0.3630428100000245,0.006966338999973232,0.35303167300003224,0.002937792000011541
376,0,16,0.35657023099997787,0.002394198000047254,1253.489370406,1253.843546439,1253.489476189,1253.496968084,1253.840729513,1253.840738583,0.3541760329999306,0.007491894999930082,0.34376142900009654,0.0028078559998903074
377,5,16,0.39966335300005085,0.002464313000018592,1253.947533397,1254.344732437,1253.947636327,1253.954735049,1254.341608759,1254.341619154,0.39719904000003226,0.007098721999909685,0.38687371000014537,0.0031132829999478417
378,2,16,0.40677613799994106,0.002425892000019303,1254.448681994,1254.85303224,1254.448785943,1254.455922984,1254.849872383,1254.849881046,0.40435024599992175,0.007137040999850797,0.39394939900012105,0.003151193999883617
379,0,16,0.3557287510000151,0.002426401999855443,1254.956665668,1255.309968017,1254.956766051,1254.96427201,1255.307145487,1255.307154353,0.35330234900015967,0.007505959000127405,0.3428734770000119,0.0028136640000866464
380,3,16,0.3909088799998699,0.0024214079999183014,1255.413635892,1255.802123364,1255.413752275,1255.420818487,1255.79908305,1255.79909161,0.3884874719999516,0.0070662119999269635,0.3782645630001298,0.0030317539999487053
381,0,16,0.3571885259998453,0.0023686179997639556,1255.905679952,1256.26049986,1255.905780742,1255.91315279,1256.257555443,1256.257564819,0.35481990800008134,0.007372047999979259,0.3444026530000883,0.0029350410000006377
382,2,16,0.3996424609999849,0.0024733840000408236,1256.364039123,1256.7612082,1256.364144601,1256.371327093,1256.758079121,1256.758088089,0.3971690769999441,0.007182492000083585,0.38675202800004627,0.003120111000043835
383,2,16,0.3985040879999815,0.0024109739999857993,1256.865115464,1257.261208578,1256.865214318,1256.872280021,1257.258002298,1257.258011081,0.3960931139999957,0.007065703000080248,0.3857222770000135,0.003197496999973737
384,1,16,0.3656745210000736,0.0024241159999291995,1257.36478885,1257.728039255,1257.364893949,1257.372249132,1257.724943077,1257.724951657,0.3632504050001444,0.007355183000072429,0.35269394500005546,0.0030875980000928394
385,0,16,0.35724536800012174,0.002333827000029487,1257.832143489,1258.18705503,1257.832242255,1257.839911305,1258.184183452,1258.184192338,0.35491154100009226,0.007669050000004063,0.34427214700008335,0.0028626920000078826
386,0,16,0.3674647759999061,0.0023764180000398483,1258.291175708,1258.656264066,1258.291276109,1258.29882239,1258.653342032,1258.653350714,0.3650883579998663,0.00754628100003174,0.35451964200001385,0.0029133519999504642
387,2,16,0.43048435100013194,0.0024908120001327916,1258.760203451,1259.18819699,1258.760303545,1258.767825313,1259.184868349,1259.184877133,0.42799353899999915,0.007521768000060547,0.4170430359999955,0.0033198569999512983
388,0,16,0.35766351699999177,0.002451182999948287,1259.292431551,1259.647643885,1259.292535832,1259.299655079,1259.644829708,1259.644838696,0.3552123340000435,0.0071192469999914465,0.34517462899998463,0.0028051889999005652
389,0,16,0.35840155899995807,0.0024492430000009335,1259.751835344,1260.10778766,1259.751938604,1259.759572723,1260.104732746,1260.10474153,0.35595231599995714,0.007634118999931161,0.3451600230000622,0.0030461300000297342
390,3,16,0.38449201399998856,0.0024213589999817486,1260.211966148,1260.594036803,1260.212066957,1260.219266994,1260.590980051,1260.590988835,0.3820706550000068,0.007200037000075099,0.37171305700007906,0.003047968000146284
391,0,16,0.3659996219998902,0.002437597999914942,1260.697095564,1261.060657588,1260.697196578,1260.704810269,1261.057672945,1261.057681524,0.3635620239999753,0.007613690999960454,0.35286267599985877,0.002976063999994949
392,0,16,0.3558870509998542,0.0023644689997581736,1261.164452654,1261.517975236,1261.164551727,1261.171744818,1261.51505739,1261.51506648,0.353522582000096,0.007193091000090135,0.34331257200005894,0.002908755999897039
393,0,16,0.35726099600015004,0.0023770310001509642,1261.621854769,1261.976738734,1261.621956089,1261.629555379,1261.973759912,1261.973768491,0.3548839649999991,0.00759929000014381,0.3442045330000383,0.00297024299993609
394,0,16,0.3588454450000427,0.002414413999986209,1262.080263137,1262.436694168,1262.080364763,1262.087735777,1262.433382585,1262.433391368,0.35643103100005646,0.007371014000000287,0.3456468079998558,0.003302800000028583
395,0,16,0.3817643469999439,0.0025097079999341076,1262.540047901,1262.91930254,1262.540157187,1262.547432295,1262.916288481,1262.916297776,0.3792546390000098,0.007275107999930697,0.36885618600013004,0.0030047640000248066
396,0,16,0.36410569800000303,0.0023935770000207413,1263.023009054,1263.384721175,1263.023105471,1263.030401312,1263.381726521,1263.381735101,0.3617121209999823,0.0072958410000865115,0.35132520899992414,0.002986074000091321
397,0,16,0.3629141690000779,0.002415128000166078,1263.487772378,1263.848271419,1263.487875434,1263.495147885,1263.845379005,1263.845387993,0.3604990409999118,0.007272451000062574,0.35023111999998946,0.0028834259999257483
398,0,16,0.389310832000092,0.002411553999991156,1263.951166761,1264.338066039,1263.951268796,1263.958552482,1264.335014291,1264.335022973,0.3868992780001008,0.007283685999937006,0.3764618090001477,0.0030430660001457
399,0,16,0.3720501090001562,0.002479884000194943,1264.44225566,1264.811825885,1264.442361371,1264.449635457,1264.808842365,1264.808851047,0.3695702249999613,0.007274086000052193,0.3592069079998055,0.0029748380000000907
400,1,16,0.3818122489999496,0.002568333999988681,1264.914783122,1265.294027037,1264.914890162,1264.922353916,1265.290989283,1265.290998066,0.3792439149999609,0.007463754000127665,0.3686353670000244,0.0030289710000488412
401,0,16,0.36425532899988866,0.00249254799996379,1265.398197354,1265.759960135,1265.398301227,1265.406165665,1265.756828414,1265.756837402,0.36176278099992487,0.007864437999842266,0.35066274900009375,0.0031227330000547227
402,0,16,0.36682841299989377,0.0023393450001094607,1265.863963356,1266.228452424,1265.864063654,1265.871465003,1266.22555552,1266.225564395,0.3644890679997843,0.0074013490000197635,0.35409051700003147,0.0028880289999051456
403,2,16,0.3828173379999953,0.002409920999980386,1266.332508473,1266.71291589,1266.332612418,1266.340363336,1266.70976407,1266.709772843,0.3804074170000149,0.007750918000056117,0.36940073399978246,0.003143046999866783
404,0,16,0.39632635900011337,0.00241328600009183,1266.816851978,1267.210765051,1266.816953476,1266.825058664,1267.207432067,1267.207440635,0.39391307300002154,0.008105187999944974,0.38237340299997413,0.003324415999941266
405,2,16,0.38668871599998056,0.0024832640001477557,1267.314948507,1267.699153959,1267.315055309,1267.322532643,1267.696103943,1267.69611292,0.3842054519998328,0.007477333999986513,0.3735713000000942,0.003041038999981538
406,1,16,0.3725930509999671,0.002438177999920299,1267.802847169,1268.173002042,1267.802949176,1267.810395704,1268.170093918,1268.170102793,0.3701548730000468,0.007446527999945829,0.3596982139999909,0.0028992489999382087
407,0,16,0.36394630600011624,0.0023276010001609393,1268.276912425,1268.63853113,1268.277010046,1268.284994254,1268.635609336,1268.635618211,0.3616187049999553,0.007984207999925275,0.35061508200010394,0.002912918999982139
408,3,16,0.3980929209999431,0.002467759999944974,1268.741667788,1269.137292949,1268.741773773,1268.749718912,1269.134249666,1269.134258234,0.3956251609999981,0.007945138999957635,0.3845307540000249,0.003034715000012511
409,0,16,0.3636266139999407,0.0024220590000822995,1269.24141867,1269.602623225,1269.241516903,1269.249134293,1269.599692455,1269.599701533,0.3612045549998584,0.007617389999950319,0.35055816199997025,0.0029216919999726088
410,0,16,0.3643674929999179,0.002400535999868225,1269.706593894,1270.068560851,1269.706698145,1269.714304824,1270.065603253,1270.065612434,0.36196695700004966,0.007606678999991345,0.35129842900005315,0.0029484169999705045
411,0,16,0.3812836590000188,0.0022957749999932275,1270.172561714,1270.551549598,1270.172658315,1270.180780233,1270.548325557,1270.54833433,0.3789878840000256,0.00812191799991524,0.3675453240000479,0.003215268000076321
412,0,16,0.39410096999995403,0.0024116560000493337,1270.655497724,1271.047187038,1270.655599119,1270.663598526,1271.044121619,1271.04413182,0.3916893139999047,0.007999406999942948,0.38052309299996523,0.003055217999872184
413,0,16,0.354936822000127,0.002282004000107918,1271.15093574,1271.503590558,1271.151032035,1271.15852722,1271.500722421,1271.50073099,0.3526548180000191,0.007495184999925186,0.34219520100009504,0.0028595680000762513
414,0,16,0.3721870620001937,0.0024907110002914123,1271.607614883,1271.977311234,1271.607718625,1271.615491066,1271.974368122,1271.974376894,0.3696963509999023,0.007772441000042818,0.358877055999983,0.0029343399999106623
415,0,16,0.36468106300003456,0.0024143070002082823,1272.081470107,1272.443736863,1272.08156987,1272.089856326,1272.440515271,1272.440524349,0.3622667559998263,0.008286455999950704,0.35065894500007744,0.0032125139998697705
416,0,16,0.37124165900013395,0.0024043100002018036,1272.547793014,1272.916630363,1272.54789798,1272.555512208,1272.913498435,1272.913506901,0.36883734899993215,0.007614227999965806,0.3579862270000831,0.0031234620000759605
417,0,16,0.3626984510001421,0.0023925800001052266,1273.020390081,1273.380695952,1273.020492292,1273.028157116,1273.377725807,1273.377734886,0.36030587100003686,0.007664824000130466,0.34956869099983123,0.0029610659998979827
418,0,16,0.36339464999991833,0.002404615999921589,1273.483400915,1273.844390949,1273.483504861,1273.491779178,1273.841423865,1273.841433249,0.36099003399999674,0.008274316999859366,0.3496446870001364,0.002957700000024488
419,0,16,0.36508490500000335,0.0024123270000018238,1273.947200878,1274.309873456,1273.947307373,1273.955554658,1274.306962098,1274.306970972,0.3626725780000015,0.008247284999924887,0.3514074400000027,0.0029024840000602126
420,0,16,0.3630014289999508,0.002290366000124777,1274.41278415,1274.773495213,1274.412881563,1274.420557358,1274.770602522,1274.770610988,0.360711062999826,0.0076757950000683195,0.35004516399999375,0.002884224999888829
421,0,16,0.3645666570000685,0.002429903999882299,1274.877255793,1275.239392546,1274.877359122,1274.88531879,1275.23652556,1275.236534332,0.3621367530001862,0.007959668000012243,0.3512067700000898,0.0028582140000708023
422,0,16,0.3878269150000051,0.0024603019999176468,1275.341998661,1275.727365274,1275.34210403,1275.349771971,1275.724295813,1275.724304483,0.38536661300008745,0.007667941000136125,0.37452384199991684,0.0030607910000526317
423,0,16,0.3646403029999874,0.002449080999895159,1275.831443184,1276.193634406,1275.831546105,1275.839319006,1276.19070581,1276.190714786,0.36219122200009224,0.0077729010001803545,0.3513868039999579,0.002919620000056966
424,11,16,0.4942336459998842,0.002511200999833818,1276.297715988,1276.789438433,1276.297822071,1276.305598849,1276.785963205,1276.785972589,0.49172244500005036,0.007776778000106788,0.4803643559998818,0.0034658439999475377
425,3,16,0.4337969210000665,0.002495595000027606,1276.893436271,1277.324737597,1276.893539906,1276.901364114,1277.32151962,1277.321528291,0.4313013260000389,0.007824208000101862,0.4201555059999009,0.003209305999916978
426,4,16,0.4023546299999907,0.0024462249998578045,1277.428598344,1277.828506749,1277.428699837,1277.436984485,1277.825215534,1277.825224408,0.3999084050001329,0.00828464799997164,0.3882310490000691,0.0032823410001583397
427,0,16,0.3647863710000365,0.0024149109999598295,1277.932452158,1278.294823618,1277.932555282,1277.940210167,1278.291544542,1278.29155311,0.3623714600000767,0.007654884999965361,0.3513343750000786,0.0032705080000141606
428,0,16,0.3970255059998635,0.0024400029999469552,1278.398619797,1278.7932053,1278.398725166,1278.406480013,1278.790030368,1278.790039038,0.39458550299991657,0.007754846999887377,0.3835503550001249,0.003166261999922426
429,0,16,0.35718360999999277,0.0024719299999560462,1278.896016848,1279.250728528,1278.896125991,1278.904002425,1279.247465874,1279.247474952,0.3547116800000367,0.007876434000081645,0.3434634489999553,0.003253576000133762
430,0,16,0.38979893100008667,0.0025446580000334507,1279.353616782,1279.740871055,1279.353722049,1279.361712114,1279.737669602,1279.737678068,0.3872542730000532,0.007990065000058166,0.37595748800004003,0.0031929870001476957
431,3,16,0.3904907119999734,0.002417868999827988,1279.844410085,1280.232482928,1279.844514944,1279.852471246,1280.22936063,1280.229369096,0.38807284300014544,0.007956302000138749,0.37688938399992367,0.0031138320000536623
432,0,16,0.36475005899978896,0.002423173999886785,1280.335478081,1280.697804966,1280.335580492,1280.343485487,1280.694815373,1280.69482435,0.3623268849999022,0.007904994999989867,0.35132988600003046,0.0029806159998315707
433,0,16,0.3722410249999939,0.002426844999945388,1280.800868563,1281.170682743,1280.800966792,1280.809144439,1281.167514339,1281.167523315,0.3698141800000485,0.008177646999911303,0.35836990000007063,0.003159428000117259
434,0,16,0.36317299600000297,0.0023884919999090926,1281.274226262,1281.635010766,1281.27432704,1281.282276406,1281.631298791,1281.631307767,0.3607845040000939,0.00794936600004803,0.3490223850001257,0.0037029990000974067
435,3,16,0.4157716449999498,0.00239169600013156,1281.73899565,1282.152375599,1281.739094695,1281.747067623,1282.149125388,1282.149134463,0.4133799489998182,0.007972928000071988,0.40205776499988133,0.0032411359998150147
436,1,16,0.37173824099977537,0.0023873089996868657,1282.255637457,1282.624988389,1282.255740247,1282.263671567,1282.621991175,1282.621999944,0.3693509320000885,0.007931320000125197,0.3583196079998743,0.0029884450000281504
437,0,16,0.36441040200020325,0.0024225920003573265,1282.728432474,1283.090420284,1282.728533734,1282.736504824,1283.087367596,1283.087376672,0.3619878099998459,0.007971089999955439,0.3508627720000277,0.003043612000055873
438,0,16,0.3725477090001732,0.0024504310001702834,1283.194182426,1283.564279704,1283.194285011,1283.202219799,1283.561208457,1283.561217532,0.3700972780000029,0.00793478800005687,0.35898865800004387,0.0030621719999999186
439,4,16,0.4040880099998958,0.00240158499991594,1283.667688812,1284.069375237,1283.667787115,1283.676146011,1284.066177338,1284.066186311,0.40168642499997986,0.008358895999890592,0.3900313270000879,0.003188926000120773
440,0,16,0.3568651549999231,0.002555668000013611,1284.17345105,1284.527760537,1284.173553431,1284.181657801,1284.524762608,1284.524771378,0.3543094869999095,0.008104369999955452,0.34310480699991786,0.0029891589999806456
441,4,16,0.4177147719999539,0.002395160999867585,1284.631630872,1285.046950483,1284.631733662,1284.63962562,1285.043626341,1285.043635008,0.4153196110000863,0.007891958000072918,0.40400072099987483,0.003315475000135848
442,0,16,0.35890208199998597,0.002412598999853799,1285.151004678,1285.507494161,1285.15110655,1285.159256094,1285.504522032,1285.504531414,0.35648948300013217,0.008149544000161768,0.3452659380000114,0.0029627470000832545
443,0,16,0.3562298589999955,0.0025478170000496903,1285.611106197,1285.964788239,1285.611209904,1285.619188744,1285.961514981,1285.961523853,0.3536820419999458,0.00797884000007798,0.342326236999952,0.003264385999955266
444,0,16,0.3567211680001492,0.0023763980002513563,1286.06879838,1286.42314315,1286.068897907,1286.076853293,1286.420172245,1286.420181015,0.35434476999989784,0.007955386000048748,0.3433189519998905,0.002962134999961563
445,0,16,0.3563429470000301,0.0023195980002128636,1286.526621396,1286.880644745,1286.526720413,1286.535039642,1286.877691481,1286.877700251,0.35402334899981724,0.008319228999880579,0.3426518390001547,0.0029444939998484188
446,7,16,0.4605867100001433,0.002393224000115879,1286.98448714,1287.442680626,1286.984583811,1286.993275856,1287.439100019,1287.439108789,0.4581934860000274,0.00869204500008891,0.4458241629999975,0.003571836999981315
447,1,16,0.365776748999906,0.002412393999975393,1287.546342731,1287.909707086,1287.546447255,1287.554473818,1287.906561296,1287.906570167,0.3633643549999306,0.00802656299993032,0.3520874780001577,0.0031369190000987146
448,4,16,0.4433562949998304,0.0024771480000254087,1288.013542649,1288.454421796,1288.013643705,1288.022092644,1288.450980281,1288.450989255,0.440879146999805,0.008448938999890743,0.42888763700011623,0.0034325409999382828
449,0,16,0.3579012089999196,0.002405459999863524,1288.558124588,1288.913620337,1288.558231763,1288.566216109,1288.910705109,1288.91071449,0.3554957490000561,0.007984345999830111,0.3444890000000669,0.002905847000192807
450,0,16,0.3745939160000944,0.0024007700001220655,1289.016560671,1289.388753817,1289.016659993,1289.024827791,1289.38576731,1289.38577608,0.37219314599997233,0.008167797999931281,0.36093951899988497,0.0029777370000374503
451,0,16,0.364965242000153,0.0025270130001899815,1289.491945109,1289.854383338,1289.492048715,1289.500386197,1289.851419774,1289.851428748,0.36243822899996303,0.008337481999888041,0.35103357700018023,0.002954589999944801
452,0,16,0.357013901000073,0.0024278200000935612,1289.9584049,1290.312990981,1289.958509526,1289.966565662,1290.309679522,1290.309688696,0.35458608099997946,0.008056136000050174,0.34311385999990307,0.003302285000017946
453,0,16,0.3886109800000668,0.0024066090002179408,1290.416961306,1290.803165677,1290.417064053,1290.425194541,1290.800069601,1290.800078469,0.38620437099984883,0.008130488000006153,0.37487505999979476,0.0030872079998971458
454,0,16,0.359485093000103,0.0024315830000887217,1290.90709472,1291.26414823,1290.907196041,1290.915776761,1291.261225947,1291.261234408,0.3570535100000143,0.008580720000054498,0.3454491859999962,0.0029138219999822468
455,3,16,0.38300218299991684,0.0023723599999811995,1291.368119065,1291.748748888,1291.368220487,1291.376316522,1291.745748628,1291.7457577,0.38062982299993564,0.008096035000107804,0.36943210599997656,0.002991187999896283
456,0,16,0.3554561369999192,0.0024102800000491698,1291.852774359,1292.205820216,1291.852878329,1291.860964273,1292.20284126,1292.20284972,0.35304585699987,0.008085943999958545,0.3418769869999778,0.002970495999988998
457,2,16,0.4168380339999658,0.002336379000098532,1292.309762307,1292.724263962,1292.309863321,1292.318534353,1292.720913974,1292.720922944,0.41450165499986724,0.00867103199993835,0.40237962100013647,0.0033410179999009415
458,4,16,0.4133426910000253,0.0025359610001487454,1292.828304825,1293.239111555,1292.828407266,1292.836560994,1293.235650155,1293.235658819,0.41080672999987655,0.008153727999797411,0.39908916100011993,0.0034527359998719476
459,0,16,0.37584667400005856,0.002353400999936639,1293.342841321,1293.716334594,1293.342944782,1293.351357315,1293.713222515,1293.713231383,0.3734932730001219,0.00841253300018252,0.3618652000000111,0.003103211000052397
460,6,16,0.4190984730000764,0.0024398380001002806,1293.819918292,1294.236576927,1293.820049173,1293.828102804,1294.233291054,1294.233300024,0.41665863499997613,0.008053631000166206,0.40518824999981007,0.003276902999914455
461,0,16,0.3590238509998471,0.002455536999832475,1294.339681342,1294.696249656,1294.339783376,1294.348507718,1294.693268763,1294.693277835,0.35656831400001465,0.008724342000050456,0.3447610450000411,0.00297182100007376
462,6,16,0.4868487639998875,0.002453191999848059,1294.800076971,1295.284472543,1294.800177782,1294.808362293,1295.280816453,1295.28082522,0.48439557200003946,0.00818451100008133,0.47245415999987017,0.0036473229999955947
463,3,16,0.40898276300004,0.002376031000039802,1295.387593777,1295.794200509,1295.387694383,1295.396587932,1295.791051734,1295.791060806,0.4066067320000002,0.008893549000049461,0.39446380199979103,0.0031397029999880033
464,0,16,0.35864405300003455,0.002398659000164116,1295.897533965,1296.253779359,1295.897637936,1295.906414772,1296.250767479,1296.250775939,0.35624539399987043,0.008776836000151889,0.34435270699987086,0.0030034199999136035
465,0,16,0.35793552500012993,0.0024557399999594054,1296.356628741,1296.712108526,1296.356729653,1296.365010592,1296.709276962,1296.70928583,0.3554797850001705,0.008280939000087528,0.3442663700000139,0.0028226960000665713
466,0,16,0.35782503100017493,0.0023268990000815393,1296.815555635,1297.171053767,1296.815655426,1296.824162144,1297.168134033,1297.168142697,0.3554981320000934,0.008506718000035107,0.34397188899993125,0.0029110700002092926
467,0,16,0.357142088000046,0.0023728700000447134,1297.274623399,1297.629392617,1297.274726452,1297.283395547,1297.626315704,1297.626324572,0.3547692180000013,0.00866909499995927,0.34292015699998046,0.003068044999963604
468,0,16,0.35655475699991257,0.0024443249999421823,1297.732088592,1298.086199024,1297.732194601,1297.740500513,1298.083054836,1298.083063602,0.3541104319999704,0.008305911999968885,0.3425543230000585,0.003135422000013932
469,0,16,0.3583799479999925,0.0023968240000158403,1298.190154468,1298.546137592,1298.190250895,1298.198570874,1298.543153131,1298.543161795,0.35598312399997667,0.008319979000134481,0.34458225699995637,0.002975796999862723
470,0,16,0.3855022210000243,0.002450499000133277,1298.650123819,1299.033175541,1298.650229012,1298.658437172,1299.030101017,1299.030110293,0.383051721999891,0.008208160000094722,0.37166384500005734,0.0030652479999844218
471,1,16,0.38341881400015154,0.0024249430000509165,1299.136156287,1299.517150158,1299.136256277,1299.145016285,1299.514012643,1299.514021205,0.3809938710001006,0.008760008000081143,0.3689963579997766,0.0031289529999867227
472,4,16,0.3958484969998608,0.0024817169996822486,1299.620249037,1300.013615817,1299.620354429,1299.629316456,1300.010435187,1300.010448845,0.39336678000017855,0.00896202700005233,0.38111873100001503,0.0031669720001445967
473,2,16,0.4072313890001169,0.002395588000126736,1300.117355613,1300.522191414,1300.117461922,1300.125953556,1300.518798267,1300.518807134,0.40483580099999017,0.00849163399993813,0.39284471099995244,0.003384279999863793
474,0,16,0.3825752669999929,0.0024415569998836872,1300.62533881,1301.00547252,1300.625444611,1300.634679598,1301.002375674,1301.002384542,0.3801337100001092,0.009234987000127148,0.36769607599990195,0.0030879779999395396
475,0,16,0.3603578480001488,0.002520653000146922,1301.109322091,1301.467159286,1301.109422795,1301.117819127,1301.464145103,1301.464153257,0.3578371950000019,0.008396332000074835,0.3463259759998891,0.0030060290000619716
476,0,16,0.36430017700013195,0.002541547000191713,1301.570372119,1301.932130749,1301.570477512,1301.579577038,1301.929115648,1301.929124414,0.36175862999994024,0.009099525999999969,0.34953861000008146,0.0030063350000091305
477,0,16,0.3641522810000879,0.002421273999971163,1302.035675762,1302.397406769,1302.035778097,1302.044364013,1302.39441552,1302.394424489,0.36173100700011673,0.008585915999901772,0.3500515069999892,0.0029822800001966243
478,0,16,0.3680754480001269,0.0024168900001768634,1302.501407192,1302.86706575,1302.501504736,1302.510833496,1302.863889401,1302.863898065,0.36565855799995006,0.0093287600000167,0.35305590500001927,0.0031676849998802936
479,2,16,0.43126412700007677,0.002503631000081441,1302.970260542,1303.399021038,1302.970363998,1302.979293204,1303.395627484,1303.395636249,0.42876049599999533,0.008929205999947953,0.41633428000000094,0.003384788999937882
480,4,16,0.44500397899992095,0.002608922000035818,1303.502051831,1303.944446888,1303.502160383,1303.51125257,1303.941032336,1303.941041407,0.44239505699988513,0.009092186999851037,0.4297797660001379,0.0034054809998451674
481,0,16,0.3726406539999516,0.0025804839999636897,1304.048235608,1304.418295778,1304.048336312,1304.057487617,1304.415314925,1304.415324404,0.3700601699999879,0.009151305000159482,0.357827307999969,0.002971373999798743
482,1,16,0.3723867530000007,0.002588026000012178,1304.521350727,1304.891149454,1304.521471816,1304.530688048,1304.888095927,1304.888104897,0.3697987269999885,0.00921623199997157,0.35740787899999304,0.003044557000066561
483,0,16,0.40442024500021034,0.0024764170002526953,1304.994187789,1305.396131617,1304.994295321,1305.00303107,1305.39293417,1305.392943343,0.40194382799995765,0.008735748999924908,0.3899031000000832,0.0031882739999673504
484,1,16,0.3824450039999192,0.00235237199990479,1305.500064565,1305.880157197,1305.500163841,1305.509353777,1305.877054542,1305.877063307,0.3800926320000144,0.0091899359999843,0.36770076500010873,0.0030938899999455316
485,3,16,0.39934143100003894,0.002366846000086298,1305.98317902,1306.380153605,1305.983276768,1305.992143901,1306.376924153,1306.376933224,0.39697458499995264,0.008867132999966998,0.3847802519999277,0.0032203810001192323
486,1,16,0.38207633500019256,0.0024512410002444085,1306.483846005,1306.863471099,1306.483951194,1306.494086705,1306.86032543,1306.8603344,0.37962509399994815,0.010135511000044062,0.3662387250001302,0.0031366989999241923
487,0,16,0.3635545810000167,0.0023690600000918494,1306.966468977,1307.327654498,1306.966574901,1306.975263799,1307.324715958,1307.324724827,0.36118552099992485,0.008688897999945766,0.3494521590000659,0.0029296709999471204
488,2,16,0.3987251009998545,0.00244888399993215,1307.431112526,1307.827388743,1307.431216819,1307.440270078,1307.824216845,1307.824225612,0.3962762169999223,0.009053258999983882,0.38394676699999764,0.0031631310000648227
489,1,16,0.3725542149998091,0.00245969099978538,1307.931494343,1308.301588867,1307.931597514,1307.940942649,1308.298510557,1308.298519121,0.37009452400002374,0.009345134999875881,0.3575679080001919,0.0030697459999373677
490,7,16,0.47566123900014645,0.00240423200011719,1308.405506476,1308.878763483,1308.405607812,1308.415462176,1308.875229161,1308.875238438,0.47325700700002926,0.009854363999920679,0.45976698500021485,0.003525045000060345
491,0,16,0.38147881699978825,0.0024868089997198695,1308.982498197,1309.361490205,1308.982602592,1308.991898181,1309.358414239,1309.358423007,0.3789920080000684,0.009295588999975735,0.36651605800011566,0.003067198000053395
492,4,16,0.45646275900003275,0.002369977999933326,1309.464940893,1309.919033674,1309.465044778,1309.474540796,1309.915575813,1309.915584682,0.4540927810000994,0.009496017999936157,0.44103501700010384,0.003448992000130602
493,0,16,0.38180545699992763,0.002379560000008496,1310.022101345,1310.401527242,1310.022201254,1310.031254921,1310.398465346,1310.398474317,0.37942589699991913,0.009053666999989218,0.3672104249999393,0.003052925000019968
494,0,16,0.37477290299989363,0.0025466529998539045,1310.505534055,1310.877760305,1310.505635289,1310.51525028,1310.874623783,1310.874632245,0.3722262500000397,0.00961499099980756,0.3593735030001426,0.003128060000108235
495,1,16,0.37398729400001685,0.0024112660000810138,1310.981831651,1311.353407679,1310.981930031,1310.990718634,1311.350359443,1311.350368313,0.37157602799993583,0.008788602999857176,0.3596408089999841,0.0030393659999390366
496,0,16,0.3640744120000363,0.0024252330001672817,1311.457383398,1311.819032577,1311.45748453,1311.466525454,1311.816075075,1311.816084148,0.36164917899986904,0.00904092399991896,0.34954962100005105,0.0029484289998435997
497,0,16,0.380305706000172,0.002413103000208139,1311.923014515,1312.300907118,1311.92311636,1311.932045549,1312.297745823,1312.297754692,0.37789260299996386,0.008929188999900362,0.36570027400011895,0.0031524260000423965
498,1,16,0.3992369800000688,0.0023629429999800777,1312.40481861,1312.801692647,1312.404919538,1312.413983196,1312.798527784,1312.798555514,0.3968740370000887,0.009063657999831776,0.38454458800015345,0.003137132999881942
499,0,16,0.3808176860000003,0.002441443000179788,1312.905334488,1313.283710731,1312.90543613,1312.914795028,1313.280417821,1313.280426487,0.37837624299982053,0.009358898000073168,0.36562279299982947,0.003284243999814862
500,4,16,0.41669286900014413,0.002819771000304172,1313.386962724,1313.800835822,1313.387076497,1313.396230175,1313.797565544,1313.79757421,0.41387309799983996,0.00915367800007516,0.40133536899998035,0.0032616119999602233
501,0,16,0.3649985669999296,0.0027775639998708357,1313.904287326,1314.266508329,1313.904398143,1313.914078789,1314.263542162,1314.263550929,0.36222100300005877,0.009680646000106208,0.349463372999935,0.0029574000000138767
502,0,16,0.3736869570000181,0.002446234999979424,1314.370295547,1314.741536269,1314.370400655,1314.380028084,1314.738515152,1314.738523919,0.37124072200003866,0.009627429000147458,0.35848706799993124,0.0030123500000627246
503,0,16,0.366860688000088,0.0024087890001283085,1314.844253444,1315.208705343,1314.84435529,1314.853653631,1315.205515911,1315.205524882,0.36445189899995967,0.009298340999976062,0.35186227999997755,0.0031804610000563116
504,3,16,0.3839435269999285,0.002379687999791713,1315.311995182,1315.693559021,1315.312094374,1315.321844334,1315.690463684,1315.690472349,0.3815638390001368,0.009749959999908242,0.3686193500000172,0.0030866720001085923
505,5,16,0.42554896399997233,0.0024510490000011487,1315.797544835,1316.22064275,1315.797647085,1315.806484643,1316.217298567,1316.217307538,0.4230979149999712,0.008837557999868295,0.4108139239999673,0.003335212000138199
506,3,16,0.3992167320000135,0.0023437019999619224,1316.324124041,1316.720997071,1316.32422568,1316.333105341,1316.717802848,1316.717811921,0.3968730300000516,0.008879661000037231,0.38469750700005534,0.003185150000035719
507,0,16,0.36544816600007834,0.0024038490000748425,1316.824683169,1317.187727486,1316.824782055,1316.833827885,1317.184723695,1317.184732462,0.3630443170000035,0.009045829999877242,0.35089581000011094,0.002995024000028934
508,1,16,0.3772295710000435,0.0024153670001396677,1317.291015491,1317.665829695,1317.29111662,1317.300473584,1317.662848331,1317.662857506,0.37481420399990384,0.009356964000062362,0.3623747470001035,0.002972189000047365
509,0,16,0.3578568779998932,0.002369594999890978,1317.769374191,1318.124861474,1317.769473791,1317.778483533,1318.121956671,1318.121965132,0.3554872830000022,0.009009741999989274,0.3434731379998084,0.0028963419999854523
510,1,16,0.4154230330000246,0.0023886579999725654,1318.2288532,1318.641887575,1318.228954329,1318.238327197,1318.638669802,1318.638678468,0.413034375000052,0.009372867999900336,0.4003426050001053,0.00320910699997512
511,1,16,0.3828816740001457,0.0024129220000759233,1318.745777765,1319.126246517,1318.74587818,1318.754987522,1319.123195628,1319.123204497,0.3804687520000698,0.009109341999874232,0.368208106000111,0.003042020000066259
512,0,16,0.358361197000022,0.002394674000015584,1319.230245482,1319.586212005,1319.230345387,1319.23959215,1319.582891371,1319.582900852,0.3559665230000064,0.00924676299996463,0.34329922100005206,0.003311153000140621
513,0,16,0.3571716080000442,0.0024677679998603708,1319.689105689,1320.043809529,1319.689210793,1319.698387113,1320.040695434,1320.040703997,0.35470384000018385,0.009176320000051419,0.3423083210000186,0.003105532000063249
514,6,16,0.4694280670000808,0.002479388999972798,1320.147835407,1320.614784085,1320.147938473,1320.157350997,1320.611216439,1320.611225512,0.466948678000108,0.009412524000026679,0.4538654419998238,0.0035585730001912452
515,2,16,0.4005485330001193,0.0024591020001025754,1320.718846866,1321.116936297,1320.718950544,1320.728072017,1321.113804566,1321.113813435,0.3980894310000167,0.0091214729998228,0.3857325490000676,0.0031228619998273643
516,0,16,0.38062381000008827,0.0025010019999172073,1321.220963908,1321.599086716,1321.221062794,1321.229864162,1321.595750485,1321.595759966,0.37812280800017106,0.00880136799992215,0.36588632300004065,0.0033267500000420114
517,0,16,0.3716022429998702,0.002829262999966886,1321.70215605,1322.07092903,1321.702266966,1321.711794585,1322.067844601,1322.06785398,0.3687729799999033,0.009527618999982224,0.3560500159999265,0.0030750499997793668
518,1,16,0.3878951970000344,0.0025226140000995656,1322.175033711,1322.560406294,1322.175138204,1322.184392715,1322.557219411,1322.55722828,0.3853725829999348,0.009254511000108323,0.37282669599994733,0.003178014000013718
519,0,16,0.3613204979999409,0.0025289049999628332,1322.663287235,1323.022078828,1322.663392339,1322.672496176,1323.019112917,1323.019121783,0.3587915929999781,0.009103837000111525,0.34661674099993434,0.002957045000130165
520,0,16,0.35723923800014745,0.002414026000224112,1323.125419467,1323.480244679,1323.125525461,1323.134308233,1323.47723749,1323.477246255,0.35482521199992334,0.008782771999904071,0.34292925700015076,0.0029984239999976126
521,2,16,0.392622572999926,0.0024223830000664748,1323.583007544,1323.973207734,1323.58310936,1323.592015555,1323.97002117,1323.970030139,0.3902001899998595,0.008906195000008665,0.3780056150001201,0.0031775949998973374
522,0,16,0.36293349200013836,0.0024749740000515885,1324.07698295,1324.437441468,1324.077086906,1324.086137926,1324.434399933,1324.434408698,0.36045851800008677,0.009051020000015342,0.34826200699990295,0.0030327700001180347
523,4,16,0.42272931399998015,0.0025372449999849778,1324.540443433,1324.960635502,1324.540545861,1324.550455233,1324.957252135,1324.9572609,0.42019206899999517,0.009909372000038275,0.4067969019999964,0.0033746020001217403
524,2,16,0.4055985520001286,0.0025798460001169587,1325.063776381,1325.466795087,1325.063877994,1325.073664351,1325.463650717,1325.463660195,0.40301870600001166,0.009786356999939017,0.38998636600013015,0.0031348919999345526
525,0,16,0.38738124299993615,0.0025121730000137177,1325.570812867,1325.955681937,1325.570917842,1325.580093915,1325.952659053,1325.95266792,0.38486906999992243,0.009176072999935059,0.3725651380000272,0.0030140169999413047
526,0,16,0.37999077099993883,0.002447964999873875,1326.059686672,1326.437229478,1326.05979073,1326.071349133,1326.434215868,1326.434224837,0.37754280600006496,0.011558402999980899,0.36286673499989774,0.003004640999961339
527,0,16,0.3738083320001806,0.0027515790002325957,1326.541504091,1326.912560844,1326.541630877,1326.551722784,1326.909314353,1326.909323118,0.371056752999948,0.010091907000060019,0.357591568999851,0.00323772599995209
528,3,16,0.40605983199998263,0.002444195000180116,1327.016313537,1327.419929174,1327.016419327,1327.025593872,1327.416757898,1327.416767173,0.4036156369998025,0.00917454499995074,0.3911640260000695,0.0031620009999642207
529,0,16,0.36002383799996096,0.0024871019998045085,1327.523839432,1327.881376168,1327.52394349,1327.532971782,1327.878310785,1327.878319346,0.35753673600015645,0.009028292000039073,0.3453390029999355,0.0030568220001896407
530,1,16,0.3719472099999166,0.0023820249998607324,1327.985325358,1328.354890543,1327.985426767,1327.994984114,1328.351760544,1328.351769207,0.36956518500005586,0.009557347000054506,0.35677642999985437,0.0031213360000492685
531,2,16,0.39152950399989095,0.0024718140000459243,1328.458920146,1328.847977836,1328.459023083,1328.468021819,1328.844783323,1328.844791884,0.389057689999845,0.008998735999966812,0.37676150400011466,0.003185951999967074
532,0,16,0.3615746210000452,0.002601964000177759,1328.951099759,1329.310072416,1328.9512082,1328.960215191,1329.307143297,1329.307152368,0.35897265699986747,0.00900699099997837,0.3469281059999503,0.0029200479998507944
533,4,16,0.4238436840000759,0.0024324739999883604,1329.413308895,1329.834720105,1329.413410405,1329.423941068,1329.831471983,1329.831481665,0.4214112100000875,0.010530663000054119,0.4075309150000521,0.003238440000131959
534,0,16,0.3629101530000298,0.0024708979999559233,1329.93767845,1330.298117705,1329.937788215,1329.946835668,1330.295173604,1330.295182267,0.3604392550000739,0.009047452999993766,0.3483379360000072,0.0029354380001223035
535,0,16,0.36438796199990975,0.002518288999908691,1330.401272853,1330.763142526,1330.401377319,1330.410882587,1330.760010488,1330.760019355,0.36186967300000106,0.009505268000111755,0.34912790099997437,0.0031231709999701707
536,0,16,0.36320805800005473,0.0024144340002294484,1330.86706165,1331.227855274,1330.867165096,1330.876641827,1331.224738218,1331.224747187,0.3607936239998253,0.009476730999949723,0.34809639100012646,0.003108086999873194
537,2,16,0.39137199800006783,0.0023873300001469033,1331.331932473,1331.720917141,1331.332036327,1331.342256446,1331.717589907,1331.717598875,0.38898466799992093,0.010220118999995975,0.375333461000082,0.003318265999951109
538,0,16,0.36753143500004626,0.0024789660001260927,1331.824537146,1332.189589615,1331.824648136,1331.833998655,1332.186602585,1332.186611554,0.36505246899992017,0.009350519000008717,0.3526039299999866,0.0029780610000216257
539,0,16,0.3579003320000993,0.0023299599999972997,1332.293516599,1332.649086971,1332.293617295,1332.303338085,1332.646123893,1332.646133167,0.355570372000102,0.009720789999846602,0.34278580800014424,0.0029538040000716137
540,0,16,0.35826734199986277,0.0024044639997100603,1332.752959837,1333.108822715,1332.753062469,1332.763040094,1333.105861675,1333.105870236,0.3558628780001527,0.009977624999919499,0.34282158099995286,0.0029524789999868517
541,2,16,0.4110415950001425,0.002343719000236888,1333.21280494,1333.621502816,1333.212903189,1333.222095633,1333.618304305,1333.61831307,0.4086978759999056,0.009192444000063915,0.39620867200005705,0.0031897459998617705
542,0,16,0.370489212999928,0.0023731739997856494,1333.72499471,1334.093110749,1333.725098667,1333.735293175,1334.0899208,1334.089929259,0.36811603900014234,0.01019450799981314,0.3546276250001483,0.0031814900000881607
543,0,16,0.40622482200001286,0.0023741940001400508,1334.19639473,1334.600245358,1334.196494508,1334.206170963,1334.597038185,1334.597047052,0.4038506279998728,0.009676455000089845,0.3908672219999971,0.0031983059998310637
544,2,16,0.4017678210000213,0.0023856080001678492,1334.704129741,1335.103511954,1334.704229519,1334.714481611,1335.100305289,1335.10031436,0.39938221299985344,0.010252092000200719,0.38582367799995154,0.0031975939998574177
545,3,16,0.40160740100009207,0.0023485100000470993,1335.20700079,1335.606259681,1335.207097103,1335.217702037,1335.602986464,1335.602994923,0.39925889100004497,0.010604933999957211,0.3852844269999878,0.0032647579998865695
546,4,16,0.41987223000000995,0.002438708999989103,1335.710244963,1336.127678484,1335.71034148,1335.720424692,1336.12420989,1336.124218756,0.41743352100002085,0.010083212000154163,0.4037851979999232,0.0034597280000525643
547,1,16,0.3667450309999367,0.0024093559998163983,1336.231548395,1336.59588407,1336.231646134,1336.241823316,1336.592743245,1336.592752112,0.3643356750001203,0.010177182000006724,0.3509199290001561,0.0031319580000399583
548,0,16,0.35759763400005795,0.00232415100003891,1336.699828686,1337.055102169,1336.699925407,1336.709757288,1337.052105152,1337.052113815,0.35527348300001904,0.009831881000081921,0.34234786399997574,0.002988354000081017
549,4,16,0.3904725929999131,0.0024077249997844774,1337.159048417,1337.547113285,1337.159152272,1337.169429945,1337.544006705,1337.544015673,0.3880648680001286,0.010277673000018694,0.3745767599998544,0.003097611999919536
550,0,16,0.38438193799993314,0.0024851829998624453,1337.650855593,1338.032752348,1337.650959753,1337.660356341,1338.029516434,1338.029525097,0.3818967550000707,0.009396587999844996,0.36916009300011865,0.0032272509999984322
551,0,16,0.35975789999997687,0.002491602999953102,1338.136824567,1338.494090864,1338.13692832,1338.148226708,1338.490846796,1338.490855357,0.35726629700002377,0.011298388000113846,0.342620087999876,0.0032355069999994157
552,0,16,0.38556460099994183,0.0024609249999230087,1338.596905407,1338.980009083,1338.597008549,1338.607068116,1338.976750032,1338.976758696,0.3831036760000188,0.010059566999871095,0.36968191599999045,0.0032503869999800372
553,0,16,0.3680949419999706,0.002371542999981102,1339.082638236,1339.448361635,1339.082743212,1339.092701167,1339.445079959,1339.445089029,0.3657233989999895,0.00995795500011809,0.352378791999854,0.0032726060001095902
554,0,16,0.358486356999947,0.002484439999989263,1339.551347401,1339.907349318,1339.55145197,1339.561927875,1339.904221242,1339.904229907,0.35600191699995776,0.010475905000021157,0.3422933669999111,0.003119410999943284
555,0,16,0.36763514900007976,0.002493714000138425,1340.011498055,1340.37663949,1340.011601726,1340.022167826,1340.37362742,1340.37363588,0.36514143499994134,0.010566100000005463,0.35145959400006177,0.0030036099999506405
556,2,16,0.40303675900008784,0.0026750620002076175,1340.479695857,1340.880057554,1340.479800446,1340.490343914,1340.876722237,1340.876731106,0.4003616969998802,0.010543468000150824,0.38637832299991715,0.0033264479998251772
557,0,16,0.35940710500017303,0.0023220510001920047,1340.98387438,1341.340959434,1340.983970711,1340.994100923,1341.338002308,1341.338010973,0.35708505399998103,0.010130211999921812,0.343901384999981,0.0029484609999599343
558,4,16,0.49447543299993413,0.0024006450000797486,1341.444643537,1341.936718325,1341.44474364,1341.454698212,1341.933019191,1341.933027958,0.4920747879998544,0.00995457199996963,0.47832097900004555,0.0036903669999901467
559,0,16,0.35858048799991593,0.0024321440000676375,1342.040822005,1342.396970349,1342.040928123,1342.051211037,1342.393971938,1342.393980705,0.3561483439998483,0.010282914000072196,0.34276090100001966,0.002989643999853797
560,0,16,0.35920485900010135,0.0023785240000506747,1342.50091103,1342.857737365,1342.501008891,1342.51168753,1342.854618158,1342.854626924,0.3568263350000507,0.010678638999934265,0.3429306279999764,0.0031104409999898053
561,2,16,0.40234887999986313,0.0023811739997654513,1342.961728709,1343.361696415,1342.96183075,1342.972397052,1343.358333881,1343.358342138,0.3999677060000977,0.010566301999915595,0.38593682900000204,0.0033542770001986355
562,0,16,0.3600301510000463,0.0023809710000932682,1343.465193767,1343.822842947,1343.465291729,1343.476644078,1343.81980315,1343.819811407,0.35764917999995305,0.011352348999935202,0.34315907200016227,0.0030315399999381043
563,2,16,0.37597501999994165,0.0023406039999827044,1343.925555477,1344.299189893,1343.925659759,1343.936329326,1344.296055599,1344.296095966,0.37363441599995895,0.010669567000149982,0.3597262729999784,0.003093927000008989
564,4,16,0.41740087100015444,0.002482296000152928,1344.401893146,1344.816811721,1344.401999468,1344.411762905,1344.813410858,1344.813419625,0.4149185750000015,0.009763436999946862,0.40164795300006517,0.003392095999970479
565,0,16,0.35952035800005433,0.002463439000166545,1344.919792959,1345.276849878,1344.91989765,1344.930381077,1345.273893059,1345.273901622,0.3570569189998878,0.01048342700005378,0.34351198200010913,0.0029482559998541547
566,0,16,0.36008917300000576,0.0023956499999258085,1345.380836024,1345.738529547,1345.380931642,1345.391515784,1345.735232764,1345.73524204,0.35769352300007995,0.010584141999970598,0.34371698000018114,0.003287507000095502
567,0,16,0.3827119110001149,0.0023794410001301003,1345.842569516,1346.222901986,1345.842670333,1345.853181589,1346.219795215,1346.219804084,0.3803324699999848,0.010511256000199865,0.36661362599988934,0.0030979019998085278
568,4,16,0.39852691100008997,0.002370369000118444,1346.326585681,1346.722742223,1346.326683848,1346.337269519,1346.719502831,1346.719511801,0.3961565419999715,0.010585671000171715,0.3822333119999257,0.0032304220001151407
569,0,16,0.3584802830000626,0.0024208290001297428,1346.826749368,1347.182808822,1346.826853141,1346.837344519,1347.179845274,1347.179854143,0.3560594539999329,0.01049137800009703,0.34250075499994637,0.002954678999913085
570,0,16,0.3653524470000775,0.002364457000112452,1347.286298324,1347.649286314,1347.286405869,1347.296139948,1347.64617832,1347.646187087,0.36298798999996507,0.009734079000054408,0.3500383719999718,0.0030992269998932898
571,3,16,0.43562283899996146,0.002461893999907261,1347.753194783,1348.186355728,1347.753296619,1347.763598188,1348.182931175,1348.182939942,0.4331609450000542,0.010301569000148447,0.4193329869999616,0.0034157860000050277
572,0,16,0.3769722689999071,0.0023769519998495525,1348.289525237,1348.664120554,1348.289624931,1348.301180745,1348.661043808,1348.661052574,0.37459531700005755,0.01155581400007577,0.35986306299992066,0.003067979999968884
573,8,16,0.4870863989999634,0.002393262999930812,1348.768101782,1349.252794918,1348.768203005,1348.778731607,1349.249146207,1349.249154974,0.4846931360000326,0.010528602000022147,0.47041459999991275,0.0036399440000423056
574,0,16,0.3678251100000125,0.002311509000037404,1349.355879208,1349.721392809,1349.355978189,1349.366732375,1349.718318917,1349.718327989,0.3655136009999751,0.010754185999985566,0.35158654199995,0.0030648199999632197
575,0,16,0.3647122779998426,0.0024212949997490796,1349.825213895,1350.187504878,1349.825310837,1349.835911609,1350.184482261,1350.184491027,0.36229098300009355,0.01060077200008891,0.3485706520000349,0.0030138510001052055
576,0,16,0.36588362900010907,0.002546167000218702,1350.290789372,1350.654126834,1350.290893449,1350.301297484,1350.65116497,1350.651174145,0.36333746199989037,0.01040403500019238,0.34986748599999373,0.0029526890000397543
577,0,16,0.3744596389999515,0.0025146689997654903,1350.757266272,1351.129211242,1350.757369329,1350.767923415,1351.126173946,1351.126183222,0.371944970000186,0.010554085999956442,0.358250531000067,0.0030280200001016055
578,0,16,0.3668837270001859,0.002378482000267468,1351.233092981,1351.597598226,1351.233194917,1351.243599258,1351.594581929,1351.594591001,0.36450524499991843,0.010404340999912165,0.3509826710001107,0.0030072249999193446
579,3,16,0.3879569339999307,0.0023637009999220027,1351.701557335,1352.087150568,1351.70165713,1351.712279819,1352.083982894,1352.083991355,0.3855932330000087,0.010622689000001628,0.37170307499991395,0.00315921299988986
580,2,16,0.4028621740001199,0.002517115000046033,1352.191320684,1352.591665743,1352.191420582,1352.202012384,1352.588386552,1352.58839542,0.4003450590000739,0.010591801999908057,0.3863741679999748,0.0032703229999242467
581,2,16,0.3959378399999878,0.002434240999946269,1352.695394577,1353.088898176,1352.695495698,1352.706040813,1353.085504102,1353.085513072,0.3935035990000415,0.010545115000013539,0.37946328899988657,0.003385104000017236
582,8,16,0.4671886200001154,0.002484598000137339,1353.192995,1353.657699022,1353.193098058,1353.204609632,1353.654214633,1353.654223603,0.46470402199997807,0.011511573999996472,0.449605001000009,0.0034754190000967355
583,5,16,0.48067745399998785,0.0026078390001202933,1353.761643554,1354.239713169,1353.761750587,1353.77289254,1354.236032145,1354.236041013,0.47806961499986755,0.011141952999878413,0.4631396050001513,0.003672155999993265
584,0,16,0.36897352500000125,0.0025078390001453954,1354.342797663,1354.709263349,1354.342902964,1354.354003836,1354.706156226,1354.706166114,0.36646568599985585,0.011100872000042727,0.35215239000012843,0.003097234999813736
585,0,16,0.3701934989999245,0.002526389999957246,1354.813152529,1355.180819638,1354.813259766,1354.824391322,1355.177762362,1355.177771332,0.36766710899996724,0.011131556000009368,0.35337103999995634,0.0030483059999824036
586,8,16,0.45372618800001874,0.0025467790001130197,1355.28484847,1355.736027879,1355.284954586,1355.297384505,1355.732504448,1355.732513826,0.4511794089999057,0.01242991900016932,0.4351199430000179,0.0035140529998898273
587,0,16,0.37320764700007203,0.002467257000034806,1355.839644991,1356.210385381,1355.839749781,1355.850401726,1356.207295289,1356.207303646,0.3707403900000372,0.010651945000063279,0.3568935630000851,0.0030817350000234
588,2,16,0.4442417650000152,0.0025200939999194816,1356.314344986,1356.756066657,1356.314447408,1356.325202448,1356.752691414,1356.75270028,0.44172167100009574,0.01075504000004912,0.42748896600005537,0.003366377000020293
589,0,16,0.3735136129998864,0.0024903359999370878,1356.859484699,1357.230507976,1356.859589363,1356.870487284,1357.227450802,1357.227459363,0.3710232769999493,0.010897921000150745,0.35696351799992954,0.003048612999918987
590,0,16,0.3646068610000839,0.002436628000168639,1357.334177334,1357.696347567,1357.334281081,1357.345513683,1357.693397401,1357.693406166,0.36217023299991524,0.011232602000063707,0.34788371800004825,0.0029414010000436974
591,1,16,0.386014619999969,0.0024713809998502256,1357.800333771,1358.18387701,1357.800437212,1357.810698281,1358.180806893,1358.180815862,0.3835432390001188,0.01026106900008017,0.37010861199996725,0.003061148000142566
592,0,16,0.3616033949999746,0.0023577479998948547,1358.287721862,1358.646967509,1358.28782408,1358.298005861,1358.643961291,1358.643970158,0.35924564700007977,0.010181781000028423,0.3459554300000036,0.0029973509999763337
593,0,16,0.369559099000071,0.0025033800000073825,1358.751029128,1359.118084847,1358.751135423,1358.761588496,1359.115099827,1359.115108693,0.3670557190000636,0.010453073000007862,0.35351133099993604,0.0029761540001800313
594,0,16,0.36569793700004993,0.0024643479998758266,1359.222110389,1359.585343978,1359.222210773,1359.232705732,1359.582275594,1359.58228446,0.3632335890001741,0.010494959000197923,0.349569861999953,0.00305951800010007
595,0,16,0.3724755319999531,0.002448756000148933,1359.688727675,1360.058754451,1359.688832645,1359.699153435,1360.055582626,1360.055591594,0.37002677599980416,0.010320789999923363,0.35642919099996107,0.0031628570000066247
596,0,16,0.36383283500003927,0.0024849360002008325,1360.162831562,1360.524179461,1360.162939283,1360.173409375,1360.521036681,1360.521045445,0.36134789899983843,0.010470091999877695,0.34762730600004943,0.003134015999876283
597,5,16,0.4369350399999803,0.0024703610001779452,1360.62812806,1361.062592739,1360.628233845,1360.640158637,1361.059023149,1361.05903171,0.43446467899980235,0.011924791999945228,0.4188645120000274,0.0035610289999112865
598,0,16,0.36454938199995013,0.0024805519999517855,1361.165855772,1361.527924602,1361.165960131,1361.176606939,1361.524882613,1361.524891173,0.36206882999999834,0.010646808000046803,0.3482756739999786,0.003033428999970056
599,2,16,0.41596958300010556,0.0025474080000549293,1361.632019751,1362.045441926,1361.632124924,1361.643541784,1362.042151882,1362.042161156,0.41342217500005063,0.01141686000005393,0.39861009800006286,0.003280769999946642
600,3,16,0.39680298400003267,0.0026635879999048484,1362.148476573,1362.542615969,1362.148608855,1362.159400074,1362.539381365,1362.539390232,0.3941393960001278,0.010791218999884222,0.3799812910001492,0.0032257370000934316
601,0,16,0.3733473940001204,0.002495125999985248,1362.646602479,1363.017454747,1362.646708061,1362.658156819,1363.014452606,1363.014461473,0.37085226800013515,0.01144875799991496,0.35629578700013553,0.0029932740001186176
602,0,16,0.37279461999992236,0.0025703369999519055,1363.121535832,1363.491760115,1363.121641618,1363.132837123,1363.488321788,1363.488331266,0.37022428299997046,0.011195504999932382,0.355484664999949,0.0034288490001017635
603,0,16,0.4010027000001628,0.0024680170001829538,1363.595398797,1363.99393348,1363.595505602,1363.606352057,1363.990746979,1363.990755743,0.39853468299997985,0.010846455000091737,0.38439492199995584,0.0031777369999872462
604,0,16,0.36959395299982134,0.0025343619997784117,1364.097965239,1364.46502483,1364.098071126,1364.109044463,1364.461978459,1364.461987529,0.36705959100004293,0.010973336999995809,0.35293399600004705,0.003037300999949366
605,0,16,0.3701721649999854,0.0025026949999755743,1364.567845664,1364.935515134,1364.567948086,1364.578467198,1364.932338933,1364.932348003,0.3676694700000098,0.010519112000110908,0.35387173499998426,0.0031671310000547237
606,0,16,0.3810138829999232,0.0024985649997688597,1365.039026065,1365.417541383,1365.03913328,1365.050028063,1365.414315549,1365.414324518,0.37851531800015437,0.010894782999912422,0.3642874860001939,0.0032168650000130583
607,1,16,0.37347813800010954,0.002500602000282015,1365.52151124,1365.892488776,1365.521618863,1365.53203719,1365.8893405,1365.889349366,0.3709775359998275,0.010418327000024874,0.35730330999990656,0.0031394099999033642
608,1,16,0.3783633620000728,0.002483276000020851,1365.996502457,1366.372382543,1365.996606615,1366.007341084,1366.369276969,1366.369285734,0.37588008600005196,0.01073446899999908,0.36193588500009355,0.003096808999998757
609,0,16,0.3796283399999538,0.002508042999807003,1366.476202788,1366.853323085,1366.476309493,1366.486949589,1366.850065963,1366.850075237,0.3771202970001468,0.010640096000088306,0.36311637399990104,0.003247848000000886
610,0,16,0.37369949899994026,0.0024299759998029913,1366.956880286,1367.328149809,1366.956984953,1366.96856257,1367.325082964,1367.325092136,0.37126952300013727,0.011577616999829843,0.3565203940001993,0.003057673000057548
611,0,16,0.3788383910000448,0.002538413000138462,1367.431108765,1367.807408743,1367.431228822,1367.442240298,1367.804051642,1367.804060509,0.37629997799990633,0.01101147599979413,0.3618113440002162,0.0033482339999864053
612,7,16,0.44839643099999194,0.0025919189999967784,1367.911573565,1368.357378077,1367.911680577,1367.923272666,1368.35385679,1368.353865962,0.44580451199999516,0.011592089000032502,0.43058412400000634,0.003512114999921323
613,0,16,0.3733633809999901,0.002560120999987703,1368.460421929,1368.831225189,1368.46052731,1368.471719686,1368.828148661,1368.828158139,0.3708032600000024,0.011192375999826254,0.3564289749999716,0.0030670500000269385
614,0,16,0.3740105450001465,0.0024719640002786036,1368.935115857,1369.306654438,1368.935220015,1368.946182164,1369.303555285,1369.30356456,0.3715385809998679,0.01096214900007908,0.3573731209999096,0.0030898779998551618
615,4,16,0.44324846699987575,0.002475326999729077,1369.410678107,1369.851451247,1369.410781551,1369.422002158,1369.848034627,1369.848043596,0.44077314000014667,0.011220607000041127,0.4260324690001198,0.003407651000088663
616,0,16,0.3720554980000088,0.0024849080000421964,1369.954811343,1370.324381933,1369.954912851,1369.965412914,1370.32127055,1370.321279417,0.3695705899999666,0.010500062999881266,0.3558576360001098,0.003102516000126343
617,0,16,0.3717179530001431,0.0024834810001266305,1370.428346491,1370.797580963,1370.428458904,1370.438851344,1370.794409756,1370.79441903,0.36923447200001647,0.010392440000032366,0.35555841199993665,0.003161933000001227
618,3,16,0.4110361929999726,0.002621473999852242,1370.90155612,1371.309970839,1370.901657526,1370.913124157,1371.306666224,1371.306675396,0.4084147190001204,0.011466631000075722,0.3935420669999985,0.0032954430000700086
619,0,16,0.3665134269999726,0.0024410840001110046,1371.413096529,1371.777168872,1371.413203948,1371.42444769,1371.774113441,1371.774122715,0.3640723429998616,0.011243742000033308,0.349665750999975,0.003046156999971572
620,0,16,0.36697520699999586,0.002527202999999645,1371.880697128,1372.245145132,1371.880800165,1371.891433738,1372.242107944,1372.24211732,0.3644480039999962,0.010633572999950047,0.35067420600012156,0.003027812000027552
621,0,16,0.3701511010001468,0.002492856000117172,1372.348774795,1372.71643304,1372.34887987,1372.360857914,1372.71345537,1372.713464543,0.36765824500002964,0.011978043999988586,0.35259745600001224,0.002968496999983472
622,0,16,0.3749855440000829,0.002646822000087923,1372.820598678,1373.1929374,1372.820704791,1372.832075137,1373.189911791,1373.189921067,0.37233872199999496,0.011370345999921483,0.35783665400003883,0.0030163330000050337
623,1,16,0.3773331889999554,0.002485459999888917,1373.29697781,1373.671825539,1373.297083413,1373.308405137,1373.668731838,1373.668741012,0.37484772900006647,0.01132172399979936,0.36032670100007635,0.003084527000055459
624,0,16,0.37559765900005004,0.0025479460000497056,1373.775841484,1374.148891197,1373.775948413,1373.787156276,1374.145791889,1374.145801369,0.37304971300000034,0.011207862999981444,0.35863561300016045,0.0030898279999291844
625,0,16,0.37720067500004006,0.0025013619999754155,1374.253018353,1374.627717666,1374.253122937,1374.264670547,1374.624607043,1374.624616014,0.37469931300006465,0.011547609999979613,0.35993649600004574,0.003101652000168542
626,1,16,0.38555315899998277,0.002470068000093306,1374.731739217,1375.114822308,1374.731845535,1374.742730165,1375.11147,1375.111479786,0.38308309099988946,0.01088462999996409,0.36873983500004215,0.003342521999911696
627,0,16,0.37045640699989235,0.0025195059997713543,1375.217711371,1375.585648272,1375.217819116,1375.229531859,1375.582586272,1375.58259565,0.367936901000121,0.011712742999861803,0.353054413000109,0.003052622000041083
628,0,16,0.36788929599993025,0.002536222999879101,1375.689149246,1376.054502319,1375.689255257,1375.70129898,1376.050944817,1376.050953176,0.36535307300005115,0.012043723000033424,0.3496458370000255,0.00354914300010023
629,1,16,0.3799905110001873,0.0026459040002464462,1376.158682276,1376.536026883,1376.15878788,1376.170384316,1376.532389974,1376.532398944,0.3773446069999409,0.011596435999990717,0.3620056579998163,0.003627938999898106
630,1,16,0.4001910039999075,0.002421343999913006,1376.63999604,1377.0377657,1376.640139563,1376.652441893,1377.034532145,1377.034540912,0.3977696599999945,0.012302330000011352,0.3820902519998981,0.0032247879998976714
631,6,16,0.4746355489999132,0.0024581430000125692,1377.141813653,1377.613991059,1377.141920276,1377.152916422,1377.610450683,1377.610459347,0.47217740599990066,0.010996146000024964,0.4575342609998643,0.003531712000039988
632,0,16,0.3779949460001717,0.002398409000079482,1377.717735962,1378.093332499,1377.717838508,1377.729034852,1378.090107405,1378.090116273,0.3755965370000922,0.011196343999927194,0.3610725529999854,0.0032162260001769027
633,3,16,0.40571858699991026,0.0025356119999742077,1378.197390136,1378.600573111,1378.197496045,1378.20885263,1378.59734771,1378.597356579,0.40318297499993605,0.01135658499993042,0.3884950799999842,0.003216531999896688
634,0,16,0.40577862600002845,0.002454574000012144,1378.704465614,1379.107789666,1378.704569485,1378.717010649,1379.104540209,1379.104549281,0.4033240520000163,0.012441163999937999,0.38752956000007543,0.0032403850000264356
635,0,16,0.3768268830001489,0.0025037060001977807,1379.211490634,1379.585813811,1379.211595321,1379.222791054,1379.582630917,1379.582639785,0.3743231769999511,0.011195733000022301,0.35983986299993376,0.0031740259998969123
636,0,16,0.37745785499987505,0.0024786309998034994,1379.689888674,1380.064867898,1379.68999336,1379.702451445,1380.06180702,1380.061816092,0.37497922400007155,0.012458084999934727,0.35935557500010873,0.0030518060000304104
637,2,16,0.41390134999983275,0.002508598999838796,1380.168925127,1380.580317878,1380.169027774,1380.180939697,1380.577039166,1380.577052315,0.41139275099999395,0.011911923000070601,0.39609946900009163,0.0032655630000135716
638,0,16,0.37436201700006677,0.0025229469999885623,1380.684252174,1381.056091244,1380.68435635,1380.695707329,1381.053075197,1381.053084473,0.3718390700000782,0.01135097900009896,0.357367867999983,0.003006771000173103
639,0,16,0.37474216700002216,0.0025124040000719106,1381.160179976,1381.532409739,1381.160286494,1381.171576921,1381.529297265,1381.529306337,0.37222976299995025,0.011290426999948977,0.3577203439999721,0.0031034020000788587
640,0,16,0.37638275199992677,0.0026121949999833305,1381.636283192,1382.010053749,1381.636388283,1381.648857138,1382.006902236,1382.006911409,0.37377055699994344,0.012468854999951873,0.3580450980000478,0.003142340000067634
641,0,16,0.3748458309999023,0.002504554999859465,1382.114032192,1382.486373468,1382.114138302,1382.125352586,1382.483070994,1382.483079658,0.37234127600004285,0.011214284000061525,0.35771840799998245,0.0032938100000592385
642,4,16,0.47554952500013314,0.0025822270001754077,1382.590524684,1383.063491982,1382.590633139,1382.602104697,1383.059820211,1383.059829384,0.47296729799995774,0.011471558000039295,0.45771551400002863,0.003662597999891659
643,1,16,0.39284058900011587,0.002464700000018638,1383.167280322,1383.557656211,1383.167384904,1383.179154204,1383.554444762,1383.554454139,0.39037588900009723,0.011769299999969007,0.3752905579999606,0.0032020720000218716
644,0,16,0.37150024000015947,0.0025317710001218074,1383.661394707,1384.030363176,1383.661507953,1383.672252129,1384.027172929,1384.027181797,0.36896846900003766,0.010744176000116568,0.3549207999999453,0.003181379000125162
645,0,16,0.37705570299999636,0.002550935000044774,1384.134389221,1384.508893989,1384.134495535,1384.146299594,1384.505490196,1384.505500083,0.3745047679999516,0.011804059000041889,0.3591906019998987,0.0033939059999283927
646,0,16,0.3741143719998945,0.00257040299993605,1384.612018451,1384.98356242,1384.612124664,1384.624473749,1384.98047655,1384.98048552,0.37154396899995845,0.012349084999868865,0.3560028010001588,0.0030768999999963853
647,4,16,0.3955772409999554,0.002478051999787567,1385.087514462,1385.480613651,1385.087623019,1385.098617539,1385.477368462,1385.477377636,0.3930991890001678,0.01099452000016754,0.37875092299987045,0.0032360150000840804
648,0,16,0.3726880459998938,0.0024633739999444515,1385.583412849,1385.953637521,1385.583520081,1385.594443555,1385.950526779,1385.950535851,0.37022467199994935,0.010923474000037459,0.3560832240000309,0.003101669999978185
649,3,16,0.40255658299997776,0.002506797000023653,1386.057618715,1386.457668501,1386.057722889,1386.068804968,1386.454457052,1386.454466226,0.4000497859999541,0.01108207900006164,0.38565208399995754,0.0032022749999214284
650,0,16,0.3860180169999694,0.002495482999847809,1386.56155969,1386.945082224,1386.561665087,1386.573243368,1386.941847738,1386.94185681,0.3835225340001216,0.011578281000083734,0.36860436999995727,0.003225414000098681
651,4,16,0.4424026720000711,0.0026741700000911806,1387.049331091,1387.489059593,1387.049441992,1387.06111568,1387.485599941,1387.485608911,0.4397285019999799,0.011673687999973481,0.42448426099986136,0.0034506819999933214
652,5,16,0.47617732100002286,0.0025396210000963038,1387.593013572,1388.066651272,1387.59312009,1387.605750099,1388.062887253,1388.062896427,0.47363769999992655,0.012630009000076825,0.4571371540000655,0.0037548450000031153
653,0,16,0.37483431300006487,0.0024595019999651413,1388.170561829,1388.54293664,1388.170669774,1388.182225324,1388.539790631,1388.539802353,0.3723748110000997,0.011555549999911818,0.3575653069999589,0.0031342870001935808
654,0,16,0.37526120100005755,0.0025152579999030422,1388.646889192,1389.019635135,1388.646996628,1388.658773063,1389.016401057,1389.016410537,0.3727459430001545,0.011776435000001584,0.3576279940000404,0.003224598000088008
655,0,16,0.36867983100000856,0.002542215000175929,1389.123655133,1389.489792749,1389.123759488,1389.13539522,1389.486662827,1389.486671591,0.36613761599983263,0.011635732000058852,0.3512676069999543,0.0031211579998853267
656,0,16,0.4001833810000335,0.002501043999927788,1389.59334056,1389.991022897,1389.593443284,1389.604187723,1389.987606509,1389.987615477,0.3976823370001057,0.010744439000063721,0.3834187859999929,0.00340742000003047
657,0,16,0.40263459000016155,0.002509706000182632,1390.094983846,1390.49510873,1390.095088913,1390.106450002,1390.491563938,1390.491573823,0.4001248839999789,0.011361089000047286,0.38511393599992516,0.0035349070001302607
658,0,16,0.3759588650000296,0.0024454020001485333,1390.598476672,1390.971990135,1390.598582963,1390.610156837,1390.968812622,1390.968821488,0.3735134629998811,0.011573874000077922,0.35865578500011,0.0031686469999385736
659,0,16,0.3710497189999842,0.0024208419999922626,1391.075857837,1391.444486714,1391.075960561,1391.087908135,1391.441237661,1391.441247546,0.3686288769999919,0.011947573999805172,0.3533295260001523,0.0032391679999363987
660,0,16,0.374587173000009,0.0025569909998921503,1391.548549062,1391.920579244,1391.548655455,1391.561639949,1391.917067775,1391.91707654,0.37203018200011684,0.012984493999965707,0.3554278260000956,0.0035027040000841225
661,3,16,0.3992351200001849,0.002519387000347706,1392.024547122,1392.421262855,1392.024654738,1392.036097354,1392.41803296,1392.41804254,0.3967157329998372,0.011442616000067574,0.38193560599984266,0.003220314999907714
662,0,16,0.3641771989998688,0.002486267999984193,1392.524241302,1392.885932233,1392.524346777,1392.536155551,1392.88278998,1392.882799152,0.3616909309998846,0.011808774000201083,0.3466344290000052,0.0031330809999872145
663,0,16,0.3739577849999023,0.002461705999849073,1392.98965604,1393.361152119,1392.989763554,1393.00124408,1393.357892874,1393.357902352,0.3714960790000532,0.011480526000013924,0.3566487939999661,0.003249766999942949
664,0,16,0.36375621299998784,0.0024867760000688577,1393.465074138,1393.826343575,1393.465179002,1393.476685005,1393.822981913,1393.822990881,0.361269436999919,0.011506003000022247,0.34629690799988566,0.0033526940001138428
665,0,16,0.4062719170001401,0.002447644000085347,1393.930216475,1394.334040748,1393.930322358,1393.941948206,1394.330705378,1394.330714346,0.40382427300005475,0.011625847999994221,0.3887571719999414,0.003326402000084272
666,0,16,0.3672224350000306,0.0024839239999892015,1394.43779044,1394.802528951,1394.437893775,1394.450103865,1394.799385679,1394.799394443,0.3647385110000414,0.012210090000053242,0.3492818139998235,0.003134508000130154
667,0,16,0.3653488429999925,0.002525297999909526,1394.906323381,1395.269146926,1394.906436194,1394.918474772,1395.26594312,1395.265952292,0.36282354500008296,0.012038578000101552,0.347468347999893,0.00319463400001041
668,1,16,0.4135513579999497,0.0025226489999568003,1395.372347636,1395.783376345,1395.372458818,1395.384208587,1395.779984823,1395.779993893,0.4110287089999929,0.01174976900006186,0.3957762359998469,0.0033824520000962366
669,1,16,0.3787634939999407,0.0024742410000726522,1395.887272072,1396.263561325,1395.887379892,1395.898693389,1396.260349978,1396.260358844,0.37628925299986804,0.011313497000173811,0.36165658899994924,0.0032024810000166326
670,0,16,0.3631383409999671,0.002681522999864683,1396.366575541,1396.727032359,1396.366678979,1396.37823777,1396.723979683,1396.723989059,0.36045681800010243,0.01155879099997037,0.34574191299998347,0.0030433000001721666
671,0,16,0.38936322400013523,0.0025517950000448764,1396.830897003,1397.217708432,1396.831002989,1396.842702312,1397.214498512,1397.214507174,0.38681142900009036,0.01169932300012988,0.3717962000000625,0.003201258000217422
672,0,16,0.3724105050000617,0.002490852000164523,1397.321533842,1397.691453495,1397.321638401,1397.333051667,1397.688280873,1397.688289637,0.36991965299989715,0.011413266000090516,0.3552292059998763,0.0031638579998798377
673,1,16,0.3806606929999816,0.002497671000128321,1397.794848166,1398.173011188,1397.794953289,1397.807383222,1398.169784077,1398.169792846,0.3781630219998533,0.012429933000021265,0.3624008550000326,0.0032183419998546015
674,0,16,0.37320713799999794,0.002485435999915353,1398.276361522,1398.647083224,1398.276468073,1398.288416335,1398.643958178,1398.643967253,0.3707217020000826,0.011948262000032628,0.35554184300008274,0.003115970999942874
675,4,16,0.39626175900002636,0.0025910679999014974,1398.751258026,1399.144928717,1398.751360499,1398.763255639,1399.141568647,1399.14157762,0.39367069100012486,0.01189513999997871,0.3783130080000774,0.0033510970001771057
676,2,16,0.4113773830001719,0.002534889000116891,1399.248616649,1399.657459143,1399.248722689,1399.261042299,1399.653882404,1399.65389209,0.408842494000055,0.012319610000076864,0.3928401049997774,0.0035670530000970757
677,0,16,0.3658333170001242,0.002489310000100886,1399.76156767,1400.124911677,1399.761672895,1399.7740546,1400.121719642,1400.121728309,0.36334400700002334,0.012381705000052534,0.3476650420000169,0.003183368000009068
678,0,16,0.39264576400000806,0.0024220150000928697,1400.228904986,1400.619128735,1400.229006235,1400.241271907,1400.615832698,1400.615841671,0.3902237489999152,0.012265672000012273,0.3745607910000217,0.0032870640000055573
679,5,16,0.4093253889998323,0.0024741180000091845,1400.722835122,1401.129686393,1400.722954214,1400.734682238,1401.126302464,1401.126310825,0.4068512709998231,0.011728023999921788,0.39162022599998636,0.003375567999910345
680,1,16,0.3893167930000345,0.0025323390000266954,1401.233693365,1401.620477819,1401.233798284,1401.246648098,1401.617216959,1401.617226034,0.3867844540000078,0.012849813999991966,0.37056886100003794,0.003251784999974916
681,3,16,0.40457332800019685,0.0024134500001764536,1401.723964579,1402.126124457,1401.724067051,1401.736912277,1402.122738081,1402.12274685,0.4021598780000204,0.012845226000081311,0.38582580399997823,0.003377606999947602
682,1,16,0.39376215099991896,0.0025993290000769775,1402.230273565,1402.621436387,1402.230384602,1402.243184046,1402.618234563,1402.618243332,0.391162821999842,0.012799443999938376,0.3750505170000906,0.0031930549998833158
683,0,16,0.3770504079998318,0.0023660379997636483,1402.724914378,1403.099598748,1402.725017564,1402.737318515,1403.096444744,1403.096453309,0.37468437000006816,0.012300951000042915,0.3591262290001396,0.0031454390000362764
684,4,16,0.4326890589998129,0.0024560719998589775,1403.202232796,1403.632465783,1403.202336798,1403.215119623,1403.629088176,1403.629097251,0.43023298699995394,0.012782824999931108,0.4139685530001316,0.003368531999967672
685,0,16,0.40117369700010386,0.0025144960002307926,1403.736291161,1404.134950362,1403.736396182,1403.748582425,1404.131631282,1404.13164005,0.39865920099987306,0.012186243000087416,0.38304885699994884,0.003310311999939586
686,1,16,0.3821198780001396,0.00244108300012158,1404.238945303,1404.618624098,1404.239047571,1404.251574267,1404.615469279,1404.615477844,0.379678795000018,0.012526696000122683,0.36389501200005725,0.0031462540000575245
687,1,16,0.40028713300011987,0.0024879840000266995,1404.722340375,1405.120139524,1404.722445601,1404.734744308,1405.116581647,1405.116590518,0.39779914900009317,0.012298707000127251,0.38183733899995786,0.003549005999957444
688,7,16,0.4467490650001764,0.0024830920001477352,1405.224034338,1405.668300311,1405.224138339,1405.236456623,1405.66461335,1405.664622119,0.4442659730000287,0.012318284000002677,0.42815672699998686,0.0036781920000521495
689,2,16,0.4115091559999655,0.002444839999952819,1405.772339197,1406.181403513,1405.77244585,1405.783762353,1406.177920082,1406.177929058,0.4090643160000127,0.011316502999989098,0.39415772899997137,0.0034744550000596064
690,0,16,0.3724034459999075,0.0024596910000127536,1406.285325644,1406.655269399,1406.285431425,1406.297403357,1406.652038434,1406.652047207,0.36994375499989474,0.011971931999823937,0.35463507700001173,0.0032221920000665705
691,3,16,0.40515794799989635,0.0025278319999415544,1406.758984966,1407.161615082,1406.759089829,1406.770518064,1407.158217846,1407.15822672,0.4026301159999548,0.011428235000039422,0.38769978200002697,0.0033883620001233794
692,2,16,0.43031130700001086,0.0025019229999543313,1407.264450942,1407.692260326,1407.264554784,1407.277289014,1407.688813923,1407.688823001,0.4278093840000565,0.012734229999978197,0.41152490900003613,0.0034373250000498956
693,0,16,0.3789274979999391,0.002498861999811197,1407.796078614,1408.17250725,1407.796182865,1407.808306277,1408.16928771,1408.169296687,0.3764286360001279,0.012123411999937161,0.3609814330000063,0.0032105630000387464
694,0,16,0.39767217500002516,0.00240705600003821,1408.275428592,1408.670693711,1408.275531721,1408.287667782,1408.667419903,1408.667435918,0.39526511899998695,0.01213606099986464,0.3797521210001378,0.003257793000102538
695,0,16,0.37770586399983586,0.002487742999846887,1408.774455079,1409.1496732,1408.774556168,1408.78757877,1409.146563929,1409.146573008,0.37521812099998897,0.013022602000091865,0.3589851589999853,0.003100192000147217
696,0,16,0.3706795300001886,0.002396651000253769,1409.252328814,1409.620611693,1409.252432249,1409.26481333,1409.617479165,1409.617487937,0.36828287899993484,0.012381080999830374,0.3526658350001526,0.0031237559999226505
697,0,16,0.37131146299998363,0.002462139000044772,1409.723735008,1410.092584332,1409.723839463,1409.736163829,1410.089457312,1410.08946639,0.36884932399993886,0.012324365999802467,0.35329348300001584,0.003117941999789764
698,0,16,0.37093373100015015,0.002523344000110228,1410.196317546,1410.564727933,1410.196423123,1410.208556939,1410.561619683,1410.561628659,0.3684103870000399,0.012133815999959552,0.35306274399999893,0.003099274000078367
699,0,16,0.396624157000133,0.0024337820000255306,1410.667620407,1411.061810782,1410.667725372,1410.679732496,1411.058421809,1411.058430887,0.39419037500010745,0.012007124000092517,0.3786893129999953,0.0033798950000800687
700,2,16,0.4048011279999173,0.0024230710000665567,1411.1654527,1411.567830757,1411.165557869,1411.177685566,1411.564436989,1411.564445966,0.40237805699985074,0.012127697000096305,0.38675142299985055,0.0033847909999167314
701,0,16,0.3720422389999385,0.0024663199999395147,1411.670989978,1412.040565897,1411.671094229,1411.684186503,1412.037464378,1412.037473049,0.369575918999999,0.013092274000200632,0.3532778750000034,0.0030928480000511627
702,0,16,0.3738658160000341,0.002300866000041424,1412.144394385,1412.515959335,1412.144491598,1412.156363359,1412.512892703,1412.51290168,0.3715649499999927,0.011871760999838443,0.3565293440001369,0.0030576550000205316
703,6,16,0.459483328000033,0.0024079739998796867,1412.619997243,1413.077072597,1412.620132606,1412.632402602,1413.073521535,1413.073530001,0.4570753540001533,0.01226999599998635,0.44111893300009797,0.003542595999988407
704,0,16,0.36919992100001764,0.002465914000140401,1413.180920467,1413.547654474,1413.181027472,1413.193506888,1413.544266623,1413.544275702,0.36673400699987724,0.012479415999905541,0.3507597350001106,0.003378771999905439
705,0,16,0.36932816900002763,0.0024212600001192186,1413.651793472,1414.018700381,1413.651894968,1413.664831477,1414.01541576,1414.015425145,0.3669069089999084,0.012936508999928265,0.3505842829999892,0.0032752359998085012
706,0,16,0.37037415700001475,0.0024185790000501584,1414.122746952,1414.49070253,1414.122850747,1414.136594267,1414.487429326,1414.487438401,0.3679555779999646,0.013743519999934506,0.3508350590000191,0.00326412899994466
707,0,16,0.3678143639999689,0.0024499839998952666,1414.593676457,1414.959040837,1414.593780557,1414.605517821,1414.955780888,1414.955789759,0.36536438000007365,0.011737263999975767,0.3502630670000144,0.003251077999948393
708,2,16,0.378860953999947,0.0023804459999610117,1415.062642426,1415.439122934,1415.062744794,1415.074003256,1415.435979423,1415.435988905,0.376480507999986,0.011258461999887004,0.36197616699996615,0.0031340289999661763
709,0,16,0.36118383999996695,0.00240654899994297,1415.543096981,1415.901874272,1415.54320047,1415.555655222,1415.898608104,1415.89861677,0.358777291000024,0.012454751999939617,0.3429528819999632,0.003257501999996748
710,7,16,0.4499130140000034,0.002380955000035101,1416.005699458,1416.453231517,1416.005799277,1416.017563968,1416.44953875,1416.449548436,0.4475320589999683,0.011764691000053062,0.4319747819999975,0.00368308099996284
711,0,16,0.40105211800005236,0.002480673000036404,1416.557239618,1416.955811063,1416.557342393,1416.569253906,1416.951969028,1416.951977899,0.39857144500001596,0.011911513000086416,0.3827151219998086,0.00383316400007061
712,0,16,0.37290795100011565,0.002467112000203997,1417.059838333,1417.430279172,1417.059946614,1417.072989774,1417.426994651,1417.427004031,0.37044083899991165,0.013043160000052012,0.35400487700007943,0.0032751409999036696
713,4,16,0.4035058739998476,0.0025204379999195226,1417.534225894,1417.93521133,1417.534331218,1417.546614678,1417.931779172,1417.931787941,0.4009854359999281,0.012283459999935076,0.38516449400003694,0.003423388999863164
714,0,16,0.368752491999885,0.002446617999794398,1418.039230953,1418.405536827,1418.03933383,1418.052053575,1418.402252102,1418.402261075,0.3663058740000906,0.012719744999913019,0.350198526999975,0.0032757520000359364
715,1,16,0.4240075699999579,0.002576309999994919,1418.509379754,1418.930811014,1418.5094862,1418.522014567,1418.927390581,1418.927399553,0.421431259999963,0.012528366999958962,0.4053760140000122,0.003411461000041527
716,0,16,0.3968716790000144,0.0024661940001351468,1419.034588789,1419.428994274,1419.034693603,1419.047262346,1419.425720255,1419.425729227,0.39440548499987926,0.012568742999974347,0.37845790899996246,0.00326504700001351
717,1,16,0.41240305799988164,0.0024777159999302967,1419.531892955,1419.941818297,1419.531997259,1419.544278681,1419.938419887,1419.938429165,0.40992534199995134,0.012281421999887243,0.39414120600008573,0.003389132000165773
718,0,16,0.3722626500000388,0.0025470489999861456,1420.045864531,1420.415580132,1420.045968428,1420.059400869,1420.412398488,1420.41240746,0.36971560100005263,0.013432441000077233,0.35299761900000703,0.003172672000118837
719,3,16,0.43057916200018553,0.00250901800018255,1420.518586176,1420.94665632,1420.518692724,1420.531146864,1420.943100791,1420.943109559,0.428070144000003,0.0124541400000453,0.4119539270000132,0.0035467610000523564
720,0,16,0.37122460099999444,0.002566012999977829,1421.050877007,1421.419535595,1421.050982841,1421.064248578,1421.416399221,1421.416408397,0.3686585880000166,0.013265736999983346,0.352150642999959,0.003127198000129283
721,0,16,0.36864665900020555,0.0025189080001837283,1421.523444795,1421.889572546,1421.523551241,1421.53585907,1421.886477772,1421.886486948,0.3661277510000218,0.012307829000064885,0.35061870200001977,0.003085597999870515
722,0,16,0.370075326999995,0.0025034169998434663,1421.992995808,1422.360567718,1421.993104395,1422.005315362,1422.356891034,1422.356899999,0.36757191000015155,0.012210966999873563,0.3515756720000809,0.0036677190000773408
723,0,16,0.388067552999928,0.002526853999825107,1422.464107822,1422.849648521,1422.46421276,1422.476193566,1422.846407277,1422.846416141,0.3855406990001029,0.01198080599988316,0.3702137110001331,0.0032323800000995107
724,0,16,0.3693275490002179,0.002522983000289969,1422.952587425,1423.319391991,1422.952692363,1422.96479991,1423.315851828,1423.315861405,0.36680456599992795,0.01210754699991412,0.3510519179999392,0.0035305859998970845
725,0,16,0.3702677080000285,0.0025219640001523658,1423.422841727,1423.790587471,1423.422944016,1423.435125121,1423.786830708,1423.786839979,0.36774574399987614,0.012181105000081516,0.35170558699996946,0.0037474920000022394
726,0,16,0.37915713699999287,0.002487834000021394,1423.894304848,1424.270974151,1423.894410906,1423.906695522,1424.267524763,1424.267535461,0.3766693029999715,0.012284615999988091,0.3608292409999194,0.0034386899999390153
727,0,16,0.37831498700006705,0.00255385200011915,1424.373818407,1424.749579542,1424.373928439,1424.386550383,1424.746408698,1424.746417663,0.3757611349999479,0.01262194399987493,0.35985831500011045,0.0031618789998901775
728,0,16,0.3695889759999318,0.0025464160000865377,1424.85303967,1425.22008223,1424.853143283,1424.865262036,1425.216771706,1425.216780672,0.36704255999984525,0.01211875300009524,0.3515096699998139,0.0033015579999755573
729,0,16,0.3980277529999512,0.0025220659999831696,1425.324112688,1425.719618375,1425.324220682,1425.337288763,1425.716330061,1425.716339434,0.395505686999968,0.013068081000028542,0.37904129799994735,0.0032789409999622876
730,1,16,0.3822729649998564,0.002512080999849786,1425.822408532,1426.202169416,1425.822514692,1425.834966495,1426.198881612,1426.198890476,0.3797608840000066,0.01245180299997628,0.3639151170000332,0.003278939999972863
731,4,16,0.44814998100014236,0.0024647080001614086,1426.30608047,1426.751765743,1426.306185407,1426.319161184,1426.748138675,1426.748147539,0.44568527299998095,0.012975777000065136,0.42897749100006877,0.00361820400007673
732,0,16,0.366299644000037,0.002407042000186266,1426.855429938,1427.21932254,1426.855535182,1426.868381366,1427.216073349,1427.216082314,0.36389260199985074,0.012846183999954519,0.34769198300000426,0.003240225999888935
733,0,16,0.3630134690001796,0.002439440000216564,1427.323099619,1427.683673648,1427.323202112,1427.335494776,1427.680504841,1427.680514113,0.36057402899996305,0.012292663999915021,0.34501006499999676,0.003159534999895186
734,2,16,0.4059098840000388,0.0026065250001465756,1427.787692797,1428.190996156,1427.787798958,1427.800457579,1428.187631737,1428.187640703,0.4033033589998922,0.012658621000127823,0.38717415799987975,0.003355453000040143
735,0,16,0.3675117230000069,0.0023999110001113877,1428.29451782,1428.659629632,1428.294618988,1428.307239913,1428.656433215,1428.656442282,0.3651118119998955,0.012620925000192074,0.3491933020000033,0.0031873499999619526
736,0,16,0.38126841799999056,0.0024499339999692893,1428.763455614,1429.142274098,1428.763561876,1428.776513915,1429.138390901,1429.138399867,0.37881848400002127,0.012952038999856086,0.3618769860001976,0.0038742309998269775
737,0,16,0.391285365000158,0.0024400520001108816,1429.246146641,1429.634991954,1429.246253412,1429.258415159,1429.631572214,1429.631581383,0.3888453130000471,0.01216174699993644,0.37315705500009244,0.0034105710001313128
738,0,16,0.39904707300001974,0.0025002630000017234,1429.738959857,1430.135506667,1429.739066832,1429.752270925,1430.132022436,1430.132031809,0.396546810000018,0.013204093000013017,0.37975151099999493,0.0034748580001178198
739,0,16,0.3757075459998305,0.002559761999918919,1430.23912797,1430.612275754,1430.239237696,1430.251763974,1430.609007714,1430.609017087,0.37314778399991155,0.012526277999995727,0.3572437400000581,0.0032586669999545848
740,2,16,0.43379681999999775,0.002548457999864695,1430.715750552,1431.146998914,1430.715855897,1430.728706361,1431.143473363,1431.143482345,0.43124836200013306,0.012850463999939166,0.4147670020001897,0.003516569000112213
741,5,16,0.44980693299999075,0.0026123689999622,1431.251287948,1431.698482512,1431.251394301,1431.264257633,1431.69488531,1431.6948947,0.44719456400002855,0.012863332000051741,0.430627677000075,0.00358781199997793
742,0,16,0.3780265190000591,0.0024686620001830306,1431.802663458,1432.178221315,1431.802772158,1431.815618751,1432.174922758,1432.174931842,0.3755578569998761,0.012846593000176654,0.35930400699999154,0.0032894729999952688
743,4,16,0.4152764959999331,0.002519796999877144,1432.282422267,1432.695178966,1432.282529334,1432.295284272,1432.691708836,1432.69171741,0.41275669900005596,0.01275493799994365,0.3964245640001991,0.0034615560000474943
744,13,16,0.5671833330000027,0.002526125000031243,1432.799341541,1433.363998749,1432.799446872,1432.813122851,1433.359697397,1433.359706073,0.5646572079999714,0.013675978999799554,0.5465745460001017,0.004292675999977291
745,4,16,0.4526024089998373,0.002603183999781322,1433.468226034,1433.918225259,1433.468330957,1433.481252365,1433.914621831,1433.914631017,0.44999922500005596,0.01292140800001107,0.433369465999931,0.0035942420001902065
746,0,16,0.37685500899988256,0.0024284479998186725,1434.022408451,1434.396835012,1434.02251266,1434.034965076,1434.393564115,1434.393574424,0.3744265610000639,0.012452415999860023,0.35859903899995516,0.003260588000102871
747,4,16,0.45994021300020904,0.0025747070001216343,1434.50085939,1434.958224896,1434.500966049,1434.514185896,1434.954397945,1434.954406825,0.4573655060000874,0.01321984700007306,0.4402120489999106,0.0038180710000688123
748,0,16,0.4111797850000585,0.002529901000116297,1435.062476778,1435.471126662,1435.062580681,1435.076012315,1435.467676129,1435.467685417,0.4086498839999422,0.013431633999971382,0.39166381399991224,0.003441244999976334
749,0,16,0.3860897039999145,0.0025021389999437815,1435.575108071,1435.958695636,1435.575216566,1435.587720832,1435.95528205,1435.955291134,0.3835875649999707,0.012504265999950803,0.36756121799999164,0.0034045019999666692
750,2,16,0.41345656299995426,0.002530921000015951,1436.062918735,1436.473844377,1436.063025292,1436.07577135,1436.470371695,1436.470380371,0.4109256419999383,0.01274605799994788,0.3946003450000717,0.0034640060000583617
751,0,16,0.37708965900014846,0.0024334500001259585,1436.577469372,1436.952125581,1436.57757256,1436.590119387,1436.948448871,1436.948458261,0.3746562090000225,0.012546827000051053,0.3583294840000235,0.003667319999976826
752,3,16,0.42159966500003065,0.0025107110000135435,1437.055774459,1437.474863413,1437.055879587,1437.069280601,1437.47125427,1437.471263149,0.4190889540000171,0.013401014000010036,0.4019736689999718,0.0036002640001697728
753,0,16,0.3786663690000296,0.0025566419999449863,1437.578991999,1437.955101726,1437.579112233,1437.59191208,1437.951489725,1437.951499421,0.3761097270000846,0.01279984699999659,0.3595776450001722,0.0036023049999585055
754,0,16,0.3768322490000173,0.0025689920000786515,1438.058877982,1438.433141239,1438.058981987,1438.071736721,1438.429769296,1438.429779197,0.3742632569999387,0.012754734000054668,0.3580325749999247,0.0033620419999351725
755,1,16,0.4797160509999685,0.0025393430000804074,1438.53689157,1439.014068278,1438.53699976,1438.549716117,1439.010062565,1439.010071234,0.4771767079998881,0.012716356999817435,0.4603464480001094,0.003997044000016103
756,1,16,0.4326190440001483,0.002542100000027858,1439.118179205,1439.548256149,1439.118289053,1439.131229853,1439.544798551,1439.544807629,0.4300769440001204,0.012940800000023955,0.4135686980000628,0.00344852000011997
757,0,16,0.4030380179999611,0.002489368999931685,1439.65141231,1440.051960959,1439.651520015,1439.66434291,1440.048696232,1440.048705208,0.4005486490000294,0.012822894999999335,0.3843533220001518,0.003255751000097007
758,7,16,0.44259385700001985,0.002411445999996431,1440.155479097,1440.595661508,1440.155583335,1440.168609707,1440.592141898,1440.592150465,0.4401824110000234,0.013026372000012998,0.423532190999822,0.0035110429998894688
759,3,16,0.39997340299987627,0.0024663179999606655,1440.698702008,1441.096209093,1440.698808999,1440.71174062,1441.092918765,1441.092928148,0.3975070849999156,0.012931621000006999,0.38117814499992164,0.0032809449999149365
760,3,16,0.4081669919999058,0.0026006429998233216,1441.200425277,1441.605991626,1441.200528189,1441.214092683,1441.602187044,1441.602195713,0.4055663490000825,0.013564494000092964,0.38809436099995764,0.0037959130002036545
761,0,16,0.37209078200021395,0.0025311860001693276,1441.710131825,1442.079691421,1441.710247078,1441.723265903,1442.076589986,1442.076598554,0.3695595960000446,0.013018825000017387,0.3533240829999613,0.0030928670000776037
762,2,16,0.3909827300001325,0.002500485000155095,1442.183633547,1442.572115792,1442.183733196,1442.196629424,1442.568842497,1442.568851371,0.3884822449999774,0.012896228000045085,0.3722130730000117,0.0032644210000398743
763,0,16,0.37048274400012815,0.0024034890000166342,1442.676017325,1443.04409658,1442.676119625,1442.689261353,1443.040758825,1443.04076729,0.3680792550001115,0.013141727999936847,0.35149747200011916,0.0033292900000105874
764,0,16,0.37220766800010097,0.0024138930000390246,1443.148034932,1443.517828707,1443.148136008,1443.161764452,1443.514650267,1443.514659242,0.36979377500006194,0.013628444000005402,0.352885815000036,0.0031694649999280955
765,0,16,0.3708509430000504,0.0025409780000700266,1443.621963194,1443.990273159,1443.622065698,1443.63551963,1443.986992725,1443.987001905,0.36830996499998037,0.013453932000174973,0.3514730949998466,0.0032712540000829904
766,2,16,0.4043695499999558,0.0026124749997507024,1444.094353284,1444.496110359,1444.094460786,1444.107682885,1444.492406241,1444.492417971,0.4017570750002051,0.013222099000131493,0.38472335599999496,0.003692388000217761
767,0,16,0.37325963399985085,0.0025262899998779176,1444.600326747,1444.971060091,1444.600432413,1444.613232767,1444.967797098,1444.967806073,0.37073334399997293,0.01280035400009183,0.35456433099989226,0.0032540180000069086
768,1,16,0.401099418000058,0.0024812100002691295,1445.07495938,1445.473577588,1445.075065352,1445.088022063,1445.470171803,1445.470181085,0.39861820799978886,0.012956711000015275,0.382149740000159,0.003396502999976292
769,0,16,0.3887000019999505,0.0024388819997511746,1445.577661487,1445.963922607,1445.577768886,1445.590753238,1445.960656962,1445.960665937,0.3862611200001993,0.012984351999875798,0.3699037240000962,0.0032566700001552817
770,0,16,0.3648472669999592,0.002487124000026597,1446.067918892,1446.430279035,1446.0680216,1446.080719042,1446.427038277,1446.427049088,0.3623601429999326,0.012697441999989678,0.34631923500000994,0.0032299469999088615
771,0,16,0.3686954009999681,0.0024668280000241793,1446.533839602,1446.900068175,1446.53394486,1446.547092708,1446.896862604,1446.896871478,0.36622857299994394,0.013147848000016893,0.34976989599999797,0.0031966969997938577
772,0,16,0.37183954600004654,0.0025170900000830443,1447.003649422,1447.372971878,1447.003754602,1447.017565627,1447.369746044,1447.369754809,0.3693224559999635,0.013811024999995425,0.3521804169999996,0.0032170690001294133
773,0,16,0.3722913520000475,0.0024845780001214735,1447.476938492,1447.846745266,1447.477045201,1447.49114435,1447.843502616,1447.843511687,0.369806773999926,0.014099149000003308,0.3523582660000102,0.0032335789999251574
774,8,16,0.4761137509999571,0.0025375759998951253,1447.950776395,1448.42435257,1447.950881473,1447.963884587,1448.42000726,1448.420016025,0.473576175000062,0.01300311399995735,0.45612267299998166,0.004336545000114711
775,0,16,0.3716251089999787,0.0025360470001487556,1448.528614749,1448.897703811,1448.52872105,1448.54174893,1448.894490003,1448.894499482,0.36908906199982994,0.013027879999981451,0.3527410730000611,0.0032043290000274283
776,0,16,0.3691249369999241,0.0024809089998143463,1449.001615185,1449.368259213,1449.001722505,1449.014470414,1449.364933805,1449.364942977,0.36664402800010976,0.012747908999926949,0.3504633909999484,0.0033162360000460467
777,8,16,0.5173114949998308,0.0025034329999016336,1449.471940454,1449.986748516,1449.472044615,1449.484963748,1449.982761043,1449.98276991,0.5148080619999291,0.012919132999968497,0.4977972950000549,0.003978606000146101
778,0,16,0.37251577799997904,0.002479583999956958,1450.090833458,1450.460869652,1450.090936294,1450.10514521,1450.45758868,1450.457597343,0.3700361940000221,0.01420891600014329,0.3524434700000256,0.003272308999839879
779,0,16,0.3716200129999834,0.0025033310000708298,1450.563649319,1450.932766001,1450.563756741,1450.581256515,1450.929563098,1450.929572067,0.36911668199991254,0.017499774000043544,0.3483065830000669,0.0031939339999098593
780,3,16,0.4611914029999298,0.002487431999952605,1451.036489742,1451.495193713,1451.036604604,1451.050306882,1451.49156581,1451.491574473,0.4587039709999772,0.01370227799998247,0.44125892800002475,0.0036192400000345515
781,0,16,0.36484383600009096,0.002435656999978164,1451.599211796,1451.961619975,1451.599315957,1451.61260159,1451.958347055,1451.958356125,0.3624081790001128,0.013285632999895824,0.3457454650001637,0.0032638500001667126
782,4,16,0.4147325059998366,0.0024754049998136907,1452.065508213,1452.477765314,1452.065612986,1452.079040184,1452.474214257,1452.474223124,0.4122571010000229,0.013427198000044882,0.39517407300013474,0.00354218999996192
783,0,16,0.3634713970000121,0.002458488000002035,1452.581811425,1452.942824334,1452.581916299,1452.594921044,1452.939622044,1452.939630707,0.36101290900001004,0.01300474499998927,0.3447009999999864,0.003193626999973276
784,4,16,0.4021118939999724,0.0024848840000686323,1453.046377565,1453.446004575,1453.04648244,1453.06013386,1453.44255503,1453.442563999,0.39962700999990375,0.013651419999860082,0.3824211700000433,0.003440576000002693
785,2,16,0.38007255200000145,0.0023981510000794515,1453.549905655,1453.927580056,1453.55001002,1453.563430798,1453.924341585,1453.924350655,0.377674400999922,0.013420777999954225,0.3609107870001935,0.0032294009999986883
786,0,16,0.3732850609999332,0.0025133189999451133,1454.031283924,1454.402055666,1454.031388798,1454.045698308,1454.398617535,1454.398626198,0.3707717419999881,0.01430950999997549,0.3529192270000294,0.0034294679999220534
787,0,16,0.3662075099998674,0.002429031999781728,1454.505980187,1454.869758665,1454.506081393,1454.519135568,1454.866551482,1454.866560247,0.36377847800008567,0.013054174999979296,0.34741591400006655,0.003198418000010861
788,0,16,0.36378785400006564,0.0023993739998786623,1454.973361531,1455.334750011,1454.973463755,1454.986526288,1455.331580029,1455.331589609,0.361388480000187,0.013062533000038457,0.3450537409999015,0.0031604020000486344
789,10,16,0.5061967679998816,0.002566662999925029,1455.438829959,1455.942460064,1455.438934324,1455.452579221,1455.938533469,1455.938542533,0.5036301049999565,0.013644896999949196,0.48595424800009823,0.003917531000070085
790,0,16,0.3628195990002041,0.002497928000138927,1456.046408958,1456.406730629,1456.04651345,1456.06031494,1456.403561856,1456.403574077,0.3603216710000652,0.013801489999877958,0.34324691599999824,0.003156552000064039
791,1,16,0.3751431279999906,0.0024924280000959698,1456.510715883,1456.883366583,1456.510821393,1456.523788373,1456.880049728,1456.880059199,0.37265069999989464,0.012966979999873729,0.3562613550000151,0.003307383999981539
792,0,16,0.36357752199978677,0.0025042419997589604,1456.987290729,1457.348364009,1456.98739237,1457.000822841,1457.345087688,1457.345096141,0.3610732800000278,0.013430470999992394,0.3442648469999767,0.0032678679999662563
793,3,16,0.3885053639999114,0.00249517699990065,1457.452388981,1457.838399168,1457.452494288,1457.466033223,1457.834860293,1457.83487007,0.3860101870000108,0.01353893500004233,0.3688270699999521,0.003529097999944497
794,0,16,0.41995549900002516,0.002475114000162648,1457.942415483,1458.359895868,1457.942520484,1457.955704799,1458.35646342,1458.356472179,0.4174803849998625,0.01318431499998951,0.4007586210000227,0.003423688999873775
795,1,16,0.42137123199995585,0.0025269519999255863,1458.463840383,1458.882684663,1458.463946403,1458.478259964,1458.879158213,1458.879167684,0.41884428000003027,0.014313561000108166,0.4008982489999653,0.003516978999869025
796,0,16,0.41959700799998245,0.0024765399998614157,1458.986568072,1459.40368854,1458.986672462,1459.000408669,1459.400238473,1459.400247843,0.41712046800012104,0.013736207000192735,0.39982980399986445,0.0034406970000873116
797,0,16,0.36591484099994886,0.002515138999797273,1459.507503917,1459.870903619,1459.507608715,1459.521921053,1459.867633307,1459.867642269,0.3633997020001516,0.014312337999854208,0.345712254000091,0.003261350000002494
798,0,16,0.36169788899997,0.0025389699999323057,1459.97484956,1460.334008479,1459.974954867,1459.987952604,1460.330882887,1460.330891645,0.3591589190000377,0.01299773699997786,0.34293028299998696,0.0031168339999112504
799,0,16,0.3641602730001523,0.0024580050001077325,1460.437893008,1460.799595276,1460.437996685,1460.451767214,1460.796469582,1460.796478341,0.36170226800004457,0.01377052900011222,0.34470236800007115,0.0031169349999800033
800,3,16,0.431922472999986,0.0024918170001910767,1460.903174681,1461.332605337,1460.903279275,1460.917084227,1461.329066157,1461.329075017,0.4294306559997949,0.013804952000100457,0.4119819299999108,0.003530319999981657
801,0,16,0.40268255600017255,0.002408406000085961,1461.436461044,1461.836735194,1461.436563398,1461.450472842,1461.833315374,1461.833323929,0.4002741500000866,0.01390944399986438,0.3828425320000406,0.0034112650000679423
802,0,16,0.362456014999907,0.002465234999817767,1461.940719836,1462.300710616,1461.940828707,1461.954205609,1462.297504058,1462.297512613,0.3599907800000892,0.013376901999890833,0.3432984490000308,0.0031980030000795523
803,0,16,0.3708261649999258,0.0024504680000063672,1462.404498088,1462.772873785,1462.404604515,1462.41818765,1462.769492055,1462.769501425,0.36837569699991946,0.013583134999862523,0.35130440500006443,0.0033723599999575526
804,0,16,0.37594545399997514,0.0024644200000238925,1462.876623371,1463.250104405,1462.876730409,1462.889857385,1463.246720231,1463.24672899,0.37348103399995125,0.013126975999966817,0.3568628460000127,0.0033754149999367655
805,0,16,0.3747976120000658,0.0025273500000366766,1463.35401633,1463.726286592,1463.354121331,1463.370844419,1463.723021472,1463.723030671,0.3722702620000291,0.01672308799993516,0.35217705300010493,0.0032559209998908045
806,0,16,0.3703312630000255,0.002423467999960849,1463.829747031,1464.197654826,1463.829851075,1463.844301733,1464.193574321,1464.193583826,0.36790779500006465,0.014450657999987016,0.34927258799984884,0.004071000000067215
807,11,16,0.5365656530000251,0.0024704819998078165,1464.301624242,1464.835719413,1464.301728695,1464.31553097,1464.831600991,1464.831610292,0.5340951710002173,0.013802274999989095,0.516070020999905,0.004109121000055893
808,0,16,0.37529552699993474,0.002516064000019469,1464.939937288,1465.312716751,1464.940078126,1464.953211371,1465.308977915,1465.308987011,0.37277946299991527,0.013133245000062743,0.3557665440000619,0.003729739999926096
809,1,16,0.38481963399999586,0.0025354829999741924,1465.416947504,1465.799231655,1465.417052876,1465.431079183,1465.795786145,1465.795795241,0.38228415100002167,0.014026306999994631,0.36470696199990016,0.0034364140001343912
810,2,16,0.40418222900007095,0.002566451000120651,1465.902700781,1466.304316559,1465.902806154,1465.916230477,1466.300870947,1466.300879737,0.4016157779999503,0.013424322999981086,0.3846404700000221,0.003436821999912354
811,0,16,0.3749703129999489,0.0025754439998308953,1466.408656159,1466.781051028,1466.408763985,1466.422621859,1466.777606438,1466.777615636,0.372394869000118,0.013857873999995718,0.3549845790000745,0.0034353920000285143
812,4,16,0.40955653699984396,0.0025183119998928305,1466.885129802,1467.292168027,1466.885233335,1466.899655683,1467.288604369,1467.288613465,0.4070382249999511,0.014422347999925478,0.38894868600004884,0.0035545619998629263
813,1,16,0.3812070209999092,0.0024788619998616923,1467.39637006,1467.775098219,1467.396476761,1467.409948712,1467.771844853,1467.771853847,0.3787281590000475,0.013471950999928595,0.36189614099998835,0.003244371999926443
814,2,16,0.4236382379999668,0.00253558500003237,1467.879264276,1468.300366929,1467.879380482,1467.89264782,1468.296479386,1468.296488584,0.42110265299993443,0.013267338000105156,0.403831566000008,0.003878344999975525
815,0,16,0.39395904499997414,0.002488162999952692,1468.404318562,1468.795789444,1468.404422606,1468.417752288,1468.792428355,1468.792437042,0.39147088200002145,0.013329681999948662,0.37467606700010947,0.0033524020000186283
816,0,16,0.4100967890001357,0.0025422290002552472,1468.900031541,1469.307586101,1468.900138242,1468.914303035,1469.304173706,1469.304182597,0.40755455999988044,0.014164793000190912,0.389870670999926,0.00340350400006173
817,2,16,0.4220932170001106,0.002599975000066479,1469.411688894,1469.831182136,1469.411796719,1469.426032647,1469.826820161,1469.826829053,0.4194932420000441,0.014235928000061904,0.4007875139998305,0.004353083000069091
818,0,16,0.3914061870000296,0.0024612830000023678,1469.934861906,1470.32380681,1469.934966665,1469.94836043,1470.320029035,1470.320038029,0.38894490400002724,0.013393765000046187,0.371668604999968,0.0037687809999624733
819,0,16,0.4224525669999366,0.0024684379998234363,1470.427515095,1470.847499224,1470.427620774,1470.440903442,1470.84386014,1470.843869032,0.41998412900011317,0.013282668000101694,0.4029566980000254,0.003630192000173338
820,0,16,0.3634455579999667,0.0025163709999560524,1470.95177556,1471.312704747,1470.951881239,1470.964954797,1471.309337117,1471.30934652,0.36092918700001064,0.01307355800008736,0.34438232000002245,0.0033582270000351855
821,1,16,0.4005284039999424,0.0024839190000420786,1471.416420492,1471.814464977,1471.41652658,1471.430500967,1471.8111306,1471.81113938,0.3980444849999003,0.013974386999962007,0.380629633000126,0.00332559699995727
822,2,16,0.40688104900004873,0.00257906699994237,1471.91862673,1472.322928712,1471.918734646,1471.933515498,1472.31934236,1472.319351242,0.40430198200010636,0.014780851999830702,0.38582686200015814,0.003577469999981986
823,0,16,0.3835105939999721,0.002518726999824139,1472.426669928,1472.807661795,1472.426777232,1472.440287898,1472.804416446,1472.804425328,0.380991867000148,0.013510666000001947,0.36412854800005334,0.0032364670000788465
824,0,16,0.37456007799983126,0.0024838089998411306,1472.911820076,1473.283896345,1472.911923194,1472.926188253,1473.280547367,1473.280556658,0.37207626899999013,0.014265058999853863,0.3543591140000899,0.003339686999879632
825,0,16,0.37932942599991293,0.0025754929999948217,1473.388127114,1473.764881047,1473.388248916,1473.402028913,1473.761692974,1473.761701959,0.3767539329999181,0.013779997000028743,0.3596640609998758,0.0031790880000244215
826,0,16,0.3892328090000774,0.0025080059999709192,1473.86897317,1474.255697973,1473.869079555,1473.883199126,1474.252249145,1474.25226109,0.3867248030001065,0.014119570999810094,0.3690500190000421,0.0034368829999493755
827,0,16,0.36839966299999105,0.0025207690000570437,1474.359895867,1474.725774761,1474.360002048,1474.3734536,1474.722409653,1474.722418331,0.365878893999934,0.013451551999878575,0.3489560530001654,0.0033564299999397917
828,1,16,0.38878154200006065,0.002527609000026132,1474.829487492,1475.215741425,1474.829590814,1474.84401443,1475.212470552,1475.212480455,0.3862539330000345,0.014423615999930917,0.3684561219999978,0.0032609699999284203
829,0,16,0.3777920519999043,0.0024637979997805814,1475.319471717,1475.694799971,1475.319577897,1475.33272806,1475.691555336,1475.69156381,0.3753282540001237,0.013150162999863824,0.35882727600005637,0.0032361610001316876
830,0,16,0.3768949289999455,0.002501779000112947,1475.798910981,1476.173304131,1475.799017264,1475.812718034,1476.170042242,1476.17005092,0.37439314999983253,0.013700770000014018,0.35732420799990905,0.0032532109999010572
831,2,16,0.39096508400007224,0.0025494569999864325,1476.277457613,1476.66587324,1476.277563692,1476.291111215,1476.662589095,1476.662597671,0.3884156270000858,0.013547522999942885,0.37147787999992943,0.0032755690001522453
832,0,16,0.37727329899985307,0.0024548139997477847,1476.769573005,1477.14439149,1476.769676021,1476.784822685,1477.141159107,1477.141168398,0.3748184850001053,0.015146664000212695,0.356336421999913,0.0032230920000984042
833,0,16,0.37801921699997365,0.0025762059999578923,1477.248555182,1477.623998193,1477.248663099,1477.262615436,1477.62073855,1477.620748045,0.37544301100001576,0.013952337000091575,0.35812311399990904,0.0032501480000064475
834,0,16,0.36673885499999415,0.002409483999826989,1477.728086232,1478.092415603,1477.728187818,1477.742432356,1478.089144117,1478.089153,0.36432937100016716,0.014244538000184548,0.34671176099982404,0.003262603000166564
835,0,16,0.3688818660000379,0.0024632879999444413,1478.19637745,1478.562796028,1478.196479037,1478.210550725,1478.559465019,1478.559473698,0.3664185780000935,0.014071688000058202,0.3489142939999965,0.003322330000173679
836,1,16,0.37972137400015527,0.0024739060002048063,1478.666529689,1479.043777157,1478.666634848,1478.681192108,1479.04024124,1479.040250531,0.37724746799995046,0.014557259999946837,0.35904913199988187,0.003526625999938915
837,0,16,0.3711489239999537,0.0024495049999586627,1479.147793932,1479.516493351,1479.147902155,1479.161813449,1479.51319532,1479.513205427,0.36869941899999503,0.013911293999854024,0.3513818710000578,0.0032879240000056598
838,0,16,0.39103725499990105,0.0025130950000402663,1479.620656941,1480.009181101,1479.620758629,1479.634301048,1480.00595137,1480.005960236,0.3885241599998608,0.013542419000032169,0.37165032200005044,0.0032208650000029593
839,0,16,0.38510216300005595,0.0024427050002486794,1480.113071572,1480.49573103,1480.113174702,1480.126655743,1480.492488561,1480.492496815,0.3826594579998073,0.013481040999977267,0.36583281800017176,0.003234214999793039
840,0,16,0.36835796500008655,0.002491824000117049,1480.599713014,1480.965579155,1480.599820118,1480.614734375,1480.96232354,1480.962332712,0.3658661409999695,0.014914256999873032,0.3475891650000449,0.003246442999852661
841,1,16,0.37521516900005736,0.002547464999906879,1481.069233,1481.441900704,1481.069340613,1481.083978194,1481.438383494,1481.438392564,0.3726677040001505,0.014637581000215505,0.35440529999982573,0.0035081400001217844
842,0,16,0.3993614659998457,0.0025408419999166654,1481.545917438,1481.942738062,1481.546022096,1481.561277538,1481.939305639,1481.939314708,0.396820623999929,0.015255442000125186,0.3780281009999271,0.0034233540000059293
843,3,16,0.4081101589999889,0.002489479000132633,1482.046725957,1482.452346637,1482.046831328,1482.061520474,1482.448931028,1482.448939894,0.4056206799998563,0.01468914599990967,0.3874105540000983,0.0034067429999140586
844,0,16,0.37315665300002365,0.0025149569999030064,1482.556338913,1482.926980609,1482.556444693,1482.571460857,1482.923711339,1482.923720612,0.37064169600012065,0.015016163999916898,0.35225048200004494,0.0032599970002138434
845,4,16,0.4144318439998642,0.0025351339997996547,1483.030989802,1483.442886512,1483.031094155,1483.045590697,1483.439337405,1483.439346577,0.41189671000006456,0.014496542000188128,0.39374670799998057,0.0035399350001625862
846,0,16,0.3759054859999651,0.0024571760000071663,1483.546693012,1483.920141322,1483.546797467,1483.560995422,1483.916862982,1483.916872153,0.37344830999995793,0.014197954999872309,0.35586756000020614,0.0032691690000774543
847,0,16,0.37210823600003096,0.0025043590001132543,1484.024013247,1484.393617124,1484.024118517,1484.03882305,1484.390341637,1484.390350605,0.3696038769999177,0.014704532999985531,0.35151858699987315,0.0032665189999079303
848,2,16,0.39748342500001854,0.00247347999993508,1484.497621222,1484.892631167,1484.497729447,1484.511660101,1484.88928618,1484.889294944,0.39500994500008346,0.013930653999977949,0.37762607900003786,0.003336222999905658
849,0,16,0.40544061100013096,0.0024479030000748025,1484.996512773,1485.399505481,1484.996616616,1485.01063226,1485.396087835,1485.396096802,0.40299270800005615,0.014015643999982785,0.38545557499992356,0.0034086789999037137
850,4,16,0.4081700809999802,0.0024786779999885766,1485.503387495,1485.909078898,1485.503488281,1485.517792117,1485.905577586,1485.905586757,0.4056914029999916,0.014303835999953662,0.3877854689999367,0.0034921409999242314
851,3,16,0.41184035500009486,0.0024639010000555572,1486.013173591,1486.422550045,1486.013277944,1486.027814637,1486.419001855,1486.419011027,0.4093764540000393,0.014536692999854495,0.391187218000141,0.0035390180000831606
852,0,16,0.37487439300002734,0.002467978000140647,1486.526592052,1486.898998467,1486.526699563,1486.54198364,1486.895572565,1486.895581737,0.3724064149998867,0.01528407699993295,0.35358892500016736,0.0034167300000262912
853,0,16,0.38101784199989197,0.0025145499998870946,1487.003035481,1487.381538773,1487.003141056,1487.017828367,1487.378148029,1487.378156997,0.3785032920000049,0.014687310999988767,0.36031966199993803,0.0033817760001966235
854,0,16,0.4271632590000536,0.0024884620002012525,1487.485339261,1487.910014058,1487.485442798,1487.500165471,1487.906471066,1487.906480136,0.42467479699985233,0.014722673000051145,0.4063055950000489,0.0035339219998604676
855,2,16,0.39075747800006866,0.0024532020001970523,1488.013890977,1488.402195253,1488.013994718,1488.027943307,1488.398835082,1488.398843744,0.3883042759998716,0.013948588999937783,0.37089177500001824,0.0033515089999127667
856,5,16,0.4340282099999513,0.0024542680000649852,1488.505964898,1488.93753884,1488.506070548,1488.519862893,1488.934035285,1488.93404403,0.4315739419998863,0.013792344999956185,0.4141723919999549,0.003494809999892823
857,3,16,0.4295547849999366,0.0025199570000040694,1489.041431378,1489.468466206,1489.041536317,1489.056149463,1489.464895132,1489.464903572,0.42703482799993253,0.014613146000101551,0.40874566899992715,0.003562633999990794
858,2,16,0.4154058310000437,0.002447759999995469,1489.572382335,1489.985340406,1489.572487884,1489.5865742,1489.981815497,1489.981824648,0.4129580710000482,0.01408631599997534,0.3952412969999841,0.0035157580000486632
859,0,16,0.4107019859998218,0.0024793839997983014,1490.089196846,1490.497419448,1490.089303615,1490.103652787,1490.494053981,1490.494062929,0.40822260200002347,0.01434917200003838,0.39040119399987816,0.0033565190001354495
860,0,16,0.41039672800002336,0.002509483000039836,1490.601335171,1491.009222416,1490.601440008,1490.6153378,1491.005765229,1491.00577855,0.4078872449999835,0.013897791999852416,0.3904274290000558,0.003443865999997797
861,4,16,0.44473655199999484,0.002408815000080722,1491.112856674,1491.555184411,1491.112962223,1491.126915535,1491.551465182,1491.551474131,0.4423277369999141,0.013953312000012374,0.42454964699982156,0.0037102799999502167
862,0,16,0.3705330730001606,0.002455997000197385,1491.659021226,1492.027098302,1491.65912403,1491.673740632,1492.023909156,1492.023918308,0.3680770759999632,0.014616602000160128,0.3501685239998551,0.003179993999992803
863,0,16,0.3712789319999956,0.0024151200000233075,1492.130912746,1492.499776558,1492.131014329,1492.145650557,1492.496252768,1492.496261614,0.3688638119999723,0.014636227999972107,0.3506022110000231,0.003514943999789466
864,0,16,0.3701776840000548,0.002449184000170135,1492.603462066,1492.971190566,1492.6035788,1492.617397888,1492.967957899,1492.967967051,0.36772849999988466,0.013819087999991098,0.35056001100019785,0.0032235149999451096
865,3,16,0.4275567769998361,0.002452031999837345,1493.074906681,1493.500011426,1493.075008671,1493.090064044,1493.496517633,1493.496526683,0.42510474499999873,0.015055372999995598,0.4064535889999661,0.003484742999944501
866,0,16,0.3807000420001714,0.0024958560002232844,1493.603476989,1493.981681175,1493.603582843,1493.618254559,1493.978303099,1493.978311844,0.3782041859999481,0.014671716000066226,0.36004853999997977,0.003369330999930753
867,4,16,0.46066631400003644,0.00253490399995826,1494.085454335,1494.543585745,1494.085562935,1494.099864721,1494.539507263,1494.539516516,0.4581314100000782,0.014301785999805361,0.4396425420000014,0.004069228999924235
868,4,16,0.40432847500005664,0.002414204999922731,1494.647380361,1495.049294631,1494.647484994,1494.662400347,1495.045935977,1495.045944519,0.4019142700001339,0.01491535299987845,0.3835356300000967,0.0033501120001346862
869,2,16,0.3970555590001368,0.00254954600018209,1495.152926043,1495.547432056,1495.153032202,1495.167713883,1495.544030287,1495.54403954,0.3945060129999547,0.01468168099995637,0.3763164039999083,0.0033925159998489107
870,0,16,0.3675904110000374,0.002557275000071968,1495.650433732,1496.015466868,1495.650537654,1495.664061042,1496.012251692,1496.012260742,0.36503313599996545,0.013523388000066916,0.34819065000010596,0.0032061259998954483
871,8,16,0.4594111090000297,0.00249796699995386,1496.119283346,1496.576196488,1496.119389302,1496.133282823,1496.572295059,1496.572303879,0.4569131420000758,0.013893520999999964,0.43901223600005324,0.0038926090001041302
872,1,16,0.41235122200009755,0.002474160000019765,1496.680693821,1497.090570883,1496.680798018,1496.69594726,1497.087028604,1497.087037117,0.4098770620000778,0.01514924200000678,0.3910813439999856,0.003533766000145988
873,1,16,0.3854546180000398,0.002427702999966641,1497.194542413,1497.577569328,1497.194646917,1497.209679553,1497.574212265,1497.574221187,0.38302691500007313,0.015032635999887134,0.36453271200002746,0.003348141000060423
874,0,16,0.3774285970000619,0.002503388000150153,1497.681851601,1498.05677681,1497.681955491,1497.697110886,1498.053287552,1498.053296372,0.3749252089999118,0.01515539499996521,0.3561766660000103,0.003480437999996866
875,1,16,0.3806971540000177,0.0025695369999994,1498.161230249,1498.539357866,1498.161336907,1498.175523458,1498.535986753,1498.535996393,0.3781276170000183,0.01418655099996613,0.36046329500004504,0.00336147300004086
876,5,16,0.4223525709999194,0.0025603070000670414,1498.643769873,1499.063562137,1498.643874583,1498.658820662,1499.059880485,1499.059889099,0.41979226399985237,0.014946078999855672,0.4010598229999687,0.0036730379999880824
877,1,16,0.4049858660000609,0.002517439000257582,1499.167487414,1499.569955841,1499.167592533,1499.181658273,1499.566456225,1499.56646525,0.40246842699980334,0.014065739999978177,0.38479795199987166,0.003490590999945198
878,3,16,0.4475141349998921,0.0024611349997485377,1499.673473356,1500.118526356,1499.673575399,1499.688873655,1500.114847472,1500.114856292,0.4450530000001436,0.01529825600005097,0.42597381700011283,0.003670064000061757
879,0,16,0.3691611589999866,0.0024282140000195795,1500.222982769,1500.589715714,1500.223087684,1500.237260594,1500.586438952,1500.586447669,0.366732944999967,0.01417291000007026,0.3491783580000174,0.0032680449999134
880,0,16,0.37032455300004585,0.002491285999894899,1500.693028834,1501.060862101,1500.693133852,1500.708227303,1501.057503192,1501.057512114,0.36783326700015095,0.01509345099998427,0.349275888999955,0.0033499870000923693
881,4,16,0.4005497099999502,0.002491901999746915,1501.165208472,1501.56326628,1501.165312361,1501.180790089,1501.559467816,1501.559489251,0.3980578080002033,0.015477728000178104,0.3786777269999675,0.00377702900004806
882,1,16,0.377655040000036,0.0025144639998870844,1501.667441895,1502.042582471,1501.667548553,1501.682152096,1502.039254021,1502.039262738,0.37514057600014894,0.01460354300002109,0.3571019250000518,0.0033197330001257797
883,0,16,0.3674690909999754,0.0025742549998994946,1502.146793058,1502.511687894,1502.146895819,1502.161806414,1502.508404569,1502.508413491,0.3648948360000759,0.014910594999946625,0.3465981550000379,0.0032744029999776103
884,0,16,0.3684803930000271,0.002423188999955528,1502.615983808,1502.982041012,1502.61608944,1502.63112464,1502.978751328,1502.978760353,0.3660572040000716,0.015035200000056648,0.3476266879999912,0.0032806589999836433
885,0,16,0.37920804399982444,0.002521437999803311,1503.086408919,1503.463095525,1503.086512603,1503.101485244,1503.459751589,1503.459760614,0.37668660600002113,0.014972640999985742,0.35826634499994725,0.0033349109999107895
886,5,16,0.4798171770000863,0.0024873900001693983,1503.567413077,1504.044742864,1503.567517377,1503.582501401,1504.040831589,1504.040840512,0.4773297869999169,0.014984023999886631,0.4583301879999908,0.0039023520000682765
887,0,16,0.3688737980000951,0.0025592810002308397,1504.148727315,1504.515041832,1504.148832743,1504.164308215,1504.511589597,1504.511599135,0.3663145169998643,0.015475471999934598,0.34728138200011927,0.0034426969998548884
888,0,16,0.3827804800000649,0.0024888039999950706,1504.619187221,1504.999478897,1504.619288494,1504.633759095,1504.996143222,1504.996152318,0.38029167600006986,0.014470600999857197,0.3623841270000412,0.0033265790000314155
889,0,16,0.3715063670001655,0.0024752120000357536,1505.103567163,1505.472598318,1505.103673443,1505.118738398,1505.469329375,1505.469338265,0.36903115500012973,0.015064955000070768,0.3505909769999107,0.0032600530000763683
890,4,16,0.4167859499998485,0.002444860999730736,1505.576468606,1505.990809695,1505.576570594,1505.591643111,1505.987300394,1505.987309285,0.4143410890001178,0.015072516999907748,0.39565728299999137,0.0035004100000151084
891,0,16,0.3775995089999924,0.0024978980000014417,1506.094907771,1506.470009382,1506.095012825,1506.109297538,1506.466693328,1506.466702423,0.37510161099999095,0.014284713000051852,0.35739579000005506,0.003306958999928611
892,0,16,0.3699283050000304,0.0025357090000852622,1506.573690613,1506.941083209,1506.573795974,1506.589393865,1506.937768586,1506.937777375,0.3673925959999451,0.015597890999970332,0.3483747210000274,0.0033058340000025055
893,0,16,0.36772216800000024,0.002598865999971167,1507.045227681,1507.410350983,1507.045330793,1507.060539022,1507.40679355,1507.406802338,0.36512330200002907,0.015208229000108986,0.3462545279999176,0.0035486449999098113
894,6,16,0.4344168639997861,0.0026030559997707314,1507.513246659,1507.945060467,1507.513352735,1507.528573023,1507.940781962,1507.940791261,0.43181380800001534,0.015220288000136861,0.4122089390000383,0.004269206000117265
895,0,16,0.3777633249999326,0.002472144999956072,1508.049267991,1508.424559171,1508.049374374,1508.06355904,1508.421185071,1508.421194064,0.3752911799999765,0.014184665999891877,0.3576260310001089,0.003365107000036005
896,0,16,0.37468466500013164,0.002524265000147352,1508.52749184,1508.89965224,1508.527597916,1508.542775181,1508.896317792,1508.89632658,0.3721603999999843,0.015177264999920226,0.3535426109999662,0.0033256599999731407
897,0,16,0.39507887199988545,0.0024725549999402574,1509.003022499,1509.395628816,1509.003127144,1509.018304409,1509.392155794,1509.392164583,0.3926063169999452,0.015177264999920226,0.37385138500007997,0.0034642329999314825
898,0,16,0.37465472200005934,0.0024633569998968596,1509.499803434,1509.871994799,1509.499905627,1509.513954173,1509.868641854,1509.868651664,0.3721913650001625,0.014048545999912676,0.35468768100008674,0.003343135000022812
899,0,16,0.3781293800000185,0.00254695100011304,1509.975963601,1510.35154603,1509.976069984,1509.990734854,1510.348119199,1510.348128907,0.37558242899990546,0.014664869999933217,0.35738434499990035,0.003417122999962885
900,0,16,0.374647159999995,0.0024824669999361504,1510.455422756,1510.827587449,1510.45552873,1510.469642985,1510.824275993,1510.824285088,0.37216469300005883,0.014114255000095,0.354633007999837,0.0033023610001237103
901,0,16,0.3805913060000421,0.0025014749999172636,1510.931868041,1511.309957872,1510.931973095,1510.947248567,1511.306602167,1511.306610955,0.37808983100012483,0.015275471999984802,0.3593535999998494,0.0033469170000444137
902,1,16,0.3839149219998035,0.0024517069998637453,1511.414029275,1511.79549249,1511.414156403,1511.429637385,1511.792111748,1511.79212023,0.38146321499993974,0.015480981999871801,0.36247436300004665,0.003372260000105598
903,0,16,0.37286880099986774,0.0024946279997948295,1511.899005921,1512.269380094,1511.899111895,1511.913645549,1512.266054842,1512.266063631,0.3703741730000729,0.014533653999933449,0.35240929299993695,0.003316463000146541
904,0,16,0.372592978000057,0.002527046000068367,1512.372380925,1512.742446857,1512.372488126,1512.387708618,1512.739106256,1512.739115427,0.3700659319999886,0.015220492000025843,0.35139763799998036,0.0033314300001165975
905,0,16,0.36868149499991887,0.0023966819999259314,1512.846134869,1513.212419682,1512.846238797,1512.860516282,1513.208747018,1513.208755781,0.36628481299999294,0.01427748499986592,0.348230736000005,0.0036639009999817063
906,0,16,0.3770774199999778,0.0024907269998948323,1513.316155277,1513.69074197,1513.316258798,1513.331724638,1513.687011738,1513.687020806,0.37458669300008296,0.01546583999993345,0.35528709999994135,0.0037211640001260093
907,0,16,0.3723914499998955,0.0024187909998545365,1513.793811095,1514.163783754,1513.793916655,1513.809373834,1514.160515394,1514.160524361,0.36997265900004095,0.015457179000122778,0.35114155999985996,0.003259393000007549
908,3,16,0.4526498159998482,0.0024819649997880333,1514.266569215,1514.716737066,1514.266676913,1514.281699426,1514.713102816,1514.713111783,0.4501678510000602,0.015022512999848914,0.43140339000001404,0.003625283000019408
909,0,16,0.38373406499999874,0.0025268980000419106,1514.820435471,1515.201642638,1514.8205394,1514.835882462,1515.198171821,1515.198180278,0.3812071669999568,0.015343062000056307,0.3622893589999876,0.003462359999957698
910,0,16,0.38706315200010977,0.0024536390001230757,1515.304970669,1515.689580182,1515.305079794,1515.319664786,1515.686211663,1515.68622063,0.3846095129999867,0.014584991999981867,0.36654687700001887,0.0033595520001199475
911,1,16,0.39131557499990777,0.002408500999763419,1515.792411086,1516.18131816,1515.792516339,1515.808319643,1516.1780013,1516.17801475,0.38890707400014435,0.01580330399997365,0.369681657000001,0.0033034099999440514
912,0,16,0.37437292499998875,0.0024442639999051607,1516.284590966,1516.656519627,1516.284693468,1516.299233425,1516.653253509,1516.653262679,0.3719286610000836,0.01453995700012456,0.3540200840000125,0.003256948000171178
913,0,16,0.4022658069998215,0.002482982999708838,1516.759571737,1517.159354561,1516.759677092,1516.774891771,1517.155895359,1517.155904224,0.39978282400011267,0.015214679000109754,0.381003587999885,0.003450337000003856
914,3,16,0.42955957000003764,0.00252791699995214,1517.263104726,1517.690136379,1517.26321324,1517.277932423,1517.686482259,1517.686491124,0.4270316530000855,0.014719183000124758,0.40854983600002015,0.0036452550000376505
915,2,16,0.39054191700006413,0.002515284000082829,1517.793120731,1518.181147364,1517.793226596,1517.807484212,1518.177765804,1518.177774566,0.3880266329999813,0.014257615999895279,0.37028159200008304,0.0033727980001003743
916,0,16,0.397166771000002,0.002537903000074948,1518.284850864,1518.679479732,1518.284955098,1518.300646525,1518.676006062,1518.676047939,0.394628867999927,0.015691427000092517,0.37535953699989477,0.003431792999890604
917,0,16,0.37584239900002103,0.0024681079999027133,1518.782575859,1519.15595015,1518.782679686,1518.798103853,1519.152546377,1519.152555344,0.3733742910001183,0.01542416699999194,0.3544425239999782,0.0033948060001876
918,0,16,0.41282386100010626,0.0027837660002205666,1519.259171399,1519.669211494,1519.259274105,1519.274725171,1519.665718669,1519.665728247,0.4100400949998857,0.015451065999968705,0.39099349799994343,0.0034832469998491433
919,0,16,0.38143122500014215,0.0025352530001327978,1519.77217231,1520.151068282,1519.772309659,1519.7881527,1520.147763241,1520.147772309,0.37889597200000935,0.015843040999925506,0.35961054099993817,0.003295973000149388
920,2,16,0.40154003699990426,0.002494597999884718,1520.254582671,1520.65362811,1520.25468874,1520.268981814,1520.650183682,1520.650225865,0.39904543900001954,0.014293074000079287,0.38120186800006195,0.0034022449999611126
921,0,16,0.38996215599991046,0.0024375399998461944,1520.756411329,1521.143935945,1520.756517703,1520.771177178,1521.140512202,1521.140520964,0.38752461600006427,0.01465947499991671,0.36933502400006546,0.0034149810001053993
922,4,16,0.4236534520000532,0.002525311000226793,1521.246842554,1521.667970695,1521.24695117,1521.262056374,1521.664505734,1521.664514914,0.42112814099982643,0.015105203999837613,0.40244935999999143,0.0034557809999569145
923,0,16,0.3686952709999787,0.002493083999979717,1521.771155731,1522.137357918,1521.771257912,1521.786236798,1522.133991103,1522.134000383,0.36620218699999896,0.014978885999880731,0.3477543050000804,0.0033575349998500315
924,0,16,0.37735853100002714,0.0025808420000430488,1522.240702126,1522.615479815,1522.240808038,1522.255460814,1522.612126315,1522.612135494,0.3747776889999841,0.014652775999820733,0.3566655010001796,0.003344320999985939
925,0,16,0.37653664699996625,0.0025373660000695963,1522.718769049,1523.09276833,1522.718877181,1522.733850822,1523.089437626,1523.089446704,0.37399928099989665,0.014973641000096904,0.3555868040000405,0.003321625999888056
926,4,16,0.4140297589999591,0.0024875369999790564,1523.195574803,1523.607117025,1523.195703513,1523.210958175,1523.603670422,1523.603679501,0.41154222199998003,0.015254662000188546,0.3927122469999631,0.003437523999991754
927,1,16,0.38998201799995513,0.002494294999905833,1523.709968486,1524.097456209,1523.71008378,1523.724511718,1524.094028368,1524.094037951,0.3874877230000493,0.014427937999926144,0.3695166499999232,0.00341825800001061
928,3,16,0.3998706370000491,0.0024694820001514017,1524.200320178,1524.597721333,1524.200467044,1524.214775956,1524.593841195,1524.59384997,0.3974011549998977,0.014308911999933116,0.37906523900005595,0.0038713629999165278
929,0,16,0.36073325600000317,0.0024159200002031866,1524.700555647,1525.058872983,1524.700657525,1524.714879993,1525.055452506,1525.055461382,0.3583173359998,0.014222468000070876,0.34057251299987,0.003411600999925213
930,0,16,0.3625364960000752,0.002402101000143375,1525.162084245,1525.52221864,1525.162188746,1525.177763769,1525.518937261,1525.518946138,0.36013439499993183,0.015575022999883004,0.34117349200005265,0.00327250199984519
931,4,16,0.41541953599994486,0.0024427519997516356,1525.624853636,1526.03783042,1525.624959044,1525.639268159,1526.034239474,1526.03424835,0.4129767840001932,0.014309115000060046,0.3949713150000207,0.0035820699999931094
932,0,16,0.3691412139999102,0.0025098290000187262,1526.141225063,1526.507856448,1526.141330572,1526.158524346,1526.504573859,1526.504582433,0.36663138499989145,0.017193773999906625,0.3460495130000254,0.0032740149999881396
933,12,16,0.5084976719999759,0.0024824939998779882,1526.611178364,1527.117193542,1526.611281149,1526.625884499,1527.11241607,1527.112424946,0.5060151780000979,0.01460335000001578,0.4865315710001141,0.004768596000076286
934,0,16,0.363834886000177,0.0024752320000516193,1527.220452414,1527.581812068,1527.220557722,1527.235352723,1527.578118941,1527.578128019,0.3613596540001254,0.01479500100003861,0.34276621799995155,0.0036840490001850412
935,0,16,0.37026169700016,0.0026167000000896223,1527.684917821,1528.052562818,1527.685021918,1527.700036613,1528.049009158,1528.049018126,0.36764499700007036,0.015014694999990752,0.34897254499992414,0.0035446920001049875
936,0,16,0.37648692699985986,0.0024864819997674203,1528.156608795,1528.53060924,1528.15671856,1528.171448701,1528.527004824,1528.527013386,0.37400044500009244,0.014730140999972718,0.35555612300004213,0.0035958540001956862
937,1,16,0.4156560769999942,0.0025359129999742436,1528.633596192,1529.046716356,1528.633705549,1528.648460965,1529.043107048,1529.043115915,0.41312016400001994,0.014755415999843535,0.3946460829999978,0.0036004409998895426
938,3,16,0.41960318899987215,0.002816988999938985,1529.150691296,1529.567477496,1529.150827764,1529.16664567,1529.563845803,1529.563854165,0.41678619999993316,0.015817905999938375,0.3972001330000694,0.0036233309999715857
939,7,16,0.5320886890001475,0.0025578199999927165,1529.670602061,1530.20013293,1529.670707816,1529.68543254,1530.196005296,1530.19601427,0.5295308690001548,0.014724723999961498,0.5105727560001014,0.004118660000131058
940,3,16,0.4098734350000086,0.0024596110001766647,1530.30309269,1530.710506514,1530.30319661,1530.318074103,1530.707003828,1530.707012803,0.40741382399983195,0.014877493000085451,0.38892972500002543,0.0034937109999191307
941,0,16,0.3881636339999659,0.002466138000045248,1530.814240423,1531.199937919,1530.814356581,1530.829792529,1531.196500297,1531.19650917,0.38569749599992065,0.015435948000003918,0.3667077679999693,0.003428749000022435
942,0,16,0.37381501999993816,0.0023761879997437063,1531.303146822,1531.674585654,1531.303249825,1531.3183116,1531.671196678,1531.671205551,0.37143883200019445,0.015061775000049238,0.352885077999872,0.003380103000154122
943,2,16,0.40859457499982454,0.0025674059997982113,1531.778240119,1532.184267288,1531.778345263,1531.793486584,1532.180771129,1532.180779798,0.40602716900002633,0.015141321000101016,0.3872845450000568,0.003487489999997706
944,0,16,0.3711068790000809,0.002430137000146715,1532.287105282,1532.655782024,1532.287211344,1532.302769365,1532.652405286,1532.652414464,0.36867674199993417,0.015558020999833388,0.3496359210000719,0.003367560000015146
945,0,16,0.37107353100009277,0.002437888000258681,1532.759658096,1533.128293739,1532.759763546,1532.77543232,1533.124996649,1533.125005521,0.3686356429998341,0.015668774000005214,0.34956432900003165,0.0032882179998523497
946,0,16,0.37107302100002926,0.002356099000053291,1533.232308609,1533.601025531,1533.232409265,1533.24746431,1533.597560987,1533.597569757,0.36871692199997597,0.015055045000053724,0.35009667700001046,0.0034557740000309423
947,2,16,0.4400694939999994,0.002351101999920502,1533.70387097,1534.141589362,1533.703973054,1533.719312221,1534.137914836,1534.137923708,0.4377183920000789,0.015339167000092857,0.418602614999827,0.0036656540000876703
948,0,16,0.36984739700005775,0.0024166759999388887,1534.244421441,1534.611852162,1534.244538007,1534.259327795,1534.608543447,1534.608552523,0.36743072100011887,0.01478978799991637,0.34921565200011173,0.003299639000033494
949,2,16,0.39779586700001346,0.0026090149999618006,1534.71494603,1535.110132882,1534.71504944,1534.729745098,1535.106661505,1535.106671193,0.39518685200005166,0.014695657999936884,0.3769164069999533,0.003461689000005208
950,0,16,0.39592632700009744,0.0032136680001713103,1535.213194727,1535.605907386,1535.213303746,1535.228272004,1535.602332904,1535.602341572,0.39271265899992613,0.014968257999953494,0.374060899999904,0.003565814000012324
951,0,16,0.37169715400000314,0.0024994860000333574,1535.709607232,1536.0788049,1535.709711356,1535.725043691,1536.075340967,1536.075349636,0.3691976679999698,0.015332335000039166,0.35029727599999205,0.0034552639999674284
952,0,16,0.3726934189999156,0.002335905999871102,1536.182341983,1536.552699496,1536.182437234,1536.197240688,1536.549369568,1536.549378236,0.3703575130000445,0.014803454000002603,0.3521288800000093,0.003321260000120674
953,0,16,0.371625867000148,0.0023572200002490717,1536.65581223,1537.025080877,1536.655914212,1536.671431644,1537.021721578,1537.021744218,0.3692686469998989,0.0155174320000242,0.3502899340001022,0.003336658999842257
954,0,16,0.37288164799997503,0.0025106460000188235,1537.127970882,1537.498341884,1537.128072354,1537.143601106,1537.494856627,1537.494865683,0.3703710019999562,0.015528751999909218,0.3512555209999846,0.0034762010000122245
955,0,16,0.37626578100002916,0.002373898000087138,1537.602682151,1537.976574034,1537.602784241,1537.61813796,1537.973038555,1537.973047508,0.373891882999942,0.015353718999904231,0.35490059499989,0.0035265259998595866
956,6,16,0.5099594569999226,0.00243564599986712,1538.080373286,1538.587897097,1538.080472803,1538.095790503,1538.583855491,1538.583864445,0.5075238110000555,0.015317699999968681,0.4880649879999055,0.004032651999978043
957,0,16,0.38488465599994015,0.0023663859999487613,1538.691493714,1539.074011984,1538.691595701,1538.707173461,1539.070603294,1539.070612351,0.3825182699999914,0.015577759999814589,0.3634298330000547,0.0033996330000718444
958,2,16,0.42997060699985923,0.0026026739997178083,1539.177052973,1539.604420906,1539.177159591,1539.193070173,1539.600741966,1539.600751125,0.4273679330001414,0.015910582000060458,0.40767179299996315,0.0036697810000987374
959,0,16,0.3683136800000284,0.0024028170000747195,1539.708431542,1540.074342405,1539.708532191,1539.723684406,1540.070958312,1540.070966956,0.3659108629999537,0.015152215000171054,0.34727390599982755,0.0033754490000319493
960,6,16,0.4833630910000011,0.0024378059999889956,1540.178948703,1540.659873988,1540.179052131,1540.194956023,1540.655884662,1540.655893409,0.4809252850000121,0.015903892000096675,0.46092863900003067,0.00398057899997184
961,0,16,0.3759812260000217,0.0024028159998579213,1540.764346086,1541.137924496,1540.764447147,1540.780177219,1541.134605443,1541.134614705,0.3735784100001638,0.015730071999996653,0.35442822400000296,0.0033097909999924013
962,0,16,0.3736850279999544,0.002336025999966296,1541.242588836,1541.613937838,1541.242688662,1541.258328068,1541.610624239,1541.610633296,0.3713490019999881,0.01563940599999114,0.35229617099980715,0.0033045420000235026
963,0,16,0.3740971949998766,0.002396127999872988,1541.718229324,1542.089930391,1541.718331002,1541.733921112,1542.086604443,1542.086613191,0.3717010670000036,0.015590109999948254,0.35268333099998017,0.003317200000083176
964,4,16,0.49275103700006184,0.0025323849999949744,1542.194450036,1542.684668688,1542.194552023,1542.210158496,1542.680741213,1542.680750167,0.49021865200006687,0.015606473000161714,0.4705827169998429,0.003918521000059627
965,2,16,0.4184529770000154,0.002362269000059314,1542.78929104,1543.205381748,1542.789393748,1542.805550395,1543.201809735,1543.201818792,0.41609070799995607,0.016156646999888835,0.3962593400001424,0.0035629559999961202
966,0,16,0.373039788999904,0.00242479500002446,1543.309750625,1543.680365619,1543.309853333,1543.325449721,1543.67705443,1543.6770634,0.3706149939998795,0.015596387999949002,0.35160470899995744,0.0033022190000338014
967,1,16,0.41597225999998955,0.0023976939999101887,1543.784245007,1544.197819573,1543.784348873,1543.799691343,1544.194317673,1544.194327051,0.41357456600007936,0.015342469999950481,0.3946263299999373,0.00349252199998773
968,0,16,0.3797856609999144,0.0023969819999365427,1544.301544945,1544.678933624,1544.301647282,1544.316769482,1544.675588798,1544.67559787,0.37738867899997786,0.01512219999995068,0.3588193160001083,0.0033357539998633
969,1,16,0.3801194800000758,0.0023440790000677225,1544.782962747,1545.160738148,1544.783062638,1544.79870682,1545.157276613,1545.15728548,0.37777540100000806,0.015644181999959983,0.3585697930000151,0.0034526680001363275
970,0,16,0.37933642200005124,0.0025089740001931204,1545.263590899,1545.640418347,1545.263703939,1545.278812072,1545.636873549,1545.636882416,0.3768274479998581,0.015108133000012458,0.35806147700009205,0.003535930999987613
971,0,16,0.3801388050001151,0.002343426000152249,1545.74382328,1546.121618659,1545.743920405,1545.75938403,1546.118190553,1546.118199317,0.37779537899996285,0.015463625000165848,0.3588065229998847,0.0034193419999155594
972,0,16,0.3706326070000614,0.002406207000149152,1546.225257588,1546.593483988,1546.225361541,1546.240912507,1546.590131095,1546.590140369,0.36822639999991225,0.015550966000091648,0.3492185879999852,0.003343618999906539
973,4,16,0.44612604899998587,0.002405798999916442,1546.696866601,1547.140586851,1546.696969841,1546.712758778,1547.136862785,1547.136871549,0.4437202500000694,0.015788937000024816,0.42410400699986894,0.0037153020000459946
974,0,16,0.3703574370001661,0.002398972000264621,1547.243525321,1547.611483786,1547.243628764,1547.258974372,1547.608199074,1547.608207941,0.3679584649999015,0.01534560799996143,0.3492247019999013,0.003275844999961919
975,2,16,0.3969631950001258,0.0024802990001262515,1547.715044038,1548.109526934,1547.715146768,1547.730922455,1548.106038699,1548.106047158,0.3944828959999995,0.015775686999859317,0.3751162440000826,0.003479776000176571
976,0,16,0.3714652500000284,0.0024433040000531037,1548.213193075,1548.582215021,1548.213296926,1548.228819254,1548.578932653,1548.578946106,0.3690219459999753,0.015522327999860863,0.35011339900006533,0.0032689149998077482
977,3,16,0.41374916400013717,0.002571615000078964,1548.685375869,1549.096553418,1548.685480127,1548.701466269,1549.092965612,1549.092974377,0.4111775490000582,0.015986142000201653,0.39149934299985034,0.0035790409999663098
978,0,16,0.3802577399999336,0.0024620559997856617,1549.199493314,1549.577288998,1549.199598287,1549.215423811,1549.573821961,1549.573830929,0.37779568400014796,0.015825523999865254,0.35839815000008457,0.003458069000089381
979,0,16,0.3882552949999081,0.002339655999776369,1549.680072659,1550.065988298,1549.680177733,1549.695675703,1550.062362987,1550.062371751,0.3859156390001317,0.015497970000069472,0.3666872839999087,0.003616547000092396
980,0,16,0.3712912809999125,0.0024510490000011487,1550.169721294,1550.538561526,1550.169826776,1550.185629879,1550.535209449,1550.535218213,0.36884023199991134,0.015803103000052943,0.34957956999983253,0.0033433129999593802
981,0,16,0.37855209500003184,0.0024136459999226645,1550.64173124,1551.017869689,1550.641834174,1550.657476761,1551.014457481,1551.014466246,0.3761384490001092,0.015642587000002095,0.35698071999991043,0.0034034430000247085
982,3,16,0.4312836970000262,0.0026166610000473156,1551.121249347,1551.549916383,1551.121356561,1551.136914865,1551.546217999,1551.546226763,0.4286670359999789,0.015558304000023782,0.4093031339998561,0.0036896199999318924
983,0,16,0.37087893499983693,0.002456145999758519,1551.653319889,1552.021742678,1551.65344341,1551.66931826,1552.018442781,1552.018451953,0.3684227890000784,0.015874850000045626,0.34912452100002156,0.0032907249999425403
984,0,16,0.3707789559998673,0.002417824999838558,1552.125491879,1552.49385301,1552.125595629,1552.141451931,1552.490307804,1552.490316365,0.36836113100002876,0.015856301999974676,0.3488558730000477,0.003536645000167482
985,0,16,0.379647881999972,0.002433418000009624,1552.597721248,1552.974935712,1552.597821124,1552.613210453,1552.971465821,1552.971474484,0.3772144639999624,0.015389329000072394,0.35825536800007285,0.003461227999878247
986,1,16,0.40367040800015275,0.0024213920000875078,1553.078953866,1553.480202882,1553.079057309,1553.094703056,1553.476669396,1553.476677753,0.40124901600006524,0.01564574700000776,0.38196633999996266,0.0035251289998541324
987,0,16,0.3705940820000251,0.0023993780000637344,1553.583816333,1553.952011037,1553.583917126,1553.599739389,1553.948535235,1553.948544,0.36819470399996135,0.01582226300001821,0.34879584600003,0.003467036999836637
988,0,16,0.3674500099998568,0.002349898999909783,1554.055862459,1554.42096257,1554.055962743,1554.072130191,1554.417635888,1554.417644654,0.365100110999947,0.01616744800003289,0.34550569699990774,0.0033179160000145203
989,8,16,0.4823122800000874,0.00236659300003339,1554.524809159,1555.004754846,1554.524909041,1554.540378314,1555.0008303,1555.000838861,0.479945687000054,0.015469273000007888,0.46045198599995274,0.0039159850000487495
990,3,16,0.3983277330000874,0.0023555840000426542,1555.108110484,1555.504082633,1555.108211181,1555.124066733,1555.500570762,1555.500579935,0.39597214900004474,0.01585555200017552,0.3765040289999888,0.003502698000147575
991,0,16,0.3717257969999537,0.002486857999883796,1555.606981872,1555.976220811,1555.607166959,1555.623043711,1555.972835118,1555.972844087,0.3692389390000699,0.015876751999940097,0.3497914069998842,0.0033767239999633603
992,0,16,0.37114780600018094,0.002406849000180955,1556.079926851,1556.448667808,1556.080058023,1556.095808903,1556.445168779,1556.445177442,0.368740957,0.015750880000041434,0.3493598759998804,0.0034903660000509262
993,0,16,0.37299878299995726,0.0023129820001486223,1556.551477764,1556.922163565,1556.551578359,1556.567479979,1556.918686755,1556.918696437,0.37068580099980863,0.015901620000022376,0.35120677600002637,0.00346712799978377
994,2,16,0.424548692000144,0.0023770900002091366,1557.025852381,1557.448023983,1557.025956645,1557.041625989,1557.444173532,1557.444182196,0.42217160199993486,0.015669344000116325,0.40254754299985507,0.003841787000055774
995,0,16,0.36449383200010743,0.0024365090000628697,1557.550925871,1557.912983194,1557.551020046,1557.566804661,1557.909456442,1557.909465208,0.36205732300004456,0.01578461500002959,0.3426517809998586,0.003517985999906159
996,2,16,0.39145544600000903,0.002342028999919421,1558.016861785,1558.405975202,1558.016961158,1558.032674327,1558.402506137,1558.402515004,0.3891134170000896,0.01571316900003694,0.3698318100000506,0.003460198000084347
997,0,16,0.3812523980000151,0.002388401999951384,1558.509955815,1558.888819811,1558.510093714,1558.526333608,1558.885163825,1558.885175342,0.3788639960000637,0.016239893999909327,0.3588302170001043,0.003644469000164463
998,0,16,0.36578750700005,0.0024611730000287935,1558.992948413,1559.356274747,1558.993068883,1559.009019629,1559.352954078,1559.352963149,0.36332633400002123,0.01595074600004409,0.3439344490000167,0.003311597999982041
999,0,16,0.39631297100004304,0.002610690999972576,1559.460450334,1559.854152614,1559.46057325,1559.477372075,1559.850516298,1559.850524962,0.39370228000007046,0.0167988250000235,0.3731442230000539,0.003627651999977388
1000,0,16,0.36450871100009863,0.002376885000103357,1559.958064228,1560.320196054,1559.958165741,1559.974339488,1560.316745845,1560.31675461,0.36213182599999527,0.01617374700003893,0.3424063570000726,0.0034414439999181923
