request_id,num_generated_notes,generation_start_tick,round_trip_time,total_network_latency,server_request_arrival_time,server_response_output_time,server_preprocess_start_time,server_inference_start_time,server_inference_end_time,server_postprocess_start_time,server_processing_duration,preprocess_duration,inference_duration,postprocess_duration
1,0,16,0.2800777020165697,0.0019715959788300097,345802.816165616,345803.094271722,345802.816285015,345802.818622509,345803.092868326,345803.092876726,0.27810610603773966,0.002337493991944939,0.2742458169814199,0.001394996012095362
2,0,16,0.20629208598984405,0.002560993016231805,345803.196993166,345803.400724259,345803.197155466,345803.199023661,345803.399349262,345803.399357462,0.20373109297361225,0.0018681950168684125,0.2003256009775214,0.0013667969615198672
3,4,16,0.20219909702427685,0.002511894970666617,345803.503532003,345803.703219205,345803.503635702,345803.505450298,345803.701837408,345803.701845808,0.19968720205361024,0.0018145960057154298,0.19638710998697206,0.0013733970117755234
4,0,16,0.17809845600277185,0.0024811940384097397,345803.806088749,345803.981706011,345803.806193348,345803.809288341,345803.980476114,345803.980484414,0.17561726196436211,0.0030949930078350008,0.17118777299765497,0.0012215970200486481
5,0,16,0.17678305896697566,0.0024830929469317198,345804.084536355,345804.258836321,345804.084639855,345804.087777147,345804.257612624,345804.257622424,0.17429996602004394,0.0031372919911518693,0.16983547696145251,0.00121389701962471
6,0,16,0.17621386097744107,0.002452993008773774,345804.361613964,345804.535374832,345804.361717864,345804.364808057,345804.534136335,345804.534144335,0.1737608679686673,0.0030901930294930935,0.169328277988825,0.0012304969714023173
7,1,16,0.18621193600120023,0.002465393044985831,345804.638147575,345804.821894118,345804.638252275,345804.641388267,345804.820603621,345804.820611621,0.1837465429562144,0.003135991981253028,0.17921535403002053,0.0012824969599023461
8,1,16,0.19410831696586683,0.002536994987167418,345804.924706162,345805.116277484,345804.924809461,345804.927884954,345805.114867388,345805.114875588,0.19157132197869942,0.0030754930339753628,0.1869824339519255,0.0014018960064277053
9,0,16,0.1865222349879332,0.0025244939606636763,345805.219155128,345805.403152869,345805.219260628,345805.223031018,345805.401800073,345805.401808173,0.1839977410272695,0.003770390001591295,0.1787690549972467,0.0013446960365399718
10,3,16,0.22162564797326922,0.002739592979196459,345805.506154113,345805.725040168,345805.506257713,345805.509944203,345805.723525271,345805.723533771,0.21888605499407277,0.0036864900030195713,0.2135810679756105,0.0015063969767652452
11,0,16,0.17454306600848213,0.002451694046612829,345805.827837711,345805.999929083,345805.827940111,345805.831384403,345805.998575586,345805.998583786,0.1720913719618693,0.0034442920004948974,0.1671911830198951,0.0013452969724312425
12,2,16,0.19310771900927648,0.002505294047296047,345806.102696427,345806.293298852,345806.102802527,345806.105006121,345806.291895555,345806.291904255,0.19060242496198043,0.002203593961894512,0.1868894340004772,0.0013945969985798001
13,0,16,0.17449086502892897,0.0024689940037205815,345806.396137896,345806.568159767,345806.396241896,345806.399802087,345806.56687277,345806.56688077,0.17202187102520838,0.003560190962161869,0.16707068303367123,0.0012789969914592803
14,0,16,0.17365786799928173,0.002516194013878703,345806.670910211,345806.842051885,345806.671015011,345806.674612602,345806.840746488,345806.840755488,0.17114167398540303,0.003597591014113277,0.16613388602854684,0.0012963969493284822
15,2,16,0.1940626170253381,0.0024984939955174923,345806.944838629,345807.136402752,345806.944942429,345806.94844752,345807.135010355,345807.135019255,0.19156412302982062,0.0035050909500569105,0.18656283500604331,0.0013834970304742455
16,0,16,0.1860156359616667,0.002505392942111939,345807.239185496,345807.422695739,345807.239291796,345807.242790587,345807.421253442,345807.421262142,0.18351024301955476,0.003498791018500924,0.17846285499399528,0.001433597004506737
17,0,16,0.17688695900142193,0.0025023939670063555,345807.525498783,345807.699883348,345807.525600282,345807.529269773,345807.698551552,345807.698559852,0.17438456503441557,0.0036694909795187414,0.1692817790317349,0.0013234959915280342
18,0,16,0.1786147549864836,0.0024512939853593707,345807.802740592,345807.978904053,345807.802844692,345807.806723782,345807.977478657,345807.977487157,0.17616346100112423,0.0038790899561718106,0.17075487499823794,0.001416896004229784
19,0,16,0.17788205697434023,0.002511093975044787,345808.081767697,345808.25713866,345808.081884697,345808.085654388,345808.255752564,345808.255760864,0.17537096299929544,0.003769690985791385,0.17009817599318922,0.0013777959975413978
20,0,16,0.1756968629779294,0.0026984940050169826,345808.360109704,345808.533108073,345808.360225504,345808.363979894,345808.531826876,345808.531835176,0.17299836897291243,0.003754390054382384,0.16784698195988312,0.0012728970032185316
21,0,16,0.17345586803276092,0.0024999940069392323,345808.635899017,345808.806854891,345808.636000617,345808.639453108,345808.805524295,345808.805533795,0.17095587402582169,0.0034524910151958466,0.16607118700630963,0.001321096031460911
22,1,16,0.1833800440072082,0.0024668940459378064,345808.909664135,345809.090577285,345808.909769135,345808.913510726,345809.089180988,345809.089189088,0.1809131499612704,0.003741591004654765,0.1756702620186843,0.0013881970080547035
23,0,16,0.17628406395670027,0.002633293974213302,345809.19349603,345809.3671468,345809.19360163,345809.197207521,345809.365839403,345809.365847803,0.17365076998248696,0.0036058910191059113,0.16863188199931756,0.001298996969126165
24,1,16,0.18432604405097663,0.0024681940558366477,345809.469934146,345809.651791996,345809.470070945,345809.473785036,345809.650334899,345809.650343299,0.18185784999514,0.003714091028086841,0.1765498630120419,0.0014486969448626041
25,4,16,0.23396962200058624,0.0024694949970580637,345809.754503142,345809.986003269,345809.754605541,345809.756951436,345809.984190473,345809.984199473,0.23150012700352818,0.002345894987229258,0.22723903699079528,0.0018037959816865623
26,0,16,0.17786525998963043,0.0024644940276630223,345810.088789015,345810.264189781,345810.088893414,345810.092605805,345810.262843384,345810.262852584,0.1754007659619674,0.0037123910151422024,0.1702375789755024,0.001337196968961507
27,0,16,0.17761876102304086,0.0024375940556637943,345810.366895526,345810.542076693,345810.366997126,345810.370867617,345810.540751996,345810.540760196,0.17518116696737707,0.003870490996632725,0.16988437896361575,0.001316496985964477
28,0,16,0.17646226298529655,0.0024825939908623695,345810.644861339,345810.818841008,345810.645057038,345810.648638529,345810.817552712,345810.817560912,0.17397966899443418,0.0035814910079352558,0.16891418298473582,0.0012800960103049874
29,4,16,0.2174882619874552,0.002489293983671814,345810.921571954,345811.136570922,345810.921676154,345810.925505944,345811.135023426,345811.135031626,0.21499896800378338,0.003829789988230914,0.20951748196966946,0.0015392960049211979
30,0,16,0.17571916501037776,0.002453794004395604,345811.239360368,345811.412625739,345811.239463768,345811.243276158,345811.411339843,345811.411348143,0.17326537100598216,0.003812389972154051,0.1680636850069277,0.001277595991268754
31,0,16,0.17665266303811222,0.0024956940324045718,345811.515402485,345811.689559454,345811.515507385,345811.519249676,345811.688275558,345811.688283757,0.17415696900570765,0.0037422910099849105,0.16902588197262958,0.0012756969663314521
32,0,16,0.2083988839876838,0.0024690930149517953,345811.7923578,345811.998287591,345811.7924614,345811.796137491,345811.996778994,345811.996787494,0.205929790972732,0.0036760910297743976,0.20064150297548622,0.0015000969870015979
33,0,16,0.1867255379911512,0.002597093000076711,345812.101105636,345812.285234081,345812.101212736,345812.105265126,345812.283322886,345812.283335686,0.1841284449910745,0.0040523899951949716,0.17805776000022888,0.0018983949557878077
34,0,16,0.17617776500992477,0.0024585940409451723,345812.388071626,345812.561790797,345812.388176526,345812.39082622,345812.5603823,345812.5603907,0.1737191709689796,0.0026496939826756716,0.1695560800144449,0.0014000969822518528
35,0,16,0.17976305598858744,0.0025789940264075994,345812.664657342,345812.841841404,345812.664764142,345812.668629433,345812.840250108,345812.840258808,0.17718406196217984,0.0038652910152450204,0.17162067495519295,0.0015825959853827953
36,0,16,0.17794756003422663,0.0024996940046548843,345812.94466135,345813.120109216,345812.94476465,345812.94861894,345813.118690719,345813.118699019,0.17544786602957174,0.0038542900001630187,0.17007177899358794,0.0014101970009505749
37,0,16,0.1751848669955507,0.0025284939911216497,345813.222932562,345813.395588935,345813.223037161,345813.225596455,345813.394131138,345813.394139838,0.17265637300442904,0.002559293992817402,0.16853468300541863,0.0014490970061160624
38,0,16,0.1774828610359691,0.002512094040866941,345813.49840148,345813.673372247,345813.49850738,345813.501935071,345813.671971151,345813.671979551,0.17497076699510217,0.0034276910009793937,0.17003608000231907,0.0013926959945820272
39,0,16,0.17737716203555465,0.002838494081515819,345813.776465493,345813.951004161,345813.776598292,345813.780162783,345813.949579064,345813.949587364,0.17453866795403883,0.0035644909949041903,0.16941628098720685,0.0014167969929985702
40,1,16,0.1938592200167477,0.0025236940127797425,345814.053803307,345814.245138833,345814.053906206,345814.057212198,345814.243658937,345814.243671237,0.19133552600396797,0.0033059919951483607,0.18644673901144415,0.0014675959828309715
41,0,16,0.1759561650105752,0.002533294027671218,345814.348020779,345814.52144365,345814.348121979,345814.35154467,345814.520143153,345814.520151453,0.173422870982904,0.003422691021114588,0.16859848296735436,0.0012921970337629318
42,0,16,0.2011106020072475,0.002505893004126847,345814.624277396,345814.822882105,345814.624383296,345814.627714587,345814.821436508,345814.821445208,0.19860470900312066,0.0033312910236418247,0.19372192095033824,0.0014368970296345651
43,0,16,0.2105456800200045,0.0025534950545988977,345814.925678251,345815.133670436,345814.92578405,345814.929081242,345815.13217944,345815.13218764,0.2079921849654056,0.00329719198634848,0.2030981979914941,0.0014827959821559489
44,0,16,0.18436804396333173,0.0024997939472086728,345815.236588982,345815.418457232,345815.236690881,345815.239256475,345815.417067135,345815.417075535,0.18186825001612306,0.002565593982581049,0.17781065998133272,0.0013816970167681575
45,0,16,0.18378544499864802,0.002480792987626046,345815.521233978,345815.70253863,345815.521337578,345815.524787069,345815.701013533,345815.701022033,0.18130465201102197,0.0034494909923523664,0.17622646398376673,0.0015165969962254167
46,0,16,0.17707786202663556,0.0026099930400960147,345815.805440875,345815.979908744,345815.805546575,345815.808911567,345815.978502447,345815.978511747,0.17446786898653954,0.0033649919787421823,0.1695908800465986,0.0013969970168545842
47,0,16,0.17542926705209538,0.00251899502472952,345816.08274069,345816.255650962,345816.082842389,345816.086225281,345816.254334465,345816.254342665,0.17291027202736586,0.0033828919986262918,0.16810918401461095,0.0013082969817332923
48,0,16,0.17621986399171874,0.0025150940055027604,345816.358489908,345816.532194678,345816.358593508,345816.362062899,345816.530854082,345816.530862582,0.17370476998621598,0.0034693909692578018,0.16879118303768337,0.0013320959988050163
49,1,16,0.1811839520232752,0.0024854930234141648,345816.634909524,345816.813607983,345816.635010524,345816.637647918,345816.812125986,345816.812134086,0.17869845899986103,0.002637394005432725,0.17447806795826182,0.0014738970203325152
50,0,16,0.1757743660127744,0.0025212939945049584,345816.916448428,345817.0897015,345816.916555728,345816.91995632,345817.088369503,345817.088377703,0.17325307201826945,0.0034005920169875026,0.1684131829533726,0.0013237970415502787
51,0,16,0.1777853569947183,0.0025789940264075994,345817.192571845,345817.367778208,345817.192675444,345817.197520532,345817.366454312,345817.366463012,0.1752063629683107,0.00484508799854666,0.1689337799907662,0.0013151959865354002
52,1,16,0.18493634002516046,0.002531594014726579,345817.470520753,345817.652925499,345817.470625153,345817.474145844,345817.651394903,345817.651403503,0.18240474601043388,0.003520691010635346,0.17724905902286991,0.0015219959896057844
53,0,16,0.173981067026034,0.0025401940220035613,345817.755795343,345817.927236216,345817.755912243,345817.759510334,345817.92585692,345817.92586702,0.17144087300403044,0.003598091017920524,0.16634658601833507,0.0013691960484720767
54,0,16,0.1766272610402666,0.002546594012528658,345818.03009306,345818.204173727,345818.03020096,345818.033861251,345818.202783831,345818.202792231,0.17408066702773795,0.003660291025880724,0.16892257996369153,0.0013814960257150233
55,0,16,0.17875625501619652,0.003183591994456947,345818.307016971,345818.482589634,345818.307121471,345818.310777262,345818.481145238,345818.481153738,0.17557266302173957,0.003655791049823165,0.17036797595210373,0.0014358960324898362
56,0,16,0.17778185702627525,0.0024457930121570826,345818.586039977,345818.761376041,345818.586142877,345818.589641768,345818.759976144,345818.759984844,0.17533606401411816,0.0034988910192623734,0.17033437598729506,0.0013911969726905227
57,0,16,0.17677995999110863,0.002427993982564658,345818.864110185,345819.038462151,345818.864213185,345818.867671576,345819.037118454,345819.037126954,0.17435196600854397,0.0034583910019136965,0.169446878018789,0.0013351970119401813
58,2,16,0.20143639901652932,0.002507894008886069,345819.141242795,345819.3401713,345819.141343195,345819.144740687,345819.338584504,345819.338592904,0.19892850500764325,0.003397491993382573,0.19384381698910147,0.001578396011609584
59,0,16,0.19425791699904948,0.0025293939979746938,345819.442997145,345819.634725668,345819.443101644,345819.446562736,345819.633331471,345819.633339771,0.1917285230010748,0.003461092012003064,0.18676873500226066,0.0013858969905413687
60,0,16,0.17304146895185113,0.0025565929827280343,345819.737541612,345819.908026488,345819.737647811,345819.740513004,345819.906726391,345819.906734891,0.1704848759691231,0.0028651930042542517,0.16621338698314503,0.0012915969709865749
61,0,16,0.17543456301791593,0.002611492993310094,345820.010973631,345820.183796701,345820.011080231,345820.014649022,345820.182129006,345820.182137206,0.17282307002460584,0.003568791027646512,0.1674799839965999,0.0016594949993304908
62,0,16,0.17530276300385594,0.0025581929949112236,345820.286625146,345820.459369716,345820.286730545,345820.290246637,345820.457965819,345820.457974319,0.17274457000894472,0.003516092023346573,0.1677191819762811,0.0013953970046713948
63,0,16,0.17769035801757127,0.0025242940173484385,345820.56224906,345820.737415124,345820.56235116,345820.56609955,345820.735922928,345820.735931428,0.17516606400022283,0.0037483900086954236,0.16982337803347036,0.0014836960472166538
64,0,16,0.1756731629720889,0.0025663929409347475,345820.840285368,345821.013392138,345820.840390868,345820.843920159,345821.012064241,345821.012072341,0.17310677003115416,0.0035292909597046673,0.168144082010258,0.0013197970110923052
65,0,16,0.17721995897591114,0.0025685940054245293,345821.116332482,345821.290983847,345821.116435081,345821.120242772,345821.289512651,345821.289520951,0.1746513649704866,0.0038076909841038287,0.1692698789993301,0.0014628960052505136
66,0,16,0.17512596503365785,0.0025611940072849393,345821.393882891,345821.566447662,345821.393990491,345821.396919384,345821.564812466,345821.564820966,0.1725647710263729,0.002928893023636192,0.1678930819616653,0.0016266960301436484
67,0,16,0.17518446501344442,0.0025534940068610013,345821.669199806,345821.841830777,345821.669304906,345821.672870797,345821.84043318,345821.84044148,0.17263097100658342,0.003565891005564481,0.16756238299421966,0.0013892970164306462
68,2,16,0.21324877004371956,0.0024539940641261637,345821.944631521,345822.155426297,345821.944734121,345821.948399912,345822.153844201,345822.153852901,0.2107947759795934,0.003665791009552777,0.2054442890221253,0.0015733959735371172
69,0,16,0.19699420995311812,0.0025209939340129495,345822.258226241,345822.452699457,345822.258330241,345822.262508931,345822.451111461,345822.451122161,0.19447321601910517,0.004178689967375249,0.18860252999002114,0.0015772960032336414
70,0,16,0.17796865699347109,0.002493693958967924,345822.555491002,345822.730965965,345822.555594101,345822.558570694,345822.72917517,345822.72918387,0.17547496303450316,0.0029765929793938994,0.1706044760067016,0.0017820950015448034
71,1,16,0.1847688399720937,0.002486593963112682,345822.83376961,345823.016051856,345822.833873109,345822.836924802,345823.01455846,345823.01456666,0.18228224600898102,0.0030516929691657424,0.17763365799328312,0.001485196000430733
72,0,16,0.17578826198587194,0.0025356929982081056,345823.118880901,345823.29213347,345823.1189852,345823.122017593,345823.290594174,345823.290602373,0.17325256898766384,0.003032392996829003,0.16857658099615946,0.0015310969902202487
73,4,16,0.21605586196528748,0.0026323929778300226,345823.395062014,345823.608485483,345823.395166113,345823.399556403,345823.606930987,345823.606939387,0.21342346898745745,0.004390290006995201,0.2073745839879848,0.001546095998492092
74,0,16,0.17478426499292254,0.00251269293949008,345823.711360727,345823.883632299,345823.711465227,345823.714513719,345823.882250402,345823.882259002,0.17227157205343246,0.003048492013476789,0.16773668298264965,0.001373297011014074
75,2,16,0.22563013900071383,0.0025324940215796232,345823.986400143,345824.209497788,345823.986504643,345823.989549335,345824.207830792,345824.207838792,0.2230976449791342,0.003044691984541714,0.21828145702602342,0.0016589959850534797
76,0,16,0.18465584103250876,0.002485394070390612,345824.312370432,345824.494540879,345824.312470532,345824.315685024,345824.493093983,345824.493102983,0.18217044696211815,0.0032144919969141483,0.17740895895985886,0.001437895989511162
77,0,16,0.1761782620451413,0.002491394057869911,345824.597352424,345824.771039292,345824.597455524,345824.600595816,345824.769655395,345824.769663495,0.1736868679872714,0.0031402919557876885,0.16905957902781665,0.0013757969718426466
78,0,16,0.1754687640350312,0.0024539940641261637,345824.873873836,345825.046888606,345824.873976036,345824.877099028,345825.045537009,345825.045545109,0.17301476997090504,0.003122991998679936,0.16843798104673624,0.0013434969587251544
79,0,16,0.17622586496872827,0.002473694970831275,345825.149683751,345825.323435921,345825.14978795,345825.153030642,345825.322019924,345825.322028524,0.173752169997897,0.0032426920370198786,0.16898928198497742,0.0014073969796299934
80,0,16,0.17476596700726077,0.002500893024262041,345825.426247467,345825.598512541,345825.426351566,345825.429449559,345825.597050644,345825.597058944,0.17226507398299873,0.003097993030678481,0.16760108497692272,0.0014535969821736217
81,0,16,0.2109906779951416,0.0025364930042997003,345825.701384886,345825.909839071,345825.701489586,345825.704647778,345825.908250975,345825.908259275,0.2084541849908419,0.003158192033879459,0.20360319700557739,0.001579795964062214
82,0,16,0.17570506600895897,0.0025256939698010683,345826.012669716,345826.185849088,345826.012772716,345826.015974108,345826.184426492,345826.184434592,0.1731793720391579,0.003201392013579607,0.16845238400856033,0.001414495985955
83,0,16,0.19386701995972544,0.0024403929128311574,345826.288624534,345826.480051161,345826.288727934,345826.292005826,345826.478450965,345826.478459965,0.19142662704689428,0.0032778920140117407,0.18644513899926096,0.0015911960508674383
84,0,16,0.17559856601292267,0.002496093977242708,345826.582757807,345826.755860279,345826.582859106,345826.586009299,345826.754544282,345826.754552282,0.17310247203567997,0.0031501929624937475,0.16853498300770298,0.0013079970376566052
85,0,16,0.17637126398039982,0.0024434939841739833,345826.858686224,345827.032613994,345826.858789224,345826.861881617,345827.031248098,345827.031256598,0.17392776999622583,0.003092392988037318,0.1693664810154587,0.0013573959586210549
86,0,16,0.17170397599693388,0.0025056939921341836,345827.13540364,345827.304601922,345827.13550774,345827.138636232,345827.303262425,345827.303270625,0.1691982820047997,0.0031284919823519886,0.1646261930000037,0.0013312969822436571
87,0,16,0.2034898970159702,0.002503494033589959,345827.407440068,345827.608426471,345827.407545367,345827.439023189,345827.607038474,345827.607046874,0.20098640298238024,0.03147782199084759,0.16801528498763219,0.0013795970007777214
88,2,16,0.1948954180115834,0.0024782930267974734,345827.711255916,345827.903673041,345827.711357016,345827.714554408,345827.902223944,345827.902232144,0.19241712498478591,0.0031973919831216335,0.1876695360406302,0.0014408969436772168
89,3,16,0.20234600000549108,0.002609594026580453,345828.006601886,345828.206338292,345828.006706786,345828.009984078,345828.204837996,345828.204846596,0.19973640597891062,0.0032772920094430447,0.19485391798662022,0.001491695991717279
90,0,16,0.17664606304606423,0.0025218940572813153,345828.309241938,345828.483366107,345828.309346438,345828.31264873,345828.481947611,345828.481955711,0.1741241689887829,0.003302292025182396,0.1692988810245879,0.001410396012943238
91,0,16,0.17246467398945242,0.002487093966919929,345828.586152953,345828.756130533,345828.586255953,345828.589539645,345828.754758437,345828.754766937,0.1699775800225325,0.0032836919999681413,0.16521879198262468,0.0013635960058309138
92,0,16,0.1755163660272956,0.002475994057022035,345828.858858279,345829.031898651,345828.858962079,345828.863882767,345829.030524755,345829.030532855,0.17304037197027355,0.00492068799212575,0.16664198803482577,0.0013657959643751383
93,0,16,0.175587365985848,0.002478092967066914,345829.134640897,345829.30775017,345829.134744097,345829.138053989,345829.306323273,345829.306331873,0.1731092730187811,0.003309891966637224,0.16826928401133046,0.0014182970044203103
94,0,16,0.193661121011246,0.002521593007259071,345829.410612515,345829.601752043,345829.410717815,345829.414006007,345829.600227247,345829.600235746,0.19113952800398692,0.0032881920342333615,0.1862212399719283,0.0015162969939410686
95,0,16,0.1762469649547711,0.002460394927766174,345829.704539089,345829.878325659,345829.704641088,345829.70795938,345829.876945463,345829.876953962,0.17378657002700493,0.0033182919723913074,0.16898608300834894,0.0013716969988308847
96,0,16,0.17580686503788456,0.0025465930229984224,345829.981195505,345830.154455777,345829.981299205,345829.984599196,345830.15302768,345830.15303638,0.17326027201488614,0.003299991018138826,0.16842848400119692,0.001419397012796253
97,0,16,0.17626226495485753,0.0026256939745508134,345830.257346922,345830.430983493,345830.257460422,345830.260973313,345830.429485997,345830.429494197,0.17363657098030671,0.003512891009449959,0.168512684002053,0.0014892959734424949
98,0,16,0.17293827194953337,0.002528092940337956,345830.533820839,345830.704231018,345830.533921739,345830.53730463,345830.702801821,345830.702810421,0.17041017900919542,0.0033828909508883953,0.1654971910174936,0.001420597021933645
99,0,16,0.17715076298918575,0.0025057949824258685,345830.807043264,345830.981688232,345830.807145463,345830.810566555,345830.980256535,345830.980265235,0.17464496800675988,0.003421091998461634,0.16968997998628765,0.0014229969820007682
100,0,16,0.1751969670294784,0.0024547940120100975,345831.084492478,345831.257234651,345831.084595178,345831.087964569,345831.255811654,345831.255820654,0.1727421730174683,0.0033693909645080566,0.16784708498744294,0.0014139970298856497
101,0,16,0.17635406402405351,0.002488994039595127,345831.360080997,345831.533946067,345831.360212996,345831.363612588,345831.532530371,345831.532538771,0.1738650699844584,0.0033995919511653483,0.168917783012148,0.0014072959893383086
102,0,16,0.17630336404545233,0.002481693052686751,345831.636684413,345831.810506084,345831.636785913,345831.640296904,345831.809052087,345831.809060587,0.17382167099276558,0.0035109909949824214,0.16875518299639225,0.0014454969787038863
103,0,16,0.1853433420183137,0.002560993074439466,345831.913387629,345832.096169978,345831.913489629,345831.916929321,345832.094745281,345832.094753381,0.18278234894387424,0.0034396920236758888,0.17781595996348187,0.0014165969914756715
104,0,16,0.18335944699356332,0.0024595939903520048,345832.198975724,345832.379875577,345832.199078023,345832.202553915,345832.37843108,345832.37843918,0.18089985300321132,0.0034758919500745833,0.1758771650493145,0.0014363969676196575
105,0,16,0.1758318659849465,0.002582093991804868,345832.482724422,345832.655974194,345832.482827822,345832.486314513,345832.654417598,345832.654425598,0.17324977199314162,0.003486691042780876,0.16810308495769277,0.0015485960175283253
106,0,16,0.18689373799134046,0.002532792976126075,345832.75880404,345832.943164985,345832.75893144,345832.763275929,345832.941441889,345832.941450389,0.18436094501521438,0.004344489017967135,0.17816595995100215,0.0017145960009656847
107,0,16,0.1776185590424575,0.0024804940330795944,345833.045982831,345833.221120896,345833.04608503,345833.049588422,345833.219622799,345833.219646899,0.1751380650093779,0.0035033919848501682,0.17003437702078372,0.0014739970210939646
108,0,16,0.17632635904010385,0.002631593029946089,345833.323965639,345833.497660405,345833.324069838,345833.32758893,345833.496168009,345833.496176709,0.17369476601015776,0.0035190920461900532,0.16857907897792757,0.001483695989008993
109,0,16,0.1767126580234617,0.0026516920188441873,345833.600695047,345833.774756013,345833.600799847,345833.604292638,345833.773133017,345833.773141617,0.1740609660046175,0.003492791031021625,0.1688403789885342,0.0016143959946930408
110,0,16,0.17647535901051015,0.0024929940118454397,345833.877584856,345834.051567221,345833.877688155,345833.881235647,345834.050160925,345834.050169425,0.1739823649986647,0.0035474920296110213,0.1689252780051902,0.0013977959752082825
111,3,16,0.20253849402070045,0.0025198940420523286,345834.154436264,345834.354454864,345834.154539364,345834.158040455,345834.352901668,345834.352909868,0.20001859997864813,0.003501091036014259,0.19486121297813952,0.0015449959901161492
112,4,16,0.2193906520260498,0.002484794007614255,345834.457285408,345834.674191266,345834.457389707,345834.461010198,345834.67258317,345834.67259137,0.21690585801843554,0.0036204910138621926,0.21157297200988978,0.0015998960006982088
113,0,16,0.17749355599517003,0.002511293045245111,345834.777061709,345834.952043972,345834.777164709,345834.7807905,345834.950602475,345834.950611075,0.17498226294992492,0.0036257909960113466,0.16981197497807443,0.0014328969991765916
114,0,16,0.17470316297840327,0.00250089296605438,345835.054895915,345835.227098185,345835.054998215,345835.058548506,345835.225690988,345835.225699288,0.1722022700123489,0.0035502910031937063,0.167142482008785,0.0013988969731144607
115,0,16,0.17603316000895575,0.002554594015236944,345835.329963228,345835.503441794,345835.330078328,345835.333666219,345835.501953498,345835.501962298,0.1734785659937188,0.0035878909984603524,0.16828727896790951,0.0014794960152357817
116,2,16,0.19341081596212462,0.0024918929557316005,345835.606246338,345835.797165261,345835.606346537,345835.609921629,345835.795644065,345835.795652465,0.19091892300639302,0.0035750920069403946,0.18572243599919602,0.0015127959777601063
117,0,16,0.17635285999858752,0.002501994022168219,345835.899960204,345836.07381107,345835.900106204,345835.903719995,345836.072396474,345836.072405473,0.1738508659764193,0.003613791021052748,0.1686764790210873,0.0014055970241315663
118,1,16,0.2125439690425992,0.0024616930750198662,345836.176588013,345836.386670289,345836.176689613,345836.180337604,345836.385022393,345836.385031193,0.21008227596757933,0.0036479909904301167,0.20468478900147602,0.0016390960081480443
119,0,16,0.2077412810176611,0.0024938940186984837,345836.489517632,345836.694765019,345836.489618031,345836.493256722,345836.693180923,345836.693189423,0.2052473869989626,0.0036386909778229892,0.19992420100606978,0.0015755959902890027
120,0,16,0.184367640002165,0.002514994004741311,345836.797566562,345836.979419208,345836.797669562,345836.801399053,345836.977786512,345836.977795212,0.18185264599742368,0.003729491028934717,0.17638745898148045,0.0016239960095845163
121,0,16,0.18622303497977555,0.0025166929699480534,345837.082288951,345837.265995293,345837.082392251,345837.086043742,345837.264164397,345837.264172997,0.1837063420098275,0.0036514910170808434,0.1781206550076604,0.0018222960061393678
122,0,16,0.17648395901778713,0.00260619301116094,345837.368811436,345837.542689202,345837.368916736,345837.372632226,345837.541001606,345837.541010006,0.1738777660066262,0.0037154899910092354,0.16836938000051305,0.001679196022450924
123,0,16,0.17954365100013092,0.0024729929864406586,345837.645532445,345837.822603103,345837.645637345,345837.650791832,345837.820894207,345837.820902807,0.17707065801369026,0.005154487036634237,0.1701023749774322,0.0017002960084937513
124,0,16,0.17607055994449183,0.002455493959132582,345837.925447346,345838.099062412,345837.925550346,345837.929253036,345838.097663416,345838.097671616,0.17361506598535925,0.003702690009959042,0.16841038002166897,0.0013907959801144898
125,0,16,0.1757930609746836,0.0024449939955957234,345838.201812756,345838.375160823,345838.201913256,345838.205719246,345838.373761327,345838.373769926,0.1733480669790879,0.0038059899816289544,0.16804208100074902,0.0013908969704061747
126,3,16,0.20261229400057346,0.002502692979760468,345838.478011166,345838.678120767,345838.478115766,345838.481887057,345838.67660577,345838.67661407,0.200109601020813,0.0037712909979745746,0.19471871299901977,0.0015066969790495932
127,0,16,0.17830475501250476,0.002643893996719271,345838.78095121,345838.956612071,345838.78105421,345838.785543798,345838.955206575,345838.955214975,0.17566086101578549,0.00448958802735433,0.1696627769852057,0.001397096028085798
128,2,16,0.19206242001382634,0.0025360939907841384,345839.059409915,345839.248936241,345839.059515914,345839.064458302,345839.247364545,345839.247372745,0.1895263260230422,0.004942387982737273,0.18290624301880598,0.0015634960145689547
129,0,16,0.17595935997087508,0.002527492993976921,345839.351749885,345839.525181752,345839.351868184,345839.355668575,345839.523766955,345839.523775555,0.17343186697689816,0.003800390986725688,0.16809838003246114,0.0014061969704926014
130,4,16,0.2163232599850744,0.002562294015660882,345839.628082895,345839.841843861,345839.628185295,345839.632038585,345839.840079266,345839.840087966,0.21376096596941352,0.0038532900507561862,0.20804068096913397,0.0017558949766680598
131,0,16,0.1740380660048686,0.002522894006688148,345839.944682704,345840.116197876,345839.944785704,345839.948617795,345840.11474808,345840.11475648,0.17151517199818045,0.003832090995274484,0.16613028501160443,0.0014413960161618888
132,0,16,0.17543826199835166,0.0024824930005706847,345840.219070219,345840.392025988,345840.219173719,345840.22301321,345840.390559191,345840.390567591,0.17295576899778098,0.003839490993414074,0.16754598100669682,0.0014583970187231898
133,0,16,0.18420383997727185,0.002466993930283934,345840.494864231,345840.676601077,345840.494966931,345840.498800321,345840.675089481,345840.675097681,0.18173684604698792,0.00383339001564309,0.17628915997920558,0.0015033960225991905
134,0,16,0.17487176303984597,0.002510294027160853,345840.779382521,345840.95174399,345840.77948692,345840.783431811,345840.950021995,345840.950031395,0.17236146901268512,0.0039448910392820835,0.16659018397331238,0.0017125949962064624
135,1,16,0.1857275380170904,0.002504094038158655,345841.054562234,345841.237785678,345841.054667834,345841.058552224,345841.236176482,345841.236184982,0.18322344397893175,0.0038843899965286255,0.17762425797991455,0.0016006960067898035
136,0,16,0.1759625650011003,0.002508295001462102,345841.340599824,345841.514054094,345841.340702423,345841.344525714,345841.512535898,345841.512543898,0.1734542699996382,0.0038232909864746034,0.1680101840174757,0.0015101959579624236
137,0,16,0.17582276498433203,0.0024973939871415496,345841.616840339,345841.79016571,345841.616945939,345841.620880629,345841.788652114,345841.788660614,0.17332537099719048,0.003934689972084016,0.16777148499386385,0.0015050959773361683
138,0,16,0.1758948640199378,0.0025898939929902554,345841.893040556,345842.066345526,345841.893142855,345841.897094046,345842.06487063,345842.06487913,0.17330497002694756,0.00395119097083807,0.16777658398495987,0.0014663960319012403
139,1,16,0.18618394003715366,0.002513594983611256,345842.169279872,345842.352950217,345842.169384571,345842.173333562,345842.35153122,345842.35153982,0.1836703450535424,0.0039489909540861845,0.17819765803869814,0.0014103970024734735
140,7,16,0.26515664404723793,0.002617294085212052,345842.455803262,345842.718342612,345842.455908362,345842.459875152,345842.716358117,345842.716372517,0.2625393499620259,0.003966789983678609,0.25648296502185985,0.001970094977878034
141,1,16,0.18392354500247166,0.002569394011516124,345842.821299157,345843.002653308,345842.821403457,345842.825365247,345843.001121312,345843.001129412,0.18135415099095553,0.003961789945606142,0.17575606500031427,0.0015238960040733218
142,2,16,0.20410389505559579,0.002572894038166851,345843.105591953,345843.307122954,345843.105697853,345843.109765743,345843.305546258,345843.305554258,0.20153100101742893,0.004067889996804297,0.19578051497228444,0.0015686959959566593
143,0,16,0.175860564049799,0.002451492997352034,345843.4099309,345843.583339971,345843.4100667,345843.41405309,345843.581965474,345843.581974174,0.17340907105244696,0.0039863899582996964,0.16791238402947783,0.0013657970121130347
144,0,16,0.17913745698751882,0.0025301940040662885,345843.686117716,345843.862724979,345843.686223816,345843.690227106,345843.861321382,345843.861329882,0.17660726298345253,0.004003289970569313,0.17109427601099014,0.0013950970023870468
145,0,16,0.17537536600138992,0.0024473940138705075,345843.965466225,345844.138394197,345843.965570824,345843.969676114,345844.1368887,345844.1368971,0.1729279719875194,0.0041052899905480444,0.16721258603502065,0.0014970969641581178
146,0,16,0.17624606401659548,0.002614694065414369,345844.241278242,345844.414909612,345844.241384042,345844.245407932,345844.413432816,345844.413440816,0.1736313699511811,0.004023889952804893,0.16802488401299343,0.0014687959919683635
147,0,16,0.1760833640000783,0.0024452939978800714,345844.517718258,345844.691356328,345844.517819157,345844.521981947,345844.689860731,345844.689869031,0.17363807000219822,0.004162790020927787,0.1678787840064615,0.0014872970059514046
148,0,16,0.17726666101953015,0.002499193011317402,345844.794152373,345844.968919841,345844.794257473,345844.798297363,345844.967520944,345844.967529444,0.17476746800821275,0.004039889958221465,0.16922358103329316,0.001390396966598928
149,0,16,0.17682776204310358,0.0024514930555596948,345845.071745286,345845.246121555,345845.071848586,345845.075897476,345845.244697458,345845.244705558,0.17437626898754388,0.004048889968544245,0.16879998199874535,0.0014159969869069755
150,0,16,0.194419918989297,0.002519693982321769,345845.3488393,345845.540739525,345845.3489413,345845.35304149,345845.539126529,345845.539135329,0.19190022500697523,0.004100190009921789,0.18608503899304196,0.0016041959752328694
151,0,16,0.176220863009803,0.002519892994314432,345845.643662771,345845.817363741,345845.64376717,345845.64785726,345845.815938844,345845.815947144,0.17370097001548856,0.004090089991223067,0.1680815839790739,0.0014165969914756715
152,0,16,0.17358166998019442,0.002544092945754528,345845.920241186,345846.091278763,345845.920344686,345845.924506875,345846.089852166,345846.089860266,0.1710375770344399,0.004162188968621194,0.16534529102500528,0.001418497005943209
153,0,16,0.1729171720216982,0.002488293976057321,345846.194112408,345846.364541286,345846.194215708,345846.198298098,345846.36312459,345846.36313279,0.17042887804564089,0.004082389990799129,0.1648264920222573,0.0014084959984757006
154,0,16,0.1748171669896692,0.0024585940409451723,345846.467367832,345846.639726405,345846.467470132,345846.471838321,345846.638183109,345846.638191409,0.17235857294872403,0.004368189023807645,0.16634478798368946,0.0015349959721788764
155,0,16,0.17575666500488296,0.0024872939684428275,345846.742584451,345846.915853822,345846.742689151,345846.74680774,345846.914348926,345846.914357326,0.17326937103644013,0.004118588985875249,0.1675411859760061,0.0014964960282668471
156,0,16,0.17247417400358245,0.002454495057463646,345847.018672568,345847.188692247,345847.018772967,345847.022911257,345847.187162151,345847.187170451,0.1700196789461188,0.004138290008995682,0.16425089398398995,0.0015217959880828857
157,0,16,0.1752576669678092,0.0024969939258880913,345847.291502092,345847.464262765,345847.291605992,345847.295816682,345847.462794569,345847.462802468,0.1727606730419211,0.004210689978208393,0.16697788698365912,0.0014602970331907272
158,0,16,0.17620886396616697,0.0024396939552389085,345847.567042111,345847.740811281,345847.56714701,345847.5712697,345847.739251284,345847.739259684,0.17376917001092806,0.004122690006624907,0.16798158397432417,0.001551597029902041
159,3,16,0.20402869500685483,0.002513393003027886,345847.843577926,345848.045093228,345847.843693626,345847.847883016,345848.043297432,345848.043305632,0.20151530200382695,0.004189389990642667,0.19541441602632403,0.0017875959747470915
160,0,16,0.1748161669820547,0.0024158930173143744,345848.147890173,345848.320290447,345848.147994873,345848.152179263,345848.31879045,345848.31879875,0.17240027396474034,0.004184390010777861,0.16661118698539212,0.0014916969812475145
161,0,16,0.17541186604648829,0.0025603940594010055,345848.423134192,345848.595985664,345848.423235392,345848.427343082,345848.594562368,345848.594570868,0.17285147198708728,0.004107689950615168,0.1672192860278301,0.001414795988239348
162,0,16,0.17443146801088005,0.002513993007596582,345848.69879551,345848.870712985,345848.69889981,345848.703151699,345848.869087089,345848.869095189,0.17191747500328347,0.004251888953149319,0.1659353900467977,0.0016177960205823183
163,0,16,0.17505256703589112,0.002511694037821144,345848.97354203,345849.146082903,345848.97364783,345848.97784562,345849.144469407,345849.144477907,0.17254087299806997,0.00419778999639675,0.16662378696491942,0.001604996039532125
164,0,16,0.17671856400556862,0.0025047939852811396,345849.24882715,345849.42304092,345849.24893135,345849.253245239,345849.421481024,345849.421489424,0.17421377002028748,0.00431388895958662,0.16823578503681347,0.0015514959814026952
165,0,16,0.17672436404973269,0.0024438940454274416,345849.525793267,345849.700073737,345849.525894767,345849.530170556,345849.698334342,345849.698342442,0.17428047000430524,0.0042757889605127275,0.16816378600196913,0.0017312950221821666
166,0,16,0.17701166297774762,0.0024797929800115526,345849.802754384,345849.977286254,345849.802855984,345849.807121573,345849.975771157,345849.975779757,0.17453186999773607,0.004265588999260217,0.16864958399673924,0.0015064969775266945
167,0,16,0.1848753439844586,0.00248169299447909,345850.0801053,345850.262498951,345850.0802082,345850.08441429,345850.260962454,345850.260970654,0.1823936509899795,0.004206090001389384,0.17654816404683515,0.0015282969688996673
168,0,16,0.1762197650386952,0.002506493008695543,345850.365324997,345850.539038269,345850.365429297,345850.369717286,345850.537591172,345850.537599372,0.17371327202999964,0.004287989053409547,0.16787388594821095,0.0014388970448635519
169,0,16,0.17619646596722305,0.002471793966833502,345850.641758315,345850.815482987,345850.641860615,345850.646178805,345850.814022291,345850.814030591,0.17372467200038955,0.004318189981859177,0.16784348600776866,0.001452395983505994
170,1,16,0.18226705002598464,0.002521093061659485,345850.918299434,345851.098045391,345850.918400433,345850.922699623,345851.096532994,345851.096541294,0.17974595696432516,0.004299190011806786,0.1738333710236475,0.0015040969592519104
171,0,16,0.17727246298454702,0.00246909394627437,345851.200772837,345851.375576206,345851.200876337,345851.205150627,345851.37411081,345851.37411891,0.17480336903827265,0.004274289996828884,0.16896018298575655,0.0014572960208170116
172,0,16,0.18716173898428679,0.0024683939991518855,345851.478250653,345851.662943998,345851.478354053,345851.482715042,345851.661383902,345851.661392302,0.1846933449851349,0.0043609890271909535,0.1786688599968329,0.0015516959829255939
173,0,16,0.17835996102076024,0.00247309502447024,345851.765717245,345851.941604111,345851.765819544,345851.770603433,345851.940158015,345851.940166315,0.17588686599629,0.0047838890459388494,0.16955458198208362,0.0014377959887497127
174,0,16,0.17275677400175482,0.0025171940214931965,345852.044427458,345852.214667038,345852.044530057,345852.048826747,345852.213243541,345852.213251741,0.17023957998026162,0.004296689992770553,0.16441679402487352,0.0014152969815768301
175,0,16,0.1759391669766046,0.0024882949655875564,345852.317461185,345852.490912057,345852.317563284,345852.321975673,345852.489359461,345852.489367561,0.17345087201101705,0.004412389011122286,0.16738378797890618,0.0015444959863089025
176,0,16,0.1772045639809221,0.0026210949872620404,345852.593751504,345852.768334973,345852.593853503,345852.598207093,345852.766846577,345852.766855477,0.17458346899366006,0.004353590018581599,0.16863948397804052,0.0014794960152357817
177,0,16,0.1763517660438083,0.002532595070078969,345852.87125092,345853.045070091,345852.871355519,345852.875823408,345853.043626195,345853.043634495,0.17381917097372934,0.004467889026273042,0.16780278697842732,0.0014355959719978273
178,0,16,0.17568106699036434,0.0025594939943403006,345853.147914538,345853.321036111,345853.148016737,345853.152356127,345853.319554915,345853.319563115,0.17312157299602404,0.004339389968663454,0.16719878802541643,0.0014729959657415748
179,3,16,0.20267010101815686,0.0024599950411356986,345853.423816158,345853.624026264,345853.423918957,345853.428253647,345853.622446468,345853.622454668,0.20021010597702116,0.004334689991082996,0.19419282098533586,0.00157159601803869
180,0,16,0.1751516679651104,0.002534392988309264,345853.726753311,345853.899370586,345853.726858911,345853.7311928,345853.897942089,345853.897950389,0.17261727497680113,0.004333888995461166,0.1667492890264839,0.0014201969606801867
181,0,16,0.20349029800854623,0.0024765930138528347,345854.002202232,345854.203215937,345854.002305632,345854.006817621,345854.201604941,345854.201613341,0.2010137049946934,0.004511989012826234,0.19478731998242438,0.001602596021257341
182,0,16,0.20933788397815078,0.002455692971125245,345854.305983083,345854.512865274,345854.306085183,345854.310662172,345854.511142978,345854.511151478,0.20688219100702554,0.004576988983899355,0.20048080600099638,0.00171379599487409
183,0,16,0.17558556701987982,0.0024277930497191846,345854.61558812,345854.788745894,345854.61568842,345854.620172009,345854.787240097,345854.787248697,0.17315777397016063,0.004483588971197605,0.16706808801973239,0.001497196964919567
184,0,16,0.17737716302508488,0.0025466930237598717,345854.89156884,345855.06639931,345854.89169764,345854.896180229,345855.064905213,345855.064913813,0.174830470001325,0.004482589021790773,0.16872498398879543,0.0014854969922453165
185,0,16,0.1760465659899637,0.002485892968252301,345855.169204856,345855.342765529,345855.169307056,345855.173836145,345855.341285732,345855.341293732,0.1735606730217114,0.004529089026618749,0.16744958696654066,0.0014717970043420792
186,0,16,0.17461007001111284,0.0024568940280005336,345855.445546875,345855.617700051,345855.445650375,345855.450311763,345855.616032655,345855.616041155,0.1721531759831123,0.00466138799674809,0.16572089202236384,0.0016588959842920303
187,0,16,0.20698739000363275,0.0025434939889237285,345855.720441798,345855.924885694,345855.720544398,345855.725101086,345855.923061399,345855.923069499,0.20444389601470903,0.004556688014417887,0.19796031300211325,0.0018161949701607227
188,0,16,0.17406577098881826,0.0025310940109193325,345856.027691041,345856.199225718,345856.027794541,345856.032376529,345856.197768722,345856.197779022,0.17153467697789893,0.004581988032441586,0.16539219301193953,0.0014466959983110428
189,1,16,0.19426402100361884,0.0025222940021194518,345856.302081065,345856.493822792,345856.302186764,345856.306741753,345856.492047797,345856.492056297,0.19174172700149938,0.0045549889910034835,0.18530604400439188,0.0017664949991740286
190,0,16,0.17701676400611177,0.0024561940226703882,345856.596618539,345856.771179109,345856.596721439,345856.601256828,345856.769594913,345856.769603413,0.17456056998344138,0.004535389016382396,0.1683380850008689,0.001575695991050452
191,0,16,0.185706942982506,0.002487594960257411,345856.873990156,345857.057209504,345856.874091155,345856.878670544,345857.055687908,345857.055696108,0.1832193480222486,0.004579389002174139,0.17701736401068047,0.0015133960405364633
192,0,16,0.17593566403957084,0.002455894078593701,345857.159977851,345857.333457621,345857.160116051,345857.16465034,345857.331971125,345857.331979225,0.17347976996097714,0.0045342890080064535,0.16732078499626368,0.001478396006859839
193,0,16,0.20397139398846775,0.0025439930032007396,345857.436247766,345857.637675167,345857.436355166,345857.441138954,345857.636079071,345857.636091671,0.201427400985267,0.004783787997439504,0.19494011695496738,0.0015834959922358394
194,0,16,0.184673641982954,0.002470893959980458,345857.740466412,345857.92266916,345857.740567212,345857.752360082,345857.921113964,345857.921122064,0.18220274802297354,0.011792870005592704,0.16875388199696317,0.0015470960061065853
195,0,16,0.17731485998956487,0.0025021929759532213,345858.025517305,345858.200329972,345858.025621105,345858.030308993,345858.198758076,345858.198766476,0.17481266701361164,0.004687888023909181,0.16844908299390227,0.0015634960145689547
196,0,16,0.1953211150248535,0.002471592975780368,345858.303078917,345858.495928439,345858.303182317,345858.307863805,345858.494383043,345858.494391143,0.19284952204907313,0.004681487975176424,0.18651923805009574,0.001537296047899872
197,0,16,0.17538906499976292,0.0024834939977154136,345858.598740984,345858.771646555,345858.598845484,345858.603504372,345858.770179359,345858.770187859,0.1729055710020475,0.004658887977711856,0.1666749870055355,0.0014586959732696414
198,1,16,0.1870122369728051,0.0025133939343504608,345858.8744175,345859.058916343,345858.874521,345858.879182589,345859.057401947,345859.057410547,0.18449884303845465,0.004661588987801224,0.178219357971102,0.0015057960408739746
199,0,16,0.17237107298569754,0.002619893988594413,345859.161842588,345859.331593767,345859.161950088,345859.166701676,345859.329973471,345859.329981871,0.16975117899710312,0.004751587985083461,0.163271795026958,0.0016118959756568074
200,0,16,0.18465334200300276,0.00251429300988093,345859.434351412,345859.616490461,345859.434456412,345859.4391686,345859.614725565,345859.614733765,0.18213904899312183,0.0047121880343183875,0.17555696499766782,0.00175669597228989
201,0,16,0.17610056296689436,0.0025326929171569645,345859.719244106,345859.892811976,345859.719348906,345859.724074494,345859.89118908,345859.89119758,0.1735678700497374,0.004725587961729616,0.1671145860454999,0.0016143960529007018
202,0,16,0.17222987295826897,0.0025052939890883863,345859.995542321,345860.1652669,345859.995646321,345860.000398209,345860.163802804,345860.163811304,0.16972457896918058,0.00475188804557547,0.1634045949904248,0.001455595949664712
203,0,16,0.1772621610434726,0.002576494065579027,345860.268181945,345860.442867612,345860.268285545,345860.272915933,345860.441362616,345860.441371016,0.17468566697789356,0.004630387993529439,0.16844668303383514,0.0014965960290282965
204,1,16,0.21935385599499568,0.0025584929971955717,345860.545653857,345860.76244922,345860.545757457,345860.550524645,345860.760642824,345860.760651424,0.2167953629978001,0.0047671880456618965,0.2101181789766997,0.001797795994207263
205,0,16,0.1745942669804208,0.002571093966253102,345860.865393165,345861.037416338,345860.865499464,345860.870289353,345861.035899842,345861.035908242,0.1720231730141677,0.004789889033418149,0.16561048896983266,0.0015080960001796484
206,0,16,0.17611436400329694,0.0025080940104089677,345861.140260983,345861.313867253,345861.140366183,345861.145018572,345861.312410957,345861.312419257,0.17360626999288797,0.004652388975955546,0.16739238501759246,0.0014479960082098842
207,0,16,0.176804861985147,0.00242479401640594,345861.416713198,345861.591093266,345861.416817298,345861.421526286,345861.58956437,345861.58959367,0.17438006796874106,0.004708988009952009,0.16803808399708942,0.0014995959936641157
208,0,16,0.1860071390401572,0.0024678940535522997,345861.693857911,345861.877397156,345861.693960311,345861.698705299,345861.87586196,345861.87587036,0.1835392449866049,0.0047449879930354655,0.17715666099684313,0.0015267959679476917
209,0,16,0.17335527099203318,0.0025098949554376304,345861.980209702,345862.151055078,345861.980314201,345861.98500109,345862.149523682,345862.149531982,0.17084537603659555,0.0046868890058249235,0.1645225920365192,0.0015230959979817271
210,0,16,0.17667056201025844,0.0025258929817937315,345862.253906523,345862.428051192,345862.254011323,345862.258731911,345862.426612295,345862.426620795,0.1741446690284647,0.004720588040072471,0.16788038396043703,0.0014303970383480191
211,1,16,0.18536214000778273,0.002559493004810065,345862.530854837,345862.713657484,345862.530955837,345862.535695225,345862.712144688,345862.712153788,0.18280264700297266,0.0047393880086019635,0.17644946300424635,0.0015036959666758776
212,0,16,0.17643486201995984,0.0024501929874531925,345862.816527629,345862.990512298,345862.816632729,345862.821598116,345862.988992001,345862.989000201,0.17398466903250664,0.004965386993717402,0.16739388497080654,0.0015120970201678574
213,0,16,0.17678936204174533,0.0024713940219953656,345863.093273643,345863.267591611,345863.093377143,345863.098228831,345863.266037115,345863.266045615,0.17431796801974997,0.004851687990594655,0.16780828399350867,0.0015459959977306426
214,0,16,0.17697426199447364,0.002528593991883099,345863.370450456,345863.544896124,345863.370556756,345863.375510944,345863.543345128,345863.543353528,0.17444566800259054,0.004954188014380634,0.16783418401610106,0.001542595971841365
215,1,16,0.1876493350137025,0.0025226930156350136,345863.647545469,345863.832672111,345863.647648469,345863.652528857,345863.830939815,345863.830948715,0.1851266419980675,0.004880387976299971,0.1784109579748474,0.0017233960097655654
216,0,16,0.17664086201693863,0.0024987939978018403,345863.935559956,345864.109702024,345863.935663156,345863.940502544,345864.108219828,345864.108228328,0.1741420680191368,0.004839388013351709,0.1677172839990817,0.001473696029279381
217,0,16,0.1774958610185422,0.002556693973019719,345864.212588269,345864.387527436,345864.212692469,345864.217570157,345864.38581534,345864.38582374,0.17493916704552248,0.0048776880139485,0.16824518295470625,0.0017036960343830287
218,0,16,0.1772665610187687,0.002543993992730975,345864.490261781,345864.664984348,345864.490365181,345864.495213669,345864.663502352,345864.663510552,0.17472256702603772,0.004848488024435937,0.1682886829948984,0.0014737959718331695
219,0,16,0.17900175601243973,0.002525593969039619,345864.767831394,345864.944307556,345864.767936093,345864.772822081,345864.94282586,345864.94283416,0.1764761620434001,0.004885988018941134,0.17000377899967134,0.001473396026995033
220,0,16,0.17387747002067044,0.0025149950524792075,345865.047108302,345865.218470777,345865.047212101,345865.052113289,345865.217004781,345865.217012681,0.17136247496819124,0.004901188018266112,0.16489149199333042,0.0014580959687009454
221,0,16,0.1769468630081974,0.0024646929814480245,345865.321260323,345865.495742493,345865.321364323,345865.326240811,345865.494268696,345865.494277296,0.17448217002674937,0.004876487946603447,0.16802788502536714,0.0014651970122940838
222,0,16,0.1794000570080243,0.0025064940564334393,345865.598546139,345865.775439702,345865.598648338,345865.603794626,345865.773896606,345865.773905206,0.17689356295159087,0.005146288021933287,0.17010197998024523,0.0015344959683716297
223,1,16,0.18646923900814727,0.002547892974689603,345865.878244448,345866.062165794,345865.878349048,345865.883164536,345866.060459298,345866.060467798,0.18392134603345767,0.004815487947780639,0.17729476204840466,0.0016979960491880774
224,3,16,0.20444099500309676,0.002489593985956162,345866.16501254,345866.366963941,345866.16511654,345866.170211027,345866.365306845,345866.365315245,0.2019514010171406,0.005094487045425922,0.19509581796592101,0.0016486960230395198
225,0,16,0.17656116402940825,0.0025508940452709794,345866.469858887,345866.643869157,345866.469963387,345866.474971775,345866.642363561,345866.642371861,0.17401026998413727,0.005008388019632548,0.167391786002554,0.0014972960343584418
226,0,16,0.1864145389990881,0.0025228929589502513,345866.746647304,345866.93053895,345866.746748703,345866.751699691,345866.928986353,345866.928994753,0.18389164604013786,0.004950987990014255,0.17728666198672727,0.001544197031762451
227,0,16,0.1771593620069325,0.0025021929759532213,345867.033374896,345867.208032065,345867.033477196,345867.038448583,345867.206473168,345867.206481768,0.17465716903097928,0.0049713869811967015,0.1680245850002393,0.0015502970200031996
228,0,16,0.17469566798536107,0.0024962929892353714,345867.310829411,345867.483028786,345867.31093301,345867.315929198,345867.481541289,345867.481549589,0.1721993749961257,0.00499618798494339,0.16561209101928398,0.0014791970024816692
229,0,16,0.17950225598178804,0.0024471929646097124,345867.585794832,345867.762849895,345867.585898232,345867.590954419,345867.761175899,345867.761184499,0.17705506301717833,0.005056186986621469,0.17022148001706228,0.0016653959755785763
230,0,16,0.17741256195586175,0.0025543939555063844,345867.865724041,345868.040582209,345867.86582674,345867.870838028,345868.038726514,345868.038734714,0.17485816800035536,0.005011287983506918,0.1678884860011749,0.0018474950338713825
231,0,16,0.17780026100808755,0.0024765940033830702,345868.143401655,345868.318725322,345868.143503755,345868.148708642,345868.317150826,345868.317158926,0.17532366700470448,0.005204887012951076,0.16844218398910016,0.0015663960366509855
232,0,16,0.177225062972866,0.0024947950150817633,345868.421560969,345868.596291237,345868.421666668,345868.426655756,345868.594682241,345868.594690441,0.17473026795778424,0.004989088047295809,0.1680264849564992,0.0016007960075512528
233,0,16,0.17770236101932824,0.002541593974456191,345868.698987484,345868.874148251,345868.699091783,345868.704182471,345868.872562255,345868.872570655,0.17516076704487205,0.0050906879478134215,0.16837978403782472,0.0015775960055179894
234,0,16,0.17748846195172518,0.0025650939787738025,345868.977127397,345869.152050765,345868.977230197,345868.982296384,345869.150543669,345869.150551769,0.17492336797295138,0.005066187004558742,0.16824728500796482,0.0014989959890954196
235,0,16,0.17775486200116575,0.0025290939956903458,345869.254875311,345869.430101079,345869.254979611,345869.260054299,345869.428567583,345869.428576183,0.1752257680054754,0.00507468800060451,0.16851328394841403,0.0015248960116878152
236,0,16,0.1771636629709974,0.0024372939369641244,345869.532849825,345869.707576194,345869.532951725,345869.537947213,345869.705783398,345869.705792098,0.17472636903403327,0.0049954879796132445,0.16783618502086028,0.0017840960063040257
237,0,16,0.17813335999380797,0.002520993002690375,345869.81040584,345869.986018207,345869.81050644,345869.815639527,345869.98450741,345869.98451551,0.1756123669911176,0.0051330869900994,0.16886788298143074,0.0015026970067992806
238,0,16,0.17729806201532483,0.002472593041602522,345870.088731853,345870.263557322,345870.088836153,345870.09410774,345870.262077925,345870.262086025,0.1748254689737223,0.005271586996968836,0.16797018505167216,0.0014712970005348325
239,0,16,0.17755386198405176,0.0024932939559221268,345870.366355268,345870.541415836,345870.366457868,345870.371544955,345870.53991054,345870.539918639,0.17506056802812964,0.005087086989078671,0.1683655849774368,0.001497197023127228
240,3,16,0.2148181700031273,0.002507594006601721,345870.644191382,345870.856501958,345870.644293882,345870.649388169,345870.854761962,345870.854770462,0.21231057599652559,0.005094286985695362,0.20537379302550107,0.0017314959550276399
241,0,16,0.1787582590477541,0.0025148940039798617,345870.959349504,345871.135592869,345870.959453304,345870.964633291,345871.134039973,345871.134048073,0.17624336504377425,0.005179986997973174,0.16940668202005327,0.0015447959885932505
242,0,16,0.18091675295727327,0.0025253939675167203,345871.238410916,345871.416802275,345871.238515515,345871.243808002,345871.415125879,345871.415134179,0.17839135898975655,0.005292486981488764,0.17131787701509893,0.0016680959961377084
243,0,16,0.18652884004404768,0.002484395052306354,345871.519634122,345871.703678567,345871.519740321,345871.524918008,345871.702127171,345871.702139971,0.18404444499174133,0.0051776870386675,0.17720916296821088,0.0015385959995910525
244,0,16,0.17828475998248905,0.0024456940009258687,345871.806330514,345871.98216958,345871.806432214,345871.811509901,345871.980394084,345871.980402484,0.17583906598156318,0.005077687033917755,0.16888418298913166,0.0017670959932729602
245,0,16,0.17744396202033386,0.002506193006411195,345872.084950926,345872.259888695,345872.085054726,345872.090404513,345872.258373298,345872.258389898,0.17493776901392266,0.005349787010345608,0.1679687849828042,0.0014987970353104174
246,0,16,0.17702466301852837,0.0024681940558366477,345872.362637341,345872.53719381,345872.362741241,345872.368022028,345872.535634514,345872.535643014,0.17455646896269172,0.005280787008814514,0.16761248599505052,0.0015507959760725498
247,0,16,0.18642783898394555,0.0024814929929561913,345872.640038657,345872.823985003,345872.640146556,345872.645468843,345872.822414007,345872.822422307,0.18394634599098936,0.005322286975570023,0.176945163984783,0.00156269600847736
248,0,16,0.18459124502260238,0.002548094023950398,345872.926801049,345873.1088442,345872.926906149,345872.932125836,345873.107050004,345873.107058704,0.18204315099865198,0.005219687009230256,0.17492416797904298,0.0017854959587566555
249,1,16,0.18480464100139216,0.0025382930180057883,345873.211656746,345873.393923094,345873.211759046,345873.217141532,345873.391982999,345873.391991199,0.18226634798338637,0.005382485978771001,0.1748414670000784,0.001931894978042692
250,0,16,0.20449129299959168,0.0025097939651459455,345873.496756739,345873.698738238,345873.496861638,345873.502174625,345873.696742642,345873.696750742,0.20198149903444573,0.0053129870211705565,0.19456801697378978,0.0019874960416927934
251,0,16,0.18887333199381828,0.0024731949670240283,345873.801519783,345873.98791992,345873.801624982,345873.807028369,345873.986225824,345873.986235424,0.18640013702679425,0.005403387011028826,0.17919745499966666,0.0016844960046000779
252,0,16,0.17564436397515237,0.0025139929493889213,345874.090755765,345874.263886136,345874.090860065,345874.096155752,345874.26227864,345874.262286939,0.17313037102576345,0.005295687005855143,0.16612288798205554,0.001599196984898299
253,0,16,0.17857125704176724,0.0024527940549887717,345874.366625981,345874.542744444,345874.36672748,345874.372231567,345874.541166648,345874.541174648,0.17611846298677847,0.005504086962901056,0.16893508099019527,0.001569796004332602
254,0,16,0.17443866695975885,0.002510193968191743,345874.645497889,345874.817426362,345874.645600189,345874.650899175,345874.815912966,345874.815921066,0.1719284729915671,0.005298985983245075,0.16501379100373015,0.0015052960370667279
255,0,16,0.18727393599692732,0.0025162939564324915,345874.920292907,345875.105050549,345874.920399707,345874.925758694,345875.103425553,345875.103433853,0.18475764204049483,0.005358987022191286,0.1776668590027839,0.0016166960122063756
256,0,16,0.1769072610186413,0.0025017940206453204,345875.207878194,345875.382283661,345875.207982494,345875.21347668,345875.380707265,345875.380715665,0.17440546699799597,0.005494186014402658,0.1672305850079283,0.001567995990626514
257,0,16,0.20387479400960729,0.0024909930070862174,345875.485085606,345875.686469407,345875.485190006,345875.490613793,345875.684801811,345875.684810111,0.20138380100252107,0.005423787049949169,0.19418801798019558,0.0016592959873378277
258,0,16,0.18144404998747632,0.002555494022089988,345875.789328452,345875.968217008,345875.789429651,345875.794609439,345875.966625712,345875.966634312,0.17888855596538633,0.005179787985980511,0.17201627301983535,0.0015826959861442447
259,0,16,0.17819115798920393,0.0025431939866393805,345876.071080253,345876.246728217,345876.071189653,345876.076734139,345876.245096721,345876.245104721,0.17564796400256455,0.005544485989958048,0.16836258198600262,0.0016234960057772696
260,0,16,0.17662206199020147,0.002490993996616453,345876.349384663,345876.523515731,345876.349488062,345876.355001349,345876.521968034,345876.521976134,0.17413106799358502,0.005513286974746734,0.16696668497752398,0.0015395969967357814
261,1,16,0.18612713902257383,0.0024738950305618346,345876.626322976,345876.80997622,345876.626428375,345876.631962362,345876.808093425,345876.808101625,0.183653243992012,0.005533986957743764,0.17613106302451342,0.0018745950073935091
262,1,16,0.21345947100780904,0.0025301940040662885,345876.912826365,345877.123755642,345876.912930465,345876.918372451,345877.122040646,345877.122049246,0.21092927700374275,0.005441985966172069,0.20366819499759004,0.0017063959967345
263,3,16,0.20442309300415218,0.002490794053301215,345877.226540687,345877.428472986,345877.226646087,345877.232327273,345877.426658791,345877.426666891,0.20193229895085096,0.005681185983121395,0.19433151802513748,0.0018060949514620006
264,0,16,0.1861303390469402,0.002499594062101096,345877.531290931,345877.714921676,345877.531394931,345877.536758818,345877.713082781,345877.71309148,0.1836307449848391,0.005363887001294643,0.17632396297995,0.0018301959498785436
265,0,16,0.17690726096043363,0.0024467940093018115,345877.817738321,345877.992198788,345877.817837821,345877.823380107,345877.990638092,345877.990646592,0.17446046695113182,0.0055422859732061625,0.1672579849837348,0.0015521959867328405
266,0,16,0.17832975799683481,0.0025290939956903458,345878.095004533,345878.270805197,345878.095111033,345878.100850819,345878.269192501,345878.269201001,0.17580066400114447,0.00573978602187708,0.16834168194327503,0.0016041960334405303
267,0,16,0.1783565579680726,0.002539494016673416,345878.373633443,345878.549450507,345878.373734742,345878.379048029,345878.547826311,345878.547834811,0.17581706395139918,0.0053132870234549046,0.16877828200813383,0.0016156960045918822
268,0,16,0.17827365797711536,0.00245879398426041,345878.652226952,345878.828041816,345878.652330251,345878.657958437,345878.82638362,345878.82639222,0.17581486399285495,0.005628185987006873,0.16842518298653886,0.0016495960298925638
269,0,16,0.1800965529982932,0.002487193967681378,345878.930879661,345879.10848902,345878.930983061,345878.936675646,345879.106940124,345879.106948224,0.1776093590306118,0.005692585022188723,0.17026447801617905,0.001540796016342938
270,0,16,0.17801085900282487,0.0024779950035735965,345879.211267566,345879.38680043,345879.211370865,345879.217025351,345879.385090535,345879.385098635,0.17553286399925128,0.005654486012645066,0.16806518397061154,0.0017017950303852558
271,0,16,0.17767716001253575,0.002433294022921473,345879.489570575,345879.664814441,345879.489671375,345879.495412061,345879.663287245,345879.663295545,0.17524386598961428,0.005740685970522463,0.16787518403725699,0.0015188960242085159
272,0,16,0.17772175901336595,0.002417193027213216,345879.767563986,345879.942868552,345879.767668486,345879.773388172,345879.941305355,345879.941313855,0.17530456598615274,0.005719685985241085,0.1679171830182895,0.0015546969952993095
273,0,16,0.17646706203231588,0.0024744929978623986,345880.045499997,345880.219492566,345880.045603497,345880.051174583,345880.21794817,345880.21795657,0.17399256903445348,0.005571085959672928,0.16677358699962497,0.0015359960380010307
274,0,16,0.17722726002102718,0.0024384940625168383,345880.322325311,345880.497114077,345880.322429811,345880.328157396,345880.495467382,345880.495476182,0.17478876595851034,0.0057275849976576865,0.1673099860199727,0.0016378949512727559
275,0,16,0.2023627979797311,0.0024819939862936735,345880.599807123,345880.799687927,345880.599907923,345880.605527209,345880.797933432,345880.797941732,0.19988080399343744,0.005619285977445543,0.19240622298093513,0.001746195019222796
276,0,16,0.17753996001556516,0.0024811940384097397,345880.902470373,345881.077529139,345880.902572472,345880.908322258,345881.075908643,345881.075917543,0.17505876597715542,0.005749785981606692,0.16758638503961265,0.0016115959733724594
277,0,16,0.17737005598610267,0.002443093981128186,345881.180321684,345881.355248646,345881.180423284,345881.186156269,345881.35364765,345881.35365585,0.17492696200497448,0.00573298498056829,0.1674913809983991,0.0015927960048429668
278,0,16,0.1848667369922623,0.0024562939652241766,345881.457999388,345881.640409831,345881.458103088,345881.463858174,345881.638357936,345881.638366236,0.18241044302703813,0.005755085963755846,0.17449976201169193,0.0020435950136743486
279,1,16,0.19485951197566465,0.0024476939579471946,345881.743188673,345881.935600491,345881.743293273,345881.748879059,345881.933955995,345881.933964295,0.19241181801771745,0.0055857860133983195,0.18507693603169173,0.0016361959860660136
280,0,16,0.18037814798299223,0.002513193991035223,345882.038391633,345882.216256587,345882.038496433,345882.044329318,345882.214740991,345882.214749491,0.177864953991957,0.0058328849845565856,0.17041167302522808,0.001507095992565155
281,1,16,0.19671920698601753,0.0025247930316254497,345882.319123929,345882.513318343,345882.319230629,345882.325097014,345882.511714047,345882.511723347,0.19419441395439208,0.00586638500681147,0.1866170329740271,0.0015949959633871913
282,1,16,0.1878464290057309,0.002480093971826136,345882.616110185,345882.80147652,345882.616214885,345882.62214227,345882.799816724,345882.799825924,0.18536633503390476,0.005927384947426617,0.17767445399658754,0.0016505960375070572
283,0,16,0.17741005501011387,0.002483594056684524,345882.904268763,345883.079195224,345882.904373362,345882.910131348,345883.077672128,345883.077680428,0.17492646095342934,0.005757985985837877,0.16754077997757122,0.001514795992989093
284,0,16,0.17821655300213024,0.002465593977831304,345883.181879267,345883.357630226,345883.181985066,345883.187805752,345883.35613473,345883.35614293,0.17575095902429894,0.005820685997605324,0.16832897800486535,0.001487296016421169
285,0,16,0.2114228699938394,0.0025545929674990475,345883.460495968,345883.669364245,345883.460602068,345883.467001552,345883.667589949,345883.667598149,0.20886827702634037,0.006399484002031386,0.20058839698322117,0.0017660960438661277
286,0,16,0.18033364799339324,0.0024461940047331154,345883.772110287,345883.949997741,345883.772215787,345883.778050872,345883.948452745,345883.948461045,0.17788745398866013,0.005835085001308471,0.1704018730088137,0.0015366959851235151
287,1,16,0.18719513103133067,0.0025025930372066796,345884.052874383,345884.237566921,345884.052979983,345884.058869168,345884.236019524,345884.236028024,0.184692537994124,0.005889185005798936,0.17715035600122064,0.001538896991405636
288,0,16,0.17599335894919932,0.0024779939558357,345884.340377063,345884.513892428,345884.340480763,345884.346434948,345884.512388932,345884.512397532,0.17351536499336362,0.005954184976872057,0.1659539840184152,0.0014948960160836577
289,0,16,0.17968845000723377,0.0024947940255515277,345884.61672747,345884.793921126,345884.61683207,345884.622791355,345884.792077131,345884.792085431,0.17719365598168224,0.005959285015705973,0.16928577597718686,0.0018356950022280216
290,0,16,0.17504686099709943,0.002697293006349355,345884.896773868,345885.069123436,345884.896878968,345884.902802453,345885.06763224,345885.06764064,0.17234956799075007,0.005923485034145415,0.16482978698331863,0.0014827959821559489
291,0,16,0.17709135601762682,0.0024355939822271466,345885.171888879,345885.346544641,345885.171991679,345885.177902564,345885.345006145,345885.345014145,0.17465576203539968,0.005910884996410459,0.1671035810140893,0.0015304959961213171
292,4,16,0.21092807198874652,0.002499893947970122,345885.449330383,345885.657758561,345885.449433283,345885.455471268,345885.655945466,345885.655953666,0.2084281780407764,0.006037984974682331,0.20047419803449884,0.0018048950005322695
293,5,16,0.23554400994908065,0.0024907939950935543,345885.760556303,345885.993609519,345885.760658803,345885.766614088,345885.991723224,345885.991731824,0.2330532159539871,0.005955284985247999,0.22510913602309301,0.0018776949727907777
294,0,16,0.1810749460128136,0.0024763940018601716,345886.096402662,345886.275001214,345886.096506562,345886.102584646,345886.273304019,345886.273313018,0.17859855201095343,0.006078083999454975,0.1707193729816936,0.0016881959745660424
295,0,16,0.18251504196086898,0.002575992955826223,345886.377820657,345886.557759706,345886.377926756,345886.38429054,345886.55614591,345886.55615421,0.17993904900504276,0.006363784021232277,0.17185536999022588,0.0016054959851317108
296,0,16,0.1926560169667937,0.0026458929642103612,345886.660575448,345886.850585572,345886.660680348,345886.667259731,345886.848571377,345886.848580077,0.19001012400258332,0.006579382985364646,0.1813116460107267,0.0020054950146004558
297,1,16,0.19005612400360405,0.002559293992817402,345886.953515114,345887.141011944,345886.953623414,345886.959522599,345887.139361148,345887.139369348,0.18749683001078665,0.005899185023736209,0.17983854899648577,0.0016425959765911102
298,0,16,0.17870875197695568,0.0024758930085226893,345887.243934586,345887.420167445,345887.244039486,345887.250047471,345887.418608749,345887.418617249,0.176232858968433,0.0060079850372858346,0.16856127796927467,0.0015501959715038538
299,0,16,0.1798458489938639,0.0024246929679065943,345887.522873987,345887.700295143,345887.522976787,345887.529057372,345887.698697147,345887.698705247,0.17742115602595732,0.006080585008021444,0.16963977500563487,0.001589895982760936
300,5,16,0.24984637403395027,0.0024828940513543785,345887.803106685,345888.050470165,345887.803210685,345887.80925457,345888.04844547,345888.04845357,0.2473634799825959,0.006043885019607842,0.23919089999981225,0.0020165949827060103
301,0,16,0.18067964701913297,0.0024768940056674182,345888.153226208,345888.331428961,345888.153329608,345888.159355193,345888.329744566,345888.329752766,0.17820275301346555,0.006025585054885596,0.1703893729718402,0.0016761950100772083
302,0,16,0.18765013001393527,0.0024825939908623695,345888.434126204,345888.61929374,345888.434232104,345888.440370588,345888.617578744,345888.617587044,0.1851675360230729,0.006138483993709087,0.17720815603388473,0.001706695999018848
303,2,16,0.20704858098179102,0.002439894014969468,345888.722060383,345888.92666907,345888.722164082,345888.728275767,345888.924932074,345888.924940074,0.20460868696682155,0.006111685012001544,0.19665630697272718,0.0017289959941990674
304,2,16,0.21338796598138288,0.002488993981387466,345889.029449713,345889.240348685,345889.029554012,345889.035670497,345889.238617889,345889.238626189,0.2108989719999954,0.0061164849903434515,0.20294739201199263,0.0017224960029125214
305,0,16,0.1776985619799234,0.002510793972760439,345889.343164331,345889.518352099,345889.343270531,345889.349353316,345889.516769103,345889.516777203,0.17518776800716296,0.0060827850247733295,0.1674157870002091,0.0015748959849588573
306,0,16,0.17893385799834505,0.002546193019952625,345889.621157945,345889.79754561,345889.621261245,345889.62747503,345889.795962914,345889.795989414,0.17638766497839242,0.0062137850327417254,0.16848788398783654,0.001556196017190814
307,0,16,0.1768656630301848,0.002563893038313836,345889.900463756,345890.074765526,345889.900569056,345889.90685644,345890.07315903,345890.07316703,0.17430176999187097,0.006287384021561593,0.16630258999066427,0.001598495990037918
308,2,16,0.2004305049777031,0.00248759298119694,345890.177535872,345890.375478784,345890.177640572,345890.184334955,345890.373814788,345890.373822988,0.19794291199650615,0.00669438298791647,0.18947983300313354,0.0016557959606871009
309,5,16,0.2255664429976605,0.0024580940371379256,345890.47821903,345890.701327379,345890.47832433,345890.484571514,345890.699453684,345890.699462484,0.22310834896052256,0.006247184006497264,0.21488216996658593,0.0018648949917405844
310,0,16,0.17633056396152824,0.0024413929786533117,345890.804110426,345890.977999597,345890.804213926,345890.81046031,345890.976417901,345890.976425801,0.17388917098287493,0.006246384000405669,0.16595759097253904,0.0015737959765829146
311,2,16,0.20117340300930664,0.0026266929926350713,345891.080776843,345891.279323553,345891.080881243,345891.087173327,345891.277600357,345891.277608857,0.19854671001667157,0.006292083999142051,0.190427030029241,0.001714696001727134
312,0,16,0.1794672569958493,0.0024527939967811108,345891.382271999,345891.559286462,345891.382374199,345891.388908583,345891.557672166,345891.557680366,0.1770144629990682,0.006534383981488645,0.16876358300214633,0.0016060960479080677
313,4,16,0.23231282696360722,0.002563693968113512,345891.662158108,345891.891907241,345891.662263508,345891.668568993,345891.890029646,345891.890037946,0.2297491329954937,0.006305484974291176,0.2214606530033052,0.0018692950252443552
314,0,16,0.17991305596660823,0.002524993964470923,345891.994701088,345892.17208915,345891.994805988,345892.001112772,345892.170445154,345892.170453254,0.1773880620021373,0.0063067839946597815,0.16933238203637302,0.0016358959837816656
315,0,16,0.17944705800618976,0.0024510949733667076,345892.274837297,345892.45183326,345892.274943096,345892.281282281,345892.450282064,345892.450290164,0.17699596303282306,0.0063391849980689585,0.16899978299625218,0.0015430960338562727
316,0,16,0.1872288379818201,0.0024518939899280667,345892.554559306,345892.73933625,345892.554663006,345892.56106369,345892.737590055,345892.737598655,0.18477694399189204,0.006400684011168778,0.17652636498678476,0.001737595011945814
317,0,16,0.18798803602112457,0.0024417940294370055,345892.842113797,345893.027660039,345892.842218897,345892.848677281,345893.025714744,345893.025722644,0.18554624199168757,0.006458383984863758,0.17703746299957857,0.0019373950199224055
318,0,16,0.17974485695594922,0.0025572949089109898,345893.130450786,345893.307638348,345893.130554385,345893.137132669,345893.306048952,345893.306059252,0.17718756204703823,0.0065782839665189385,0.16891628300072625,0.0015790960169397295
319,0,16,0.17884915898321196,0.002504494972527027,345893.410510995,345893.586855659,345893.410615294,345893.416957279,345893.585188964,345893.585197364,0.17634466401068494,0.00634198501938954,0.16823168494738638,0.0016582950484007597
320,0,16,0.1796116569894366,0.0024988939985632896,345893.689634506,345893.866747269,345893.689738306,345893.69614059,345893.865133673,345893.865141873,0.1771127629908733,0.006402284023351967,0.16899308300344273,0.0016053959843702614
321,0,16,0.1791878579533659,0.0024535939446650445,345893.969505715,345894.146239979,345893.969609515,345893.976019899,345894.144694183,345894.144702283,0.17673426400870085,0.006410384026821703,0.16867428401019424,0.0015376959927380085
322,0,16,0.20803378598066047,0.0024433929938822985,345894.249028126,345894.454618519,345894.249130126,345894.255847109,345894.452916623,345894.452926123,0.20559039298677817,0.006716983043588698,0.19706951396074146,0.0016923960065469146
323,0,16,0.17668956401757896,0.0025243930285796523,345894.557382565,345894.731547736,345894.557485065,345894.563891049,345894.72978164,345894.72978994,0.1741651709889993,0.006405983993317932,0.16589059098623693,0.0017577959806658328
324,0,16,0.17958745697978884,0.002444893994834274,345894.834378782,345895.011521345,345894.834481682,345894.840983166,345895.009926049,345895.009934349,0.17714256298495457,0.006501484022010118,0.16894288297044113,0.0015869960188865662
325,1,16,0.18683834001421928,0.002587494032923132,345895.114303891,345895.298554737,345895.114407991,345895.120726376,345895.296959841,345895.296968141,0.18425084598129615,0.006318385014310479,0.17623346496839076,0.0015865960158407688
326,0,16,0.17894105898449197,0.002474693988915533,345895.401392783,345895.577859148,345895.401495883,345895.408302366,345895.576332052,345895.576340152,0.17646636499557644,0.006806482968386263,0.16802968602860346,0.0015189959667623043
327,6,16,0.2253310449887067,0.0024741949746385217,345895.680587195,345895.903444045,345895.680688994,345895.687075479,345895.901583149,345895.901591349,0.2228568500140682,0.0063864850089885294,0.21450766996713355,0.0018526960047893226
328,2,16,0.1944520200486295,0.0024894930538721383,345896.006279691,345896.198242218,345896.006399191,345896.013200874,345896.196577522,345896.196586022,0.19196252699475735,0.006801682990044355,0.18337664799764752,0.0016561960219405591
329,0,16,0.18092065397650003,0.0025390939554199576,345896.301068564,345896.479450124,345896.301173564,345896.307788748,345896.477708728,345896.477717428,0.17838156002108008,0.0066151840146631,0.1699199799913913,0.0017326960223726928
330,1,16,0.18770683702314273,0.002451394044328481,345896.582215971,345896.767471414,345896.58232257,345896.588910554,345896.765423419,345896.765432319,0.18525544297881424,0.006587984040379524,0.17651286500040442,0.0020390949794091284
331,0,16,0.18579654197674245,0.002584393951110542,345896.87036546,345897.053577608,345896.87046826,345896.876859644,345897.051706813,345897.051715313,0.1832121480256319,0.0063913839985616505,0.17484716896433383,0.0018622950301505625
332,0,16,0.1944470139569603,0.002514492953196168,345897.156383155,345897.348315676,345897.156487954,345897.163058038,345897.34660058,345897.34660878,0.19193252100376412,0.006570083962287754,0.18354254198493436,0.0017068960005417466
333,1,16,0.1872688289731741,0.0025312929647043347,345897.451150117,345897.635887653,345897.451254017,345897.4578335,345897.634275757,345897.634284057,0.18473753600846976,0.006579482986126095,0.1764422570122406,0.0016035959706641734
334,0,16,0.17948664905270562,0.002456694026477635,345897.738616394,345897.915646349,345897.738718294,345897.745295478,345897.914034854,345897.914043553,0.17702995502622798,0.006577183958142996,0.16873937600757927,0.0016027960227802396
335,1,16,0.19640460604568943,0.0024694930762052536,345898.018404791,345898.212339904,345898.018506491,345898.024994975,345898.210633108,345898.210641608,0.19393511296948418,0.006488484039437026,0.18563813297078013,0.0016982959932647645
336,0,16,0.18032134702662006,0.002518794033676386,345898.315176245,345898.492978798,345898.315280745,345898.322234227,345898.491253003,345898.491261603,0.17780255299294367,0.006953481992240995,0.16901877603959292,0.001717194973025471
337,0,16,0.17860505095450208,0.0024760939413681626,345898.59576624,345898.771895197,345898.59586944,345898.602533123,345898.770248301,345898.770256601,0.1761289570131339,0.006663682986982167,0.1677151779877022,0.0016385960043407977
338,2,16,0.2322946159983985,0.0025168940192088485,345898.874716539,345899.104494261,345898.874823139,345898.881422622,345899.102619266,345899.102627666,0.22977772197918966,0.006599483022000641,0.22119664400815964,0.0018665949464775622
339,1,16,0.1877646279754117,0.002442193974275142,345899.207261503,345899.392583937,345899.207365603,345899.213772487,345899.390975141,345899.390983541,0.18532243400113657,0.006406884000170976,0.17720265401294455,0.0016003960045054555
340,1,16,0.1874366290285252,0.0024981939932331443,345899.495413379,345899.680351814,345899.495516379,345899.502563461,345899.678424519,345899.678432919,0.18493843503529206,0.007047082006465644,0.1758610580000095,0.0019188949954696
341,1,16,0.1862042319844477,0.0025109939742833376,345899.783122356,345899.966815594,345899.783227256,345899.789670139,345899.965129598,345899.965137798,0.18369323801016435,0.006442883051931858,0.17545945895835757,0.0016777960117906332
342,0,16,0.1789899499854073,0.002490393992047757,345900.069654036,345900.246153592,345900.069758435,345900.076521318,345900.244592596,345900.244600896,0.17649955599335954,0.006762882985640317,0.16807127802167088,0.0015526959905400872
343,3,16,0.20631968101952225,0.0025335930404253304,345900.348980034,345900.552766122,345900.349085134,345900.355667517,345900.550998426,345900.551006626,0.20378608797909692,0.006582383008208126,0.19533090898767114,0.0017594959936104715
344,0,16,0.17921354999998584,0.0025626939604990184,345900.655600963,345900.832251819,345900.655706463,345900.662522946,345900.830282724,345900.830291024,0.17665085603948683,0.006816483044531196,0.16775977797806263,0.0019607950234785676
345,0,16,0.1782783520175144,0.0024434940423816442,345900.935064461,345901.110899319,345900.935169661,345900.941765744,345901.108910224,345901.108918724,0.17583485797513276,0.006596082996111363,0.16714447998674586,0.0019805949996225536
346,0,16,0.1784701520227827,0.0025414940319024026,345901.213588261,345901.389516919,345901.213690761,345901.220239944,345901.387888023,345901.387896423,0.1759286579908803,0.00654918298823759,0.16764807899016887,0.0016204959829337895
347,0,16,0.1792935489793308,0.002593192970380187,345901.492384661,345901.669085017,345901.49249336,345901.499275243,345901.667380421,345901.667390121,0.17670035600895062,0.006781883013900369,0.1681051779887639,0.001694896025583148
348,1,16,0.202773590979632,0.002423593949060887,345901.771804658,345901.972154655,345901.771961758,345901.778682641,345901.97016646,345901.97017476,0.2003499970305711,0.006720883015077561,0.19148381904233247,0.001979895052500069
349,0,16,0.17709735495736822,0.002512293984182179,345902.074920597,345902.249505658,345902.075026697,345902.08170728,345902.247884862,345902.247893162,0.17458506097318605,0.006680582999251783,0.16617758199572563,0.0016124959802255034
350,0,16,0.178323652013205,0.0024511940428055823,345902.3522967,345902.528169158,345902.3524002,345902.359071483,345902.526581262,345902.526589462,0.1758724579703994,0.006671283044852316,0.16750977898482233,0.0015796959633007646
351,2,16,0.19511450902791694,0.0024972929968498647,345902.6309759,345902.823593116,345902.631080499,345902.637683983,345902.821581221,345902.821589421,0.19261721603106707,0.00660348404198885,0.18389723799191415,0.0020036950008943677
352,0,16,0.1793485500384122,0.002493495063390583,345902.926373058,345903.103228113,345902.926476157,345902.93320874,345903.101633117,345903.101641217,0.17685505497502163,0.006732583045959473,0.1684243769850582,0.001586895959917456
353,2,16,0.1966309059644118,0.002483894000761211,345903.206084955,345903.400231967,345903.206187855,345903.212906738,345903.398534371,345903.398542471,0.19414701196365058,0.006718882999848574,0.18562763300724328,0.0016894959844648838
354,0,16,0.1883664260385558,0.0025220930110663176,345903.503114609,345903.688958942,345903.503220408,345903.509990091,345903.687282246,345903.687290746,0.18584433302748948,0.006769683037418872,0.17729215498548,0.0016681959968991578
355,0,16,0.17809175298316404,0.0024170949473045766,345903.791713484,345903.967388142,345903.791816983,345903.798588266,345903.965762246,345903.965770946,0.17567465803585947,0.006771282991394401,0.16717397997854277,0.0016171960160136223
356,0,16,0.18116094497963786,0.002508193952962756,345904.070205584,345904.248858335,345904.070321984,345904.076994667,345904.247221439,345904.247229539,0.1786527510266751,0.006672682997304946,0.17022677202476189,0.0016287960461340845
357,0,16,0.19725060398923233,0.0024522929452359676,345904.351650677,345904.546448988,345904.351752977,345904.35849456,345904.544766792,345904.544775092,0.19479831104399636,0.006741582998074591,0.1862722319783643,0.00167389604030177
358,0,16,0.18565053399652243,0.002396195020992309,345904.64916783,345904.832422169,345904.649269329,345904.656019912,345904.830782773,345904.830791473,0.18325433897553012,0.006750583008397371,0.17476286098826677,0.001630696002393961
359,16,16,0.32009089703205973,0.0025183940306305885,345904.935216911,345905.252789414,345904.935321711,345904.942276793,345905.25042172,345905.25042992,0.31757250300142914,0.0069550820044241846,0.30814492696663365,0.002359494043048471
360,0,16,0.1799468569806777,0.0024578929878771305,345905.355535561,345905.533024525,345905.355641461,345905.362581044,345905.531350129,345905.531358129,0.17748896399280056,0.006939583050552756,0.16876908496487886,0.0016663959831930697
361,0,16,0.1809223549789749,0.002477994014043361,345905.635795272,345905.814239633,345905.635908971,345905.642719655,345905.812579437,345905.812587537,0.17844436096493155,0.00681068398989737,0.16985978197772056,0.0016520959907211363
362,1,16,0.19595691800350323,0.0024683939991518855,345905.91699968,345906.110488204,345905.917099079,345905.924001662,345906.108671708,345906.108679908,0.19348852400435135,0.0069025830016471446,0.18467004597187042,0.0018082960159517825
363,4,16,0.2121502780355513,0.002475393994245678,345906.213305351,345906.422980235,345906.21341155,345906.220463433,345906.421084239,345906.421093139,0.20967488404130563,0.007051883032545447,0.2006208059610799,0.0018870960338972509
364,3,16,0.20866628602379933,0.0025575929903425276,345906.525835382,345906.731944075,345906.525946881,345906.533059864,345906.730087179,345906.730095579,0.2061086930334568,0.007112983032129705,0.19702731497818604,0.0018484960310161114
365,0,16,0.17870826000580564,0.0024743940448388457,345906.834731722,345907.010965588,345906.834836721,345906.841757404,345907.009260592,345907.009269092,0.1762338659609668,0.006920682964846492,0.16750318801496178,0.0016964959795586765
366,2,16,0.22159035498043522,0.0024780940148048103,345907.113744635,345907.332856896,345907.113846235,345907.120801518,345907.330934701,345907.330943301,0.2191122609656304,0.006955282995477319,0.21013318304903805,0.001913594955112785
367,0,16,0.179035660054069,0.0024408940225839615,345907.435636743,345907.612231509,345907.435739543,345907.442773026,345907.610535113,345907.610544013,0.17659476603148505,0.007033483008854091,0.1677620870177634,0.001687496027443558
368,1,16,0.1896340330131352,0.002466093050315976,345907.714976056,345907.902143996,345907.715078856,345907.722056039,345907.9004331,345907.9004417,0.18716793996281922,0.006977183045819402,0.1783770609763451,0.0017022959655150771
369,0,16,0.18535064399475232,0.0024635940208099782,345908.004951943,345908.187838993,345908.005057042,345908.012061325,345908.186116897,345908.186127697,0.18288704997394234,0.007004283019341528,0.17405557195888832,0.0017112959758378565
370,3,16,0.205286895041354,0.002508794073946774,345908.29060974,345908.493387841,345908.29071434,345908.297674523,345908.491586946,345908.491595146,0.20277810096740723,0.006960183032788336,0.19391242298297584,0.0017926949658431113
371,0,16,0.17998055700445548,0.002495592983905226,345908.596239588,345908.773724552,345908.596344288,345908.603170471,345908.771777456,345908.771785656,0.17748496402055025,0.00682618300197646,0.16860698501113802,0.001938896020874381
372,0,16,0.17974395700730383,0.0024507930502295494,345908.876484599,345909.053777763,345908.876603398,345908.883789581,345909.052068867,345909.052077167,0.17729316395707428,0.0071861830074340105,0.1682792860083282,0.0017005959525704384
373,1,16,0.18848963599884883,0.002513793995603919,345909.15656301,345909.342538852,345909.15666661,345909.163754692,345909.340752357,345909.340760957,0.1859758420032449,0.007088082027621567,0.1769976649666205,0.0017778950277715921
374,3,16,0.21582576900254935,0.002524292969610542,345909.445362899,345909.658664375,345909.445465199,345909.452592482,345909.656771579,345909.656779579,0.2133014760329388,0.007127282966393977,0.20417909702518955,0.0018847960163839161
375,0,16,0.17993275698972866,0.002453193999826908,345909.761494722,345909.938974285,345909.761600022,345909.768604804,345909.936866191,345909.936874291,0.17747956298990175,0.00700478203361854,0.16826138697797433,0.002099993987940252
376,0,16,0.1771909650415182,0.002539695065934211,345910.041723933,345910.216375203,345910.041827832,345910.048884115,345910.214730707,345910.214739207,0.174651269975584,0.007056283007841557,0.16584659198997542,0.001635995984543115
377,0,16,0.18862413603346795,0.002478594018612057,345910.31923185,345910.505377392,345910.31933335,345910.326422832,345910.503580997,345910.503589397,0.1861455420148559,0.007089481980074197,0.17715816502459347,0.0017879949882626534
378,0,16,0.18050405598478392,0.0025111929862760007,345910.608162739,345910.786155602,345910.608266439,345910.615471521,345910.784485106,345910.784493706,0.17799286299850792,0.007205081987194717,0.169013585022185,0.0016618960071355104
379,0,16,0.17939185799332336,0.00244029302848503,345910.888967849,345911.065919414,345910.889071949,345910.896179931,345911.064280818,345911.064289418,0.17695156496483833,0.007107982004527003,0.16810088697820902,0.0016299959970638156
380,0,16,0.19761061400640756,0.0024919940042309463,345911.168659061,345911.363777681,345911.168763261,345911.175882843,345911.362022385,345911.362030585,0.1951186200021766,0.007119581976439804,0.1861395420273766,0.0017470960156060755
381,0,16,0.1885810359963216,0.002479092974681407,345911.466621528,345911.652723471,345911.466725728,345911.473761511,345911.650948875,345911.650957375,0.18610194302164018,0.007035782968159765,0.1771873640245758,0.0017660959856584668
382,0,16,0.17911775899119675,0.0024700930225662887,345911.755446818,345911.932094484,345911.755551518,345911.7626777,345911.930447688,345911.930455988,0.17664766596863046,0.00712618202669546,0.16776998795103282,0.0016384960035793483
383,1,16,0.18623874202603474,0.0024193940334953368,345912.034858431,345912.218677779,345912.034961731,345912.042135613,345912.217006183,345912.217014283,0.1838193479925394,0.0071738819824531674,0.1748705700156279,0.0016634960193186998
384,0,16,0.17859166098060086,0.00255659397225827,345912.321484626,345912.497519693,345912.321586526,345912.328875708,345912.495844197,345912.495852397,0.1760350670083426,0.007289181987289339,0.16696848900755867,0.0016672959900461137
385,3,16,0.2250252470257692,0.0026203939924016595,345912.60049324,345912.822898093,345912.60059814,345912.607671522,345912.820999598,345912.821007898,0.22240485303336754,0.0070733820321038365,0.2133280760026537,0.001890195009764284
386,0,16,0.17927845899248496,0.002478992973919958,345912.92570304,345913.102502506,345912.92580664,345912.933085622,345913.10084841,345913.10085691,0.176799466018565,0.007278981967829168,0.1677627880126238,0.0016455959994345903
387,0,16,0.18052385101327673,0.002481594041455537,345913.205302553,345913.38334481,345913.205404853,345913.212647635,345913.381711914,345913.381719814,0.1780422569718212,0.007242782041430473,0.16906427894718945,0.0016249960171990097
388,0,16,0.18844133004313335,0.002484294062014669,345913.486069353,345913.672026389,345913.486172953,345913.493462635,345913.669666795,345913.669675095,0.18595703598111868,0.007289681991096586,0.17620416003046557,0.0023512939806096256
389,0,16,0.17981555097503588,0.0025173939648084342,345913.774814933,345913.95211309,345913.774920132,345913.782378614,345913.950436394,345913.950444594,0.17729815701022744,0.007458481995854527,0.168057780014351,0.0016684959991835058
390,5,16,0.23677800898440182,0.002466493984684348,345914.054849233,345914.289160748,345914.054952433,345914.062269415,345914.287157353,345914.287165653,0.23431151499971747,0.007316982024349272,0.22488793800584972,0.0019950949936173856
391,0,16,0.17996154999127612,0.002559193002525717,345914.391981292,345914.569383649,345914.392084391,345914.399529073,345914.567758753,345914.567767353,0.1774023569887504,0.00744468200718984,0.16822968004271388,0.0016162960091605783
392,0,16,0.1842426399816759,0.002489092934411019,345914.672097392,345914.853850939,345914.672202492,345914.679424774,345914.852188243,345914.852197043,0.18175354704726487,0.007222282001748681,0.17276346898870543,0.0016538960044272244
393,0,16,0.18260664399713278,0.00259809399722144,345914.956779982,345915.136788532,345914.956884282,345914.964257263,345915.135178436,345915.135186536,0.18000854999991134,0.007372980995569378,0.17092117300489917,0.0016019960166886449
394,0,16,0.1862807350116782,0.002587094029877335,345915.239663676,345915.423357317,345915.239773175,345915.247265957,345915.421708121,345915.421720821,0.18369364098180085,0.007492782024201006,0.17444216401781887,0.0016364959883503616
395,0,16,0.17688755894778296,0.0025431939284317195,345915.52622486,345915.700569225,345915.52633016,345915.533535342,345915.698967429,345915.698975829,0.17434436501935124,0.007205182046163827,0.16543208697112277,0.0015933960094116628
396,0,16,0.19918100198265165,0.002540292975027114,345915.803329269,345915.999969978,345915.803436168,345915.811071649,345915.998249282,345915.998257882,0.19664070900762454,0.007635481015313417,0.18717763299355283,0.0017120959819294512
397,0,16,0.1812020480283536,0.002517394023016095,345916.102821021,345916.281505675,345916.102940821,345916.110381402,345916.279748579,345916.279756679,0.1786846540053375,0.007440581044647843,0.16936717700446025,0.001748995971865952
398,3,16,0.2055107870255597,0.0024851930211298168,345916.384284318,345916.587309912,345916.384387218,345916.391975199,345916.585442816,345916.585450816,0.20302559400442988,0.007587981002870947,0.1934676170349121,0.0018590959953144193
399,0,16,0.18053704901831225,0.0026071930187754333,345916.690243455,345916.868173311,345916.690344755,345916.697730736,345916.866447815,345916.866456315,0.1779298559995368,0.00738598097814247,0.16871707898098975,0.0017169960192404687
400,0,16,0.1771537580061704,0.002592794015072286,345916.971035554,345917.145596518,345916.971140554,345916.978308836,345917.143974422,345917.143982622,0.1745609639910981,0.0071682819980196655,0.1656655860133469,0.0016138959908857942
401,0,16,0.17912495299242437,0.0025679940008558333,345917.248435562,345917.424992521,345917.248539261,345917.255921943,345917.423359525,345917.423367925,0.17655695899156854,0.0073826820007525384,0.16743758198572323,0.0016245960141532123
402,1,16,0.1955995120224543,0.002477994072251022,345917.527786864,345917.720908382,345917.527888964,345917.535249446,345917.719178687,345917.719186587,0.19312151795020327,0.007360482006333768,0.18392924102954566,0.0017217949498444796
403,0,16,0.17995355097809806,0.002558393985964358,345917.823743326,345918.001138483,345917.823845826,345917.831207407,345917.999343788,345917.999352088,0.1773951569921337,0.0073615810251794755,0.16813638102030382,0.001786394976079464
404,1,16,0.19775140704587102,0.0025895940489135683,345918.103954427,345918.29911624,345918.104059326,345918.111386708,345918.297385144,345918.297393444,0.19516181299695745,0.0073273819871246815,0.1859984360053204,0.0017227960051968694
405,0,16,0.1794327519601211,0.0024573939736001194,345918.401998683,345918.578974041,345918.402102882,345918.409624664,345918.577318745,345918.577327245,0.17697535798652098,0.00752178201219067,0.16769408102845773,0.0016467960085719824
406,0,16,0.1810081489966251,0.002459195035044104,345918.681779285,345918.860328239,345918.681881384,345918.689299066,345918.858589643,345918.858597943,0.178548953961581,0.007417682034429163,0.169290576945059,0.0017302960040979087
407,0,16,0.20723798300605267,0.0024644940276630223,345918.963063783,345919.167837272,345918.963170282,345918.970642864,345919.166017776,345919.166026176,0.20477348897838965,0.0074725819868035614,0.19537491200026125,0.001811095979064703
408,0,16,0.18398294103099033,0.0024890940403565764,345919.270662515,345919.452156362,345919.270765215,345919.278264296,345919.450500966,345919.450509466,0.18149384699063376,0.0074990810244344175,0.17223666998324916,0.0016468960093334317
409,0,16,0.17960495100123808,0.0025137930060736835,345919.554960306,345919.732051464,345919.555065005,345919.562658186,345919.730380668,345919.730389468,0.1770911579951644,0.007593180984258652,0.16772248200140893,0.0016619959496892989
410,0,16,0.19807410595240071,0.0024759939406067133,345919.834845807,345920.030443919,345919.834948407,345919.842601088,345920.028656624,345920.028664824,0.195598112011794,0.00765268097165972,0.18605553603265435,0.0017790949787013233
411,0,16,0.17920635204063728,0.002549093042034656,345920.133308863,345920.309966122,345920.133412162,345920.140947144,345920.308315726,345920.308323926,0.17665725899860263,0.00753498199628666,0.16736858198419213,0.0016421959735453129
412,6,16,0.23446101497393101,0.002505493990611285,345920.412794465,345920.644749986,345920.412898365,345920.420465346,345920.642780091,345920.642788491,0.23195552098331973,0.007566981017589569,0.22231474495492876,0.001961495028808713
413,0,16,0.17927735298871994,0.002525893971323967,345920.74753893,345920.924290389,345920.74764003,345920.755151911,345920.922408994,345920.922417094,0.17675145901739597,0.007511881005484611,0.16725708299782127,0.0018732949974946678
414,0,16,0.18051815003855154,0.002521493996027857,345921.027117532,345921.205114188,345921.027220332,345921.034610414,345921.203234193,345921.203242493,0.17799665604252368,0.0073900819988921285,0.16862377896904945,0.0018716950435191393
415,0,16,0.18020155502017587,0.002479494025465101,345921.307851333,345921.485573394,345921.307953333,345921.315536614,345921.483691199,345921.483699899,0.17772206099471077,0.007583280967082828,0.16815458500059322,0.0018734949990175664
416,0,16,0.1886198350111954,0.002553094003815204,345921.58841414,345921.774480881,345921.58852094,345921.596401021,345921.772724985,345921.772733185,0.1860667410073802,0.007880081015173346,0.1763239640276879,0.0017476960201747715
417,0,16,0.1801343549741432,0.0025540940114296973,345921.877316727,345922.054896988,345921.877424327,345921.885064508,345922.053160793,345922.053169093,0.1775802609627135,0.007640180992893875,0.16809628496412188,0.0017278949962928891
418,0,16,0.17814515996724367,0.0025365929468534887,345922.157761634,345922.333370201,345922.157864434,345922.165579615,345922.331597805,345922.331606005,0.17560856702039018,0.007715180981904268,0.16601819003699347,0.0017641959711909294
419,0,16,0.1791684579802677,0.0024705950054340065,345922.436160447,345922.61285831,345922.436263046,345922.443869528,345922.611177814,345922.611186314,0.1766978629748337,0.007606482016853988,0.16730828600702807,0.0016719959676265717
420,0,16,0.18041615496622398,0.002473994973115623,345922.715641757,345922.893583917,345922.715744456,345922.723412737,345922.891939921,345922.891948821,0.17794215999310836,0.007668281032238156,0.16852718399604782,0.0016350959776900709
421,0,16,0.17877415905240923,0.0024976940476335585,345922.996290163,345923.172566628,345922.996394963,345923.004089044,345923.170919432,345923.170928132,0.17627646500477567,0.007694080995861441,0.1668303880142048,0.0016384960035793483
422,2,16,0.19787241198355332,0.0025525940000079572,345923.275373274,345923.470693092,345923.275478574,345923.283288155,345923.468902496,345923.468910996,0.19531981798354536,0.0078095810022205114,0.18561434099683538,0.001782095991075039
423,0,16,0.1793200570391491,0.0024388940655626357,345923.573455638,345923.750336801,345923.573599838,345923.581140319,345923.748590406,345923.748598906,0.17688116297358647,0.0075404809904284775,0.1674500869703479,0.001737895014230162
424,0,16,0.1801407549646683,0.002488093974534422,345923.853096748,345924.030749409,345923.853200048,345923.860894829,345924.028992813,345924.029000913,0.17765266099013388,0.007694781001191586,0.16809798404574394,0.0017484959680587053
425,0,16,0.1787409590324387,0.00247679406311363,345924.133532855,345924.30979702,345924.133637155,345924.141353436,345924.308106224,345924.308114624,0.17626416496932507,0.007716280990280211,0.16675278800539672,0.0016823959886096418
426,0,16,0.17958065698621795,0.0025570940342731774,345924.412658266,345924.589681829,345924.412760966,345924.420611346,345924.588035033,345924.588043533,0.17702356295194477,0.0078503800323233,0.16742368700215593,0.0016382960020564497
427,0,16,0.21140727802412584,0.002435994043480605,345924.692434575,345924.901405859,345924.692555875,345924.700329056,345924.899543664,345924.899551564,0.20897128398064524,0.007773181016091257,0.19921460800105706,0.0018542949692346156
428,0,16,0.19851821003248915,0.002532394020818174,345925.004130006,345925.200115822,345925.004235905,345925.011886287,345925.198234927,345925.198243127,0.19598581601167098,0.007650382001884282,0.18634864001069218,0.0018726950511336327
429,0,16,0.18027285498101264,0.002460593997966498,345925.302896168,345925.480708429,345925.303000968,345925.310838849,345925.479026033,345925.479034533,0.17781226098304614,0.00783788098488003,0.16818718402646482,0.001673895982094109
430,0,16,0.18033415504032746,0.0025210940511897206,345925.583546975,345925.761360036,345925.583650375,345925.591410456,345925.75964324,345925.75965144,0.17781306098913774,0.007760080974549055,0.16823278402443975,0.0017085959552787244
431,0,16,0.18205135100288317,0.002436995040625334,345925.864100083,345926.043714439,345925.864201482,345925.872326762,345926.041914444,345926.041922744,0.17961435596225783,0.008125280030071735,0.1695876820012927,0.001791694958228618
432,2,16,0.19774431199766695,0.00248839397681877,345926.146488985,345926.341744903,345926.146590485,345926.154383366,345926.339948308,345926.339956608,0.19525591802084818,0.007792880991473794,0.18556494201766327,0.0017882949905470014
433,0,16,0.1796913570142351,0.002498794987332076,345926.44455535,345926.621747912,345926.444658749,345926.45239943,345926.620070416,345926.620080116,0.17719256202690303,0.0077406810014508665,0.16767098603304476,0.0016677960520610213
434,0,16,0.17957985698012635,0.002495393971912563,345926.724535158,345926.901619621,345926.724638658,345926.732499839,345926.899904126,345926.899912326,0.1770844630082138,0.007861180987674743,0.16740428702905774,0.0017072950140573084
435,0,16,0.18020955502288416,0.002502393035683781,345927.004452767,345927.182159929,345927.004556267,345927.012281048,345927.180484133,345927.180492733,0.17770716198720038,0.007724780996795744,0.16820308502065018,0.0016671959892846644
436,0,16,0.1794886569841765,0.002480693976394832,345927.284958175,345927.461966138,345927.285062675,345927.292927755,345927.460223542,345927.460231842,0.17700796300778165,0.00786507996963337,0.16729578701779246,0.0017342959763482213
437,0,16,0.18029015505453572,0.0025428931112401187,345927.564813184,345927.742560446,345927.564917384,345927.572738665,345927.74089785,345927.74090615,0.1777472619432956,0.007821280974894762,0.16815918503561988,0.0016542959492653608
438,0,16,0.1812814520089887,0.0025267929886467755,345927.845340892,345928.024095551,345927.845445192,345927.853329872,345928.022407555,345928.022415955,0.17875465902034193,0.007884680002462119,0.1690776830073446,0.0016795959672890604
439,0,16,0.17984315700596198,0.0025055950391106308,345928.126994497,345928.304332059,345928.127100696,345928.135084477,345928.302653363,345928.302661763,0.17733756196685135,0.007983781048096716,0.1675688859540969,0.0016702960128895938
440,0,16,0.18045545503264293,0.0025872940314002335,345928.407194505,345928.585062666,345928.407299305,345928.415214785,345928.583150071,345928.583158771,0.1778681610012427,0.007915480004157871,0.16793528595007956,0.0019038949976675212
441,0,16,0.18117425305536017,0.0025263940333388746,345928.687896912,345928.866544771,345928.688000912,345928.695808293,345928.864906175,345928.864914275,0.1786478590220213,0.007807380985468626,0.16909788199700415,0.0016304960008710623
442,0,16,0.18111655296524987,0.0024639939656481147,345928.969336218,345929.147988777,345928.969439217,345928.977335098,345929.146283681,345929.146292981,0.17865255899960175,0.00789588101906702,0.16894858295563608,0.001695796032436192
443,0,16,0.18018384999595582,0.0025510929990559816,345929.250806623,345929.42843938,345929.250911923,345929.258747703,345929.426684784,345929.426692984,0.17763275699689984,0.007835779979359359,0.16793708101613447,0.0017463960102759302
444,0,16,0.18825993000064045,0.002482295036315918,345929.531252423,345929.717030058,345929.531354622,345929.539358002,345929.715269863,345929.715278163,0.18577763496432453,0.008003380033187568,0.1759118610061705,0.0017518949462100863
445,0,16,0.18048804899444804,0.002514093939680606,345929.819851501,345929.997825456,345929.819956201,345929.827820781,345929.996095961,345929.996104561,0.17797395505476743,0.007864579965826124,0.16827518003992736,0.0017208950011990964
446,0,16,0.18963152600917965,0.0024983930052258074,345930.100620499,345930.287753632,345930.100722599,345930.108587879,345930.286000136,345930.286008236,0.18713313300395384,0.00786527997115627,0.17741225700592622,0.0017453960026614368
447,0,16,0.179211552022025,0.0025624940171837807,345930.390632875,345930.567281933,345930.390735474,345930.398685154,345930.565568037,345930.565576437,0.1766490580048412,0.00794967997353524,0.16688288300065324,0.001705495989881456
448,0,16,0.20393739000428468,0.0025391930248588324,345930.670132176,345930.871530373,345930.670235276,345930.678183156,345930.869704677,345930.869712577,0.20139819697942585,0.007947880018036813,0.19152152101742104,0.0018177959718741477
449,0,16,0.18060104799224064,0.002513592946343124,345930.974302916,345931.152390371,345930.974407116,345930.982548495,345931.150680975,345931.150689275,0.1780874550458975,0.00814137898851186,0.16813248000107706,0.001701096014585346
450,0,16,0.18018574902089313,0.002581993001513183,345931.255270214,345931.43287397,345931.255374313,345931.263371693,345931.431109474,345931.431117674,0.17760375601937994,0.007997380045708269,0.16773778095375746,0.0017562960274517536
451,0,16,0.18036134901922196,0.002512893988750875,345931.535698713,345931.713547168,345931.535804113,345931.543788893,345931.711796273,345931.711804573,0.1778484550304711,0.007984779949765652,0.16800738003803417,0.0017425949918106198
452,1,16,0.21650315896840766,0.0025190929882228374,345931.816346611,345932.030330677,345931.816450611,345931.824496691,345932.028359582,345932.028367882,0.21398406598018482,0.00804608000908047,0.20386289100861177,0.0019627949804998934
453,0,16,0.18072104797465727,0.002551693993154913,345932.13320812,345932.311377474,345932.133314019,345932.141276199,345932.309670979,345932.309679279,0.17816935398150235,0.007962180010508746,0.16839477996109053,0.0016981950029730797
454,0,16,0.17897225299384445,0.002487993973772973,345932.414194017,345932.590678276,345932.414297517,345932.422429797,345932.588938781,345932.588946781,0.17648425902007148,0.008132280025165528,0.1665089839952998,0.0017314950237050653
455,0,16,0.17943535203812644,0.0024949940270744264,345932.693531919,345932.870472277,345932.693634919,345932.701721099,345932.868761282,345932.868769682,0.176940358011052,0.008086179965175688,0.16704018303425983,0.0017025949782691896
456,0,16,0.18034094996983185,0.002462593954987824,345932.97323812,345933.151116476,345932.97334092,345932.9814696,345933.14939318,345933.14940158,0.17787835601484403,0.008128679997753352,0.16792357998201624,0.0017148960032500327
457,0,16,0.19238301896257326,0.002571292978245765,345933.253931919,345933.443743645,345933.254035519,345933.262176898,345933.441871449,345933.441879549,0.1898117259843275,0.00814137898851186,0.17969455098500475,0.0018640959751792252
458,0,16,0.19799410499399528,0.002502893970813602,345933.546541388,345933.742032599,345933.546646888,345933.554974567,345933.740214704,345933.740223004,0.19549121102318168,0.008327679010108113,0.18524013698333874,0.0018095949781127274
459,0,16,0.18060214800061658,0.002438493014778942,345933.844794543,345934.022958198,345933.844896942,345933.852992522,345934.021148202,345934.021156202,0.17816365498583764,0.008095579978544265,0.16815568000311032,0.0018019959679804742
460,0,16,0.18010085000423715,0.002455194015055895,345934.125736541,345934.303382197,345934.125842541,345934.13388182,345934.301658501,345934.301666801,0.17764565598918125,0.00803927902597934,0.16777668095892295,0.0017153960070572793
461,0,16,0.18087064800783992,0.0024962929892353714,345934.40610544,345934.584479795,345934.40622594,345934.41443072,345934.582770599,345934.582778599,0.17837435501860455,0.008204779995139688,0.1683398790191859,0.0017011960153467953
462,0,16,0.18112754699541256,0.0025423929910175502,345934.687256938,345934.865842092,345934.687360138,345934.695516917,345934.864123896,345934.864132396,0.178585154004395,0.008156778989359736,0.16860697901574895,0.001709696021862328
463,0,16,0.18113174696918577,0.0024785929708741605,345934.968659035,345935.147312189,345934.968761735,345934.976955914,345935.145589393,345935.145597693,0.1786531539983116,0.008194178983103484,0.16863347898470238,0.0017144960002042353
464,0,16,0.1818688450148329,0.002558893000241369,345935.250155432,345935.429465384,345935.250260131,345935.25859461,345935.427725488,345935.427733388,0.17930995201459154,0.008334478945471346,0.16913087805733085,0.0017319960170425475
465,0,16,0.21054387401090935,0.002458194037899375,345935.532274627,345935.740360307,345935.532377827,345935.540606706,345935.738398912,345935.738406912,0.20808567997300997,0.00822887901449576,0.19779220601776615,0.0019533949671313167
466,0,16,0.18155854602809995,0.002499193011317402,345935.84316675,345936.022226103,345935.84327005,345935.851427329,345936.020443807,345936.020452307,0.17905935301678255,0.008157278993166983,0.16901647800114006,0.0017737959860824049
467,0,16,0.21207467000931501,0.0025051929987967014,345936.125007846,345936.334577323,345936.125111846,345936.133395325,345936.332715027,345936.332723327,0.2095694770105183,0.008283478964585811,0.19931970199104398,0.001853996014688164
468,0,16,0.1803146490128711,0.0024781940155662596,345936.437408166,345936.615244621,345936.437512165,345936.445739145,345936.613575926,345936.613583826,0.17783645499730483,0.008226979989558458,0.16783678100910038,0.0016607950092293322
469,0,16,0.18390453996835276,0.002650292939506471,345936.717911965,345936.899166212,345936.718016365,345936.726332544,345936.897385917,345936.897394317,0.1812542470288463,0.0083161789807491,0.17105337302200496,0.001771894982084632
470,0,16,0.1801685499958694,0.002543393988162279,345937.002199655,345937.179824811,345937.002303755,345937.010643434,345937.178149415,345937.178157915,0.17762515600770712,0.008339678985066712,0.1675059809931554,0.0016668959870003164
471,0,16,0.19486629799939692,0.0024935940164141357,345937.282638454,345937.475011158,345937.282741854,345937.291610731,345937.472882264,345937.472890564,0.19237270398298278,0.008868876961059868,0.18127153301611543,0.0021205939701758325
472,0,16,0.1777796420501545,0.0024951930390670896,345937.577817693,345937.753102142,345937.577921493,345937.586200272,345937.751452446,345937.751460946,0.17528444901108742,0.008278779045213014,0.16525217395974323,0.0016411960241384804
473,0,16,0.18110883299959823,0.00247279298491776,345937.855910177,345938.034546217,345937.856015277,345937.864295155,345938.032793921,345938.032802321,0.17863604001468047,0.00827987800585106,0.16849876602645963,0.0017438959912396967
474,0,16,0.17896893800934777,0.0025072930147871375,345938.137353052,345938.313814697,345938.137457851,345938.14581683,345938.312104501,345938.312112701,0.17646164499456063,0.008358979015611112,0.1662876710179262,0.001701995963230729
475,0,16,0.18202823103638366,0.0025271940394304693,345938.416672032,345938.596173069,345938.416777632,345938.42510511,345938.594417474,345938.594426674,0.1795010369969532,0.008327477960847318,0.16931236401433125,0.0017463949625380337
476,0,16,0.18225363100646064,0.0025497940368950367,345938.699073704,345938.878777541,345938.699179204,345938.707533682,345938.877094645,345938.877102745,0.1797038369695656,0.008354477991815656,0.16956096299691126,0.001674795988947153
477,0,16,0.20628246903652325,0.0025092940195463598,345938.981596776,345939.185369951,345938.981699276,345938.990131054,345939.183473156,345939.183480956,0.2037731750169769,0.008431777998339385,0.19334210199303925,0.0018889950006268919
478,1,16,0.1925814040005207,0.0025541940121911466,345939.288244186,345939.478271396,345939.288347286,345939.296865164,345939.476460501,345939.476469301,0.19002720998832956,0.008517878013662994,0.17959533701650798,0.001802095037419349
479,0,16,0.18115853297058493,0.0025450929533690214,345939.581108231,345939.759721671,345939.581210731,345939.589662909,345939.757968376,345939.757976976,0.1786134400172159,0.008452177979052067,0.16830546699929982,0.001744695007801056
480,0,16,0.18226113100536168,0.002509394020307809,345939.862549206,345940.042300943,345939.862653306,345939.871058384,345940.040406248,345940.040414548,0.17975173698505387,0.008405078027863055,0.16934786399360746,0.001886394980829209
481,0,16,0.18036603595828637,0.002744093944784254,345940.145205978,345940.32282792,345940.145321878,345940.153659756,345940.320696226,345940.320704326,0.17762194201350212,0.008337877981830388,0.16703646996757016,0.0021235940512269735
482,0,16,0.1909608079586178,0.002512992941774428,345940.425838455,345940.61428627,345940.425943155,345940.434648532,345940.612421674,345940.612429874,0.18844781501684338,0.008705376996658742,0.1777731420006603,0.0018563959747552872
483,0,16,0.18275002896552905,0.002469393948558718,345940.717037405,345940.89731804,345940.717141205,345940.725645583,345940.895626045,345940.895634445,0.18028063501697034,0.008504378027282655,0.16998046200023964,0.0016835950082167983
484,0,16,0.1796428380184807,0.0025508939870633185,345941.000192175,345941.177284119,345941.000294275,345941.008492854,345941.175542124,345941.175550424,0.17709194403141737,0.008198579016607255,0.167049270006828,0.0017336949822492898
485,0,16,0.19089700799668208,0.0025312930229119956,345941.280178454,345941.468544169,345941.280285354,345941.289262131,345941.466819573,345941.466828273,0.18836571497377008,0.00897677696775645,0.17755744204623625,0.0017158959526568651
486,0,16,0.18165723199490458,0.0025195939815603197,345941.571372304,345941.750509942,345941.571473704,345941.579746382,345941.748800847,345941.748809247,0.17913763801334426,0.008272678009234369,0.16905446496093646,0.001700695022009313
487,0,16,0.18268822896061465,0.0025835929554887116,345941.853358177,345942.033462813,345941.853462877,345941.862392454,345942.031714418,345942.031723118,0.18010463600512594,0.00892957701580599,0.16932196397101507,0.00173969502793625
488,0,16,0.18097403302090243,0.0025061930646188557,345942.136292449,345942.314760289,345942.136398948,345942.144907126,345942.313060693,345942.313069093,0.17846783995628357,0.00850817805621773,0.16815356694860384,0.0016911959974095225
489,0,16,0.18165873200632632,0.0025095930323004723,345942.417558624,345942.596707763,345942.417662224,345942.426251602,345942.594951167,345942.594959367,0.17914913897402585,0.008589378034230322,0.16869956499431282,0.001748395967297256
490,0,16,0.1827076289919205,0.00252459297189489,345942.699507398,345942.879690434,345942.699608798,345942.708911774,345942.877887538,345942.877896038,0.1801830360200256,0.009302975959144533,0.16897576401242986,0.0017943960265256464
491,0,16,0.1821729310322553,0.002513494051527232,345942.982534769,345943.162194206,345942.982637368,345942.991361846,345943.159998412,345943.160016712,0.17965943698072806,0.008724477957002819,0.16863656602799892,0.002177493995986879
492,0,16,0.18059403501683846,0.0024943940225057304,345943.265003441,345943.443103082,345943.265108341,345943.273772919,345943.441364787,345943.441374987,0.17809964099433273,0.008664578024763614,0.16759186796844006,0.0017280949978157878
493,0,16,0.18066963402088732,0.0025290920166298747,345943.545962517,345943.724103059,345943.546078817,345943.554677495,345943.722417863,345943.722426163,0.17814054200425744,0.008598677988629788,0.16774036805145442,0.0016768960049375892
494,0,16,0.17858964001061395,0.002489193982910365,345943.826836894,345944.00293734,345943.826942494,345943.835615871,345944.001240545,345944.001248645,0.17610044602770358,0.008673376985825598,0.1656246740021743,0.0016886949888430536
495,0,16,0.18161353201139718,0.0024630940170027316,345944.105700376,345944.284850814,345944.105802276,345944.114405953,345944.283077419,345944.283085619,0.17915043799439445,0.008603676978964359,0.16867146600270644,0.0017651949892751873
496,0,16,0.18459133402211592,0.002525394025724381,345944.38767685,345944.56974279,345944.387781249,345944.396662926,345944.567978194,345944.567986494,0.18206593999639153,0.008881677000317723,0.1713152679731138,0.0017562960274517536
497,0,16,0.1815764529746957,0.0024778940132819116,345944.672639537,345944.851738096,345944.672739437,345944.681573215,345944.850032501,345944.850046701,0.1790985589614138,0.008833777974359691,0.16845928598195314,0.0016913950094021857
498,0,16,0.18915393500356004,0.0024476940161548555,345944.954483944,345945.141190185,345944.954587043,345944.963211222,345945.139342689,345945.139350589,0.18670624098740518,0.008624179055914283,0.17613146698568016,0.0018395959632471204
499,0,16,0.1823268469888717,0.0025011939578689635,345945.243972232,345945.423797885,345945.244075132,345945.25289161,345945.421678591,345945.421686691,0.17982565303100273,0.008816478017251939,0.16878698096843436,0.0021111940150149167
500,1,16,0.21836165594868362,0.0024417939130216837,345945.52644293,345945.742362792,345945.52654773,345945.535288608,345945.740432197,345945.740440597,0.21591986203566194,0.008740877965465188,0.20514358900254592,0.001922195020597428
501,1,16,0.22076265001669526,0.0024623930221423507,345945.845115736,345946.063415993,345945.845217936,345945.853923214,345946.061379298,345946.061387698,0.2183002569945529,0.00870527804363519,0.20745608396828175,0.002028295013587922
502,0,16,0.18065554997883737,0.0024166940129362047,345946.166155537,345946.344394393,345946.166256637,345946.174914515,345946.342584397,345946.342592397,0.17823885596590117,0.008657877973746508,0.1676698820083402,0.0018019959679804742
503,0,16,0.17862135503673926,0.002548694028519094,345946.447252137,345946.623324798,345946.447355537,345946.456021915,345946.621614903,345946.621623403,0.17607266100822017,0.008666378038469702,0.1655929879634641,0.0017013950273394585
504,0,16,0.1807063499582,0.002445793943479657,345946.726025343,345946.904285899,345946.726126642,345946.73492832,345946.902569203,345946.902577503,0.17826055601472035,0.008801677962765098,0.16764088300988078,0.0017083960119634867
505,1,16,0.19790250703226775,0.0024760940577834845,345947.007072543,345947.202498956,345947.007176643,345947.015979121,345947.200652661,345947.200660961,0.19542641297448426,0.008802477968856692,0.18467354000313208,0.0018379950197413564
506,2,16,0.22621513699414209,0.0024665939854457974,345947.3052541,345947.529002643,345947.3053571,345947.314959376,345947.526979248,345947.526987448,0.2237485430086963,0.009602276026271284,0.21201987197855487,0.0020151950302533805
507,0,16,0.18336564401397482,0.002446394006256014,345947.631751287,345947.812670537,345947.631855987,345947.641329664,345947.810855041,345947.810863241,0.1809192500077188,0.009473676967900246,0.16952537704491988,0.001807296008337289
508,0,16,0.18136854795739055,0.002460692950990051,345947.915472781,345948.094380636,345947.915575481,345947.924306259,345948.09264704,345948.09265504,0.1789078550064005,0.008730778004974127,0.16834078094689175,0.0017255960265174508
509,2,16,0.20847777999006212,0.0025258929817937315,345948.19719028,345948.403142167,345948.197293879,345948.206210857,345948.401206372,345948.401214872,0.2059518870082684,0.00891697802580893,0.19499551499029621,0.0019272950012236834
510,0,16,0.18044265103526413,0.002451994048897177,345948.505931811,345948.683922468,345948.506034411,345948.515379087,345948.682190472,345948.682198972,0.17799065698636696,0.009344675985630602,0.16681138501735404,0.0017234960105270147
511,0,16,0.18177484697662294,0.0024242940125986934,345948.786658512,345948.966009065,345948.786760712,345948.79550119,345948.96423357,345948.96424217,0.17935055296402425,0.008740478020627052,0.16873237997060642,0.001766895002219826
512,0,16,0.18134074902627617,0.002487595018465072,345949.06880661,345949.247659764,345949.068911109,345949.077835887,345949.245884669,345949.245893069,0.1788531540078111,0.008924777968786657,0.16804878204129636,0.0017666950006969273
513,0,16,0.1789188549737446,0.002432793960906565,345949.350454308,345949.526940369,345949.350558608,345949.359846185,345949.525213473,345949.525221773,0.17648606101283804,0.009287577006034553,0.16536728799110278,0.0017185959732159972
514,1,16,0.1972613090183586,0.0024461940047331154,345949.629635113,345949.824450228,345949.629740213,345949.639245489,345949.822555133,345949.822563433,0.19481511501362547,0.009505275986157358,0.18330964405322447,0.0018867950420826674
515,0,16,0.21269157098140568,0.0024748939904384315,345949.927281172,345950.137497849,345949.927385872,345949.937027348,345950.135523454,345950.135531854,0.21021667699096724,0.009641475975513458,0.19849610602250323,0.001965995004866272
516,0,16,0.18284284503897652,0.0024887940380722284,345950.240291693,345950.420645744,345950.240393493,345950.249921669,345950.418811849,345950.418820349,0.1803540510009043,0.009528176044113934,0.16889018000802025,0.0018253950402140617
517,0,16,0.1810990500380285,0.0025083940709009767,345950.523447588,345950.702038244,345950.523552188,345950.532516666,345950.700345948,345950.700354148,0.17859065596712753,0.008964477980043739,0.16782928199972957,0.0016840960015542805
518,0,16,0.18056804995285347,0.002468392951413989,345950.804815588,345950.982915245,345950.804916488,345950.814239265,345950.98096755,345950.980975749,0.17809965700143948,0.009322776983026415,0.1667282850248739,0.001939496025443077
519,1,16,0.18908812903100625,0.0024690930149517953,345951.085601989,345951.272221025,345951.085703089,345951.094609767,345951.270461429,345951.270469529,0.18661903601605445,0.00890667800558731,0.17585166200296953,0.0017514960491098464
520,0,16,0.18022975098574534,0.002472094027325511,345951.375043769,345951.552801426,345951.375145568,345951.383967346,345951.55106533,345951.55107393,0.17775765695841983,0.008821777999401093,0.1670979839982465,0.0017274959827773273
521,0,16,0.17998635198455304,0.002431493951007724,345951.655474571,345951.833029429,345951.65557907,345951.664616048,345951.831337733,345951.831346033,0.17755485803354532,0.00903697800822556,0.16672168503282592,0.0016833959962241352
522,0,16,0.19169592298567295,0.0025564939714968204,345951.935759273,345952.124898702,345951.935862373,345951.94483755,345952.123026907,345952.123035607,0.18913942901417613,0.008975177013780922,0.1781893569859676,0.0018630950362421572
523,0,16,0.206375986977946,0.0025124939857050776,345952.227742946,345952.431606439,345952.227847846,345952.237162723,345952.429603344,345952.429611444,0.20386349299224094,0.009314876981079578,0.19244062103098258,0.0019949949928559363
524,0,16,0.17971795302582905,0.00246769399382174,345952.534413383,345952.711663642,345952.534518083,345952.54361326,345952.709680247,345952.709689047,0.1772502590320073,0.009095176996197551,0.16606698703253642,0.0019745950121432543
525,0,16,0.20811238198075444,0.002424493955913931,345952.814403586,345953.020091474,345952.814506886,345952.823646963,345953.018179479,345953.018187579,0.2056878880248405,0.009140076988842338,0.19453251600498334,0.0019038949976675212
526,0,16,0.18166824703803286,0.002434693044051528,345953.122747719,345953.301981273,345953.122850619,345953.132190495,345953.300254977,345953.300263077,0.17923355399398133,0.009339875949081033,0.1680644820444286,0.0017181959701701999
527,0,16,0.19049661798635498,0.00269199296599254,345953.404942112,345953.592746737,345953.405045112,345953.414024189,345953.590969042,345953.590977642,0.18780462502036244,0.008979076985269785,0.17694485298125073,0.0017690950189717114
528,0,16,0.1870784269995056,0.0024370939936488867,345953.695409577,345953.88005091,345953.695528577,345953.704901853,345953.878272915,345953.878281715,0.18464133300585672,0.009373275970574468,0.17337106203194708,0.0017691950197331607
529,0,16,0.17898314801277593,0.0024701940128579736,345953.98281115,345954.159324104,345953.98291365,345953.992028727,345954.157606108,345954.157614308,0.17651295399991795,0.009115077031310648,0.16557738097617403,0.0017097960226237774
530,1,16,0.19130171596771106,0.0024798939703032374,345954.262125844,345954.450947666,345954.262229144,345954.271985919,345954.449061871,345954.449070571,0.18882182199740782,0.009756774990819395,0.17707595200045034,0.0018770950264297426
531,3,16,0.2585974459652789,0.0024375939392484725,345954.553608307,345954.809768159,345954.553711106,345954.562789583,345954.807403265,345954.807413565,0.2561598520260304,0.009078476985450834,0.24461368197808042,0.0023545940057374537
532,3,16,0.20821357396198437,0.0024736939813010395,345954.912610798,345955.118350678,345954.912715398,345954.921820975,345955.116427283,345955.116435583,0.20573987998068333,0.009105577017180622,0.19460630795219913,0.001915095024742186
533,1,16,0.18923582101706415,0.0024682930088602006,345955.221105918,345955.407873446,345955.221207618,345955.230437895,345955.40606385,345955.40607245,0.18676752800820395,0.00923027697717771,0.17562595498748124,0.0018009960185736418
534,0,16,0.1808306419989094,0.0024564930354245007,345955.510678786,345955.689052935,345955.510781185,345955.519757463,345955.687146939,345955.687155439,0.1783741489634849,0.0089762780116871,0.167389475973323,0.0018974959966726601
535,0,16,0.18283103697467595,0.002476992958690971,345955.791802275,345955.972156319,345955.791907374,345955.801123951,345955.970067224,345955.970075724,0.18035404401598498,0.009216576989274472,0.16894327301997691,0.0020805950043722987
536,0,16,0.18093494197819382,0.0024103939649648964,345956.074855659,345956.253380207,345956.074959059,345956.084302535,345956.251550912,345956.251559512,0.17852454801322892,0.00934347597649321,0.16724837699439377,0.001820695004425943
537,4,16,0.21164746501017362,0.0024754939950071275,345956.356134947,345956.565306918,345956.356237147,345956.365638423,345956.563018124,345956.563027024,0.2091719710151665,0.0094012760091573,0.19737970101414248,0.002279894019011408
538,0,16,0.18981171998893842,0.002540792978834361,345956.668175758,345956.855446685,345956.668281958,345956.677872134,345956.853559189,345956.853567589,0.18727092701010406,0.009590176050551236,0.1756870549870655,0.001879095972981304
539,0,16,0.18389903503702953,0.0024458940024487674,345956.958133125,345957.139586266,345956.958235625,345956.9680944,345957.137744971,345957.137753171,0.18145314103458077,0.009858775010798126,0.16965057101333514,0.0018330950406379998
540,1,16,0.1900883189518936,0.0024602929479442537,345957.242270706,345957.429898732,345957.242375906,345957.251953682,345957.428041936,345957.428050436,0.18762802600394934,0.009577776014339179,0.17608825402567163,0.0018482959712855518
541,1,16,0.19711280101910233,0.0024888930493034422,345957.532682172,345957.72730608,345957.532786172,345957.542351547,345957.725350285,345957.725358985,0.1946239079697989,0.009565374988596886,0.18299873801879585,0.0019470949773676693
542,0,16,0.1820135400048457,0.0025286939926445484,345957.83010102,345958.009585866,345957.830208319,345957.839820895,345958.007725871,345958.007735371,0.17948484601220116,0.009612575988285244,0.16790497599868104,0.0018504949985072017
543,2,16,0.19933149602729827,0.0025372940581291914,345958.112381206,345958.309175408,345958.112483406,345958.121968782,345958.307270313,345958.307278513,0.19679420196916908,0.009485376009251922,0.18530153098981827,0.0018968950025737286
544,0,16,0.18184984003892168,0.0024608930689282715,345958.411938048,345958.591326995,345958.412040948,345958.421792123,345958.589509599,345958.589517999,0.1793889469699934,0.009751175006385893,0.16771747602615505,0.0018089960212819278
545,0,16,0.18270823801867664,0.002449294028338045,345958.694095335,345958.874354279,345958.694197235,345958.70407351,345958.872498184,345958.872506384,0.1802589439903386,0.009876275027636439,0.16842467396054417,0.0018478950369171798
546,0,16,0.1820075400173664,0.0024488939670845866,345958.977127819,345959.156686465,345958.977231319,345958.987054494,345959.154558871,345959.154567071,0.17955864605028182,0.009823174972552806,0.16750437702285126,0.0021193940192461014
547,0,16,0.18250283901579678,0.002462594013195485,345959.259407405,345959.43944765,345959.259511105,345959.269837279,345959.437606855,345959.437615055,0.1800402450026013,0.010326173971407115,0.16776957601541653,0.0018325949786230922
548,0,16,0.18153914099093527,0.00245729397283867,345959.54226059,345959.721342437,345959.54236419,345959.551939366,345959.719570142,345959.719578542,0.1790818470180966,0.009575175994541496,0.16763077600626275,0.0017638950375840068
549,0,16,0.18214664002880454,0.0024629950639791787,345959.824121678,345960.003805323,345959.824223977,345959.833888253,345960.001756828,345960.001765528,0.17968364496482536,0.009664276032708585,0.1678685749648139,0.002039794984739274
550,0,16,0.18067944300128147,0.002470692968927324,345960.106617063,345960.284825813,345960.106718363,345960.116302339,345960.283031117,345960.283039817,0.17820875003235415,0.009583976003341377,0.1667287779855542,0.001785996020771563
551,0,16,0.18243233900284395,0.0024394940119236708,345960.387558153,345960.567550998,345960.387661053,345960.397203229,345960.565383603,345960.565391603,0.17999284499092028,0.00954217603430152,0.1681803739629686,0.002159395022317767
552,0,16,0.18148564104922116,0.0026920930831693113,345960.670370238,345960.849163786,345960.670475638,345960.680048414,345960.847112991,345960.847121991,0.17879354796605185,0.009572775976266712,0.16706457699183375,0.0020417949999682605
553,3,16,0.24876037100329995,0.0025479940231889486,345960.952058926,345961.198271303,345960.952192726,345960.961967301,345961.196191409,345961.196199809,0.246212376980111,0.009774574951734394,0.23422410804778337,0.0020714939455501735
554,0,16,0.18423803697805852,0.0025494939764030278,345961.301175243,345961.482863786,345961.301280343,345961.313666712,345961.480825591,345961.480833591,0.1816885430016555,0.012386369053274393,0.167158878990449,0.0020301949698477983
555,0,16,0.17897485004505143,0.002547693031374365,345961.585762027,345961.762189184,345961.585865227,345961.595556403,345961.760431088,345961.760439588,0.17642715701367706,0.009691176004707813,0.16487468499690294,0.001749596034642309
556,0,16,0.179867947997991,0.0024668940459378064,345961.864939425,345962.042340479,345961.865056525,345961.874518701,345962.040555483,345962.040563883,0.1774010539520532,0.009462176007218659,0.16603678202955052,0.0017765959491953254
557,0,16,0.18176954297814518,0.0024231940042227507,345962.145045521,345962.32439187,345962.14514922,345962.154795396,345962.322545974,345962.322558474,0.17934634897392243,0.009646176011301577,0.16775057796621695,0.0018333959742449224
558,0,16,0.18217894196277484,0.002512893930543214,345962.427238611,345962.606904659,345962.427344811,345962.437004386,345962.605060964,345962.605069064,0.17966604803223163,0.009659575007390231,0.16805657802615315,0.0018355950014665723
559,0,16,0.1823351419880055,0.002470495004672557,345962.709655601,345962.889520248,345962.7097578,345962.719564276,345962.887739453,345962.887747653,0.17986464698333293,0.009806476009543985,0.16817517700837925,0.0017725949874147773
560,0,16,0.19069781998405233,0.0024958939757198095,345962.99235109,345963.180553016,345962.992454489,345963.010412744,345963.178752521,345963.178760721,0.18820192600833252,0.017958255019038916,0.16833977698115632,0.0017922950210049748
561,1,16,0.1982628009864129,0.0024731929879635572,345963.283309058,345963.479098666,345963.283411158,345963.293890831,345963.47724357,345963.47725187,0.19578960799844936,0.010479672986548394,0.18335273902630433,0.0018467960180714726
562,0,16,0.18207994202384725,0.0025240940740332007,345963.581960207,345963.761516055,345963.582065307,345963.592383681,345963.75973736,345963.75974536,0.17955584794981405,0.010318373970221728,0.1673536790185608,0.0017706949729472399
563,4,16,0.2313987179659307,0.0024883929872885346,345963.864120397,345964.093030722,345963.864223597,345963.87479427,345964.091008527,345964.091016427,0.22891032497864217,0.01057067303918302,0.2162142569432035,0.0020142950234003365
564,1,16,0.1909808199852705,0.002488593978341669,345964.195917963,345964.384410189,345964.196023163,345964.206045237,345964.382590994,345964.382599494,0.18849222600692883,0.010022074042353779,0.1765457569854334,0.0018106949864886701
565,0,16,0.19147691898979247,0.0024460949935019016,345964.487170531,345964.676201355,345964.48728863,345964.497105606,345964.673907261,345964.673915761,0.18903082399629056,0.009816976031288505,0.1768016549758613,0.0022855940042063594
566,0,16,0.1828149399952963,0.002551993995439261,345964.779017997,345964.959280943,345964.779122696,345964.788916072,345964.957458948,345964.957467448,0.18026294599985704,0.009793375968001783,0.1685428760247305,0.0018134949496015906
567,1,16,0.1905940209981054,0.002417694020550698,345965.061966485,345965.250142812,345965.062068885,345965.072932358,345965.248271217,345965.248280017,0.1881763269775547,0.010863472998607904,0.17533885897137225,0.0018627949757501483
568,0,16,0.18182274198625237,0.002487292978912592,345965.352935554,345965.532271003,345965.353039553,345965.362972228,345965.530537007,345965.530545307,0.17933544900733978,0.009932674991432577,0.1675647790543735,0.0017256960272789001
569,0,16,0.1836742379819043,0.0024401929695159197,345965.635012744,345965.816246789,345965.635116744,345965.645225819,345965.814517793,345965.814526293,0.18123404501238838,0.010109075054060668,0.16929197398712859,0.0017204959876835346
570,4,16,0.21305996499722824,0.002490693994332105,345965.91894563,345966.129514901,345965.91904833,345965.929030805,345966.127579106,345966.127587406,0.21056927100289613,0.009982475021388382,0.19854830100666732,0.001927495002746582
571,1,16,0.19049002201063558,0.002451295033097267,345966.232296243,345966.42033497,345966.232397142,345966.242525917,345966.418459175,345966.418467475,0.18803872697753832,0.010128775029443204,0.17593325796769932,0.0018674950115382671
572,0,16,0.18217444198671728,0.0024124939809553325,345966.522987512,345966.70274946,345966.523091311,345966.533972984,345966.700971364,345966.700979464,0.17976194800576195,0.010881673020776361,0.16699837998021394,0.001769996015354991
573,0,16,0.1804385469877161,0.0024787940201349556,345966.805564001,345966.983523754,345966.805668701,345966.815780376,345966.981751758,345966.981759958,0.17795975296758115,0.01011167501565069,0.16597138199722394,0.001763795968145132
574,0,16,0.18140614300500602,0.0024392929626628757,345967.086249796,345967.265216646,345967.086353495,345967.097791667,345967.26341885,345967.26342705,0.17896685004234314,0.011438171961344779,0.16562718304339796,0.0017895959899760783
575,0,16,0.18395883799530566,0.002514593943487853,345967.367991487,345967.549435731,345967.368178687,345967.379986857,345967.547594336,345967.547602936,0.1814442440518178,0.01180817000567913,0.16760747897205874,0.0018327950383536518
576,0,16,0.18384803796652704,0.0024663939839228988,345967.652224273,345967.833605917,345967.652329073,345967.663676944,345967.831720422,345967.831728522,0.18138164398260415,0.011347870982717723,0.1680434780428186,0.0018773949705064297
577,0,16,0.18224684096639976,0.0024416929809376597,345967.936252859,345968.116058007,345967.936355459,345967.946233634,345968.114284911,345968.114293011,0.1798051479854621,0.009878175042103976,0.1680512769962661,0.0017649959772825241
578,1,16,0.2093966740067117,0.0024820950347930193,345968.218787649,345968.425702228,345968.218890648,345968.228867423,345968.423794233,345968.423802133,0.20691457897191867,0.00997677503619343,0.19492680998519063,0.0019000949687324464
579,0,16,0.19082292000530288,0.0024830939946696162,345968.52854177,345968.716881596,345968.52864527,345968.538581145,345968.715048601,345968.715056901,0.18833982601063326,0.009935875015798956,0.17646745598176494,0.0018246950348839164
580,0,16,0.18214574200101197,0.002602093038149178,345968.819633738,345968.999177387,345968.819737738,345968.830582311,345968.997375491,345968.997383491,0.1795436489628628,0.010844573029316962,0.16679317998932675,0.0017938959645107388
581,0,16,0.18165844399482012,0.002465893980115652,345969.101972428,345969.281164978,345969.102077828,345969.112040103,345969.279222583,345969.279230783,0.17919255001470447,0.009962274983990937,0.1671824799850583,0.0019341949955560267
582,0,16,0.18304804601939395,0.00248269404983148,345969.383959422,345969.564524774,345969.384061921,345969.394608795,345969.562759778,345969.562767678,0.18056535196956247,0.010546874022111297,0.16815098299412057,0.0017570959753356874
583,1,16,0.19353672000579536,0.002564994036220014,345969.667398918,345969.858370644,345969.667504618,345969.678590591,345969.856554749,345969.856566249,0.19097172596957535,0.011085973004810512,0.17796415800694376,0.0018043949967250228
584,4,16,0.2136453699786216,0.0024196949671022594,345969.96110529,345970.172330965,345969.961207489,345969.971536364,345970.17033187,345970.17034057,0.21122567501151934,0.010328874981496483,0.1987955059739761,0.0019903950160369277
585,0,16,0.1829772459459491,0.002498892950825393,345970.27513361,345970.455611963,345970.27523671,345970.286208183,345970.453817367,345970.453825567,0.18047835299512371,0.010971473006065935,0.16760918399086222,0.0017863960238173604
586,0,16,0.18362824502401054,0.002541294030379504,345970.558463707,345970.739550658,345970.558569107,345970.569241681,345970.737733963,345970.737742463,0.18108695099363104,0.010672574047930539,0.16849228198407218,0.0018081949674524367
587,1,16,0.1938793190056458,0.0024647940299473703,345970.842319703,345971.033734228,345970.842421403,345970.854465073,345971.031807433,345971.031816333,0.19141452497569844,0.012043669994454831,0.17734236002434045,0.0019178949878551066
588,0,16,0.18313074600882828,0.002488993981387466,345971.136550073,345971.317191825,345971.136654773,345971.147591746,345971.315403529,345971.315411629,0.18064175202744082,0.010936972976196557,0.1678117829724215,0.0017801960348151624
589,2,16,0.21764326002448797,0.002454694011248648,345971.41997047,345971.635159036,345971.42011627,345971.430249844,345971.633181341,345971.633189641,0.21518856601323932,0.010133573960047215,0.20293149701319635,0.0019693950307555497
590,0,16,0.18304284597979859,0.0024615940055809915,345971.737920181,345971.918501433,345971.738023881,345971.749681752,345971.916645238,345971.916654838,0.1805812519742176,0.01165787101490423,0.1669634860008955,0.0018465949688106775
591,0,16,0.18532514001708478,0.0024483929737471044,345972.021233678,345972.204110425,345972.021337978,345972.032908049,345972.202248729,345972.202257129,0.18287674704333767,0.011570070986635983,0.16934068000409752,0.0018532960093580186
592,0,16,0.1834737440221943,0.002472293039318174,345972.30686487,345972.487866321,345972.306973469,345972.318280941,345972.485945325,345972.485953725,0.18100145098287612,0.011307472013868392,0.16766438400372863,0.0019125959952361882
593,0,16,0.18364864401519299,0.0024671939900144935,345972.590606766,345972.771788216,345972.590710766,345972.602144637,345972.769819521,345972.769827721,0.1811814500251785,0.011433871055487543,0.1676748839672655,0.0019604950211942196
594,0,16,0.18305804597912356,0.0024653940345160663,345972.874544861,345973.055137513,345972.874649261,345972.885958633,345973.053227918,345973.053236218,0.1805926519446075,0.011309371970128268,0.1672692850115709,0.0019012949778698385
595,0,16,0.18221624800935388,0.0024550940142944455,345973.157905459,345973.337666613,345973.158006758,345973.168154833,345973.335819517,345973.335827817,0.17976115399505943,0.010148075001779944,0.16766468394780532,0.0018387960153631866
596,0,16,0.18151244899490848,0.0024814929929561913,345973.440441058,345973.619472014,345973.440543857,345973.45174283,345973.617695018,345973.617702918,0.1790309560019523,0.01119897299213335,0.16595218802103773,0.001769096008501947
597,0,16,0.18431614298606291,0.0025005940115079284,345973.722309159,345973.904124708,345973.722414758,345973.733171032,345973.902368112,345973.902376312,0.18181554897455499,0.010756273986771703,0.16919708001660183,0.001748395967297256
598,0,16,0.1832758460077457,0.002492895000614226,345974.006861753,345974.187644704,345974.006977652,345974.017772826,345974.185898209,345974.185906509,0.1807829510071315,0.01079517399193719,0.16812538297381252,0.00173819501651451
599,0,16,0.18132555001648143,0.0025549930287525058,345974.290547049,345974.469317606,345974.290654249,345974.300824724,345974.46754891,345974.46755741,0.17877055698772892,0.010170474997721612,0.16672418598318473,0.0017601959989406168
600,0,16,0.18278274597832933,0.002458193979691714,345974.572092251,345974.752416803,345974.57219615,345974.583043124,345974.750605208,345974.750613408,0.18032455199863762,0.01084697397891432,0.16756208398146555,0.0018033949891105294
601,2,16,0.20715568697778508,0.002463594952132553,345974.855174049,345975.059866141,345974.855276348,345974.866934119,345975.057904546,345975.057913246,0.20469209202565253,0.011657771014142781,0.19097042694920674,0.0019528950215317309
602,0,16,0.18363684398354962,0.0024182929773814976,345975.162628486,345975.343847037,345975.162729386,345975.173459859,345975.342042841,345975.342051241,0.18121855100616813,0.010730472975410521,0.16858298203442246,0.0017957959789782763
603,0,16,0.18177714897319674,0.0024807939771562815,345975.446619682,345975.625916037,345975.446720981,345975.457857254,345975.624129641,345975.624137841,0.17929635499604046,0.011136273038573563,0.16627238696673885,0.0017781960195861757
604,0,16,0.18219494802178815,0.0024816939840093255,345975.728728382,345975.908441636,345975.728830282,345975.739835455,345975.906660441,345975.906668541,0.17971325403777882,0.011005173029843718,0.16682498599402606,0.001773094991222024
605,0,16,0.18439514300553128,0.002562894020229578,345976.011288981,345976.19312123,345976.011391081,345976.022383154,345976.191302735,345976.191311035,0.1818322489853017,0.010992073046509176,0.16891958098858595,0.0018101949826814234
606,4,16,0.2180428599822335,0.002459593932144344,345976.295897175,345976.511480441,345976.296000275,345976.306895348,345976.509428946,345976.509438046,0.21558326605008915,0.01089507300639525,0.20253359799971804,0.0020423950045369565
607,0,16,0.18998202896909788,0.0024271939764730632,345976.614240186,345976.801795021,345976.614344686,345976.625378658,345976.799952525,345976.799960825,0.18755483499262482,0.011033972026780248,0.17457386699970812,0.001834195980336517
608,0,16,0.17960645403945819,0.0025046930531971157,345976.904627066,345977.081728827,345976.904736066,345976.91511884,345977.079916231,345977.079924231,0.17710176098626107,0.010382773994933814,0.1647973909857683,0.001804595987778157
609,0,16,0.1832932360121049,0.0025086930254474282,345977.184537172,345977.365321715,345977.184639772,345977.195548644,345977.36352122,345977.36352962,0.18078454298665747,0.010908872005529702,0.16797257598955184,0.0017920950194820762
610,0,16,0.18286579597042874,0.002424892969429493,345977.468089931,345977.648530834,345977.468192031,345977.4793403,345977.646711639,345977.646719939,0.18044090300099924,0.011148268997203559,0.1673713389900513,0.0018108949880115688
611,0,16,0.1825045970035717,0.002434692985843867,345977.751263251,345977.931333155,345977.751364451,345977.762791419,345977.92946286,345977.92947076,0.18006990401772782,0.011426967976149172,0.16667144099483266,0.0018623950309120119
612,1,16,0.22320178395602852,0.002470591978635639,345978.034125271,345978.254856463,345978.034227571,345978.044583542,345978.252847768,345978.252855968,0.22073119197739288,0.010355970996897668,0.20826422603568062,0.002000494976527989
613,0,16,0.18314339499920607,0.0024359930539503694,345978.35760808,345978.538315482,345978.357712879,345978.368995348,345978.536509487,345978.536517987,0.1807074019452557,0.011282468971330673,0.16751413902966306,0.0017974949441850185
614,0,16,0.19191847095498815,0.002442793920636177,345978.641056899,345978.830532576,345978.641158398,345978.652152568,345978.828636582,345978.828644782,0.18947567703435197,0.010994169977493584,0.1764840140240267,0.0018877940019592643
615,0,16,0.1825647969963029,0.0024533930118195713,345978.933303993,345979.113415397,345978.933408893,345978.943724164,345979.111616302,345979.111624702,0.18011140398448333,0.010315270978026092,0.16789213800802827,0.0017906950088217854
616,6,16,0.23051736503839493,0.0025027930387295783,345979.216243913,345979.444258485,345979.216350513,345979.227334783,345979.442216791,345979.442225091,0.22801457199966535,0.010984270018525422,0.2148820079746656,0.0020333940046839416
617,0,16,0.18980297702364624,0.0024267930421046913,345979.547010602,345979.734386786,345979.547111502,345979.557910872,345979.732494291,345979.732502291,0.18737618398154154,0.01079937000758946,0.17458341899327934,0.0018844950245693326
618,0,16,0.1832866949844174,0.0024392929626628757,345979.837110102,345980.017957504,345979.837211502,345979.848496271,345980.01585081,345980.01585941,0.18084740202175453,0.011284768988844007,0.16735453897854313,0.0020980940316803753
619,0,16,0.18612398696132004,0.0024666929384693503,345980.120775521,345980.304432815,345980.12087962,345980.132577888,345980.302245221,345980.302253621,0.1836572940228507,0.011698268004693091,0.16966733295703307,0.0021791940089315176
620,0,16,0.1832746950094588,0.002537893014959991,345980.407266931,345980.588003733,345980.407371231,345980.419236698,345980.585839839,345980.585848639,0.18073680199449882,0.011865467007737607,0.16660314099863172,0.00215509400004521
621,0,16,0.2005723479669541,0.002511693979613483,345980.69080375,345980.888864404,345980.69090665,345980.701456321,345980.88690071,345980.88690881,0.19806065398734063,0.01054967101663351,0.1854443890042603,0.0019555939943529665
622,1,16,0.19849635305581614,0.002439693023916334,345980.991648621,345981.187705281,345980.991753321,345981.003511888,345981.185755386,345981.185763686,0.1960566600318998,0.011758566950447857,0.18224349804222584,0.0019415949936956167
623,0,16,0.1830770950182341,0.0024845930165611207,345981.290517798,345981.4711103,345981.290620497,345981.301623567,345981.469272605,345981.469280905,0.18059250200167298,0.011003069987054914,0.16764903801959008,0.0018293950124643743
624,0,16,0.18331379495793954,0.002423594007268548,345981.573855617,345981.754745818,345981.573959117,345981.585074086,345981.752928423,345981.752936623,0.180890200950671,0.011114968976471573,0.1678543370217085,0.00180919497506693
625,0,16,0.18049170199083164,0.0024204920046031475,345981.857483435,345982.035554645,345981.857586035,345981.869537902,345982.03374715,345982.03375525,0.1780712099862285,0.011951867025345564,0.1642092479742132,0.0017993950168602169
626,0,16,0.19517461798386648,0.0025417939759790897,345982.13840587,345982.331038694,345982.13851997,345982.151162838,345982.329291198,345982.329299798,0.1926328240078874,0.012642867979593575,0.17812836001394317,0.0017388960113748908
627,6,16,0.2842724969959818,0.0025125929969362915,345982.43376824,345982.715528144,345982.43387314,345982.445031112,345982.71303555,345982.71304385,0.2817599039990455,0.01115797198144719,0.26800443802494556,0.0024842940038070083
628,0,16,0.18037145398557186,0.0025285930023528636,345982.81832099,345982.996163851,345982.81842639,345982.829316863,345982.994334455,345982.994342555,0.177842860983219,0.010890472971368581,0.16501759202219546,0.0018212959985248744
629,0,16,0.18413274496560916,0.002424493955913931,345983.098887997,345983.280596248,345983.098991497,345983.110666968,345983.278671153,345983.278679653,0.18170825100969523,0.011675470974296331,0.16800418501952663,0.0019165949779562652
630,4,16,0.21242377499584109,0.002458494040183723,345983.383365894,345983.593331175,345983.383469894,345983.395233965,345983.59129478,345983.59130288,0.20996528095565736,0.011764071008656174,0.19606081501115113,0.002028294955380261
631,0,16,0.18535834201611578,0.0024765940033830702,345983.695991222,345983.87887297,345983.696095421,345983.707484993,345983.876989075,345983.876997474,0.18288174801273271,0.011389571998734027,0.16950408200500533,0.0018754960037767887
632,0,16,0.1916064260294661,0.0024360930547118187,345983.981668316,345984.170838649,345983.981771116,345983.993515487,345984.168876153,345984.168884553,0.18917033297475427,0.011744370975065976,0.1753606660058722,0.0019540959619916975
633,0,16,0.18563114100834355,0.0024502940359525383,345984.273499695,345984.456680542,345984.273605895,345984.285438765,345984.454786047,345984.454794247,0.183180846972391,0.011832870019134134,0.169347281975206,0.0018862949800677598
634,0,16,0.18334874702850357,0.0025123939849436283,345984.559454989,345984.740291342,345984.559557388,345984.570574861,345984.738312447,345984.738320947,0.18083635304355994,0.011017473007086664,0.1677375859580934,0.001970395038370043
635,4,16,0.2120236759656109,0.0025726939202286303,345984.843188088,345985.05263907,345984.843299487,345984.85433666,345985.050645875,345985.050653975,0.20945098204538226,0.011037172982469201,0.19630921498173848,0.0019850950338877738
636,0,16,0.1897683310089633,0.002466592995915562,345985.155454216,345985.342755954,345985.155558116,345985.166411689,345985.340855958,345985.340863858,0.18730173801304772,0.010853573039639741,0.17444426898146048,0.0018920960137620568
637,0,16,0.18250244902446866,0.002451094042044133,345985.445512799,345985.625564154,345985.445616299,345985.456155373,345985.623751258,345985.623759558,0.18005135498242453,0.01053907402092591,0.16759588499553502,0.001804595987778157
638,5,16,0.22554214199772105,0.002469693950843066,345985.7283634,345985.951435848,345985.728465699,345985.739201873,345985.949370753,345985.949379353,0.22307244804687798,0.010736174008343369,0.2101688800030388,0.0020564949954859912
639,0,16,0.2093759819981642,0.0024376939982175827,345986.054188994,345986.261127282,345986.054291893,345986.065356766,345986.259056687,345986.259064987,0.20693828799994662,0.011064873018767685,0.19369992101565003,0.002062294981442392
640,0,16,0.1829272480099462,0.002447294013109058,345986.363892427,345986.544372381,345986.364010627,345986.374680401,345986.542376486,345986.542384586,0.18047995399683714,0.010669774026609957,0.16769608500180766,0.001987794996239245
641,0,16,0.18433464400004596,0.00244549399940297,345986.647128327,345986.829017477,345986.647230526,345986.658914198,345986.827095982,345986.827104282,0.18188915000064299,0.011683671968057752,0.16818178398534656,0.0019131950102746487
642,1,16,0.20027680398197845,0.002476494002621621,345986.931728923,345987.129529233,345986.931831922,345986.942670796,345987.127564238,345987.127573038,0.19780030997935683,0.010838874033652246,0.18489344196859747,0.001956194988451898
643,0,16,0.1933467219932936,0.0024762940010987222,345987.232313979,345987.423184407,345987.232419479,345987.243558351,345987.421299012,345987.421307212,0.1908704279921949,0.01113887201063335,0.17774066101992503,0.001877195027191192
644,0,16,0.21421427000313997,0.002505493990611285,345987.526024553,345987.737733329,345987.526128252,345987.537122225,345987.735723334,345987.735731734,0.2117087760125287,0.010993973002769053,0.19860110903391615,0.0020015949849039316
645,0,16,0.2242394459899515,0.0031669929740019143,345987.841263173,345988.062335626,345987.841450572,345987.852194846,345988.060189531,345988.060197431,0.22107245301594958,0.010744274011813104,0.20799468498444185,0.0021381949773058295
646,0,16,0.18445744301425293,0.0025131930015049875,345988.165140272,345988.347084522,345988.165242271,345988.176295344,345988.345142626,345988.345151026,0.18194425001274794,0.011053073045331985,0.16884728200966492,0.0019334960379637778
647,1,16,0.1925995239871554,0.0024497940321452916,345988.449864067,345988.640013797,345988.449967067,345988.46097494,345988.638127402,345988.638135802,0.19014972995501012,0.011007872992195189,0.17715246201260015,0.0018779949750751257
648,0,16,0.18636033905204386,0.0024224940571002662,345988.742809943,345988.926747788,345988.742912743,345988.754447914,345988.924846093,345988.924854793,0.1839378449949436,0.011535171011928469,0.17039817897602916,0.0018929949728772044
649,1,16,0.2022951990365982,0.0025066930684261024,345989.029526234,345989.22931474,345989.029633833,345989.041409104,345989.227228045,345989.227236645,0.1997885059681721,0.011775271035730839,0.18581894098315388,0.0020780949853360653
650,0,16,0.18124365201219916,0.0024754940532147884,345989.332135585,345989.510903743,345989.332238885,345989.343231558,345989.509040548,345989.509048948,0.17876815795898438,0.010992672992870212,0.1658089900156483,0.0018547949730418622
651,0,16,0.1836914459709078,0.0024529939983040094,345989.613659289,345989.794897741,345989.613763589,345989.624698962,345989.792950146,345989.792958346,0.1812384519726038,0.010935373022221029,0.16825118398992345,0.0019393949769437313
652,0,16,0.18334134604083374,0.002509994083084166,345989.897658787,345990.078490139,345989.897765686,345989.908956359,345990.076615744,345990.076624244,0.18083135195774958,0.011190673045348376,0.1676593849551864,0.0018658949993550777
653,0,16,0.18200284999329597,0.002581193984951824,345990.181369885,345990.360791541,345990.181476385,345990.192483957,345990.358861346,345990.358870146,0.17942165600834414,0.011007572000380605,0.16637738898862153,0.0019213950145058334
654,0,16,0.18364614603342488,0.0024502939777448773,345990.463568687,345990.644764539,345990.463670987,345990.474912459,345990.642925944,345990.642935243,0.18119585205568,0.011241471976973116,0.16801348503213376,0.0018292960012331605
655,0,16,0.18384214502293617,0.002453994005918503,345990.747515985,345990.928904136,345990.747617785,345990.758660357,345990.926695442,345990.926703742,0.18138815101701766,0.011042571975849569,0.16803508502198383,0.0022003939957357943
656,1,16,0.1932008219882846,0.0024795939680188894,345991.031726482,345991.22244771,345991.031832582,345991.042999654,345991.220208416,345991.220216916,0.1907212280202657,0.011167071992531419,0.17720876197563484,0.002230793994385749
657,1,16,0.19021193002117798,0.0025806939811445773,345991.325354656,345991.512985892,345991.325461356,345991.337395326,345991.511111997,345991.511120097,0.1876312360400334,0.011933969974052161,0.17371667100815102,0.0018657949985936284
658,0,16,0.20245839899871498,0.0024854940129444003,345991.615787238,345991.815760143,345991.615891237,345991.627551609,345991.813528749,345991.813537349,0.19997290498577058,0.0116603720234707,0.18597713997587562,0.002222793991677463
659,0,16,0.18394334497861564,0.002446693950332701,345991.918501989,345992.09999864,345991.918605189,345991.929949561,345992.098127945,345992.098136645,0.18149665102828294,0.011344372003804892,0.16817838395945728,0.0018619950278662145
660,0,16,0.18379664601525292,0.002558994048740715,345992.202916486,345992.384154138,345992.203019886,345992.214829756,345992.382273442,345992.382281742,0.1812376519665122,0.01180987001862377,0.16744368599029258,0.0018723959801718593
661,0,16,0.1838838459807448,0.0024530949885956943,345992.486905684,345992.668336435,345992.487107883,345992.498081756,345992.66649714,345992.66650524,0.18143075099214911,0.010973873024340719,0.16841538401786238,0.0018311949679628015
662,0,16,0.1819168499787338,0.0024828939349390566,345992.771060981,345992.950494937,345992.771164181,345992.782787152,345992.948637242,345992.948645342,0.17943395604379475,0.011622970981989056,0.16585009003756568,0.0018495949916541576
663,0,16,0.184608343988657,0.002436293987557292,345993.053262283,345993.235434333,345993.053364983,345993.065962752,345993.233441738,345993.233449938,0.1821720500010997,0.012597768974956125,0.16747898602625355,0.0019843949703499675
664,0,16,0.18318193999584764,0.0025295939994975924,345993.338267779,345993.518920125,345993.338374078,345993.350484948,345993.516621931,345993.516630331,0.18065234599635005,0.012110870040487498,0.16613698296714574,0.0022897939779795706
665,0,16,0.1852761339978315,0.0024433929938822985,345993.621696667,345993.804529408,345993.621800767,345993.634036436,345993.802651612,345993.802660212,0.1828327410039492,0.012235668953508139,0.16861517599318177,0.0018691960140131414
666,1,16,0.1926074160146527,0.002517193031962961,345993.907375049,345994.097465272,345993.907495849,345993.919422119,345994.095550076,345994.095558276,0.19009022298268974,0.011926269973628223,0.17612795700551942,0.0019069960108026862
667,0,16,0.18482463603140786,0.002460594056174159,345994.200264213,345994.382628255,345994.200366613,345994.212292883,345994.38081656,345994.38082486,0.1823640419752337,0.011926270031835884,0.1685236769844778,0.0018033949891105294
668,0,16,0.18419103702763095,0.0025830939994193614,345994.485424397,345994.66703234,345994.485529996,345994.497318067,345994.665221645,345994.665229845,0.1816079430282116,0.011788071016781032,0.16790357796708122,0.0018024950404651463
669,0,16,0.1859390329918824,0.002614893950521946,345994.769977082,345994.953301221,345994.770120781,345994.781361253,345994.951427826,345994.951436826,0.18332413904136047,0.011240472027566284,0.17006657301681116,0.0018643949879333377
670,0,16,0.2103719709557481,0.002488593920134008,345995.056186163,345995.26406954,345995.056288362,345995.068269032,345995.262091545,345995.262099545,0.2078833770356141,0.011980669980403036,0.19382251298520714,0.0019699950353242457
671,5,16,0.22326173895271495,0.0025207929429598153,345995.366823682,345995.587564628,345995.366928482,345995.378184854,345995.585504033,345995.585512233,0.22074094600975513,0.011256371974013746,0.20731917902594432,0.0020523949642665684
672,0,16,0.18369173898827285,0.0025399940204806626,345995.690424069,345995.871575814,345995.690527969,345995.701572241,345995.869729419,345995.869738119,0.18115174496779218,0.011044272047001868,0.16815717797726393,0.0018376949592493474
673,0,16,0.18120074400212616,0.002464892982970923,345995.974375556,345996.153111407,345995.974479155,345995.985846727,345996.151261511,345996.151271611,0.17873585101915523,0.011367572005838156,0.1654147840454243,0.00183979602297768
674,0,16,0.20403408800484613,0.002518193970900029,345996.255973948,345996.457489842,345996.256075548,345996.268506117,345996.455419047,345996.455427447,0.2015158940339461,0.012430568982381374,0.1869129299884662,0.002062395040411502
675,0,16,0.1831981400027871,0.002475893998052925,345996.560213884,345996.74093613,345996.560319784,345996.572142254,345996.739009635,345996.739018035,0.1807222460047342,0.011822469998151064,0.16686738101998344,0.0019180949893780053
676,3,16,0.2098800730309449,0.002503694035112858,345996.843625172,345997.051001551,345996.843729572,345996.855847941,345997.048943256,345997.048951656,0.20737637899583206,0.012118368991650641,0.19309531501494348,0.002049895003437996
677,0,16,0.18444783595623448,0.002468392951413989,345997.153785493,345997.335764936,345997.153888793,345997.165606863,345997.33387264,345997.33388084,0.1819794430048205,0.011718069959897548,0.16826577699976042,0.0018840960110537708
678,0,16,0.1836299390415661,0.0025379940634593368,345997.438591877,345997.619683822,345997.438694377,345997.449757949,345997.617821427,345997.617829827,0.18109194497810677,0.011063571961130947,0.1680634780204855,0.0018539949669502676
679,0,16,0.194537611969281,0.0024458939442411065,345997.722382964,345997.914474682,345997.722485264,345997.733811536,345997.912482487,345997.912490487,0.19209171802503988,0.011326271982397884,0.1786709509906359,0.0019841950270347297
680,0,16,0.18440633598947898,0.002569493022747338,345998.017272224,345998.199109067,345998.017376323,345998.028672895,345998.197241372,345998.197249372,0.18183684296673164,0.011296571989078075,0.1685684770345688,0.0018596949521452188
681,0,16,0.18406233697896823,0.0024933929671533406,345998.301902109,345998.483471053,345998.302005808,345998.313785279,345998.481618957,345998.481627157,0.1815689440118149,0.01177947100950405,0.16783367801690474,0.0018438959959894419
682,4,16,0.2135873640072532,0.002446894010063261,345998.586272994,345998.797413464,345998.586375094,345998.598489564,345998.795387869,345998.795396269,0.21114046999718994,0.012114470009692013,0.19689830497372895,0.0020171949872747064
683,0,16,0.1857302330317907,0.002483694057445973,345998.900253206,345999.083499745,345998.900352605,345998.912360075,345999.08157495,345999.08158375,0.18324653897434473,0.012007470009848475,0.16921487502986565,0.0019159949733875692
684,0,16,0.19346061401301995,0.002493793028406799,345999.186292687,345999.377259508,345999.186395487,345999.198420157,345999.375257513,345999.375266013,0.19096682098461315,0.01202467002440244,0.17683735600439832,0.0019934949814341962
685,1,16,0.19313771498855203,0.0024704939569346607,345999.480090849,345999.67075807,345999.480191949,345999.49189312,345999.668803675,345999.668812075,0.19066722103161737,0.011701170995365828,0.1769105549901724,0.0019459950271993876
686,0,16,0.1851142350351438,0.002436793060041964,345999.773479012,345999.956156454,345999.773582312,345999.785349583,345999.954257658,345999.954266258,0.18267744197510183,0.011767271033022553,0.16890807496383786,0.0018901959992945194
687,0,16,0.18456233700271696,0.0025118939811363816,346000.058992295,346000.241042738,346000.059094695,346000.071056465,346000.239044243,346000.239052643,0.18205044302158058,0.011961769952904433,0.16798777802614495,0.0019900950137525797
688,0,16,0.18460053601302207,0.0025152930174954236,346000.34377828,346000.525863523,346000.34388228,346000.35557275,346000.523925328,346000.523933228,0.18208524299552664,0.011690469982568175,0.1683525780099444,0.0019302950240671635
689,0,16,0.18530723499134183,0.0024963939795270562,346000.628703864,346000.811514705,346000.628807064,346000.640490835,346000.80963381,346000.80964201,0.18281084101181477,0.011683771037496626,0.16914297500625253,0.0018726949929259717
690,0,16,0.1841214380110614,0.0024326940183527768,346000.914283247,346001.095971991,346000.914385647,346000.925950918,346001.094114596,346001.094122896,0.18168874399270862,0.011565271008294076,0.16816367802675813,0.0018490950460545719
691,2,16,0.2112633710494265,0.0024870940251275897,346001.198758833,346001.40753511,346001.198861933,346001.210127904,346001.405535115,346001.405543215,0.2087762770242989,0.011265970999374986,0.19540721096564084,0.0019918950274586678
692,0,16,0.18739263497991487,0.0025091940187849104,346001.510343655,346001.695227096,346001.510444255,346001.522284725,346001.693399201,346001.693408001,0.18488344096112996,0.011840469960588962,0.17111447599017993,0.0018190949922427535
693,0,16,0.18408894399181008,0.002453193999826908,346001.798015041,346001.979650791,346001.798116841,346001.810084611,346001.977799095,346001.977807295,0.18163574999198318,0.011967769998591393,0.16771448397776112,0.0018434959929436445
694,0,16,0.19195482396753505,0.002413493930362165,346002.082377736,346002.271919066,346002.082481936,346002.096156402,346002.269744571,346002.269752871,0.18954133003717288,0.013674465997610241,0.17358816898195073,0.002166195015888661
695,0,16,0.18501374102197587,0.00251969404052943,346002.374784711,346002.557278758,346002.374889711,346002.386657581,346002.555133364,346002.555141864,0.18249404698144644,0.011767870048061013,0.1684757829643786,0.0021368939778767526
696,0,16,0.19485411699861288,0.002481293980963528,346002.659910404,346002.852283227,346002.660062803,346002.672126673,346002.850107132,346002.850115932,0.19237282301764935,0.012063869973644614,0.17798045900417492,0.002167295024264604
697,0,16,0.1926586219924502,0.002962892991490662,346002.955461871,346003.1451576,346002.95556767,346002.967173742,346003.143232805,346003.143241805,0.18969572900095955,0.011606072017457336,0.17605906300013885,0.0019157949718646705
698,0,16,0.19447131804190576,0.0026716930442489684,346003.247988845,346003.43978847,346003.248092445,346003.260599714,346003.437747375,346003.437755975,0.1917996249976568,0.012507268984336406,0.17714766098652035,0.002032494987361133
699,1,16,0.21105677698506042,0.0024896939867176116,346003.542701314,346003.751268397,346003.542806414,346003.554631985,346003.749317302,346003.749326302,0.2085670829983428,0.011825571011286229,0.19468531699385494,0.0019420950557105243
700,0,16,0.18287784600397572,0.0024543929612264037,346003.854117242,346004.034540695,346003.854219842,346003.86685901,346004.032661199,346004.032669999,0.18042345304274932,0.01263916800962761,0.16580218897433951,0.0018706960254348814
701,0,16,0.183471844997257,0.0024373939959332347,346004.13729664,346004.318331091,346004.13739824,346004.14931901,346004.316477895,346004.316486495,0.18103445100132376,0.01192076998995617,0.16715888504404575,0.0018445960013195872
702,0,16,0.19572021503699943,0.0024914940586313605,346004.421052936,346004.614281657,346004.421157836,346004.432949307,346004.611989263,346004.611997563,0.19322872097836807,0.01179147104267031,0.1790399559540674,0.0022840939927846193
703,1,16,0.19419701799051836,0.002476692956406623,346004.717082902,346004.908803227,346004.717185702,346004.728638073,346004.906921231,346004.906929731,0.19172032503411174,0.011452371021732688,0.1782831579912454,0.001873495988547802
704,0,16,0.18582203902769834,0.002439894014969468,346005.011577172,346005.194959317,346005.011680072,346005.023963241,346005.192844322,346005.192852322,0.18338214501272887,0.01228316902415827,0.16888108098646626,0.00210699497256428
705,0,16,0.18339924496831372,0.0024649929255247116,346005.297751762,346005.478686014,346005.297855762,346005.310467731,346005.476745418,346005.476753718,0.180934252042789,0.012611968966666609,0.16627768700709566,0.0019322960288263857
706,0,16,0.19557741499738768,0.0024334939662367105,346005.581407959,346005.77455188,346005.581508259,346005.593938328,346005.772557285,346005.772565785,0.19314392103115097,0.012430068978574127,0.17861895699752495,0.001986095041502267
707,0,16,0.18466484203236178,0.0025226930156350136,346005.877293725,346006.059435874,346005.877397225,346005.888939396,346006.057536378,346006.057549678,0.18214214901672676,0.011542171007022262,0.16859698196640238,0.001886195968836546
708,0,16,0.18548664002446458,0.002454294008202851,346006.162222519,346006.345254865,346006.162325418,346006.174120689,346006.34335917,346006.34336757,0.18303234601626173,0.011795271013397723,0.1692384810303338,0.0018872949876822531
709,0,16,0.18501434102654457,0.002499594003893435,346006.44808521,346006.630599957,346006.44819021,346006.459670481,346006.628710762,346006.628719162,0.18251474702265114,0.01148027100134641,0.16904028103454039,0.0018807949963957071
710,0,16,0.1846995420055464,0.0024305940023623407,346006.733410903,346006.915679851,346006.733514902,346006.745622972,346006.913822355,346006.913830355,0.18226894800318405,0.012108070019166917,0.16819938295520842,0.0018494960386306047
711,0,16,0.18503134098136798,0.0024837939999997616,346007.018479896,346007.201027443,346007.018584396,346007.030048867,346007.199133448,346007.199141948,0.18254754698136821,0.011464470997452736,0.16908458102261648,0.001885494973976165
712,0,16,0.19216792401857674,0.0024249940179288387,346007.303765588,346007.493508518,346007.303869488,346007.315520259,346007.491639023,346007.491647323,0.1897429300006479,0.011650771019048989,0.17611876397859305,0.001861194963566959
713,4,16,0.22203905001515523,0.0024925940087996423,346007.596303763,346007.815850219,346007.596405663,346007.608415633,346007.813818924,346007.813827024,0.21954645600635558,0.012009969970677048,0.2054032910382375,0.0020231949747540057
714,0,16,0.18613203900167719,0.0024520939914509654,346007.918622064,346008.102302009,346007.918726764,346007.931417632,346008.100344314,346008.100352914,0.18367994501022622,0.012690867995843291,0.1689266820321791,0.001949094992596656
715,2,16,0.20283399702748284,0.0024585940409451723,346008.205067054,346008.405442457,346008.205170754,346008.217097724,346008.402950263,346008.402958463,0.20037540298653767,0.011926969978958368,0.18585253902710974,0.0024839940015226603
716,0,16,0.18520764098502696,0.002501293958630413,346008.508198103,346008.69090445,346008.508301602,346008.520964671,346008.688891755,346008.688900155,0.18270634702639654,0.012663069006521255,0.16792708402499557,0.0020042950054630637
717,0,16,0.18610753898974508,0.002450094965752214,346008.793761395,346008.977418839,346008.793864194,346008.806601663,346008.975407944,346008.975416044,0.18365744402399287,0.012737468990962952,0.16880628099897876,0.0020027949940413237
718,0,16,0.18374084500828758,0.0024688949924893677,346009.080180185,346009.261452135,346009.080282284,346009.092582354,346009.25938134,346009.25938994,0.1812719500157982,0.01230006996775046,0.16679898602887988,0.0020621949806809425
719,0,16,0.18375434604240581,0.0024857940152287483,346009.36425458,346009.545523132,346009.36435848,346009.376040251,346009.543631337,346009.543639737,0.18126855202717707,0.01168177102226764,0.16759108600672334,0.00188339501619339
720,0,16,0.18493084202054888,0.0024209929979406297,346009.648192378,346009.830702227,346009.648292978,346009.659902249,346009.828696732,346009.828704732,0.18250984902260825,0.011609270994085819,0.16879448300460353,0.0019974950118921697
721,0,16,0.18574244098272175,0.0025120939826592803,346009.933514272,346010.116744619,346009.933618072,346009.945285043,346010.114865024,346010.114873124,0.18323034700006247,0.011666970967780799,0.16957998101133853,0.0018714949837885797
722,0,16,0.18519614200340584,0.0024388940073549747,346010.219482965,346010.402240213,346010.219585965,346010.231652535,346010.400360918,346010.400369218,0.18275724799605086,0.012066569994203746,0.1687083830474876,0.001870994979981333
723,0,16,0.18259634799323976,0.002506393997464329,346010.504975659,346010.685065613,346010.505076659,346010.517080029,346010.683198118,346010.683206318,0.18008995399577543,0.012003369978629053,0.16611808899324387,0.0018592950073070824
724,2,16,0.21749446203466505,0.00243369402596727,346010.787837159,346011.002897927,346010.787942559,346010.79966793,346011.000796433,346011.000805133,0.21506076800869778,0.011725371005013585,0.20112850301666185,0.0020927939913235605
725,3,16,0.2122777749900706,0.0024754939950071275,346011.105689773,346011.315492054,346011.105793273,346011.118185542,346011.31333736,346011.31334536,0.20980228099506348,0.012392268981784582,0.19515181798487902,0.0021466939942911267
726,0,16,0.18336824601283297,0.0024971929960884154,346011.4183019,346011.599172953,346011.4184072,346011.431409168,346011.597223958,346011.597232358,0.18087105301674455,0.013001967978198081,0.1658147900016047,0.0019405949860811234
727,0,16,0.18558024102821946,0.0024745940463617444,346011.701902799,346011.885008446,346011.702005498,346011.713929169,346011.88314265,346011.88315125,0.18310564698185772,0.011923671001568437,0.16921348101459444,0.0018571959808468819
728,0,16,0.18269584799418226,0.0026396929752081633,346011.987968391,346012.168024546,346011.988073191,346011.999980562,346012.166145651,346012.166159151,0.1800561550189741,0.011907370993867517,0.1661650890018791,0.001865394995547831
729,0,16,0.18471864302409813,0.0024988939985632896,346012.270781692,346012.453001441,346012.270886192,346012.282760962,346012.451039146,346012.451047346,0.18221974902553484,0.011874770047143102,0.16827818396268412,0.001954095030669123
730,1,16,0.19118872698163614,0.002413793990854174,346012.555725387,346012.74450032,346012.555829487,346012.568063357,346012.742598825,346012.742607425,0.18877493299078196,0.012233869987539947,0.17453546804608777,0.001892894972115755
731,4,16,0.2220894509810023,0.0025333939702250063,346012.847339166,346013.066895223,346012.847444566,346012.859354936,346013.064755028,346013.064763628,0.2195560570107773,0.0119103699689731,0.20540009200340137,0.002131594985257834
732,0,16,0.19942450697999448,0.002580893982667476,346013.169795069,346013.366638682,346013.169908468,346013.181829339,346013.364633487,346013.364642187,0.196843612997327,0.011920871038455516,0.18280414800392464,0.0019964950042776763
733,0,16,0.18183264997787774,0.0025058939936570823,346013.469394428,346013.648721184,346013.469499828,346013.481853797,346013.646697189,346013.646705389,0.17932675598422065,0.01235396898118779,0.16484339203452691,0.0020157949766144156
734,1,16,0.22737533797044307,0.0026088939630426466,346013.75154363,346013.976310074,346013.75164833,346013.7638407,346013.97399008,346013.97399818,0.22476644400740042,0.012192369962576777,0.21014938002917916,0.0023118939716368914
735,0,16,0.185051342996303,0.002462594013195485,346014.07909152,346014.261680269,346014.07919632,346014.09116459,346014.259558774,346014.259568374,0.1825887489831075,0.01196827000239864,0.1683941840310581,0.0021118949516676366
736,0,16,0.18597564101219177,0.0024448949843645096,346014.364431915,346014.547962661,346014.364534914,346014.376409285,346014.546025066,346014.546033566,0.18353074602782726,0.011874370975419879,0.1696157809928991,0.0019290950149297714
737,3,16,0.21356647199718282,0.0025088940165005624,346014.650762407,346014.861819985,346014.650865706,346014.663606575,346014.85977179,346014.85978019,0.21105757798068225,0.01274086901685223,0.196165214991197,0.002039794984739274
738,0,16,0.19391182000981644,0.002461994008626789,346014.964576631,346015.156026457,346014.964681231,346014.976548901,346015.154052962,346015.154061562,0.19144982600118965,0.011867669993080199,0.17750406102277339,0.0019648950546979904
739,0,16,0.18582374101970345,0.002504394040443003,346015.258870603,346015.44218995,346015.258974003,346015.271592872,346015.440289055,346015.440297655,0.18331934697926044,0.012618868960998952,0.16869618301279843,0.001892294967547059
740,1,16,0.19288102304562926,0.0024505940382368863,346015.544942596,346015.735373025,346015.545044596,346015.556904666,346015.73343453,346015.73344263,0.19043042900739238,0.01186006999341771,0.1765298639656976,0.0019303950248286128
741,4,16,0.22745583695359528,0.0025136929471045732,346015.838221671,346016.063163815,346015.838324971,346015.851455738,346016.06112102,346016.06112972,0.2249421440064907,0.013130767038092017,0.20966528198914602,0.0020340949995443225
742,1,16,0.19450371898710728,0.0024195939768105745,346016.165883461,346016.357967586,346016.165986261,346016.178563629,346016.356036291,346016.356044591,0.1920841250102967,0.012577368004713207,0.17747266200603917,0.0019229950266890228
743,0,16,0.19330842199269682,0.0025889939861372113,346016.460824932,346016.65154436,346016.460929731,346016.472909902,346016.649519765,346016.649528065,0.1907194280065596,0.011980170966126025,0.1766098630032502,0.0020162949804216623
744,0,16,0.18564514099853113,0.0024461940047331154,346016.754338706,346016.937537653,346016.754442906,346016.765963977,346016.935508058,346016.935516258,0.18319894699379802,0.011521071020979434,0.16954408097080886,0.0020213950192555785
745,0,16,0.18495664303191006,0.0025079940678551793,346017.040316799,346017.222765448,346017.040420399,346017.053106367,346017.220786853,346017.220794853,0.18244864896405488,0.012685968016739935,0.16768048598896712,0.001970594981685281
746,1,16,0.20267909299582243,0.002455692971125245,346017.325483494,346017.525706894,346017.325584994,346017.337601064,346017.523511299,346017.523519899,0.20022340002469718,0.012016070017125458,0.18591023498447612,0.0021869949996471405
747,0,16,0.18401843798346817,0.0024734929902479053,346017.628505535,346017.81005048,346017.628607335,346017.640366706,346017.807911985,346017.807920385,0.18154494499322027,0.011759371031075716,0.16754527896409854,0.002130095032043755
748,0,16,0.18366043898276985,0.00268899294314906,346017.913002621,346018.093974067,346017.913105021,346017.924685892,346018.092112071,346018.092120571,0.1809714460396208,0.01158087101066485,0.16742617898853496,0.0018534960108809173
749,4,16,0.22241814201697707,0.0025262940325774252,346018.196768308,346018.416660156,346018.196869408,346018.208990478,346018.414516462,346018.414524762,0.21989184798439965,0.012121070001740009,0.2055259839980863,0.0021353939664550126
750,0,16,0.18405083799734712,0.0024160940083675086,346018.519435598,346018.701070342,346018.519537398,346018.531519868,346018.699101347,346018.699109447,0.1816347439889796,0.011982469994109124,0.16758147900691256,0.001960894966032356
751,2,16,0.2282522269524634,0.0024747939314693213,346018.803875684,346019.029653117,346018.803979284,346018.816256053,346019.027530922,346019.027539122,0.22577743302099407,0.012276768975425512,0.21127486898330972,0.0021139950258657336
752,0,16,0.21774645295226946,0.0024302939418703318,346019.132400959,346019.347717118,346019.132502359,346019.145096727,346019.345396624,346019.345404824,0.21531615901039913,0.012594368017744273,0.20029989699833095,0.0023122939746826887
753,0,16,0.18454583699349314,0.002528293989598751,346019.45051076,346019.632528303,346019.45061616,346019.463005329,346019.630597408,346019.630605808,0.1820175430038944,0.012389169016387314,0.16759207897121087,0.001922495022881776
754,0,16,0.18577633396489546,0.002490393933840096,346019.735228545,346019.918514485,346019.735332345,346019.747167215,346019.91661359,346019.91662179,0.18328594003105536,0.01183486997615546,0.16944637498818338,0.0018926950288005173
755,0,16,0.1852427349658683,0.0025783939636312425,346020.021391727,346020.204056068,346020.021494327,346020.033518496,346020.202185473,346020.202194373,0.18266434100223705,0.012024169031064957,0.16866697696968913,0.0018616949673742056
756,0,16,0.18501073500374332,0.002449493040330708,346020.30686591,346020.489427152,346020.30697081,346020.319065979,346020.487509256,346020.487517456,0.1825612419634126,0.012095168989617378,0.1684432770125568,0.0019096959731541574
757,0,16,0.1806096459622495,0.0024535939446650445,346020.592212794,346020.770368846,346020.592328393,346020.604738562,346020.768465551,346020.768473351,0.17815605201758444,0.012410169001668692,0.16372698900522664,0.0018954949919134378
758,2,16,0.21375666395761073,0.0024899939307942986,346020.873145088,346021.084411758,346020.873249588,346020.885493557,346021.082193263,346021.082201263,0.21126667002681643,0.012243969016708434,0.19669970596442,0.002210495003964752
759,0,16,0.18460353597765788,0.0025195929338224232,346021.1872369,346021.369320843,346021.187340999,346021.199502069,346021.367396747,346021.367405047,0.18208394304383546,0.012161069957073778,0.16789467801572755,0.001915796019602567
760,0,16,0.2029097909689881,0.002450294967275113,346021.472082485,346021.672541981,346021.472187584,346021.485520151,346021.670435287,346021.670443287,0.20045949600171298,0.013332567003089935,0.18491513602202758,0.0020986939780414104
761,0,16,0.21463236096315086,0.0024860929697752,346021.775345223,346021.987491491,346021.775449623,346021.787360193,346021.985348596,346021.985356996,0.21214626799337566,0.011910569970495999,0.19798840302973986,0.002134495007339865
762,0,16,0.18499473499832675,0.0024505940382368863,346022.090266333,346022.272810474,346022.090371932,346022.102768801,346022.270868879,346022.270876979,0.18254414096008986,0.01239686895860359,0.16810007800813764,0.0019334949902258813
763,0,16,0.18356893898453563,0.00246989302104339,346022.375589216,346022.556688262,346022.375692816,346022.388136885,346022.554592867,346022.554601167,0.18109904596349224,0.012444069026969373,0.16645598196191713,0.0020870949956588447
764,0,16,0.18552693398669362,0.002398493990767747,346022.659401704,346022.842530144,346022.659504904,346022.672705171,346022.840621149,346022.840629549,0.18312843999592587,0.013200266985222697,0.16791597800329328,0.0019005949725396931
765,0,16,0.210291271971073,0.002491793013177812,346022.945326386,346023.153125865,346022.945427686,346022.957493456,346023.15109127,346023.15109947,0.2077994789578952,0.012065770046319813,0.19359781395178288,0.0020263949991203845
766,0,16,0.1855262349708937,0.002424294943921268,346023.255885607,346023.438987547,346023.255988706,346023.268282775,346023.437072752,346023.437080852,0.18310194002697244,0.012294068990740925,0.16878997697494924,0.0019066950189881027
767,0,16,0.1930128149688244,0.0025128929410129786,346023.541799089,346023.732299011,346023.541902889,346023.553889859,346023.730344516,346023.730352916,0.1904999220278114,0.011986970028374344,0.17645465699024498,0.0019460950279608369
768,0,16,0.1841099379817024,0.0023949940223246813,346023.834965053,346024.016679997,346023.835066853,346023.846998923,346024.014773602,346024.014781902,0.1817149439593777,0.011932070017792284,0.16777467902284116,0.0018980949535034597
769,0,16,0.18514793500071391,0.002437793998979032,346024.119390939,346024.30210108,346024.119491639,346024.132015307,346024.300214385,346024.300222285,0.18271014100173488,0.01252366800326854,0.16819907794706523,0.0018787950393743813
770,0,16,0.18728243000805378,0.0024924930185079575,346024.404922822,346024.589712759,346024.405029122,346024.417264191,346024.587813463,346024.587821763,0.18478993698954582,0.012235069007147104,0.17054927197750658,0.0018909960053861141
771,2,16,0.22880142502253875,0.002511592989321798,346024.692415001,346024.918704833,346024.692527,346024.705476168,346024.916506438,346024.916517738,0.22628983203321695,0.012949168041814119,0.21103026997298002,0.00218709500040859
772,0,16,0.200506396999117,0.002628493995871395,346025.021521475,346025.219399378,346025.021629374,346025.034563242,346025.217327883,346025.217336783,0.1978779030032456,0.012933867983520031,0.18276464100927114,0.00206259498372674
773,0,16,0.19092778605408967,0.002486793033313006,346025.32228932,346025.510730313,346025.32239372,346025.334606489,346025.508796618,346025.508804518,0.18844099302077666,0.012212769011966884,0.17419012903701514,0.0019257950480096042
774,3,16,0.20873621298233047,0.0024867919855751097,346025.613423824,346025.819673245,346025.613527224,346025.626005789,346025.817673851,346025.817682051,0.20624942099675536,0.012478564982302487,0.19166806200519204,0.001991194032598287
775,3,16,0.22067807998973876,0.002524191979318857,346025.922526956,346026.140680844,346025.922630256,346025.934980221,346026.138616249,346026.138624649,0.2181538880104199,0.012349964992608875,0.2036360280471854,0.002056195051409304
776,0,16,0.21175260603195056,0.002577994077000767,346026.243572955,346026.452747567,346026.243679254,346026.25585182,346026.450719173,346026.450727573,0.2091746119549498,0.012172565970104188,0.19486735301325098,0.0020199939608573914
777,3,16,0.22800355998333544,0.0025172929745167494,346026.555507979,346026.780994246,346026.555612778,346026.568134543,346026.778874051,346026.778882651,0.22548626700881869,0.012521765020210296,0.21073950798017904,0.0021115950075909495
778,0,16,0.1860887780203484,0.0025187930441461504,346026.883743257,346027.067313242,346026.883845757,346026.895888023,346027.065149248,346027.065157548,0.18356998497620225,0.012042266025673598,0.1692612249753438,0.002155694004613906
779,0,16,0.1873844739748165,0.0025376929552294314,346027.170182153,346027.355028934,346027.170287852,346027.183375716,346027.353054139,346027.353062739,0.18484678101958707,0.013087863975670189,0.16967842302983627,0.001966195006389171
780,0,16,0.1868792760069482,0.002456394024193287,346027.457812545,346027.642235427,346027.457915845,346027.471319607,346027.640207333,346027.640215533,0.18442288198275492,0.013403762015514076,0.1688877260312438,0.002019893960095942
781,0,16,0.18671187601285055,0.002476194058544934,346027.745019539,346027.929255221,346027.745121038,346027.757602203,346027.927243127,346027.927251227,0.18423568195430562,0.01248116500210017,0.1696409240248613,0.0020039939554408193
782,0,16,0.18535497999982908,0.00253449403680861,346028.032086033,346028.214906519,346028.032189032,346028.044834997,346028.212788525,346028.212797225,0.18282048596302047,0.012645964976400137,0.1679535279981792,0.0021092940005473793
783,3,16,0.21024241001578048,0.0026959929964505136,346028.31793643,346028.525482847,346028.31804973,346028.330595194,346028.523503853,346028.523512153,0.20754641701932997,0.01254546403652057,0.19290865899529308,0.0019706939929164946
784,0,16,0.20351832901360467,0.0026018930366262794,346028.628263059,346028.829179495,346028.628367058,346028.640971223,346028.8271626,346028.827173,0.2009164359769784,0.01260416500736028,0.18619137699715793,0.0020064949640072882
785,0,16,0.1862275769817643,0.0024915929534472525,346028.932132906,346029.11586889,346028.932236505,346028.94492837,346029.113926595,346029.113935295,0.18373598402831703,0.012691865034867078,0.16899822501000017,0.0019335949909873307
786,0,16,0.18343088496476412,0.0025226929574273527,346029.218743101,346029.399651293,346029.2188909,346029.231245166,346029.397620299,346029.397630199,0.18090819200733677,0.012354265956673771,0.1663751330343075,0.002021094027440995
787,0,16,0.1946539530181326,0.002463492040988058,346029.502431504,346029.694621965,346029.502533104,346029.515058569,346029.69268327,346029.69269187,0.19219046097714454,0.012525465048383921,0.17762470099842176,0.0019300950225442648
788,0,16,0.18601227703038603,0.0025272920611314476,346029.797456776,346029.980941761,346029.797559276,346029.809876041,346029.979012466,346029.979020766,0.18348498496925458,0.012316765030846,0.1691364249563776,0.001920995011460036
789,2,16,0.20387709402712062,0.0024946940247900784,346030.083675702,346030.285058102,346030.083779502,346030.09651567,346030.282983707,346030.282991707,0.20138240000233054,0.012736167991533875,0.18646803696174175,0.0020663950126618147
790,0,16,0.18521944101667032,0.0025668940506875515,346030.387947047,346030.570599594,346030.388052447,346030.400534916,346030.568608599,346030.568616999,0.18265254696598276,0.012482469028327614,0.16807368298759684,0.0019825949566438794
791,0,16,0.18664263701066375,0.0024947940255515277,346030.673394839,346030.857542682,346030.673495339,346030.686428906,346030.855573787,346030.855581987,0.18414784298511222,0.012933566991705447,0.16914488101610914,0.0019606949645094573
792,1,16,0.19074932701187208,0.002661094011273235,346030.960415627,346031.14850386,346030.960519627,346030.972971296,346031.146465565,346031.146474265,0.18808823300059885,0.012451668968424201,0.1734942690236494,0.0020295949652791023
793,1,16,0.19209882302675396,0.0025190930464304984,346031.251422305,346031.441002035,346031.251527805,346031.264624772,346031.439031839,346031.439040539,0.18957972998032346,0.013096967013552785,0.17440706701017916,0.0019614960183389485
794,0,16,0.182706946041435,0.0025564919924363494,346031.543853479,346031.724003933,346031.543957079,346031.556589748,346031.722101737,346031.722110037,0.18015045404899865,0.0126326690078713,0.16551198897650465,0.001893896027468145
795,0,16,0.18581073998939246,0.0024540949962101877,346031.826764578,346032.010121223,346031.826866877,346031.839414046,346032.008148728,346032.008157028,0.18335664499318227,0.012547168997116387,0.16873468202538788,0.001964194991160184
796,0,16,0.18452844198327512,0.002472693973686546,346032.112885868,346032.294941616,346032.112990168,346032.125592336,346032.293028921,346032.293037121,0.18205574800958857,0.01260216801892966,0.1674365850049071,0.0019044950022362173
797,0,16,0.18512124102562666,0.0025597940548323095,346032.397806161,346032.580367608,346032.397912261,346032.41049983,346032.578372213,346032.578380613,0.18256144697079435,0.012587568955495954,0.16787238302640617,0.0019869949901476502
798,0,16,0.18574803898809478,0.002437093004118651,346032.683207253,346032.866518199,346032.683310653,346032.695868722,346032.864538803,346032.864547203,0.18331094598397613,0.012558068963699043,0.16867008100962266,0.0019709959742613137
799,0,16,0.1951080160215497,0.0025180940283462405,346032.969326144,346033.161916066,346032.969425643,346032.98279641,346033.159917671,346033.159925771,0.19258992199320346,0.013370767002925277,0.17712126101832837,0.0019902950152754784
800,4,16,0.21635946299647912,0.0024792939657345414,346033.264696111,346033.47857628,346033.264798111,346033.277607379,346033.476436985,346033.476444785,0.21388016903074458,0.012809268024284393,0.19882960600079969,0.002131494984496385
801,1,16,0.22658763697836548,0.0024432939826510847,346033.581330125,346033.805474468,346033.581433325,346033.594085193,346033.803197174,346033.803205374,0.2241443429957144,0.012651867989916354,0.2091119809774682,0.0022690939949825406
802,1,16,0.19554171501658857,0.0024861940182745457,346033.908284912,346034.101340433,346033.908389312,346033.920955781,346034.099322938,346034.099331138,0.19305552099831402,0.012566469027660787,0.17836715700104833,0.0020092949853278697
803,0,16,0.19476241600932553,0.002428293984849006,346034.204087478,346034.3964216,346034.204193277,346034.216837646,346034.394434905,346034.394443205,0.19233412202447653,0.01264436898054555,0.17759725905489177,0.001978395041078329
804,0,16,0.18431504198815674,0.0025716929812915623,346034.499234444,346034.680977793,346034.499341644,346034.512203412,346034.679048398,346034.679064697,0.18174334900686517,0.012861768016591668,0.16684498597169295,0.0019130959990434349
805,0,16,0.18660163704771549,0.0024521940504200757,346034.783737937,346034.96788738,346034.783841537,346034.796161907,346034.965977185,346034.965985185,0.1841494429972954,0.012320370005909353,0.16981527797179297,0.0019021949847228825
806,0,16,0.18600303801940754,0.0025913940044119954,346035.070644525,346035.254056169,346035.070747724,346035.083215493,346035.251906674,346035.251939174,0.18341164401499555,0.012467769032809883,0.1686911809956655,0.002116994990501553
807,0,16,0.18328274495434016,0.0024875939707271755,346035.356945413,346035.537740564,346035.357048313,346035.369803581,346035.535785569,346035.535793869,0.18079515098361298,0.012755267962347716,0.165981988015119,0.001946694974321872
808,0,16,0.18441214197082445,0.0025180939701385796,346035.640599209,346035.822493257,346035.640703408,346035.653523577,346035.820518962,346035.820527362,0.18189404800068587,0.012820169038604945,0.1669953849632293,0.001965895004104823
809,1,16,0.19528971501858905,0.002491493010893464,346035.925283201,346036.118081423,346035.925388301,346035.93815367,346036.116094427,346036.116102927,0.19279822200769559,0.012765368970576674,0.17794075701385736,0.001978495973162353
810,0,16,0.18569553905399516,0.0025009940145537257,346036.220888267,346036.404082812,346036.220993867,346036.233733535,346036.402131617,346036.402140417,0.18319454503944144,0.012739667959976941,0.1683980820234865,0.0019423949997872114
811,0,16,0.18518024001969025,0.0025055940495803952,346036.506862457,346036.689537103,346036.506964857,346036.519368026,346036.687607508,346036.687615608,0.18267464597010985,0.012403169006574899,0.16823948197998106,0.0019214950152672827
812,0,16,0.21626246301457286,0.002468594000674784,346036.792340948,346037.006134817,346036.792445247,346036.805290015,346037.004002122,346037.004010622,0.21379386901389807,0.012844768003560603,0.19871210696874186,0.002124195045325905
813,0,16,0.1868123360327445,0.002503994037397206,346037.108919761,346037.293228103,346037.109085561,346037.121748229,346037.291061809,346037.291070509,0.1843083419953473,0.012662668013945222,0.16931357997236773,0.0021575940190814435
814,0,16,0.18590913800289854,0.002575594000518322,346037.396100448,346037.579433992,346037.396205148,346037.408806916,346037.577387898,346037.577396298,0.18333354400238022,0.012601767957676202,0.16858098201919347,0.002037693979218602
815,0,16,0.2132002700236626,0.002499793015886098,346037.682282137,346037.892982614,346037.682386837,346037.695162805,346037.890930619,346037.890938919,0.2107004770077765,0.012775967945344746,0.19576781400246546,0.002043695014435798
816,0,16,0.18378184403991327,0.0024338950170204043,346037.995684459,346038.177032408,346037.995786258,346038.008527727,346038.175110213,346038.175118513,0.18134794902289286,0.012741468963213265,0.16658248601015657,0.001913895015604794
817,0,16,0.18638843699591234,0.0024659939808771014,346038.279787053,346038.463709496,346038.279892953,346038.292786421,346038.461757301,346038.461766501,0.18392244301503524,0.012893468025140464,0.1689708799822256,0.0019429950043559074
818,0,16,0.2172988600214012,0.00246179400710389,346038.566522141,346038.781359207,346038.566626041,346038.580116807,346038.779236312,346038.779244612,0.2148370660142973,0.013490765995811671,0.19911950500681996,0.0021145950304344296
819,0,16,0.19463351601734757,0.002438293013256043,346038.884163052,346039.076358275,346038.884271052,346038.89706572,346039.074391179,346039.074399979,0.19219522300409153,0.01279466797132045,0.1773254590225406,0.0019582959939725697
820,1,16,0.19562161399517208,0.002518392982892692,346039.179067819,346039.37217104,346039.179174319,346039.192086387,346039.370188945,346039.370197745,0.1931032210122794,0.012912067992147058,0.1781025579548441,0.001973295002244413
821,0,16,0.1865783369867131,0.002504593983758241,346039.475085884,346039.659159627,346039.475189784,346039.489508948,346039.656992732,346039.657000832,0.18407374300295487,0.014319163979962468,0.167483784025535,0.00215879495954141
822,0,16,0.21500016597565264,0.0025670939357951283,346039.761974972,346039.974408044,346039.762078972,346039.775661338,346039.97220895,346039.97221715,0.2124330720398575,0.013582365994807333,0.1965476120240055,0.002190894039813429
823,0,16,0.18712393497116864,0.002477394009474665,346040.077203389,346040.26184993,346040.077310889,346040.090223457,346040.259790635,346040.259798635,0.18464654096169397,0.012912567995954305,0.16956717800348997,0.0020512950140982866
824,2,16,0.2012574000400491,0.0024893940426409245,346040.364643375,346040.563411381,346040.364748675,346040.377612243,346040.561289587,346040.561298087,0.19876800599740818,0.012863567972090095,0.1836773440008983,0.002113293972797692
825,0,16,0.18576963897794485,0.0024728939752094448,346040.666131126,346040.849427871,346040.666232126,346040.678768595,346040.847454076,346040.847462476,0.1832967450027354,0.012536468973848969,0.16868548101047054,0.001965395000297576
826,0,16,0.1854871390387416,0.0024845940060913563,346040.952281616,346041.135284161,346040.952386616,346040.965359783,346041.133369166,346041.133377566,0.18300254503265023,0.01297316700220108,0.16800938302185386,0.0019065950182266533
827,2,16,0.20290109602501616,0.002453893015626818,346041.237981906,346041.438429109,346041.238085006,346041.250997074,346041.436375414,346041.436383614,0.20044720300938934,0.012912067992147058,0.1853783400147222,0.002045494969934225
828,2,16,0.20568828901741654,0.0024766940041445196,346041.541242653,346041.744454248,346041.541348153,346041.555837217,346041.742393353,346041.742401653,0.20321159501327202,0.014489063993096352,0.1865561360027641,0.002052594965789467
829,1,16,0.20372279395814985,0.0024508939823135734,346041.847256292,346042.048528192,346041.847381792,346041.86025316,346042.046422198,346042.046430098,0.20127189997583628,0.012871368031483144,0.1861690380028449,0.0020980939734727144
830,0,16,0.21263657097006217,0.002629292954225093,346042.151346137,346042.361353415,346042.151450637,346042.164296905,346042.35925412,346042.35926252,0.21000727801583707,0.012846268014982343,0.19495721498969942,0.0020908950245939195
831,0,16,0.18527394003467634,0.002474494045600295,346042.464262459,346042.647061905,346042.464365559,346042.477491426,346042.64501131,346042.64501961,0.18279944598907605,0.013125867000781,0.1675198840093799,0.002042295003775507
832,3,16,0.213548069994431,0.0024460949935019016,346042.74977645,346042.960878425,346042.749879749,346042.762840417,346042.958647731,346042.958656231,0.2111019750009291,0.01296066795475781,0.19580731401219964,0.002222193987108767
833,0,16,0.18689493596320972,0.002469594997819513,346043.06365997,346043.248085311,346043.063761169,346043.076695637,346043.246021216,346043.246030016,0.1844253409653902,0.012934468046296388,0.1693255789577961,0.002055294986348599
834,2,16,0.23972080397652462,0.002500292961485684,346043.350853156,346043.588073667,346043.350955356,346043.364112823,346043.585772172,346043.585780772,0.23722051101503894,0.013157466950360686,0.2216593490447849,0.0022928950493223965
835,0,16,0.1866058359737508,0.002481793984770775,346043.690931811,346043.875055853,346043.691036811,346043.703842579,346043.873051858,346043.873060358,0.18412404198898003,0.012805767997633666,0.1692092790035531,0.001995494996663183
836,0,16,0.18810413201572374,0.002496192988473922,346043.977857398,346044.163465337,346043.977960198,346043.991238765,346044.161246042,346044.161254242,0.1856079390272498,0.013278566999360919,0.17000727698905393,0.002211095008533448
837,0,16,0.18528173997765407,0.002472393971402198,346044.266237581,346044.449046927,346044.266341281,346044.279477149,346044.447003432,346044.447011332,0.18280934600625187,0.013135868008248508,0.16752628301037475,0.0020355949527584016
838,1,16,0.1911101249861531,0.0024428939796052873,346044.551782272,346044.740449503,346044.551885472,346044.565003939,346044.738251809,346044.738260009,0.1886672310065478,0.013118466944433749,0.1732478699996136,0.0021894940291531384
839,0,16,0.18668583600083366,0.002464393968693912,346044.843170248,346045.02739169,346044.843276148,346044.856645414,346045.025297995,346045.025306095,0.18422144203213975,0.013369266001973301,0.16865258099278435,0.0020855949842371047
840,4,16,0.21859085699543357,0.002491893945261836,346045.130151035,346045.346249998,346045.130252935,346045.144799999,346045.344083303,346045.344092203,0.21609896305017173,0.01454706402728334,0.1992833039839752,0.0021577950101345778
841,0,16,0.18281344504794106,0.0024694930179975927,346045.449000543,346045.629344495,346045.449104242,346045.462641009,346045.627405299,346045.627413599,0.18034395202994347,0.013536766986362636,0.16476428997702897,0.001930896018166095
842,0,16,0.18588343798182905,0.0025199929950758815,346045.732156439,346045.915519884,346045.732261739,346045.745304707,346045.913548089,346045.913556189,0.18336344498675317,0.013042967999354005,0.1682433820096776,0.0019636949873529375
843,0,16,0.18480144097702578,0.002441593969706446,346046.018307828,346046.200667675,346046.018411228,346046.031607595,346046.19861708,346046.19862528,0.18235984700731933,0.013196366955526173,0.167009485012386,0.0020423950045369565
844,0,16,0.1860266380244866,0.0024012940120883286,346046.30340022,346046.487025564,346046.30350382,346046.316751287,346046.485010469,346046.485018669,0.18362534401239827,0.01324746705358848,0.1682591819553636,0.0020068950252607465
845,5,16,0.2856675910297781,0.002435295027680695,346046.589713309,346046.872945605,346046.589812508,346046.60539707,346046.870504211,346046.870512511,0.28323229600209743,0.015584561973810196,0.2651071409927681,0.002433094021398574
846,0,16,0.18586043798131868,0.002494593965820968,346046.97575225,346047.159118094,346046.975854249,346046.989184816,346047.157131799,346047.157140199,0.18336584401549771,0.013330567046068609,0.1679469829541631,0.0019778950372710824
847,0,16,0.18752473400672898,0.0024130940437316895,346047.261874239,346047.446985879,346047.261975439,346047.276252703,346047.445031084,346047.445039584,0.1851116399629973,0.014277264010161161,0.16877838101936504,0.0019462949712760746
848,0,16,0.19627731200307608,0.002477694011759013,346047.549758624,346047.743558242,346047.549864823,346047.56327629,346047.741364348,346047.741375648,0.19379961799131706,0.013411467021796852,0.17808805796084926,0.002182593976613134
849,0,16,0.18655253597535193,0.0025568929850123823,346047.846425087,346048.03042073,346047.846529787,346047.860157353,346048.028472835,346048.028481235,0.18399564299033955,0.013627565989736468,0.1683154820348136,0.0019394950359128416
850,0,16,0.18574523902498186,0.0024713940802030265,346048.133177974,346048.316451819,346048.133282074,346048.146792841,346048.314517124,346048.314525424,0.18327384494477883,0.013510767021216452,0.1677242829464376,0.0019263949943706393
851,0,16,0.18686493602581322,0.0025422940379939973,346048.419251964,346048.603574606,346048.419355164,346048.43295563,346048.601633811,346048.601642211,0.18432264198781922,0.013600466016214341,0.1686781810130924,0.0019323949818499386
852,1,16,0.1962794129503891,0.002430194988846779,346048.706408251,346048.900257469,346048.70650975,346048.719986817,346048.898158474,346048.898171374,0.1938492179615423,0.01347706699743867,0.17817165702581406,0.0020860949880443513
853,0,16,0.1862144370097667,0.0024261940270662308,346049.002977514,346049.186765757,346049.003081014,346049.01671038,346049.184750262,346049.184758662,0.18378824298270047,0.013629366003442556,0.16803988203173503,0.0020070949685759842
854,0,16,0.18419754295609891,0.002495693974196911,346049.289534202,346049.471236051,346049.289636102,346049.303224868,346049.469257756,346049.469265856,0.181701848981902,0.01358876604354009,0.16603288799524307,0.0019701949786394835
855,0,16,0.18597154004964978,0.002451094042044133,346049.574059497,346049.757579943,346049.574162097,346049.587885163,346049.755426849,346049.755438649,0.18352044600760564,0.013723066018428653,0.16754168597981334,0.0021412940113805234
856,0,16,0.18365564598934725,0.0025493939756415784,346049.860460689,346050.041566941,346049.860566989,346049.874343555,346050.039521546,346050.039530046,0.18110625201370567,0.013776566018350422,0.16517799097346142,0.002036895020864904
857,2,16,0.20423909497912973,0.0024221939966082573,346050.144267287,346050.346084188,346050.144369987,346050.157969853,346050.344008893,346050.344017293,0.20181690098252147,0.013599866011645645,0.18603903998155147,0.0020668949582614005
858,0,16,0.18614613998215646,0.0024842940038070083,346050.448891834,346050.63255368,346050.448995634,346050.462842199,346050.630293885,346050.630301985,0.18366184597834945,0.013846565037965775,0.16745168599300086,0.0022516949684359133
859,0,16,0.18673603795468807,0.002424093952868134,346050.735275926,346050.91958787,346050.735390826,346050.749021892,346050.917615075,346050.917623575,0.18431194400181994,0.013631066016387194,0.1685931829852052,0.0019642949919216335
860,0,16,0.19161172601161525,0.0024707940174266696,346051.022399316,346051.211540248,346051.022504616,346051.036249882,346051.209487153,346051.209495153,0.18914093199418858,0.013745266012847424,0.17323727096663788,0.0020450950250960886
861,0,16,0.18387994496151805,0.002433192974422127,346051.314289294,346051.495736046,346051.314393394,346051.32805866,346051.493410551,346051.493418651,0.18144675198709592,0.013665265985764563,0.16535189101705328,0.0023173950030468404
862,0,16,0.18621973996050656,0.0024497939739376307,346051.598540691,346051.782310637,346051.598645191,346051.612367957,346051.780249242,346051.780257742,0.18376994598656893,0.013722766016144305,0.1678812849568203,0.002052895026281476
863,0,16,0.18662423902424052,0.0025342940352857113,346051.885021583,346052.069111528,346051.885124983,346051.899020749,346052.067151633,346052.067160133,0.1840899449889548,0.013895766052883118,0.1681308839470148,0.0019513950101099908
864,1,16,0.20436069398419932,0.0024528930080123246,346052.171946474,346052.373854275,346052.172047474,346052.18581144,346052.37172548,346052.37173368,0.201907800976187,0.013763965980615467,0.18591404001927003,0.002120594959706068
865,0,16,0.18609213997842744,0.0024671939900144935,346052.476640521,346052.660265467,346052.47674162,346052.490512986,346052.658192672,346052.658201172,0.18362494598841295,0.013771366036962718,0.16767968598287553,0.0020642949966713786
866,0,16,0.1849402430234477,0.0024573940318077803,346052.763043312,346052.945526161,346052.763149912,346052.777314877,346052.943531466,346052.943539766,0.1824828489916399,0.014164965017698705,0.16621658898657188,0.0019863949855789542
867,0,16,0.18608754000160843,0.002507393015548587,346053.048276707,346053.231856854,346053.048379707,346053.062298673,346053.229878758,346053.229887058,0.18358014698605984,0.013918965996708721,0.167580085049849,0.0019697959651239216
868,5,16,0.2439925970393233,0.0026243930333293974,346053.334694999,346053.576063203,346053.334800299,346053.348237166,346053.573807408,346053.573815608,0.2413682040059939,0.01343686698237434,0.22557024197885767,0.0022475949954241514
869,0,16,0.18637613899772987,0.0024469930212944746,346053.678974248,346053.862903394,346053.679076648,346053.693873711,346053.860829399,346053.860837399,0.1839291459764354,0.014797062962315977,0.16695568803697824,0.0020659949514083564
870,0,16,0.18672953901113942,0.0025143949897028506,346053.96564814,346054.149863284,346053.965752239,346053.979894404,346054.147815889,346054.147824289,0.18421514402143657,0.014142165018711239,0.16792148497188464,0.00203899503685534
871,0,16,0.18602114001987502,0.002496394037734717,346054.25263913,346054.436163876,346054.25274253,346054.266392596,346054.434167081,346054.434175081,0.1835247459821403,0.013650065986439586,0.16777448501670733,0.0019887949456460774
872,0,16,0.18718823802191764,0.002494294021744281,346054.538964622,346054.723658566,346054.539069822,346054.553273287,346054.721653971,346054.721662571,0.18469394400017336,0.014203465019818395,0.1683806839864701,0.0019959950004704297
873,1,16,0.19624141498934478,0.0024961939780041575,346054.826410112,346055.020155333,346054.826515912,346054.840496077,346055.018051438,346055.018060038,0.19374522101134062,0.013980165007524192,0.1775553609477356,0.0020952949998900294
874,4,16,0.2165394650073722,0.0025605940027162433,346055.122944479,346055.33692335,346055.123048779,346055.136812545,346055.334739955,346055.334748355,0.21397887100465596,0.013763766037300229,0.19792741001583636,0.002174995024688542
875,0,16,0.1860049399547279,0.002485693956259638,346055.439789596,346055.623308842,346055.439892995,346055.453746661,346055.621300947,346055.621309047,0.18351924599846825,0.013853666023351252,0.16755428595934063,0.0019997950294055045
876,4,16,0.21776506199967116,0.00247949396725744,346055.726115288,346055.941400856,346055.726221188,346055.740174653,346055.938918662,346055.938926862,0.21528556803241372,0.013953465037047863,0.1987440090160817,0.0024739939835853875
877,0,16,0.18563304102281108,0.0025094940210692585,346056.044238002,346056.227361549,346056.044342302,346056.058318567,346056.225125555,346056.225133755,0.18312354700174183,0.013976264977827668,0.16680698801064864,0.002227793971542269
878,0,16,0.18834053497994319,0.00255069398554042,346056.330120995,346056.515910836,346056.330225195,346056.345621257,346056.513653642,346056.513662042,0.18578984099440277,0.015396061993669719,0.1680323850014247,0.002248794015031308
879,1,16,0.197222011978738,0.002455692971125245,346056.618732182,346056.813498501,346056.618835582,346056.634246444,346056.811286806,346056.811295006,0.19476631900761276,0.015410861989948899,0.17704036203213036,0.0022034950088709593
880,0,16,0.18860543402843177,0.002445594989694655,346056.916273347,346057.102433186,346056.916374346,346056.932057908,346057.100255192,346057.100263692,0.18615983903873712,0.015683561970945448,0.16819728404516354,0.0021694940514862537
881,3,16,0.2222142509999685,0.002452994987834245,346057.205139533,346057.424900789,346057.205241932,346057.219253798,346057.422650295,346057.422658695,0.21976125601213425,0.014011866005603224,0.20339649700326845,0.0022420939640142024
882,0,16,0.18739583500428125,0.0024808940361253917,346057.527781234,346057.712696175,346057.527891234,346057.541848399,346057.71071698,346057.71072518,0.18491494096815586,0.013957164948806167,0.1688685810077004,0.001970994984731078
883,0,16,0.21730065997689962,0.002475393994245678,346057.81549702,346058.030322286,346057.81559922,346057.829484485,346058.028157592,346058.028166092,0.21482526598265395,0.013885264983400702,0.1986731070210226,0.002156194008421153
884,0,16,0.18646083702333272,0.0024746940471231937,346058.133141231,346058.317127374,346058.133244731,346058.147153696,346058.315154379,346058.315162679,0.18398614297620952,0.013908964989241213,0.16800068301381543,0.001964694994967431
885,0,16,0.18668953597079962,0.002479292976204306,346058.419920019,346058.604130262,346058.420057219,346058.434018884,346058.602128167,346058.602137267,0.18421024299459532,0.013961665041279048,0.1681092829676345,0.0019929949776269495
886,0,16,0.18774233403382823,0.0024961940362118185,346058.706882607,346058.892128747,346058.706988306,346058.721289171,346058.889967152,346058.889975352,0.1852461399976164,0.014300865004770458,0.16867798095336184,0.002153395034838468
887,0,16,0.18692083499627188,0.002422592951916158,346058.994756992,346059.179255234,346058.994874892,346059.008949457,346059.177253439,346059.177261839,0.18449824204435572,0.014074565027840436,0.16830398194724694,0.001993395038880408
888,0,16,0.19589901302242652,0.002448994026053697,346059.281973679,346059.475423698,346059.282075678,346059.296354543,346059.473315004,346059.473323604,0.19345001899637282,0.014278865011874586,0.17696046101627871,0.002100094046909362
889,0,16,0.1872793349903077,0.002456094021908939,346059.578202143,346059.763025384,346059.578304843,346059.592378908,346059.76094969,346059.76095759,0.18482324096839875,0.014074065024033189,0.1685707819997333,0.002067793975584209
890,0,16,0.1901262280298397,0.0024884940357878804,346059.865826229,346060.053463963,346059.865931629,346059.882034489,346060.051388769,346060.051396969,0.18763773399405181,0.016102859983220696,0.1693542799912393,0.0020669939694926143
891,6,16,0.26371774496510625,0.0024910930078476667,346060.156233608,346060.41746026,346060.156338008,346060.170586273,346060.414969566,346060.414977866,0.2612266519572586,0.014248265011701733,0.2443832929711789,0.002482393989339471
892,0,16,0.1868474360089749,0.0025181929813697934,346060.520346504,346060.704675747,346060.520451104,346060.534417469,346060.702665752,346060.702674152,0.18432924302760512,0.013966365018859506,0.16824828297831118,0.0020015950431115925
893,0,16,0.18757523398380727,0.0024961939780041575,346060.807398792,346060.992477832,346060.807501891,346060.821711056,346060.990494837,346060.990503337,0.1850790400058031,0.014209165005013347,0.16878378100227565,0.001974495011381805
894,0,16,0.18769443401833996,0.0024698940105736256,346061.095359477,346061.280584017,346061.095460777,346061.109787441,346061.278532122,346061.278540422,0.18522454000776634,0.014326663978863508,0.16874468105379492,0.0020435950136743486
895,0,16,0.1861084380070679,0.002410894026979804,346061.383349762,346061.567047306,346061.383452462,346061.397632527,346061.565016711,346061.565025311,0.18369754398008808,0.014180065016262233,0.16738418402383104,0.0020219949656166136
896,0,16,0.18613143800757825,0.0024518940481357276,346061.669846651,346061.853526195,346061.669950951,346061.684666914,346061.8515156,346061.8515237,0.18367954395944253,0.014715962985064834,0.16684868599986658,0.0020024949917569757
897,0,16,0.18750873394310474,0.0024393939529545605,346061.95626894,346062.14133828,346061.95637234,346061.971132503,346062.139294286,346062.139302386,0.18506933999015018,0.014760163030587137,0.16816178301814944,0.002035894023720175
898,0,16,0.18996402900665998,0.002502193965483457,346062.244161425,346062.43162326,346062.244268925,346062.259112588,346062.429366166,346062.429380365,0.18746183504117653,0.014843663026113063,0.17025357799138874,0.0022428950178436935
899,0,16,0.20459619199391454,0.0024656939785927534,346062.534410405,346062.736540903,346062.534515105,346062.548662869,346062.734324309,346062.734333009,0.2021304980153218,0.014147764013614506,0.18566143995849416,0.0022078939946368337
900,0,16,0.18726223503472283,0.0024444940499961376,346062.839308348,346063.024126089,346062.839412548,346062.853640512,346063.022057394,346063.022065894,0.1848177409847267,0.014227963984012604,0.168416881992016,0.0020601950236596167
901,0,16,0.18741263495758176,0.0024370939936488867,346063.126875334,346063.311850875,346063.126976534,346063.141269899,346063.30985998,346063.30986808,0.18497554096393287,0.014293364947661757,0.16859008104074746,0.001982794958166778
902,0,16,0.18783103401074186,0.002517894026823342,346063.41467852,346063.59999166,346063.41478492,346063.429020984,346063.597976965,346063.597985165,0.18531313998391852,0.01423606398748234,0.16895598103292286,0.0020064949640072882
903,0,16,0.18831393198342994,0.00241339294007048,346063.702754805,346063.888655344,346063.702868505,346063.717105569,346063.886642549,346063.886651148,0.18590053904335946,0.014237064053304493,0.16953697998542339,0.002004196052439511
904,1,16,0.195711214968469,0.0025278939865529537,346063.991460388,346064.184643709,346063.991560988,346064.005621653,346064.182529114,346064.182537214,0.19318332098191604,0.014060664980206639,0.1769074610201642,0.0021064949687570333
905,0,16,0.1876832339912653,0.0024710939615033567,346064.287481854,346064.472693994,346064.287580853,346064.301785618,346064.470689399,346064.470697699,0.18521214002976194,0.014204765029717237,0.16890378098469228,0.0019962950027547777
906,0,16,0.1960454130312428,0.0024657940375618637,346064.575496739,346064.769076358,346064.575598439,346064.589949203,346064.766987164,346064.766995464,0.19357961899368092,0.014350763987749815,0.17703796096611768,0.002080894017126411
907,0,16,0.20596718898741528,0.002441893971990794,346064.871741104,346065.075266399,346064.871846403,346064.886279668,346065.072908504,346065.072916704,0.2035252950154245,0.014433265023399144,0.18662883597426116,0.0023496950161643326
908,0,16,0.18808593397261575,0.002497493929695338,346065.178107243,346065.363695683,346065.178210643,346065.193737405,346065.361557588,346065.361565588,0.1855884400429204,0.015526761999353766,0.16782018297817558,0.002130095032043755
909,0,16,0.1981097079697065,0.002464993973262608,346065.466399128,346065.662043842,346065.466502628,346065.481154391,346065.659883248,346065.659891348,0.1956447139964439,0.014651763020083308,0.17872885696124285,0.0021524940384551883
910,3,16,0.21598196402192116,0.0025661939871497452,346065.764948587,346065.978364357,346065.765052687,346065.781148347,346065.976142263,346065.976150863,0.2134157700347714,0.016095659986604005,0.19499391596764326,0.0022134940372779965
911,2,16,0.20489929197356105,0.00251349393511191,346066.081168702,346066.2835545,346066.081274302,346066.096393265,346066.281437905,346066.281446305,0.20238579803844914,0.015118963026907295,0.18504463997669518,0.002108195039909333
912,0,16,0.1855665390030481,0.0024742929963395,346066.386382445,346066.569474691,346066.386485645,346066.400691409,346066.567479796,346066.567488196,0.1830922460067086,0.014205763989593834,0.16678838699590415,0.0019864949863404036
913,0,16,0.18769643502309918,0.002416995004750788,346066.672182436,346066.857461876,346066.672281935,346066.687501598,346066.855387981,346066.855396181,0.1852794400183484,0.015219662978779525,0.16788638301659375,0.0020656950073316693
914,0,16,0.18834803299978375,0.002537694002967328,346066.960226121,346067.14603646,346066.960329821,346066.974931685,346067.144028065,346067.144036365,0.18581033899681643,0.014601864037103951,0.16909638000652194,0.0020000950316898525
915,0,16,0.18804463295964524,0.0024200939224101603,346067.248766005,346067.434390544,346067.248870205,346067.263136869,346067.432369949,346067.432378549,0.18562453903723508,0.014266663987655193,0.1692330799996853,0.0020119950058870018
916,0,16,0.19543131499085575,0.00247869297163561,346067.537163089,346067.730115711,346067.537267789,346067.551457754,346067.727996316,346067.728004716,0.19295262201922014,0.014189964975230396,0.17653856199467555,0.0021109950030222535
917,0,16,0.18853763199876994,0.0024547940120100975,346067.832864256,346068.018947094,346067.832969755,346067.848001318,346068.016806099,346068.016814499,0.18608283798675984,0.015031563001684844,0.16880478098755702,0.0021325949928723276
918,0,16,0.18786773399915546,0.0024810940376482904,346068.121752839,346068.307139479,346068.121856139,346068.136399103,346068.305058584,346068.305066684,0.18538663996150717,0.014542963996063918,0.16865948104532436,0.0020727949449792504
919,0,16,0.18861413199920207,0.002454094006679952,346068.409896624,346068.596056662,346068.409998224,346068.424509488,346068.593905967,346068.593915167,0.18616003799252212,0.014511263987515122,0.1693964790320024,0.0021414950024336576
920,3,16,0.22517654101829976,0.0024357929942198098,346068.698813607,346068.921554355,346068.698913607,346068.713306871,346068.91934336,346068.91935166,0.22274074802407995,0.014393264020327479,0.20603648899123073,0.0022026950027793646
921,0,16,0.18762913503451273,0.002495595021173358,346069.0243534,346069.20948694,346069.024458499,346069.038735264,346069.207411945,346069.207420645,0.18513354001333937,0.01427676499588415,0.16867668100167066,0.0020662950119003654
922,0,16,0.18745463498635218,0.0024837939999997616,346069.312302085,346069.497272926,346069.312403685,346069.326959349,346069.494854032,346069.494862432,0.18497084098635241,0.014555663976352662,0.1678946830215864,0.0024104939657263458
923,1,16,0.19605441397288814,0.0024890939821489155,346069.600109971,346069.793675291,346069.600214471,346069.614726335,346069.791621496,346069.791629896,0.19356531999073923,0.014511863992083818,0.17689516104292125,0.0020453950273804367
924,1,16,0.22444384294794872,0.0025002939510159194,346069.896484936,346070.118428485,346069.896588636,346069.9111034,346070.116240591,346070.116249091,0.2219435489969328,0.014514764014165848,0.2051371909910813,0.0021793940104544163
925,2,16,0.2153463659924455,0.002481193980202079,346070.22121223,346070.434077402,346070.22131423,346070.237797089,346070.431915208,346070.431923608,0.21286517201224342,0.016482858976814896,0.19411811901954934,0.0021537939901463687
926,0,16,0.18955333001213148,0.0024929940118454397,346070.536961747,346070.724022083,346070.537066047,346070.552997307,346070.721946288,346070.721954388,0.18706033600028604,0.015931259957142174,0.16894898103782907,0.002067694964352995
927,0,16,0.18931192997843027,0.0024155930150300264,346070.826736728,346071.013633065,346070.826837528,346070.842974988,346071.01157427,346071.01158237,0.18689633696340024,0.016137460013851523,0.16859928204212338,0.0020506950095295906
928,0,16,0.18771543499315158,0.002611093979794532,346071.116541609,346071.30164595,346071.116659809,346071.131393872,346071.299339356,346071.299347956,0.18510434101335704,0.014734063006471843,0.16794548399047926,0.0022979939822107553
929,0,16,0.2035244950093329,0.002453794004395604,346071.404392895,346071.605463596,346071.404492195,346071.418971159,346071.603201002,346071.603209002,0.2010707010049373,0.01447896397439763,0.18422984302742407,0.0022545940009877086
930,4,16,0.22182454995345324,0.0024676949833519757,346071.708215842,346071.927572697,346071.708319241,346071.723125505,346071.925372703,346071.925380903,0.21935685497010127,0.014806264021899551,0.2022471979726106,0.0021917939884588122
931,0,16,0.1871025359723717,0.0024571939720772207,346072.030396942,346072.215042284,346072.030497642,346072.044776607,346072.212995189,346072.213004589,0.18464534200029448,0.014278965012636036,0.16821858199546114,0.0020376949687488377
932,0,16,0.18811953405383974,0.0024970940430648625,346072.317815029,346072.503437469,346072.317918429,346072.332706693,346072.501292274,346072.501300674,0.18562244001077488,0.014788264001253992,0.16858558100648224,0.0021367950248531997
933,0,16,0.1849036409985274,0.0024277929915115237,346072.606191114,346072.788666962,346072.606291414,346072.620753778,346072.786651867,346072.786660267,0.18247584800701588,0.014462364022620022,0.16589808894786984,0.002006695023737848
934,1,16,0.20557779096998274,0.002524993964470923,346072.891506306,346073.094559103,346072.891610606,346072.906457569,346073.092351508,346073.092360008,0.20305279700551182,0.01484696299303323,0.1858939389931038,0.0021990950335748494
935,0,16,0.18989432899979874,0.0025179939693771303,346073.197339648,346073.384715983,346073.197443748,346073.212265511,346073.382560089,346073.382568489,0.18737633503042161,0.01482176297577098,0.17029457801254466,0.0021474940003827214
936,0,16,0.1873883350053802,0.0024489929783158004,346073.487529728,346073.67246907,346073.487633128,346073.502343191,346073.670373175,346073.670381075,0.1849393420270644,0.014710062998346984,0.16802998399361968,0.0020879950025118887
937,1,16,0.19910960603738204,0.002471494080964476,346073.775211715,346073.971849827,346073.775316215,346073.789843379,346073.969642333,346073.969650933,0.19663811195641756,0.014527163992170244,0.17979895399184898,0.0021988939843140543
938,0,16,0.1889022319810465,0.0029712929972447455,346074.075092071,346074.26102301,346074.075200771,346074.090200634,346074.258905715,346074.258914215,0.18593093898380175,0.014999862993136048,0.1687050810432993,0.002108794986270368
939,0,16,0.18546894000610337,0.0024260939680971205,346074.363797355,346074.546840201,346074.363899855,346074.379245117,346074.544799607,346074.544809207,0.18304284603800625,0.015345262014307082,0.16555448999861255,0.0020309940446168184
940,0,16,0.18731103499885648,0.0024911939981393516,346074.649611647,346074.834431488,346074.649715646,346074.66444621,346074.832400093,346074.832408593,0.18481984100071713,0.014730564027559012,0.16795388294849545,0.0020228950306773186
941,0,16,0.18745853600557894,0.0024683939991518855,346074.937253233,346075.122243375,346074.937355533,346074.951989797,346075.12016828,346075.12017658,0.18499014200642705,0.014634263992775232,0.1681784829706885,0.002066795015707612
942,0,16,0.18911173101514578,0.002524494018871337,346075.22499192,346075.411579157,346075.22509332,346075.240189782,346075.409514063,346075.409522662,0.18658723699627444,0.01509646198246628,0.1693242809851654,0.0020564949954859912
943,0,16,0.2152973659685813,0.0024345939746126533,346075.514294603,346075.727157375,346075.514396002,346075.528944366,346075.72493758,346075.72494578,0.21286277199396864,0.014548363978974521,0.1959932140307501,0.0022115950123406947
944,0,16,0.18796933395788074,0.0024970939848572016,346075.82997252,346076.01544476,346075.83011232,346075.845006883,346076.013360565,346076.013368865,0.18547223997302353,0.01489456300623715,0.1683536819764413,0.00207589496858418
945,0,16,0.18761693499982357,0.0024447949836030602,346076.118175006,346076.303347146,346076.118277505,346076.133129368,346076.301250652,346076.301258852,0.1851721400162205,0.014851863030344248,0.168121283990331,0.0020882940152660012
946,0,16,0.18735873501282185,0.0024975939886644483,346076.406085292,346076.590946433,346076.406191091,346076.421151854,346076.588916638,346076.588925038,0.1848611410241574,0.014960762986447662,0.16776478401152417,0.0020213950192555785
947,3,16,0.2153660660260357,0.0024295939947478473,346076.693713179,346076.906649651,346076.693812578,346076.709847639,346076.904506756,346076.904515256,0.21293647203128785,0.01603506103856489,0.1946591169689782,0.0021343950065784156
948,0,16,0.1838496439740993,0.002501994022168219,346077.009499796,346077.190847446,346077.009602895,346077.024324259,346077.188780551,346077.188788651,0.1813476499519311,0.014721364015713334,0.16445629199733958,0.002058794954791665
949,0,16,0.18582194001646712,0.002425994025543332,346077.293582391,346077.476978337,346077.293686391,346077.308695554,346077.474930942,346077.474939242,0.1833959459909238,0.015009162947535515,0.1662353880237788,0.0020390949794091284
950,0,16,0.18827163300011307,0.0025627929717302322,346077.579779982,346077.765488822,346077.579887682,346077.594967344,346077.763402027,346077.763410627,0.18570884002838284,0.015079662029165775,0.16843468300066888,0.0020781949860975146
951,0,16,0.18792723398655653,0.002486593963112682,346077.868281367,346078.053722007,346077.868387866,346077.883343629,346078.051545512,346078.051554012,0.18544064002344385,0.014955763006582856,0.16820188297424465,0.002167995029594749
952,0,16,0.1875905350316316,0.002506094053387642,346078.156512852,346078.341597293,346078.156616452,346078.171593615,346078.339474499,346078.339482399,0.18508444097824395,0.014977163053117692,0.16788088396424428,0.002114893984980881
953,0,16,0.21496256801765412,0.0024527949863113463,346078.444386739,346078.656896512,346078.444490838,346078.459534301,346078.654678017,346078.654686717,0.21250977303134277,0.015043463034089655,0.1951437160023488,0.0022097949986346066
954,0,16,0.18792553403181955,0.0024858940159901977,346078.759686757,346078.945126397,346078.759790557,346078.775583318,346078.943033903,346078.943042303,0.18543964001582935,0.015792761056218296,0.1674505849950947,0.002084093983285129
955,0,16,0.1872169360285625,0.0024482940207235515,346079.047836643,346079.232605285,346079.047941143,346079.062744706,346079.23049019,346079.23049849,0.18476864200783893,0.014803563011810184,0.16774548398097977,0.0021067950292490423
956,0,16,0.20708708697929978,0.0024586939834989607,346079.33534163,346079.539970023,346079.33544403,346079.350392293,346079.537814328,346079.537837128,0.20462839299580082,0.014948263007681817,0.18742203497095034,0.0021328949951566756
957,0,16,0.18834683299064636,0.0024434940423816442,346079.642770468,346079.828673807,346079.642874868,346079.657845831,346079.826394213,346079.826402113,0.18590333894826472,0.014970963005907834,0.16854838200379163,0.0022716939565725625
958,0,16,0.1877937350072898,0.0024923940072767437,346079.931531752,346080.116833093,346079.931635052,346079.946697715,346080.114723098,346080.114731598,0.18530134100001305,0.015062662947457284,0.16802538302727044,0.0021014949888922274
959,2,16,0.22320934699382633,0.002452293992973864,346080.219632238,346080.440389291,346080.219733238,346080.234687901,346080.438147997,346080.438156097,0.22075705300085247,0.014954662998206913,0.2034600960323587,0.0022331939544528723
960,2,16,0.20314079703530297,0.0025218940572813153,346080.543186536,346080.743805439,346080.543300236,346080.558263299,346080.741661944,346080.741670444,0.20061890297802165,0.014963063003960997,0.1833986450219527,0.0021349949529394507
961,0,16,0.18756693502655253,0.0025472930283285677,346080.846576984,346081.031596626,346080.846679684,346080.861606547,346081.029449831,346081.029458131,0.18501964199822396,0.014926863019354641,0.16784328396897763,0.0021384949795901775
962,0,16,0.2154826660407707,0.0025473940768279135,346081.134518771,346081.347454043,346081.13462167,346081.150337431,346081.345193849,346081.345202049,0.2129352719639428,0.015715760993771255,0.19485641800565645,0.002251993981190026
963,0,16,0.1881051340023987,0.0024792940239422023,346081.450287088,346081.635912928,346081.450389588,346081.465922049,346081.633689833,346081.633698333,0.1856258399784565,0.015532460995018482,0.16776778397616,0.002214594976976514
964,0,16,0.2213090509758331,0.0024516929988749325,346081.738680373,346081.957537731,346081.738783073,346081.790510545,346081.955300236,346081.955308736,0.21885735797695816,0.05172747204778716,0.16478969098534435,0.0022289949702098966
965,0,16,0.1890461309812963,0.0024988939985632896,346082.060344376,346082.246891613,346082.060448475,346082.075770037,346082.244847218,346082.244855518,0.186547236982733,0.015321562008466572,0.16907718096626922,0.0020360950147733092
966,0,16,0.18642233801074326,0.002518793975468725,346082.349719958,346082.533623502,346082.349824958,346082.364836921,346082.531552007,346082.531560507,0.18390354403527454,0.015011962968856096,0.16671508603030816,0.0020629949867725372
967,0,16,0.18803763401228935,0.002454594010487199,346082.636380948,346082.821963988,346082.636484647,346082.65163591,346082.819845093,346082.819853593,0.18558304000180215,0.015151262981817126,0.16820918302983046,0.0021103949984535575
968,0,16,0.18738563504302874,0.00251229404238984,346082.924764633,346083.109637974,346082.924867832,346082.939827795,346083.10755698,346083.10756518,0.1848733410006389,0.014959963038563728,0.16772918496280909,0.002072794013656676
969,4,16,0.23259582399623469,0.0024889950291253626,346083.21240432,346083.442511149,346083.212505019,346083.227627782,346083.440152955,346083.440161055,0.23010682896710932,0.015122762997634709,0.21252517303219065,0.0023500939714722335
970,0,16,0.19312632200308144,0.0025907939998432994,346083.545451794,346083.735987322,346083.545559794,346083.560897256,346083.733840127,346083.733848227,0.19053552800323814,0.015337462013121694,0.1729428709950298,0.0021390949841588736
971,0,16,0.18826763302786276,0.0025039930478669703,346083.838738267,346084.024501907,346083.838845367,346083.854332628,346084.022389712,346084.022398112,0.1857636399799958,0.015487261000089347,0.1680570839671418,0.002103795006405562
972,0,16,0.18562354001915082,0.0024745940463617444,346084.127290452,346084.310439398,346084.127393852,346084.142422314,346084.308331103,346084.308339603,0.18314894597278908,0.01502846198854968,0.16590878902934492,0.0020997949759475887
973,1,16,0.19641161302570254,0.002480094030033797,346084.413188243,346084.607119762,346084.413292943,346084.429082904,346084.604957168,346084.604965368,0.19393151899566874,0.015789961034897715,0.17587426397949457,0.0021543939947150648
974,0,16,0.20262899703811854,0.002514493011403829,346084.709958608,346084.910073112,346084.710105007,346084.725349469,346084.907755217,346084.907763417,0.2001145040267147,0.015244462003465742,0.18240574799710885,0.0023096950026229024
975,0,16,0.1838999439496547,0.0024298939388245344,346085.012756557,346085.194226607,346085.012855857,346085.02764542,346085.192107613,346085.192115812,0.18147005001083016,0.014789562963414937,0.16446219303179532,0.002110795001499355
976,0,16,0.18525764101650566,0.0025197939830832183,346085.297005653,346085.4797435,346085.297114652,346085.312159615,346085.477682205,346085.477690205,0.18273784703342244,0.015044962987303734,0.16552258998854086,0.0020532950293272734
977,0,16,0.18617793801240623,0.0024571940302848816,346085.582530245,346085.766250989,346085.582630645,346085.597313708,346085.764218095,346085.764226294,0.18372074398212135,0.014683062967378646,0.16690438700607046,0.0020246949861757457
978,0,16,0.19527161598671228,0.0024949939688667655,346085.869013935,346086.061790557,346085.869117335,346085.885497794,346086.059603462,346086.059612162,0.1927766220178455,0.016380459011998028,0.17410566797479987,0.0021783949923701584
979,0,16,0.18666293699061498,0.0024882930447347462,346086.164611402,346086.348786046,346086.164726302,346086.180735462,346086.346735051,346086.346743451,0.18417464394588023,0.0160091599682346,0.16599958902224898,0.0020425949478521943
980,0,16,0.19325262098573148,0.002481893985532224,346086.451586691,346086.642357418,346086.451688091,346086.466986953,346086.640254223,346086.640262423,0.19077072700019926,0.015298862010240555,0.17326727003091946,0.0020949949976056814
981,0,16,0.22846913401735947,0.002449094026815146,346086.745164263,346086.971184303,346086.745267163,346086.778211681,346086.968974109,346086.968982609,0.22602003999054432,0.032944518025033176,0.19076242798473686,0.0022016940056346357
982,0,16,0.18637043802300468,0.0025069930125027895,346087.073956248,346087.257819693,346087.074062348,346087.091519505,346087.255696098,346087.255704398,0.1838634450105019,0.01745715702418238,0.1641765929525718,0.002115295035764575
983,0,16,0.18573723995359614,0.0024346939753741026,346087.360573038,346087.543875584,346087.360674338,346087.376925898,346087.541728889,346087.541736989,0.18330254597822204,0.016251560009550303,0.1648029909702018,0.002138594980351627
984,0,16,0.18601133895572275,0.0025421929894946516,346087.646628129,346087.830097275,346087.646730829,346087.662040391,346087.82797748,346087.82798588,0.1834691459662281,0.015309562033507973,0.16593708901200444,0.00211139494786039
985,0,16,0.1861511379829608,0.0024799929815344512,346087.93296272,346088.116633865,346087.933067719,346087.948337182,346088.11443447,346088.11444297,0.18367114500142634,0.015269463008735329,0.16609728801995516,0.0021908949711360037
986,0,16,0.18637603800743818,0.0024559939629398286,346088.21931111,346088.403231154,346088.21941451,346088.234745572,346088.40108046,346088.40108886,0.18392004404449835,0.015331061964388937,0.1663348880247213,0.002142294018995017
987,0,16,0.1846728419768624,0.0025339939747937024,346088.505999,346088.688137848,346088.506102699,346088.521088662,346088.686033354,346088.686041353,0.1821388480020687,0.014985963003709912,0.1649446920491755,0.0020964950090274215
988,0,16,0.18736963503761217,0.0025172930327244103,346088.790908294,346088.975760636,346088.791011993,346088.806100456,346088.973714141,346088.973722441,0.18485234200488776,0.01508846296928823,0.16761368501465768,0.0020381949725560844
989,0,16,0.19797440897673368,0.002487292978912592,346089.078524781,346089.274011897,346089.078628281,346089.09486134,346089.271859702,346089.271868102,0.1954871159978211,0.016233058995567262,0.17699836200335994,0.0021437949617393315
990,0,16,0.185150540957693,0.002521793998312205,346089.376834642,346089.559463389,346089.376941041,346089.392313903,346089.557328594,346089.557336994,0.1826287469593808,0.015372862049844116,0.16501469095237553,0.0021263950038701296
991,0,16,0.1850346410064958,0.00258549302816391,346089.662335434,346089.844784582,346089.662437134,346089.677525596,346089.842660887,346089.842669587,0.1824491479783319,0.015088461979757994,0.16513529099756852,0.002114994975272566
992,0,16,0.18434254301246256,0.002522493014112115,346089.947722626,346090.129542676,346089.947825226,346089.962872489,346090.127449681,346090.127458081,0.18182004999835044,0.015047263004817069,0.16457719198660925,0.0020845949766226113
993,2,16,0.21384926902828738,0.0024682930088602006,346090.232290621,346090.443671597,346090.232394421,346090.247993982,346090.441496802,346090.441505002,0.21138097601942718,0.015599560982082039,0.19350282003870234,0.0021665950189344585
994,0,16,0.1978665089700371,0.0025136939366348088,346090.546462942,346090.741815757,346090.546565142,346090.562334502,346090.739596863,346090.739605763,0.1953528150334023,0.015769360004924238,0.17726236098678783,0.0022099940106272697
995,0,16,0.1880443340050988,0.002545394003391266,346090.844728302,346091.030227242,346090.844831002,346090.860222164,346091.028082948,346091.028091248,0.18549894000170752,0.015391162014566362,0.16786078398581594,0.0021359939710237086
996,2,16,0.21043587801977992,0.0025123940431512892,346091.132942588,346091.340866072,346091.133048387,346091.14833245,346091.338592578,346091.338600978,0.20792348397662863,0.01528406300349161,0.19026012800168246,0.002265093964524567
997,0,16,0.18509254098171368,0.002465492987539619,346091.443638717,346091.626265765,346091.443762417,346091.45876448,346091.62418497,346091.62419367,0.18262704799417406,0.015002063009887934,0.16542048996780068,0.002072094997856766
998,0,16,0.1862618379527703,0.002439193951431662,346091.72901771,346091.912840354,346091.72912341,346091.744205272,346091.910691159,346091.910699059,0.18382264400133863,0.015081861987709999,0.16648588702082634,0.002141295000910759
999,0,16,0.1928338220459409,0.0024485940812155604,346092.015588699,346092.205973927,346092.015694299,346092.031209761,346092.203833033,346092.203841133,0.19038522796472535,0.015515461971517652,0.17262327199568972,0.0021327940048649907
1000,0,16,0.18650663801236078,0.002464595017954707,346092.308760773,346092.492802816,346092.308864872,346092.324312334,346092.490720521,346092.490729021,0.18404204299440607,0.015447462035808712,0.16640818701125681,0.002073794952593744
