request_id,num_generated_notes,generation_start_tick,round_trip_time,total_network_latency,server_request_arrival_time,server_response_output_time,server_preprocess_start_time,server_inference_start_time,server_inference_end_time,server_postprocess_start_time,server_processing_duration,preprocess_duration,inference_duration,postprocess_duration,generation_length_frames,prompt_length_ticks,experiment_name,experiment_duration,generation_length,experiment_source,experiment_type
1,0,400,0.1817281270050443,0.1476416279911063,646341.794941144,646341.829027643,646341.795106236,646341.79668863,646341.826580836,646341.826588546,0.034086499013938,0.0015823940047994,0.0298922059591859,0.0024390969192609,1,384,andrew_latency_test_GL1_PL384,57.46229362487793,1,andrew_latency_test,bulk_benchmark
2,0,400,0.5544718680030201,0.1574797289504204,646342.084262955,646342.481255094,646342.084399268,646342.085821869,646342.480796138,646342.480804128,0.3969921390525996,0.0014226009370759,0.394974269089289,0.0004509660648182,1,384,andrew_latency_test_GL1_PL384,57.46229362487793,1,andrew_latency_test,bulk_benchmark
3,0,400,0.1801149300008546,0.1481224919843953,646342.731519041,646342.763511479,646342.731657514,646342.733191347,646342.763201974,646342.763209524,0.0319924380164593,0.0015338329831138,0.0300106270005926,0.0003019550349563,1,384,andrew_latency_test_GL1_PL384,57.46229362487793,1,andrew_latency_test,bulk_benchmark
4,0,400,0.1813629280077293,0.1493625399889424,646343.014736719,646343.046737107,646343.014873171,646343.016582267,646343.046448433,646343.046455993,0.0320003880187869,0.0017090960172936,0.029866165947169,0.0002811140147969,1,384,andrew_latency_test_GL1_PL384,57.46229362487793,1,andrew_latency_test,bulk_benchmark
5,0,400,0.1860217210196424,0.1542294370301533,646343.298021719,646343.329814003,646343.298153572,646343.299601654,646343.329505439,646343.329512879,0.031792283989489,0.0014480820391327,0.0299037849763408,0.0003011239459738,1,384,andrew_latency_test_GL1_PL384,57.46229362487793,1,andrew_latency_test,bulk_benchmark
6,0,400,0.1840990240161772,0.1514856980356853,646343.582924774,646343.6155381,646343.583104576,646343.584722061,646343.615086734,646343.615093943,0.0326133259804919,0.0016174849588423,0.030364673002623,0.0004441570490598,1,384,andrew_latency_test_GL1_PL384,57.46229362487793,1,andrew_latency_test,bulk_benchmark
7,0,400,0.1815385280060582,0.1496679029078222,646343.866354066,646343.898224691,646343.866490278,646343.867990481,646343.897926897,646343.897933977,0.0318706250982359,0.0015002029249444,0.0299364160746336,0.000290714087896,1,384,andrew_latency_test_GL1_PL384,57.46229362487793,1,andrew_latency_test,bulk_benchmark
8,0,400,0.1821631269995123,0.1497777439653873,646344.148729131,646344.181114514,646344.148862513,646344.150341256,646344.180743958,646344.180751048,0.0323853830341249,0.0014787430409342,0.0304027019301429,0.0003634659806266,1,384,andrew_latency_test_GL1_PL384,57.46229362487793,1,andrew_latency_test,bulk_benchmark
9,0,400,0.1817662270041182,0.1498489109799266,646344.430736991,646344.462654307,646344.430869633,646344.432352156,646344.462357713,646344.462365213,0.0319173160241916,0.0014825230464339,0.0300055569969117,0.0002890940522775,1,384,andrew_latency_test_GL1_PL384,57.46229362487793,1,andrew_latency_test,bulk_benchmark
10,3,400,0.1933027100167237,0.1498613890144042,646344.713700906,646344.757142227,646344.713862138,646344.715739078,646344.756792031,646344.756799051,0.0434413210023194,0.0018769400194287,0.0410529529908672,0.0003431760706007,1,384,andrew_latency_test_GL1_PL384,57.46229362487793,1,andrew_latency_test,bulk_benchmark
11,0,400,0.1798749300069175,0.1480211449670605,646345.005538226,646345.037392011,646345.005668668,646345.007176291,646345.037069285,646345.037076605,0.031853785039857,0.001507623004727,0.0298929940909147,0.0003154060104861,1,384,andrew_latency_test_GL1_PL384,57.46229362487793,1,andrew_latency_test,bulk_benchmark
12,0,400,0.1796688300091773,0.1478321650065481,646345.285746168,646345.317582833,646345.28587371,646345.287365193,646345.317218868,646345.317225898,0.0318366650026291,0.0014914830680936,0.029853674932383,0.0003569349646568,1,384,andrew_latency_test_GL1_PL384,57.46229362487793,1,andrew_latency_test,bulk_benchmark
13,0,400,0.1805947300163097,0.1488393459585495,646345.567457414,646345.599212798,646345.567583406,646345.569021698,646345.598862632,646345.598869622,0.0317553840577602,0.0014382919762283,0.0298409339739009,0.0003431760706007,1,384,andrew_latency_test_GL1_PL384,57.46229362487793,1,andrew_latency_test,bulk_benchmark
14,0,400,0.1810711279977113,0.1492966150399297,646345.848607231,646345.880381744,646345.848739713,646345.850258936,646345.88006415,646345.88007139,0.0317745129577815,0.0015192230930551,0.0298052139114588,0.0003103540511801,1,384,andrew_latency_test_GL1_PL384,57.46229362487793,1,andrew_latency_test,bulk_benchmark
15,0,400,0.1801748290017713,0.1483508430246729,646346.129359091,646346.161183077,646346.129498734,646346.130952716,646346.160828611,646346.160835721,0.0318239859770983,0.0014539819676429,0.0298758950084447,0.0003473560791462,1,384,andrew_latency_test_GL1_PL384,57.46229362487793,1,andrew_latency_test,bulk_benchmark
16,0,400,0.1795576299773529,0.1477220349479466,646346.409049387,646346.440884982,646346.409180719,646346.410677311,646346.440548826,646346.440556006,0.0318355950294062,0.001496591954492,0.0298715149983763,0.0003289759624749,1,384,andrew_latency_test_GL1_PL384,57.46229362487793,1,andrew_latency_test,bulk_benchmark
17,0,400,0.1848170229932293,0.1530664989259094,646346.694235883,646346.725986407,646346.694363906,646346.695786107,646346.725663033,646346.725670403,0.0317505240673199,0.0014222009340301,0.0298769259825348,0.0003160040359944,1,384,andrew_latency_test_GL1_PL384,57.46229362487793,1,andrew_latency_test,bulk_benchmark
18,0,400,0.1806790289992932,0.1485298810584936,646346.975682878,646347.007832026,646346.97582048,646346.977426254,646347.007495982,646347.007505002,0.0321491479407995,0.0016057739267125,0.0300697280326858,0.0003270240267738,1,384,andrew_latency_test_GL1_PL384,57.46229362487793,1,andrew_latency_test,bulk_benchmark
19,0,400,0.1849001229857094,0.1531457999371923,646347.25984637,646347.291600693,646347.259978612,646347.261453865,646347.291287089,646347.291294159,0.0317543230485171,0.0014752530260011,0.029833224019967,0.0003065339988097,1,384,andrew_latency_test_GL1_PL384,57.46229362487793,1,andrew_latency_test,bulk_benchmark
20,0,400,0.1869156199973076,0.1545451569836586,646347.548109455,646347.580479918,646347.548284837,646347.549838252,646347.580066961,646347.580076173,0.0323704630136489,0.0015534149715676,0.0302287089871242,0.0004037450999021,1,384,andrew_latency_test_GL1_PL384,57.46229362487793,1,andrew_latency_test,bulk_benchmark
21,0,400,0.1957913060032297,0.1636024860490579,646347.845041733,646347.877230553,646347.845182035,646347.846913562,646347.876893648,646347.876901277,0.0321888199541717,0.0017315270379185,0.0299800859065726,0.0003292759647592,1,384,andrew_latency_test_GL1_PL384,57.46229362487793,1,andrew_latency_test,bulk_benchmark
22,0,400,0.182379226986086,0.1505522140942048,646348.126330523,646348.158157536,646348.126461585,646348.127876056,646348.157773231,646348.157780491,0.0318270128918811,0.0014144709566608,0.0298971750307828,0.0003770448965951,1,384,andrew_latency_test_GL1_PL384,57.46229362487793,1,andrew_latency_test,bulk_benchmark
23,0,400,0.1839809239900205,0.1521424589736852,646348.412100379,646348.443938844,646348.412228991,646348.413661553,646348.443605789,646348.443612779,0.0318384650163352,0.0014325618976727,0.0299442360410466,0.0003260649973526,1,384,andrew_latency_test_GL1_PL384,57.46229362487793,1,andrew_latency_test,bulk_benchmark
24,0,400,0.1816081279830541,0.1498479050060268,646348.693308828,646348.725069051,646348.69343362,646348.694854461,646348.724714315,646348.724721066,0.0317602229770273,0.0014208409702405,0.0298598540248349,0.00034798507113,1,384,andrew_latency_test_GL1_PL384,57.46229362487793,1,andrew_latency_test,bulk_benchmark
25,0,400,0.2141745789849665,0.1816919740231242,646348.976101569,646349.008584174,646348.976238321,646348.977745194,646349.008140117,646349.008147557,0.0324826049618423,0.0015068729408085,0.0303949230583384,0.0004366169450804,1,384,andrew_latency_test_GL1_PL384,57.46229362487793,1,andrew_latency_test,bulk_benchmark
26,0,400,0.1806331289990339,0.1484119089145679,646349.289796572,646349.322017792,646349.289980675,646349.291510999,646349.321580655,646349.321588106,0.032221220084466,0.0015303239924833,0.0300696560880169,0.0004296860424801,1,384,andrew_latency_test_GL1_PL384,57.46229362487793,1,andrew_latency_test,bulk_benchmark
27,0,400,0.1839186240104027,0.1521440110518597,646349.572794058,646349.604568671,646349.572917849,646349.574376492,646349.604249966,646349.604257196,0.031774612958543,0.0014586430042982,0.029873474035412,0.000311475014314,1,384,andrew_latency_test_GL1_PL384,57.46229362487793,1,andrew_latency_test,bulk_benchmark
28,0,400,0.1818073269969318,0.1499737219710368,646349.856475952,646349.888309557,646349.856617844,646349.858187238,646349.887985912,646349.887993103,0.0318336050258949,0.0015693940222263,0.0297986740479245,0.0003164539812132,1,384,andrew_latency_test_GL1_PL384,57.46229362487793,1,andrew_latency_test,bulk_benchmark
29,0,400,0.1814890269888565,0.1489378520054742,646350.138904,646350.171455175,646350.139067492,646350.140555985,646350.171054129,646350.17106168,0.0325511749833822,0.0014884930569678,0.0304981439840048,0.0003934950800612,1,384,andrew_latency_test_GL1_PL384,57.46229362487793,1,andrew_latency_test,bulk_benchmark
30,0,400,0.1798854299995582,0.1479837450606282,646350.419378697,646350.451280382,646350.419508639,646350.42091986,646350.450885227,646350.450892617,0.0319016849389299,0.0014112209901213,0.0299653669353574,0.0003877650015056,1,384,andrew_latency_test_GL1_PL384,57.46229362487793,1,andrew_latency_test,bulk_benchmark
31,0,400,0.1799771299993153,0.1477044779749121,646350.699452956,646350.731725608,646350.699585889,646350.701166373,646350.731318612,646350.731326252,0.0322726520244032,0.0015804839786142,0.0301522390218451,0.0003993560094386,1,384,andrew_latency_test_GL1_PL384,57.46229362487793,1,andrew_latency_test,bulk_benchmark
32,0,400,0.1835873239906504,0.1512107810704037,646350.982720967,646351.01509751,646350.982859019,646350.984410123,646351.014656273,646351.014663213,0.0323765429202467,0.0015511040110141,0.0302461499813944,0.0004342969041317,1,384,andrew_latency_test_GL1_PL384,57.46229362487793,1,andrew_latency_test,bulk_benchmark
33,0,400,0.1824693259841296,0.1504301278910134,646351.266491324,646351.298530522,646351.266625946,646351.268076488,646351.298135775,646351.298143535,0.0320391980931162,0.0014505420112982,0.0300592869753018,0.0003869869979098,1,384,andrew_latency_test_GL1_PL384,57.46229362487793,1,andrew_latency_test,bulk_benchmark
34,0,400,0.1810922280128579,0.1493241049756761,646351.549611782,646351.581379905,646351.549748044,646351.551233086,646351.58106217,646351.58106956,0.0317681230371817,0.0014850420411676,0.0298290839418768,0.000310344970785,1,384,andrew_latency_test_GL1_PL384,57.46229362487793,1,andrew_latency_test,bulk_benchmark
35,0,400,0.1821234269882552,0.1503453229670412,646351.83090375,646351.862681854,646351.831061823,646351.832471085,646351.862321869,646351.862329219,0.0317781040212139,0.0014092620695009,0.029850783990696,0.0003526350483298,1,384,andrew_latency_test_GL1_PL384,57.46229362487793,1,andrew_latency_test,bulk_benchmark
36,0,400,0.1811782289878465,0.1489391079521738,646352.112683106,646352.144922227,646352.112815258,646352.114311851,646352.144564102,646352.144571442,0.0322391210356727,0.0014965930022299,0.0302522510755807,0.0003507849760353,1,384,andrew_latency_test_GL1_PL384,57.46229362487793,1,andrew_latency_test,bulk_benchmark
37,0,400,0.1810556289856322,0.1491518839611672,646352.393563901,646352.425467646,646352.393700183,646352.395228895,646352.42512161,646352.4251287,0.031903745024465,0.0015287119895219,0.0298927150433883,0.0003389460034668,1,384,andrew_latency_test_GL1_PL384,57.46229362487793,1,andrew_latency_test,bulk_benchmark
38,0,400,0.1817474270064849,0.1497304609802086,646352.676063369,646352.708080335,646352.67619124,646352.677624092,646352.707670009,646352.70767734,0.0320169660262763,0.0014328520046547,0.0300459170248359,0.0004029950359836,1,384,andrew_latency_test_GL1_PL384,57.46229362487793,1,andrew_latency_test,bulk_benchmark
39,0,400,0.1870020199858117,0.1551391448883805,646352.964817541,646352.996680416,646352.964959242,646352.966476546,646352.99633851,646352.996346091,0.0318628750974312,0.0015173039864748,0.0298619639361277,0.0003343250136822,1,384,andrew_latency_test_GL1_PL384,57.46229362487793,1,andrew_latency_test,bulk_benchmark
40,0,400,0.1795067310158629,0.1472817000758368,646353.244184741,646353.276409772,646353.244329523,646353.246022928,646353.276089576,646353.276096906,0.032225030940026,0.0016934050945565,0.0300666479161009,0.0003128659445792,1,384,andrew_latency_test_GL1_PL384,57.46229362487793,1,andrew_latency_test,bulk_benchmark
41,0,400,0.1817114279838279,0.1498281519161537,646353.526541346,646353.558424622,646353.526677839,646353.528222191,646353.558097427,646353.558104447,0.0318832760676741,0.0015443520387634,0.0298752359813079,0.0003201750805601,1,384,andrew_latency_test_GL1_PL384,57.46229362487793,1,andrew_latency_test,bulk_benchmark
42,0,400,0.1799366299819667,0.1482658579770941,646353.807115775,646353.838786547,646353.807245447,646353.808667988,646353.838465822,646353.838472632,0.0316707720048725,0.0014225410996004,0.0297978339949622,0.0003139149630442,1,384,andrew_latency_test_GL1_PL384,57.46229362487793,1,andrew_latency_test,bulk_benchmark
43,0,400,0.1798087299976032,0.1481241270375903,646354.086690278,646354.118374881,646354.08681328,646354.088254542,646354.118067816,646354.118074945,0.0316846029600128,0.0014412619639188,0.0298132740426808,0.0002999359276145,1,384,andrew_latency_test_GL1_PL384,57.46229362487793,1,andrew_latency_test,bulk_benchmark
44,0,400,0.1805747290200088,0.1487136240175459,646354.367784575,646354.39964568,646354.367916317,646354.369365689,646354.399240363,646354.399248613,0.0318611050024628,0.0014493720373138,0.0298746740445494,0.0003970669349655,1,384,andrew_latency_test_GL1_PL384,57.46229362487793,1,andrew_latency_test,bulk_benchmark
45,0,400,0.1815634280210361,0.149532890995033,646354.650326733,646354.68235727,646354.650461024,646354.651901367,646354.681965734,646354.681972864,0.032030537026003,0.0014403429813683,0.0300643669907003,0.0003844060702249,1,384,andrew_latency_test_GL1_PL384,57.46229362487793,1,andrew_latency_test,bulk_benchmark
46,0,400,0.1819099279819056,0.1499267409089952,646354.931760944,646354.963744131,646354.931892786,646354.933348248,646354.963394036,646354.963401206,0.0319831870729103,0.0014554620720446,0.0300457880366593,0.0003429250791668,1,384,andrew_latency_test_GL1_PL384,57.46229362487793,1,andrew_latency_test,bulk_benchmark
47,0,400,0.1811487289960496,0.1494650169624947,646355.213722934,646355.245406646,646355.213851527,646355.215312808,646355.245105422,646355.245112682,0.0316837120335549,0.0014612810919061,0.0297926139319315,0.0002939640544354,1,384,andrew_latency_test_GL1_PL384,57.46229362487793,1,andrew_latency_test,bulk_benchmark
48,0,400,0.1944747089873999,0.1627285060239955,646355.508420188,646355.540166391,646355.508548699,646355.510030461,646355.539847486,646355.539854366,0.0317462029634043,0.0014817620394751,0.0298170249443501,0.0003120249602943,1,384,andrew_latency_test_GL1_PL384,57.46229362487793,1,andrew_latency_test,bulk_benchmark
49,0,400,0.1811405280022882,0.1494446140131913,646355.790611109,646355.822307023,646355.790737072,646355.792193344,646355.821991978,646355.822013378,0.0316959139890968,0.0014562719734385,0.0297986340010538,0.0002936449600383,1,384,andrew_latency_test_GL1_PL384,57.46229362487793,1,andrew_latency_test,bulk_benchmark
50,0,400,0.1797861300001386,0.1480212380702141,646356.070978846,646356.102743738,646356.071137708,646356.072571599,646356.102408764,646356.102416064,0.0317648919299244,0.001433891011402,0.0298371649114415,0.0003276739735156,1,384,andrew_latency_test_GL1_PL384,57.46229362487793,1,andrew_latency_test,bulk_benchmark
51,0,400,0.1956918060022872,0.1637780909368302,646356.351499253,646356.383412968,646356.351635036,646356.353173359,646356.383088924,646356.383095884,0.0319137150654569,0.0015383230056613,0.0299155650427564,0.0003170840209349,1,384,andrew_latency_test_GL1_PL384,57.46229362487793,1,andrew_latency_test,bulk_benchmark
52,0,400,0.1817617280175909,0.1498341020196676,646356.649443276,646356.681370902,646356.649580578,646356.651140952,646356.681044907,646356.681052567,0.0319276259979233,0.0015603740466758,0.0299039549427106,0.0003183350199833,1,384,andrew_latency_test_GL1_PL384,57.46229362487793,1,andrew_latency_test,bulk_benchmark
53,0,400,0.1902073149976786,0.1584734819771256,646356.939482949,646356.971216782,646356.9396076,646356.941020652,646356.970878437,646356.970885706,0.0317338330205529,0.001413051970303,0.0298577850917354,0.0003310759784653,1,384,andrew_latency_test_GL1_PL384,57.46229362487793,1,andrew_latency_test,bulk_benchmark
54,0,400,0.1814273280033376,0.1492750280012842,646357.221768313,646357.253920613,646357.221894204,646357.223368687,646357.253506596,646357.253513416,0.0321523000020533,0.0014744829386472,0.0301379089942201,0.0004071969306096,1,384,andrew_latency_test_GL1_PL384,57.46229362487793,1,andrew_latency_test,bulk_benchmark
55,0,400,0.1820313269854523,0.1499562590033747,646357.503482989,646357.535558057,646357.503615791,646357.505182435,646357.535198922,646357.535206562,0.0320750679820776,0.0015666440594941,0.0300164869986474,0.0003514949930831,1,384,andrew_latency_test_GL1_PL384,57.46229362487793,1,andrew_latency_test,bulk_benchmark
56,0,400,0.1817450280068442,0.1499282029690221,646357.786425243,646357.818242068,646357.786558845,646357.788025497,646357.817871031,646357.817878252,0.0318168250378221,0.0014666520291939,0.0298455340089276,0.0003638160414993,1,384,andrew_latency_test_GL1_PL384,57.46229362487793,1,andrew_latency_test,bulk_benchmark
57,0,400,0.1815546280122362,0.1498723350814543,646358.069303747,646358.10098604,646358.069438429,646358.070870351,646358.100681594,646358.100688934,0.0316822929307818,0.0014319220790639,0.0298112429445609,0.0002971059875562,1,384,andrew_latency_test_GL1_PL384,57.46229362487793,1,andrew_latency_test,bulk_benchmark
58,0,400,0.1836979250074364,0.1517971390276216,646358.352750789,646358.384651575,646358.352887332,646358.354378104,646358.384290279,646358.384297389,0.0319007859798148,0.0014907720033079,0.0299121750285848,0.0003541860496625,1,384,andrew_latency_test_GL1_PL384,57.46229362487793,1,andrew_latency_test,bulk_benchmark
59,0,400,0.1805398289870936,0.148754564957926,646358.633754094,646358.665539358,646358.633886286,646358.635378519,646358.665221933,646358.665229104,0.0317852640291675,0.0014922328991815,0.0298434140859171,0.0003102540504187,1,384,andrew_latency_test_GL1_PL384,57.46229362487793,1,andrew_latency_test,bulk_benchmark
60,0,400,0.181972227001097,0.1502717849216424,646358.915853316,646358.947553758,646358.915979348,646358.91742058,646358.947249053,646358.947255904,0.0317004420794546,0.001441232045181,0.0298284729942679,0.0002978540724143,1,384,andrew_latency_test_GL1_PL384,57.46229362487793,1,andrew_latency_test,bulk_benchmark
61,0,400,0.181872827000916,0.150127264088951,646359.198823841,646359.230569404,646359.198948382,646359.200389324,646359.230244309,646359.230251649,0.0317455629119649,0.0014409419381991,0.0298549849539995,0.0003177549224346,1,384,andrew_latency_test_GL1_PL384,57.46229362487793,1,andrew_latency_test,bulk_benchmark
62,0,400,0.1820044269843492,0.1501206819957588,646359.480269202,646359.512152947,646359.480406115,646359.481862866,646359.511829412,646359.511836633,0.0318837449885904,0.0014567510224878,0.0299665459897369,0.0003163140499964,1,384,andrew_latency_test_GL1_PL384,57.46229362487793,1,andrew_latency_test,bulk_benchmark
63,0,400,0.1810756280028727,0.1491750119894277,646359.763089185,646359.794989801,646359.763228827,646359.76474243,646359.794636515,646359.794643995,0.0319006160134449,0.0015136029105633,0.0298940850188955,0.0003458060091361,1,384,andrew_latency_test_GL1_PL384,57.46229362487793,1,andrew_latency_test,bulk_benchmark
64,0,400,0.1818295280099846,0.1500636840355582,646360.046154351,646360.077920195,646360.046288924,646360.047723286,646360.07758431,646360.07759161,0.0317658439744263,0.0014343620277941,0.0298610239988192,0.0003285849234089,1,384,andrew_latency_test_GL1_PL384,57.46229362487793,1,andrew_latency_test,bulk_benchmark
65,0,400,0.1819193269766401,0.1500786730030086,646360.327585964,646360.359426618,646360.327715975,646360.329198338,646360.359095643,646360.359103424,0.0318406539736315,0.0014823629753664,0.0298973050666973,0.0003231939626857,1,384,andrew_latency_test_GL1_PL384,57.46229362487793,1,andrew_latency_test,bulk_benchmark
66,0,400,0.1889807170082349,0.157112412067363,646360.616188424,646360.648056729,646360.616324736,646360.617772898,646360.647690874,646360.647697854,0.0318683049408718,0.0014481620164588,0.0299179758876562,0.000358875025995,1,384,andrew_latency_test_GL1_PL384,57.46229362487793,1,andrew_latency_test,bulk_benchmark
67,0,400,0.1894962159858551,0.1576044308894779,646360.905318833,646360.937210618,646360.905447234,646360.906897807,646360.936868803,646360.936875773,0.0318917850963771,0.0014505729777738,0.0299709959654137,0.0003348450409248,1,384,andrew_latency_test_GL1_PL384,57.46229362487793,1,andrew_latency_test,bulk_benchmark
68,0,400,0.1835956250142771,0.1518527720181737,646361.190765615,646361.222508468,646361.190892197,646361.192348008,646361.222165733,646361.222172503,0.0317428529961034,0.0014558110851794,0.0298177249496802,0.0003359649563208,1,384,andrew_latency_test_GL1_PL384,57.46229362487793,1,andrew_latency_test,bulk_benchmark
69,0,400,0.1933444100141059,0.1615514559380244,646361.481830803,646361.513623757,646361.482028726,646361.483448318,646361.513308283,646361.513315463,0.0317929540760815,0.0014195919502526,0.0298599650850519,0.0003082940820604,1,384,andrew_latency_test_GL1_PL384,57.46229362487793,1,andrew_latency_test,bulk_benchmark
70,0,400,0.180835728009697,0.1490416640299372,646361.766593916,646361.79838798,646361.766727738,646361.768195629,646361.798071354,646361.798078844,0.0317940639797598,0.0014678910374641,0.0298757250420749,0.0003091359976679,1,384,andrew_latency_test_GL1_PL384,57.46229362487793,1,andrew_latency_test,bulk_benchmark
71,0,400,0.183773924014531,0.1519932000664994,646362.046719347,646362.078500071,646362.046850819,646362.048300391,646362.078176685,646362.078184185,0.0317807239480316,0.0014495719224214,0.029876294080168,0.000315885990858,1,384,andrew_latency_test_GL1_PL384,57.46229362487793,1,andrew_latency_test,bulk_benchmark
72,0,400,0.1966118059935979,0.1649037150782533,646362.347187589,646362.37889568,646362.347329281,646362.348759242,646362.378596296,646362.378603086,0.0317080909153446,0.0014299609465524,0.0298370539676398,0.0002925939625129,1,384,andrew_latency_test_GL1_PL384,57.46229362487793,1,andrew_latency_test,bulk_benchmark
73,0,400,0.1961703060078434,0.1642866399488411,646362.644597712,646362.676481378,646362.644733835,646362.646257238,646362.676164683,646362.676171713,0.0318836660590022,0.0015234029851853,0.0299074449576437,0.0003096649888902,1,384,andrew_latency_test_GL1_PL384,57.46229362487793,1,andrew_latency_test,bulk_benchmark
74,0,400,0.1810460280103143,0.1494197980209719,646362.926957049,646362.958583279,646362.927107071,646362.928490481,646362.958287525,646362.958294865,0.0316262299893423,0.0013834099518135,0.0297970440005883,0.0002884140703827,1,384,andrew_latency_test_GL1_PL384,57.46229362487793,1,andrew_latency_test,bulk_benchmark
75,0,400,0.1856331210001371,0.1540309989941306,646363.210209147,646363.241811269,646363.210331419,646363.211729611,646363.241509394,646363.241516404,0.0316021220060065,0.0013981920201331,0.0297797829844057,0.0002948649926111,1,384,andrew_latency_test_GL1_PL384,57.46229362487793,1,andrew_latency_test,bulk_benchmark
76,0,400,0.186578920984175,0.1548236369271762,646363.497862823,646363.529618107,646363.498029525,646363.499493408,646363.529305332,646363.529312252,0.0317552840569987,0.0014638829743489,0.0298119239741936,0.0003058550646528,1,384,andrew_latency_test_GL1_PL384,57.46229362487793,1,andrew_latency_test,bulk_benchmark
77,0,400,0.1811174280010163,0.1494265260407701,646363.78155634,646363.813247242,646363.781690772,646363.783154004,646363.812916537,646363.812923667,0.0316909019602462,0.0014632319798693,0.0297625330276787,0.0003235749900341,1,384,andrew_latency_test_GL1_PL384,57.46229362487793,1,andrew_latency_test,bulk_benchmark
78,0,400,0.181314828019822,0.1490458960470277,646364.062783078,646364.09505201,646364.06291968,646364.064409273,646364.094704815,646364.094712744,0.0322689319727942,0.0014895929489284,0.0302955419756472,0.0003392660291865,1,384,andrew_latency_test_GL1_PL384,57.46229362487793,1,andrew_latency_test,bulk_benchmark
79,0,400,0.1823245259874966,0.1505270820052828,646364.345824275,646364.377621719,646364.345995397,646364.34744352,646364.377292243,646364.377299143,0.0317974439822137,0.0014481230173259,0.0298487229738384,0.0003225760301575,1,384,andrew_latency_test_GL1_PL384,57.46229362487793,1,andrew_latency_test,bulk_benchmark
80,0,400,0.1904144139843993,0.1583421159884892,646364.633617323,646364.665689621,646364.633754805,646364.635232778,646364.665284375,646364.665292944,0.03207229799591,0.0014779730699956,0.0300515969283878,0.0003966770600527,1,384,andrew_latency_test_GL1_PL384,57.46229362487793,1,andrew_latency_test,bulk_benchmark
81,0,400,0.1847102229949087,0.1525990249356255,646364.922681851,646364.954793049,646364.922814772,646364.924272465,646364.954398213,646364.954406083,0.0321111980592832,0.0014576930552721,0.0301257479004561,0.0003869660431519,1,384,andrew_latency_test_GL1_PL384,57.46229362487793,1,andrew_latency_test,bulk_benchmark
82,0,400,0.1808409290097188,0.1487156800867524,646365.202357904,646365.234483153,646365.202489336,646365.203933248,646365.234067228,646365.234074957,0.0321252489229664,0.0014439119258895,0.0301339800935238,0.0004081960069015,1,384,andrew_latency_test_GL1_PL384,57.46229362487793,1,andrew_latency_test,bulk_benchmark
83,0,400,0.2003806990105658,0.1686250070342794,646365.500624744,646365.532380436,646365.500748265,646365.502214557,646365.532041581,646365.532048971,0.0317556919762864,0.0014662920730188,0.0298270239727571,0.0003314649220556,1,384,andrew_latency_test_GL1_PL384,57.46229362487793,1,andrew_latency_test,bulk_benchmark
84,0,400,0.1824383260100148,0.1500056619406677,646365.786649214,646365.819081878,646365.786792426,646365.78836201,646365.818650732,646365.818657942,0.032432664069347,0.0015695840120315,0.0302887220168486,0.0004239360569044,1,384,andrew_latency_test_GL1_PL384,57.46229362487793,1,andrew_latency_test,bulk_benchmark
85,0,400,0.181653727981029,0.149833304079948,646366.069053041,646366.100873465,646366.069193023,646366.070686166,646366.10056406,646366.100570971,0.031820423901081,0.0014931429177522,0.0298778940923511,0.000302493921481,1,384,andrew_latency_test_GL1_PL384,57.46229362487793,1,andrew_latency_test,bulk_benchmark
86,0,400,0.1885164169943891,0.1567917649517767,646366.353501139,646366.385225791,646366.35363125,646366.355101153,646366.384910617,646366.384918217,0.0317246520426124,0.0014699030434712,0.0298094640020281,0.0003075740532949,1,384,andrew_latency_test_GL1_PL384,57.46229362487793,1,andrew_latency_test,bulk_benchmark
87,0,400,0.1850930220098234,0.1534488399629481,646366.644190201,646366.675834383,646366.644319833,646366.645733355,646366.675537359,646366.675544519,0.0316441820468753,0.0014135219389572,0.0298040040070191,0.000289864023216,1,384,andrew_latency_test_GL1_PL384,57.46229362487793,1,andrew_latency_test,bulk_benchmark
88,0,400,0.1881083179905545,0.1563093850563746,646366.931959499,646366.963758432,646366.932125851,646366.933593933,646366.963456628,646366.963463768,0.0317989329341799,0.0014680819585919,0.0298626950243487,0.0002946639433503,1,384,andrew_latency_test_GL1_PL384,57.46229362487793,1,andrew_latency_test,bulk_benchmark
89,0,400,0.1816633270063903,0.1495829670166131,646367.2141032,646367.24618356,646367.214229313,646367.215643115,646367.245775503,646367.245782463,0.0320803599897772,0.0014138020342215,0.0301323879975825,0.0004010970005765,1,384,andrew_latency_test_GL1_PL384,57.46229362487793,1,andrew_latency_test,bulk_benchmark
90,0,400,0.1838846240134444,0.1520683500857558,646367.498821823,646367.530638097,646367.498948835,646367.500384107,646367.530275431,646367.530282442,0.0318162739276886,0.0014352720463648,0.0298913239967077,0.0003556549781933,1,384,andrew_latency_test_GL1_PL384,57.46229362487793,1,andrew_latency_test,bulk_benchmark
91,0,400,0.1811461279867217,0.1492549710674211,646367.780779081,646367.812670238,646367.780913244,646367.782420517,646367.812321792,646367.812328882,0.0318911569193005,0.0015072729438543,0.0299012750620022,0.0003413559170439,1,384,andrew_latency_test_GL1_PL384,57.46229362487793,1,andrew_latency_test,bulk_benchmark
92,0,400,0.1797737299930304,0.1479774659965187,646368.061549364,646368.093345628,646368.061681986,646368.063224679,646368.092994212,646368.093017163,0.0317962639965117,0.0015426930040121,0.0297695330809801,0.0003284650156274,1,384,andrew_latency_test_GL1_PL384,57.46229362487793,1,andrew_latency_test,bulk_benchmark
93,0,400,0.1804464290034957,0.1486945760552771,646368.341595354,646368.373347207,646368.341724487,646368.343179578,646368.373028303,646368.373036103,0.0317518529482185,0.0014550909399986,0.0298487250693142,0.0003111039986833,1,384,andrew_latency_test_GL1_PL384,57.46229362487793,1,andrew_latency_test,bulk_benchmark
94,0,400,0.1817790269851684,0.1498451500665396,646368.623540253,646368.65547413,646368.623667045,646368.625107527,646368.655066143,646368.655073514,0.0319338769186288,0.0014404819812625,0.0299586160108447,0.0004006159724667,1,384,andrew_latency_test_GL1_PL384,57.46229362487793,1,andrew_latency_test,bulk_benchmark
95,0,400,0.1814054279820993,0.1497093649813905,646368.906547259,646368.938243322,646368.90667061,646368.908107193,646368.937894037,646368.937916506,0.0316960630007088,0.0014365829993039,0.0297868440393358,0.0003268159925937,1,384,andrew_latency_test_GL1_PL384,57.46229362487793,1,andrew_latency_test,bulk_benchmark
96,0,400,0.1806805300002452,0.1488721060741227,646369.186135653,646369.217944077,646369.186268605,646369.187671316,646369.217568592,646369.217575792,0.0318084239261224,0.0014027110300958,0.0298972760792821,0.0003682849928736,1,384,andrew_latency_test_GL1_PL384,57.46229362487793,1,andrew_latency_test,bulk_benchmark
97,0,400,0.180580228974577,0.1482646759250201,646369.4686592,646369.500974753,646369.468799922,646369.470418478,646369.500557286,646369.500564926,0.0323155530495569,0.0016185559798032,0.0301388079533353,0.0004098271019756,1,384,andrew_latency_test_GL1_PL384,57.46229362487793,1,andrew_latency_test,bulk_benchmark
98,0,400,0.1823414270184002,0.1503546999883838,646369.750602208,646369.782588935,646369.750732481,646369.752198222,646369.782189799,646369.782197449,0.0319867270300164,0.0014657409628853,0.0299915770301595,0.0003914859844371,1,384,andrew_latency_test_GL1_PL384,57.46229362487793,1,andrew_latency_test,bulk_benchmark
99,0,400,0.1816931279900018,0.149161811947124,646370.033199879,646370.065731195,646370.033337641,646370.034809374,646370.065274277,646370.065281427,0.0325313160428777,0.001471732975915,0.030464902985841,0.0004497680347412,1,384,andrew_latency_test_GL1_PL384,57.46229362487793,1,andrew_latency_test,bulk_benchmark
100,0,400,0.1813934280071407,0.1490407839883119,646370.315440772,646370.347793416,646370.315575604,646370.317070027,646370.347373229,646370.347379989,0.0323526440188288,0.001494423020631,0.0303032019874081,0.0004134270129725,1,384,andrew_latency_test_GL1_PL384,57.46229362487793,1,andrew_latency_test,bulk_benchmark
101,0,400,0.1802822299941908,0.1480407080089207,646370.595684085,646370.627925607,646370.595827478,646370.597301531,646370.627504881,646370.627512821,0.03224152198527,0.0014740530168637,0.03020335000474,0.0004127860302105,1,384,andrew_latency_test_GL1_PL384,57.46229362487793,1,andrew_latency_test,bulk_benchmark
102,0,400,0.1819769279973115,0.1493567709985654,646370.877977091,646370.910597248,646370.878140034,646370.879594576,646370.910187011,646370.910194611,0.0326201569987461,0.0014545419253408,0.0305924350395798,0.000402637058869,1,384,andrew_latency_test_GL1_PL384,57.46229362487793,1,andrew_latency_test,bulk_benchmark
103,0,400,0.1814132290019188,0.1496829761017579,646371.160846175,646371.192576428,646371.160982517,646371.162448609,646371.192248253,646371.192255662,0.0317302529001608,0.0014660920714959,0.029799644020386,0.0003207658883184,1,384,andrew_latency_test_GL1_PL384,57.46229362487793,1,andrew_latency_test,bulk_benchmark
104,0,400,0.1826693259936291,0.1508970029244665,646371.442829395,646371.474601718,646371.442957947,646371.444404169,646371.474289503,646371.474296473,0.0317723230691626,0.0014462219551205,0.0298853339627385,0.0003052450483664,1,384,andrew_latency_test_GL1_PL384,57.46229362487793,1,andrew_latency_test,bulk_benchmark
105,0,400,0.1806918290094472,0.1489107850356958,646371.724780174,646371.756561218,646371.724910036,646371.726391748,646371.756217832,646371.756224942,0.0317810439737513,0.0014817119808867,0.0298260840354487,0.0003362759016454,1,384,andrew_latency_test_GL1_PL384,57.46229362487793,1,andrew_latency_test,bulk_benchmark
106,0,400,0.1801941299927421,0.1485197789152152,646372.005530666,646372.037205017,646372.005665058,646372.00711155,646372.036883172,646372.036890442,0.0316743510775268,0.0014464919222518,0.029771622037515,0.0003145750379189,1,384,andrew_latency_test_GL1_PL384,57.46229362487793,1,andrew_latency_test,bulk_benchmark
107,0,400,0.1812726280186325,0.1494044220307842,646372.287269131,646372.319137337,646372.287404523,646372.288871776,646372.318792351,646372.318799561,0.0318682059878483,0.0014672529650852,0.0299205750925466,0.0003377760294824,1,384,andrew_latency_test_GL1_PL384,57.46229362487793,1,andrew_latency_test,bulk_benchmark
108,0,400,0.1801237300096545,0.1480921230104286,646372.568177685,646372.600209292,646372.568317487,646372.56985075,646372.599833547,646372.599840876,0.0320316069992259,0.0015332630136981,0.0299827969865873,0.000368416076526,1,384,andrew_latency_test_GL1_PL384,57.46229362487793,1,andrew_latency_test,bulk_benchmark
109,0,400,0.1821239269920624,0.1502240619738586,646372.850362228,646372.882262093,646372.85050051,646372.851988483,646372.881886227,646372.881893927,0.0318998650182038,0.0014879730297252,0.0298977440688759,0.0003681660164147,1,384,andrew_latency_test_GL1_PL384,57.46229362487793,1,andrew_latency_test,bulk_benchmark
110,0,400,0.1815690279763657,0.1497765929962042,646373.132038473,646373.163830908,646373.132166086,646373.133586457,646373.163498052,646373.163505452,0.0317924349801614,0.0014203710015863,0.0299115950474515,0.0003254560288041,1,384,andrew_latency_test_GL1_PL384,57.46229362487793,1,andrew_latency_test,bulk_benchmark
111,0,400,0.1850820229738019,0.1519308969727717,646373.414716602,646373.447867728,646373.414915105,646373.416699453,646373.44738193,646373.44739166,0.0331511260010302,0.0017843480454757,0.0306824769359082,0.0004760680021718,1,384,andrew_latency_test_GL1_PL384,57.46229362487793,1,andrew_latency_test,bulk_benchmark
112,0,400,0.1827298270072788,0.1508755930699408,646373.700428931,646373.732283165,646373.700565883,646373.702113896,646373.7319398,646373.731946771,0.0318542339373379,0.0015480130678042,0.0298259039409458,0.0003363939467817,1,384,andrew_latency_test_GL1_PL384,57.46229362487793,1,andrew_latency_test,bulk_benchmark
113,0,400,0.1811077290039975,0.1493278050620574,646373.98308002,646374.014859944,646373.983215002,646373.984661864,646374.014546759,646374.014554069,0.03177992394194,0.0014468620065599,0.0298848949605599,0.0003058749716728,1,384,andrew_latency_test_GL1_PL384,57.46229362487793,1,andrew_latency_test,bulk_benchmark
114,0,400,0.1803507299919147,0.1486533279821742,646374.263286114,646374.294983516,646374.263417385,646374.264827387,646374.294685052,646374.294692312,0.0316974020097404,0.0014100020052865,0.0298576649511232,0.0002912039635702,1,384,andrew_latency_test_GL1_PL384,57.46229362487793,1,andrew_latency_test,bulk_benchmark
115,0,400,0.1814204289985355,0.1495039729343261,646374.545566098,646374.577482554,646374.54570604,646374.547216043,646374.577106788,646374.577114168,0.0319164560642093,0.0015100029995664,0.0298907450633123,0.000368386041373,1,384,andrew_latency_test_GL1_PL384,57.46229362487793,1,andrew_latency_test,bulk_benchmark
116,0,400,0.1796282310097012,0.1475689540675375,646374.825954554,646374.858013831,646374.826109256,646374.827536628,646374.857651616,646374.857658646,0.0320592769421637,0.0014273719862103,0.0301149879815056,0.0003551850095391,1,384,andrew_latency_test_GL1_PL384,57.46229362487793,1,andrew_latency_test,bulk_benchmark
117,0,400,0.1802078300097491,0.1485149180225562,646375.106416901,646375.138109813,646375.106562433,646375.107986925,646375.137784498,646375.137791428,0.0316929119871929,0.0014244921039789,0.0297975729918107,0.0003183849621564,1,384,andrew_latency_test_GL1_PL384,57.46229362487793,1,andrew_latency_test,bulk_benchmark
118,0,400,0.181514727009926,0.1497171429800801,646375.389396276,646375.42119386,646375.389530868,646375.39098392,646375.420847805,646375.420854845,0.0317975840298458,0.0014530519256368,0.0298638850217685,0.0003390150377526,1,384,andrew_latency_test_GL1_PL384,57.46229362487793,1,andrew_latency_test,bulk_benchmark
119,0,400,0.1957577060093172,0.164007333049085,646375.685597192,646375.717347565,646375.685736604,646375.687261037,646375.717046981,646375.717054371,0.0317503729602322,0.0015244329115375,0.0297859440324828,0.0002931939670816,1,384,andrew_latency_test_GL1_PL384,57.46229362487793,1,andrew_latency_test,bulk_benchmark
120,0,400,0.180131330009317,0.1481515339983161,646375.965620313,646375.997600109,646375.965758805,646375.967376489,646375.997281343,646375.997289135,0.0319797960110008,0.0016176839126273,0.0299048540182411,0.0003109739627689,1,384,andrew_latency_test_GL1_PL384,57.46229362487793,1,andrew_latency_test,bulk_benchmark
121,0,400,0.1832695250050164,0.1515276010031812,646376.249806924,646376.281548848,646376.249948026,646376.251384248,646376.281217584,646376.281225194,0.0317419240018352,0.0014362219953909,0.0298333360115066,0.0003236540360376,1,384,andrew_latency_test_GL1_PL384,57.46229362487793,1,andrew_latency_test,bulk_benchmark
122,0,400,0.1823464260087348,0.1494598350836895,646376.530090939,646376.56297753,646376.530246202,646376.531887716,646376.562536404,646376.562543854,0.0328865909250453,0.00164151401259,0.0306486879708245,0.0004336759448051,1,384,andrew_latency_test_GL1_PL384,57.46229362487793,1,andrew_latency_test,bulk_benchmark
123,0,400,0.1795241300133057,0.1476069429772906,646376.812032357,646376.843949544,646376.81216682,646376.813641793,646376.843640479,646376.843647479,0.031917187036015,0.0014749729307368,0.0299986860482022,0.0003020650474354,1,384,andrew_latency_test_GL1_PL384,57.46229362487793,1,andrew_latency_test,bulk_benchmark
124,0,400,0.1821170269977301,0.1502312520751729,646377.094161991,646377.126047766,646377.094292223,646377.095730535,646377.12565947,646377.12566671,0.0318857749225571,0.0014383119996637,0.0299289349932223,0.0003810559865087,1,384,andrew_latency_test_GL1_PL384,57.46229362487793,1,andrew_latency_test,bulk_benchmark
125,4,400,0.1964045049971901,0.1509492539917118,646377.377855467,646377.423310718,646377.37803324,646377.379481732,646377.422844902,646377.422851952,0.0454552510054782,0.0014484920538961,0.0433631699997931,0.0004587660077959,1,384,andrew_latency_test_GL1_PL384,57.46229362487793,1,andrew_latency_test,bulk_benchmark
126,0,400,0.1817101270135026,0.1498748529411386,646377.673853481,646377.705688755,646377.674021333,646377.675514256,646377.705371649,646377.70537851,0.0318352740723639,0.0014929230092093,0.0298573930049315,0.0003102449700236,1,384,andrew_latency_test_GL1_PL384,57.46229362487793,1,andrew_latency_test,bulk_benchmark
127,0,400,0.1808032279950566,0.1490063130040653,646377.954932975,646377.98672989,646377.955087299,646377.956531501,646377.986412396,646377.986419916,0.0317969149909913,0.0014442020328715,0.0298808949301019,0.0003099739551544,1,384,andrew_latency_test_GL1_PL384,57.46229362487793,1,andrew_latency_test,bulk_benchmark
128,0,400,0.1808511280105449,0.148966672073584,646378.235334982,646378.267219438,646378.235464264,646378.236963427,646378.266883293,646378.266890083,0.0318844559369608,0.0014991629868745,0.0299198660068213,0.0003293550107628,1,384,andrew_latency_test_GL1_PL384,57.46229362487793,1,andrew_latency_test,bulk_benchmark
129,0,400,0.1806598289986141,0.1489330749609507,646378.517750249,646378.549477003,646378.517873062,646378.519334544,646378.549156637,646378.549163967,0.0317267540376633,0.0014614819083362,0.0298220930853858,0.0003130360273644,1,384,andrew_latency_test_GL1_PL384,57.46229362487793,1,andrew_latency_test,bulk_benchmark
130,0,400,0.1800412299926392,0.1477401879965327,646378.798578751,646378.830879793,646378.798718993,646378.800235566,646378.830471927,646378.830479217,0.0323010419961065,0.0015165730146691,0.0302363609662279,0.0004005760420113,1,384,andrew_latency_test_GL1_PL384,57.46229362487793,1,andrew_latency_test,bulk_benchmark
131,0,400,0.1814403279859107,0.1496526029368396,646379.08050881,646379.112296535,646379.080638843,646379.082149116,646379.111967099,646379.1119739,0.031787725049071,0.0015102729666978,0.0298179830424487,0.0003226350527256,1,384,andrew_latency_test_GL1_PL384,57.46229362487793,1,andrew_latency_test,bulk_benchmark
132,0,400,0.1827367260120809,0.1509235220728442,646379.363490966,646379.39530417,646379.363626768,646379.365128161,646379.394967154,646379.394974366,0.0318132039392367,0.0015013930387794,0.0298389929812401,0.000329804024659,1,384,andrew_latency_test_GL1_PL384,57.46229362487793,1,andrew_latency_test,bulk_benchmark
133,0,400,0.1809606290189549,0.1492252760799601,646379.644818646,646379.676553999,646379.644940468,646379.646425761,646379.676205574,646379.676212694,0.0317353529389947,0.0014852930326014,0.0297798129031434,0.000341304927133,1,384,andrew_latency_test_GL1_PL384,57.46229362487793,1,andrew_latency_test,bulk_benchmark
134,1,400,0.2041860939934849,0.168375359964557,646379.945578192,646379.981388926,646379.945702824,646379.947212507,646379.981037442,646379.981044531,0.0358107340289279,0.0015096829738467,0.0338249349733814,0.0003443950554355,1,384,andrew_latency_test_GL1_PL384,57.46229362487793,1,andrew_latency_test,bulk_benchmark
135,0,400,0.186279221001314,0.1545130879676435,646380.2333441,646380.265110233,646380.233468411,646380.234923434,646380.264790209,646380.264797369,0.0317661330336704,0.0014550229534506,0.0298667750321328,0.0003128639655187,1,384,andrew_latency_test_GL1_PL384,57.46229362487793,1,andrew_latency_test,bulk_benchmark
136,0,400,0.1812639279814902,0.1494930240151006,646380.518316135,646380.550087039,646380.518447287,646380.519871609,646380.549745334,646380.549752734,0.0317709039663895,0.0014243220211938,0.0298737249104306,0.0003343049902468,1,384,andrew_latency_test_GL1_PL384,57.46229362487793,1,andrew_latency_test,bulk_benchmark
137,0,400,0.1818327279761433,0.1501367969904095,646380.801104438,646380.832800369,646380.80123804,646380.802716592,646380.832520315,646380.832527565,0.0316959309857338,0.001478552003391,0.0298037229804322,0.0002728040562942,1,384,andrew_latency_test_GL1_PL384,57.46229362487793,1,andrew_latency_test,bulk_benchmark
138,0,400,0.1795101310126483,0.1478471090085804,646381.080401457,646381.112064479,646381.080529429,646381.08196481,646381.111764253,646381.111771304,0.0316630220040679,0.001435381011106,0.0297994429711252,0.0002931749913841,1,384,andrew_latency_test_GL1_PL384,57.46229362487793,1,andrew_latency_test,bulk_benchmark
139,0,400,0.181551027984824,0.1498224250390194,646381.360842823,646381.392571426,646381.360974715,646381.362447338,646381.392273732,646381.392281181,0.0317286029458045,0.0014726229710504,0.0298263940494507,0.0002902450505644,1,384,andrew_latency_test_GL1_PL384,57.46229362487793,1,andrew_latency_test,bulk_benchmark
140,0,400,0.1819794269977137,0.1503510960610583,646381.64457557,646381.676203901,646381.644700621,646381.646194524,646381.675901987,646381.675909247,0.0316283309366554,0.0014939029933884,0.0297074629925191,0.0002946539316326,1,384,andrew_latency_test_GL1_PL384,57.46229362487793,1,andrew_latency_test,bulk_benchmark
141,0,400,0.1798362300032749,0.1481465380638837,646381.925356911,646381.957046603,646381.925482493,646381.926937806,646381.956736899,646381.956743869,0.0316896919393911,0.0014553129440173,0.0297990930266678,0.0003027339698746,1,384,andrew_latency_test_GL1_PL384,57.46229362487793,1,andrew_latency_test,bulk_benchmark
142,1,400,0.1838220239733345,0.1480568799306638,646382.205314421,646382.241079565,646382.205449833,646382.206927285,646382.240743169,646382.240750619,0.0357651440426707,0.0014774519950151,0.0338158840313553,0.0003289460437372,1,384,andrew_latency_test_GL1_PL384,57.46229362487793,1,andrew_latency_test,bulk_benchmark
143,0,400,0.1798373300116509,0.1475450389552861,646382.489787438,646382.522079729,646382.489968491,646382.491503834,646382.521761985,646382.521769175,0.0322922910563647,0.0015353430062532,0.0302581510040909,0.000310554052703,1,384,andrew_latency_test_GL1_PL384,57.46229362487793,1,andrew_latency_test,bulk_benchmark
144,0,400,0.1836088249983731,0.1513849729963112,646382.773035586,646382.805259438,646382.773167448,646382.774829793,646382.804872681,646382.804879751,0.0322238520020619,0.0016623450210317,0.0300428880145773,0.000379686942324,1,384,andrew_latency_test_GL1_PL384,57.46229362487793,1,andrew_latency_test,bulk_benchmark
145,0,400,0.1800864300166722,0.148008760967059,646383.054507789,646383.086585458,646383.054651222,646383.056237895,646383.086200372,646383.086208002,0.0320776690496131,0.0015866730827838,0.029962476924993,0.0003774560755118,1,384,andrew_latency_test_GL1_PL384,57.46229362487793,1,andrew_latency_test,bulk_benchmark
146,0,400,0.1813957280246541,0.1496838550083339,646383.336608081,646383.368319954,646383.336744083,646383.338242066,646383.368025659,646383.36803276,0.0317118730163201,0.0014979830011725,0.0297835930250585,0.0002871940378099,1,384,andrew_latency_test_GL1_PL384,57.46229362487793,1,andrew_latency_test,bulk_benchmark
147,0,400,0.1801067299966234,0.1483305860601831,646383.617855989,646383.649632133,646383.618058493,646383.619487334,646383.649318869,646383.649325739,0.0317761439364403,0.0014288410311564,0.0298315349500626,0.0003063939511775,1,384,andrew_latency_test_GL1_PL384,57.46229362487793,1,andrew_latency_test,bulk_benchmark
148,0,400,0.1818751279788557,0.1501452249067369,646383.899319312,646383.931049215,646383.899457103,646383.900881396,646383.93072681,646383.93073436,0.0317299030721187,0.0014242930337786,0.0298454139847308,0.0003148550167679,1,384,andrew_latency_test_GL1_PL384,57.46229362487793,1,andrew_latency_test,bulk_benchmark
149,0,400,0.1814048280066345,0.1495456829725299,646384.182677483,646384.214536628,646384.182815715,646384.184313608,646384.214176031,646384.214183503,0.0318591450341045,0.0014978930121287,0.0298624229617416,0.0003531250404193,1,384,andrew_latency_test_GL1_PL384,57.46229362487793,1,andrew_latency_test,bulk_benchmark
150,0,400,0.180024230008712,0.148246554977959,646384.462165784,646384.493943459,646384.462300467,646384.463724928,646384.493627883,646384.493635333,0.031777675030753,0.001424461021088,0.0299029550515115,0.0003081259783357,1,384,andrew_latency_test_GL1_PL384,57.46229362487793,1,andrew_latency_test,bulk_benchmark
151,0,400,0.1818668270134367,0.1498941310564987,646384.744648652,646384.776621348,646384.744784084,646384.746414819,646384.776284684,646384.776292074,0.0319726959569379,0.0016307350015267,0.0298698649276047,0.0003292739856988,1,384,andrew_latency_test_GL1_PL384,57.46229362487793,1,andrew_latency_test,bulk_benchmark
152,0,400,0.1816954280075151,0.1500698559975717,646385.026338847,646385.057964419,646385.02646631,646385.027861381,646385.057658674,646385.057665644,0.0316255720099434,0.0013950709253549,0.0297972930129617,0.0002987750340253,1,384,andrew_latency_test_GL1_PL384,57.46229362487793,1,andrew_latency_test,bulk_benchmark
153,0,400,0.1808144290116615,0.1490441560163162,646385.306638122,646385.338408395,646385.306767814,646385.308237426,646385.338075981,646385.338083121,0.0317702729953452,0.0014696120051667,0.0298385550267994,0.0003252739552408,1,384,andrew_latency_test_GL1_PL384,57.46229362487793,1,andrew_latency_test,bulk_benchmark
154,0,400,0.1807801290124189,0.1489619550702627,646385.589370324,646385.621188498,646385.589506595,646385.591045339,646385.620870873,646385.620878243,0.0318181739421561,0.001538743963465,0.029825533973053,0.0003102549817413,1,384,andrew_latency_test_GL1_PL384,57.46229362487793,1,andrew_latency_test,bulk_benchmark
155,0,400,0.1817177280026953,0.1495026980701368,646385.871823681,646385.904038711,646385.871960063,646385.873473326,646385.903665915,646385.903673115,0.0322150299325585,0.0015132629778236,0.0301925890380516,0.0003655960317701,1,384,andrew_latency_test_GL1_PL384,57.46229362487793,1,andrew_latency_test,bulk_benchmark
156,0,400,0.1819032269995659,0.1498448399361223,646386.153364455,646386.185422842,646386.153498407,646386.154938799,646386.185033836,646386.185041187,0.0320583870634436,0.0014403919922187,0.0300950370728969,0.0003816550597548,1,384,andrew_latency_test_GL1_PL384,57.46229362487793,1,andrew_latency_test,bulk_benchmark
157,0,400,0.1835824250010773,0.1512891439488157,646386.437484548,646386.469777829,646386.437622999,646386.439169622,646386.469369093,646386.469375913,0.0322932810522615,0.0015466230688616,0.0301994709298014,0.0004019159823656,1,384,andrew_latency_test_GL1_PL384,57.46229362487793,1,andrew_latency_test,bulk_benchmark
158,0,400,0.1818691270018462,0.1495684460096527,646386.719892903,646386.752193584,646386.720058185,646386.721498127,646386.751775119,646386.751782479,0.0323006809921935,0.0014399419305846,0.0302769920090213,0.0004111049929633,1,384,andrew_latency_test_GL1_PL384,57.46229362487793,1,andrew_latency_test,bulk_benchmark
159,0,400,0.1817348280164878,0.1496311899682041,646387.002454783,646387.034558421,646387.002594185,646387.004059657,646387.034172235,646387.034179775,0.0321036380482837,0.0014654720434919,0.0301125780679285,0.0003786459565162,1,384,andrew_latency_test_GL1_PL384,57.46229362487793,1,andrew_latency_test,bulk_benchmark
160,0,400,0.1833242249849718,0.1516085529874544,646387.284561834,646387.316277506,646387.284696736,646387.286180539,646387.315973822,646387.315980992,0.0317156719975173,0.0014838030328974,0.029793282970786,0.0002965138992294,1,384,andrew_latency_test_GL1_PL384,57.46229362487793,1,andrew_latency_test,bulk_benchmark
161,0,400,0.1804871289932634,0.1488307270628865,646387.567089113,646387.598745515,646387.567223975,646387.568640537,646387.5984485,646387.59845548,0.0316564019303768,0.0014165620086714,0.0298079630592837,0.0002900350373238,1,384,andrew_latency_test_GL1_PL384,57.46229362487793,1,andrew_latency_test,bulk_benchmark
162,0,400,0.1812411279825028,0.1495650560536887,646387.8495782,646387.881254272,646387.849709553,646387.851195464,646387.880949338,646387.880956648,0.031676071928814,0.001485911081545,0.0297538739396259,0.000297623919323,1,384,andrew_latency_test_GL1_PL384,57.46229362487793,1,andrew_latency_test,bulk_benchmark
163,0,400,0.182599026011303,0.1509145740419626,646388.132092099,646388.163776551,646388.132220981,646388.133618482,646388.163480967,646388.163488256,0.0316844519693404,0.001397501095198,0.0298624850111082,0.0002882949775084,1,384,andrew_latency_test_GL1_PL384,57.46229362487793,1,andrew_latency_test,bulk_benchmark
164,0,400,0.1834351250145118,0.151623700017808,646388.414151579,646388.445963004,646388.414288021,646388.415724823,646388.445602879,646388.445610028,0.0318114249967038,0.0014368019765242,0.0298780560260638,0.0003529760288074,1,384,andrew_latency_test_GL1_PL384,57.46229362487793,1,andrew_latency_test,bulk_benchmark
165,0,400,0.1811356280231848,0.1492913030087947,646388.698036789,646388.729881114,646388.698174491,646388.699685344,646388.729558719,646388.729565739,0.03184432501439,0.0015108530642464,0.0298733749659732,0.0003153749275952,1,384,andrew_latency_test_GL1_PL384,57.46229362487793,1,andrew_latency_test,bulk_benchmark
166,0,400,0.1844159229949582,0.1524711170059163,646388.983116886,646389.015061692,646388.983252698,646388.984740781,646389.014695447,646389.014702507,0.0319448059890419,0.0014880830422043,0.0299546660389751,0.0003591850399971,1,384,andrew_latency_test_GL1_PL384,57.46229362487793,1,andrew_latency_test,bulk_benchmark
167,0,400,0.1833219249965623,0.1517283440334722,646389.266815162,646389.298408743,646389.266943454,646389.268375726,646389.298130989,646389.298138198,0.03159358096309,0.001432271907106,0.0297552630072459,0.0002705450169742,1,384,andrew_latency_test_GL1_PL384,57.46229362487793,1,andrew_latency_test,bulk_benchmark
168,0,400,0.1817653280158992,0.1499900640628766,646389.548741961,646389.580517225,646389.548873693,646389.550353226,646389.58017362,646389.580180969,0.0317752639530226,0.0014795330353081,0.0298203940037637,0.0003362559946253,1,384,andrew_latency_test_GL1_PL384,57.46229362487793,1,andrew_latency_test,bulk_benchmark
169,0,400,0.1818862270156387,0.1501723040419165,646389.831161837,646389.86287576,646389.83129146,646389.832726121,646389.862569926,646389.862577416,0.0317139229737222,0.0014346609823405,0.0298438050085678,0.0002983439480885,1,384,andrew_latency_test_GL1_PL384,57.46229362487793,1,andrew_latency_test,bulk_benchmark
170,0,400,0.1813629280077293,0.1489991259295493,646390.114181084,646390.146544886,646390.114313755,646390.115796449,646390.14614972,646390.14615703,0.03236380207818,0.0014826940605416,0.0303532709367573,0.0003878560382872,1,384,andrew_latency_test_GL1_PL384,57.46229362487793,1,andrew_latency_test,bulk_benchmark
171,0,400,0.1801442299911286,0.1484306869970169,646390.393625685,646390.425339228,646390.393757917,646390.39526715,646390.425049194,646390.425056283,0.0317135429941117,0.0015092330286279,0.0297820440027862,0.0002829449949786,1,384,andrew_latency_test_GL1_PL384,57.46229362487793,1,andrew_latency_test,bulk_benchmark
172,0,400,0.1835888249916024,0.1517757300171069,646390.676114622,646390.707927717,646390.676248155,646390.677670377,646390.707616642,646390.707624012,0.0318130949744954,0.0014222220052033,0.0299462650436908,0.000303704990074,1,384,andrew_latency_test_GL1_PL384,57.46229362487793,1,andrew_latency_test,bulk_benchmark
173,0,400,0.1815685280016623,0.1498837939579971,646390.961387501,646390.993072235,646390.961517384,646390.962961736,646390.99276899,646390.99277565,0.0316847340436652,0.001444351975806,0.0298072539735585,0.0002965850289911,1,384,andrew_latency_test_GL1_PL384,57.46229362487793,1,andrew_latency_test,bulk_benchmark
174,0,400,0.1812533280171919,0.1494405140692833,646391.241330552,646391.273143366,646391.241462334,646391.242937686,646391.272810492,646391.272817632,0.0318128139479085,0.00147535209544,0.0298728059278801,0.0003257340285927,1,384,andrew_latency_test_GL1_PL384,57.46229362487793,1,andrew_latency_test,bulk_benchmark
175,0,400,0.1806927300058305,0.1489469670923426,646391.522789553,646391.554535316,646391.522922124,646391.524383527,646391.554228092,646391.554235532,0.0317457629134878,0.001461402978748,0.0298445649677887,0.0002997840056195,1,384,andrew_latency_test_GL1_PL384,57.46229362487793,1,andrew_latency_test,bulk_benchmark
176,0,400,0.1855935229978058,0.1534195929125417,646391.808412829,646391.840586759,646391.808551262,646391.810133886,646391.840205373,646391.840212693,0.0321739300852641,0.0015826240414753,0.0300714869517833,0.0003740660613402,1,384,andrew_latency_test_GL1_PL384,57.46229362487793,1,andrew_latency_test,bulk_benchmark
177,0,400,0.1814856290002353,0.14925980794942,646392.091652859,646392.12387868,646392.091790891,646392.093335684,646392.123484413,646392.123492313,0.0322258210508152,0.0015447930200025,0.0301487289834767,0.0003863670863211,1,384,andrew_latency_test_GL1_PL384,57.46229362487793,1,andrew_latency_test,bulk_benchmark
178,0,400,0.1816682280041277,0.1495704799890518,646392.372804197,646392.404901945,646392.372936808,646392.374426381,646392.404503799,646392.404510789,0.0320977480150759,0.0014895729254931,0.0300774180795997,0.0003911560634151,1,384,andrew_latency_test_GL1_PL384,57.46229362487793,1,andrew_latency_test,bulk_benchmark
179,0,400,0.1825926269812043,0.1505603700352367,646392.656455202,646392.688487459,646392.656588534,646392.658092837,646392.688094403,646392.688101724,0.0320322569459676,0.0015043029561638,0.0300015660468488,0.0003857349511235,1,384,andrew_latency_test_GL1_PL384,57.46229362487793,1,andrew_latency_test,bulk_benchmark
180,0,400,0.1831585260224528,0.1510991280083544,646392.940623235,646392.972682633,646392.940762136,646392.942380912,646392.972321617,646392.972328667,0.0320593980140984,0.0016187760047614,0.029940704931505,0.0003539660247042,1,384,andrew_latency_test_GL1_PL384,57.46229362487793,1,andrew_latency_test,bulk_benchmark
181,0,400,0.1819657279993407,0.1501908340142108,646393.223205943,646393.254980837,646393.223341815,646393.224810388,646393.254679603,646393.254686783,0.0317748939851298,0.0014685729984194,0.029869214980863,0.0002940540434792,1,384,andrew_latency_test_GL1_PL384,57.46229362487793,1,andrew_latency_test,bulk_benchmark
182,0,400,0.1814404290053062,0.149750346026849,646393.50496872,646393.536658803,646393.505120643,646393.506546735,646393.536352848,646393.536360128,0.0316900829784572,0.0014260919997468,0.0298061131034046,0.0002986750332638,1,384,andrew_latency_test_GL1_PL384,57.46229362487793,1,andrew_latency_test,bulk_benchmark
183,0,400,0.1828565260220784,0.1511603130784351,646393.786975511,646393.818671724,646393.787131124,646393.788542215,646393.818379839,646393.81838699,0.0316962129436433,0.0014110910706222,0.0298376239370554,0.0002847339492291,1,384,andrew_latency_test_GL1_PL384,57.46229362487793,1,andrew_latency_test,bulk_benchmark
184,0,400,0.1808670299942605,0.1488525029853917,646394.069498139,646394.101512666,646394.069630451,646394.071160764,646394.101206952,646394.101214282,0.0320145270088687,0.0015303129330277,0.0300461880397051,0.0002983839949592,1,384,andrew_latency_test_GL1_PL384,57.46229362487793,1,andrew_latency_test,bulk_benchmark
185,0,400,0.1824738270079251,0.150780154945096,646394.351528141,646394.383221813,646394.351651232,646394.353084824,646394.382910018,646394.382917238,0.0316936720628291,0.0014335920568555,0.029825193923898,0.000304574961774,1,384,andrew_latency_test_GL1_PL384,57.46229362487793,1,andrew_latency_test,bulk_benchmark
186,0,400,0.1842439240135718,0.1520986450195778,646394.63413402,646394.666279299,646394.634286673,646394.635890397,646394.665885403,646394.665892423,0.032145278993994,0.0016037239693105,0.0299950060434639,0.0003868759376928,1,384,andrew_latency_test_GL1_PL384,57.46229362487793,1,andrew_latency_test,bulk_benchmark
187,0,400,0.1805702300043776,0.1486910040257498,646394.918373314,646394.95025254,646394.918507237,646394.919946188,646394.949872814,646394.949880174,0.0318792259786278,0.0014389510033652,0.0299266260117292,0.0003723659319803,1,384,andrew_latency_test_GL1_PL384,57.46229362487793,1,andrew_latency_test,bulk_benchmark
188,1,400,0.1871771200094372,0.1515054870396852,646395.200992795,646395.236664428,646395.201155427,646395.20270253,646395.236320122,646395.236327162,0.0356716329697519,0.0015471029328182,0.0336175920674577,0.0003372660139575,1,384,andrew_latency_test_GL1_PL384,57.46229362487793,1,andrew_latency_test,bulk_benchmark
189,0,400,0.1823363269795663,0.1502371889655478,646395.488323097,646395.520422235,646395.488456498,646395.489939831,646395.520031538,646395.520039298,0.0320991380140185,0.0014833329478278,0.030091707012616,0.0003829370252788,1,384,andrew_latency_test_GL1_PL384,57.46229362487793,1,andrew_latency_test,bulk_benchmark
190,0,400,0.2105171849834732,0.1781423719949089,646395.797813455,646395.830188268,646395.797962137,646395.799415009,646395.829772471,646395.829780291,0.0323748129885643,0.0014528719475492,0.0303574620047584,0.0004079770296812,1,384,andrew_latency_test_GL1_PL384,57.46229362487793,1,andrew_latency_test,bulk_benchmark
191,0,400,0.1810298290220089,0.149193944002036,646396.081531051,646396.113366936,646396.081665923,646396.083177786,646396.113040061,646396.113047331,0.0318358850199729,0.0015118629671633,0.0298622749978676,0.0003196049947291,1,384,andrew_latency_test_GL1_PL384,57.46229362487793,1,andrew_latency_test,bulk_benchmark
192,0,400,0.1806803299987223,0.1488868669548537,646396.361723815,646396.393517278,646396.361855727,646396.36338572,646396.393205293,646396.393212613,0.0317934630438685,0.001529992907308,0.0298195730429142,0.0003046650672331,1,384,andrew_latency_test_GL1_PL384,57.46229362487793,1,andrew_latency_test,bulk_benchmark
193,0,400,0.1828773269953671,0.1504294319602195,646396.6460552,646396.678503095,646396.646188642,646396.647623664,646396.678096658,646396.678104108,0.0324478950351476,0.0014350219862535,0.0304729939671233,0.0003989870892837,1,384,andrew_latency_test_GL1_PL384,57.46229362487793,1,andrew_latency_test,bulk_benchmark
194,0,400,0.1818689280189573,0.1499759920407086,646396.929621884,646396.96151482,646396.929766897,646396.931338501,646396.961209325,646396.961216355,0.0318929359782487,0.0015716040506958,0.029870823957026,0.0002984650200232,1,384,andrew_latency_test_GL1_PL384,57.46229362487793,1,andrew_latency_test,bulk_benchmark
195,0,400,0.1802009299863129,0.1484559559030458,646397.209090606,646397.24083558,646397.209220728,646397.210679961,646397.240511425,646397.240518454,0.0317449740832671,0.0014592329971492,0.0298314639367163,0.0003171260468661,1,384,andrew_latency_test_GL1_PL384,57.46229362487793,1,andrew_latency_test,bulk_benchmark
196,0,400,0.1816704280208796,0.1498581540072336,646397.491874179,646397.523686453,646397.492030201,646397.493474693,646397.523347108,646397.523354317,0.0318122740136459,0.0014444920234382,0.0298724150052294,0.0003321360563859,1,384,andrew_latency_test_GL1_PL384,57.46229362487793,1,andrew_latency_test,bulk_benchmark
197,0,400,0.1817077279847581,0.1496015499869827,646397.773143218,646397.805249396,646397.77330191,646397.775024416,646397.804901541,646397.804909251,0.0321061779977753,0.0017225060146301,0.0298771249363198,0.0003401449648663,1,384,andrew_latency_test_GL1_PL384,57.46229362487793,1,andrew_latency_test,bulk_benchmark
198,0,400,0.181506028980948,0.1498446570476517,646398.055452783,646398.087114155,646398.055585625,646398.056988476,646398.086782349,646398.086789369,0.0316613719332963,0.0014028509613126,0.0297938730800524,0.0003247859422117,1,384,andrew_latency_test_GL1_PL384,57.46229362487793,1,andrew_latency_test,bulk_benchmark
199,0,400,0.1803287299990188,0.1477816239639651,646398.336170953,646398.368718059,646398.336315605,646398.337840659,646398.368254782,646398.368261722,0.0325471060350537,0.0015250539872795,0.0304141230881214,0.000456337002106,1,384,andrew_latency_test_GL1_PL384,57.46229362487793,1,andrew_latency_test,bulk_benchmark
200,0,400,0.1814567289839033,0.1487413890718016,646398.618532218,646398.651247558,646398.618669991,646398.620141024,646398.65076326,646398.65077063,0.0327153399121016,0.0014710329705849,0.0306222359649837,0.0004769279621541,1,384,andrew_latency_test_GL1_PL384,57.46229362487793,1,andrew_latency_test,bulk_benchmark
1,0,400,0.2561414160009008,0.1487523419491481,646402.414360179,646402.521749253,646402.41449727,646402.416099046,646402.51893908,646402.51894618,0.1073890740517526,0.0016017759917303,0.1028400339419022,0.0028030730318278,5,384,andrew_latency_test_GL5_PL384,71.9266881942749,5,andrew_latency_test,bulk_benchmark
2,0,400,0.2537233199982438,0.14865194101003,646402.770517578,646402.875588957,646402.77065105,646402.772090192,646402.875055479,646402.875063359,0.1050713789882138,0.001439141924493,0.1029652870493009,0.0005255979485809,5,384,andrew_latency_test_GL5_PL384,71.9266881942749,5,andrew_latency_test,bulk_benchmark
3,0,400,0.2538752190012019,0.1490098030481021,646403.12690544,646403.231770856,646403.127069782,646403.128484654,646403.231219737,646403.231227437,0.1048654159530997,0.0014148720074445,0.1027350829681381,0.0005434189224615,5,384,andrew_latency_test_GL5_PL384,71.9266881942749,5,andrew_latency_test,bulk_benchmark
4,0,400,0.2601529090024996,0.1512651630036998,646403.482605822,646403.591493568,646403.482738124,646403.484195956,646403.590902269,646403.590909449,0.1088877459987998,0.0014578320551663,0.1067063129739835,0.0005841189995408,5,384,andrew_latency_test_GL5_PL384,71.9266881942749,5,andrew_latency_test,bulk_benchmark
5,0,400,0.2535208190092817,0.1482813259353861,646403.841387559,646403.946627052,646403.841519391,646403.842949833,646403.946078853,646403.946086044,0.1052394930738955,0.0014304419746622,0.103129019960761,0.0005410080775618,5,384,andrew_latency_test_GL5_PL384,71.9266881942749,5,andrew_latency_test,bulk_benchmark
6,1,400,0.2558362160052638,0.1468593990139197,646404.193821633,646404.30279845,646404.194030135,646404.195446066,646404.302206771,646404.302214161,0.1089768169913441,0.0014159309212118,0.1067607050063088,0.0005842889659106,5,384,andrew_latency_test_GL5_PL384,71.9266881942749,5,andrew_latency_test,bulk_benchmark
7,0,400,0.2538916199991945,0.1484086240234319,646404.550135532,646404.655618528,646404.550267335,646404.551679236,646404.655037018,646404.655044939,0.1054829959757626,0.0014119009720161,0.1033577820053324,0.0005735890008509,5,384,andrew_latency_test_GL5_PL384,71.9266881942749,5,andrew_latency_test,bulk_benchmark
8,0,400,0.2654636020015459,0.1525422630074899,646404.906995042,646405.019916381,646404.907160465,646404.908658258,646405.019060847,646405.019068397,0.1129213389940559,0.0014977930113673,0.1104025889653712,0.0008479839889332,5,384,andrew_latency_test_GL5_PL384,71.9266881942749,5,andrew_latency_test,bulk_benchmark
9,0,400,0.2544701190199703,0.1496430439874529,646405.271236814,646405.376063889,646405.271364775,646405.272766516,646405.37548785,646405.37549552,0.1048270750325173,0.001401740941219,0.1027213340857997,0.0005683690542355,5,384,andrew_latency_test_GL5_PL384,71.9266881942749,5,andrew_latency_test,bulk_benchmark
10,0,400,0.2538434189918916,0.1482020610419567,646405.625375911,646405.731017269,646405.625504883,646405.626933244,646405.73041075,646405.73041772,0.1056413579499349,0.0014283610507845,0.1034775059670209,0.0005995489191263,5,384,andrew_latency_test_GL5_PL384,71.9266881942749,5,andrew_latency_test,bulk_benchmark
11,0,400,0.2539095190004445,0.1481586309964768,646405.979663072,646406.08541396,646405.979795924,646405.981259996,646406.084802382,646406.084809771,0.1057508880039677,0.0014640719164162,0.1035423860885202,0.0006041890010237,5,384,andrew_latency_test_GL5_PL384,71.9266881942749,5,andrew_latency_test,bulk_benchmark
12,0,400,0.2539018190000206,0.1482000100659206,646406.33451651,646406.440218319,646406.334655543,646406.336189356,646406.439616069,646406.43962301,0.1057018089340999,0.0015338130760937,0.10342671291437,0.0005953089566901,5,384,andrew_latency_test_GL5_PL384,71.9266881942749,5,andrew_latency_test,bulk_benchmark
13,0,400,0.2559111160226166,0.1507960660383105,646406.6914099,646406.79652495,646406.691540212,646406.693020605,646406.795935501,646406.795943081,0.1051150499843061,0.0014803929952904,0.1029148959787562,0.0005818689242005,5,384,andrew_latency_test_GL5_PL384,71.9266881942749,5,andrew_latency_test,bulk_benchmark
14,0,400,0.2540539189940318,0.1476188390515744,646407.045170112,646407.151605192,646407.045306894,646407.046812717,646407.150956542,646407.150964252,0.1064350799424573,0.0015058229910209,0.1041438250103965,0.0006409400375559,5,384,andrew_latency_test_GL5_PL384,71.9266881942749,5,andrew_latency_test,bulk_benchmark
15,0,400,0.2557248169905506,0.1495689820148982,646407.401215659,646407.507371494,646407.401355841,646407.402908555,646407.506808246,646407.506815566,0.1061558349756524,0.0015527140349149,0.1038996910210698,0.0005559279816225,5,384,andrew_latency_test_GL5_PL384,71.9266881942749,5,andrew_latency_test,bulk_benchmark
16,0,400,0.2566031149763148,0.151368203893071,646407.758486155,646407.863721066,646407.758624267,646407.760178451,646407.863165608,646407.863172738,0.1052349110832437,0.0015541840111836,0.10298715706449,0.0005483280401676,5,384,andrew_latency_test_GL5_PL384,71.9266881942749,5,andrew_latency_test,bulk_benchmark
17,0,400,0.2570341140090022,0.1520296769740525,646408.114208107,646408.219212544,646408.114341319,646408.115780081,646408.218649636,646408.218657316,0.1050044370349496,0.0014387620612978,0.1028695550048723,0.0005552279762923,5,384,andrew_latency_test_GL5_PL384,71.9266881942749,5,andrew_latency_test,bulk_benchmark
18,0,400,0.2537787190231029,0.1488106920442078,646408.471122677,646408.576090704,646408.47125646,646408.472685011,646408.575542266,646408.575549766,0.104968026978895,0.0014285510405898,0.1028572550276294,0.0005409379955381,5,384,andrew_latency_test_GL5_PL384,71.9266881942749,5,andrew_latency_test,bulk_benchmark
19,0,400,0.2539249199908227,0.1482641630573198,646408.824789718,646408.930450475,646408.82492391,646408.826450343,646408.929759985,646408.929768775,0.1056607569335028,0.0015264330431818,0.1033096419414505,0.0006816999521106,5,384,andrew_latency_test_GL5_PL384,71.9266881942749,5,andrew_latency_test,bulk_benchmark
20,0,400,0.2518995220016222,0.1470420169353019,646409.179110528,646409.283968033,646409.17924294,646409.180684962,646409.283421895,646409.283429026,0.1048575050663203,0.0014420219231396,0.1027369330404326,0.0005390070145949,5,384,andrew_latency_test_GL5_PL384,71.9266881942749,5,andrew_latency_test,bulk_benchmark
21,0,400,0.2557866160059348,0.1506369150010869,646409.534281171,646409.639430872,646409.534416084,646409.535916296,646409.638850423,646409.638857793,0.1051497010048478,0.0015002120053395,0.1029341270914301,0.0005730791017413,5,384,andrew_latency_test_GL5_PL384,71.9266881942749,5,andrew_latency_test,bulk_benchmark
22,0,400,0.2540686200081836,0.1488770389405544,646409.887755189,646409.99294677,646409.887897222,646409.889378694,646409.992383112,646409.992390192,0.1051915810676291,0.0014814720489084,0.1030044179642573,0.0005565780447795,5,384,andrew_latency_test_GL5_PL384,71.9266881942749,5,andrew_latency_test,bulk_benchmark
23,0,400,0.261905707011465,0.1498632020666264,646410.243941348,646410.355983853,646410.24410209,646410.245545102,646410.355390695,646410.355398395,0.1120425049448385,0.0014430120354518,0.1098455929895863,0.0005854580085724,5,384,andrew_latency_test_GL5_PL384,71.9266881942749,5,andrew_latency_test,bulk_benchmark
24,0,400,0.2561927149945404,0.1510293660394381,646410.607236147,646410.712399496,646410.607376718,646410.608850481,646410.711814398,646410.711821798,0.1051633489551022,0.001473763026297,0.1029639169573783,0.0005776979960501,5,384,andrew_latency_test_GL5_PL384,71.9266881942749,5,andrew_latency_test,bulk_benchmark
25,0,400,0.2534477199951652,0.148389520967612,646410.962587602,646411.067645801,646410.962718984,646410.964195047,646411.067090482,646411.067098223,0.1050581990275532,0.0014760630438104,0.1028954349458217,0.0005475779762491,5,384,andrew_latency_test_GL5_PL384,71.9266881942749,5,andrew_latency_test,bulk_benchmark
26,0,400,0.2543560189951677,0.1493370010575745,646411.316392855,646411.421411873,646411.316528227,646411.31798521,646411.420844005,646411.420851465,0.1050190179375931,0.0014569830382242,0.1028587949695065,0.0005604079924523,5,384,andrew_latency_test_GL5_PL384,71.9266881942749,5,andrew_latency_test,bulk_benchmark
27,0,400,0.2553943170059938,0.1500841538945678,646411.671966694,646411.777276857,646411.672131757,646411.673540918,646411.776672908,646411.776680709,0.1053101631114259,0.0014091610210016,0.1031319899484515,0.0005961480783298,5,384,andrew_latency_test_GL5_PL384,71.9266881942749,5,andrew_latency_test,bulk_benchmark
28,0,400,0.2539719199994579,0.149021593038924,646412.026836954,646412.131787281,646412.026966847,646412.028412049,646412.131208072,646412.131216262,0.1049503269605338,0.001445202040486,0.1027960228966549,0.0005710190162062,5,384,andrew_latency_test_GL5_PL384,71.9266881942749,5,andrew_latency_test,bulk_benchmark
29,1,400,0.2597388110007159,0.1507375320070423,646412.382870141,646412.49187142,646412.383031963,646412.384465355,646412.49125858,646412.49126606,0.1090012789936736,0.0014333919389173,0.1067932250443846,0.0006053599063307,5,384,andrew_latency_test_GL5_PL384,71.9266881942749,5,andrew_latency_test,bulk_benchmark
30,0,400,0.2561065159970894,0.1509258350124582,646412.742549442,646412.847730123,646412.742688594,646412.744218777,646412.847144045,646412.847151325,0.1051806809846311,0.0015301830135285,0.1029252680018544,0.000578798004426,5,384,andrew_latency_test_GL5_PL384,71.9266881942749,5,andrew_latency_test,bulk_benchmark
31,2,400,0.263810705015203,0.151670149032725,646413.10187955,646413.214020106,646413.102080444,646413.103510355,646413.213405507,646413.213413167,0.1121405559824779,0.0014299110043793,0.1098951520398259,0.0006069389637559,5,384,andrew_latency_test_GL5_PL384,71.9266881942749,5,andrew_latency_test,bulk_benchmark
32,0,400,0.2540343190194107,0.1491301230271347,646413.462639999,646413.567544195,646413.462774361,646413.464325944,646413.566967097,646413.566974187,0.104904195992276,0.0015515829436481,0.1026411530328914,0.0005700079491361,5,384,andrew_latency_test_GL5_PL384,71.9266881942749,5,andrew_latency_test,bulk_benchmark
33,0,400,0.2562372160027735,0.1511777870473452,646413.818530963,646413.923590392,646413.818667915,646413.820156389,646413.923038843,646413.923046463,0.1050594289554283,0.0014884740812703,0.1028824539389461,0.0005439289379864,5,384,andrew_latency_test_GL5_PL384,71.9266881942749,5,andrew_latency_test,bulk_benchmark
34,0,400,0.2550631180056371,0.1498586380039341,646414.174619082,646414.279823562,646414.174752194,646414.176218966,646414.279245863,646414.279253153,0.1052044800017029,0.0014667720533907,0.1030268969479948,0.0005704089999198,5,384,andrew_latency_test_GL5_PL384,71.9266881942749,5,andrew_latency_test,bulk_benchmark
35,0,400,0.2559907160175498,0.1510676790203433,646414.531708683,646414.63663172,646414.531843206,646414.533314639,646414.636068901,646414.636076351,0.1049230369972065,0.0014714329736307,0.1027542620431631,0.0005553689552471,5,384,andrew_latency_test_GL5_PL384,71.9266881942749,5,andrew_latency_test,bulk_benchmark
36,0,400,0.2562792160024401,0.1512144669832196,646414.887422275,646414.992487024,646414.887558277,646414.88903177,646414.991901755,646414.991908915,0.1050647490192204,0.0014734930591657,0.1028699849266558,0.0005781090585514,5,384,andrew_latency_test_GL5_PL384,71.9266881942749,5,andrew_latency_test,bulk_benchmark
37,0,400,0.2535134200006723,0.1487044930690899,646415.243156146,646415.347965073,646415.243284699,646415.24469769,646415.347396574,646415.347403544,0.1048089269315823,0.0014129909686744,0.102698883973062,0.0005615289555862,5,384,andrew_latency_test_GL5_PL384,71.9266881942749,5,andrew_latency_test,bulk_benchmark
38,0,400,0.2566928149899468,0.1516833569621667,646415.598523925,646415.703533383,646415.598655626,646415.600104969,646415.702944684,646415.702951704,0.10500945802778,0.0014493430498987,0.1028397149639204,0.0005816789343953,5,384,andrew_latency_test_GL5_PL384,71.9266881942749,5,andrew_latency_test,bulk_benchmark
39,1,400,0.2591774110042024,0.1492897389980498,646415.954229467,646416.064117139,646415.954368779,646415.955823091,646416.063479289,646416.063486219,0.1098876720061525,0.0014543120050802,0.1076561979716643,0.0006309199379757,5,384,andrew_latency_test_GL5_PL384,71.9266881942749,5,andrew_latency_test,bulk_benchmark
40,0,400,0.2517895219789352,0.1469033469620626,646416.312399816,646416.417285991,646416.312532607,646416.314073781,646416.416728263,646416.416735904,0.1048861750168725,0.0015411740168929,0.102654482005164,0.0005500870756804,5,384,andrew_latency_test_GL5_PL384,71.9266881942749,5,andrew_latency_test,bulk_benchmark
41,0,400,0.2548672179982532,0.1500921140250284,646416.6662516,646416.771026704,646416.666373931,646416.667760542,646416.770483395,646416.770490685,0.1047751039732247,0.0013866110239177,0.1027228529565036,0.0005360189825296,5,384,andrew_latency_test_GL5_PL384,71.9266881942749,5,andrew_latency_test,bulk_benchmark
42,1,400,0.2668984999763779,0.1506823020172305,646417.02187552,646417.138091718,646417.022053843,646417.023500565,646417.137449479,646417.137457169,0.1162161979591474,0.0014467219589278,0.1139489139895886,0.000634548952803,5,384,andrew_latency_test_GL5_PL384,71.9266881942749,5,andrew_latency_test,bulk_benchmark
43,0,400,0.2559606159920804,0.1500905859866179,646417.389833679,646417.495703709,646417.38998383,646417.391567305,646417.495045529,646417.495052959,0.1058700300054624,0.0015834749210625,0.103478224016726,0.0006507500074803,5,384,andrew_latency_test_GL5_PL384,71.9266881942749,5,andrew_latency_test,bulk_benchmark
44,0,400,0.2544314190163277,0.149462312052492,646417.744340562,646417.849309669,646417.744472744,646417.745881506,646417.848722721,646417.848729741,0.1049691069638356,0.0014087620656937,0.1028412149753421,0.000579928047955,5,384,andrew_latency_test_GL5_PL384,71.9266881942749,5,andrew_latency_test,bulk_benchmark
45,0,400,0.2558052160020452,0.1504696730698924,646418.100318328,646418.205653871,646418.10045756,646418.101915182,646418.205045501,646418.205053771,0.1053355429321527,0.0014576219255104,0.1031303190393373,0.0006000999128445,5,384,andrew_latency_test_GL5_PL384,71.9266881942749,5,andrew_latency_test,bulk_benchmark
46,0,400,0.2556904170196503,0.1505337069975212,646418.456816592,646418.561973302,646418.456950254,646418.458422276,646418.561349032,646418.561356683,0.1051567100221291,0.0014720219187438,0.102926756022498,0.0006166190141811,5,384,andrew_latency_test_GL5_PL384,71.9266881942749,5,andrew_latency_test,bulk_benchmark
47,0,400,0.2554033169872127,0.1498054400435648,646418.813730272,646418.919328149,646418.813864534,646418.815362047,646418.918675899,646418.918683179,0.1055978769436478,0.0014975130325183,0.103313851985149,0.0006449699867516,5,384,andrew_latency_test_GL5_PL384,71.9266881942749,5,andrew_latency_test,bulk_benchmark
48,0,400,0.2539633190026507,0.1484389140969142,646419.16719008,646419.272714485,646419.167325182,646419.168840665,646419.272103046,646419.272110336,0.1055244049057364,0.0015154830180108,0.1032623809296637,0.000604148954153,5,384,andrew_latency_test_GL5_PL384,71.9266881942749,5,andrew_latency_test,bulk_benchmark
49,0,400,0.2560647159989457,0.1505445809743832,646419.524800741,646419.630320876,646419.524949993,646419.526538708,646419.629706897,646419.629714307,0.1055201350245624,0.0015887150075286,0.1031681889435276,0.0006065689958631,5,384,andrew_latency_test_GL5_PL384,71.9266881942749,5,andrew_latency_test,bulk_benchmark
50,0,400,0.2573722139932215,0.1524377369787544,646419.883834233,646419.98876871,646419.883964506,646419.885394117,646419.988179091,646419.988186051,0.1049344770144671,0.001429611002095,0.1027849740348756,0.0005826590349897,5,384,andrew_latency_test_GL5_PL384,71.9266881942749,5,andrew_latency_test,bulk_benchmark
51,0,400,0.2539370190061163,0.1489264800620731,646420.236426237,646420.341436776,646420.236558079,646420.238046402,646420.340837416,646420.340845096,0.1050105389440432,0.0014883229741826,0.1027910140110179,0.0005916799418628,5,384,andrew_latency_test_GL5_PL384,71.9266881942749,5,andrew_latency_test,bulk_benchmark
52,0,400,0.2564926150080282,0.1509364769153762,646420.593142423,646420.698698561,646420.593276226,646420.594717547,646420.69797456,646420.69798212,0.1055561380926519,0.0014413209864869,0.1032570130191743,0.0007164410781115,5,384,andrew_latency_test_GL5_PL384,71.9266881942749,5,andrew_latency_test,bulk_benchmark
53,0,400,0.2528999199857935,0.1477319289697334,646420.948876716,646421.054044707,646420.94905066,646420.950544833,646421.053408827,646421.053415998,0.1051679910160601,0.0014941729605197,0.1028639940777793,0.0006287089781835,5,384,andrew_latency_test_GL5_PL384,71.9266881942749,5,andrew_latency_test,bulk_benchmark
54,0,400,0.2556699159904383,0.1496244730078615,646421.30133605,646421.407381493,646421.301469621,646421.302949764,646421.406797144,646421.406804304,0.1060454429825767,0.0014801429351791,0.1038473800290376,0.000577189028263,5,384,andrew_latency_test_GL5_PL384,71.9266881942749,5,andrew_latency_test,bulk_benchmark
55,0,400,0.2543634189933073,0.1495837340771686,646421.658415541,646421.763195226,646421.658546313,646421.659993525,646421.762607777,646421.762614877,0.1047796849161386,0.0014472120674327,0.1026142520131543,0.0005803490057587,5,384,andrew_latency_test_GL5_PL384,71.9266881942749,5,andrew_latency_test,bulk_benchmark
56,0,400,0.2518262219964526,0.1470162179903127,646422.011735298,646422.116545302,646422.01186587,646422.013320362,646422.115939553,646422.115946664,0.1048100040061399,0.0014544919831678,0.1026191910495981,0.000598637969233,5,384,andrew_latency_test_GL5_PL384,71.9266881942749,5,andrew_latency_test,bulk_benchmark
57,0,400,0.2542886179871857,0.1492879809811711,646422.364765149,646422.469765786,646422.364894031,646422.366331402,646422.469157667,646422.469164897,0.1050006370060145,0.0014373710146173,0.1028262650361284,0.0006008889758959,5,384,andrew_latency_test_GL5_PL384,71.9266881942749,5,andrew_latency_test,bulk_benchmark
58,0,400,0.2535678189888131,0.1486261520476546,646422.720589522,646422.825531189,646422.720720484,646422.722211026,646422.82493458,646422.82494204,0.1049416669411584,0.001490541966632,0.1027235540095716,0.0005891489563509,5,384,andrew_latency_test_GL5_PL384,71.9266881942749,5,andrew_latency_test,bulk_benchmark
59,0,400,0.2543897190189454,0.1492682390671689,646423.073489671,646423.178611151,646423.073625583,646423.075168927,646423.178029672,646423.178037992,0.1051214799517765,0.0015433439984917,0.1028607450425624,0.000573158962652,5,384,andrew_latency_test_GL5_PL384,71.9266881942749,5,andrew_latency_test,bulk_benchmark
60,0,400,0.2552737170190085,0.1496063480444718,646423.429610139,646423.535277508,646423.429737182,646423.431406547,646423.534698039,646423.534705489,0.1056673689745366,0.0016693649813532,0.1032914919778704,0.0005720190238207,5,384,andrew_latency_test_GL5_PL384,71.9266881942749,5,andrew_latency_test,bulk_benchmark
61,0,400,0.2559325160109438,0.1505049700499512,646423.785724886,646423.891152432,646423.785853218,646423.787444072,646423.890542943,646423.890550773,0.1054275459609925,0.0015908539062365,0.1030988710699603,0.0006016589468345,5,384,andrew_latency_test_GL5_PL384,71.9266881942749,5,andrew_latency_test,bulk_benchmark
62,0,400,0.2618326069787144,0.1567791788838803,646424.148864553,646424.253917981,646424.148997014,646424.150462397,646424.253299791,646424.253307021,0.105053428094834,0.0014653829857707,0.1028373939916491,0.0006109600653871,5,384,andrew_latency_test_GL5_PL384,71.9266881942749,5,andrew_latency_test,bulk_benchmark
63,1,400,0.2598791100026574,0.1501312290492933,646424.504380241,646424.614128122,646424.504512813,646424.505955025,646424.613480652,646424.613487962,0.109747880953364,0.0014422120293602,0.1075256270123645,0.0006401599384844,5,384,andrew_latency_test_GL5_PL384,71.9266881942749,5,andrew_latency_test,bulk_benchmark
64,0,400,0.2547470179852098,0.1488290269626304,646424.862876817,646424.968794808,646424.863042169,646424.864528922,646424.968208969,646424.968216809,0.1059179910225793,0.0014867529971525,0.10368004697375,0.0005779990460723,5,384,andrew_latency_test_GL5_PL384,71.9266881942749,5,andrew_latency_test,bulk_benchmark
65,0,400,0.2551430170133244,0.1495690599258523,646425.219653584,646425.325227541,646425.219790947,646425.221277679,646425.324594091,646425.324601402,0.105573957087472,0.0014867319259792,0.1033164120744913,0.0006261389935389,5,384,andrew_latency_test_GL5_PL384,71.9266881942749,5,andrew_latency_test,bulk_benchmark
66,1,400,0.2557512159983162,0.1469051608873997,646425.57356786,646425.682413915,646425.573698572,646425.575178914,646425.681793246,646425.681801986,0.1088460551109165,0.0014803420053794,0.1066143319476395,0.000611929106526,5,384,andrew_latency_test_GL5_PL384,71.9266881942749,5,andrew_latency_test,bulk_benchmark
67,0,400,0.253972219012212,0.1489641509833745,646425.93182363,646426.036831698,646425.931959232,646425.933413554,646426.036240619,646426.036248169,0.1050080680288374,0.0014543220167979,0.10282706504222,0.0005835290066897,5,384,andrew_latency_test_GL5_PL384,71.9266881942749,5,andrew_latency_test,bulk_benchmark
68,0,400,0.2555600169871468,0.1491656980069819,646426.285047284,646426.391441603,646426.285185266,646426.286649878,646426.390850764,646426.390857864,0.1063943189801648,0.0014646119670942,0.10420088598039,0.000583738903515,5,384,andrew_latency_test_GL5_PL384,71.9266881942749,5,andrew_latency_test,bulk_benchmark
69,1,400,0.2602042090147733,0.150865325005725,646426.642826237,646426.752165121,646426.642962029,646426.644481042,646426.751528771,646426.751535742,0.1093388840090483,0.0015190130798146,0.1070477289613336,0.000629379064776,5,384,andrew_latency_test_GL5_PL384,71.9266881942749,5,andrew_latency_test,bulk_benchmark
70,0,400,0.2537454199919011,0.1489664659311529,646427.002884415,646427.107663369,646427.003037348,646427.004445649,646427.107104271,646427.107112291,0.1047789540607482,0.0014083009446039,0.1026586219668388,0.0005510780028998,5,384,andrew_latency_test_GL5_PL384,71.9266881942749,5,andrew_latency_test,bulk_benchmark
71,0,400,0.2558712160098366,0.1505960740032605,646427.358662508,646427.46393765,646427.358797811,646427.360269302,646427.463345511,646427.463353121,0.105275142006576,0.0014714910648763,0.1030762089649215,0.0005845290143042,5,384,andrew_latency_test_GL5_PL384,71.9266881942749,5,andrew_latency_test,bulk_benchmark
72,0,400,0.2558941160095855,0.1505563220707699,646427.713719149,646427.819056943,646427.713853092,646427.715374604,646427.818466245,646427.818473914,0.1053377939388156,0.0015215119346976,0.1030916409799829,0.0005830288864672,5,384,andrew_latency_test_GL5_PL384,71.9266881942749,5,andrew_latency_test,bulk_benchmark
73,0,400,0.2545589179790113,0.1495226489205379,646428.070143073,646428.175179342,646428.070272705,646428.071689656,646428.174579832,646428.174586882,0.1050362690584734,0.0014169509522616,0.1028901760000735,0.0005924600409343,5,384,andrew_latency_test_GL5_PL384,71.9266881942749,5,andrew_latency_test,bulk_benchmark
74,0,400,0.2553548169962596,0.1502805490454193,646428.425606301,646428.530680569,646428.425741153,646428.427240056,646428.530091611,646428.530098551,0.1050742679508403,0.0014989030314609,0.1028515549842268,0.0005820180522277,5,384,andrew_latency_test_GL5_PL384,71.9266881942749,5,andrew_latency_test,bulk_benchmark
75,0,400,0.2525235209905077,0.1476824459678027,646428.778871226,646428.883712301,646428.779033178,646428.78044742,646428.883143612,646428.883150762,0.1048410750227049,0.0014142419677227,0.1026961919851601,0.0005615390837192,5,384,andrew_latency_test_GL5_PL384,71.9266881942749,5,andrew_latency_test,bulk_benchmark
76,1,400,0.2726579909794964,0.1641610299120657,646429.147148759,646429.25564572,646429.147286101,646429.148727443,646429.255082361,646429.255090561,0.1084969610674306,0.0014413419412449,0.1063549180980771,0.0005551590584218,5,384,andrew_latency_test_GL5_PL384,71.9266881942749,5,andrew_latency_test,bulk_benchmark
77,0,400,0.2546724179992452,0.1497004709672182,646429.506321454,646429.611293401,646429.506452355,646429.507871767,646429.610726202,646429.610733352,0.1049719470320269,0.0014194120885804,0.1028544349828735,0.0005600489675998,5,384,andrew_latency_test_GL5_PL384,71.9266881942749,5,andrew_latency_test,bulk_benchmark
78,0,400,0.2556979159999173,0.1507495080295484,646429.86236438,646429.967312788,646429.862493802,646429.863908894,646429.966740299,646429.966747279,0.1049484079703688,0.0014150920324027,0.1028314050054177,0.0005655089626088,5,384,andrew_latency_test_GL5_PL384,71.9266881942749,5,andrew_latency_test,bulk_benchmark
79,0,400,0.2537156199978199,0.14864383006352,646430.216483477,646430.321555267,646430.21661977,646430.218193854,646430.320965728,646430.320973048,0.1050717899342998,0.0015740839298814,0.102771874051541,0.0005822189850732,5,384,andrew_latency_test_GL5_PL384,71.9266881942749,5,andrew_latency_test,bulk_benchmark
80,0,400,0.2540113189897965,0.1492883760656695,646430.572211861,646430.676934804,646430.572345493,646430.573791765,646430.676411046,646430.676418256,0.1047229429241269,0.0014462720137089,0.1026192809222266,0.0005165479378774,5,384,andrew_latency_test_GL5_PL384,71.9266881942749,5,andrew_latency_test,bulk_benchmark
81,0,400,0.2562637160008307,0.1512065670394804,646430.927289553,646431.032346702,646430.927424965,646430.928864867,646431.031784973,646431.031792122,0.1050571489613503,0.0014399020001292,0.1029201060300692,0.0005545798921957,5,384,andrew_latency_test_GL5_PL384,71.9266881942749,5,andrew_latency_test,bulk_benchmark
82,0,400,0.2535546190047171,0.1485500310955103,646431.283378881,646431.388383469,646431.283511053,646431.284932454,646431.38778933,646431.38779655,0.1050045879092067,0.0014214010443538,0.1028568759793415,0.000586918904446,5,384,andrew_latency_test_GL5_PL384,71.9266881942749,5,andrew_latency_test,bulk_benchmark
83,0,400,0.2576657119789161,0.1497163080493919,646431.63763469,646431.745584094,646431.637768332,646431.639282915,646431.744958544,646431.744965914,0.1079494039295241,0.0015145830111578,0.1056756289908662,0.0006181799108162,5,384,andrew_latency_test_GL5_PL384,71.9266881942749,5,andrew_latency_test,bulk_benchmark
84,0,400,0.2597115089884028,0.1506911900360137,646431.99649636,646432.105516679,646431.996648282,646431.998520242,646432.10491078,646432.10491829,0.109020318952389,0.0018719600047916,0.1063905379269272,0.0005983889568597,5,384,andrew_latency_test_GL5_PL384,71.9266881942749,5,andrew_latency_test,bulk_benchmark
85,0,400,0.2538897179765627,0.1475308500230312,646432.35462806,646432.460986928,646432.354760442,646432.356209204,646432.460376599,646432.460384459,0.1063588679535314,0.0014487619046121,0.1041673950385302,0.0006024689646437,5,384,andrew_latency_test_GL5_PL384,71.9266881942749,5,andrew_latency_test,bulk_benchmark
86,0,400,0.2538775180000812,0.1476745619438588,646432.709150114,646432.81535307,646432.709284256,646432.710759078,646432.81475271,646432.81476037,0.1062029560562223,0.0014748220564797,0.1039936320157721,0.0005927000893279,5,384,andrew_latency_test_GL5_PL384,71.9266881942749,5,andrew_latency_test,bulk_benchmark
87,0,400,0.2539798179932404,0.1489035580598283,646433.063446513,646433.168522773,646433.063578915,646433.065020057,646433.167935674,646433.167942724,0.105076259933412,0.0014411420561373,0.1029156169388443,0.0005800490034744,5,384,andrew_latency_test_GL5_PL384,71.9266881942749,5,andrew_latency_test,bulk_benchmark
88,0,400,0.2579693119914736,0.1528576420096214,646433.419711034,646433.524822704,646433.419848856,646433.42137826,646433.524260665,646433.524267596,0.1051116699818521,0.0015294039621949,0.1028824050445109,0.0005551080685108,5,384,andrew_latency_test_GL5_PL384,71.9266881942749,5,andrew_latency_test,bulk_benchmark
89,0,400,0.255647815996781,0.1503287040395662,646433.77890127,646433.884220382,646433.779067373,646433.780548315,646433.883639044,646433.883646464,0.1053191119572147,0.0014809420099481,0.1030907289823517,0.0005739179905503,5,384,andrew_latency_test_GL5_PL384,71.9266881942749,5,andrew_latency_test,bulk_benchmark
90,0,400,0.2547677159891464,0.1493737319833599,646434.13255904,646434.237953024,646434.132690553,646434.134156615,646434.237365695,646434.237372765,0.1053939840057864,0.0014660620363429,0.1032090799417346,0.0005802590167149,5,384,andrew_latency_test_GL5_PL384,71.9266881942749,5,andrew_latency_test,bulk_benchmark
91,0,400,0.2551687160157598,0.1497703219647519,646434.489146316,646434.59454471,646434.489282878,646434.490799651,646434.593959221,646434.593966691,0.1053983940510079,0.001516773016192,0.1031595700187608,0.0005780189530923,5,384,andrew_latency_test_GL5_PL384,71.9266881942749,5,andrew_latency_test,bulk_benchmark
92,0,400,0.2556577149953227,0.1506879180378746,646434.846096917,646434.951066714,646434.84623311,646434.84765915,646434.950473605,646434.950480815,0.1049697969574481,0.0014260400785133,0.1028144549345597,0.0005858989898115,5,384,andrew_latency_test_GL5_PL384,71.9266881942749,5,andrew_latency_test,bulk_benchmark
93,0,400,0.2544530180166475,0.1485264551010914,646435.200134483,646435.306061046,646435.200267145,646435.201692517,646435.305461226,646435.305468726,0.1059265629155561,0.0014253720873966,0.1037687089992687,0.0005923199933022,5,384,andrew_latency_test_GL5_PL384,71.9266881942749,5,andrew_latency_test,bulk_benchmark
94,0,400,0.2551737160247285,0.1503077610686887,646435.557041144,646435.661907099,646435.557173096,646435.558603577,646435.66132316,646435.66133072,0.1048659549560397,0.001430480973795,0.1027195830829441,0.0005763790104538,5,384,andrew_latency_test_GL5_PL384,71.9266881942749,5,andrew_latency_test,bulk_benchmark
95,2,400,0.2602443089999724,0.1477089870313648,646435.910686434,646436.023221756,646435.910820656,646435.912304669,646436.022593907,646436.022601457,0.1125353219686076,0.0014840130461379,0.1102892379276454,0.0006202990189194,5,384,andrew_latency_test_GL5_PL384,71.9266881942749,5,andrew_latency_test,bulk_benchmark
96,0,400,0.2555806150194257,0.1498512250836938,646436.273666686,646436.379396076,646436.273804198,646436.275326713,646436.378809607,646436.378817287,0.1057293899357318,0.0015225149691104,0.1034828940173611,0.0005787889240309,5,384,andrew_latency_test_GL5_PL384,71.9266881942749,5,andrew_latency_test,bulk_benchmark
97,0,400,0.2559878150059376,0.1501387049502227,646436.629099765,646436.734948875,646436.629231516,646436.630663248,646436.734391987,646436.734399297,0.1058491100557148,0.0014317319728434,0.1037287389626726,0.0005495779914781,5,384,andrew_latency_test_GL5_PL384,71.9266881942749,5,andrew_latency_test,bulk_benchmark
98,0,400,0.2558675150212366,0.1503446570422966,646436.98514824,646437.090671098,646436.985286113,646436.986810377,646437.090098349,646437.090105509,0.10552285797894,0.0015242639929056,0.1032879720441997,0.0005655889399349,5,384,andrew_latency_test_GL5_PL384,71.9266881942749,5,andrew_latency_test,bulk_benchmark
99,0,400,0.2543752169876825,0.1494879009842407,646437.340198194,646437.44508551,646437.340328516,646437.341708557,646437.444506911,646437.444514451,0.1048873160034418,0.0013800410088151,0.1027983539970591,0.0005710590630769,5,384,andrew_latency_test_GL5_PL384,71.9266881942749,5,andrew_latency_test,bulk_benchmark
100,0,400,0.2632897039875388,0.1506353310542181,646437.69677826,646437.809432633,646437.696941732,646437.699111304,646437.808799063,646437.808809674,0.1126543729333207,0.0021695720497518,0.1096877589588984,0.0006229589926078,5,384,andrew_latency_test_GL5_PL384,71.9266881942749,5,andrew_latency_test,bulk_benchmark
101,0,400,0.2557848150026984,0.1507534660049714,646438.060311819,646438.165343168,646438.060452972,646438.061937055,646438.164761159,646438.164768629,0.105031348997727,0.0014840830117464,0.1028241040185093,0.000574538949877,5,384,andrew_latency_test_GL5_PL384,71.9266881942749,5,andrew_latency_test,bulk_benchmark
102,0,400,0.2561031140212435,0.1510558550071437,646438.417552575,646438.522599834,646438.417685938,646438.41915187,646438.522016205,646438.522023885,0.1050472590140998,0.0014659320004284,0.1028643350582569,0.0005759489722549,5,384,andrew_latency_test_GL5_PL384,71.9266881942749,5,andrew_latency_test,bulk_benchmark
103,0,400,0.2562250150076579,0.1509163720475044,646438.773633983,646438.878942626,646438.773766925,646438.775239108,646438.878365957,646438.878373157,0.1053086429601535,0.0014721830375492,0.1031268489314243,0.0005694689461961,5,384,andrew_latency_test_GL5_PL384,71.9266881942749,5,andrew_latency_test,bulk_benchmark
104,0,400,0.2552782160055358,0.1500034539785701,646439.129309905,646439.234584667,646439.129440386,646439.130876398,646439.233977237,646439.233984367,0.1052747620269656,0.0014360119821503,0.1031008390709757,0.0006003000307828,5,384,andrew_latency_test_GL5_PL384,71.9266881942749,5,andrew_latency_test,bulk_benchmark
105,0,400,0.2557809150021057,0.1508146170235704,646439.486131273,646439.591097571,646439.486262726,646439.487676277,646439.590522532,646439.590529942,0.1049662979785353,0.0014135510427877,0.10284625494387,0.0005676290020346,5,384,andrew_latency_test_GL5_PL384,71.9266881942749,5,andrew_latency_test,bulk_benchmark
106,4,400,0.2657053000002634,0.1472831279679667,646439.8401116,646439.958533772,646439.840248321,646439.841733574,646439.957875901,646439.957883202,0.1184221720322966,0.001485253102146,0.116142326965928,0.0006505700293928,5,384,andrew_latency_test_GL5_PL384,71.9266881942749,5,andrew_latency_test,bulk_benchmark
107,0,400,0.2570152130210772,0.1519648240646347,646440.209208655,646440.314259044,646440.209343628,646440.210874771,646440.313680305,646440.313687555,0.1050503889564424,0.0015311429742723,0.1028055340284481,0.0005714889848604,5,384,andrew_latency_test_GL5_PL384,71.9266881942749,5,andrew_latency_test,bulk_benchmark
108,0,400,0.2628046039899345,0.1497098529653158,646440.565415445,646440.678510196,646440.565549027,646440.566981279,646440.677644993,646440.677655623,0.1130947510246187,0.001432252000086,0.1106637140037491,0.0008545730961486,5,384,andrew_latency_test_GL5_PL384,71.9266881942749,5,andrew_latency_test,bulk_benchmark
109,0,400,0.2558477149868849,0.1504864320449996,646440.930354538,646441.035715821,646440.93048846,646440.931920122,646441.035120532,646441.035127852,0.1053612829418852,0.0014316620072349,0.1032004100270569,0.0005879689706489,5,384,andrew_latency_test_GL5_PL384,71.9266881942749,5,andrew_latency_test,bulk_benchmark
110,0,400,0.2590766100038308,0.1539866519451607,646441.288508497,646441.393598455,646441.288643119,646441.290234903,646441.393022527,646441.393030528,0.1050899580586701,0.0015917839482426,0.1027876239968463,0.0005679270252585,5,384,andrew_latency_test_GL5_PL384,71.9266881942749,5,andrew_latency_test,bulk_benchmark
111,0,400,0.2638771030178759,0.1588986559363547,646441.643875734,646441.748854181,646441.644038306,646441.645502408,646441.748265382,646441.748272612,0.1049784470815211,0.0014641020679846,0.1027629739837721,0.0005815690383315,5,384,andrew_latency_test_GL5_PL384,71.9266881942749,5,andrew_latency_test,bulk_benchmark
112,0,400,0.2558492149983067,0.1508765078906435,646442.009127311,646442.114100018,646442.009264363,646442.010741065,646442.113469368,646442.113476888,0.1049727071076631,0.0014767020475119,0.1027283029397949,0.0006231300067156,5,384,andrew_latency_test_GL5_PL384,71.9266881942749,5,andrew_latency_test,bulk_benchmark
113,0,400,0.2548050160112325,0.1499443610955495,646442.365037366,646442.469898021,646442.365167038,646442.36659308,646442.469314002,646442.469321133,0.1048606549156829,0.0014260419411584,0.1027209219755604,0.0005768879782408,5,384,andrew_latency_test_GL5_PL384,71.9266881942749,5,andrew_latency_test,bulk_benchmark
114,0,400,0.255550014990149,0.1505921079951804,646442.72218783,646442.827145737,646442.722322082,646442.723732534,646442.826540108,646442.826547258,0.1049579069949686,0.0014104519505053,0.1028075739741325,0.0005984790623188,5,384,andrew_latency_test_GL5_PL384,71.9266881942749,5,andrew_latency_test,bulk_benchmark
115,0,400,0.2559083150117658,0.150278566929046,646443.076158835,646443.181788583,646443.076300908,646443.077814811,646443.181151063,646443.181158653,0.1056297480827197,0.001513903029263,0.1033362519228831,0.0006299300584942,5,384,andrew_latency_test_GL5_PL384,71.9266881942749,5,andrew_latency_test,bulk_benchmark
116,0,400,0.2542851170001086,0.148847651988035,646443.432149232,646443.537586697,646443.432285563,646443.433712945,646443.536987817,646443.536995507,0.1054374650120735,0.001427381997928,0.1032748720608651,0.0005911900661885,5,384,andrew_latency_test_GL5_PL384,71.9266881942749,5,andrew_latency_test,bulk_benchmark
117,0,400,0.2553028159891255,0.1498566909576766,646443.789421208,646443.894867333,646443.78955668,646443.791038273,646443.894247873,646443.894255633,0.1054461250314489,0.0014815930044278,0.1032095999689772,0.0006117000011727,5,384,andrew_latency_test_GL5_PL384,71.9266881942749,5,andrew_latency_test,bulk_benchmark
118,0,400,0.2538391179987229,0.1486537180026061,646444.142512291,646444.247697691,646444.142646562,646444.144108464,646444.247091122,646444.247098922,0.1051853999961167,0.0014619020512327,0.1029826579615473,0.0005987689364701,5,384,andrew_latency_test_GL5_PL384,71.9266881942749,5,andrew_latency_test,bulk_benchmark
119,0,400,0.2598295090137981,0.1510767440195195,646444.500385195,646444.60913796,646444.500520147,646444.50199715,646444.608522521,646444.608529811,0.1087527649942785,0.0014770029811188,0.1065253709675744,0.000608148984611,5,384,andrew_latency_test_GL5_PL384,71.9266881942749,5,andrew_latency_test,bulk_benchmark
120,0,400,0.2558463150053285,0.1506306640221737,646444.859362797,646444.964578448,646444.859496619,646444.86092185,646444.963937638,646444.963944878,0.1052156509831547,0.0014252309920266,0.1030157880159094,0.0006335700163617,5,384,andrew_latency_test_GL5_PL384,71.9266881942749,5,andrew_latency_test,bulk_benchmark
121,0,400,0.2598787089809775,0.1512920269742608,646445.217566388,646445.32615307,646445.21769397,646445.219173932,646445.32552727,646445.32553462,0.1085866820067167,0.001479962025769,0.106353337992914,0.0006184499943628,5,384,andrew_latency_test_GL5_PL384,71.9266881942749,5,andrew_latency_test,bulk_benchmark
122,0,400,0.2557946150191128,0.1506181840086355,646445.576138132,646445.681314563,646445.576271625,646445.577694696,646445.680693203,646445.680700573,0.1051764310104772,0.0014230710221454,0.1029985069762915,0.0006139900069683,5,384,andrew_latency_test_GL5_PL384,71.9266881942749,5,andrew_latency_test,bulk_benchmark
123,0,400,0.2577915120054967,0.1518388600670732,646445.933614211,646446.039566863,646445.933750834,646445.935360658,646446.038951974,646446.038959354,0.1059526519384235,0.0016098240157589,0.1035913160303607,0.0006075089331716,5,384,andrew_latency_test_GL5_PL384,71.9266881942749,5,andrew_latency_test,bulk_benchmark
124,0,400,0.2561692140006926,0.1510236819449346,646446.291777339,646446.396922871,646446.291910032,646446.293378715,646446.396313322,646446.396320362,0.1051455320557579,0.0014686830108985,0.1029346069553867,0.0006025090115144,5,384,andrew_latency_test_GL5_PL384,71.9266881942749,5,andrew_latency_test,bulk_benchmark
125,0,400,0.2575796119926963,0.1511066010280046,646446.647876648,646446.754349659,646446.64803156,646446.649559734,646446.753653859,646446.753660928,0.1064730109646916,0.0015281740343198,0.1040941249812021,0.0006887309718877,5,384,andrew_latency_test_GL5_PL384,71.9266881942749,5,andrew_latency_test,bulk_benchmark
126,0,400,0.253750317991944,0.1487053199962247,646447.005392869,646447.110437867,646447.005528471,646447.007055594,646447.109826257,646447.109833547,0.1050449979957193,0.0015271230367943,0.1027706629829481,0.0006043199682608,5,384,andrew_latency_test_GL5_PL384,71.9266881942749,5,andrew_latency_test,bulk_benchmark
127,0,400,0.2559222140116617,0.1506571120116859,646447.361241612,646447.466506714,646447.361376345,646447.363097251,646447.465880724,646447.465898144,0.1052651019999757,0.001720906002447,0.102783472975716,0.00060857005883,5,384,andrew_latency_test_GL5_PL384,71.9266881942749,5,andrew_latency_test,bulk_benchmark
128,1,400,0.2578110120084602,0.1491245889628771,646447.714896344,646447.823582767,646447.715057546,646447.716504338,646447.822947287,646447.822954968,0.108686423045583,0.0014467919245362,0.1064429490361362,0.0006277990760281,5,384,andrew_latency_test_GL5_PL384,71.9266881942749,5,andrew_latency_test,bulk_benchmark
129,0,400,0.2539479180122725,0.1490239210543222,646448.074416433,646448.17934043,646448.074553245,646448.075986417,646448.178752131,646448.178759471,0.1049239969579503,0.0014331720303744,0.1027657139347866,0.0005809589056298,5,384,andrew_latency_test_GL5_PL384,71.9266881942749,5,andrew_latency_test,bulk_benchmark
130,1,400,0.2558430150093045,0.1473380729730706,646448.426879986,646448.535384928,646448.427037269,646448.42843699,646448.534782608,646448.534789918,0.1085049420362338,0.00139972101897,0.1063456180272623,0.0005950100021436,5,384,andrew_latency_test_GL5_PL384,71.9266881942749,5,andrew_latency_test,bulk_benchmark
131,0,400,0.2560343150107655,0.1507174719881732,646448.785847828,646448.891164671,646448.786039481,646448.787433673,646448.890562262,646448.890569282,0.1053168430225923,0.0013941919896751,0.1031285889912396,0.0005953890504315,5,384,andrew_latency_test_GL5_PL384,71.9266881942749,5,andrew_latency_test,bulk_benchmark
132,0,400,0.2558328150189481,0.1507277950295247,646449.142432564,646449.247537584,646449.142564126,646449.144064949,646449.246939864,646449.246947684,0.1051050199894234,0.0015008229529485,0.1028749149991199,0.0005899000680074,5,384,andrew_latency_test_GL5_PL384,71.9266881942749,5,andrew_latency_test,bulk_benchmark
133,0,400,0.2557452149922028,0.1506700339959934,646449.498185095,646449.603260276,646449.498320917,646449.49983087,646449.602657037,646449.602664837,0.1050751809962093,0.0015099529409781,0.1028261670144274,0.0005954389926046,5,384,andrew_latency_test_GL5_PL384,71.9266881942749,5,andrew_latency_test,bulk_benchmark
134,0,400,0.2542368169815745,0.1486164299712982,646449.852797732,646449.958418119,646449.852928563,646449.854451867,646449.95779944,646449.95780661,0.1056203870102763,0.0015233040321618,0.1033475729636848,0.0006115089636296,5,384,andrew_latency_test_GL5_PL384,71.9266881942749,5,andrew_latency_test,bulk_benchmark
135,0,400,0.2535603180003818,0.1486308020248543,646450.208624187,646450.313553703,646450.208762499,646450.210301702,646450.312966304,646450.312973244,0.1049295159755274,0.001539202989079,0.1026646019890904,0.0005804590182378,5,384,andrew_latency_test_GL5_PL384,71.9266881942749,5,andrew_latency_test,bulk_benchmark
136,0,400,0.2586228100117296,0.1537582339951768,646450.563580567,646450.668445143,646450.563711189,646450.565158511,646450.667861013,646450.667868444,0.1048645760165527,0.0014473220799118,0.1027025019284337,0.0005766990361735,5,384,andrew_latency_test_GL5_PL384,71.9266881942749,5,andrew_latency_test,bulk_benchmark
137,0,400,0.2553287149930838,0.1500569619529415,646450.923182028,646451.028453781,646450.923312681,646450.925058347,646451.02784062,646451.027847991,0.1052717530401423,0.0017456660280004,0.1027822729665786,0.0006057900609448,5,384,andrew_latency_test_GL5_PL384,71.9266881942749,5,andrew_latency_test,bulk_benchmark
138,0,400,0.2614948059781454,0.1491304139490239,646451.278237249,646451.390601641,646451.278370031,646451.279793413,646451.389976001,646451.389983531,0.1123643920291215,0.00142338196747,0.1101825879886746,0.0006181100616231,5,384,andrew_latency_test_GL5_PL384,71.9266881942749,5,andrew_latency_test,bulk_benchmark
139,0,400,0.2519185210112482,0.1470673460280522,646451.638188407,646451.743039582,646451.638321259,646451.639744571,646451.742451304,646451.742458624,0.1048511749831959,0.0014233120018616,0.1027067330433055,0.0005809580907225,5,384,andrew_latency_test_GL5_PL384,71.9266881942749,5,andrew_latency_test,bulk_benchmark
140,0,400,0.2559890139964409,0.1509195549297146,646451.992865074,646452.097934533,646451.992996436,646451.994459228,646452.097333013,646452.097340473,0.1050694590667262,0.0014627920463681,0.1028737849555909,0.0005940600531175,5,384,andrew_latency_test_GL5_PL384,71.9266881942749,5,andrew_latency_test,bulk_benchmark
141,0,400,0.253817118005827,0.1484829749679193,646452.348603886,646452.453938029,646452.348739608,646452.350382503,646452.45333139,646452.45333913,0.1053341430379077,0.0016428950475528,0.1029488870408386,0.0005988989723846,5,384,andrew_latency_test_GL5_PL384,71.9266881942749,5,andrew_latency_test,bulk_benchmark
142,0,400,0.2605587079888209,0.1534735689638182,646452.706206938,646452.813292077,646452.706348679,646452.708144187,646452.812664568,646452.812672168,0.1070851390250027,0.001795507967472,0.10452038096264,0.0006199090275913,5,384,andrew_latency_test_GL5_PL384,71.9266881942749,5,andrew_latency_test,bulk_benchmark
143,0,400,0.2630808039975818,0.1515342460188549,646453.066468698,646453.178015256,646453.06662534,646453.068251345,646453.177228194,646453.177235644,0.1115465579787269,0.0016260049305856,0.1089768490055576,0.0007796119898557,5,384,andrew_latency_test_GL5_PL384,71.9266881942749,5,andrew_latency_test,bulk_benchmark
144,0,400,0.2575527119915932,0.1511144019896164,646453.42870861,646453.53514692,646453.428846843,646453.430376166,646453.53452171,646453.53452897,0.1064383100019767,0.0015293230535462,0.1041455439990386,0.0006179499905556,5,384,andrew_latency_test_GL5_PL384,71.9266881942749,5,andrew_latency_test,bulk_benchmark
145,0,400,0.2562793139950372,0.1498425850295461,646453.785178564,646453.891615293,646453.785318475,646453.786800678,646453.890988924,646453.891012084,0.106436728965491,0.0014822030207142,0.104188245953992,0.0006032090168446,5,384,andrew_latency_test_GL5_PL384,71.9266881942749,5,andrew_latency_test,bulk_benchmark
146,0,400,0.2556457150203641,0.1506664590851869,646454.143335034,646454.24831429,646454.143469626,646454.144910898,646454.247724311,646454.247731521,0.1049792559351772,0.0014412719756364,0.1028134130174294,0.0005827689310535,5,384,andrew_latency_test_GL5_PL384,71.9266881942749,5,andrew_latency_test,bulk_benchmark
147,0,400,0.2547734160034451,0.1498489990190137,646454.498981334,646454.603905751,646454.499141767,646454.500563409,646454.603326172,646454.603333332,0.1049244169844314,0.0014216419076547,0.1027627630392089,0.0005724190268665,5,384,andrew_latency_test_GL5_PL384,71.9266881942749,5,andrew_latency_test,bulk_benchmark
148,0,400,0.2551820160006173,0.150258248031605,646454.853586009,646454.958509777,646454.853722011,646454.855208544,646454.957903727,646454.957911156,0.1049237679690122,0.0014865329721942,0.1026951830135658,0.0005986209725961,5,384,andrew_latency_test_GL5_PL384,71.9266881942749,5,andrew_latency_test,bulk_benchmark
149,0,400,0.2536092180234846,0.1486653410538565,646455.209610466,646455.314554343,646455.209743328,646455.211255382,646455.313960324,646455.313967644,0.104943876969628,0.0015120540047064,0.1027049419935792,0.0005866989959031,5,384,andrew_latency_test_GL5_PL384,71.9266881942749,5,andrew_latency_test,bulk_benchmark
150,0,400,0.2559735160029959,0.1505569220462348,646455.564387804,646455.669804398,646455.564522326,646455.566098081,646455.66922063,646455.66922773,0.105416593956761,0.0015757549554109,0.1031225490150973,0.0005766679532825,5,384,andrew_latency_test_GL5_PL384,71.9266881942749,5,andrew_latency_test,bulk_benchmark
151,0,400,0.2618375080055557,0.1564511539763771,646455.918912818,646456.024299172,646455.919072231,646455.920581974,646456.023689303,646456.023696543,0.1053863540291786,0.0015097429277375,0.1031073289923369,0.0006026290357112,5,384,andrew_latency_test_GL5_PL384,71.9266881942749,5,andrew_latency_test,bulk_benchmark
152,0,400,0.2878703680180479,0.1815965810383204,646456.289813761,646456.396087548,646456.289994244,646456.291483197,646456.395424179,646456.395431879,0.1062737869797274,0.0014889530139043,0.1039409820223227,0.0006556690204888,5,384,andrew_latency_test_GL5_PL384,71.9266881942749,5,andrew_latency_test,bulk_benchmark
153,0,400,0.3192953210091218,0.213415990001522,646456.70310018,646456.808979511,646456.703246542,646456.704781514,646456.808340991,646456.808348591,0.1058793310075998,0.0015349719906225,0.1035594770219177,0.000630920054391,5,384,andrew_latency_test_GL5_PL384,71.9266881942749,5,andrew_latency_test,bulk_benchmark
154,0,400,0.2578409129928332,0.1526150499412324,646457.0903388,646457.195564663,646457.090472342,646457.091978685,646457.194952313,646457.194959254,0.1052258630516007,0.0015063430182635,0.1029736279742792,0.0006054090335965,5,384,andrew_latency_test_GL5_PL384,71.9266881942749,5,andrew_latency_test,bulk_benchmark
155,0,400,0.2577153139864094,0.1526975959422998,646457.448596603,646457.553614321,646457.448727614,646457.450232028,646457.553036762,646457.553044032,0.1050177180441096,0.0015044140163809,0.1028047340223565,0.0005702890921384,5,384,andrew_latency_test_GL5_PL384,71.9266881942749,5,andrew_latency_test,bulk_benchmark
156,0,400,0.2773017839936074,0.1719084509823005,646457.829810173,646457.935203506,646457.829966106,646457.831493189,646457.934607807,646457.934615007,0.1053933330113068,0.0015270829899236,0.1031146179884672,0.0005884990096092,5,384,andrew_latency_test_GL5_PL384,71.9266881942749,5,andrew_latency_test,bulk_benchmark
157,0,400,0.2939663589932024,0.1880547360051423,646458.208657946,646458.314569569,646458.208793758,646458.210298881,646458.31396893,646458.31397627,0.1059116229880601,0.0015051231021061,0.1036700489930808,0.0005932989297434,5,384,andrew_latency_test_GL5_PL384,71.9266881942749,5,andrew_latency_test,bulk_benchmark
158,0,400,0.3082037369895261,0.2031136890582274,646458.613118582,646458.71820863,646458.613248464,646458.614706166,646458.717603132,646458.717610032,0.1050900479312986,0.0014577020192518,0.1028969660401344,0.0005985980387777,5,384,andrew_latency_test_GL5_PL384,71.9266881942749,5,andrew_latency_test,bulk_benchmark
159,0,400,0.2698015949863475,0.1511492179415654,646458.988888608,646459.107540985,646458.98906343,646458.990628894,646459.106881435,646459.106889005,0.118652377044782,0.0015654639573767,0.1162525410763919,0.0006519799353554,5,384,andrew_latency_test_GL5_PL384,71.9266881942749,5,andrew_latency_test,bulk_benchmark
160,0,400,0.255503017018782,0.1504296179919038,646459.359077621,646459.46415102,646459.359212303,646459.360637096,646459.463545851,646459.463552891,0.1050733990268781,0.0014247930375859,0.1029087549541145,0.000598129001446,5,384,andrew_latency_test_GL5_PL384,71.9266881942749,5,andrew_latency_test,bulk_benchmark
161,1,400,0.2576218140020501,0.1487766379432287,646459.714257036,646459.823102212,646459.714394798,646459.7158644,646459.822471412,646459.822478752,0.1088451760588213,0.001469601993449,0.1066070119850337,0.000623460044153,5,384,andrew_latency_test_GL5_PL384,71.9266881942749,5,andrew_latency_test,bulk_benchmark
162,0,400,0.2562457159801852,0.1507523609034251,646460.073101696,646460.178595051,646460.073238608,646460.074721981,646460.177996692,646460.178019332,0.10549335507676,0.0014833729946985,0.103274711058475,0.0005757190519943,5,384,andrew_latency_test_GL5_PL384,71.9266881942749,5,andrew_latency_test,bulk_benchmark
163,0,400,0.2589338120014872,0.154018255037954,646460.431178643,646460.5360942,646460.431311275,646460.432726386,646460.535499952,646460.535507421,0.1049155569635331,0.0014151110081002,0.1027735660318285,0.0005867789732292,5,384,andrew_latency_test_GL5_PL384,71.9266881942749,5,andrew_latency_test,bulk_benchmark
164,1,400,0.2584426120156422,0.1498548899544403,646460.789422905,646460.898010627,646460.789550046,646460.790979908,646460.897387407,646460.897394458,0.1085877220612019,0.0014298619935289,0.1064074990572407,0.0006161690689623,5,384,andrew_latency_test_GL5_PL384,71.9266881942749,5,andrew_latency_test,bulk_benchmark
165,0,400,0.2538651200011372,0.1489480730379,646461.147657615,646461.252574662,646461.147793997,646461.149244389,646461.251955072,646461.251962512,0.1049170469632372,0.0014503920683637,0.1027106830151751,0.0006121499463915,5,384,andrew_latency_test_GL5_PL384,71.9266881942749,5,andrew_latency_test,bulk_benchmark
166,0,400,0.2556591159955133,0.15076359899831,646461.502544764,646461.607440281,646461.502676196,646461.504097048,646461.606844572,646461.606851902,0.1048955169972032,0.0014208519132807,0.1027475240407511,0.0005883789854124,5,384,andrew_latency_test_GL5_PL384,71.9266881942749,5,andrew_latency_test,bulk_benchmark
167,0,400,0.2573610139952507,0.152086531947134,646461.856380818,646461.9616553,646461.85651902,646461.858074864,646461.961058372,646461.961067082,0.1052744820481166,0.0015558439772576,0.1029835080262273,0.0005882179830223,5,384,andrew_latency_test_GL5_PL384,71.9266881942749,5,andrew_latency_test,bulk_benchmark
168,0,400,0.2564060150180012,0.151598101016134,646462.217660046,646462.32246796,646462.217795087,646462.219258,646462.32184944,646462.321856811,0.1048079140018671,0.0014629130018875,0.102591439965181,0.0006111490074545,5,384,andrew_latency_test_GL5_PL384,71.9266881942749,5,andrew_latency_test,bulk_benchmark
169,0,400,0.2538021200161893,0.1482335530745331,646462.571303906,646462.676872473,646462.571440389,646462.57289984,646462.676281073,646462.676288344,0.1055685669416561,0.0014594509266316,0.1033812330570072,0.0005841290112584,5,384,andrew_latency_test_GL5_PL384,71.9266881942749,5,andrew_latency_test,bulk_benchmark
170,0,400,0.2537622190138791,0.1488304810191039,646462.927688448,646463.032620186,646462.9278223,646462.929347453,646463.032039777,646463.032047237,0.1049317379947751,0.0015251530567184,0.102692323969677,0.0005729489494115,5,384,andrew_latency_test_GL5_PL384,71.9266881942749,5,andrew_latency_test,bulk_benchmark
171,0,400,0.2640099050186109,0.158806355058914,646463.291125639,646463.396329189,646463.291260671,646463.292758073,646463.39573534,646463.39574281,0.1052035499596968,0.0014974019723013,0.1029772670008242,0.0005863789701834,5,384,andrew_latency_test_GL5_PL384,71.9266881942749,5,andrew_latency_test,bulk_benchmark
172,0,400,0.253831224021269,0.148478821007302,646463.644339173,646463.749691576,646463.644466815,646463.645883247,646463.749058566,646463.749065526,0.1053524030139669,0.0014164319727569,0.1031753190327435,0.000626050052233,5,384,andrew_latency_test_GL5_PL384,71.9266881942749,5,andrew_latency_test,bulk_benchmark
173,0,400,0.2539251229900401,0.1485932920768391,646463.999830423,646464.105162254,646463.999963664,646464.001442456,646464.104529224,646464.104536556,0.1053318309132009,0.0014787920517846,0.1030867679510265,0.0006256978958845,5,384,andrew_latency_test_GL5_PL384,71.9266881942749,5,andrew_latency_test,bulk_benchmark
174,0,400,0.2558443210145924,0.150672960007796,646464.355174648,646464.460346009,646464.35531076,646464.356764253,646464.4597535,646464.4597609,0.1051713610067963,0.0014534930232912,0.1029892469523474,0.0005851089954376,5,384,andrew_latency_test_GL5_PL384,71.9266881942749,5,andrew_latency_test,bulk_benchmark
175,0,400,0.2558483209868427,0.15052833801019,646464.711368148,646464.816688131,646464.71149876,646464.712914892,646464.816099662,646464.816107352,0.1053199829766526,0.0014161319704726,0.1031847699778154,0.0005807789275422,5,384,andrew_latency_test_GL5_PL384,71.9266881942749,5,andrew_latency_test,bulk_benchmark
176,0,400,0.2562324199825525,0.1509590379428118,646465.069611179,646465.174884561,646465.069741381,646465.071307375,646465.174293152,646465.174300592,0.1052733820397406,0.001565993996337,0.102985777077265,0.0005839689401909,5,384,andrew_latency_test_GL5_PL384,71.9266881942749,5,andrew_latency_test,bulk_benchmark
177,0,400,0.2565065190137829,0.1502150010492187,646465.423837928,646465.530129446,646465.42397883,646465.425510313,646465.529510366,646465.529517926,0.1062915179645642,0.0015314830234274,0.1040000530192628,0.0006115199066698,5,384,andrew_latency_test_GL5_PL384,71.9266881942749,5,andrew_latency_test,bulk_benchmark
178,0,400,0.2548642229812685,0.1480147269612644,646465.780469705,646465.887319201,646465.780608067,646465.78216431,646465.886698941,646465.886706101,0.1068494960200041,0.0015562429325655,0.1045346310129389,0.000613100011833,5,384,andrew_latency_test_GL5_PL384,71.9266881942749,5,andrew_latency_test,bulk_benchmark
179,1,400,0.2559213200001977,0.1472443359089084,646466.134836837,646466.243513821,646466.13498683,646466.136491653,646466.242899632,646466.242907142,0.1086769840912893,0.0015048230998218,0.1064079789211973,0.0006066790083423,5,384,andrew_latency_test_GL5_PL384,71.9266881942749,5,andrew_latency_test,bulk_benchmark
180,0,400,0.255807620997075,0.1494182519963942,646466.493357092,646466.599746461,646466.493491474,646466.494951967,646466.599135381,646466.599142853,0.1063893690006807,0.0014604930765926,0.1041834140196442,0.0006036079721525,5,384,andrew_latency_test_GL5_PL384,71.9266881942749,5,andrew_latency_test,bulk_benchmark
181,0,400,0.2579219169856515,0.1519319739600177,646466.851820896,646466.957810839,646466.851954618,646466.85343427,646466.95720146,646466.957208489,0.1059899430256336,0.001479652011767,0.1037671900121495,0.0006023501046001,5,384,andrew_latency_test_GL5_PL384,71.9266881942749,5,andrew_latency_test,bulk_benchmark
182,0,400,0.2687877019925508,0.1500362949736882,646467.207893514,646467.326644921,646467.208053956,646467.209472318,646467.32597963,646467.32598772,0.1187514070188626,0.0014183619059622,0.1165073120500892,0.0006572009297087,5,384,andrew_latency_test_GL5_PL384,71.9266881942749,5,andrew_latency_test,bulk_benchmark
183,0,400,0.2528116250177845,0.1478407470276579,646467.57634966,646467.681320538,646467.576480982,646467.577914793,646467.680729569,646467.680736539,0.1049708779901266,0.0014338110340759,0.1028147760080173,0.0005839990917593,5,384,andrew_latency_test_GL5_PL384,71.9266881942749,5,andrew_latency_test,bulk_benchmark
184,0,400,0.2538562229892704,0.1484239590645302,646467.928824553,646468.034256817,646467.928955805,646467.930476098,646468.033631428,646468.033638678,0.1054322639247402,0.0015202929498627,0.1031553300563246,0.0006181389326229,5,384,andrew_latency_test_GL5_PL384,71.9266881942749,5,andrew_latency_test,bulk_benchmark
185,0,400,0.2559733200178016,0.14998902802472,646468.285881906,646468.391866198,646468.286091619,646468.287756754,646468.39124874,646468.39125624,0.1059842919930815,0.0016651349142193,0.1034919860539957,0.0006099580787122,5,384,andrew_latency_test_GL5_PL384,71.9266881942749,5,andrew_latency_test,bulk_benchmark
186,0,400,0.2538763240154367,0.1490661999850999,646468.64164097,646468.746451094,646468.641771492,646468.643237424,646468.745846884,646468.745854195,0.1048101240303367,0.0014659320004284,0.1026094600092619,0.0005968990735709,5,384,andrew_latency_test_GL5_PL384,71.9266881942749,5,andrew_latency_test,bulk_benchmark
187,0,400,0.2562666199810337,0.1481515660125296,646468.994700782,646469.102815836,646468.994837843,646468.996404167,646469.102190077,646469.102197677,0.108115053968504,0.0015663240337744,0.1057859099237248,0.0006181589560583,5,384,andrew_latency_test_GL5_PL384,71.9266881942749,5,andrew_latency_test,bulk_benchmark
188,0,400,0.253955323016271,0.1485744890524074,646469.351788384,646469.457169218,646469.351927086,646469.353406239,646469.456567428,646469.456574668,0.1053808339638635,0.0014791529392823,0.1031611890066415,0.0005945500452071,5,384,andrew_latency_test_GL5_PL384,71.9266881942749,5,andrew_latency_test,bulk_benchmark
189,0,400,0.2586172170122154,0.1514170349691994,646469.708096865,646469.815297047,646469.708230997,646469.709653019,646469.814655937,646469.814663447,0.1072001820430159,0.0014220220036804,0.1050029180478304,0.0006336000515148,5,384,andrew_latency_test_GL5_PL384,71.9266881942749,5,andrew_latency_test,bulk_benchmark
190,0,400,0.2568101189972367,0.1517716509697493,646470.067406803,646470.172445271,646470.067540894,646470.068983216,646470.171845122,646470.171852082,0.1050384680274874,0.001442321925424,0.102861906052567,0.0005931890336796,5,384,andrew_latency_test_GL5_PL384,71.9266881942749,5,andrew_latency_test,bulk_benchmark
191,0,400,0.2559814200212713,0.1510743740655016,646470.423186276,646470.528093322,646470.423319478,646470.424738419,646470.527511163,646470.527518023,0.1049070459557697,0.0014189409557729,0.1027727440232411,0.0005752989090979,5,384,andrew_latency_test_GL5_PL384,71.9266881942749,5,andrew_latency_test,bulk_benchmark
192,0,400,0.2555070219968911,0.150080658000661,646470.780436352,646470.885862716,646470.780566153,646470.782047136,646470.885223506,646470.885230876,0.10542636399623,0.0014809829881414,0.103176370030269,0.0006318399682641,5,384,andrew_latency_test_GL5_PL384,71.9266881942749,5,andrew_latency_test,bulk_benchmark
193,0,400,0.2549422220035922,0.1497627119242679,646471.133876449,646471.239055959,646471.134088172,646471.135570375,646471.238473301,646471.23848083,0.1051795100793242,0.0014822030207142,0.1029029260389506,0.0005751290591433,5,384,andrew_latency_test_GL5_PL384,71.9266881942749,5,andrew_latency_test,bulk_benchmark
194,0,400,0.2533258199982811,0.1482193200208712,646471.490391223,646471.595497723,646471.490523645,646471.491940306,646471.594925245,646471.594932445,0.1051064999774098,0.0014166610781103,0.1029849390033632,0.0005652779946103,5,384,andrew_latency_test_GL5_PL384,71.9266881942749,5,andrew_latency_test,bulk_benchmark
195,0,400,0.2538343189808074,0.1490653450891841,646471.844857027,646471.949626001,646471.844982969,646471.846449941,646471.949077202,646471.949084582,0.1047689738916233,0.0014669720549136,0.1026272609597072,0.0005414189072325,5,384,andrew_latency_test_GL5_PL384,71.9266881942749,5,andrew_latency_test,bulk_benchmark
196,0,400,0.2552079169836361,0.1502004378999117,646472.200570899,646472.305578378,646472.200701891,646472.202175164,646472.304989088,646472.304996269,0.1050074790837243,0.0014732730342075,0.1028139239642769,0.0005821089725941,5,384,andrew_latency_test_GL5_PL384,71.9266881942749,5,andrew_latency_test,bulk_benchmark
197,0,400,0.2586722119885962,0.1536127740691881,646472.558520816,646472.663580254,646472.558652348,646472.56009978,646472.662977145,646472.662984425,0.105059437919408,0.0014474319759756,0.1028773650759831,0.0005958289839327,5,384,andrew_latency_test_GL5_PL384,71.9266881942749,5,andrew_latency_test,bulk_benchmark
198,0,400,0.2572340140177402,0.1485869190946687,646472.914244777,646473.022891872,646472.914376969,646472.915797601,646473.022295742,646473.022302642,0.1086470949230715,0.0014206320047378,0.1064981409581378,0.0005892299814149,5,384,andrew_latency_test_GL5_PL384,71.9266881942749,5,andrew_latency_test,bulk_benchmark
199,0,400,0.2536757190246135,0.1489052149700001,646473.271724638,646473.376495142,646473.271860009,646473.273325392,646473.375905464,646473.375912613,0.1047705040546134,0.001465383102186,0.1025800720090046,0.0005825289990752,5,384,andrew_latency_test_GL5_PL384,71.9266881942749,5,andrew_latency_test,bulk_benchmark
200,0,400,0.25462101798621,0.1497761829814408,646473.625066804,646473.729911639,646473.625200376,646473.626659208,646473.72933477,646473.729342281,0.1048448350047692,0.0014588319463655,0.1026755620259791,0.0005693580023944,5,384,andrew_latency_test_GL5_PL384,71.9266881942749,5,andrew_latency_test,bulk_benchmark
1,4,400,0.3437229839910287,0.149978174973512,646477.525570792,646477.719315601,646477.525710894,646477.52744754,646477.716339186,646477.716346336,0.1937448090175166,0.0017366459360346,0.1888916459865868,0.0029692651005461,9,384,andrew_latency_test_GL9_PL384,86.90442538261414,9,andrew_latency_test,bulk_benchmark
2,1,400,0.3337472990097012,0.1488046750600915,646477.967365875,646478.152308499,646477.967496437,646477.968909979,646478.151476116,646478.151483647,0.1849426239496097,0.0014135419623926,0.1825661370530724,0.0008248520316556,9,384,andrew_latency_test_GL9_PL384,86.90442538261414,9,andrew_latency_test,bulk_benchmark
3,0,400,0.3298992049822118,0.1490070119907613,646478.402439705,646478.583331898,646478.402574388,646478.404031009,646478.582538635,646478.582546286,0.1808921929914504,0.0014566209865733,0.1785076260566711,0.0007856119191274,9,384,andrew_latency_test_GL9_PL384,86.90442538261414,9,andrew_latency_test,bulk_benchmark
4,0,400,0.330278804001864,0.1486629210994579,646478.832239435,646479.013855318,646478.832381137,646478.833965511,646479.013057566,646479.013065326,0.1816158829024061,0.001584373996593,0.1790920550702139,0.0007899919291958,9,384,andrew_latency_test_GL9_PL384,86.90442538261414,9,andrew_latency_test,bulk_benchmark
5,0,400,0.3278819069964811,0.1493910419521853,646479.264597964,646479.443088829,646479.264728105,646479.266195878,646479.442315497,646479.442322867,0.1784908650442958,0.0014677729923278,0.1761196189327165,0.0007659620605409,9,384,andrew_latency_test_GL9_PL384,86.90442538261414,9,andrew_latency_test,bulk_benchmark
6,0,400,0.3325995999912265,0.1516386040311772,646479.693604288,646479.874565284,646479.693736711,646479.695226083,646479.873740112,646479.873747381,0.1809609959600493,0.0014893719926476,0.1785140288993716,0.0008179029682651,9,384,andrew_latency_test_GL9_PL384,86.90442538261414,9,andrew_latency_test,bulk_benchmark
7,0,400,0.3290383059938904,0.1482061949500348,646480.125106966,646480.305939077,646480.125243508,646480.126724291,646480.305139745,646480.305147295,0.1808321110438555,0.0014807829866185,0.178415453992784,0.0007917820475995,9,384,andrew_latency_test_GL9_PL384,86.90442538261414,9,andrew_latency_test,bulk_benchmark
8,0,400,0.346055880014319,0.1494610279914923,646480.555934611,646480.752529463,646480.556101764,646480.557551866,646480.751645119,646480.75165249,0.1965948520228266,0.001450102077797,0.1940932529978454,0.0008769730338826,9,384,andrew_latency_test_GL9_PL384,86.90442538261414,9,andrew_latency_test,bulk_benchmark
9,0,400,0.3332748000102583,0.1525243489595595,646481.002608076,646481.183358527,646481.002740809,646481.00419686,646481.182543355,646481.182550735,0.1807504510506987,0.0014560510171577,0.1783464950276538,0.0008077920647338,9,384,andrew_latency_test_GL9_PL384,86.90442538261414,9,andrew_latency_test,bulk_benchmark
10,0,400,0.3290555060084443,0.1498563299828674,646481.434656822,646481.613855998,646481.434787664,646481.436265426,646481.612961795,646481.612969325,0.1791991760255769,0.0014777620090171,0.176696368958801,0.0008866729913279,9,384,andrew_latency_test_GL9_PL384,86.90442538261414,9,andrew_latency_test,bulk_benchmark
11,0,400,0.3277544079755898,0.1492396118992474,646481.864889668,646482.043404464,646481.86504904,646481.866524083,646482.042640082,646482.042647422,0.1785147960763424,0.0014750430127605,0.1761159989982843,0.0007570420857518,9,384,andrew_latency_test_GL9_PL384,86.90442538261414,9,andrew_latency_test,bulk_benchmark
12,0,400,0.3283661069872323,0.1496364369813818,646482.293434618,646482.472164288,646482.29357145,646482.295139644,646482.471383325,646482.471390877,0.1787296700058505,0.0015681938966736,0.176243681111373,0.0007734110113233,9,384,andrew_latency_test_GL9_PL384,86.90442538261414,9,andrew_latency_test,bulk_benchmark
13,0,400,0.3310040030046366,0.1528510919888503,646482.725448561,646482.903601472,646482.725588804,646482.727159827,646482.90284116,646482.902848841,0.1781529110157862,0.0015710230218246,0.175681332941167,0.0007526309927925,9,384,andrew_latency_test_GL9_PL384,86.90442538261414,9,andrew_latency_test,bulk_benchmark
14,0,400,0.3270054089953191,0.1487003559595905,646483.152426148,646483.330731201,646483.152553779,646483.154014712,646483.329872448,646483.329879628,0.1783050530357286,0.0014609330100938,0.1758577360305935,0.0008515729568898,9,384,andrew_latency_test_GL9_PL384,86.90442538261414,9,andrew_latency_test,bulk_benchmark
15,0,400,0.3275743080012034,0.1493900969799142,646483.581327494,646483.759511705,646483.581460886,646483.582905589,646483.758742004,646483.758749064,0.1781842110212892,0.0014447029680013,0.1758364150300622,0.0007626409642398,9,384,andrew_latency_test_GL9_PL384,86.90442538261414,9,andrew_latency_test,bulk_benchmark
16,0,400,0.3283400070213247,0.1501151550619397,646484.0089636,646484.187188452,646484.009126173,646484.010599755,646484.18641696,646484.186424131,0.1782248519593849,0.0014735820004716,0.1758172049885615,0.0007643209537491,9,384,andrew_latency_test_GL9_PL384,86.90442538261414,9,andrew_latency_test,bulk_benchmark
17,0,400,0.3279490070126485,0.1496854839788284,646484.437911827,646484.61617535,646484.43807884,646484.439489391,646484.615393418,646484.615401068,0.1782635230338201,0.0014105510199442,0.1759040269535035,0.0007742820307612,9,384,andrew_latency_test_GL9_PL384,86.90442538261414,9,andrew_latency_test,bulk_benchmark
18,0,400,0.3268661090114619,0.1487572680634912,646484.866058861,646485.044167702,646484.866192434,646484.867609365,646485.04340118,646485.04340825,0.1781088409479707,0.0014169310452416,0.1757918149232864,0.000759451999329,9,384,andrew_latency_test_GL9_PL384,86.90442538261414,9,andrew_latency_test,bulk_benchmark
19,2,400,0.3349085969966836,0.1493169640307314,646485.293446265,646485.479037898,646485.293581596,646485.2951231,646485.478244996,646485.478252507,0.1855916329659521,0.0015415040543302,0.1831218959996476,0.0007853909628465,9,384,andrew_latency_test_GL9_PL384,86.90442538261414,9,andrew_latency_test,bulk_benchmark
20,0,400,0.328944105975097,0.1498603500367608,646485.729966146,646485.909049902,646485.730128188,646485.73154693,646485.90826717,646485.9082747,0.1790837559383362,0.0014187420019879,0.1767202399205416,0.0007752019446343,9,384,andrew_latency_test_GL9_PL384,86.90442538261414,9,andrew_latency_test,bulk_benchmark
21,0,400,0.3700136440165806,0.1910780520702246,646486.199291878,646486.37822747,646486.19946872,646486.201528281,646486.377456149,646486.377463678,0.178935591946356,0.0020595609676092,0.1759278679965064,0.0007637919625267,9,384,andrew_latency_test_GL9_PL384,86.90442538261414,9,andrew_latency_test,bulk_benchmark
22,0,400,0.3299163049960043,0.1509764810034539,646486.630988875,646486.809928699,646486.631160229,646486.63260062,646486.809125746,646486.809132927,0.1789398239925503,0.0014403910608962,0.1765251259785145,0.0007957720663398,9,384,andrew_latency_test_GL9_PL384,86.90442538261414,9,andrew_latency_test,bulk_benchmark
23,0,400,0.3304083039984107,0.1510427359025925,646487.061257534,646487.240623102,646487.061390395,646487.062871058,646487.23983784,646487.239845181,0.1793655680958181,0.0014806629624217,0.1769667819608003,0.0007779210573062,9,384,andrew_latency_test_GL9_PL384,86.90442538261414,9,andrew_latency_test,bulk_benchmark
24,0,400,0.3272927090001758,0.1488988850906025,646487.49088238,646487.669276204,646487.491042252,646487.492467024,646487.668491652,646487.668499373,0.1783938239095732,0.0014247719664126,0.1760246279882267,0.0007768309442326,9,384,andrew_latency_test_GL9_PL384,86.90442538261414,9,andrew_latency_test,bulk_benchmark
25,0,400,0.3263262099935673,0.1481121370452456,646487.917692073,646488.095906146,646487.917826035,646487.919341468,646488.095156055,646488.095163115,0.1782140729483217,0.0015154330758377,0.175814586924389,0.0007430310361087,9,384,andrew_latency_test_GL9_PL384,86.90442538261414,9,andrew_latency_test,bulk_benchmark
26,0,400,0.3296839050017297,0.1490527960704639,646488.345967401,646488.52659851,646488.346141363,646488.347744848,646488.525800958,646488.525808207,0.1806311089312657,0.0016034849686548,0.1780561100458726,0.0007903029909357,9,384,andrew_latency_test_GL9_PL384,86.90442538261414,9,andrew_latency_test,bulk_benchmark
27,0,400,0.3282515059981961,0.1497054889623541,646488.77642979,646488.954975807,646488.776563532,646488.778056175,646488.954206645,646488.954213955,0.1785460170358419,0.0014926430303603,0.1761504700407385,0.0007618520176038,9,384,andrew_latency_test_GL9_PL384,86.90442538261414,9,andrew_latency_test,bulk_benchmark
28,3,400,0.3400268889963627,0.15061016601976,646489.20433259,646489.393749313,646489.204465762,646489.205946844,646489.392923351,646489.392930561,0.1894167229766026,0.001481081941165,0.1869765070732683,0.0008187519852072,9,384,andrew_latency_test_GL9_PL384,86.90442538261414,9,andrew_latency_test,bulk_benchmark
29,0,400,0.3294181049859617,0.1499889260448981,646489.64519285,646489.824622029,646489.645327482,646489.646790004,646489.823815077,646489.823822807,0.1794291789410635,0.0014625219628214,0.1770250729750841,0.0007992219179868,9,384,andrew_latency_test_GL9_PL384,86.90442538261414,9,andrew_latency_test,bulk_benchmark
30,0,400,0.3263543100038077,0.1472894149774219,646490.073186102,646490.252250997,646490.073318354,646490.074783566,646490.251416334,646490.251424054,0.1790648950263857,0.0014652119716629,0.1766327680088579,0.0008269429672509,9,384,andrew_latency_test_GL9_PL384,86.90442538261414,9,andrew_latency_test,bulk_benchmark
31,0,400,0.3274817079945933,0.1491350659343879,646490.501680283,646490.680026925,646490.501846065,646490.50348461,646490.679237113,646490.679244534,0.1783466420602053,0.0016385449562221,0.1757525029825046,0.0007823910564184,9,384,andrew_latency_test_GL9_PL384,86.90442538261414,9,andrew_latency_test,bulk_benchmark
32,0,400,0.3263188099954277,0.1482104199239984,646490.928376964,646491.106485354,646490.928507825,646490.929970979,646491.105691362,646491.105698672,0.1781083900714293,0.0014631539816036,0.17572038306389,0.0007866820087656,9,384,andrew_latency_test_GL9_PL384,86.90442538261414,9,andrew_latency_test,bulk_benchmark
33,0,400,0.3297199039952829,0.151269408990629,646491.357987451,646491.536437946,646491.358150444,646491.359646577,646491.535632364,646491.535639514,0.1784504950046539,0.0014961330452933,0.1759857869474217,0.0007984320400282,9,384,andrew_latency_test_GL9_PL384,86.90442538261414,9,andrew_latency_test,bulk_benchmark
34,0,400,0.330153404007433,0.150891483965097,646491.787694467,646491.966956387,646491.787824959,646491.789288601,646491.966165495,646491.966172986,0.179261920042336,0.0014636419946327,0.1768768939655274,0.0007834010757505,9,384,andrew_latency_test_GL9_PL384,86.90442538261414,9,andrew_latency_test,bulk_benchmark
35,0,400,0.3339624979998916,0.1519859689287841,646492.218781409,646492.400757938,646492.218911451,646492.220360662,646492.399963535,646492.399970606,0.1819765290711075,0.0014492109185084,0.1796028730459511,0.0007873320719227,9,384,andrew_latency_test_GL9_PL384,86.90442538261414,9,andrew_latency_test,bulk_benchmark
36,1,400,0.3339440980053041,0.1499142080137971,646492.652429027,646492.836458917,646492.652561669,646492.654061212,646492.835605655,646492.835613084,0.1840298899915069,0.001499542966485,0.1815444430103525,0.0008458329830318,9,384,andrew_latency_test_GL9_PL384,86.90442538261414,9,andrew_latency_test,bulk_benchmark
37,0,400,0.3439529830066021,0.1497465279826428,646493.086708115,646493.28091457,646493.086840757,646493.088308819,646493.280087578,646493.280095048,0.1942064550239592,0.0014680619351565,0.1917787590064108,0.0008195219561457,9,384,andrew_latency_test_GL9_PL384,86.90442538261414,9,andrew_latency_test,bulk_benchmark
38,0,400,0.3344699970039073,0.1523284960130695,646493.531880879,646493.71402238,646493.532051831,646493.533502394,646493.713156787,646493.713164217,0.1821415009908378,0.0014505629660561,0.1796543929958716,0.0008581629954278,9,384,andrew_latency_test_GL9_PL384,86.90442538261414,9,andrew_latency_test,bulk_benchmark
39,0,400,0.329325205006171,0.1501825589803047,646493.966352389,646494.145495035,646493.966488162,646493.967919124,646494.144679223,646494.144686823,0.1791426460258662,0.0014309620019048,0.1767600988969206,0.0008082119747996,9,384,andrew_latency_test_GL9_PL384,86.90442538261414,9,andrew_latency_test,bulk_benchmark
40,0,400,0.3322468010010198,0.1502600109670311,646494.39622592,646494.57821271,646494.396368932,646494.397982387,646494.577378357,646494.577386257,0.1819867900339886,0.0016134550096467,0.1793959699571132,0.0008264529751613,9,384,andrew_latency_test_GL9_PL384,86.90442538261414,9,andrew_latency_test,bulk_benchmark
41,2,400,0.3372466930013615,0.1485790830629412,646494.828430757,646495.017098367,646494.828570219,646494.830086262,646495.016228424,646495.016235424,0.1886676099384203,0.0015160429757088,0.1861421620706096,0.000862943008542,9,384,andrew_latency_test_GL9_PL384,86.90442538261414,9,andrew_latency_test,bulk_benchmark
42,0,400,0.3258607099996879,0.1472786220256239,646495.264631183,646495.443213271,646495.264766196,646495.26635761,646495.442422849,646495.442430129,0.178582087974064,0.0015914139803498,0.1760652390075847,0.0007831419352442,9,384,andrew_latency_test_GL9_PL384,86.90442538261414,9,andrew_latency_test,bulk_benchmark
43,0,400,0.328569506003987,0.1495267720310948,646495.691882875,646495.870925609,646495.692042027,646495.693477109,646495.870167168,646495.870174608,0.1790427339728921,0.0014350819401443,0.1766900590155273,0.0007510010618716,9,384,andrew_latency_test_GL9_PL384,86.90442538261414,9,andrew_latency_test,bulk_benchmark
44,2,400,0.3358312950003892,0.1500177470734343,646496.122383045,646496.308196593,646496.122514717,646496.123937728,646496.30739054,646496.307397831,0.1858135479269549,0.0014230109518393,0.1834528120234608,0.0007987619610503,9,384,andrew_latency_test_GL9_PL384,86.90442538261414,9,andrew_latency_test,bulk_benchmark
45,0,400,0.3310123019909952,0.1524670740182045,646496.558630852,646496.73717608,646496.558763445,646496.560221837,646496.736402798,646496.736409918,0.1785452279727906,0.0014583920128643,0.1761809609597548,0.0007661619456484,9,384,andrew_latency_test_GL9_PL384,86.90442538261414,9,andrew_latency_test,bulk_benchmark
46,0,400,0.3266273089975584,0.1479934010712895,646496.98823517,646497.166869078,646496.988368633,646496.989794933,646497.166100656,646497.166108426,0.1786339079262688,0.0014263000339269,0.1763057230273261,0.0007606518920511,9,384,andrew_latency_test_GL9_PL384,86.90442538261414,9,andrew_latency_test,bulk_benchmark
47,0,400,0.3284552059776615,0.1499069889250677,646497.416598258,646497.595146475,646497.416726561,646497.418242964,646497.594356252,646497.594363203,0.1785482170525938,0.0015164029318839,0.1761132880346849,0.0007832719711586,9,384,andrew_latency_test_GL9_PL384,86.90442538261414,9,andrew_latency_test,bulk_benchmark
48,0,400,0.3276006079977378,0.1491044319700449,646497.845379642,646498.023875818,646497.845514604,646497.847057977,646498.023111806,646498.023119657,0.1784961760276928,0.0015433729859068,0.1760538290254771,0.0007561610545963,9,384,andrew_latency_test_GL9_PL384,86.90442538261414,9,andrew_latency_test,bulk_benchmark
49,0,400,0.3298532039916608,0.1508347100170795,646498.27441811,646498.453436604,646498.274553902,646498.276042664,646498.452624672,646498.452631622,0.1790184939745813,0.0014887619763612,0.1765820080181583,0.0008049820316955,9,384,andrew_latency_test_GL9_PL384,86.90442538261414,9,andrew_latency_test,bulk_benchmark
50,0,400,0.3281065060000401,0.149602318968391,646498.703949515,646498.882453702,646498.704121989,646498.705633181,646498.881654339,646498.881661179,0.178504187031649,0.0015111920656636,0.176021157996729,0.0007925230311229,9,384,andrew_latency_test_GL9_PL384,86.90442538261414,9,andrew_latency_test,bulk_benchmark
51,2,400,0.3499609739810694,0.149396310938755,646499.132377254,646499.332941917,646499.132511536,646499.13406196,646499.332069724,646499.332077164,0.2005646630423143,0.0015504240291193,0.1980077639454975,0.0008647530339658,9,384,andrew_latency_test_GL9_PL384,86.90442538261414,9,andrew_latency_test,bulk_benchmark
52,0,400,0.3278512069955468,0.1498010279610753,646499.5828758,646499.760925979,646499.583035302,646499.584482624,646499.760159637,646499.760167637,0.1780501790344715,0.0014473219634965,0.1756770130014047,0.0007583419792354,9,384,andrew_latency_test_GL9_PL384,86.90442538261414,9,andrew_latency_test,bulk_benchmark
53,0,400,0.3281963070039637,0.1499475549790077,646500.011507411,646500.189756163,646500.011639924,646500.013102015,646500.188959542,646500.188967311,0.178248752024956,0.0014620909933,0.1758575269486755,0.0007888519903644,9,384,andrew_latency_test_GL9_PL384,86.90442538261414,9,andrew_latency_test,bulk_benchmark
54,0,400,0.3311600029992405,0.1531367029820103,646500.443060247,646500.621083547,646500.44319299,646500.444605661,646500.620299585,646500.620307255,0.1780233000172302,0.0014126709429547,0.1756939240731299,0.0007762920577079,9,384,andrew_latency_test_GL9_PL384,86.90442538261414,9,andrew_latency_test,bulk_benchmark
55,0,400,0.3286200059810653,0.1490780629683286,646500.870361879,646501.049903822,646500.870495682,646500.872017136,646501.04912949,646501.04913642,0.1795419430127367,0.0015214539598673,0.1771123540820554,0.0007674020016565,9,384,andrew_latency_test_GL9_PL384,86.90442538261414,9,andrew_latency_test,bulk_benchmark
56,0,400,0.3280108069884591,0.1497821439406834,646501.300614776,646501.478843439,646501.300743938,646501.302290452,646501.478060247,646501.478068057,0.1782286630477756,0.0015465139877051,0.1757697950815782,0.0007753820391371,9,384,andrew_latency_test_GL9_PL384,86.90442538261414,9,andrew_latency_test,bulk_benchmark
57,0,400,0.3415387870045379,0.1510099690640345,646501.729900639,646501.920429457,646501.730062111,646501.731523843,646501.919578695,646501.919586075,0.1905288179405033,0.0014617319684475,0.1880548519548028,0.0008433819748461,9,384,andrew_latency_test_GL9_PL384,86.90442538261414,9,andrew_latency_test,bulk_benchmark
58,4,400,0.3418214860139414,0.1499635350191965,646502.171397715,646502.363255666,646502.171530617,646502.172958619,646502.362393383,646502.362400743,0.1918579509947449,0.0014280019095167,0.1894347640918567,0.000854923040606,9,384,andrew_latency_test_GL9_PL384,86.90442538261414,9,andrew_latency_test,bulk_benchmark
59,0,400,0.3296077050035819,0.1508514529559761,646502.614481967,646502.793238219,646502.614615639,646502.616086272,646502.792424906,646502.792432466,0.1787562520476058,0.0014706330839544,0.1763386339880526,0.0008057529339566,9,384,andrew_latency_test_GL9_PL384,86.90442538261414,9,andrew_latency_test,bulk_benchmark
60,0,400,0.3261949089937843,0.1477175610489212,646503.042747113,646503.221224461,646503.042880045,646503.044338438,646503.220419328,646503.220426539,0.1784773479448631,0.0014583929441869,0.1760808899998664,0.0007979220245033,9,384,andrew_latency_test_GL9_PL384,86.90442538261414,9,andrew_latency_test,bulk_benchmark
61,0,400,0.3455928809999022,0.1673756399250123,646503.482954943,646503.661172184,646503.483120225,646503.484562407,646503.660379643,646503.660386923,0.1782172410748899,0.0014421819942072,0.1758172359550371,0.0007852610433474,9,384,andrew_latency_test_GL9_PL384,86.90442538261414,9,andrew_latency_test,bulk_benchmark
62,0,400,0.3300868039950728,0.1509846190456301,646503.917972972,646504.097075157,646503.918138844,646503.919567776,646504.096256975,646504.096263865,0.1791021849494427,0.0014289320679381,0.1766891989391297,0.0008112919749692,9,384,andrew_latency_test_GL9_PL384,86.90442538261414,9,andrew_latency_test,bulk_benchmark
63,1,400,0.3366586950141936,0.1491858930094167,646504.345587089,646504.533059891,646504.345725391,646504.347315335,646504.532180489,646504.532187998,0.1874728020047769,0.0015899440040811,0.1848651540931314,0.0008718930184841,9,384,andrew_latency_test_GL9_PL384,86.90442538261414,9,andrew_latency_test,bulk_benchmark
64,1,400,0.3353583959979005,0.1497931620688177,646504.784097471,646504.969662705,646504.784237944,646504.785784917,646504.968844313,646504.968851663,0.1855652339290827,0.0015469728969037,0.1830593961058184,0.0008110419148579,9,384,andrew_latency_test_GL9_PL384,86.90442538261414,9,andrew_latency_test,bulk_benchmark
65,0,400,0.3281804069993086,0.1498358729877509,646505.220891107,646505.399235641,646505.221060691,646505.222552572,646505.398464699,646505.398472489,0.1783445340115577,0.0014918809756636,0.1759121270151808,0.0007631520275026,9,384,andrew_latency_test_GL9_PL384,86.90442538261414,9,andrew_latency_test,bulk_benchmark
66,0,400,0.3279791079985443,0.1491751360299531,646505.649157353,646505.827961325,646505.649292565,646505.650755477,646505.82701318,646505.82704875,0.1788039719685912,0.0014629120705649,0.1762577029876411,0.0009125749347731,9,384,andrew_latency_test_GL9_PL384,86.90442538261414,9,andrew_latency_test,bulk_benchmark
67,0,400,0.3303983040095772,0.1514105701062362,646506.078676969,646506.257664703,646506.078833351,646506.080540308,646506.256885321,646506.256893291,0.178987733903341,0.0017069570021703,0.1763450129656121,0.0007714119274169,9,384,andrew_latency_test_GL9_PL384,86.90442538261414,9,andrew_latency_test,bulk_benchmark
68,0,400,0.3273747079947497,0.1484860370110254,646506.507912511,646506.686801182,646506.508066523,646506.509497885,646506.68604579,646506.686053031,0.1788886709837243,0.0014313620049506,0.1765479049645364,0.0007481509819626,9,384,andrew_latency_test_GL9_PL384,86.90442538261414,9,andrew_latency_test,bulk_benchmark
69,0,400,0.3255875110044144,0.1474131281138397,646506.934432349,646507.112606732,646506.934560691,646506.935961392,646507.11182881,646507.1118362,0.1781743828905746,0.0014007010031491,0.1758674179436639,0.0007705319439992,9,384,andrew_latency_test_GL9_PL384,86.90442538261414,9,andrew_latency_test,bulk_benchmark
70,0,400,0.3262888099998235,0.1478591649793088,646507.361055752,646507.539485397,646507.361199164,646507.362728367,646507.538709955,646507.538717346,0.1784296450205147,0.0015292030293494,0.175981588079594,0.0007680510170757,9,384,andrew_latency_test_GL9_PL384,86.90442538261414,9,andrew_latency_test,bulk_benchmark
71,0,400,0.3278818079852499,0.1490609149332158,646507.789092014,646507.967912907,646507.789222786,646507.790665778,646507.967144655,646507.967151935,0.178820893052034,0.0014429920120164,0.1764788769651204,0.0007609720341861,9,384,andrew_latency_test_GL9_PL384,86.90442538261414,9,andrew_latency_test,bulk_benchmark
72,0,400,0.330021204019431,0.1518437120248563,646508.218176023,646508.396353515,646508.218308286,646508.219735447,646508.395585203,646508.395592923,0.1781774919945746,0.0014271609252318,0.1758497559931129,0.0007605919381603,9,384,andrew_latency_test_GL9_PL384,86.90442538261414,9,andrew_latency_test,bulk_benchmark
73,0,400,0.3311959029815625,0.1531334640167188,646508.650660355,646508.828722794,646508.650794607,646508.65228211,646508.827944473,646508.827952493,0.1780624389648437,0.0014875029446557,0.1756623630644753,0.0007703009760007,9,384,andrew_latency_test_GL9_PL384,86.90442538261414,9,andrew_latency_test,bulk_benchmark
74,0,400,0.3291164059774019,0.1504806879092939,646509.080431124,646509.259066842,646509.080563656,646509.082052178,646509.25829337,646509.25830043,0.1786357180681079,0.0014885219279676,0.176241192035377,0.0007664120057597,9,384,andrew_latency_test_GL9_PL384,86.90442538261414,9,andrew_latency_test,bulk_benchmark
75,0,400,0.3316973010078072,0.1525075249373912,646509.51124056,646509.690430336,646509.511429722,646509.512902625,646509.689624414,646509.689631824,0.1791897760704159,0.0014729030663147,0.1767217889428138,0.0007985120173543,9,384,andrew_latency_test_GL9_PL384,86.90442538261414,9,andrew_latency_test,bulk_benchmark
76,0,400,0.3340108990087174,0.150416194985155,646509.941536226,646510.12513093,646509.941671948,646509.943250063,646510.124296798,646510.124304408,0.1835947040235623,0.0015781150432303,0.1810467350296676,0.0008265220094472,9,384,andrew_latency_test_GL9_PL384,86.90442538261414,9,andrew_latency_test,bulk_benchmark
77,0,400,0.3344714980048593,0.1538738399685826,646510.379903237,646510.560500895,646510.38006683,646510.381590113,646510.559695553,646510.559702583,0.1805976580362767,0.0015232830774039,0.1781054399907589,0.0007983120158314,9,384,andrew_latency_test_GL9_PL384,86.90442538261414,9,andrew_latency_test,bulk_benchmark
78,0,400,0.3311844019917771,0.1505652929190546,646510.812270316,646510.992889425,646510.812408268,646510.813902431,646510.992098483,646510.992106203,0.1806191090727225,0.0014941630652174,0.1781960519729182,0.0007832220289856,9,384,andrew_latency_test_GL9_PL384,86.90442538261414,9,andrew_latency_test,bulk_benchmark
79,0,400,0.3281534069974441,0.1502087100234348,646511.243682891,646511.421627588,646511.243813813,646511.245289095,646511.420859387,646511.420867117,0.1779446969740092,0.0014752820134162,0.1755702920490875,0.0007604709826409,9,384,andrew_latency_test_GL9_PL384,86.90442538261414,9,andrew_latency_test,bulk_benchmark
80,0,400,0.3272140079934615,0.1490180359978694,646511.671163194,646511.849359166,646511.671294506,646511.672724408,646511.848594175,646511.848601705,0.1781959719955921,0.0014299019239842,0.1758697669720277,0.0007574609480798,9,384,andrew_latency_test_GL9_PL384,86.90442538261414,9,andrew_latency_test,bulk_benchmark
81,0,400,0.3307860030035954,0.1523960980994161,646512.100633549,646512.279023454,646512.100766241,646512.102302764,646512.278252782,646512.278260132,0.1783899049041792,0.0015365229919552,0.1759500179905444,0.0007633219938725,9,384,andrew_latency_test_GL9_PL384,86.90442538261414,9,andrew_latency_test,bulk_benchmark
82,0,400,0.3284232059959322,0.1502474040025845,646512.529959432,646512.708135234,646512.530122675,646512.531541816,646512.707371912,646512.707379332,0.1781758019933477,0.0014191409572958,0.1758300960063934,0.0007559019140899,9,384,andrew_latency_test_GL9_PL384,86.90442538261414,9,andrew_latency_test,bulk_benchmark
83,0,400,0.3289525049913209,0.1505453700374346,646512.960903599,646513.139310734,646512.961069332,646512.962520734,646513.138525692,646513.138532892,0.1784071349538862,0.0014514020876958,0.1760049579897895,0.0007778420113027,9,384,andrew_latency_test_GL9_PL384,86.90442538261414,9,andrew_latency_test,bulk_benchmark
84,1,400,0.3297720039845444,0.1483797028777189,646513.387755964,646513.569148265,646513.387889806,646513.389322258,646513.568375793,646513.568382943,0.1813923011068254,0.0014324520016089,0.1790535351028666,0.0007653220091015,9,384,andrew_latency_test_GL9_PL384,86.90442538261414,9,andrew_latency_test,bulk_benchmark
85,0,400,0.3278053069952875,0.1495967740193009,646513.819597164,646513.997805697,646513.819728766,646513.821173268,646513.997062476,646513.997069636,0.1782085329759866,0.0014445020351558,0.1758892079815268,0.0007360610179603,9,384,andrew_latency_test_GL9_PL384,86.90442538261414,9,andrew_latency_test,bulk_benchmark
86,0,400,0.3280483070120681,0.1497927429445553,646514.246690003,646514.424945567,646514.246817786,646514.248251667,646514.424182365,646514.424189615,0.1782555640675127,0.0014338809996843,0.1759306979365646,0.0007559520890936,9,384,andrew_latency_test_GL9_PL384,86.90442538261414,9,andrew_latency_test,bulk_benchmark
87,0,400,0.3305419029784389,0.152451693022158,646514.677625991,646514.855716201,646514.677755613,646514.679211996,646514.85494383,646514.85495113,0.1780902099562809,0.0014563830336555,0.1757318340241909,0.0007650710176676,9,384,andrew_latency_test_GL9_PL384,86.90442538261414,9,andrew_latency_test,bulk_benchmark
88,0,400,0.3293189049873035,0.1501762399857398,646515.107122807,646515.286265472,646515.107254348,646515.10868721,646515.285464251,646515.285471671,0.1791426650015637,0.0014328620163723,0.1767770409351214,0.0007938009221106,9,384,andrew_latency_test_GL9_PL384,86.90442538261414,9,andrew_latency_test,bulk_benchmark
89,1,400,0.3366247939993627,0.1545989239239134,646515.540827896,646515.722853766,646515.540957518,646515.542459241,646515.722065704,646515.722072655,0.1820258700754493,0.0015017229598015,0.1796064629452303,0.0007811110699549,9,384,andrew_latency_test_GL9_PL384,86.90442538261414,9,andrew_latency_test,bulk_benchmark
90,0,400,0.3279482059879228,0.1492828170303255,646515.973437419,646516.152102808,646515.973568731,646515.975159106,646516.151342526,646516.151350097,0.1786653889575973,0.0015903749736025,0.1761834200005978,0.0007527109701186,9,384,andrew_latency_test_GL9_PL384,86.90442538261414,9,andrew_latency_test,bulk_benchmark
91,0,400,0.37116964199231,0.1928753690153826,646516.445963579,646516.624257852,646516.446128121,646516.447552703,646516.62348364,646516.623491131,0.1782942729769274,0.0014245819766074,0.1759309370536357,0.0007667209720239,9,384,andrew_latency_test_GL9_PL384,86.90442538261414,9,andrew_latency_test,bulk_benchmark
92,0,400,0.3264466089894995,0.1479374129557982,646516.872553781,646517.051062977,646516.872685663,646516.874199215,646517.050283585,646517.050290765,0.1785091960337013,0.0015135519206523,0.1760843700030818,0.0007722120499238,9,384,andrew_latency_test_GL9_PL384,86.90442538261414,9,andrew_latency_test,bulk_benchmark
93,3,400,0.3399095890054013,0.1506821680522989,646517.301141461,646517.490368882,646517.301276062,646517.302726554,646517.489520818,646517.489528049,0.1892274209531024,0.0014504919527098,0.1867942640092224,0.0008408329449594,9,384,andrew_latency_test_GL9_PL384,86.90442538261414,9,andrew_latency_test,bulk_benchmark
94,0,400,0.32868320599664,0.1504603939829394,646517.741425102,646517.919647914,646517.741555304,646517.742988546,646517.918875162,646517.918882782,0.1782228120137006,0.0014332419959828,0.1758866159943863,0.0007651320192962,9,384,andrew_latency_test_GL9_PL384,86.90442538261414,9,andrew_latency_test,bulk_benchmark
95,0,400,0.3319442009960767,0.150083164073294,646518.170104654,646518.351965691,646518.170240237,646518.171649917,646518.351179889,646518.35118746,0.1818610369227826,0.0014096800005063,0.1795299720251932,0.0007782309548929,9,384,andrew_latency_test_GL9_PL384,86.90442538261414,9,andrew_latency_test,bulk_benchmark
96,0,400,0.3271651079994626,0.149101206974592,646518.60238513,646518.780449031,646518.602516523,646518.603922945,646518.77966723,646518.77967457,0.1780639010248705,0.0014064220013096,0.1757442849921062,0.0007744610775262,9,384,andrew_latency_test_GL9_PL384,86.90442538261414,9,andrew_latency_test,bulk_benchmark
97,1,400,0.3300842029857449,0.1471304690348915,646519.028553996,646519.21150773,646519.028685769,646519.030176252,646519.210680468,646519.210688158,0.1829537339508533,0.0014904830604791,0.1805042159976437,0.0008195718983188,9,384,andrew_latency_test_GL9_PL384,86.90442538261414,9,andrew_latency_test,bulk_benchmark
98,0,400,0.3285157940117642,0.150332513032481,646519.46123455,646519.639417831,646519.461369632,646519.462839224,646519.638643379,646519.63865091,0.1781832809792831,0.0014695919817313,0.1758041549474001,0.0007669209735468,9,384,andrew_latency_test_GL9_PL384,86.90442538261414,9,andrew_latency_test,bulk_benchmark
99,0,400,0.3394247730029747,0.1499386290088296,646519.889301373,646520.078787517,646519.889440465,646519.890898718,646520.077949874,646520.077957594,0.1894861439941451,0.00145825301297,0.187051155953668,0.0008299230830743,9,384,andrew_latency_test_GL9_PL384,86.90442538261414,9,andrew_latency_test,bulk_benchmark
100,0,400,0.3295390889979899,0.1503316810121759,646520.330517877,646520.509725285,646520.33065484,646520.332153282,646520.508928102,646520.508935393,0.1792074079858139,0.0014984420267865,0.1767748199636116,0.0007898920448496,9,384,andrew_latency_test_GL9_PL384,86.90442538261414,9,andrew_latency_test,bulk_benchmark
101,0,400,0.3303991869906895,0.1508286039461381,646520.760553841,646520.940124424,646520.760684153,646520.762167196,646520.939343012,646520.939350272,0.1795705830445513,0.0014830430736765,0.1771758160321042,0.000774152111262,9,384,andrew_latency_test_GL9_PL384,86.90442538261414,9,andrew_latency_test,bulk_benchmark
102,0,400,0.327699790999759,0.1493868880788795,646521.191653141,646521.369966044,646521.191788484,646521.193228755,646521.369182703,646521.369190072,0.1783129029208794,0.0014402710366994,0.1759539479389786,0.0007759720319882,9,384,andrew_latency_test_GL9_PL384,86.90442538261414,9,andrew_latency_test,bulk_benchmark
103,0,400,0.3281008909980301,0.1495772439811844,646521.619646953,646521.7981706,646521.619778495,646521.621240758,646521.797373918,646521.797381398,0.1785236470168456,0.0014622629387304,0.1761331600137055,0.0007892019348219,9,384,andrew_latency_test_GL9_PL384,86.90442538261414,9,andrew_latency_test,bulk_benchmark
104,0,400,0.3273982919927221,0.1484643380099441,646522.047856808,646522.226790762,646522.04798877,646522.049424602,646522.2259954,646522.226018221,0.1789339539827779,0.0014358320040628,0.1765707980375737,0.0007725410396233,9,384,andrew_latency_test_GL9_PL384,86.90442538261414,9,andrew_latency_test,bulk_benchmark
105,0,400,0.3303873870172538,0.1479481789865531,646522.474280517,646522.656719725,646522.474427369,646522.475969383,646522.655922813,646522.655929853,0.1824392080307006,0.0015420140698552,0.179953429964371,0.0007898720214143,9,384,andrew_latency_test_GL9_PL384,86.90442538261414,9,andrew_latency_test,bulk_benchmark
106,0,400,0.3300182879902422,0.150507335900329,646522.906395183,646523.085906135,646522.906530125,646522.907980137,646523.085083302,646523.085091453,0.1795109520899132,0.0014500120887532,0.1771031649550423,0.0008146819891408,9,384,andrew_latency_test_GL9_PL384,86.90442538261414,9,andrew_latency_test,bulk_benchmark
107,0,400,0.3417758689902257,0.1520815529802348,646523.338788213,646523.528482529,646523.338922495,646523.340378287,646523.527652456,646523.527659496,0.1896943160099908,0.0014557919930666,0.1872741689439863,0.000823033042252,9,384,andrew_latency_test_GL9_PL384,86.90442538261414,9,andrew_latency_test,bulk_benchmark
108,0,400,0.3285181899846066,0.1502076459873933,646523.779916025,646523.958226569,646523.780078348,646523.78151532,646523.957402906,646523.957410306,0.1783105439972132,0.0014369719428941,0.1758875860832631,0.0008162630256265,9,384,andrew_latency_test_GL9_PL384,86.90442538261414,9,andrew_latency_test,bulk_benchmark
109,0,400,0.3285827899817377,0.1501821939600631,646524.207955578,646524.386356174,646524.208115962,646524.209536112,646524.385535641,646524.38554293,0.1784005960216745,0.0014201500453054,0.1759995289612561,0.0008132440270856,9,384,andrew_latency_test_GL9_PL384,86.90442538261414,9,andrew_latency_test,bulk_benchmark
110,1,400,0.3367650769941974,0.1546847559802699,646524.641930591,646524.824010912,646524.642089925,646524.643506615,646524.8232145,646524.8232216,0.1820803210139274,0.0014166899491101,0.1797078850213438,0.000789311947301,9,384,andrew_latency_test_GL9_PL384,86.90442538261414,9,andrew_latency_test,bulk_benchmark
111,0,400,0.3275780920230318,0.1489958040474448,646525.075193095,646525.253775383,646525.075325687,646525.076741918,646525.252986051,646525.252993591,0.1785822879755869,0.0014162310399115,0.1762441330356523,0.0007817919831722,9,384,andrew_latency_test_GL9_PL384,86.90442538261414,9,andrew_latency_test,bulk_benchmark
112,0,400,0.326279392989818,0.1473617199226282,646525.501263968,646525.680181641,646525.50140032,646525.502931073,646525.679404289,646525.679411819,0.1789176730671897,0.0015307529829442,0.1764732160372659,0.0007698220433667,9,384,andrew_latency_test_GL9_PL384,86.90442538261414,9,andrew_latency_test,bulk_benchmark
113,0,400,0.3274322919896804,0.1489521749899722,646525.930224575,646526.108704692,646525.930360548,646525.93180297,646526.10791257,646526.10792034,0.1784801169997081,0.0014424220426008,0.1761095999972894,0.0007843519560992,9,384,andrew_latency_test_GL9_PL384,86.90442538261414,9,andrew_latency_test,bulk_benchmark
114,0,400,0.3318883850006386,0.1529017409775406,646526.358426261,646526.537412905,646526.358558113,646526.359972585,646526.536614583,646526.536622123,0.178986644023098,0.0014144720043987,0.176641997997649,0.000790782039985,9,384,andrew_latency_test_GL9_PL384,86.90442538261414,9,andrew_latency_test,bulk_benchmark
115,0,400,0.3261265940091107,0.1478443499945569,646526.789414788,646526.967697032,646526.78954652,646526.790966192,646526.96692208,646526.96692977,0.1782822440145537,0.001419672043994,0.1759558880003169,0.0007672620704397,9,384,andrew_latency_test_GL9_PL384,86.90442538261414,9,andrew_latency_test,bulk_benchmark
116,0,400,0.3281604899966623,0.1496988539292942,646527.216919894,646527.39538153,646527.217086057,646527.218569809,646527.394579298,646527.394586388,0.1784616360673681,0.0014837520429864,0.1760094889905303,0.0007951420266181,9,384,andrew_latency_test_GL9_PL384,86.90442538261414,9,andrew_latency_test,bulk_benchmark
117,0,400,0.3277549089980311,0.1495873079984448,646527.645868371,646527.824035972,646527.646070824,646527.647507836,646527.82326999,646527.82327716,0.1781676009995862,0.0014370119897648,0.1757621540455147,0.0007588120643049,9,384,andrew_latency_test_GL9_PL384,86.90442538261414,9,andrew_latency_test,bulk_benchmark
118,0,400,0.3308402039983775,0.1519032099458854,646528.073930474,646528.252867468,646528.074097568,646528.075621241,646528.252096456,646528.252104217,0.178936994052492,0.0015236729523167,0.176475215004757,0.0007632510969415,9,384,andrew_latency_test_GL9_PL384,86.90442538261414,9,andrew_latency_test,bulk_benchmark
119,0,400,0.3432070850103628,0.1648078799189534,646528.519677467,646528.698076672,646528.519806169,646528.521264562,646528.69727564,646528.69728308,0.1783992050914093,0.0014583930606022,0.176011077943258,0.0007935920730233,9,384,andrew_latency_test_GL9_PL384,86.90442538261414,9,andrew_latency_test,bulk_benchmark
120,0,400,0.3331063999794423,0.1546528349863365,646528.951239914,646529.129693479,646528.951375266,646528.952846978,646529.128892097,646529.128899257,0.1784535649931058,0.0014717120211571,0.1760451190639287,0.0007942219963297,9,384,andrew_latency_test_GL9_PL384,86.90442538261414,9,andrew_latency_test,bulk_benchmark
121,0,400,0.3389917919994332,0.1600682980497367,646529.39268883,646529.571612324,646529.392824562,646529.394302605,646529.570796271,646529.570803951,0.1789234939496964,0.0014780429191887,0.1764936660183593,0.0008083729771897,9,384,andrew_latency_test_GL9_PL384,86.90442538261414,9,andrew_latency_test,bulk_benchmark
122,0,400,0.3276818089943845,0.1492863849562127,646529.821946703,646530.000342127,646529.822111815,646529.823540957,646529.999543125,646529.999550455,0.1783954240381717,0.0014291419647634,0.1760021680966019,0.0007916720351204,9,384,andrew_latency_test_GL9_PL384,86.90442538261414,9,andrew_latency_test,bulk_benchmark
123,0,400,0.347942378022708,0.1691143760690465,646530.269700916,646530.448528918,646530.269836408,646530.271351251,646530.447730195,646530.447737406,0.1788280019536614,0.0015148430829867,0.1763789439573884,0.0007915119640529,9,384,andrew_latency_test_GL9_PL384,86.90442538261414,9,andrew_latency_test,bulk_benchmark
124,0,400,0.3276933089946396,0.1493705351022072,646530.698821434,646530.877144208,646530.698954407,646530.70042589,646530.876360077,646530.876367697,0.1783227738924324,0.0014714830322191,0.1759341869037598,0.0007765109185129,9,384,andrew_latency_test_GL9_PL384,86.90442538261414,9,andrew_latency_test,bulk_benchmark
125,0,400,0.3290889069903642,0.1498335490468889,646531.125489257,646531.304744615,646531.125633539,646531.127199453,646531.303931133,646531.303938943,0.1792553579434752,0.0015659139025956,0.1767316800542175,0.000805672025308,9,384,andrew_latency_test_GL9_PL384,86.90442538261414,9,andrew_latency_test,bulk_benchmark
126,0,400,0.3295754060090985,0.1513378839881625,646531.556661398,646531.73489892,646531.556792481,646531.558264904,646531.734119108,646531.734127179,0.178237522020936,0.0014724229695275,0.1758542039897292,0.0007717410335317,9,384,andrew_latency_test_GL9_PL384,86.90442538261414,9,andrew_latency_test,bulk_benchmark
127,0,400,0.3374334939871914,0.1508139640209265,646531.987875159,646532.174494689,646531.988054102,646531.989580115,646532.173662368,646532.173669657,0.1866195299662649,0.0015260129002854,0.184082253021188,0.0008250320097431,9,384,andrew_latency_test_GL9_PL384,86.90442538261414,9,andrew_latency_test,bulk_benchmark
128,1,400,0.3518460729974322,0.166867328051012,646532.442121592,646532.627100337,646532.442258504,646532.443695086,646532.626268515,646532.626275775,0.1849787449464202,0.0014365820679813,0.1825734289595857,0.0008245619246736,9,384,andrew_latency_test_GL9_PL384,86.90442538261414,9,andrew_latency_test,bulk_benchmark
129,0,400,0.3333225999958813,0.1521507130237296,646532.876902658,646533.058074545,646532.877060891,646532.878539983,646533.057238382,646533.057246113,0.1811718869721517,0.0014790919376537,0.1786983991041779,0.0008284320356324,9,384,andrew_latency_test_GL9_PL384,86.90442538261414,9,andrew_latency_test,bulk_benchmark
130,0,400,0.3367332950001582,0.1550636000465601,646533.309302867,646533.490972562,646533.309438109,646533.310917052,646533.49018252,646533.49018974,0.181669694953598,0.0014789429260417,0.1792654680320993,0.0007828220259398,9,384,andrew_latency_test_GL9_PL384,86.90442538261414,9,andrew_latency_test,bulk_benchmark
131,0,400,0.3316673029912635,0.1508509119739756,646533.748675294,646533.929491685,646533.748815756,646533.750314759,646533.928693993,646533.928701143,0.1808163910172879,0.0014990030322223,0.1783792340429499,0.0007905419915914,9,384,andrew_latency_test_GL9_PL384,86.90442538261414,9,andrew_latency_test,bulk_benchmark
132,0,400,0.3298493059992324,0.1509270920359995,646534.178868929,646534.357791143,646534.179040772,646534.180570735,646534.35698797,646534.356995539,0.1789222139632329,0.0015299629885703,0.1764172349357977,0.0007956039626151,9,384,andrew_latency_test_GL9_PL384,86.90442538261414,9,andrew_latency_test,bulk_benchmark
133,0,400,0.3285770069924183,0.1503331040148623,646534.610941843,646534.789185746,646534.611105805,646534.612525007,646534.788407934,646534.788415454,0.178243902977556,0.0014192019589245,0.1758829270256683,0.0007702920120209,9,384,andrew_latency_test_GL9_PL384,86.90442538261414,9,andrew_latency_test,bulk_benchmark
134,0,400,0.3287168070091866,0.1500316180172376,646535.038883006,646535.217568195,646535.039040209,646535.04047145,646535.216786043,646535.216793613,0.1786851889919489,0.0014312409330159,0.1763145930599421,0.0007745819166302,9,384,andrew_latency_test_GL9_PL384,86.90442538261414,9,andrew_latency_test,bulk_benchmark
135,4,400,0.3467016819922719,0.1501312789332587,646535.467480916,646535.664051319,646535.467617418,646535.469089992,646535.663208106,646535.663215016,0.1965704030590132,0.0014725739601999,0.1941181139554828,0.0008363029919564,9,384,andrew_latency_test_GL9_PL384,86.90442538261414,9,andrew_latency_test,bulk_benchmark
136,0,400,0.3301243080059066,0.1490569530287757,646535.914804024,646536.095871379,646535.914939576,646535.91645711,646536.095079727,646536.095087207,0.1810673549771309,0.0015175340231508,0.1786226170370355,0.0007841719780117,9,384,andrew_latency_test_GL9_PL384,86.90442538261414,9,andrew_latency_test,bulk_benchmark
137,0,400,0.3312594059971161,0.1484992650221102,646536.344436862,646536.527197003,646536.344573854,646536.346049476,646536.526378901,646536.526386431,0.1827601409750059,0.001475621946156,0.1803294250275939,0.000810572062619,9,384,andrew_latency_test_GL9_PL384,86.90442538261414,9,andrew_latency_test,bulk_benchmark
138,3,400,0.3532559730228968,0.1600364411133341,646536.786103861,646536.979323393,646536.786244963,646536.787669085,646536.97848067,646536.97848814,0.1932195319095626,0.0014241220196709,0.1908115850528702,0.0008352529257535,9,384,andrew_latency_test_GL9_PL384,86.90442538261414,9,andrew_latency_test,bulk_benchmark
139,0,400,0.327953811007319,0.1490723790775519,646537.231091564,646537.409972996,646537.231221556,646537.232632468,646537.409163474,646537.409170484,0.1788814319297671,0.0014109120238572,0.1765310060000047,0.000802511931397,9,384,andrew_latency_test_GL9_PL384,86.90442538261414,9,andrew_latency_test,bulk_benchmark
140,0,400,0.3272596120077651,0.1490952309395652,646537.659634945,646537.837799326,646537.659772487,646537.66128174,646537.837048935,646537.837056435,0.1781643810681998,0.0015092529356479,0.1757671950617805,0.0007428911048918,9,384,andrew_latency_test_GL9_PL384,86.90442538261414,9,andrew_latency_test,bulk_benchmark
141,0,400,0.3281510099768638,0.1498096750583499,646538.086876446,646538.265217781,646538.087032069,646538.08847286,646538.264418428,646538.264426058,0.1783413349185139,0.001440791063942,0.1759455678984522,0.000791722908616,9,384,andrew_latency_test_GL9_PL384,86.90442538261414,9,andrew_latency_test,bulk_benchmark
142,0,400,0.3275550119869876,0.1493447199754882,646538.516870229,646538.695080521,646538.517026511,646538.518470173,646538.694281309,646538.694288909,0.1782102920114994,0.0014436619821935,0.1758111360250041,0.0007916120812296,9,384,andrew_latency_test_GL9_PL384,86.90442538261414,9,andrew_latency_test,bulk_benchmark
143,0,400,0.3259068139886949,0.1474596578918863,646538.943096094,646539.12154325,646538.943230726,646538.944735239,646539.120747838,646539.120755458,0.1784471560968086,0.0015045129694044,0.1760125990258529,0.0007877920288592,9,384,andrew_latency_test_GL9_PL384,86.90442538261414,9,andrew_latency_test,bulk_benchmark
144,0,400,0.3288687090098392,0.1508509498962666,646539.370735962,646539.548753721,646539.370867074,646539.372309066,646539.54797676,646539.547983749,0.1780177591135725,0.0014419920044019,0.1756676939548924,0.0007699721027165,9,384,andrew_latency_test_GL9_PL384,86.90442538261414,9,andrew_latency_test,bulk_benchmark
145,0,400,0.3309897070284933,0.1487202730495482,646539.799872192,646539.982141626,646539.800032964,646539.801457265,646539.981308563,646539.981315863,0.182269433978945,0.0014243010664358,0.179851297987625,0.0008257629815489,9,384,andrew_latency_test_GL9_PL384,86.90442538261414,9,andrew_latency_test,bulk_benchmark
146,0,400,0.3277980109851341,0.1495824299927335,646540.231641022,646540.409856603,646540.231772444,646540.233224376,646540.409084551,646540.409092123,0.1782155809924006,0.0014519320102408,0.1758601750480011,0.0007644799770787,9,384,andrew_latency_test_GL9_PL384,86.90442538261414,9,andrew_latency_test,bulk_benchmark
147,0,400,0.3320326049870346,0.1482835189963225,646540.659567364,646540.84331645,646540.659704426,646540.661166908,646540.842483167,646540.842490617,0.183749085990712,0.001462482032366,0.181316258967854,0.0008258330635726,9,384,andrew_latency_test_GL9_PL384,86.90442538261414,9,andrew_latency_test,bulk_benchmark
148,0,400,0.3299027080065571,0.1498629180132411,646541.092979668,646541.273019458,646541.093139091,646541.094606273,646541.272200936,646541.272208417,0.1800397899933159,0.0014671819517388,0.177594662993215,0.0008110410999506,9,384,andrew_latency_test_GL9_PL384,86.90442538261414,9,andrew_latency_test,bulk_benchmark
149,0,400,0.3327679029898718,0.1483487871009856,646541.521974537,646541.706393653,646541.52213426,646541.523577642,646541.705551371,646541.70555894,0.1844191158888861,0.0014433820033445,0.1819737289333716,0.0008347129914909,9,384,andrew_latency_test_GL9_PL384,86.90442538261414,9,andrew_latency_test,bulk_benchmark
150,0,400,0.3271094119991176,0.1485964949824847,646541.95592177,646542.134434687,646541.956095783,646541.957612386,646542.133647365,646542.133654225,0.1785129170166328,0.0015166029334068,0.1760349790565669,0.0007804619381204,9,384,andrew_latency_test_GL9_PL384,86.90442538261414,9,andrew_latency_test,bulk_benchmark
151,0,400,0.3264060130168218,0.1483174430031795,646542.38305947,646542.56114804,646542.383190042,646542.384601324,646542.560348107,646542.560355747,0.1780885700136423,0.00141128199175,0.175746783032082,0.000792292994447,9,384,andrew_latency_test_GL9_PL384,86.90442538261414,9,andrew_latency_test,bulk_benchmark
152,0,400,0.3277011110039893,0.1495953309640754,646542.811034833,646542.989140613,646542.811169485,646542.812638307,646542.988364161,646542.988371101,0.1781057800399139,0.0014688220107927,0.1757258540019393,0.0007695120293647,9,384,andrew_latency_test_GL9_PL384,86.90442538261414,9,andrew_latency_test,bulk_benchmark
153,0,400,0.3280084110156167,0.1497946769522968,646543.239706183,646543.417919917,646543.239837694,646543.241289747,646543.417136765,646543.417144005,0.1782137340633198,0.0014520529657602,0.1758470180211588,0.0007759120780974,9,384,andrew_latency_test_GL9_PL384,86.90442538261414,9,andrew_latency_test,bulk_benchmark
154,0,400,0.3286856079939753,0.1501107990043237,646543.667703637,646543.846278446,646543.667833319,646543.669299241,646543.845463173,646543.845470522,0.1785748089896515,0.0014659219887107,0.1761639319593086,0.0008079240797087,9,384,andrew_latency_test_GL9_PL384,86.90442538261414,9,andrew_latency_test,bulk_benchmark
155,0,400,0.3289209079812281,0.1507896070252172,646544.097862113,646544.275993414,646544.098055977,646544.099478178,646544.275230812,646544.275237993,0.1781313009560108,0.0014222009340301,0.175752634066157,0.0007554210023954,9,384,andrew_latency_test_GL9_PL384,86.90442538261414,9,andrew_latency_test,bulk_benchmark
156,0,400,0.328424208011711,0.1494823950633872,646544.525383059,646544.704324872,646544.525515801,646544.526946593,646544.7035272,646544.7035344,0.1789418129483238,0.0014307919191196,0.1765806070761755,0.000790472025983,9,384,andrew_latency_test_GL9_PL384,86.90442538261414,9,andrew_latency_test,bulk_benchmark
157,3,400,0.3414390890102368,0.151705971074989,646544.957583055,646545.147316173,646544.957719847,646544.959285221,646545.14647702,646545.14648385,0.1897331179352477,0.001565373968333,0.187191799050197,0.0008323229849338,9,384,andrew_latency_test_GL9_PL384,86.90442538261414,9,andrew_latency_test,bulk_benchmark
158,0,400,0.3366892960038967,0.1585492349113337,646545.402424985,646545.580565046,646545.402554807,646545.403977118,646545.579791274,646545.579799014,0.1781400610925629,0.0014223109465092,0.1758141560712829,0.0007660320261493,9,384,andrew_latency_test_GL9_PL384,86.90442538261414,9,andrew_latency_test,bulk_benchmark
159,0,400,0.3422748880111612,0.1507996550644748,646545.835372093,646546.026847326,646545.835503265,646545.836908646,646546.026016804,646546.026024474,0.1914752329466864,0.0014053810155019,0.1891081579960882,0.0008228520164266,9,384,andrew_latency_test_GL9_PL384,86.90442538261414,9,andrew_latency_test,bulk_benchmark
160,0,400,0.3270610100007616,0.1485618630540557,646546.276851,646546.455350147,646546.276981652,646546.278460104,646546.454560715,646546.454567935,0.1784991469467058,0.0014784520026296,0.1761006109882146,0.0007822120096534,9,384,andrew_latency_test_GL9_PL384,86.90442538261414,9,andrew_latency_test,bulk_benchmark
161,0,400,0.3275824099837336,0.1495813610090408,646546.704931515,646546.882932564,646546.705084008,646546.706507629,646546.882170522,646546.882177582,0.1780010489746928,0.0014236209681257,0.1756628929870203,0.0007549820002168,9,384,andrew_latency_test_GL9_PL384,86.90442538261414,9,andrew_latency_test,bulk_benchmark
162,1,400,0.3422902880120091,0.1496619970421306,646547.131630108,646547.324258399,646547.13176124,646547.133224953,646547.323286764,646547.323294565,0.1926282909698784,0.001463713007979,0.1900618110084906,0.0009638339979574,9,384,andrew_latency_test_GL9_PL384,86.90442538261414,9,andrew_latency_test,bulk_benchmark
163,0,400,0.3294921069755219,0.1508992199669592,646547.578036381,646547.756629268,646547.578194053,646547.579730337,646547.755816126,646547.755823336,0.1785928870085626,0.0015362839912995,0.1760857889894396,0.0008059320971369,9,384,andrew_latency_test_GL9_PL384,86.90442538261414,9,andrew_latency_test,bulk_benchmark
164,2,400,0.3479765790107194,0.1501807290187571,646548.006733884,646548.204529734,646548.006867396,646548.008322979,646548.203641631,646548.203648831,0.1977958499919623,0.0014555830275639,0.1953186519676819,0.0008809029823169,9,384,andrew_latency_test_GL9_PL384,86.90442538261414,9,andrew_latency_test,bulk_benchmark
165,0,400,0.3304585049918387,0.1516918159613851,646548.45589645,646548.634663139,646548.456066752,646548.457584345,646548.633840367,646548.633847517,0.1787666890304535,0.0015175930457189,0.1762560219503939,0.0008156220428645,9,384,andrew_latency_test_GL9_PL384,86.90442538261414,9,andrew_latency_test,bulk_benchmark
166,0,400,0.3310226039902773,0.1523820439761039,646548.885599967,646549.064240527,646548.885733889,646548.887238882,646549.063458164,646549.063465084,0.1786405600141734,0.0015049930661916,0.1762192819733172,0.0007754430407658,9,384,andrew_latency_test_GL9_PL384,86.90442538261414,9,andrew_latency_test,bulk_benchmark
167,3,400,0.3391458920086734,0.1490078289643861,646549.316388113,646549.506526176,646549.316520155,646549.318017348,646549.505659263,646549.505666933,0.1901380630442872,0.0014971930067986,0.1876419150503352,0.0008592429803684,9,384,andrew_latency_test_GL9_PL384,86.90442538261414,9,andrew_latency_test,bulk_benchmark
168,4,400,0.3435652850021142,0.1504164350044448,646549.756225505,646549.949374355,646549.756361178,646549.757800519,646549.948519251,646549.948526942,0.1931488499976694,0.0014393409946933,0.1907187319593504,0.0008474129717797,9,384,andrew_latency_test_GL9_PL384,86.90442538261414,9,andrew_latency_test,bulk_benchmark
169,2,400,0.3400666910165455,0.1547191600257065,646550.204522887,646550.389870418,646550.204649459,646550.206127152,646550.389065396,646550.389073116,0.185347530990839,0.0014776929747313,0.182938244077377,0.0007973019964993,9,384,andrew_latency_test_GL9_PL384,86.90442538261414,9,andrew_latency_test,bulk_benchmark
170,2,400,0.3459521819895599,0.1491199060401413,646550.64115334,646550.837985616,646550.641288622,646550.642797345,646550.837133063,646550.837140374,0.1968322759494185,0.0015087228966876,0.1943357180571183,0.0008452419424429,9,384,andrew_latency_test_GL9_PL384,86.90442538261414,9,andrew_latency_test,bulk_benchmark
171,0,400,0.3281210080021992,0.1495903310133144,646551.087148097,646551.265678774,646551.08727734,646551.088703172,646551.264862212,646551.264870952,0.1785306769888848,0.0014258320443332,0.1761590399546548,0.0008078219834715,9,384,andrew_latency_test_GL9_PL384,86.90442538261414,9,andrew_latency_test,bulk_benchmark
172,0,400,0.3316857019963208,0.1497375730250496,646551.516696124,646551.698644253,646551.516831276,646551.518330949,646551.69781304,646551.69782061,0.1819481289712712,0.0014996730023995,0.1794820909854024,0.0008236429421231,9,384,andrew_latency_test_GL9_PL384,86.90442538261414,9,andrew_latency_test,bulk_benchmark
173,0,400,0.3314569009817205,0.1488755730097182,646551.948231751,646552.130813079,646551.948365283,646551.949808555,646552.129967456,646552.129975136,0.1825813279720023,0.0014432719908654,0.1801589010283351,0.000837942934595,9,384,andrew_latency_test_GL9_PL384,86.90442538261414,9,andrew_latency_test,bulk_benchmark
174,6,400,0.3545189669821411,0.1478249210631474,646552.378598029,646552.585292075,646552.378752692,646552.380647991,646552.584385071,646552.584392651,0.2066940459189936,0.0018952989485114,0.2037370799807831,0.0008994239615276,9,384,andrew_latency_test_GL9_PL384,86.90442538261414,9,andrew_latency_test,bulk_benchmark
175,0,400,0.3286574060039129,0.1503828040731605,646552.835585213,646553.013859815,646552.835717275,646552.837186217,646553.013082804,646553.013090655,0.1782746019307524,0.0014689419185742,0.1758965870831161,0.0007691599894315,9,384,andrew_latency_test_GL9_PL384,86.90442538261414,9,andrew_latency_test,bulk_benchmark
176,0,400,0.3270889080013148,0.1488029539468698,646553.264334466,646553.44262042,646553.264464928,646553.265954961,646553.441811998,646553.441819778,0.178285954054445,0.0014900329988449,0.1758570370730012,0.0008006420684978,9,384,andrew_latency_test_GL9_PL384,86.90442538261414,9,andrew_latency_test,bulk_benchmark
177,1,400,0.3356570960022509,0.1491085980087518,646553.692058476,646553.878606974,646553.692198968,646553.693685251,646553.877743631,646553.877750961,0.186548497993499,0.0014862830284982,0.1840583799639716,0.0008560130372643,9,384,andrew_latency_test_GL9_PL384,86.90442538261414,9,andrew_latency_test,bulk_benchmark
178,0,400,0.3277434069896117,0.1492981120245531,646554.126993814,646554.305439109,646554.127151726,646554.128645889,646554.304654587,646554.304661747,0.1784452949650585,0.0014941629488021,0.1760086979484185,0.0007773620309308,9,384,andrew_latency_test_GL9_PL384,86.90442538261414,9,andrew_latency_test,bulk_benchmark
179,0,400,0.3298380039923358,0.1513245859241578,646554.558463558,646554.736976976,646554.558621252,646554.560251606,646554.736196074,646554.736203794,0.178513418068178,0.0016303540905937,0.1759444680064916,0.0007731820223852,9,384,andrew_latency_test_GL9_PL384,86.90442538261414,9,andrew_latency_test,bulk_benchmark
180,0,400,0.3279099069768563,0.1496310939546674,646554.985060701,646555.163339514,646554.985195583,646554.986638655,646555.162541662,646555.162549012,0.1782788130221888,0.0014430719893425,0.1759030070388689,0.000790502061136,9,384,andrew_latency_test_GL9_PL384,86.90442538261414,9,andrew_latency_test,bulk_benchmark
181,2,400,0.334773397014942,0.1489531080587767,646555.413602391,646555.59942268,646555.413731743,646555.415206665,646555.598589997,646555.598596947,0.1858202889561653,0.0014749220572412,0.1833833319833502,0.0008257329463958,9,384,andrew_latency_test_GL9_PL384,86.90442538261414,9,andrew_latency_test,bulk_benchmark
182,0,400,0.3286388060078025,0.1503328309627249,646555.850142284,646556.028448259,646555.850274227,646555.851709658,646556.027678576,646556.027686007,0.1783059750450775,0.0014354310696944,0.1759689179016277,0.0007622520206496,9,384,andrew_latency_test_GL9_PL384,86.90442538261414,9,andrew_latency_test,bulk_benchmark
183,0,400,0.3269323080021422,0.1484506800479721,646556.27841667,646556.456898298,646556.278544702,646556.279965254,646556.456110756,646556.456117926,0.1784816279541701,0.0014205520274117,0.1761455020168796,0.0007803719490766,9,384,andrew_latency_test_GL9_PL384,86.90442538261414,9,andrew_latency_test,bulk_benchmark
184,0,400,0.3276086080004461,0.1495246179983951,646556.707378159,646556.885462149,646556.707510792,646556.709039844,646556.884700328,646556.884708408,0.178083990002051,0.001529052038677,0.1756604840047657,0.0007537410128861,9,384,andrew_latency_test_GL9_PL384,86.90442538261414,9,andrew_latency_test,bulk_benchmark
185,2,400,0.3343806969933212,0.1487993800546974,646557.134236473,646557.31981779,646557.134366786,646557.135787827,646557.319034978,646557.319042558,0.1855813169386237,0.0014210409717634,0.1832471510861069,0.0007752319797873,9,384,andrew_latency_test_GL9_PL384,86.90442538261414,9,andrew_latency_test,bulk_benchmark
186,0,400,0.3280685069912579,0.1499340369773563,646557.57020869,646557.74834316,646557.570340891,646557.571770343,646557.747563588,646557.747570759,0.1781344700139016,0.0014294519787654,0.1757932449690997,0.0007724009919911,9,384,andrew_latency_test_GL9_PL384,86.90442538261414,9,andrew_latency_test,bulk_benchmark
187,1,400,0.3314036020019557,0.1495865749602671,646557.998137851,646558.179954878,646557.998268623,646557.999684405,646558.179158635,646558.179166415,0.1818170270416885,0.0014157820260152,0.1794742299243807,0.0007884630467742,9,384,andrew_latency_test_GL9_PL384,86.90442538261414,9,andrew_latency_test,bulk_benchmark
188,1,400,0.3350860959908459,0.1514303719450254,646558.430925697,646558.614581421,646558.43109588,646558.432543402,646558.613742549,646558.613749729,0.1836557240458205,0.0014475219650194,0.1811991470167413,0.0008316920138895,9,384,andrew_latency_test_GL9_PL384,86.90442538261414,9,andrew_latency_test,bulk_benchmark
189,2,400,0.3394848899915814,0.1527164870640263,646558.867930126,646559.054698529,646558.86809505,646558.86950929,646559.053864696,646559.053871896,0.1867684029275551,0.0014142399886623,0.1843554059742018,0.0008266329532489,9,384,andrew_latency_test_GL9_PL384,86.90442538261414,9,andrew_latency_test,bulk_benchmark
190,0,400,0.3337681980046909,0.1500370520807337,646559.305625007,646559.489356153,646559.305759189,646559.307270632,646559.48852872,646559.48853629,0.1837311459239572,0.0015114430570974,0.181258087977767,0.0008198629366233,9,384,andrew_latency_test_GL9_PL384,86.90442538261414,9,andrew_latency_test,bulk_benchmark
191,0,400,0.3305135039845481,0.1510217019822448,646559.741175404,646559.920667206,646559.741317876,646559.742845249,646559.919876543,646559.919884183,0.1794918020023033,0.0015273729804903,0.1770312939770519,0.0007830230752006,9,384,andrew_latency_test_GL9_PL384,86.90442538261414,9,andrew_latency_test,bulk_benchmark
192,0,400,0.3269096089934464,0.1489538609457668,646560.171775327,646560.349731075,646560.171905239,646560.173398961,646560.348953343,646560.348960343,0.1779557480476796,0.001493721967563,0.1755543820327147,0.0007707319455221,9,384,andrew_latency_test_GL9_PL384,86.90442538261414,9,andrew_latency_test,bulk_benchmark
193,0,400,0.3303887039946858,0.1522182439512107,646560.60042025,646560.77859071,646560.600554332,646560.602021024,646560.777804438,646560.777811279,0.178170460043475,0.0014666919596493,0.1757834140444174,0.0007794309640303,9,384,andrew_latency_test_GL9_PL384,86.90442538261414,9,andrew_latency_test,bulk_benchmark
194,0,400,0.3296065049944445,0.1513401520205661,646561.030851919,646561.209118272,646561.030993621,646561.032525255,646561.20831454,646561.20832213,0.1782663529738783,0.0015316340140998,0.1757892849855125,0.0007961419178172,9,384,andrew_latency_test_GL9_PL384,86.90442538261414,9,andrew_latency_test,bulk_benchmark
195,0,400,0.3292306049843319,0.150937660888303,646561.460210532,646561.638503476,646561.460350894,646561.461838097,646561.637708524,646561.637715764,0.1782929440960288,0.0014872029423713,0.1758704270469024,0.0007877120515331,9,384,andrew_latency_test_GL9_PL384,86.90442538261414,9,andrew_latency_test,bulk_benchmark
196,0,400,0.3271665089996531,0.1484774990240112,646561.888251505,646562.066940515,646561.888414218,646561.889962792,646562.066163264,646562.066170714,0.1786890099756419,0.0015485740732401,0.1762004719348624,0.0007698009721934,9,384,andrew_latency_test_GL9_PL384,86.90442538261414,9,andrew_latency_test,bulk_benchmark
197,0,400,0.3277197080024052,0.1496834080026019,646562.316595584,646562.494631884,646562.316726535,646562.318256529,646562.493846492,646562.493853952,0.1780362999998033,0.0015299940714612,0.1755899629788473,0.0007779320003464,9,384,andrew_latency_test_GL9_PL384,86.90442538261414,9,andrew_latency_test,bulk_benchmark
198,0,400,0.331547602021601,0.1491652971017174,646562.745165206,646562.927547511,646562.745298038,646562.74674652,646562.926747769,646562.926755569,0.1823823049198836,0.0014484820421785,0.1800012489547953,0.0007919420022517,9,384,andrew_latency_test_GL9_PL384,86.90442538261414,9,andrew_latency_test,bulk_benchmark
199,0,400,0.3298088050214574,0.1502635231008753,646563.179207051,646563.358752333,646563.179343093,646563.180782735,646563.357938591,646563.357946341,0.179545281920582,0.0014396420447155,0.1771558560431003,0.0008059919346123,9,384,andrew_latency_test_GL9_PL384,86.90442538261414,9,andrew_latency_test,bulk_benchmark
200,0,400,0.3295010050060227,0.1490331699606031,646563.605989786,646563.786457621,646563.606167008,646563.607678641,646563.785638389,646563.78564594,0.1804678350454196,0.0015116329304873,0.1779597479617223,0.0008116810349747,9,384,andrew_latency_test_GL9_PL384,86.90442538261414,9,andrew_latency_test,bulk_benchmark
1,4,400,0.4521269210090395,0.1473376130161341,646567.556264777,646567.861054085,646567.556404828,646567.557988603,646567.857747605,646567.857754805,0.3047893079929054,0.0015837750397622,0.2997590019367635,0.0032992799533531,15,384,andrew_latency_test_GL15_PL384,109.39150905609132,15,andrew_latency_test,bulk_benchmark
2,3,400,0.4503909240011126,0.1501760060200467,646568.110868137,646568.411083055,646568.111045109,646568.112493462,646568.409982857,646568.409990409,0.3002149179810658,0.0014483530540019,0.2974893948994577,0.0010926459217444,15,384,andrew_latency_test_GL15_PL384,109.39150905609132,15,andrew_latency_test,bulk_benchmark
3,0,400,0.4415756369999144,0.1520869420201052,646568.663099639,646568.952588334,646568.663231621,646568.664668143,646568.951542868,646568.951549798,0.2894886949798092,0.0014365219976752,0.2868747250176966,0.0010385359637439,15,384,andrew_latency_test_GL15_PL384,109.39150905609132,15,andrew_latency_test,bulk_benchmark
4,0,400,0.436470945016481,0.1477219000225886,646569.201700705,646569.49044975,646569.201837767,646569.20333742,646569.489391913,646569.489399893,0.2887490449938923,0.0014996529789641,0.286054493044503,0.0010498570045456,15,384,andrew_latency_test_GL15_PL384,109.39150905609132,15,andrew_latency_test,bulk_benchmark
5,0,400,0.4531083199835848,0.1500246280047577,646569.740157189,646570.043240881,646569.740297431,646569.741791514,646570.042139584,646570.042147144,0.3030836919788271,0.001494082971476,0.3003480699844658,0.0010937369661405,15,384,andrew_latency_test_GL15_PL384,109.39150905609132,15,andrew_latency_test,bulk_benchmark
6,0,400,0.4409257379884366,0.1491304979717824,646570.292836219,646570.584631459,646570.292967661,646570.294465594,646570.583562063,646570.583569243,0.2917952400166541,0.0014979329425841,0.2890964690595865,0.0010622160043567,15,384,andrew_latency_test_GL15_PL384,109.39150905609132,15,andrew_latency_test,bulk_benchmark
7,0,400,0.4396897399856243,0.1514470139809418,646570.837903333,646571.126146059,646570.838068495,646570.839534918,646571.125096944,646571.125104544,0.2882427260046825,0.0014664229238405,0.2855620260816067,0.0010415150318294,15,384,andrew_latency_test_GL15_PL384,109.39150905609132,15,andrew_latency_test,bulk_benchmark
8,0,400,0.4387286420096643,0.1497979249688796,646571.374846704,646571.663777421,646571.374980126,646571.376444788,646571.662736765,646571.662743825,0.2889307170407846,0.0014646619092673,0.2862919770414009,0.0010335959959775,15,384,andrew_latency_test_GL15_PL384,109.39150905609132,15,andrew_latency_test,bulk_benchmark
9,0,400,0.4477790280070621,0.1504521109454799,646571.915464468,646572.212791385,646571.91559673,646571.917047401,646572.211712129,646572.211719039,0.2973269170615822,0.0014506709994748,0.2946647279895842,0.0010723460000008,15,384,andrew_latency_test_GL15_PL384,109.39150905609132,15,andrew_latency_test,bulk_benchmark
10,0,400,0.4381329419848043,0.1498283440305385,646572.463157334,646572.751461932,646572.463291785,646572.464708267,646572.750425876,646572.750432806,0.2883045979542658,0.0014164820313453,0.2857176089892164,0.0010291259968653,15,384,andrew_latency_test_GL15_PL384,109.39150905609132,15,andrew_latency_test,bulk_benchmark
11,0,400,0.43806674197549,0.1500275369617156,646573.002301347,646573.290340552,646573.002436009,646573.003950192,646573.289281306,646573.289288946,0.2880392050137743,0.001514183008112,0.2853311139624566,0.0010516060283407,15,384,andrew_latency_test_GL15_PL384,109.39150905609132,15,andrew_latency_test,bulk_benchmark
12,0,400,0.4380349429848138,0.149740365013713,646573.541097297,646573.829391875,646573.541233489,646573.542711722,646573.828345259,646573.828352939,0.2882945779711008,0.0014782329089939,0.2856335369870066,0.0010389359667897,15,384,andrew_latency_test_GL15_PL384,109.39150905609132,15,andrew_latency_test,bulk_benchmark
13,0,400,0.4396028400224168,0.1493704041058663,646574.079604072,646574.369836508,646574.079738804,646574.081213606,646574.368787552,646574.368794573,0.2902324359165504,0.0014748020330443,0.2875739459414035,0.0010419349418953,15,384,andrew_latency_test_GL15_PL384,109.39150905609132,15,andrew_latency_test,bulk_benchmark
14,0,400,0.4364194450026843,0.1482995599799323,646574.617612709,646574.905732594,646574.617742071,646574.619209753,646574.904682838,646574.904690127,0.288119885022752,0.0014676819555461,0.2854730850085616,0.001042466959916,15,384,andrew_latency_test_GL15_PL384,109.39150905609132,15,andrew_latency_test,bulk_benchmark
15,3,400,0.4554397160245571,0.1522666620148811,646575.157370092,646575.460543146,646575.157499855,646575.158930276,646575.459446069,646575.459453189,0.303173054009676,0.0014304210199043,0.3005157929146662,0.0010899569606408,15,384,andrew_latency_test_GL15_PL384,109.39150905609132,15,andrew_latency_test,bulk_benchmark
16,0,400,0.444470133021241,0.1486145299568306,646575.710504659,646576.006360262,646575.710642051,646575.712162565,646576.005239454,646576.005246894,0.2958556030644104,0.0015205140225589,0.2930768890073523,0.0011133680818602,15,384,andrew_latency_test_GL15_PL384,109.39150905609132,15,andrew_latency_test,bulk_benchmark
17,0,400,0.442441435996443,0.1508047389797866,646576.257473283,646576.54910998,646576.257610215,646576.259105738,646576.547967864,646576.547975514,0.2916366970166564,0.001495523029007,0.2888621259480715,0.0011344660306349,15,384,andrew_latency_test_GL15_PL384,109.39150905609132,15,andrew_latency_test,bulk_benchmark
18,4,400,0.456067115010228,0.1502587800496257,646576.7995112,646577.105319535,646576.799659042,646576.801126465,646577.104183057,646577.104190528,0.3058083349606022,0.001467422931455,0.303056592005305,0.0011290069669485,15,384,andrew_latency_test_GL15_PL384,109.39150905609132,15,andrew_latency_test,bulk_benchmark
19,0,400,0.448032226995565,0.1526313399663195,646577.357137945,646577.652538832,646577.357270737,646577.358731269,646577.651448865,646577.651456225,0.2954008870292455,0.0014605320757254,0.2927175959339365,0.0010826070792973,15,384,andrew_latency_test_GL15_PL384,109.39150905609132,15,andrew_latency_test,bulk_benchmark
20,0,400,0.4536107179883402,0.1512549769540783,646577.906606908,646578.208962649,646577.90673899,646577.908228293,646578.207841402,646578.207848983,0.3023557410342619,0.0014893029583618,0.2996131090912968,0.0011136659886687,15,384,andrew_latency_test_GL15_PL384,109.39150905609132,15,andrew_latency_test,bulk_benchmark
21,0,400,0.4403969389968551,0.1487652500509284,646578.457316368,646578.748948057,646578.45744727,646578.458890923,646578.747823379,646578.747830679,0.2916316889459267,0.0014436529017984,0.2889324560528621,0.0011173778912052,15,384,andrew_latency_test_GL15_PL384,109.39150905609132,15,andrew_latency_test,bulk_benchmark
22,1,400,0.4462553299963474,0.1510927670169621,646579.000425451,646579.295588014,646579.000556304,646579.002044036,646579.294476447,646579.294484038,0.2951625629793852,0.001487732050009,0.2924324109917506,0.0011039759265258,15,384,andrew_latency_test_GL15_PL384,109.39150905609132,15,andrew_latency_test,bulk_benchmark
23,0,400,0.4477807279909029,0.1491771329892799,646579.546286379,646579.844889974,646579.546429572,646579.547969075,646579.843767106,646579.843774846,0.298603595001623,0.0015395029913634,0.2957980309147388,0.0011151279322803,15,384,andrew_latency_test_GL15_PL384,109.39150905609132,15,andrew_latency_test,bulk_benchmark
24,1,400,0.4881074669829104,0.1924857260019052,646580.136789313,646580.432411054,646580.136919035,646580.138416318,646580.431319118,646580.431325998,0.2956217409810051,0.0014972829958423,0.2929028000216931,0.0010850559920072,15,384,andrew_latency_test_GL15_PL384,109.39150905609132,15,andrew_latency_test,bulk_benchmark
25,0,400,0.4522574209840968,0.163999703945592,646580.696641324,646580.984899041,646580.696780186,646580.69831395,646580.983826185,646580.983833874,0.2882577170385048,0.0015337639488279,0.2855122350156307,0.0010651670163497,15,384,andrew_latency_test_GL15_PL384,109.39150905609132,15,andrew_latency_test,bulk_benchmark
26,0,400,0.4403463389899116,0.1519466899044346,646581.236930796,646581.525330445,646581.237104119,646581.238609632,646581.524275079,646581.524282539,0.288399649085477,0.0015055129770189,0.285665447008796,0.0010479060001671,15,384,andrew_latency_test_GL15_PL384,109.39150905609132,15,andrew_latency_test,bulk_benchmark
27,0,400,0.439285941014532,0.1496710440260358,646581.777710156,646582.067325053,646581.777847948,646581.779403771,646582.066262386,646582.066269486,0.2896148969884962,0.0015558230224996,0.2868586149998009,0.0010555670596659,15,384,andrew_latency_test_GL15_PL384,109.39150905609132,15,andrew_latency_test,bulk_benchmark
28,0,400,0.4405659379845019,0.1505344540055375,646582.317914325,646582.607945809,646582.318084018,646582.31953214,646582.606875732,646582.606883252,0.2900314839789644,0.0014481220860034,0.2873435919173062,0.0010625569848343,15,384,andrew_latency_test_GL15_PL384,109.39150905609132,15,andrew_latency_test,bulk_benchmark
29,0,400,0.437619843025459,0.1486346940218936,646582.857439534,646583.146424683,646582.857572786,646582.859073099,646583.145364158,646583.145371418,0.2889851490035653,0.0015003129374235,0.286291058990173,0.0010532650630921,15,384,andrew_latency_test_GL15_PL384,109.39150905609132,15,andrew_latency_test,bulk_benchmark
30,0,400,0.4405375399801414,0.1507671898871194,646583.396137873,646583.685908223,646583.396276685,646583.397744157,646583.684845047,646583.684852987,0.289770350093022,0.0014674720587208,0.2871008899528533,0.0010552360909059,15,384,andrew_latency_test_GL15_PL384,109.39150905609132,15,andrew_latency_test,bulk_benchmark
31,0,400,0.4382772449753247,0.1501211199793033,646583.93679893,646584.224955055,646583.936933033,646583.938415545,646584.223898399,646584.223905709,0.2881561249960214,0.0014825119869783,0.2854828540002927,0.0010493460576981,15,384,andrew_latency_test_GL15_PL384,109.39150905609132,15,andrew_latency_test,bulk_benchmark
32,0,400,0.443731935985852,0.1505334029789082,646584.475634369,646584.768832902,646584.475767281,646584.477308795,646584.767749855,646584.767756686,0.2931985330069437,0.0015415139496326,0.2904410599730909,0.0010762159945443,15,384,andrew_latency_test_GL15_PL384,109.39150905609132,15,andrew_latency_test,bulk_benchmark
33,0,400,0.4383758439798839,0.1498954350245185,646585.019863012,646585.308343421,646585.019995103,646585.021492826,646585.307287776,646585.307295146,0.2884804089553654,0.0014977230457589,0.2857949499739334,0.001048274920322,15,384,andrew_latency_test_GL15_PL384,109.39150905609132,15,andrew_latency_test,bulk_benchmark
34,0,400,0.4437484369846061,0.1549226309871301,646585.5645246,646585.853350406,646585.564658241,646585.566125564,646585.852284069,646585.852291629,0.288825805997476,0.0014673230471089,0.2861585050122812,0.0010587770957499,15,384,andrew_latency_test_GL15_PL384,109.39150905609132,15,andrew_latency_test,bulk_benchmark
35,0,400,0.4399602420162409,0.1499436669982969,646586.10346081,646586.393477385,646586.103594282,646586.105047936,646586.392413668,646586.392421118,0.290016575017944,0.0014536540256813,0.2873657320160419,0.001056267064996,15,384,andrew_latency_test_GL15_PL384,109.39150905609132,15,andrew_latency_test,bulk_benchmark
36,3,400,0.452058123977622,0.152584906987613,646586.645297137,646586.944770354,646586.645428939,646586.64687277,646586.943664797,646586.943672197,0.2994732169900089,0.0014438310172408,0.2967920269584283,0.0010981569066643,15,384,andrew_latency_test_GL15_PL384,109.39150905609132,15,andrew_latency_test,bulk_benchmark
37,5,400,0.4619928089960012,0.1527800739568192,646587.19821308,646587.507425815,646587.198346181,646587.199770763,646587.506287648,646587.506295079,0.309212735039182,0.0014245820930227,0.306516884942539,0.0011307359673082,15,384,andrew_latency_test_GL15_PL384,109.39150905609132,15,andrew_latency_test,bulk_benchmark
38,1,400,0.4478101299901027,0.1538533860875759,646587.762213872,646588.056170616,646587.762360474,646587.763857226,646588.055033198,646588.055041469,0.2939567439025268,0.0014967520255595,0.2911759719718247,0.0011291468981653,15,384,andrew_latency_test_GL15_PL384,109.39150905609132,15,andrew_latency_test,bulk_benchmark
39,0,400,0.454556920012692,0.152623923990177,646588.309742673,646588.611675669,646588.309945236,646588.311524891,646588.610518671,646588.610526481,0.301932996022515,0.0015796549851074,0.2989937800448388,0.0011491880286484,15,384,andrew_latency_test_GL15_PL384,109.39150905609132,15,andrew_latency_test,bulk_benchmark
40,0,400,0.4398172429937403,0.1487922439991962,646588.861672633,646589.152697632,646588.861803255,646588.863333729,646589.151592865,646589.151599965,0.2910249989945441,0.0015304739354178,0.2882591360248625,0.0010976670309901,15,384,andrew_latency_test_GL15_PL384,109.39150905609132,15,andrew_latency_test,bulk_benchmark
41,0,400,0.4397403430193662,0.1493114531040191,646589.402133687,646589.692562577,646589.402265649,646589.40369972,646589.691467321,646589.691474621,0.2904288899153471,0.0014340709894895,0.2877676009666174,0.0010879560140892,15,384,andrew_latency_test_GL15_PL384,109.39150905609132,15,andrew_latency_test,bulk_benchmark
42,3,400,0.4484451290045399,0.1482421689725015,646589.940754552,646590.240957512,646589.940890405,646589.942421299,646590.239822865,646590.239830196,0.3002029600320384,0.0015308940783143,0.2974015659419819,0.0011273160343989,15,384,andrew_latency_test_GL15_PL384,109.39150905609132,15,andrew_latency_test,bulk_benchmark
43,1,400,0.4476156299933791,0.1496358650038018,646590.491820059,646590.789799824,646590.491953412,646590.493419734,646590.788670567,646590.788678197,0.2979797649895772,0.0014663219917565,0.2952508330345154,0.0011216270504519,15,384,andrew_latency_test_GL15_PL384,109.39150905609132,15,andrew_latency_test,bulk_benchmark
44,0,400,0.4433246370172128,0.1500730050029233,646591.038546489,646591.331798121,646591.038691531,646591.040164834,646591.330678135,646591.330685715,0.2932516320142895,0.0014733029529452,0.2905133010353893,0.0011124060256406,15,384,andrew_latency_test_GL15_PL384,109.39150905609132,15,andrew_latency_test,bulk_benchmark
45,0,400,0.4408601409813855,0.1478055710031185,646591.582659879,646591.875714449,646591.5827987,646591.584328044,646591.874607212,646591.874614512,0.2930545699782669,0.0015293440083041,0.2902791680535301,0.0010999370133504,15,384,andrew_latency_test_GL15_PL384,109.39150905609132,15,andrew_latency_test,bulk_benchmark
46,0,400,0.4403794420068152,0.1503874890622683,646592.125736093,646592.415728046,646592.125868195,646592.127391269,646592.41463057,646592.41463783,0.2899919529445469,0.0015230739954859,0.2872393010184169,0.0010902159847319,15,384,andrew_latency_test_GL15_PL384,109.39150905609132,15,andrew_latency_test,bulk_benchmark
47,0,400,0.4408804409904405,0.1512891340535134,646592.666685655,646592.956276962,646592.666817397,646592.66828247,646592.955207516,646592.955214496,0.2895913069369271,0.0014650729717686,0.2869250460062176,0.0010624659480527,15,384,andrew_latency_test_GL15_PL384,109.39150905609132,15,andrew_latency_test,bulk_benchmark
48,0,400,0.4535506230022292,0.1521794669970404,646593.208210566,646593.509581722,646593.208342548,646593.20977837,646593.508463335,646593.508470815,0.3013711560051888,0.0014358219923451,0.2986849650042131,0.0011109069455415,15,384,andrew_latency_test_GL15_PL384,109.39150905609132,15,andrew_latency_test,bulk_benchmark
49,0,400,0.4383369449933525,0.1496853319404181,646593.761154949,646594.049806562,646593.761296721,646593.762835744,646594.048744646,646594.048751667,0.2886516130529344,0.0015390230109915,0.2859089020639658,0.001054894994013,15,384,andrew_latency_test_GL15_PL384,109.39150905609132,15,andrew_latency_test,bulk_benchmark
50,0,400,0.4379492450098041,0.1497162879968527,646594.300156581,646594.588389538,646594.300291293,646594.301732925,646594.587322002,646594.587329232,0.2882329570129514,0.0014416320482268,0.2855890770442784,0.0010603059781715,15,384,andrew_latency_test_GL15_PL384,109.39150905609132,15,andrew_latency_test,bulk_benchmark
51,2,400,0.4473034320108127,0.150070898089325,646594.837968296,646595.13520083,646594.838127899,646594.839539359,646595.134083373,646595.134091062,0.2972325339214876,0.001411459990777,0.2945440140319988,0.0011097679380327,15,384,andrew_latency_test_GL15_PL384,109.39150905609132,15,andrew_latency_test,bulk_benchmark
52,0,400,0.4402041419816669,0.1513994679262396,646595.38689367,646595.675698344,646595.387063472,646595.388496684,646595.674626018,646595.674633548,0.2888046740554273,0.0014332120772451,0.2861293340101838,0.001064796000719,15,384,andrew_latency_test_GL15_PL384,109.39150905609132,15,andrew_latency_test,bulk_benchmark
53,3,400,0.4518715250014793,0.1517416479473468,646595.929198682,646596.229328559,646595.929339175,646595.930856627,646596.228197362,646596.228204772,0.3001298770541325,0.0015174519503489,0.2973407350946218,0.0011237870203331,15,384,andrew_latency_test_GL15_PL384,109.39150905609132,15,andrew_latency_test,bulk_benchmark
54,0,400,0.4549220199987758,0.1525138269935269,646596.478937927,646596.78134612,646596.47910169,646596.480612463,646596.780180602,646596.780187971,0.3024081930052489,0.001510772970505,0.2995681390166282,0.0011581490980461,15,384,andrew_latency_test_GL15_PL384,109.39150905609132,15,andrew_latency_test,bulk_benchmark
55,4,400,0.4537203219952062,0.1510768060106784,646597.034780686,646597.337424202,646597.034913098,646597.03637258,646597.336258014,646597.336266014,0.3026435159845277,0.0014594820095226,0.2998854339821264,0.0011581879807636,15,384,andrew_latency_test_GL15_PL384,109.39150905609132,15,andrew_latency_test,bulk_benchmark
56,0,400,0.4374781459919177,0.1491824580007232,646597.589383635,646597.877679323,646597.589515227,646597.590935108,646597.876593046,646597.876600146,0.2882956879911944,0.0014198810094967,0.2856579379877075,0.0010791770182549,15,384,andrew_latency_test_GL15_PL384,109.39150905609132,15,andrew_latency_test,bulk_benchmark
57,0,400,0.4461489340174012,0.1495280309463851,646598.127406123,646598.424027026,646598.127536855,646598.128972147,646598.422888149,646598.4228955,0.2966209030710161,0.0014352919533848,0.293916002032347,0.0011315260780975,15,384,andrew_latency_test_GL15_PL384,109.39150905609132,15,andrew_latency_test,bulk_benchmark
58,0,400,0.4443137370108161,0.1516274420137051,646598.674591449,646598.967277744,646598.67472315,646598.676196203,646598.966122786,646598.966129496,0.2926862949971109,0.0014730530092492,0.2899265830637887,0.0011482479749247,15,384,andrew_latency_test_GL15_PL384,109.39150905609132,15,andrew_latency_test,bulk_benchmark
59,2,400,0.4577420160057954,0.1495868060155771,646599.218215052,646599.526370262,646599.218347345,646599.219791767,646599.525171183,646599.525178623,0.3081552099902183,0.0014444219414144,0.3053794160950929,0.001191638992168,15,384,andrew_latency_test_GL15_PL384,109.39150905609132,15,andrew_latency_test,bulk_benchmark
60,0,400,0.4361295540002174,0.1483699450618587,646599.774900814,646600.062660423,646599.775066056,646599.776490518,646600.061580637,646600.061587666,0.2877596089383587,0.0014244619524106,0.2850901189958676,0.0010727569460868,15,384,andrew_latency_test_GL15_PL384,109.39150905609132,15,andrew_latency_test,bulk_benchmark
61,0,400,0.4422176449734252,0.1496277519909199,646600.312299291,646600.604889184,646600.312436973,646600.313961527,646600.603783827,646600.603791257,0.2925898929825052,0.0015245539834722,0.2898223000811413,0.0010979269864037,15,384,andrew_latency_test_GL15_PL384,109.39150905609132,15,andrew_latency_test,bulk_benchmark
62,0,400,0.4436826430028304,0.149887031991966,646600.855897704,646601.149693315,646600.856060026,646600.857495728,646601.148592667,646601.148599557,0.2937956110108644,0.0014357019681483,0.2910969390068203,0.0010937580373138,15,384,andrew_latency_test_GL15_PL384,109.39150905609132,15,andrew_latency_test,bulk_benchmark
63,0,400,0.4426922440179623,0.1509716440341435,646601.401221941,646601.692942541,646601.401355503,646601.402896107,646601.691823754,646601.691830754,0.2917205999838188,0.0015406040474772,0.2889276469359174,0.0011117869289591,15,384,andrew_latency_test_GL15_PL384,109.39150905609132,15,andrew_latency_test,bulk_benchmark
64,0,400,0.4412718469975516,0.1495042750611901,646601.943296859,646602.235064431,646601.943432592,646601.944875023,646602.233927223,646602.233934483,0.2917675719363615,0.0014424310065805,0.289052200037986,0.0011299479519948,15,384,andrew_latency_test_GL15_PL384,109.39150905609132,15,andrew_latency_test,bulk_benchmark
65,0,400,0.4362539540161378,0.1479319449863396,646602.484125729,646602.772447738,646602.484263042,646602.485765394,646602.771353861,646602.771361282,0.2883220090297982,0.0015023520682007,0.2855884669115767,0.0010864560026675,15,384,andrew_latency_test_GL15_PL384,109.39150905609132,15,andrew_latency_test,bulk_benchmark
66,0,400,0.442540743999416,0.1510360179527197,646603.023351596,646603.314856322,646603.023481188,646603.02490727,646603.313761556,646603.313768726,0.2915047260466963,0.0014260819880291,0.2888542860746383,0.0010875960579141,15,384,andrew_latency_test_GL15_PL384,109.39150905609132,15,andrew_latency_test,bulk_benchmark
67,0,400,0.4387230499996803,0.1507465670001693,646603.565787129,646603.853763612,646603.565929511,646603.567369473,646603.852697757,646603.852704857,0.287976482999511,0.0014399620704352,0.2853282839059829,0.0010587549768388,15,384,andrew_latency_test_GL15_PL384,109.39150905609132,15,andrew_latency_test,bulk_benchmark
68,0,400,0.4372195519972592,0.149309889995493,646604.104106682,646604.392016344,646604.104239855,646604.105651185,646604.390924378,646604.390932258,0.2879096620017662,0.0014113300712779,0.2852731929160654,0.0010840860195457,15,384,andrew_latency_test_GL15_PL384,109.39150905609132,15,andrew_latency_test,bulk_benchmark
69,0,400,0.4387721499952022,0.1505094630701933,646604.641827116,646604.930089803,646604.642024899,646604.643433649,646604.928964145,646604.928971695,0.2882626869250089,0.0014087499585002,0.2855304960394278,0.0011181079316884,15,384,andrew_latency_test_GL15_PL384,109.39150905609132,15,andrew_latency_test,bulk_benchmark
70,0,400,0.4494645349914208,0.1608913929667323,646605.18295223,646605.471525372,646605.183118572,646605.184630335,646605.470450855,646605.470457806,0.2885731420246884,0.0015117629664018,0.2858205200172961,0.0010675659868866,15,384,andrew_latency_test_GL15_PL384,109.39150905609132,15,andrew_latency_test,bulk_benchmark
71,0,400,0.4386454500199761,0.1509901019453536,646605.730816457,646606.018471805,646605.73094301,646605.732379501,646606.017390749,646606.017397818,0.2876553480746224,0.0014364910311996,0.2850112479645759,0.0010739869903773,15,384,andrew_latency_test_GL15_PL384,109.39150905609132,15,andrew_latency_test,bulk_benchmark
72,0,400,0.4431171439937316,0.1545688530313782,646606.275811171,646606.564359462,646606.275945353,646606.277436436,646606.563283496,646606.563290526,0.2885482909623533,0.0014910830650478,0.2858470599167049,0.0010689359623938,15,384,andrew_latency_test_GL15_PL384,109.39150905609132,15,andrew_latency_test,bulk_benchmark
73,0,400,0.4400711479829624,0.1485488009639084,646606.81194534,646607.103467687,646606.812102603,646606.813536294,646607.102366249,646607.102373449,0.291522347019054,0.0014336910098791,0.2888299549231305,0.0010942380176857,15,384,andrew_latency_test_GL15_PL384,109.39150905609132,15,andrew_latency_test,bulk_benchmark
74,0,400,0.4360559530032333,0.1481896019249688,646607.35280762,646607.640673971,646607.352937162,646607.354401035,646607.639586535,646607.639594044,0.2878663510782644,0.0014638729626312,0.2851855000481009,0.0010799270821735,15,384,andrew_latency_test_GL15_PL384,109.39150905609132,15,andrew_latency_test,bulk_benchmark
75,0,400,0.4443174370098859,0.1486930089304223,646607.889858824,646608.185483252,646607.890037135,646607.891445917,646608.184373915,646608.184381626,0.2956244280794635,0.0014087819727137,0.2929279980016872,0.0011016260832548,15,384,andrew_latency_test_GL15_PL384,109.39150905609132,15,andrew_latency_test,bulk_benchmark
76,0,400,0.4382136460044421,0.1496717150439508,646608.436154606,646608.724696537,646608.436289879,646608.437789431,646608.723619811,646608.723627541,0.2885419309604913,0.0014995519304648,0.2858303800458088,0.0010689960326999,15,384,andrew_latency_test_GL15_PL384,109.39150905609132,15,andrew_latency_test,bulk_benchmark
77,0,400,0.4382704469899181,0.1501196320459712,646608.974927205,646609.26307802,646608.975089838,646608.9765349,646609.261972474,646609.261980264,0.2881508149439469,0.0014450619928538,0.2854375740280375,0.0010977559722959,15,384,andrew_latency_test_GL15_PL384,109.39150905609132,15,andrew_latency_test,bulk_benchmark
78,0,400,0.4496636289986782,0.1615302839200012,646609.513854877,646609.801988222,646609.514021609,646609.515432911,646609.800897374,646609.800904565,0.2881333450786769,0.0014113020151853,0.2854644630569964,0.0010836570290848,15,384,andrew_latency_test_GL15_PL384,109.39150905609132,15,andrew_latency_test,bulk_benchmark
79,1,400,0.4458537350001279,0.154099084000336,646610.067458151,646610.359212802,646610.067589233,646610.069055605,646610.358127864,646610.358135535,0.2917546509997919,0.0014663719339296,0.2890722589800134,0.0010772669920697,15,384,andrew_latency_test_GL15_PL384,109.39150905609132,15,andrew_latency_test,bulk_benchmark
80,1,400,0.4427300399984233,0.14747675700346,646610.607760343,646610.903013626,646610.607887055,646610.609329447,646610.901888569,646610.90189605,0.2952532829949632,0.0014423920074477,0.2925591219682246,0.001117576030083,15,384,andrew_latency_test_GL15_PL384,109.39150905609132,15,andrew_latency_test,bulk_benchmark
81,0,400,0.4536590230127331,0.1520008430525194,646611.154217259,646611.455875439,646611.15435455,646611.155864973,646611.454739012,646611.454745952,0.3016581799602136,0.0015104230260476,0.2988740390865132,0.0011294869473204,15,384,andrew_latency_test_GL15_PL384,109.39150905609132,15,andrew_latency_test,bulk_benchmark
82,0,400,0.4536990240158047,0.1657941720623057,646611.721857826,646612.009762678,646611.722028798,646611.7234396,646612.008682782,646612.008689832,0.287904851953499,0.0014108020113781,0.285243181977421,0.001072846003808,15,384,andrew_latency_test_GL15_PL384,109.39150905609132,15,andrew_latency_test,bulk_benchmark
83,2,400,0.4468708329950459,0.1510936329723335,646612.259610571,646612.555387771,646612.259746693,646612.261264826,646612.554262404,646612.554269374,0.2957772000227123,0.0015181330963969,0.292997577926144,0.0011183969909325,15,384,andrew_latency_test_GL15_PL384,109.39150905609132,15,andrew_latency_test,bulk_benchmark
84,1,400,0.4416034419846255,0.1492841600265819,646612.808776405,646613.101095687,646612.808907527,646612.810422141,646613.099897138,646613.099904788,0.2923192819580436,0.0015146139776334,0.2894749969709664,0.0011908990563824,15,384,andrew_latency_test_GL15_PL384,109.39150905609132,15,andrew_latency_test,bulk_benchmark
85,0,400,0.4378389470221009,0.1498345830186735,646613.350693833,646613.638698197,646613.350825126,646613.352295509,646613.63759866,646613.637606431,0.2880043640034273,0.0014703829074278,0.2853031510021537,0.0010917659383267,15,384,andrew_latency_test_GL15_PL384,109.39150905609132,15,andrew_latency_test,bulk_benchmark
86,0,400,0.4383084459987003,0.1495236619666684,646613.888089502,646614.176874286,646613.888223194,646613.889650656,646614.175744999,646614.175752189,0.2887847840320319,0.0014274619752541,0.2860943429404869,0.0011220970191061,15,384,andrew_latency_test_GL15_PL384,109.39150905609132,15,andrew_latency_test,bulk_benchmark
87,0,400,0.4407916429918259,0.1522217120509594,646614.428497666,646614.717067597,646614.428633018,646614.430265153,646614.71597202,646614.71597918,0.2885699309408664,0.0016321348957717,0.2857068671146408,0.0010884170187637,15,384,andrew_latency_test_GL15_PL384,109.39150905609132,15,andrew_latency_test,bulk_benchmark
88,0,400,0.4369784479786176,0.1486799599661026,646614.968087506,646615.256385994,646614.968220319,646614.969654561,646615.255282417,646615.255289857,0.288298488012515,0.0014342420035973,0.2856278560357168,0.0010961369844153,15,384,andrew_latency_test_GL15_PL384,109.39150905609132,15,andrew_latency_test,bulk_benchmark
89,0,400,0.4424019400030374,0.1489961460465565,646615.505272572,646615.798678366,646615.505407674,646615.506868216,646615.797524239,646615.797531739,0.2934057939564809,0.0014605419710278,0.2906560230767354,0.0011466270079836,15,384,andrew_latency_test_GL15_PL384,109.39150905609132,15,andrew_latency_test,bulk_benchmark
90,0,400,0.4434954369789921,0.1511274679214693,646616.049978621,646616.34234659,646616.050141092,646616.051579525,646616.341208602,646616.341216082,0.2923679690575227,0.001438432955183,0.2896290769567713,0.0011305080261081,15,384,andrew_latency_test_GL15_PL384,109.39150905609132,15,andrew_latency_test,bulk_benchmark
91,0,400,0.4517200239934027,0.1620101049775257,646616.593155876,646616.882865795,646616.593288869,646616.59476994,646616.881777539,646616.881785089,0.2897099190158769,0.0014810709981247,0.2870075990213081,0.0010807060170918,15,384,andrew_latency_test_GL15_PL384,109.39150905609132,15,andrew_latency_test,bulk_benchmark
92,2,400,0.4458583329978864,0.1502024830260779,646617.144365374,646617.440021224,646617.144498706,646617.145972879,646617.438900697,646617.438907717,0.2956558499718085,0.0014741730410605,0.2929278180235997,0.0011135069653391,15,384,andrew_latency_test_GL15_PL384,109.39150905609132,15,andrew_latency_test,bulk_benchmark
93,0,400,0.436685947002843,0.1480653350008651,646617.691545331,646617.980165943,646617.691679143,646617.693146386,646617.979087726,646617.979094957,0.2886206120019778,0.0014672429533675,0.2859413400292396,0.0010709860362112,15,384,andrew_latency_test_GL15_PL384,109.39150905609132,15,andrew_latency_test,bulk_benchmark
94,0,400,0.4439925359911285,0.1550647799740545,646618.235484039,646618.524411795,646618.23561871,646618.237109033,646618.523262608,646618.523270118,0.288927756017074,0.0014903229894116,0.2861535749398172,0.0011416769120842,15,384,andrew_latency_test_GL15_PL384,109.39150905609132,15,andrew_latency_test,bulk_benchmark
95,4,400,0.4544959210033994,0.1489539309113752,646618.772745224,646619.078287214,646618.772883047,646618.77442992,646619.077044135,646619.077051855,0.3055419900920242,0.0015468730125576,0.3026142149465158,0.0012353589991107,15,384,andrew_latency_test_GL15_PL384,109.39150905609132,15,andrew_latency_test,bulk_benchmark
96,0,400,0.4380675449792761,0.149223509040894,646619.328718245,646619.617562281,646619.328851416,646619.33038807,646619.616450224,646619.616457514,0.2888440359383821,0.0015366539591923,0.2860621539875865,0.0011047669686377,15,384,andrew_latency_test_GL15_PL384,109.39150905609132,15,andrew_latency_test,bulk_benchmark
97,0,400,0.4397546430118382,0.1502669260371476,646619.867346761,646620.156834478,646619.867476183,646619.868886804,646620.155749101,646620.155756571,0.2894877169746905,0.0014106209855526,0.2868622969835996,0.0010779070435091,15,384,andrew_latency_test_GL15_PL384,109.39150905609132,15,andrew_latency_test,bulk_benchmark
98,1,400,0.4427637380140368,0.1507863239676226,646620.407886187,646620.699863601,646620.408047651,646620.409480123,646620.698737284,646620.698744394,0.2919774140464142,0.0014324719086289,0.2892571610864252,0.0011192070087417,15,384,andrew_latency_test_GL15_PL384,109.39150905609132,15,andrew_latency_test,bulk_benchmark
99,0,400,0.4405142409959808,0.1514975329628214,646620.95081185,646621.239828558,646620.950942511,646620.952411454,646621.238719562,646621.238726671,0.2890167080331594,0.0014689430827274,0.2863081078976393,0.0011018870864063,15,384,andrew_latency_test_GL15_PL384,109.39150905609132,15,andrew_latency_test,bulk_benchmark
100,0,400,0.4490838279889431,0.160431675001746,646621.50280258,646621.791454733,646621.502941543,646621.504523947,646621.790355216,646621.790362306,0.288652152987197,0.0015824040165171,0.2858312689932063,0.001092426944524,15,384,andrew_latency_test_GL15_PL384,109.39150905609132,15,andrew_latency_test,bulk_benchmark
101,0,400,0.4383452439797111,0.14983028388815,646622.04159986,646622.33011482,646622.041744482,646622.043273925,646622.329015953,646622.329023963,0.2885149600915611,0.0015294429613277,0.2857420280342921,0.0010908570839092,15,384,andrew_latency_test_GL15_PL384,109.39150905609132,15,andrew_latency_test,bulk_benchmark
102,0,400,0.4392256430000998,0.1510019259876571,646622.579969401,646622.868193118,646622.580131273,646622.581571845,646622.867096222,646622.867103471,0.2882237170124426,0.0014405719703063,0.2855243770172819,0.0010896470630541,15,384,andrew_latency_test_GL15_PL384,109.39150905609132,15,andrew_latency_test,bulk_benchmark
103,0,400,0.4427824379818048,0.1507542748877313,646623.12062139,646623.412649553,646623.120753811,646623.122273635,646623.411539186,646623.411546596,0.2920281630940735,0.0015198240289464,0.2892655510222539,0.0011029570596292,15,384,andrew_latency_test_GL15_PL384,109.39150905609132,15,andrew_latency_test,bulk_benchmark
104,0,400,0.4376848439860623,0.149685170938028,646623.663855486,646623.951855159,646623.663983188,646623.66542001,646623.950785983,646623.950793503,0.2879996730480343,0.0014368219999596,0.2853659730171785,0.0010616560466587,15,384,andrew_latency_test_GL15_PL384,109.39150905609132,15,andrew_latency_test,bulk_benchmark
105,0,400,0.4442359340027906,0.1549634220427833,646624.201562089,646624.490834601,646624.20169342,646624.203151793,646624.489716954,646624.489724474,0.2892725119600072,0.0014583730371668,0.2865651609608903,0.0011101269628852,15,384,andrew_latency_test_GL15_PL384,109.39150905609132,15,andrew_latency_test,bulk_benchmark
106,0,400,0.440483539015986,0.1520682990085333,646624.747355234,646625.035770474,646624.747489136,646624.748997009,646625.034658376,646625.034665907,0.2884152400074526,0.0015078730648383,0.2856613670010119,0.0011045669671148,15,384,andrew_latency_test_GL15_PL384,109.39150905609132,15,andrew_latency_test,bulk_benchmark
107,0,400,0.4780427830119151,0.1891693770012352,646625.325830398,646625.614703804,646625.326054862,646625.327519463,646625.613623207,646625.613630627,0.2888734060106799,0.0014646010240539,0.2861037439433858,0.001073176972568,15,384,andrew_latency_test_GL15_PL384,109.39150905609132,15,andrew_latency_test,bulk_benchmark
108,0,400,0.4390839409898035,0.1508892239653505,646625.867297027,646626.155491744,646625.867430638,646625.86883133,646626.154417127,646626.154424327,0.288194717024453,0.001400691922754,0.2855857970425859,0.00106741709169,15,384,andrew_latency_test_GL15_PL384,109.39150905609132,15,andrew_latency_test,bulk_benchmark
109,0,400,0.4501700240070931,0.1506979880505241,646626.40758044,646626.707052476,646626.407710571,646626.409179224,646626.70590508,646626.70591226,0.299472035956569,0.0014686530921608,0.2967258559074253,0.0011402160162106,15,384,andrew_latency_test_GL15_PL384,109.39150905609132,15,andrew_latency_test,bulk_benchmark
110,0,400,0.4402964389882982,0.1479509499622509,646626.954901158,646627.247246647,646626.955063711,646626.956494642,646627.246138771,646627.246146701,0.2923454890260473,0.0014309309190139,0.2896441289922222,0.0010999459773302,15,384,andrew_latency_test_GL15_PL384,109.39150905609132,15,andrew_latency_test,bulk_benchmark
111,0,400,0.439942040015012,0.1513086360646411,646627.498859556,646627.78749296,646627.499030499,646627.500512481,646627.786406022,646627.786413502,0.2886334039503708,0.001481981948018,0.2858935410622507,0.0010794580448418,15,384,andrew_latency_test_GL15_PL384,109.39150905609132,15,andrew_latency_test,bulk_benchmark
112,0,400,0.4378400440036785,0.1498319810198154,646628.037408582,646628.325416645,646628.037536404,646628.038953856,646628.324336658,646628.324343508,0.288008062983863,0.0014174520038068,0.2853828020161018,0.0010731370421126,15,384,andrew_latency_test_GL15_PL384,109.39150905609132,15,andrew_latency_test,bulk_benchmark
113,0,400,0.4505442240042612,0.1510220350464806,646628.57621394,646628.875736129,646628.576347072,646628.577799525,646628.874608502,646628.874615692,0.2995221889577806,0.001452452968806,0.2968089770292863,0.0011204370530322,15,384,andrew_latency_test_GL15_PL384,109.39150905609132,15,andrew_latency_test,bulk_benchmark
114,0,400,0.4382577420037705,0.1489101090992335,646629.126580856,646629.415928489,646629.126713408,646629.12816027,646629.414838953,646629.414846823,0.289347632904537,0.0014468620065599,0.2866786828963086,0.0010816659778356,15,384,andrew_latency_test_GL15_PL384,109.39150905609132,15,andrew_latency_test,bulk_benchmark
115,4,400,0.4678255980252288,0.1514404530753381,646629.667053331,646629.983438476,646629.667188374,646629.668625106,646629.982251968,646629.982259538,0.3163851449498907,0.0014367320109158,0.3136268620146438,0.0011789379641413,15,384,andrew_latency_test_GL15_PL384,109.39150905609132,15,andrew_latency_test,bulk_benchmark
116,0,400,0.4395939400128554,0.1508541559742298,646630.234398255,646630.523138039,646630.234539977,646630.235986459,646630.522024592,646630.522032673,0.2887397840386256,0.0014464819105342,0.2860381330829113,0.0011053660418838,15,384,andrew_latency_test_GL15_PL384,109.39150905609132,15,andrew_latency_test,bulk_benchmark
117,0,400,0.449860925989924,0.1539152610057499,646630.777667022,646631.073612687,646630.777806084,646630.779366418,646631.072482369,646631.072489769,0.2959456649841741,0.0015603339998051,0.2931159510044381,0.0011229179799556,15,384,andrew_latency_test_GL15_PL384,109.39150905609132,15,andrew_latency_test,bulk_benchmark
118,0,400,0.4365979450230952,0.1488349059072788,646631.323442458,646631.611205497,646631.32357081,646631.324991222,646631.610104241,646631.610111921,0.2877630391158163,0.0014204119797796,0.2851130189374089,0.0010935760801658,15,384,andrew_latency_test_GL15_PL384,109.39150905609132,15,andrew_latency_test,bulk_benchmark
119,0,400,0.4458586309920065,0.1497409449075348,646631.861489086,646632.157606772,646631.861622317,646631.86309643,646632.156356892,646632.156364423,0.2961176860844716,0.0014741129707545,0.2932604620000347,0.0012423490406945,15,384,andrew_latency_test_GL15_PL384,109.39150905609132,15,andrew_latency_test,bulk_benchmark
120,2,400,0.4578124140098225,0.1503478050872218,646632.408472939,646632.715937548,646632.408621491,646632.410134184,646632.714785031,646632.714792641,0.3074646089226007,0.0015126930084079,0.3046508469851687,0.0011449069716036,15,384,andrew_latency_test_GL15_PL384,109.39150905609132,15,andrew_latency_test,bulk_benchmark
121,1,400,0.4424712359905243,0.1506845559924841,646632.967429615,646633.259216295,646632.967561207,646632.968973039,646633.258089509,646633.258097199,0.2917866799980402,0.0014118319377303,0.2891164700267836,0.0011190959485247,15,384,andrew_latency_test_GL15_PL384,109.39150905609132,15,andrew_latency_test,bulk_benchmark
122,0,400,0.4380799430073239,0.1496385739301331,646633.509053138,646633.797494507,646633.50918524,646633.510620462,646633.796392571,646633.796400151,0.2884413690771907,0.0014352219877764,0.285772108938545,0.001094356062822,15,384,andrew_latency_test_GL15_PL384,109.39150905609132,15,andrew_latency_test,bulk_benchmark
123,2,400,0.4460685300000477,0.1507416660024318,646634.048335225,646634.343662089,646634.048466937,646634.04996536,646634.342534521,646634.342541793,0.2953268639976159,0.0014984229346737,0.2925691610435024,0.0011202959576621,15,384,andrew_latency_test_GL15_PL384,109.39150905609132,15,andrew_latency_test,bulk_benchmark
124,1,400,0.4489249259931966,0.157112714019604,646634.597618562,646634.889430774,646634.597754615,646634.599298509,646634.888298457,646634.888305426,0.2918122119735926,0.001543893944472,0.2889999480685219,0.0011253480333834,15,384,andrew_latency_test_GL15_PL384,109.39150905609132,15,andrew_latency_test,bulk_benchmark
125,0,400,0.4375926429929677,0.1494754080486018,646635.143101754,646635.431218989,646635.143237356,646635.144690638,646635.430124813,646635.430132353,0.2881172349443659,0.0014532819623127,0.2854341750498861,0.001086635980755,15,384,andrew_latency_test_GL15_PL384,109.39150905609132,15,andrew_latency_test,bulk_benchmark
126,0,400,0.437704843992833,0.1497149010538123,646635.681610979,646635.969600922,646635.681741712,646635.683255504,646635.968519696,646635.968526876,0.2879899429390207,0.0015137919690459,0.2852641920326277,0.0010740460129454,15,384,andrew_latency_test_GL15_PL384,109.39150905609132,15,andrew_latency_test,bulk_benchmark
127,0,400,0.4410950379970018,0.1521738819137681,646636.22113368,646636.510054836,646636.221265502,646636.222717633,646636.50894941,646636.50895724,0.2889211560832336,0.0014521309640258,0.2862317770486697,0.0010975960176438,15,384,andrew_latency_test_GL15_PL384,109.39150905609132,15,andrew_latency_test,bulk_benchmark
128,2,400,0.4473285290005151,0.1515099579992238,646636.763383952,646637.059202523,646636.763522814,646636.765035937,646637.058072526,646637.058080106,0.2958185710012913,0.0015131229301914,0.2930365890497342,0.0011224169284105,15,384,andrew_latency_test_GL15_PL384,109.39150905609132,15,andrew_latency_test,bulk_benchmark
129,0,400,0.4417217370064463,0.1489031709206756,646637.308939404,646637.60175797,646637.309105346,646637.310573719,646637.600650694,646637.600658343,0.2928185660857707,0.0014683729968965,0.2900769750121981,0.0010996269993484,15,384,andrew_latency_test_GL15_PL384,109.39150905609132,15,andrew_latency_test,bulk_benchmark
130,0,400,0.4396427399769891,0.150659800885478,646637.852501154,646638.141484093,646637.852634887,646637.85411653,646638.140394417,646638.140401777,0.288982939091511,0.0014816430630162,0.2862778869457543,0.0010823160409927,15,384,andrew_latency_test_GL15_PL384,109.39150905609132,15,andrew_latency_test,bulk_benchmark
131,3,400,0.4483063280058559,0.1482416119833942,646638.390853388,646638.690918104,646638.39098727,646638.392447822,646638.689785157,646638.689792078,0.3000647160224616,0.0014605519827455,0.2973373349523172,0.0011260260362178,15,384,andrew_latency_test_GL15_PL384,109.39150905609132,15,andrew_latency_test,bulk_benchmark
132,0,400,0.4383581430010963,0.1488304870727006,646638.938847237,646639.228374893,646638.938981569,646638.940444331,646639.227290957,646639.227298467,0.2895276559283957,0.001462762011215,0.2868466259678826,0.0010764260077849,15,384,andrew_latency_test_GL15_PL384,109.39150905609132,15,andrew_latency_test,bulk_benchmark
133,0,400,0.440679239021847,0.1516027689503971,646639.480383958,646639.769460428,646639.48052194,646639.482118105,646639.768375451,646639.768383511,0.2890764700714499,0.0015961650060489,0.2862573459278792,0.0010769170476123,15,384,andrew_latency_test_GL15_PL384,109.39150905609132,15,andrew_latency_test,bulk_benchmark
134,4,400,0.4514723229804076,0.1495365589507855,646640.019836328,646640.321772092,646640.01996567,646640.021427552,646640.320622825,646640.320630015,0.3019357640296221,0.0014618820277974,0.2991952729644254,0.0011420770315453,15,384,andrew_latency_test_GL15_PL384,109.39150905609132,15,andrew_latency_test,bulk_benchmark
135,0,400,0.4479227279953193,0.1518537490337621,646640.573655243,646640.869724222,646640.573792516,646640.575309368,646640.868590314,646640.868600364,0.2960689789615571,0.0015168519457802,0.2932809460908174,0.0011238580336794,15,384,andrew_latency_test_GL15_PL384,109.39150905609132,15,andrew_latency_test,bulk_benchmark
136,0,400,0.4401839399943128,0.147603327059187,646641.119078116,646641.411658729,646641.119205648,646641.120622399,646641.410536711,646641.410544351,0.2925806129351258,0.0014167510671541,0.2899143119575456,0.001114377984777,15,384,andrew_latency_test_GL15_PL384,109.39150905609132,15,andrew_latency_test,bulk_benchmark
137,0,400,0.439633740024874,0.1506033101177308,646641.661920106,646641.950950536,646641.662084809,646641.663514651,646641.949824808,646641.949832648,0.2890304299071431,0.0014298419700935,0.2863101570401341,0.0011178879067301,15,384,andrew_latency_test_GL15_PL384,109.39150905609132,15,andrew_latency_test,bulk_benchmark
138,0,400,0.4369402439915575,0.1481169890030287,646642.199890134,646642.488713389,646642.200053256,646642.201476968,646642.487595482,646642.487602542,0.2888232549885288,0.0014237120049074,0.2861185140209272,0.0011108469916507,15,384,andrew_latency_test_GL15_PL384,109.39150905609132,15,andrew_latency_test,bulk_benchmark
139,4,400,0.4654811009822879,0.150295043044025,646642.738874515,646643.054060573,646642.739040148,646642.740473829,646643.052811403,646643.052818854,0.3151860579382628,0.0014336809981614,0.3123375739669427,0.0012417190009728,15,384,andrew_latency_test_GL15_PL384,109.39150905609132,15,andrew_latency_test,bulk_benchmark
140,0,400,0.4496726249926723,0.1607245789491571,646643.307295337,646643.596243383,646643.307430929,646643.308922282,646643.595125347,646643.595132377,0.2889480460435152,0.0014913529157638,0.2862030650721863,0.0011110060149803,15,384,andrew_latency_test_GL15_PL384,109.39150905609132,15,andrew_latency_test,bulk_benchmark
141,1,400,0.4521183220203966,0.16013658803422,646643.862392054,646644.154373788,646643.862524836,646643.863961578,646644.15324501,646644.15325233,0.2919817339861765,0.0014367420226335,0.2892834319500252,0.0011214580154046,15,384,andrew_latency_test_GL15_PL384,109.39150905609132,15,andrew_latency_test,bulk_benchmark
142,0,400,0.4409843389876187,0.1487282210728153,646644.406566455,646644.698822573,646644.406699287,646644.408155139,646644.697683156,646644.697690476,0.2922561179148033,0.0014558519469574,0.289528017048724,0.0011320969788357,15,384,andrew_latency_test_GL15_PL384,109.39150905609132,15,andrew_latency_test,bulk_benchmark
143,0,400,0.4378629440034274,0.1489187160332221,646644.949085861,646645.238030089,646644.949217583,646644.950679595,646645.236867562,646645.236874842,0.2889442279702052,0.0014620119472965,0.2861879670526832,0.0011552469804883,15,384,andrew_latency_test_GL15_PL384,109.39150905609132,15,andrew_latency_test,bulk_benchmark
144,0,400,0.4615358079900034,0.1719089380349032,646645.507689381,646645.797316251,646645.507828003,646645.509384247,646645.796208443,646645.796215793,0.2896268699551001,0.0015562439803034,0.2868241959949955,0.0011004579719156,15,384,andrew_latency_test_GL15_PL384,109.39150905609132,15,andrew_latency_test,bulk_benchmark
145,1,400,0.4641860039846506,0.1510455569659825,646646.049980203,646646.36312065,646646.050152556,646646.051624329,646646.361898192,646646.361905972,0.313140447018668,0.0014717729063704,0.3102738630259409,0.0012146780500188,15,384,andrew_latency_test_GL15_PL384,109.39150905609132,15,andrew_latency_test,bulk_benchmark
146,0,400,0.4597591100027784,0.1638731870334595,646646.629453053,646646.925338976,646646.629590296,646646.632704284,646646.924225369,646646.924233469,0.2958859229693189,0.0031139880884438,0.29152108496055,0.0011055070208385,15,384,andrew_latency_test_GL15_PL384,109.39150905609132,15,andrew_latency_test,bulk_benchmark
147,0,400,0.4364871449943166,0.1483389310014899,646647.173663136,646647.46181135,646647.173796078,646647.175322681,646647.460722204,646647.460729374,0.2881482139928266,0.0015266030095517,0.2853995229816064,0.0010819759918376,15,384,andrew_latency_test_GL15_PL384,109.39150905609132,15,andrew_latency_test,bulk_benchmark
148,0,400,0.4443182350078132,0.1558731760305818,646647.717282668,646648.005727727,646647.71741315,646647.718832182,646648.004615521,646648.004622281,0.2884450589772314,0.0014190319925546,0.285783338942565,0.0011054460192099,15,384,andrew_latency_test_GL15_PL384,109.39150905609132,15,andrew_latency_test,bulk_benchmark
149,3,400,0.4533748219837434,0.1538791849161498,646648.260383553,646648.55987919,646648.260517574,646648.262105739,646648.558760503,646648.558768064,0.2994956370675936,0.001588164945133,0.2966547639807686,0.0011111260391771,15,384,andrew_latency_test_GL15_PL384,109.39150905609132,15,andrew_latency_test,bulk_benchmark
150,4,400,0.4617991090053692,0.153478936990723,646648.813595911,646649.121916083,646648.813724641,646648.815191835,646649.120742096,646649.120749096,0.3083201720146462,0.0014671940589323,0.3055502609349787,0.0011669870000332,15,384,andrew_latency_test_GL15_PL384,109.39150905609132,15,andrew_latency_test,bulk_benchmark
151,0,400,0.4362085470056627,0.1480979729967657,646649.371079375,646649.659189949,646649.371209847,646649.372626599,646649.658078322,646649.658086103,0.2881105740088969,0.0014167519984766,0.2854517229134217,0.0011038460070267,15,384,andrew_latency_test_GL15_PL384,109.39150905609132,15,andrew_latency_test,bulk_benchmark
152,0,400,0.4404533409979194,0.1521560129476711,646649.911191414,646650.199488742,646649.911324616,646649.912756528,646650.198391155,646650.198398185,0.2882973280502483,0.0014319119509309,0.2856346269836649,0.0010905570816248,15,384,andrew_latency_test_GL15_PL384,109.39150905609132,15,andrew_latency_test,bulk_benchmark
153,0,400,0.4384504440240562,0.1500061140395701,646650.451110771,646650.739555101,646650.451239432,646650.452654483,646650.738460244,646650.738467414,0.2884443299844861,0.0014150510542094,0.2858057609992102,0.0010876869782805,15,384,andrew_latency_test_GL15_PL384,109.39150905609132,15,andrew_latency_test,bulk_benchmark
154,1,400,0.4582688149821479,0.1498172609426546,646650.988811043,646651.297262597,646650.988939045,646650.990397677,646651.29607963,646651.296087219,0.3084515540394932,0.0014586319448426,0.305681953090243,0.0011753779835999,15,384,andrew_latency_test_GL15_PL384,109.39150905609132,15,andrew_latency_test,bulk_benchmark
155,0,400,0.4492784280155319,0.1482843660342041,646651.547646477,646651.848640539,646651.54778178,646651.549328213,646651.8474703,646651.847477821,0.3009940619813278,0.0015464329626411,0.2981420870637521,0.0011627179337665,15,384,andrew_latency_test_GL15_PL384,109.39150905609132,15,andrew_latency_test,bulk_benchmark
156,0,400,0.4406901399779599,0.1520333559892606,646652.098122174,646652.386778958,646652.098254746,646652.099702979,646652.385666371,646652.38567382,0.2886567839886993,0.0014482330298051,0.2859633920015767,0.0011051379842683,15,384,andrew_latency_test_GL15_PL384,109.39150905609132,15,andrew_latency_test,bulk_benchmark
157,0,400,0.4397296420065686,0.1509630570653826,646652.639196358,646652.927962943,646652.63932782,646652.640760642,646652.926845637,646652.926852847,0.288766584941186,0.0014328219695016,0.2860849950229749,0.0011100959964096,15,384,andrew_latency_test_GL15_PL384,109.39150905609132,15,andrew_latency_test,bulk_benchmark
158,0,400,0.44168343898491,0.1507216999598313,646653.180621678,646653.471583417,646653.180754651,646653.182330495,646653.470453509,646653.470461029,0.2909617390250787,0.0015758440131321,0.288123014033772,0.0011223880574107,15,384,andrew_latency_test_GL15_PL384,109.39150905609132,15,andrew_latency_test,bulk_benchmark
159,0,400,0.4402961409941781,0.1484848489344585,646653.720211459,646654.012022751,646653.720345921,646653.721794303,646654.010885433,646654.010893404,0.2918112920597195,0.001448382041417,0.2890911299036816,0.0011293470161035,15,384,andrew_latency_test_GL15_PL384,109.39150905609132,15,andrew_latency_test,bulk_benchmark
160,0,400,0.4449234339990653,0.151039311022032,646654.26234046,646654.556224583,646654.262486132,646654.264061776,646654.555097436,646654.555105146,0.2938841229770332,0.0015756440116092,0.2910356599604711,0.0011194369290024,15,384,andrew_latency_test_GL15_PL384,109.39150905609132,15,andrew_latency_test,bulk_benchmark
161,0,400,0.4391181420069188,0.1490701970178634,646654.806854366,646655.096902311,646654.806985949,646654.808454511,646655.095820024,646655.095827095,0.2900479449890554,0.0014685619389638,0.2873655130388215,0.0010752159869298,15,384,andrew_latency_test_GL15_PL384,109.39150905609132,15,andrew_latency_test,bulk_benchmark
162,0,400,0.4429039370152168,0.1506188200437463,646655.347672348,646655.639957465,646655.34782411,646655.349599377,646655.638849999,646655.638856919,0.2922851169714704,0.0017752670682966,0.2892506220377981,0.0011005459818989,15,384,andrew_latency_test_GL15_PL384,109.39150905609132,15,andrew_latency_test,bulk_benchmark
163,0,400,0.4448576350114308,0.1514703099965118,646655.889909739,646656.183297064,646655.890075631,646655.891515213,646656.182178617,646656.182185957,0.293387325014919,0.0014395819744095,0.2906634040409699,0.0011111070634797,15,384,andrew_latency_test_GL15_PL384,109.39150905609132,15,andrew_latency_test,bulk_benchmark
164,0,400,0.4558171179960482,0.1500490139587782,646656.435036664,646656.740804768,646656.435172586,646656.436646128,646656.73958559,646656.73959307,0.3057681040372699,0.0014735419536009,0.3029394620098173,0.0012116980506107,15,384,andrew_latency_test_GL15_PL384,109.39150905609132,15,andrew_latency_test,bulk_benchmark
165,4,400,0.4727627930114977,0.1514231629553251,646656.994500789,646657.315840419,646656.994635861,646656.996110434,646657.31457376,646657.31458102,0.3213396300561726,0.001474572927691,0.3184633260825649,0.0012593989958986,15,384,andrew_latency_test_GL15_PL384,109.39150905609132,15,andrew_latency_test,bulk_benchmark
166,0,400,0.4420037380186841,0.1505922239739447,646657.565661241,646657.857072755,646657.565795844,646657.567319827,646657.855894838,646657.855902188,0.2914115140447393,0.001523983082734,0.288575010956265,0.00117056700401,15,384,andrew_latency_test_GL15_PL384,109.39150905609132,15,andrew_latency_test,bulk_benchmark
167,0,400,0.440293040999677,0.1513901149737648,646658.108614784,646658.39751771,646658.108750316,646658.110277829,646658.396372313,646658.396380063,0.2889029260259121,0.0015275130281224,0.286094484035857,0.0011376469628885,15,384,andrew_latency_test_GL15_PL384,109.39150905609132,15,andrew_latency_test,bulk_benchmark
168,0,400,0.4383154439856298,0.1498229629942216,646658.649273981,646658.937766462,646658.649408634,646658.650848956,646658.936657965,646658.936665585,0.2884924809914082,0.001440321910195,0.2858090089866891,0.0011008769506588,15,384,andrew_latency_test_GL15_PL384,109.39150905609132,15,andrew_latency_test,bulk_benchmark
169,0,400,0.4454348340223077,0.1500477280060295,646659.187436791,646659.482823897,646659.187564083,646659.188980965,646659.481663269,646659.481670729,0.2953871060162782,0.0014168819179758,0.2926823040470481,0.0011531680356711,15,384,andrew_latency_test_GL15_PL384,109.39150905609132,15,andrew_latency_test,bulk_benchmark
170,0,400,0.4383859450172167,0.1501428980554919,646659.733929818,646660.022172865,646659.7340867,646659.735494892,646660.021043428,646660.021051057,0.2882430469617247,0.0014081919798627,0.2855485359905287,0.001121807959862,15,384,andrew_latency_test_GL15_PL384,109.39150905609132,15,andrew_latency_test,bulk_benchmark
171,0,400,0.4387514439877122,0.149599743890576,646660.272347202,646660.561498902,646660.272483153,646660.274034037,646660.560381725,646660.560389056,0.2891517000971362,0.0015508839860558,0.2863476879429072,0.0011098460527136,15,384,andrew_latency_test_GL15_PL384,109.39150905609132,15,andrew_latency_test,bulk_benchmark
172,0,400,0.4473942300246563,0.1594200071122031,646660.821711161,646661.109685384,646660.821838214,646660.823312676,646661.108567547,646661.108575008,0.2879742229124531,0.0014744621003046,0.285254871007055,0.0011103759752586,15,384,andrew_latency_test_GL15_PL384,109.39150905609132,15,andrew_latency_test,bulk_benchmark
173,0,400,0.4377937449899036,0.1493994869815651,646661.360144786,646661.648539044,646661.360272537,646661.361692999,646661.647404767,646661.647412448,0.2883942580083385,0.0014204620383679,0.285711767966859,0.0011265960056334,15,384,andrew_latency_test_GL15_PL384,109.39150905609132,15,andrew_latency_test,bulk_benchmark
174,0,400,0.4479065299965441,0.1483948420500382,646661.896197234,646662.195708922,646661.896332075,646661.89791752,646662.194538624,646662.194545984,0.2995116879465058,0.0015854450175538,0.2966211040038615,0.0011629379587247,15,384,andrew_latency_test_GL15_PL384,109.39150905609132,15,andrew_latency_test,bulk_benchmark
175,1,400,0.4424462380120531,0.1497331730788573,646662.445033006,646662.737746071,646662.445170738,646662.44663554,646662.736554692,646662.736561622,0.2927130649331957,0.0014648019568994,0.2899191520409658,0.0011844489490613,15,384,andrew_latency_test_GL15_PL384,109.39150905609132,15,andrew_latency_test,bulk_benchmark
176,3,400,0.4539130209886934,0.1510324720002245,646662.989578953,646663.292459502,646662.989713565,646662.991180728,646663.291289615,646663.291296675,0.3028805489884689,0.0014671629760414,0.3001088870223611,0.001162827014923,15,384,andrew_latency_test_GL15_PL384,109.39150905609132,15,andrew_latency_test,bulk_benchmark
177,0,400,0.44021854098537,0.1506605738832149,646663.545047266,646663.834605233,646663.545179909,646663.546622881,646663.833498926,646663.833506276,0.2895579671021551,0.0014429719885811,0.2868760450510308,0.0010989570291712,15,384,andrew_latency_test_GL15_PL384,109.39150905609132,15,andrew_latency_test,bulk_benchmark
178,1,400,0.4427465369808487,0.1509870670852251,646664.0841555,646664.37591497,646664.084286712,646664.085701644,646664.374807154,646664.374814534,0.2917594698956236,0.0014149319613352,0.2891055099898949,0.0011004359694197,15,384,andrew_latency_test_GL15_PL384,109.39150905609132,15,andrew_latency_test,bulk_benchmark
179,0,400,0.4512915250088554,0.1489150729903485,646664.626668326,646664.929044778,646664.626799008,646664.62825731,646664.927890301,646664.927897471,0.3023764520185068,0.0014583020238205,0.2996329909656197,0.0011473069898784,15,384,andrew_latency_test_GL15_PL384,109.39150905609132,15,andrew_latency_test,bulk_benchmark
180,0,400,0.4469360309885815,0.1507491539232432,646665.179904796,646665.476091673,646665.180066018,646665.18150311,646665.474934346,646665.474941506,0.2961868770653382,0.0014370919670909,0.2934312360594049,0.0011501669650897,15,384,andrew_latency_test_GL15_PL384,109.39150905609132,15,andrew_latency_test,bulk_benchmark
181,0,400,0.4408820399839896,0.1500960149860475,646665.727285376,646666.018071401,646665.727420278,646665.728881832,646666.016945635,646666.016953045,0.2907860249979421,0.0014615539694204,0.2880638029891997,0.0011183560127392,15,384,andrew_latency_test_GL15_PL384,109.39150905609132,15,andrew_latency_test,bulk_benchmark
182,0,400,0.4462450319842901,0.1499657499080058,646666.26850125,646666.564780532,646666.268636173,646666.270151066,646666.563658295,646666.563665484,0.2962792820762843,0.0015148930251598,0.2935072289546951,0.0011150480713695,15,384,andrew_latency_test_GL15_PL384,109.39150905609132,15,andrew_latency_test,bulk_benchmark
183,0,400,0.4408988400246016,0.1517448400263674,646666.815315504,646667.104469504,646666.815447676,646666.816953049,646667.103396118,646667.103403128,0.2891539999982342,0.0015053730458021,0.2864430689951405,0.0010663759894669,15,384,andrew_latency_test_GL15_PL384,109.39150905609132,15,andrew_latency_test,bulk_benchmark
184,0,400,0.4421811380016152,0.1528313739981968,646667.356360618,646667.645710382,646667.356493561,646667.357943822,646667.644636305,646667.644643165,0.2893497640034184,0.0014502611011266,0.2866924830013886,0.0010672169737517,15,384,andrew_latency_test_GL15_PL384,109.39150905609132,15,andrew_latency_test,bulk_benchmark
185,0,400,0.4452047339873388,0.1551425500074401,646667.904617332,646668.194679516,646667.904755074,646667.906360058,646668.193566768,646668.193574428,0.2900621839798987,0.0016049840487539,0.2872067099669948,0.0011050880420953,15,384,andrew_latency_test_GL15_PL384,109.39150905609132,15,andrew_latency_test,bulk_benchmark
186,0,400,0.440312441001879,0.1509991269849706,646668.444640199,646668.733953513,646668.444778281,646668.446316105,646668.732866596,646668.732873947,0.2893133140169084,0.0015378239331766,0.2865504910005256,0.0010795659618452,15,384,andrew_latency_test_GL15_PL384,109.39150905609132,15,andrew_latency_test,bulk_benchmark
187,2,400,0.4457086340116802,0.1495574569853488,646668.985163265,646669.281314442,646668.985297707,646668.98677845,646669.280200936,646669.280207905,0.2961511770263314,0.0014807429397478,0.2934224860509857,0.001106537063606,15,384,andrew_latency_test_GL15_PL384,109.39150905609132,15,andrew_latency_test,bulk_benchmark
188,0,400,0.4442991359974257,0.1541267779539339,646669.535161263,646669.825333621,646669.535295606,646669.536744228,646669.824249395,646669.824256664,0.2901723580434918,0.0014486219733953,0.2875051670707762,0.0010769569780677,15,384,andrew_latency_test_GL15_PL384,109.39150905609132,15,andrew_latency_test,bulk_benchmark
189,0,400,0.441493240010459,0.1496991179301403,646670.077273245,646670.369067367,646670.077409337,646670.07887333,646670.367964039,646670.367971779,0.2917941220803186,0.001463992986828,0.2890907089458778,0.0010955880861729,15,384,andrew_latency_test_GL15_PL384,109.39150905609132,15,andrew_latency_test,bulk_benchmark
190,0,400,0.4400684410065878,0.1509035199705977,646670.619860332,646670.909025253,646670.619997945,646670.621550138,646670.907937197,646670.907944567,0.2891649210359901,0.0015521929599344,0.2863870590226725,0.0010806859936565,15,384,andrew_latency_test_GL15_PL384,109.39150905609132,15,andrew_latency_test,bulk_benchmark
191,0,400,0.442310237995116,0.1503624040342401,646671.159150789,646671.451098623,646671.159290461,646671.160740183,646671.449967825,646671.449975555,0.2919478339608758,0.0014497219817712,0.2892276420025155,0.0011230680393055,15,384,andrew_latency_test_GL15_PL384,109.39150905609132,15,andrew_latency_test,bulk_benchmark
192,0,400,0.4435309350083116,0.1520939489419106,646671.702663631,646671.994100617,646671.702802144,646671.704327767,646671.992976599,646671.992984039,0.291436986066401,0.0015256230253726,0.2886488320073113,0.0011165780015289,15,384,andrew_latency_test_GL15_PL384,109.39150905609132,15,andrew_latency_test,bulk_benchmark
193,2,400,0.4550353180093225,0.1477092799905222,646672.244351084,646672.551677122,646672.244481016,646672.245923538,646672.550518704,646672.550526414,0.3073260380188003,0.0014425220433622,0.3045951660024002,0.0011507080635055,15,384,andrew_latency_test_GL15_PL384,109.39150905609132,15,andrew_latency_test,bulk_benchmark
194,0,400,0.4398912400065455,0.1507436199171934,646672.801358942,646673.090506562,646672.801488643,646672.802929495,646673.089433126,646673.089440676,0.2891476200893521,0.0014408519491553,0.2865036310395226,0.0010658859973773,15,384,andrew_latency_test_GL15_PL384,109.39150905609132,15,andrew_latency_test,bulk_benchmark
195,1,400,0.4485962280014064,0.1513007930188905,646673.341674694,646673.638970129,646673.341807146,646673.343338979,646673.637839071,646673.637846231,0.2972954349825158,0.0015318329678848,0.2945000920444727,0.0011238979641348,15,384,andrew_latency_test_GL15_PL384,109.39150905609132,15,andrew_latency_test,bulk_benchmark
196,0,400,0.4389903429837432,0.1493039950437378,646673.890668479,646674.180354827,646673.890807451,646673.892350614,646674.179281781,646674.179289101,0.2896863479400053,0.0015431629726663,0.2869311670074239,0.0010657259263098,15,384,andrew_latency_test_GL15_PL384,109.39150905609132,15,andrew_latency_test,bulk_benchmark
197,0,400,0.4402198409952689,0.1493444040243048,646674.428869819,646674.719745256,646674.429039421,646674.430506774,646674.71865004,646674.71865714,0.2908754369709641,0.0014673529658466,0.288143265992403,0.0010881159687414,15,384,andrew_latency_test_GL15_PL384,109.39150905609132,15,andrew_latency_test,bulk_benchmark
198,0,400,0.4381891439843457,0.1495146798843052,646674.971375524,646675.260049988,646674.971507806,646674.972962499,646675.258954522,646675.258961842,0.2886744641000405,0.0014546930324286,0.2859920229529962,0.0010881460038945,15,384,andrew_latency_test_GL15_PL384,109.39150905609132,15,andrew_latency_test,bulk_benchmark
199,0,400,0.4510510240215808,0.1605719930958002,646675.510604002,646675.801083033,646675.510738144,646675.512223257,646675.799992086,646675.800015586,0.2904790309257805,0.0014851129380986,0.2877688290318474,0.0010674470104277,15,384,andrew_latency_test_GL15_PL384,109.39150905609132,15,andrew_latency_test,bulk_benchmark
200,0,400,0.4402338399959262,0.1510101589083206,646676.062351179,646676.35157486,646676.06248467,646676.063906592,646676.350489114,646676.350496503,0.2892236810876056,0.001421922002919,0.2865825219778344,0.0010783571051433,15,384,andrew_latency_test_GL15_PL384,109.39150905609132,15,andrew_latency_test,bulk_benchmark
1,0,400,0.3222559590358287,0.1579415290616452,659602.041243416,659602.205557846,659602.04147163,659602.083249794,659602.202992318,659602.203015948,0.1643144299741834,0.0417781639844179,0.1197425239952281,0.0025418980512768,1,384,mac_latency_test_GL1_PL384,60.243120193481445,1,mac_latency_test,bulk_benchmark
2,0,400,0.204528916045092,0.1727468860335648,659602.481362357,659602.513144387,659602.481499659,659602.48301671,659602.512890164,659602.512896694,0.0317820300115272,0.0015170510159805,0.0298734540119767,0.0002476930385455,1,384,mac_latency_test_GL1_PL384,60.243120193481445,1,mac_latency_test,bulk_benchmark
3,0,400,0.1905092920060269,0.1585734290420077,659602.775512764,659602.807448627,659602.775651766,659602.777175609,659602.807159003,659602.807166224,0.0319358629640191,0.0015238430351018,0.0299833939643576,0.0002824029652401,1,384,mac_latency_test_GL1_PL384,60.243120193481445,1,mac_latency_test,bulk_benchmark
4,0,400,0.1888859160244465,0.1562776620266959,659603.063360045,659603.095968299,659603.063513047,659603.065184403,659603.095637405,659603.095645255,0.0326082539977505,0.0016713560326024,0.0304530019639059,0.0003230440197512,1,384,mac_latency_test_GL1_PL384,60.243120193481445,1,mac_latency_test,bulk_benchmark
5,0,400,0.1914214589633047,0.1590666599804535,659603.357375731,659603.38973053,659603.357513193,659603.359056876,659603.389405106,659603.389412606,0.0323547989828512,0.0015436829999089,0.0303482299204915,0.0003179239574819,1,384,mac_latency_test_GL1_PL384,60.243120193481445,1,mac_latency_test,bulk_benchmark
6,0,400,0.1897576659685,0.1570098199881613,659603.654129838,659603.686877684,659603.65429965,659603.65629813,659603.686553548,659603.686561149,0.0327478459803387,0.0019984800601378,0.0302554179215803,0.0003165350062772,1,384,mac_latency_test_GL1_PL384,60.243120193481445,1,mac_latency_test,bulk_benchmark
7,0,400,0.1896814589854329,0.1580179099692031,659603.946398977,659603.978062526,659603.946533839,659603.94794611,659603.977776762,659603.977784312,0.0316635490162298,0.0014122710563242,0.0298306519398465,0.0002782139927148,1,384,mac_latency_test_GL1_PL384,60.243120193481445,1,mac_latency_test,bulk_benchmark
8,4,400,0.2062117080204188,0.1601255610585212,659604.238757467,659604.284843614,659604.238890158,659604.240423382,659604.28449549,659604.28450231,0.0460861469618976,0.0015332240145653,0.0440721079939976,0.0003413039958104,1,384,mac_latency_test_GL1_PL384,60.243120193481445,1,mac_latency_test,bulk_benchmark
9,0,400,0.1912422080058604,0.159258282976225,659604.551082029,659604.583065954,659604.551217221,659604.552719834,659604.582717219,659604.582724659,0.0319839250296354,0.0015026130713522,0.0299973849905654,0.0003412950318306,1,384,mac_latency_test_GL1_PL384,60.243120193481445,1,mac_latency_test,bulk_benchmark
10,0,400,0.1959203330334276,0.1599288380239159,659604.847249907,659604.883241402,659604.847383369,659604.848806561,659604.882848067,659604.882855557,0.0359914950095117,0.0014231919776648,0.034041506005451,0.0003858449636027,1,384,mac_latency_test_GL1_PL384,60.243120193481445,1,mac_latency_test,bulk_benchmark
11,0,400,0.191551083989907,0.1597585819545202,659605.146968859,659605.178761361,659605.147127981,659605.148576054,659605.178421646,659605.178429115,0.0317925020353868,0.0014480730751529,0.0298455919837579,0.000332246068865,1,384,mac_latency_test_GL1_PL384,60.243120193481445,1,mac_latency_test,bulk_benchmark
12,0,400,0.1899416669621132,0.1581475060083903,659605.439420841,659605.471215002,659605.439551293,659605.441056806,659605.470894658,659605.470901568,0.0317941609537228,0.0015055129770189,0.0298378519946709,0.0003134340513497,1,384,mac_latency_test_GL1_PL384,60.243120193481445,1,mac_latency_test,bulk_benchmark
13,0,400,0.2245925839524716,0.1926401898963377,659605.767567414,659605.799519808,659605.767712546,659605.76931096,659605.799214183,659605.799221003,0.0319523940561339,0.001598413917236,0.0299032230395823,0.0002988050691783,1,384,mac_latency_test_GL1_PL384,60.243120193481445,1,mac_latency_test,bulk_benchmark
14,0,400,0.1963649580138735,0.1646547860582359,659606.065775942,659606.097486114,659606.065908275,659606.067342866,659606.097165759,659606.097173659,0.0317101719556376,0.0014345910167321,0.0298228929750621,0.0003124549984931,1,384,mac_latency_test_GL1_PL384,60.243120193481445,1,mac_latency_test,bulk_benchmark
15,0,400,0.1904765000217594,0.1578695669886656,659606.367498906,659606.400105839,659606.367668778,659606.369580658,659606.399708213,659606.399715733,0.0326069330330938,0.0019118799827992,0.0301275550154969,0.0003901059972122,1,384,mac_latency_test_GL1_PL384,60.243120193481445,1,mac_latency_test,bulk_benchmark
16,0,400,0.2296207909821532,0.1978618299472145,659606.702499371,659606.734258332,659606.702634033,659606.704086545,659606.733917127,659606.733924518,0.0317589610349386,0.0014525119913741,0.0298305819742381,0.0003338140668347,1,384,mac_latency_test_GL1_PL384,60.243120193481445,1,mac_latency_test,bulk_benchmark
17,0,400,0.1868169159861281,0.1551120759686455,659606.994914802,659607.026619642,659606.995082955,659606.996517597,659607.026328468,659607.026336168,0.0317048400174826,0.0014346420066431,0.0298108709976077,0.0002834739862009,1,384,mac_latency_test_GL1_PL384,60.243120193481445,1,mac_latency_test,bulk_benchmark
18,0,400,0.1888091670116409,0.1569296540692448,659607.287469455,659607.319348968,659607.287604697,659607.289062489,659607.319024764,659607.319031993,0.0318795129423961,0.0014577920082956,0.0299622749444097,0.0003169749397784,1,384,mac_latency_test_GL1_PL384,60.243120193481445,1,mac_latency_test,bulk_benchmark
19,0,400,0.192506332998164,0.1607600919669494,659607.58545136,659607.617197601,659607.585583843,659607.587039274,659607.616877607,659607.616884877,0.0317462410312145,0.0014554309891536,0.0298383329063653,0.0003127240343019,1,384,mac_latency_test_GL1_PL384,60.243120193481445,1,mac_latency_test,bulk_benchmark
20,0,400,0.1990973749780096,0.1670521699707023,659607.885893593,659607.917938798,659607.886057076,659607.887494747,659607.917537323,659607.917544713,0.0320452050073072,0.0014376709004864,0.0300425760215148,0.0003940849564969,1,384,mac_latency_test_GL1_PL384,60.243120193481445,1,mac_latency_test,bulk_benchmark
21,0,400,0.1899166249786503,0.1570410280837677,659608.188065323,659608.22094092,659608.188201325,659608.189652077,659608.220479964,659608.220487433,0.0328755968948826,0.0014507520245388,0.0308278870070353,0.000453486922197,1,384,mac_latency_test_GL1_PL384,60.243120193481445,1,mac_latency_test,bulk_benchmark
22,0,400,0.1920897079980932,0.1600544229731895,659608.483591301,659608.515626586,659608.483724153,659608.485173455,659608.515250521,659608.515258271,0.0320352850249037,0.0014493019552901,0.0300770660396665,0.0003683150280267,1,384,mac_latency_test_GL1_PL384,60.243120193481445,1,mac_latency_test,bulk_benchmark
23,0,400,0.190082750050351,0.1575438580475747,659608.780655074,659608.813193966,659608.780799125,659608.78242659,659608.812781799,659608.812789009,0.0325388920027762,0.0016274650115519,0.0303552090190351,0.0004049570998176,1,384,mac_latency_test_GL1_PL384,60.243120193481445,1,mac_latency_test,bulk_benchmark
24,0,400,0.1871417909860611,0.1546440090751275,659609.07347397,659609.105971752,659609.073632893,659609.075168136,659609.105567696,659609.105574446,0.0324977819109335,0.0015352430054917,0.0303995599970221,0.0003973059356212,1,384,mac_latency_test_GL1_PL384,60.243120193481445,1,mac_latency_test,bulk_benchmark
25,0,400,0.1933906250051222,0.1612392890383489,659609.372151976,659609.404303312,659609.372292368,659609.373880322,659609.403935717,659609.403942687,0.0321513359667733,0.0015879540005698,0.0300553949782624,0.0003606249811127,1,384,mac_latency_test_GL1_PL384,60.243120193481445,1,mac_latency_test,bulk_benchmark
26,0,400,0.1910563340061344,0.158805706014391,659609.666917412,659609.69916804,659609.667086365,659609.66876198,659609.698786065,659609.698793345,0.0322506279917433,0.0016756149707362,0.0300240849610418,0.0003746949369087,1,384,mac_latency_test_GL1_PL384,60.243120193481445,1,mac_latency_test,bulk_benchmark
27,0,400,0.1908804169506766,0.1588221609708853,659609.958817195,659609.990875451,659609.958952438,659609.96043517,659609.990495615,659609.990503306,0.0320582559797912,0.0014827320119366,0.0300604450749233,0.0003721449756994,1,384,mac_latency_test_GL1_PL384,60.243120193481445,1,mac_latency_test,bulk_benchmark
28,0,400,0.1884955840068869,0.1565136990393512,659610.253838736,659610.285820621,659610.253981019,659610.255499182,659610.285446715,659610.285453925,0.0319818849675357,0.0015181630151346,0.0299475329229608,0.0003666959237307,1,384,mac_latency_test_GL1_PL384,60.243120193481445,1,mac_latency_test,bulk_benchmark
29,0,400,0.1930952920229174,0.1609580460353754,659610.551261013,659610.583398259,659610.551396785,659610.552824437,659610.583022964,659610.583030794,0.0321372459875419,0.0014276520814746,0.0301985269179567,0.0003674649633467,1,384,mac_latency_test_GL1_PL384,60.243120193481445,1,mac_latency_test,bulk_benchmark
30,0,400,0.1909552920260466,0.1592279620817862,659610.849546824,659610.881274154,659610.849700756,659610.851165238,659610.880952128,659610.88095928,0.0317273299442604,0.0014644819311797,0.0297868900233879,0.0003148739924654,1,384,mac_latency_test_GL1_PL384,60.243120193481445,1,mac_latency_test,bulk_benchmark
31,0,400,0.189081749995239,0.1573735889978706,659611.144919059,659611.17662722,659611.145079382,659611.146507363,659611.176318955,659611.176326184,0.0317081609973683,0.0014279809547588,0.0298115920741111,0.0003010360524058,1,384,mac_latency_test_GL1_PL384,60.243120193481445,1,mac_latency_test,bulk_benchmark
32,0,400,0.1900304590235464,0.1583042480633594,659611.437206088,659611.468932299,659611.437339,659611.438765871,659611.468601894,659611.468609414,0.031726210960187,0.0014268709346652,0.0298360229935497,0.0003228849964216,1,384,mac_latency_test_GL1_PL384,60.243120193481445,1,mac_latency_test,bulk_benchmark
33,0,400,0.1918899589800276,0.1600474679726176,659611.730426772,659611.762269263,659611.730565984,659611.732124407,659611.761963649,659611.761970409,0.0318424910074099,0.001558422925882,0.0298392419936135,0.0002988540800288,1,384,mac_latency_test_GL1_PL384,60.243120193481445,1,mac_latency_test,bulk_benchmark
34,0,400,0.1926802909583784,0.1607405369286425,659612.028429427,659612.060369181,659612.028567099,659612.030138693,659612.060037856,659612.060045206,0.0319397540297359,0.0015715940389782,0.0298991629388183,0.0003239749930799,1,384,mac_latency_test_GL1_PL384,60.243120193481445,1,mac_latency_test,bulk_benchmark
35,0,400,0.1945046660257503,0.1626467340392992,659612.325154354,659612.357012286,659612.325294096,659612.326768098,659612.35666537,659612.356672682,0.0318579319864511,0.0014740020269528,0.0298972720047459,0.0003396039828658,1,384,mac_latency_test_GL1_PL384,60.243120193481445,1,mac_latency_test,bulk_benchmark
36,1,400,0.1970812079962343,0.1609026090009138,659612.623040247,659612.659218846,659612.623177,659612.624642242,659612.65885605,659612.658863541,0.0361785989953205,0.0014652420068159,0.0342138080159202,0.0003553050337359,1,384,mac_latency_test_GL1_PL384,60.243120193481445,1,mac_latency_test,bulk_benchmark
37,0,400,0.1906968340044841,0.1589118230622261,659612.919787655,659612.951572666,659612.919921278,659612.921400459,659612.951236521,659612.951244061,0.0317850109422579,0.0014791809953749,0.0298360619926825,0.0003286049468442,1,384,mac_latency_test_GL1_PL384,60.243120193481445,1,mac_latency_test,bulk_benchmark
38,0,400,0.1932473750202916,0.16145002405392,659613.214506001,659613.246303352,659613.214639252,659613.216102454,659613.245972228,659613.245979558,0.0317973509663715,0.0014632019447162,0.0298697740072384,0.0003237939672544,1,384,mac_latency_test_GL1_PL384,60.243120193481445,1,mac_latency_test,bulk_benchmark
39,0,400,0.1892115829978138,0.1575158330379054,659613.513069316,659613.544765066,659613.513200567,659613.514639519,659613.544467011,659613.544474141,0.0316957499599084,0.0014389520511031,0.0298274919623509,0.0002909250324591,1,384,mac_latency_test_GL1_PL384,60.243120193481445,1,mac_latency_test,bulk_benchmark
40,0,400,0.1895019169896841,0.1576998750679195,659613.808180358,659613.8399824,659613.808314179,659613.809788371,659613.839654494,659613.839661584,0.0318020419217646,0.001474192016758,0.0298661229899153,0.0003208159469068,1,384,mac_latency_test_GL1_PL384,60.243120193481445,1,mac_latency_test,bulk_benchmark
41,0,400,0.1898933339980431,0.1582379550090991,659614.099023794,659614.130679173,659614.099165666,659614.100594928,659614.130370889,659614.130377829,0.0316553789889439,0.0014292619889602,0.0297759609529748,0.0003013440873473,1,384,mac_latency_test_GL1_PL384,60.243120193481445,1,mac_latency_test,bulk_benchmark
42,0,400,0.1923819580115378,0.1605970760574564,659614.392978789,659614.424763671,659614.393144101,659614.394609794,659614.424443816,659614.424450896,0.0317848819540813,0.0014656929997727,0.0298340219305828,0.0003127750242128,1,384,mac_latency_test_GL1_PL384,60.243120193481445,1,mac_latency_test,bulk_benchmark
43,2,400,0.1973585000378079,0.1581322660786099,659614.687209888,659614.726436122,659614.68734243,659614.688829613,659614.726101928,659614.726109418,0.039226233959198,0.0014871830353513,0.0372723150067031,0.0003267040010541,1,384,mac_latency_test_GL1_PL384,60.243120193481445,1,mac_latency_test,bulk_benchmark
44,0,400,0.1930889579816721,0.161251485988032,659614.987458048,659615.01929552,659614.98759511,659614.989134253,659615.018979396,659615.018986266,0.03183747199364,0.0015391430351883,0.0298451429698616,0.0003092540428042,1,384,mac_latency_test_GL1_PL384,60.243120193481445,1,mac_latency_test,bulk_benchmark
45,0,400,0.194203833991196,0.1624210130539722,659615.288433459,659615.32021628,659615.288564432,659615.290050414,659615.319863495,659615.319870706,0.0317828209372237,0.0014859820948913,0.0298130809096619,0.0003455739933997,1,384,mac_latency_test_GL1_PL384,60.243120193481445,1,mac_latency_test,bulk_benchmark
46,0,400,0.1916989170131273,0.1596493999822996,659615.584243161,659615.616292678,659615.584394284,659615.586030679,659615.615908982,659615.615916502,0.0320495170308277,0.0016363951144739,0.0298783029429614,0.0003761760890483,1,384,mac_latency_test_GL1_PL384,60.243120193481445,1,mac_latency_test,bulk_benchmark
47,0,400,0.1931167080183513,0.161341996921692,659615.884578454,659615.916353165,659615.884711035,659615.886215658,659615.916033599,659615.916040889,0.0317747110966593,0.0015046230982989,0.0298179409001022,0.0003122760681435,1,384,mac_latency_test_GL1_PL384,60.243120193481445,1,mac_latency_test,bulk_benchmark
48,0,400,0.1930526249925606,0.1612098019686527,659616.184502288,659616.216345111,659616.1846359,659616.186105862,659616.215993885,659616.216022325,0.0318428230239078,0.0014699620660394,0.029888022923842,0.000322786043398,1,384,mac_latency_test_GL1_PL384,60.243120193481445,1,mac_latency_test,bulk_benchmark
49,0,400,0.2067568330094218,0.1749801019905135,659616.493921677,659616.525698408,659616.49408483,659616.495525282,659616.525364243,659616.525371583,0.0317767310189083,0.0014404519461095,0.0298389609670266,0.0003268250729888,1,384,mac_latency_test_GL1_PL384,60.243120193481445,1,mac_latency_test,bulk_benchmark
50,0,400,0.1910948330187238,0.1593858119449578,659616.789517956,659616.821226977,659616.789664239,659616.79110809,659616.820890762,659616.820898262,0.031709021073766,0.0014438509242609,0.0297826720634475,0.0003287150757387,1,384,mac_latency_test_GL1_PL384,60.243120193481445,1,mac_latency_test,bulk_benchmark
51,0,400,0.1929542089928873,0.1612238779780455,659617.084283093,659617.116013424,659617.084416155,659617.085876988,659617.115698389,659617.115705659,0.0317303310148417,0.0014608330093324,0.0298214009962975,0.0003077649744227,1,384,mac_latency_test_GL1_PL384,60.243120193481445,1,mac_latency_test,bulk_benchmark
52,0,400,0.1912822909653186,0.1595688599627465,659617.378550572,659617.410264003,659617.378681794,659617.380124556,659617.409936199,659617.409943059,0.0317134310025721,0.0014427619753405,0.0298116429476067,0.0003209440037608,1,384,mac_latency_test_GL1_PL384,60.243120193481445,1,mac_latency_test,bulk_benchmark
53,0,400,0.1916808750247582,0.1597253810614347,659617.672287364,659617.704242858,659617.672431526,659617.67405091,659617.703925533,659617.703932653,0.0319554939633235,0.0016193840419873,0.0298746229382231,0.0003102050395682,1,384,mac_latency_test_GL1_PL384,60.243120193481445,1,mac_latency_test,bulk_benchmark
54,0,400,0.1918325840379111,0.1596778480452485,659617.96632983,659617.998484566,659617.966464452,659617.968025506,659617.998098741,659617.998106361,0.0321547359926626,0.0015610540285706,0.0300732350442558,0.0003782049752771,1,384,mac_latency_test_GL1_PL384,60.243120193481445,1,mac_latency_test,bulk_benchmark
55,0,400,0.2083284999825991,0.1764155170531012,659618.272242806,659618.304155789,659618.272375408,659618.27381985,659618.303780623,659618.303787843,0.0319129829294979,0.0014444419648498,0.0299607730703428,0.0003679459914565,1,384,mac_latency_test_GL1_PL384,60.243120193481445,1,mac_latency_test,bulk_benchmark
56,0,400,0.1915181249496527,0.1595799009664915,659618.576827361,659618.608765585,659618.576976853,659618.578579167,659618.608443399,659618.608450879,0.0319382239831611,0.0016023140633478,0.0298642319394275,0.000314706005156,1,384,mac_latency_test_GL1_PL384,60.243120193481445,1,mac_latency_test,bulk_benchmark
57,0,400,0.1904503750265576,0.1586520539713092,659618.868970049,659618.90076837,659618.86913152,659618.870661503,659618.900466915,659618.900474165,0.0317983210552483,0.0015299830120056,0.0298054119339212,0.0002942050341516,1,384,mac_latency_test_GL1_PL384,60.243120193481445,1,mac_latency_test,bulk_benchmark
58,0,400,0.1921936669969,0.1602015320095233,659619.164284003,659619.196276138,659619.164418575,659619.165894088,659619.195916592,659619.195923652,0.0319921349873766,0.0014755129814147,0.0300225040409714,0.0003524859203025,1,384,mac_latency_test_GL1_PL384,60.243120193481445,1,mac_latency_test,bulk_benchmark
59,0,400,0.1947074590134434,0.1625317419529892,659619.464712136,659619.496887853,659619.464844227,659619.46631374,659619.496519888,659619.496527768,0.0321757170604541,0.0014695130521431,0.0302061480470001,0.0003600850468501,1,384,mac_latency_test_GL1_PL384,60.243120193481445,1,mac_latency_test,bulk_benchmark
60,0,400,0.1983222909620963,0.1664024869096465,659619.768831295,659619.800751099,659619.768967108,659619.770530411,659619.800443233,659619.800450824,0.0319198040524497,0.001563303056173,0.0299128219485282,0.000300275045447,1,384,mac_latency_test_GL1_PL384,60.243120193481445,1,mac_latency_test,bulk_benchmark
61,0,400,0.1903772089863196,0.1586135069373995,659620.062716838,659620.09448054,659620.06285232,659620.064323233,659620.094169504,659620.094176825,0.03176370204892,0.0014709129463881,0.0298462710343301,0.0003037150017917,1,384,mac_latency_test_GL1_PL384,60.243120193481445,1,mac_latency_test,bulk_benchmark
62,0,400,0.1923072500503622,0.1605028290650807,659620.361500417,659620.393304838,659620.36164683,659620.363102431,659620.392944763,659620.392951873,0.0318044209852814,0.0014556009555235,0.0298423320055007,0.0003529649693518,1,384,mac_latency_test_GL1_PL384,60.243120193481445,1,mac_latency_test,bulk_benchmark
63,0,400,0.1901855420437641,0.1584496319410391,659620.658813812,659620.690549722,659620.658947144,659620.660419146,659620.690249848,659620.690257248,0.031735910102725,0.0014720018953084,0.0298307019984349,0.0002924740547314,1,384,mac_latency_test_GL1_PL384,60.243120193481445,1,mac_latency_test,bulk_benchmark
64,0,400,0.1967758340178989,0.1644692239933647,659620.960848018,659620.993154628,659620.960990591,659620.962665216,659620.992770402,659620.992777552,0.0323066100245341,0.0016746249748393,0.0301051860442385,0.0003770759794861,1,384,mac_latency_test_GL1_PL384,60.243120193481445,1,mac_latency_test,bulk_benchmark
65,0,400,0.1918209579889662,0.1598188940552063,659621.256338587,659621.288340651,659621.256476329,659621.258052363,659621.287965986,659621.287972986,0.0320020639337599,0.001576033886522,0.0299136230023577,0.0003676649648696,1,384,mac_latency_test_GL1_PL384,60.243120193481445,1,mac_latency_test,bulk_benchmark
66,0,400,0.1917285000090487,0.1598873480106704,659621.550079498,659621.58192065,659621.55022741,659621.551728843,659621.581560695,659621.581567844,0.0318411519983783,0.0015014329692348,0.0298318519489839,0.0003528059460222,1,384,mac_latency_test_GL1_PL384,60.243120193481445,1,mac_latency_test,bulk_benchmark
67,0,400,0.1912692080368288,0.159378505020868,659621.848538491,659621.880429194,659621.848674382,659621.850171955,659621.880050148,659621.880059069,0.0318907030159607,0.001497572986409,0.0298781930468976,0.0003701249370351,1,384,mac_latency_test_GL1_PL384,60.243120193481445,1,mac_latency_test,bulk_benchmark
68,0,400,0.1886876660282723,0.1569161250372417,659622.140247691,659622.172019232,659622.140380204,659622.141845635,659622.171686958,659622.171694208,0.0317715409910306,0.0014654310652986,0.0298413230339065,0.0003250238951295,1,384,mac_latency_test_GL1_PL384,60.243120193481445,1,mac_latency_test,bulk_benchmark
69,0,400,0.1948153339908458,0.16255073499633,659622.439278713,659622.471543312,659622.439428196,659622.441045429,659622.471174746,659622.471181957,0.0322645989945158,0.0016172329196706,0.030129317077808,0.0003613549051806,1,384,mac_latency_test_GL1_PL384,60.243120193481445,1,mac_latency_test,bulk_benchmark
70,0,400,0.1923009589663706,0.1603321139118634,659622.737272379,659622.769241224,659622.737405551,659622.738836343,659622.768844428,659622.768851897,0.0319688450545072,0.0014307920355349,0.0300080849556252,0.0003893270622938,1,384,mac_latency_test_GL1_PL384,60.243120193481445,1,mac_latency_test,bulk_benchmark
71,0,400,0.1960868330206722,0.1638225350761786,659623.03884666,659623.071110958,659623.038993572,659623.040784139,659623.070754643,659623.070762433,0.0322642979444935,0.0017905669519677,0.0299705039942637,0.0003485250053927,1,384,mac_latency_test_GL1_PL384,60.243120193481445,1,mac_latency_test,bulk_benchmark
72,0,400,0.1931561669916845,0.1597534299944527,659623.335502444,659623.368905181,659623.335681117,659623.337412904,659623.368241391,659623.368249441,0.0334027369972318,0.0017317869933322,0.030828487011604,0.0006557399174198,1,384,mac_latency_test_GL1_PL384,60.243120193481445,1,mac_latency_test,bulk_benchmark
73,0,400,0.1924215420149266,0.1599396700039506,659623.633754065,659623.666235937,659623.633889827,659623.635420061,659623.665833391,659623.665840741,0.032481872010976,0.0015302340034395,0.0304133300669491,0.0003951960243284,1,384,mac_latency_test_GL1_PL384,60.243120193481445,1,mac_latency_test,bulk_benchmark
74,0,400,0.1883969160262495,0.1561939779203385,659623.926739235,659623.958942173,659623.926883037,659623.92834858,659623.958559506,659623.958566946,0.032202938105911,0.0014655430568382,0.0302109259646385,0.0003752270713448,1,384,mac_latency_test_GL1_PL384,60.243120193481445,1,mac_latency_test,bulk_benchmark
75,0,400,0.1947072920156642,0.1622313701082021,659624.220137131,659624.252613053,659624.220275703,659624.221772326,659624.252219948,659624.252226868,0.0324759219074621,0.0014966230373829,0.030447621946223,0.0003861850127577,1,384,mac_latency_test_GL1_PL384,60.243120193481445,1,mac_latency_test,bulk_benchmark
76,0,400,0.192079417000059,0.159572243981529,659624.517306465,659624.549813638,659624.517441327,659624.518879658,659624.549407501,659624.549415201,0.03250717301853,0.0014383309753611,0.030527843046002,0.0003984370268881,1,384,mac_latency_test_GL1_PL384,60.243120193481445,1,mac_latency_test,bulk_benchmark
77,0,400,0.1944674589904025,0.1624626429984346,659624.810973324,659624.84297814,659624.811140666,659624.812564008,659624.842666324,659624.842673216,0.0320048159919679,0.0014233420370146,0.0301023159408941,0.0003049239749088,1,384,mac_latency_test_GL1_PL384,60.243120193481445,1,mac_latency_test,bulk_benchmark
78,0,400,0.1984100840054452,0.1665305700153112,659625.11955104,659625.151430554,659625.119686033,659625.121152726,659625.151108868,659625.151116019,0.031879513990134,0.0014666930073872,0.0299561419524252,0.0003145349910482,1,384,mac_latency_test_GL1_PL384,60.243120193481445,1,mac_latency_test,bulk_benchmark
79,0,400,0.1880690419930033,0.1558821239159442,659625.407670087,659625.439857005,659625.407840821,659625.409457925,659625.439496689,659625.43950384,0.032186918077059,0.0016171040479093,0.0300387640018016,0.0003531649708747,1,384,mac_latency_test_GL1_PL384,60.243120193481445,1,mac_latency_test,bulk_benchmark
80,0,400,0.1929567499901168,0.1606989410356618,659625.703040243,659625.735298052,659625.703177985,659625.704618427,659625.734897625,659625.734904876,0.0322578089544549,0.0014404419343918,0.0302791980793699,0.0003931759856641,1,384,mac_latency_test_GL1_PL384,60.243120193481445,1,mac_latency_test,bulk_benchmark
81,0,400,0.1939571659895591,0.1613191620563157,659626.001175521,659626.033813525,659626.001325694,659626.002909798,659626.033379319,659626.033386779,0.0326380039332434,0.0015841039130464,0.0304695210652425,0.0004267459735274,1,384,mac_latency_test_GL1_PL384,60.243120193481445,1,mac_latency_test,bulk_benchmark
82,0,400,0.2236471670330502,0.1917587339994497,659626.333360905,659626.365249338,659626.333504517,659626.33503093,659626.364878312,659626.364885452,0.0318884330336004,0.0015264130197465,0.0298473819857463,0.0003638860071077,1,384,mac_latency_test_GL1_PL384,60.243120193481445,1,mac_latency_test,bulk_benchmark
83,0,400,0.1895866660051979,0.1577185630449094,659626.629062815,659626.660930918,659626.629198688,659626.630673051,659626.660606024,659626.660613564,0.0318681029602885,0.0014743630308657,0.0299329729750752,0.0003173539880663,1,384,mac_latency_test_GL1_PL384,60.243120193481445,1,mac_latency_test,bulk_benchmark
84,0,400,0.1926909160101786,0.1601470629684627,659626.922728836,659626.955272689,659626.922892968,659626.924565624,659626.954880614,659626.954887804,0.0325438530417159,0.001672655926086,0.0303149899700656,0.0003848850028589,1,384,mac_latency_test_GL1_PL384,60.243120193481445,1,mac_latency_test,bulk_benchmark
85,0,400,0.2003103329916484,0.168465641036164,659627.224418028,659627.25626272,659627.22455774,659627.226058513,659627.255935365,659627.255942625,0.0318446919554844,0.0015007730107754,0.0298768519423902,0.0003200949868187,1,384,mac_latency_test_GL1_PL384,60.243120193481445,1,mac_latency_test,bulk_benchmark
86,0,400,0.1996923330007121,0.1679302420234307,659627.530897283,659627.562659374,659627.531064815,659627.532503867,659627.56236785,659627.562374999,0.0317620909772813,0.0014390520518645,0.0298639829270541,0.0002843749243766,1,384,mac_latency_test_GL1_PL384,60.243120193481445,1,mac_latency_test,bulk_benchmark
87,0,400,0.1922035419847816,0.1605551720131188,659627.826959939,659627.858608309,659627.827125471,659627.828550683,659627.858328324,659627.858335404,0.0316483699716627,0.0014252120163291,0.0297776410588994,0.0002729049883782,1,384,mac_latency_test_GL1_PL384,60.243120193481445,1,mac_latency_test,bulk_benchmark
88,0,400,0.1924888329813256,0.1607242509489879,659628.124907014,659628.156671596,659628.125072377,659628.126556488,659628.156382711,659628.156390121,0.0317645820323377,0.0014841109514236,0.0298262230353429,0.0002814750187098,1,384,mac_latency_test_GL1_PL384,60.243120193481445,1,mac_latency_test,bulk_benchmark
89,0,400,0.2156638330197893,0.1839073430164717,659628.447121319,659628.478877809,659628.447257471,659628.448753693,659628.478570465,659628.478577645,0.0317564900033175,0.0014962219865992,0.0298167719738557,0.00030016398523,1,384,mac_latency_test_GL1_PL384,60.243120193481445,1,mac_latency_test,bulk_benchmark
90,0,400,0.1898827500408515,0.158179510035552,659628.7382802,659628.76998344,659628.738414702,659628.739873294,659628.769706406,659628.769713235,0.0317032400052994,0.0014585920143872,0.0298331120284274,0.0002702050842344,1,384,mac_latency_test_GL1_PL384,60.243120193481445,1,mac_latency_test,bulk_benchmark
91,0,400,0.1884311250178143,0.1566329430788755,659629.03130097,659629.063099152,659629.031431192,659629.032969635,659629.062784587,659629.062791936,0.0317981819389387,0.0015384430298581,0.0298149520531296,0.000307215959765,1,384,mac_latency_test_GL1_PL384,60.243120193481445,1,mac_latency_test,bulk_benchmark
92,0,400,0.1953828749828972,0.1634960319497622,659629.328437482,659629.360324325,659629.328581175,659629.330220309,659629.360037471,659629.360044721,0.0318868430331349,0.0016391340177506,0.0298171620815992,0.0002796039916574,1,384,mac_latency_test_GL1_PL384,60.243120193481445,1,mac_latency_test,bulk_benchmark
93,0,400,0.1915875419508665,0.1597509899875149,659629.625942401,659629.657778953,659629.626091153,659629.627499095,659629.657472369,659629.657479769,0.0318365519633516,0.0014079420361667,0.0299732739804312,0.0002991840010508,1,384,mac_latency_test_GL1_PL384,60.243120193481445,1,mac_latency_test,bulk_benchmark
94,0,400,0.1910950840101577,0.1592705209623091,659629.920985902,659629.952810465,659629.921153615,659629.922665668,659629.95250293,659629.952509651,0.0318245630478486,0.0015120529569685,0.0298372620018199,0.0003008140483871,1,384,mac_latency_test_GL1_PL384,60.243120193481445,1,mac_latency_test,bulk_benchmark
95,0,400,0.1935122499708086,0.1616616370156407,659630.221894742,659630.253745355,659630.222055144,659630.223472986,659630.2534135,659630.25342061,0.0318506129551678,0.0014178419951349,0.0299405140103772,0.0003247449640184,1,384,mac_latency_test_GL1_PL384,60.243120193481445,1,mac_latency_test,bulk_benchmark
96,0,400,0.191041124984622,0.1593915959820151,659630.518937504,659630.550587033,659630.519097486,659630.520529379,659630.550295479,659630.55030297,0.0316495290026068,0.0014318929752334,0.0297660999931395,0.0002840630477294,1,384,mac_latency_test_GL1_PL384,60.243120193481445,1,mac_latency_test,bulk_benchmark
97,0,400,0.1880410829908214,0.1563088419497944,659630.809473887,659630.841206128,659630.809641529,659630.811062442,659630.840902373,659630.840910314,0.031732241041027,0.0014209130313247,0.0298399309394881,0.0002958140103146,1,384,mac_latency_test_GL1_PL384,60.243120193481445,1,mac_latency_test,bulk_benchmark
98,0,400,0.1918214160250499,0.1600951950531453,659631.099987719,659631.13171394,659631.100153712,659631.101583184,659631.131433986,659631.131440966,0.0317262209719046,0.0014294720022007,0.0298508020350709,0.0002729739062488,1,384,mac_latency_test_GL1_PL384,60.243120193481445,1,mac_latency_test,bulk_benchmark
99,0,400,0.1978572920197621,0.1659759399481117,659631.404045468,659631.43592682,659631.40418106,659631.405757443,659631.435636186,659631.435643616,0.0318813520716503,0.0015763830160722,0.0298787429928779,0.0002832040190696,1,384,mac_latency_test_GL1_PL384,60.243120193481445,1,mac_latency_test,bulk_benchmark
100,0,400,0.2143413340090774,0.1822947990731336,659631.723914855,659631.75596139,659631.724089947,659631.725668862,659631.755621205,659631.755628305,0.0320465349359437,0.0015789150493219,0.029952342971228,0.0003330849576741,1,384,mac_latency_test_GL1_PL384,60.243120193481445,1,mac_latency_test,bulk_benchmark
101,0,400,0.1918114590225741,0.1600894379662349,659632.017107587,659632.048829608,659632.01724329,659632.018719432,659632.048526314,659632.048533254,0.0317220210563391,0.0014761419733986,0.0298068820266053,0.0002963540609925,1,384,mac_latency_test_GL1_PL384,60.243120193481445,1,mac_latency_test,bulk_benchmark
102,0,400,0.1893825000151991,0.1576028199633583,659632.31082168,659632.34260136,659632.310955153,659632.312451404,659632.342281656,659632.342288756,0.0317796800518408,0.0014962510904297,0.0298302519368007,0.0003126040101051,1,384,mac_latency_test_GL1_PL384,60.243120193481445,1,mac_latency_test,bulk_benchmark
103,0,400,0.1920460840337909,0.1603440341423265,659632.607687168,659632.639389218,659632.60781693,659632.609302723,659632.639105714,659632.639113144,0.0317020498914644,0.0014857929199934,0.0298029910773038,0.0002760739298537,1,384,mac_latency_test_GL1_PL384,60.243120193481445,1,mac_latency_test,bulk_benchmark
104,0,400,0.198611959000118,0.1668337871087715,659632.911922028,659632.9437002,659632.912083731,659632.913524923,659632.943408926,659632.943416106,0.0317781718913465,0.0014411919983103,0.029884002986364,0.0002840938977897,1,384,mac_latency_test_GL1_PL384,60.243120193481445,1,mac_latency_test,bulk_benchmark
105,0,400,0.1998096670140512,0.1679976139566861,659633.212251239,659633.244063292,659633.212385012,659633.213867445,659633.243699646,659633.243706816,0.0318120530573651,0.0014824330573901,0.0298322009621188,0.0003564760554581,1,384,mac_latency_test_GL1_PL384,60.243120193481445,1,mac_latency_test,bulk_benchmark
106,0,400,0.1957736249896697,0.1640278540435247,659633.51642627,659633.548172041,659633.516560431,659633.518051014,659633.547860786,659633.547868016,0.031745770946145,0.0014905830612406,0.0298097719205543,0.0003040250157937,1,384,mac_latency_test_GL1_PL384,60.243120193481445,1,mac_latency_test,bulk_benchmark
107,0,400,0.188781208009459,0.1570221269503235,659633.814214453,659633.845973534,659633.814346664,659633.815771656,659633.845669089,659633.845676279,0.0317590810591355,0.0014249919913709,0.0298974330071359,0.0002972549991682,1,384,mac_latency_test_GL1_PL384,60.243120193481445,1,mac_latency_test,bulk_benchmark
108,0,400,0.185248291993048,0.1534646408981643,659634.104515462,659634.136299113,659634.104649194,659634.106173737,659634.135970249,659634.135977038,0.0317836510948836,0.0015245429240167,0.0297965119825676,0.0003220750950276,1,384,mac_latency_test_GL1_PL384,60.243120193481445,1,mac_latency_test,bulk_benchmark
109,0,400,0.1941224999609403,0.1622729689697735,659634.400954045,659634.432803576,659634.401120136,659634.402595709,659634.432465632,659634.432472622,0.0318495309911668,0.0014755729353055,0.0298699230188503,0.0003309539752081,1,384,mac_latency_test_GL1_PL384,60.243120193481445,1,mac_latency_test,bulk_benchmark
110,0,400,0.1921297920052893,0.1602646289975382,659634.693444797,659634.72530996,659634.693581649,659634.695161283,659634.724992195,659634.725014536,0.0318651630077511,0.0015796340303495,0.0298309120116755,0.0002954240189865,1,384,mac_latency_test_GL1_PL384,60.243120193481445,1,mac_latency_test,bulk_benchmark
111,0,400,0.1925165409920737,0.1603841739706695,659634.988949595,659635.021081962,659634.989116938,659634.99060357,659635.020682866,659635.020690256,0.0321323670214042,0.0014866320416331,0.0300792959751561,0.0003917060093954,1,384,mac_latency_test_GL1_PL384,60.243120193481445,1,mac_latency_test,bulk_benchmark
112,0,400,0.1943641669931821,0.162556355993729,659635.286911271,659635.318719082,659635.287075603,659635.288541585,659635.318398597,659635.318406037,0.031807810999453,0.0014659819426015,0.0298570119775831,0.0003130449913442,1,384,mac_latency_test_GL1_PL384,60.243120193481445,1,mac_latency_test,bulk_benchmark
113,0,400,0.1950214999960735,0.1618955280864611,659635.582814955,659635.615940927,659635.582993387,659635.584830255,659635.615554691,659635.61556148,0.0331259719096124,0.0018368680030107,0.0307244359282776,0.0003794468939304,1,384,mac_latency_test_GL1_PL384,60.243120193481445,1,mac_latency_test,bulk_benchmark
114,0,400,0.1937960409559309,0.1619407900143414,659635.883479772,659635.915335023,659635.883616874,659635.885100177,659635.915023399,659635.915031059,0.0318552509415894,0.0014833030290901,0.029923222027719,0.0003039640141651,1,384,mac_latency_test_GL1_PL384,60.243120193481445,1,mac_latency_test,bulk_benchmark
115,0,400,0.1976006670156493,0.1656532830093056,659636.187432618,659636.219380002,659636.18757117,659636.189046611,659636.219025656,659636.219033616,0.0319473840063437,0.0014754409203305,0.0299790450371801,0.0003463859902694,1,384,mac_latency_test_GL1_PL384,60.243120193481445,1,mac_latency_test,bulk_benchmark
116,0,400,0.1881744170095771,0.156469707028009,659636.478733642,659636.510438352,659636.478868135,659636.480346257,659636.510139618,659636.510147198,0.0317047099815681,0.0014781219651922,0.0297933609690517,0.0002911540213972,1,384,mac_latency_test_GL1_PL384,60.243120193481445,1,mac_latency_test,bulk_benchmark
117,0,400,0.1938462920370511,0.1619448990677483,659636.775233385,659636.807134778,659636.775372147,659636.776814369,659636.806836514,659636.806844274,0.0319013929693028,0.0014422220410779,0.0300221450161188,0.0002905039582401,1,384,mac_latency_test_GL1_PL384,60.243120193481445,1,mac_latency_test,bulk_benchmark
118,0,400,0.1945431659696623,0.1628174849320203,659637.072761494,659637.104487175,659637.072892286,659637.074389028,659637.10419404,659637.104201591,0.031725681037642,0.0014967420138418,0.0298050119308754,0.0002855840139091,1,384,mac_latency_test_GL1_PL384,60.243120193481445,1,mac_latency_test,bulk_benchmark
119,0,400,0.2105708330054767,0.1786795979714952,659637.389504763,659637.421395998,659637.389653687,659637.391077798,659637.421097522,659637.421105254,0.0318912350339815,0.0014241109602153,0.0300197240430861,0.0002907440066337,1,384,mac_latency_test_GL1_PL384,60.243120193481445,1,mac_latency_test,bulk_benchmark
120,0,400,0.190816874965094,0.1589904129505157,659637.684223911,659637.716050373,659637.684360772,659637.685904676,659637.715738418,659637.715745308,0.0318264620145782,0.0015439039561897,0.0298337420681491,0.0003050650702789,1,384,mac_latency_test_GL1_PL384,60.243120193481445,1,mac_latency_test,bulk_benchmark
121,0,400,0.1919517500209622,0.1600481969653628,659637.981060089,659638.012963642,659637.981198901,659637.982745504,659638.012651027,659638.012658107,0.0319035530555993,0.0015466030454263,0.0299055229406803,0.0003055350389331,1,384,mac_latency_test_GL1_PL384,60.243120193481445,1,mac_latency_test,bulk_benchmark
122,0,400,0.1910452920128591,0.1593627109541557,659638.277267257,659638.308949838,659638.277401339,659638.278854832,659638.308648304,659638.308655804,0.0316825810587033,0.0014534930232912,0.0297934719128534,0.0002940340200439,1,384,mac_latency_test_GL1_PL384,60.243120193481445,1,mac_latency_test,bulk_benchmark
123,0,400,0.1926370830042287,0.160921732080169,659638.572798536,659638.604513887,659638.572931509,659638.57443052,659638.604218902,659638.604225662,0.0317153509240597,0.0014990109484642,0.0297883820021525,0.0002882250119,1,384,mac_latency_test_GL1_PL384,60.243120193481445,1,mac_latency_test,bulk_benchmark
124,0,400,0.1915599170024506,0.1597936950274743,659638.866178012,659638.897944234,659638.866310614,659638.867753556,659638.897615689,659638.897623229,0.0317662219749763,0.001442941953428,0.029862132971175,0.0003210050053894,1,384,mac_latency_test_GL1_PL384,60.243120193481445,1,mac_latency_test,bulk_benchmark
125,0,400,0.1898876670165918,0.1578243199619464,659639.161497547,659639.193560894,659639.16167833,659639.163312735,659639.193200648,659639.193207598,0.0320633470546454,0.0016344049945473,0.0298879129113629,0.0003532960545271,1,384,mac_latency_test_GL1_PL384,60.243120193481445,1,mac_latency_test,bulk_benchmark
126,0,400,0.1913799999747425,0.1595626790076494,659639.457541295,659639.489358616,659639.457691847,659639.459180169,659639.489016052,659639.489024261,0.0318173209670931,0.00148832204286,0.0298358829459175,0.0003343549324199,1,384,mac_latency_test_GL1_PL384,60.243120193481445,1,mac_latency_test,bulk_benchmark
127,0,400,0.1927242089877836,0.1607364249066449,659639.750912741,659639.782900525,659639.751076053,659639.752561415,659639.78255106,659639.78255845,0.0319877840811386,0.0014853619504719,0.0299896450014784,0.0003420750144869,1,384,mac_latency_test_GL1_PL384,60.243120193481445,1,mac_latency_test,bulk_benchmark
128,0,400,0.1930456670233979,0.1606292760698124,659640.050527661,659640.082944052,659640.050681863,659640.052273657,659640.082541896,659640.082551556,0.0324163909535855,0.0015917940763756,0.0302682389738038,0.000392495887354,1,384,mac_latency_test_GL1_PL384,60.243120193481445,1,mac_latency_test,bulk_benchmark
129,0,400,0.1936281669768504,0.1619342170306481,659640.349495262,659640.381189212,659640.349643614,659640.351109576,659640.380863288,659640.380870537,0.0316939499462023,0.0014659619191661,0.0297537120059132,0.000318674952723,1,384,mac_latency_test_GL1_PL384,60.243120193481445,1,mac_latency_test,bulk_benchmark
130,0,400,0.2177011669846251,0.1859720059437677,659640.673575243,659640.705304404,659640.673726865,659640.675233088,659640.704980499,659640.704988079,0.0317291610408574,0.0015062229940667,0.0297474110266193,0.0003163249930366,1,384,mac_latency_test_GL1_PL384,60.243120193481445,1,mac_latency_test,bulk_benchmark
131,0,400,0.1922214580117724,0.1601039809756912,659640.968780327,659641.000897804,659640.968924569,659640.970546783,659641.000516207,659641.000523698,0.0321174770360812,0.0016222139820456,0.0299694240093231,0.0003741059917956,1,384,mac_latency_test_GL1_PL384,60.243120193481445,1,mac_latency_test,bulk_benchmark
132,0,400,0.1917309590498916,0.1600027280510403,659641.262361476,659641.294089707,659641.262493918,659641.26394542,659641.293765981,659641.293773051,0.0317282309988513,0.0014515020884573,0.0298205609433352,0.0003166559617966,1,384,mac_latency_test_GL1_PL384,60.243120193481445,1,mac_latency_test,bulk_benchmark
133,0,400,0.18982466700254,0.1580142139573581,659641.560299,659641.592109453,659641.560429772,659641.561867854,659641.591731777,659641.591739177,0.0318104530451819,0.0014380819629877,0.0298639229731634,0.0003702760441228,1,384,mac_latency_test_GL1_PL384,60.243120193481445,1,mac_latency_test,bulk_benchmark
134,0,400,0.1911381669924594,0.1594252579961903,659641.851228611,659641.88294152,659641.851361052,659641.852779463,659641.882601695,659641.882608615,0.0317129089962691,0.001418411033228,0.0298222319688648,0.0003329049795866,1,384,mac_latency_test_GL1_PL384,60.243120193481445,1,mac_latency_test,bulk_benchmark
135,0,400,0.1936825419543311,0.1617368978913873,659642.150782569,659642.182728213,659642.150920801,659642.152462884,659642.182380748,659642.182387878,0.0319456440629437,0.0015420829877257,0.0299178640125319,0.0003403350710868,1,384,mac_latency_test_GL1_PL384,60.243120193481445,1,mac_latency_test,bulk_benchmark
136,0,400,0.1906541670323349,0.1586275629815645,659642.447302414,659642.479329018,659642.447442576,659642.448970529,659642.478942092,659642.478949232,0.0320266040507704,0.0015279529616236,0.0299715630244463,0.0003797860117629,1,384,mac_latency_test_GL1_PL384,60.243120193481445,1,mac_latency_test,bulk_benchmark
137,0,400,0.2164413750288076,0.1846516340156085,659642.766532802,659642.798322543,659642.766668223,659642.768130726,659642.797961237,659642.797968737,0.031789741013199,0.001462502987124,0.0298305110773071,0.000353806070052,1,384,mac_latency_test_GL1_PL384,60.243120193481445,1,mac_latency_test,bulk_benchmark
138,0,400,0.1919412920251488,0.1598502960987389,659643.058575327,659643.090666323,659643.058710809,659643.060207372,659643.090289997,659643.090297817,0.0320909959264099,0.0014965629670768,0.0300826251041144,0.0003685059491544,1,384,mac_latency_test_GL1_PL384,60.243120193481445,1,mac_latency_test,bulk_benchmark
139,0,400,0.1905270830029621,0.1587058509467169,659643.354789536,659643.386610768,659643.354928258,659643.356424201,659643.386287053,659643.386293893,0.0318212320562452,0.0014959430554881,0.0298628519522026,0.0003168750554323,1,384,mac_latency_test_GL1_PL384,60.243120193481445,1,mac_latency_test,bulk_benchmark
140,0,400,0.1905595420394092,0.1585606969892978,659643.65070179,659643.682700635,659643.650839543,659643.652316725,659643.682337219,659643.68234509,0.0319988450501114,0.0014771820278838,0.0300204940140247,0.0003555450821295,1,384,mac_latency_test_GL1_PL384,60.243120193481445,1,mac_latency_test,bulk_benchmark
141,0,400,0.186738625052385,0.1549649919616058,659643.941270073,659643.973043706,659643.941403175,659643.942860997,659643.97269469,659643.97270213,0.0317736330907791,0.0014578220434486,0.0298336929408833,0.0003415760584175,1,384,mac_latency_test_GL1_PL384,60.243120193481445,1,mac_latency_test,bulk_benchmark
142,0,400,0.1931644580326974,0.1614108170615509,659644.238438128,659644.270191769,659644.23857166,659644.239981461,659644.269845273,659644.269852493,0.0317536409711465,0.0014098009560257,0.0298638120293617,0.0003392760409042,1,384,mac_latency_test_GL1_PL384,60.243120193481445,1,mac_latency_test,bulk_benchmark
143,0,400,0.1920827499707229,0.1603611299651675,659644.536509925,659644.568231545,659644.536644427,659644.538126889,659644.56788791,659644.56789527,0.0317216200055554,0.0014824620448052,0.0297610209090635,0.0003362750867381,1,384,mac_latency_test_GL1_PL384,60.243120193481445,1,mac_latency_test,bulk_benchmark
144,0,400,0.1975012079929001,0.1658060770132579,659644.839057899,659644.87075303,659644.839191981,659644.840609453,659644.870459695,659644.870466705,0.0316951309796422,0.0014174720272421,0.0298502419609576,0.0002863249974325,1,384,mac_latency_test_GL1_PL384,60.243120193481445,1,mac_latency_test,bulk_benchmark
145,0,400,0.1904444580432027,0.158339572022669,659645.133539083,659645.165643969,659645.133723465,659645.135286059,659645.165224242,659645.165232313,0.0321048860205337,0.0015625939704477,0.0299381830263882,0.0004116559866815,1,384,mac_latency_test_GL1_PL384,60.243120193481445,1,mac_latency_test,bulk_benchmark
146,0,400,0.1905095410184003,0.158785210980568,659645.430121838,659645.461846168,659645.4302642,659645.431710062,659645.461517603,659645.461524913,0.0317243300378322,0.0014458619989454,0.0298075410537421,0.0003212550655007,1,384,mac_latency_test_GL1_PL384,60.243120193481445,1,mac_latency_test,bulk_benchmark
147,0,400,0.1943238329840824,0.1619539629900828,659645.729380872,659645.761750742,659645.729515015,659645.731301811,659645.761360377,659645.761367677,0.0323698699939996,0.0017867960268631,0.0300585658987984,0.0003830649657174,1,384,mac_latency_test_GL1_PL384,60.243120193481445,1,mac_latency_test,bulk_benchmark
148,0,400,0.2079453750047832,0.1761067520128563,659646.040569668,659646.072408291,659646.04071204,659646.042262844,659646.072084496,659646.072091846,0.0318386229919269,0.0015508040087297,0.0298216519877314,0.0003164450172334,1,384,mac_latency_test_GL1_PL384,60.243120193481445,1,mac_latency_test,bulk_benchmark
149,0,400,0.1902736249612644,0.1582313888939097,659646.335314755,659646.367356991,659646.335454748,659646.33695738,659646.366960535,659646.366968035,0.0320422360673546,0.0015026319306343,0.0300031549995765,0.0003889560466632,1,384,mac_latency_test_GL1_PL384,60.243120193481445,1,mac_latency_test,bulk_benchmark
150,0,400,0.1915654999902472,0.1591280989814549,659646.632800044,659646.665237445,659646.632986657,659646.634838035,659646.664856749,659646.66486404,0.0324374010087922,0.0018513780087232,0.030018714023754,0.0003734050551429,1,384,mac_latency_test_GL1_PL384,60.243120193481445,1,mac_latency_test,bulk_benchmark
151,0,400,0.185962124960497,0.1540249809622764,659646.921718592,659646.953655736,659646.921854934,659646.923330156,659646.953303031,659646.953310481,0.0319371439982205,0.0014752220595255,0.0299728750251233,0.0003452550154179,1,384,mac_latency_test_GL1_PL384,60.243120193481445,1,mac_latency_test,bulk_benchmark
152,0,400,0.1924824170419015,0.1606076539610512,659647.216948296,659647.248823059,659647.217102699,659647.21853447,659647.248439153,659647.248446384,0.0318747630808502,0.0014317709719762,0.0299046830041334,0.0003766750451177,1,384,mac_latency_test_GL1_PL384,60.243120193481445,1,mac_latency_test,bulk_benchmark
153,0,400,0.1914534579846076,0.1593722720281221,659647.51279602,659647.544877206,659647.512951082,659647.514507656,659647.5445273,659647.54453444,0.0320811859564855,0.0015565740177407,0.03001964406576,0.0003427659394219,1,384,mac_latency_test_GL1_PL384,60.243120193481445,1,mac_latency_test,bulk_benchmark
154,1,400,0.1969180000014603,0.1612837999127805,659647.807187261,659647.842821461,659647.807319924,659647.808732855,659647.842486746,659647.842493956,0.0356342000886797,0.0014129310147836,0.0337538910098373,0.0003275050548836,1,384,mac_latency_test_GL1_PL384,60.243120193481445,1,mac_latency_test,bulk_benchmark
155,0,400,0.1973574580042623,0.1653838949860073,659648.108337526,659648.140311089,659648.108475808,659648.110036261,659648.139996005,659648.140019595,0.0319735630182549,0.001560452976264,0.0299597439588978,0.0002914939541369,1,384,mac_latency_test_GL1_PL384,60.243120193481445,1,mac_latency_test,bulk_benchmark
156,0,400,0.1856320000370033,0.1537587079801596,659648.400923161,659648.432796453,659648.401092503,659648.402648096,659648.432498017,659648.432504889,0.0318732920568436,0.0015555929858237,0.0298499210039153,0.0002915640361607,1,384,mac_latency_test_GL1_PL384,60.243120193481445,1,mac_latency_test,bulk_benchmark
157,0,400,0.1995442499755881,0.1676874269614927,659648.705234551,659648.737091374,659648.705372124,659648.706820886,659648.736771899,659648.736779039,0.0318568230140954,0.0014487620210275,0.0299510130425915,0.0003123349742963,1,384,mac_latency_test_GL1_PL384,60.243120193481445,1,mac_latency_test,bulk_benchmark
158,0,400,0.1886437920038588,0.1566164859686978,659648.998388813,659649.030416119,659648.998541896,659649.00015111,659649.030078284,659649.030085593,0.032027306035161,0.0016092139994725,0.029927173978649,0.000330526032485,1,384,mac_latency_test_GL1_PL384,60.243120193481445,1,mac_latency_test,bulk_benchmark
159,0,400,0.19009129202459,0.1581736890366301,659649.29177901,659649.323696613,659649.291918442,659649.293416275,659649.323399179,659649.323407889,0.0319176029879599,0.0014978329418227,0.0299829040886834,0.0002887239679694,1,384,mac_latency_test_GL1_PL384,60.243120193481445,1,mac_latency_test,bulk_benchmark
160,0,400,0.1916773340199142,0.1599782940465957,659649.583609353,659649.615308393,659649.583740825,659649.585189257,659649.614979598,659649.614986998,0.0316990399733185,0.0014484321000054,0.0297903409227728,0.0003213949967175,1,384,mac_latency_test_GL1_PL384,60.243120193481445,1,mac_latency_test,bulk_benchmark
161,0,400,0.1928081249934621,0.1610735549475066,659649.881234363,659649.912968933,659649.881368745,659649.882812967,659649.912651709,659649.912658669,0.0317345700459554,0.0014442219398915,0.0298387421062216,0.000310263945721,1,384,mac_latency_test_GL1_PL384,60.243120193481445,1,mac_latency_test,bulk_benchmark
162,0,400,0.1918665419798344,0.1600190190365538,659650.179431451,659650.211278974,659650.179562964,659650.180993206,659650.210905439,659650.210912719,0.0318475229432806,0.0014302419731393,0.0299122330034151,0.0003662549424916,1,384,mac_latency_test_GL1_PL384,60.243120193481445,1,mac_latency_test,bulk_benchmark
163,0,400,0.1904423339874483,0.1586607440258376,659650.47220862,659650.50399021,659650.472341491,659650.473828594,659650.503668616,659650.503676106,0.0317815899616107,0.0014871029416099,0.0298400219762697,0.0003141040215268,1,384,mac_latency_test_GL1_PL384,60.243120193481445,1,mac_latency_test,bulk_benchmark
164,0,400,0.1914893329958431,0.1597824619966559,659650.769753148,659650.801460019,659650.76988534,659650.771330162,659650.801137404,659650.801144794,0.0317068709991872,0.0014448219444602,0.0298072420991957,0.0003152249846607,1,384,mac_latency_test_GL1_PL384,60.243120193481445,1,mac_latency_test,bulk_benchmark
165,0,400,0.1931836659787222,0.1614626250229776,659651.070031519,659651.10175256,659651.070167021,659651.071619793,659651.101414424,659651.101421564,0.0317210409557446,0.0014527719467878,0.0297946310602128,0.0003309960011392,1,384,mac_latency_test_GL1_PL384,60.243120193481445,1,mac_latency_test,bulk_benchmark
166,0,400,0.2283871659892611,0.1963991919183172,659651.404098462,659651.436086436,659651.404237774,659651.405775797,659651.435752682,659651.435759551,0.0319879740709438,0.001538023003377,0.029976885067299,0.0003268850268796,1,384,mac_latency_test_GL1_PL384,60.243120193481445,1,mac_latency_test,bulk_benchmark
167,0,400,0.1919671250507235,0.1602357149822637,659651.695495038,659651.727226448,659651.69562838,659651.697070102,659651.726890633,659651.726898013,0.0317314100684598,0.0014417219208553,0.0298205310245975,0.0003284349804744,1,384,mac_latency_test_GL1_PL384,60.243120193481445,1,mac_latency_test,bulk_benchmark
168,0,400,0.1929544580052606,0.1607523090788163,659651.989705236,659652.021907385,659651.989855119,659651.991436923,659652.021477568,659652.021484728,0.0322021489264443,0.0015818040119484,0.0300406449241563,0.0004226570017635,1,384,mac_latency_test_GL1_PL384,60.243120193481445,1,mac_latency_test,bulk_benchmark
169,0,400,0.1930179169867187,0.1612445949576795,659652.286573065,659652.318346387,659652.286711647,659652.288208021,659652.318050003,659652.318057393,0.0317733220290392,0.0014963740250095,0.0298419820610433,0.000288994051516,1,384,mac_latency_test_GL1_PL384,60.243120193481445,1,mac_latency_test,bulk_benchmark
170,0,400,0.1892189169884659,0.1576086580171249,659652.578169796,659652.609780055,659652.578300547,659652.579701579,659652.60948676,659652.60949383,0.0316102589713409,0.0014010319719091,0.0297851810464635,0.000286224996671,1,384,mac_latency_test_GL1_PL384,60.243120193481445,1,mac_latency_test,bulk_benchmark
171,0,400,0.1905659579788334,0.1588012859574519,659652.87214637,659652.903911042,659652.872280592,659652.873807645,659652.903620368,659652.903627528,0.0317646720213815,0.0015270530711859,0.0298127229325473,0.0002835140330716,1,384,mac_latency_test_GL1_PL384,60.243120193481445,1,mac_latency_test,bulk_benchmark
172,0,400,0.1913656249525956,0.1596470450167544,659653.166870267,659653.198588847,659653.16703212,659653.168479241,659653.198293883,659653.198301193,0.0317185799358412,0.0014471209142357,0.0298146420391276,0.0002876539947465,1,384,mac_latency_test_GL1_PL384,60.243120193481445,1,mac_latency_test,bulk_benchmark
173,0,400,0.1909404579782858,0.1591462369542569,659653.465033176,659653.496827397,659653.465166628,659653.46661848,659653.496529822,659653.496536793,0.0317942210240289,0.0014518520329147,0.0299113419605419,0.0002906040754169,1,384,mac_latency_test_GL1_PL384,60.243120193481445,1,mac_latency_test,bulk_benchmark
174,0,400,0.1903177079511806,0.1583358639618381,659653.76096492,659653.792946764,659653.761136362,659653.762620665,659653.792578728,659653.792586068,0.0319818439893424,0.0014843030367046,0.029958063038066,0.000360695994459,1,384,mac_latency_test_GL1_PL384,60.243120193481445,1,mac_latency_test,bulk_benchmark
175,0,400,0.1907383329817094,0.1583958729752339,659654.056428958,659654.088771418,659654.05656479,659654.058059422,659654.088368742,659654.088376852,0.0323424600064754,0.0014946319861337,0.0303093200782313,0.0003945659846067,1,384,mac_latency_test_GL1_PL384,60.243120193481445,1,mac_latency_test,bulk_benchmark
176,0,400,0.1932792920270003,0.1612007560324855,659654.352557776,659654.384636312,659654.352691398,659654.35419624,659654.384245676,659654.384253276,0.0320785359945148,0.0015048419591039,0.0300494360271841,0.0003830359783023,1,384,mac_latency_test_GL1_PL384,60.243120193481445,1,mac_latency_test,bulk_benchmark
177,0,400,0.2071451250230893,0.174931556917727,659654.664969881,659654.697183449,659654.665138893,659654.666688607,659654.696794522,659654.696801623,0.0322135681053623,0.0015497140120714,0.0301059150369837,0.0003818260738626,1,384,mac_latency_test_GL1_PL384,60.243120193481445,1,mac_latency_test,bulk_benchmark
178,0,400,0.1922415420413017,0.1601353751029819,659654.962152814,659654.994258981,659654.962293197,659654.963752749,659654.993872454,659654.993880146,0.0321061669383198,0.001459551975131,0.0301197050139307,0.0003788350149989,1,384,mac_latency_test_GL1_PL384,60.243120193481445,1,mac_latency_test,bulk_benchmark
179,0,400,0.1930750000174157,0.1603373339748941,659655.258900002,659655.291637668,659655.259085185,659655.260640458,659655.291217421,659655.291224901,0.0327376660425215,0.001555272960104,0.0305769629776477,0.000412767054513,1,384,mac_latency_test_GL1_PL384,60.243120193481445,1,mac_latency_test,bulk_benchmark
180,0,400,0.1918229580041952,0.1600335669354535,659655.557610969,659655.58940036,659655.55774395,659655.559233833,659655.589058166,659655.589065486,0.0317893910687416,0.0014898829394951,0.0298243330325931,0.0003348740283399,1,384,mac_latency_test_GL1_PL384,60.243120193481445,1,mac_latency_test,bulk_benchmark
181,0,400,0.2140785420197062,0.1821075570187531,659655.877153371,659655.909124356,659655.877287783,659655.878844826,659655.90877453,659655.90878192,0.031970985000953,0.0015570430550724,0.0299297040328383,0.0003424360183998,1,384,mac_latency_test_GL1_PL384,60.243120193481445,1,mac_latency_test,bulk_benchmark
182,0,400,0.1925256249960512,0.1606177509529516,659656.173626854,659656.205534728,659656.173769336,659656.1753193,659656.205200523,659656.205207672,0.0319078740430995,0.0015499640721827,0.0298812229884788,0.0003270560409873,1,384,mac_latency_test_GL1_PL384,60.243120193481445,1,mac_latency_test,bulk_benchmark
183,0,400,0.1926548330229707,0.1605954269762151,659656.469825413,659656.501884819,659656.469956665,659656.471424947,659656.501478883,659656.501486233,0.0320594060467556,0.0014682820765301,0.030053935945034,0.0003985860385,1,384,mac_latency_test_GL1_PL384,60.243120193481445,1,mac_latency_test,bulk_benchmark
184,0,400,0.1913986669969745,0.159514854021836,659656.768816965,659656.800700778,659656.768946647,659656.77045271,659656.800353632,659656.800360483,0.0318838129751384,0.0015060630394145,0.0299009219743311,0.0003402950242161,1,384,mac_latency_test_GL1_PL384,60.243120193481445,1,mac_latency_test,bulk_benchmark
185,0,400,0.1888908749679103,0.1567363879876211,659657.061575962,659657.093730449,659657.061749904,659657.063206035,659657.093285711,659657.093292992,0.0321544869802892,0.0014561309944838,0.0300796760711818,0.0004374569980427,1,384,mac_latency_test_GL1_PL384,60.243120193481445,1,mac_latency_test,bulk_benchmark
186,0,400,0.1929463340202346,0.1608002670109272,659657.358920218,659657.391066285,659657.35909196,659657.360529882,659657.390608898,659657.390616578,0.0321460670093074,0.0014379220083355,0.0300790159963071,0.0004497069166973,1,384,mac_latency_test_GL1_PL384,60.243120193481445,1,mac_latency_test,bulk_benchmark
187,0,400,0.1927501669852063,0.1601541830459609,659657.655360421,659657.687956405,659657.655522944,659657.657216049,659657.687524458,659657.687531588,0.0325959839392453,0.0016931049758568,0.0303084090119227,0.0004248169716447,1,384,mac_latency_test_GL1_PL384,60.243120193481445,1,mac_latency_test,bulk_benchmark
188,0,400,0.2346809579757973,0.2021228750236332,659657.992293247,659658.02485133,659657.992584711,659657.994410799,659658.024469705,659658.024478985,0.0325580829521641,0.0018260879442095,0.0300589059479534,0.0003723449772223,1,384,mac_latency_test_GL1_PL384,60.243120193481445,1,mac_latency_test,bulk_benchmark
189,0,400,0.1885677500395104,0.1567895190091803,659658.285084464,659658.316862695,659658.285222156,659658.286687618,659658.316519281,659658.316526581,0.03177823103033,0.0014654620317742,0.0298316630069166,0.000336114084348,1,384,mac_latency_test_GL1_PL384,60.243120193481445,1,mac_latency_test,bulk_benchmark
190,0,400,0.1927739169914275,0.160982894944027,659658.582268968,659658.61405999,659658.58240161,659658.583845882,659658.613717704,659658.613724924,0.0317910220474004,0.0014442719984799,0.02987182198558,0.0003350659972056,1,384,mac_latency_test_GL1_PL384,60.243120193481445,1,mac_latency_test,bulk_benchmark
191,0,400,0.2068883329629898,0.1751501718536019,659658.890129434,659658.921867595,659658.890264815,659658.891680107,659658.921491659,659658.92149919,0.0317381611093878,0.0014152920339256,0.0298115520272403,0.0003684050170704,1,384,mac_latency_test_GL1_PL384,60.243120193481445,1,mac_latency_test,bulk_benchmark
192,0,400,0.1911941249854862,0.1594481240026652,659659.18675039,659659.218496391,659659.186881191,659659.188334744,659659.218174685,659659.218181455,0.0317460009828209,0.0014535529771819,0.0298399410676211,0.0003149359254166,1,384,mac_latency_test_GL1_PL384,60.243120193481445,1,mac_latency_test,bulk_benchmark
193,0,400,0.1931419590255245,0.1613239370053634,659659.485829671,659659.517647693,659659.485964494,659659.487421435,659659.517267688,659659.517274788,0.0318180220201611,0.0014569410122931,0.0298462529899552,0.0003729050513356,1,384,mac_latency_test_GL1_PL384,60.243120193481445,1,mac_latency_test,bulk_benchmark
194,0,400,0.194586083991453,0.1626131000230088,659659.783188118,659659.815161102,659659.78332637,659659.784912304,659659.814820457,659659.814827838,0.0319729839684441,0.0015859340783208,0.0299081529956311,0.0003332640044391,1,384,mac_latency_test_GL1_PL384,60.243120193481445,1,mac_latency_test,bulk_benchmark
195,0,400,0.2008637080434709,0.1689034020528197,659660.092565806,659660.124526112,659660.092704079,659660.094312583,659660.124195566,659660.124202496,0.0319603059906512,0.0016085039824247,0.0298829830717295,0.0003236159682273,1,384,mac_latency_test_GL1_PL384,60.243120193481445,1,mac_latency_test,bulk_benchmark
196,0,400,0.1888979169889353,0.1569683029665611,659660.385238912,659660.417168526,659660.385370344,659660.386859237,659660.416789771,659660.416797011,0.0319296140223741,0.0014888929435983,0.0299305340740829,0.0003715149359777,1,384,mac_latency_test_GL1_PL384,60.243120193481445,1,mac_latency_test,bulk_benchmark
197,0,400,0.1926738749607466,0.1596911139204166,659660.678036649,659660.71101941,659660.678179341,659660.679736445,659660.710516522,659660.710523782,0.0329827610403299,0.0015571039402857,0.0307800770970061,0.0004956281045451,1,384,mac_latency_test_GL1_PL384,60.243120193481445,1,mac_latency_test,bulk_benchmark
198,0,400,0.1926354999886825,0.1608432088978588,659660.973960875,659661.005753166,659660.974120877,659660.975563959,659661.00539858,659661.00540598,0.0317922910908237,0.0014430820010602,0.0298346210038289,0.000347185996361,1,384,mac_latency_test_GL1_PL384,60.243120193481445,1,mac_latency_test,bulk_benchmark
199,0,400,0.2150428749737329,0.1820495159481652,659661.291078451,659661.32407181,659661.291214363,659661.292643325,659661.323584133,659661.323591473,0.0329933590255677,0.0014289621030911,0.0309408078901469,0.0004803369520232,1,384,mac_latency_test_GL1_PL384,60.243120193481445,1,mac_latency_test,bulk_benchmark
200,0,400,0.1915316670201718,0.1597916760947555,659661.584159782,659661.615899773,659661.584293484,659661.585739386,659661.615554538,659661.615561427,0.0317399909254163,0.0014459020458161,0.0298151519382372,0.0003383459988981,1,384,mac_latency_test_GL1_PL384,60.243120193481445,1,mac_latency_test,bulk_benchmark
1,0,400,0.2689933339715935,0.1567779839388094,659665.458971725,659665.571187075,659665.459150798,659665.460696081,659665.568523865,659665.568531265,0.112215350032784,0.0015452830120921,0.1078277839114889,0.0026558099780231,5,384,mac_latency_test_GL5_PL384,75.44692182540894,5,mac_latency_test,bulk_benchmark
2,0,400,0.2669424160267226,0.1606606159475632,659665.83470126,659665.94098306,659665.834839592,659665.836340994,659665.940470702,659665.940478072,0.1062818000791594,0.0015014020027592,0.1041297080228105,0.0005049880128353,5,384,mac_latency_test_GL5_PL384,75.44692182540894,5,mac_latency_test,bulk_benchmark
3,0,400,0.26866445800988,0.1634030540590174,659666.208886071,659666.314147475,659666.209056573,659666.210628106,659666.313620678,659666.313628387,0.1052614039508625,0.0015715330373495,0.1029925720067694,0.000519087887369,5,384,mac_latency_test_GL5_PL384,75.44692182540894,5,mac_latency_test,bulk_benchmark
4,0,400,0.2685747090145014,0.1626968549680896,659666.582242369,659666.688120223,659666.582379531,659666.583916414,659666.687565865,659666.687573385,0.1058778540464118,0.0015368829481303,0.1036494510481134,0.0005468380404636,5,384,mac_latency_test_GL5_PL384,75.44692182540894,5,mac_latency_test,bulk_benchmark
5,0,400,0.2671256249886937,0.1605151380063034,659666.9565789,659667.063189387,659666.956725922,659666.958440689,659667.062662489,659667.062669899,0.1066104869823902,0.0017147670732811,0.1042217999929562,0.0005194880068302,5,384,mac_latency_test_GL5_PL384,75.44692182540894,5,mac_latency_test,bulk_benchmark
6,0,400,0.2626677920343354,0.1575919101014733,659667.324314735,659667.429390617,659667.324455507,659667.326037881,659667.428862079,659667.42886928,0.1050758819328621,0.001582373981364,0.1028241980820894,0.0005213369149714,5,384,mac_latency_test_GL5_PL384,75.44692182540894,5,mac_latency_test,bulk_benchmark
7,0,400,0.2645526659907773,0.1597161069512367,659667.694512984,659667.799349543,659667.694646316,659667.696105478,659667.798832966,659667.798839916,0.1048365590395405,0.0014591619838029,0.1027274880325421,0.0005096270469948,5,384,mac_latency_test_GL5_PL384,75.44692182540894,5,mac_latency_test,bulk_benchmark
8,0,400,0.2626637500361539,0.1578790820785798,659668.062714605,659668.167499273,659668.062845056,659668.06430993,659668.166983815,659668.166990955,0.1047846679575741,0.0014648740179836,0.1026738850632682,0.0005083179567009,5,384,mac_latency_test_GL5_PL384,75.44692182540894,5,mac_latency_test,bulk_benchmark
9,0,400,0.2659120830358006,0.1612688269815407,659668.431350242,659668.535993498,659668.431485344,659668.432901525,659668.53550604,659668.53551348,0.1046432560542598,0.0014161810977384,0.1026045149192214,0.0004800180904567,5,384,mac_latency_test_GL5_PL384,75.44692182540894,5,mac_latency_test,bulk_benchmark
10,0,400,0.2623452919651754,0.1574399429955519,659668.800276134,659668.905181483,659668.800410226,659668.801846378,659668.904659395,659668.904666615,0.1049053489696234,0.0014361520297825,0.1028130169725045,0.0005148680647835,5,384,mac_latency_test_GL5_PL384,75.44692182540894,5,mac_latency_test,bulk_benchmark
11,0,400,0.2645932909799739,0.1596366319572553,659669.168239621,659669.27319628,659669.168376423,659669.169958396,659669.272697132,659669.272704392,0.1049566590227186,0.0015819730469956,0.1027387359645217,0.0004918880295008,5,384,mac_latency_test_GL5_PL384,75.44692182540894,5,mac_latency_test,bulk_benchmark
12,0,400,0.5763662499957718,0.4709393829689361,659669.839403642,659669.944830509,659669.839543014,659669.841021847,659669.944312851,659669.944320181,0.1054268670268356,0.0014788330299779,0.1032910039648413,0.0005103279836475,5,384,mac_latency_test_GL5_PL384,75.44692182540894,5,mac_latency_test,bulk_benchmark
13,0,400,0.262232834007591,0.1570689700311049,659670.215222317,659670.320386181,659670.215364459,659670.216917523,659670.319865143,659670.319872583,0.105163863976486,0.0015530639793723,0.1029476200928911,0.0005135979736223,5,384,mac_latency_test_GL5_PL384,75.44692182540894,5,mac_latency_test,bulk_benchmark
14,0,400,0.2657079999917187,0.1610107820597477,659670.586230359,659670.690927577,659670.586362001,659670.587789243,659670.690420369,659670.690428259,0.1046972179319709,0.0014272419502958,0.1026311260648071,0.0004993180045858,5,384,mac_latency_test_GL5_PL384,75.44692182540894,5,mac_latency_test,bulk_benchmark
15,0,400,0.2635746249579824,0.1587040440062992,659670.954440659,659671.05931124,659670.954575402,659670.956027575,659671.058777861,659671.058785371,0.1048705809516832,0.001452172989957,0.1027502859942615,0.0005258689634501,5,384,mac_latency_test_GL5_PL384,75.44692182540894,5,mac_latency_test,bulk_benchmark
16,0,400,0.2664613330271095,0.1607327290112152,659671.324965574,659671.430694178,659671.325128588,659671.32656065,659671.43012932,659671.430137749,0.1057286040158942,0.0014320620102807,0.1035686699906364,0.0005564290331676,5,384,mac_latency_test_GL5_PL384,75.44692182540894,5,mac_latency_test,bulk_benchmark
17,0,400,0.2657352919923141,0.1607537399977445,659671.694493095,659671.799474647,659671.694651658,659671.696241012,659671.798957329,659671.798964579,0.1049815519945696,0.0015893540112301,0.1027163170510903,0.0005100680282339,5,384,mac_latency_test_GL5_PL384,75.44692182540894,5,mac_latency_test,bulk_benchmark
18,0,400,0.26401808304945,0.1586582169984467,659672.06425083,659672.169610696,659672.064389392,659672.065935465,659672.169088409,659672.169096139,0.1053598660510033,0.001546073006466,0.1031529440078884,0.0005145570030435,5,384,mac_latency_test_GL5_PL384,75.44692182540894,5,mac_latency_test,bulk_benchmark
19,0,400,0.2625463749864138,0.1577643270720727,659672.433561317,659672.538343365,659672.43374688,659672.435290683,659672.537857297,659672.537864838,0.104782047914341,0.0015438029076904,0.1025666140485555,0.0004785269265994,5,384,mac_latency_test_GL5_PL384,75.44692182540894,5,mac_latency_test,bulk_benchmark
20,0,400,0.2628298329655081,0.1579972339095547,659672.798241274,659672.903073873,659672.798376076,659672.799824428,659672.902541604,659672.902548774,0.1048325990559533,0.001448352006264,0.1027171759633347,0.0005250989925116,5,384,mac_latency_test_GL5_PL384,75.44692182540894,5,mac_latency_test,bulk_benchmark
21,0,400,0.2632999999914318,0.1581290760077536,659673.169076234,659673.274247158,659673.169210536,659673.170673438,659673.273713539,659673.27372094,0.1051709239836782,0.0014629019424319,0.103040101006627,0.000526217976585,5,384,mac_latency_test_GL5_PL384,75.44692182540894,5,mac_latency_test,bulk_benchmark
22,0,400,0.2628559590084478,0.1580352110322564,659673.533220243,659673.638040991,659673.533354265,659673.534786686,659673.637495142,659673.637502614,0.1048207479761913,0.0014324209187179,0.1027084559900686,0.0005383770912885,5,384,mac_latency_test_GL5_PL384,75.44692182540894,5,mac_latency_test,bulk_benchmark
23,0,400,0.2656707920250483,0.1608303330722265,659673.904886486,659674.009726945,659673.905046958,659673.906516591,659674.009189966,659674.009197666,0.1048404589528217,0.0014696329599246,0.1026733750477433,0.0005292790010571,5,384,mac_latency_test_GL5_PL384,75.44692182540894,5,mac_latency_test,bulk_benchmark
24,0,400,0.2650790000334382,0.1601825710386037,659674.274030331,659674.37892676,659674.274164863,659674.275586735,659674.378448012,659674.378455453,0.1048964289948344,0.0014218719443306,0.1028612770605832,0.0004713070811703,5,384,mac_latency_test_GL5_PL384,75.44692182540894,5,mac_latency_test,bulk_benchmark
25,0,400,0.2628644170472398,0.1580817099893465,659674.640959132,659674.745741839,659674.641120094,659674.642568876,659674.745243672,659674.745251382,0.1047827070578932,0.0014487820444628,0.1026747960131615,0.0004904570523649,5,384,mac_latency_test_GL5_PL384,75.44692182540894,5,mac_latency_test,bulk_benchmark
26,0,400,0.2668385410215705,0.1620885030133649,659675.011107121,659675.115857159,659675.011237443,659675.012651555,659675.115346721,659675.115353801,0.1047500380082055,0.0014141120482236,0.1026951660169288,0.0005033579654991,5,384,mac_latency_test_GL5_PL384,75.44692182540894,5,mac_latency_test,bulk_benchmark
27,0,400,0.2631272909929976,0.1578981970669701,659675.382798335,659675.488027429,659675.382941988,659675.384497502,659675.487508452,659675.487515672,0.1052290939260274,0.0015555140562355,0.103010950027965,0.000511756981723,5,384,mac_latency_test_GL5_PL384,75.44692182540894,5,mac_latency_test,bulk_benchmark
28,0,400,0.2631885000155307,0.1580257369787432,659675.750753192,659675.855915955,659675.750885105,659675.752338126,659675.855412747,659675.855420147,0.1051627630367875,0.0014530209591612,0.1030746210599318,0.0004958080826327,5,384,mac_latency_test_GL5_PL384,75.44692182540894,5,mac_latency_test,bulk_benchmark
29,0,400,0.2649225000059232,0.1600389829836785,659676.121550933,659676.22643445,659676.121735336,659676.123191188,659676.225884812,659676.225892423,0.1048835170222446,0.0014558519469574,0.1026936239795759,0.0005420270608738,5,384,mac_latency_test_GL5_PL384,75.44692182540894,5,mac_latency_test,bulk_benchmark
30,0,400,0.2667309580137953,0.1610222670715302,659676.493266816,659676.598975507,659676.493406278,659676.494928221,659676.598467329,659676.598474789,0.1057086909422651,0.0015219430206343,0.1035391080658882,0.000500718015246,5,384,mac_latency_test_GL5_PL384,75.44692182540894,5,mac_latency_test,bulk_benchmark
31,0,400,0.265381040982902,0.1606724449666217,659676.864717885,659676.969426481,659676.864856317,659676.866330639,659676.968913663,659676.968920853,0.1047085960162803,0.0014743219362571,0.1025830239523202,0.0005056280642747,5,384,mac_latency_test_GL5_PL384,75.44692182540894,5,mac_latency_test,bulk_benchmark
32,0,400,0.265782417031005,0.1606669940520078,659677.236754652,659677.341870075,659677.236885704,659677.23858645,659677.341347897,659677.341355428,0.1051154229789972,0.0017007460119202,0.1027614469639957,0.0005146469920873,5,384,mac_latency_test_GL5_PL384,75.44692182540894,5,mac_latency_test,bulk_benchmark
33,0,400,0.2649232079857029,0.1601104180444963,659677.607592822,659677.712405612,659677.607726434,659677.609160626,659677.711868133,659677.711875763,0.1048127899412065,0.0014341919450089,0.1027075070887804,0.0005298489704728,5,384,mac_latency_test_GL5_PL384,75.44692182540894,5,mac_latency_test,bulk_benchmark
34,0,400,0.261960249976255,0.1570306899957358,659677.973512099,659678.078441659,659677.973658581,659677.975111694,659678.077921011,659678.077928181,0.1049295599805191,0.0014531129272654,0.1028093170607462,0.0005134779494255,5,384,mac_latency_test_GL5_PL384,75.44692182540894,5,mac_latency_test,bulk_benchmark
35,0,400,0.2665211670100689,0.1614248229889199,659678.343663408,659678.448759752,659678.34380438,659678.345352733,659678.448251804,659678.448259024,0.1050963440211489,0.001548353000544,0.1028990709455683,0.0005007280269637,5,384,mac_latency_test_GL5_PL384,75.44692182540894,5,mac_latency_test,bulk_benchmark
36,1,400,0.2663437080336734,0.1577640710165724,659678.71463223,659678.823211867,659678.714765073,659678.716229825,659678.822677048,659678.822684808,0.108579637017101,0.0014647520147264,0.1064472229918465,0.0005270589608699,5,384,mac_latency_test_GL5_PL384,75.44692182540894,5,mac_latency_test,bulk_benchmark
37,0,400,0.2605687089962885,0.1556144789792597,659679.077878466,659679.182832696,659679.078046129,659679.079493111,659679.182262378,659679.182269988,0.1049542300170287,0.0014469820307567,0.1027692670468241,0.0005627080099657,5,384,mac_latency_test_GL5_PL384,75.44692182540894,5,mac_latency_test,bulk_benchmark
38,0,400,0.2708376250229776,0.1660406460287049,659679.454566064,659679.559363043,659679.454701117,659679.456146559,659679.558811085,659679.558818235,0.1047969789942726,0.0014454419724643,0.1026645259698852,0.0005448081064969,5,384,mac_latency_test_GL5_PL384,75.44692182540894,5,mac_latency_test,bulk_benchmark
39,4,400,0.277804416953586,0.1595198439899832,659679.821314682,659679.939599255,659679.821447855,659679.822906297,659679.938970266,659679.938977957,0.1182845729636028,0.0014584420714527,0.1160639689769595,0.000621297978796,5,384,mac_latency_test_GL5_PL384,75.44692182540894,5,mac_latency_test,bulk_benchmark
40,0,400,0.2649341669748537,0.1579216059180908,659680.204080215,659680.311092776,659680.204221037,659680.20574714,659680.310461946,659680.310469326,0.1070125610567629,0.0015261030057445,0.1047148059587925,0.0006234500324353,5,384,mac_latency_test_GL5_PL384,75.44692182540894,5,mac_latency_test,bulk_benchmark
41,0,400,0.2707066249568015,0.1652893179561942,659680.581064018,659680.686481325,659680.58119796,659680.582639202,659680.685897506,659680.685905086,0.1054173070006072,0.0014412420568987,0.103258303948678,0.0005762389628216,5,384,mac_latency_test_GL5_PL384,75.44692182540894,5,mac_latency_test,bulk_benchmark
42,0,400,0.2638100000331178,0.1589352401206269,659680.953210997,659681.058085757,659680.953348169,659680.954776341,659681.057494797,659681.057501977,0.1048747599124908,0.0014281719923019,0.1027184560662135,0.0005837799981236,5,384,mac_latency_test_GL5_PL384,75.44692182540894,5,mac_latency_test,bulk_benchmark
43,0,400,0.2655023750266991,0.1598840449587442,659681.317274555,659681.422892885,659681.317412777,659681.318949791,659681.422300136,659681.422307596,0.1056183300679549,0.0015370140317827,0.1033503449289128,0.0005852890899404,5,384,mac_latency_test_GL5_PL384,75.44692182540894,5,mac_latency_test,bulk_benchmark
44,0,400,0.2632147500407882,0.1583939520060084,659681.683261652,659681.78808245,659681.683396714,659681.684853316,659681.787504041,659681.787511361,0.1048207980347797,0.0014566020108759,0.1026507249334827,0.00057108909823,5,384,mac_latency_test_GL5_PL384,75.44692182540894,5,mac_latency_test,bulk_benchmark
45,0,400,0.269979833974503,0.1603583339601755,659682.051784919,659682.161406419,659682.051922281,659682.053429813,659682.160781379,659682.160788579,0.1096215000143274,0.0015075319679453,0.1073515659663826,0.0006178399780765,5,384,mac_latency_test_GL5_PL384,75.44692182540894,5,mac_latency_test,bulk_benchmark
46,0,400,0.2645564579870552,0.1595405970001593,659682.420868971,659682.525884832,659682.421036703,659682.422521286,659682.525288523,659682.525296154,0.1050158609868958,0.0014845828991383,0.102767236996442,0.0005886780563741,5,384,mac_latency_test_GL5_PL384,75.44692182540894,5,mac_latency_test,bulk_benchmark
47,0,400,0.2664559579570777,0.1612196629284881,659682.79353812,659682.898774415,659682.793688922,659682.795190104,659682.898219646,659682.898227326,0.1052362950285896,0.0015011820942163,0.1030295419041067,0.0005470890318974,5,384,mac_latency_test_GL5_PL384,75.44692182540894,5,mac_latency_test,bulk_benchmark
48,0,400,0.2856174999615177,0.1805579169886186,659683.182647126,659683.287706709,659683.182779208,659683.184265131,659683.28714181,659683.28714935,0.105059582972899,0.0014859230723232,0.1028766790404915,0.0005573589587584,5,384,mac_latency_test_GL5_PL384,75.44692182540894,5,mac_latency_test,bulk_benchmark
49,0,400,0.2630521249957382,0.1582552070030942,659683.551241743,659683.656038661,659683.551376375,659683.552817677,659683.655475273,659683.655482543,0.104796917992644,0.0014413020107895,0.1026575959986075,0.0005561179714277,5,384,mac_latency_test_GL5_PL384,75.44692182540894,5,mac_latency_test,bulk_benchmark
50,0,400,0.2635522920172661,0.1585258819395676,659683.920836216,659684.025862626,659683.920984518,659683.922491781,659684.025298338,659684.025305488,0.1050264100776985,0.0015072629321366,0.1028065570862963,0.0005571380024775,5,384,mac_latency_test_GL5_PL384,75.44692182540894,5,mac_latency_test,bulk_benchmark
51,0,400,0.281056499981787,0.1759224369307048,659684.307269812,659684.412403875,659684.307406204,659684.308950027,659684.411819606,659684.411827016,0.1051340630510822,0.0015438229311257,0.1028695789864286,0.0005768589908257,5,384,mac_latency_test_GL5_PL384,75.44692182540894,5,mac_latency_test,bulk_benchmark
52,0,400,0.263911584042944,0.1592626980273053,659684.677039876,659684.781688762,659684.677177448,659684.67867153,659684.781158214,659684.781165594,0.1046488860156387,0.0014940820401534,0.102486683987081,0.0005231680115684,5,384,mac_latency_test_GL5_PL384,75.44692182540894,5,mac_latency_test,bulk_benchmark
53,0,400,0.2654551250161603,0.1596901710145175,659685.047117484,659685.152882438,659685.047253857,659685.04874212,659685.152314199,659685.152321439,0.1057649540016427,0.0014882630202919,0.1035720789805054,0.0005609990330412,5,384,mac_latency_test_GL5_PL384,75.44692182540894,5,mac_latency_test,bulk_benchmark
54,0,400,0.2618429589783773,0.1568404679419472,659685.413349935,659685.518352426,659685.413483917,659685.41498907,659685.517765368,659685.517772858,0.10500249103643,0.0015051530208438,0.1027762979501858,0.0005795679753646,5,384,mac_latency_test_GL5_PL384,75.44692182540894,5,mac_latency_test,bulk_benchmark
55,0,400,0.2646147089544683,0.1593650759896263,659685.782594503,659685.887844136,659685.782726934,659685.784206376,659685.887281028,659685.887288328,0.105249632964842,0.0014794419985264,0.1030746520264074,0.0005558079574257,5,384,mac_latency_test_GL5_PL384,75.44692182540894,5,mac_latency_test,bulk_benchmark
56,0,400,0.2704319170443341,0.1649554980685934,659686.154507678,659686.259984097,659686.15464153,659686.156110892,659686.259361636,659686.259369656,0.1054764189757406,0.0014693619450554,0.1032507440540939,0.0006144409999251,5,384,mac_latency_test_GL5_PL384,75.44692182540894,5,mac_latency_test,bulk_benchmark
57,0,400,0.298153874988202,0.1927996290032751,659686.556208426,659686.661562672,659686.556338858,659686.557855721,659686.660981504,659686.660989104,0.1053542459849268,0.0015168630052357,0.1031257830327376,0.0005735680460929,5,384,mac_latency_test_GL5_PL384,75.44692182540894,5,mac_latency_test,bulk_benchmark
58,0,400,0.265350625035353,0.1604158650152385,659686.925572924,659687.030507684,659686.925748867,659686.927233989,659687.029927726,659687.029935446,0.1049347600201144,0.0014851220184937,0.1026937370188534,0.0005722380010411,5,384,mac_latency_test_GL5_PL384,75.44692182540894,5,mac_latency_test,bulk_benchmark
59,0,400,0.2666839159792289,0.1614413909846916,659687.298925763,659687.404168288,659687.299095506,659687.300657739,659687.403575859,659687.403583209,0.1052425249945372,0.0015622330829501,0.1029181199846789,0.0005850789602845,5,384,mac_latency_test_GL5_PL384,75.44692182540894,5,mac_latency_test,bulk_benchmark
60,0,400,0.2682604999863542,0.1631612559431232,659687.668796468,659687.773895712,659687.668930151,659687.670421273,659687.773309273,659687.773316813,0.105099244043231,0.0014911219477653,0.1028879999648779,0.00057889893651,5,384,mac_latency_test_GL5_PL384,75.44692182540894,5,mac_latency_test,bulk_benchmark
61,0,400,0.2633904160466045,0.1582148619927466,659688.034326258,659688.139501812,659688.03446349,659688.035941253,659688.138916614,659688.138924124,0.1051755540538579,0.0014777629403397,0.1029753610491752,0.0005776881007477,5,384,mac_latency_test_GL5_PL384,75.44692182540894,5,mac_latency_test,bulk_benchmark
62,0,400,0.2648472500150092,0.1591530989971943,659688.404758654,659688.510452805,659688.404893116,659688.406414929,659688.509854537,659688.509860977,0.1056941510178148,0.0015218129847198,0.1034396080067381,0.0005918280221521,5,384,mac_latency_test_GL5_PL384,75.44692182540894,5,mac_latency_test,bulk_benchmark
63,0,400,0.2699814169900492,0.164376156986691,659688.778942575,659688.884547835,659688.779110287,659688.78064559,659688.883971966,659688.883979326,0.1056052600033581,0.0015353030757978,0.1033263759454712,0.0005685089854523,5,384,mac_latency_test_GL5_PL384,75.44692182540894,5,mac_latency_test,bulk_benchmark
64,0,400,0.2605062919901684,0.1552759370533749,659689.1448502,659689.250080555,659689.144981472,659689.146517775,659689.249496716,659689.249504516,0.1052303549367934,0.001536302966997,0.1029789409367367,0.0005760389612987,5,384,mac_latency_test_GL5_PL384,75.44692182540894,5,mac_latency_test,bulk_benchmark
65,0,400,0.2641092910198495,0.1590824100421741,659689.513523028,659689.618549909,659689.51367629,659689.515170482,659689.61796026,659689.61796724,0.1050268809776753,0.0014941919362172,0.1027897780295461,0.0005826689302921,5,384,mac_latency_test_GL5_PL384,75.44692182540894,5,mac_latency_test,bulk_benchmark
66,0,400,0.2788792080245912,0.1737178959883749,659689.892657795,659689.997819107,659689.892794017,659689.89433253,659689.997223119,659689.997230879,0.1051613120362162,0.0015385129954665,0.1028905890416354,0.00058822799474,5,384,mac_latency_test_GL5_PL384,75.44692182540894,5,mac_latency_test,bulk_benchmark
67,0,400,0.2659402499557473,0.16118023294257,659690.263333372,659690.368093389,659690.263471374,659690.264926506,659690.36751956,659690.367527181,0.1047600170131772,0.0014551319181919,0.1025930540636181,0.0005662079202011,5,384,mac_latency_test_GL5_PL384,75.44692182540894,5,mac_latency_test,bulk_benchmark
68,0,400,0.270169541996438,0.1644526490126736,659690.638516448,659690.744233341,659690.63864918,659690.640101432,659690.743638591,659690.743646392,0.1057168929837644,0.0014522520359605,0.1035371590405702,0.000586948939599,5,384,mac_latency_test_GL5_PL384,75.44692182540894,5,mac_latency_test,bulk_benchmark
69,0,400,0.2984098339802585,0.1850825079600326,659691.032159555,659691.145486881,659691.032293816,659691.03382274,659691.144858062,659691.144866122,0.1133273260202258,0.001528923981823,0.1110353220719844,0.000620758975856,5,384,mac_latency_test_GL5_PL384,75.44692182540894,5,mac_latency_test,bulk_benchmark
70,0,400,0.2653103329939767,0.1574821090325713,659691.403576703,659691.511404927,659691.403710636,659691.405485483,659691.510807868,659691.510815339,0.1078282239614054,0.0017748470418155,0.1053223849739879,0.0005895879585295,5,384,mac_latency_test_GL5_PL384,75.44692182540894,5,mac_latency_test,bulk_benchmark
71,0,400,0.2671572500257753,0.161675571987871,659691.779513601,659691.884995279,659691.779648202,659691.781122765,659691.884408001,659691.884415441,0.1054816780379042,0.0014745630323886,0.1032852359348908,0.0005798380589112,5,384,mac_latency_test_GL5_PL384,75.44692182540894,5,mac_latency_test,bulk_benchmark
72,0,400,0.2909600000130012,0.1857227759901434,659692.17265955,659692.277896774,659692.172795782,659692.174379976,659692.277310336,659692.277317965,0.1052372240228578,0.0015841940185055,0.1029303600080311,0.0005788089474663,5,384,mac_latency_test_GL5_PL384,75.44692182540894,5,mac_latency_test,bulk_benchmark
73,0,400,0.2635869579971768,0.1574279890046455,659692.540515894,659692.646674863,659692.540649027,659692.542315472,659692.646090354,659692.646097994,0.1061589689925313,0.0016664450522512,0.1037748819217085,0.0005768690025433,5,384,mac_latency_test_GL5_PL384,75.44692182540894,5,mac_latency_test,bulk_benchmark
74,0,400,0.2640809169970453,0.1589234139537438,659692.910551213,659693.015708716,659692.910685385,659692.912149837,659693.015157379,659693.015164788,0.1051575030433014,0.001464452012442,0.1030075419694185,0.0005439280066639,5,384,mac_latency_test_GL5_PL384,75.44692182540894,5,mac_latency_test,bulk_benchmark
75,0,400,0.2702570830006152,0.1620426130248233,659693.282556861,659693.390771331,659693.282692154,659693.284176687,659693.390171852,659693.390179352,0.1082144699757918,0.0014845329569652,0.1059951649513095,0.0005919790128245,5,384,mac_latency_test_GL5_PL384,75.44692182540894,5,mac_latency_test,bulk_benchmark
76,0,400,0.2651772500248626,0.158343342016451,659693.655524565,659693.762358473,659693.655659207,659693.65713322,659693.761741484,659693.761748864,0.1068339080084115,0.001474012969993,0.1046082640532404,0.0006096090655773,5,384,mac_latency_test_GL5_PL384,75.44692182540894,5,mac_latency_test,bulk_benchmark
77,0,400,0.2630215829703957,0.156487168977037,659694.018846121,659694.125380535,659694.018983912,659694.020523746,659694.124759385,659694.124767017,0.1065344139933586,0.0015398340765386,0.1042356389807537,0.0006135180592536,5,384,mac_latency_test_GL5_PL384,75.44692182540894,5,mac_latency_test,bulk_benchmark
78,0,400,0.2645672080107033,0.159379055025056,659694.388508964,659694.493697117,659694.388644967,659694.3901745,659694.493073258,659694.493081119,0.1051881529856473,0.0015295329503715,0.1028987580211833,0.0006159979384392,5,384,mac_latency_test_GL5_PL384,75.44692182540894,5,mac_latency_test,bulk_benchmark
79,0,400,0.2642522919923067,0.1590173270087689,659694.755247122,659694.860482087,659694.755381054,659694.756831796,659694.859892188,659694.859899378,0.1052349649835378,0.0014507420128211,0.1030603919643908,0.0005827089771628,5,384,mac_latency_test_GL5_PL384,75.44692182540894,5,mac_latency_test,bulk_benchmark
80,0,400,0.264399042003788,0.1591536269988864,659695.126511079,659695.231756494,659695.126650431,659695.128223264,659695.231156494,659695.231163605,0.1052454150049015,0.0015728330472484,0.1029332299949601,0.0005928890313953,5,384,mac_latency_test_GL5_PL384,75.44692182540894,5,mac_latency_test,bulk_benchmark
81,0,400,0.3043164170230739,0.1987016889615915,659695.532322972,659695.6379377,659695.532457323,659695.533958845,659695.63729169,659695.63729942,0.1056147280614823,0.0015015219105407,0.1033328450284898,0.0006382800638675,5,384,mac_latency_test_GL5_PL384,75.44692182540894,5,mac_latency_test,bulk_benchmark
82,0,400,0.2644036249839701,0.1590783290448598,659695.903582946,659696.008908242,659695.903725148,659695.905277112,659696.008319463,659696.008326763,0.1053252959391102,0.0015519640874117,0.103042350965552,0.0005814789328724,5,384,mac_latency_test_GL5_PL384,75.44692182540894,5,mac_latency_test,bulk_benchmark
83,0,400,0.2713015839690342,0.1654967899667099,659696.274738811,659696.380543605,659696.274870333,659696.276380767,659696.379837204,659696.379844574,0.1058047940023243,0.0015104339690878,0.1034564370056614,0.0006990309339016,5,384,mac_latency_test_GL5_PL384,75.44692182540894,5,mac_latency_test,bulk_benchmark
84,3,400,0.296829082944896,0.179804659972433,659696.666636941,659696.783661364,659696.666791453,659696.668331487,659696.783017994,659696.783025515,0.117024422972463,0.0015400339616462,0.1146865070331841,0.0006358489627018,5,384,mac_latency_test_GL5_PL384,75.44692182540894,5,mac_latency_test,bulk_benchmark
85,0,400,0.2635000409791246,0.158383497968316,659697.049038817,659697.15415536,659697.049172519,659697.050657122,659697.15350607,659697.153513261,0.1051165430108085,0.001484603038989,0.1028489479795098,0.0006420989520847,5,384,mac_latency_test_GL5_PL384,75.44692182540894,5,mac_latency_test,bulk_benchmark
86,0,400,0.2684927499503828,0.1596367499441839,659697.417198866,659697.526054866,659697.417331349,659697.418857282,659697.525415477,659697.525423377,0.1088560000061988,0.0015259330393746,0.1065581949660554,0.0006314889760687,5,384,mac_latency_test_GL5_PL384,75.44692182540894,5,mac_latency_test,bulk_benchmark
87,0,400,0.2832405830267817,0.175878525013104,659697.805312708,659697.912674766,659697.805476142,659697.807102716,659697.911797313,659697.911805693,0.1073620580136776,0.0016265739686787,0.1046945970738306,0.0008690730901435,5,384,mac_latency_test_GL5_PL384,75.44692182540894,5,mac_latency_test,bulk_benchmark
88,0,400,0.2687706670258194,0.1623958440031856,659698.180354033,659698.286728856,659698.180494475,659698.182114499,659698.286119516,659698.286127186,0.1063748230226337,0.0016200240934267,0.1040050169685855,0.00060167000629,5,384,mac_latency_test_GL5_PL384,75.44692182540894,5,mac_latency_test,bulk_benchmark
89,0,400,0.2656805000151507,0.1605773670016788,659698.553681551,659698.658784684,659698.553811933,659698.555323616,659698.658172645,659698.658179775,0.1051031330134719,0.0015116829890757,0.1028490290045738,0.0006049090297892,5,384,mac_latency_test_GL5_PL384,75.44692182540894,5,mac_latency_test,bulk_benchmark
90,0,400,0.2636622920399531,0.157409401028417,659698.919692018,659699.025944909,659698.91982974,659698.921369484,659699.02532413,659699.02533117,0.1062528910115361,0.0015397440874949,0.1039546459214761,0.0006137390155345,5,384,mac_latency_test_GL5_PL384,75.44692182540894,5,mac_latency_test,bulk_benchmark
91,0,400,0.2678362500155344,0.1613321559270844,659699.29184923,659699.398353324,659699.291987481,659699.293486623,659699.397715704,659699.397723184,0.10650409408845,0.0014991420321166,0.1042290810728445,0.0006301400717347,5,384,mac_latency_test_GL5_PL384,75.44692182540894,5,mac_latency_test,bulk_benchmark
92,0,400,0.2712927079992369,0.1631002778885886,659699.668359606,659699.776552036,659699.668497899,659699.670068783,659699.775856545,659699.775864505,0.1081924301106482,0.0015708840219303,0.1057877619750797,0.0006875310791656,5,384,mac_latency_test_GL5_PL384,75.44692182540894,5,mac_latency_test,bulk_benchmark
93,0,400,0.2644205000251531,0.158229602035135,659700.040571718,659700.146762616,659700.04070915,659700.042229823,659700.146138107,659700.146144977,0.1061908979900181,0.0015206729294732,0.1039082841016352,0.000617639045231,5,384,mac_latency_test_GL5_PL384,75.44692182540894,5,mac_latency_test,bulk_benchmark
94,4,400,0.2799288330134004,0.1604068020824343,659700.40953433,659700.529056361,659700.409706282,659700.411181185,659700.52835649,659700.5283639,0.1195220309309661,0.0014749030815437,0.117175304912962,0.000692460918799,5,384,mac_latency_test_GL5_PL384,75.44692182540894,5,mac_latency_test,bulk_benchmark
95,0,400,0.2660014579887502,0.1596484169713221,659700.792669737,659700.899022778,659700.792806028,659700.794371572,659700.898367219,659700.898374719,0.106353041017428,0.0015655439347028,0.1039956470485776,0.0006480590673163,5,384,mac_latency_test_GL5_PL384,75.44692182540894,5,mac_latency_test,bulk_benchmark
96,0,400,0.2676462919916957,0.1592041390249505,659701.16234846,659701.270790613,659701.162490431,659701.164070195,659701.270055342,659701.270063172,0.1084421529667452,0.001579764066264,0.105985146947205,0.0007274410454556,5,384,mac_latency_test_GL5_PL384,75.44692182540894,5,mac_latency_test,bulk_benchmark
97,0,400,0.2694134579505771,0.1625974489143118,659701.535665608,659701.642481617,659701.535841,659701.537388623,659701.641837387,659701.641845177,0.1068160090362653,0.0015476229600608,0.1044487640028819,0.0006364400032907,5,384,mac_latency_test_GL5_PL384,75.44692182540894,5,mac_latency_test,bulk_benchmark
98,0,400,0.2668125419877469,0.1613330540712922,659701.911794838,659702.017274326,659701.91192741,659701.913456213,659702.016636266,659702.016643597,0.1054794879164546,0.0015288029098883,0.1031800530618056,0.0006307289004325,5,384,mac_latency_test_GL5_PL384,75.44692182540894,5,mac_latency_test,bulk_benchmark
99,0,400,0.2778324170503765,0.1587362530408427,659702.277207037,659702.396303201,659702.277340508,659702.278853221,659702.39559219,659702.39559971,0.1190961640095338,0.0015127130318433,0.1167389689944684,0.0007034909212961,5,384,mac_latency_test_GL5_PL384,75.44692182540894,5,mac_latency_test,bulk_benchmark
100,0,400,0.2671899590059183,0.1618999130441807,659702.662619168,659702.767909214,659702.662755669,659702.664262012,659702.767276594,659702.767283934,0.1052900459617376,0.0015063430182635,0.1030145819531753,0.0006252799648791,5,384,mac_latency_test_GL5_PL384,75.44692182540894,5,mac_latency_test,bulk_benchmark
101,0,400,0.2642759160371497,0.1580736460164189,659703.033697511,659703.139899781,659703.033831014,659703.035347287,659703.139267872,659703.139275492,0.1062022700207308,0.0015162730123847,0.1039205850102007,0.0006242889212444,5,384,mac_latency_test_GL5_PL384,75.44692182540894,5,mac_latency_test,bulk_benchmark
102,0,400,0.2645571249886416,0.1594608309096656,659703.405825862,659703.510922156,659703.405962314,659703.407510548,659703.510328995,659703.510336567,0.1050962940789759,0.0015482340240851,0.1028184469323605,0.0005855890922248,5,384,mac_latency_test_GL5_PL384,75.44692182540894,5,mac_latency_test,bulk_benchmark
103,0,400,0.2591551669756882,0.1539713439415209,659703.76918101,659703.874364833,659703.769311482,659703.770900846,659703.873749524,659703.873756704,0.1051838230341672,0.0015893640229478,0.1028486780123785,0.0006081289611756,5,384,mac_latency_test_GL5_PL384,75.44692182540894,5,mac_latency_test,bulk_benchmark
104,1,400,0.2695747920079157,0.1604074980132281,659704.138483357,659704.247650651,659704.138622498,659704.140198952,659704.247020411,659704.247028301,0.1091672939946875,0.0015764540294185,0.1068214589031413,0.0006223500240594,5,384,mac_latency_test_GL5_PL384,75.44692182540894,5,mac_latency_test,bulk_benchmark
105,4,400,0.3065515839844011,0.1670815999968908,659704.520568977,659704.660038961,659704.520701389,659704.522254753,659704.65930036,659704.65930775,0.1394699839875102,0.001553364098072,0.137045606970787,0.0007312110392376,5,384,mac_latency_test_GL5_PL384,75.44692182540894,5,mac_latency_test,bulk_benchmark
106,0,400,0.2680791669990867,0.16285343200434,659704.92781745,659705.033043185,659704.927954832,659704.929488935,659705.032448525,659705.032455585,0.1052257349947467,0.0015341030666604,0.1029595899162814,0.000587600050494,5,384,mac_latency_test_GL5_PL384,75.44692182540894,5,mac_latency_test,bulk_benchmark
107,0,400,0.2665441670105792,0.160006363003049,659705.301973711,659705.408511515,659705.302142433,659705.303651316,659705.407876855,659705.407884215,0.1065378040075302,0.0015088829677551,0.1042255390202626,0.0006273000035434,5,384,mac_latency_test_GL5_PL384,75.44692182540894,5,mac_latency_test,bulk_benchmark
108,0,400,0.2618599580018781,0.1548840680043213,659705.667626413,659705.774602303,659705.667764444,659705.669305738,659705.773968335,659705.773975835,0.1069758899975568,0.0015412939246743,0.1046625970629975,0.0006264680996537,5,384,mac_latency_test_GL5_PL384,75.44692182540894,5,mac_latency_test,bulk_benchmark
109,0,400,0.2655262919724919,0.1600064329686574,659706.040334051,659706.14585391,659706.040469593,659706.042019556,659706.145251342,659706.145258302,0.1055198590038344,0.0015499630244448,0.1032317859353497,0.0005956080276519,5,384,mac_latency_test_GL5_PL384,75.44692182540894,5,mac_latency_test,bulk_benchmark
110,0,400,0.3122815830283798,0.1960005500004626,659706.442904083,659706.559185116,659706.443071917,659706.444553368,659706.558501185,659706.558508285,0.1162810330279171,0.0014814509777352,0.113947817008011,0.0006768309976905,5,384,mac_latency_test_GL5_PL384,75.44692182540894,5,mac_latency_test,bulk_benchmark
111,1,400,0.2700618330272846,0.1613652159576304,659706.826492477,659706.935189094,659706.826624299,659706.828104312,659706.934565785,659706.934573015,0.1086966170696541,0.0014800128992646,0.1064614730421453,0.0006160790799185,5,384,mac_latency_test_GL5_PL384,75.44692182540894,5,mac_latency_test,bulk_benchmark
112,0,400,0.2658803339581936,0.1602291529998183,659707.201896597,659707.307547778,659707.202062329,659707.203614743,659707.30696123,659707.30696839,0.1056511809583753,0.0015524139162153,0.1033464870415628,0.000579387997277,5,384,mac_latency_test_GL5_PL384,75.44692182540894,5,mac_latency_test,bulk_benchmark
113,0,400,0.272822915983852,0.1681052599451504,659707.577230296,659707.681947952,659707.577359697,659707.578794559,659707.681327693,659707.681334884,0.1047176560387015,0.0014348620316013,0.1025331340497359,0.0006130679976195,5,384,mac_latency_test_GL5_PL384,75.44692182540894,5,mac_latency_test,bulk_benchmark
114,0,400,0.2643482499988749,0.1592880879761651,659707.947329075,659708.052389237,659707.947463987,659707.948945749,659708.051744187,659708.051751738,0.1050601620227098,0.0014817619230598,0.1027984380489215,0.0006374990334734,5,384,mac_latency_test_GL5_PL384,75.44692182540894,5,mac_latency_test,bulk_benchmark
115,0,400,0.2651771660312079,0.1596226370311342,659708.318980468,659708.424534997,659708.31914672,659708.320600962,659708.423830057,659708.423837706,0.1055545290000736,0.0014542420394718,0.1032290949951857,0.0006972909905016,5,384,mac_latency_test_GL5_PL384,75.44692182540894,5,mac_latency_test,bulk_benchmark
116,1,400,0.2777141249971464,0.1675503370352089,659708.696536341,659708.806700129,659708.696692863,659708.698284638,659708.80605603,659708.80606304,0.1101637879619374,0.0015917749842628,0.10777139198035,0.0006370889022946,5,384,mac_latency_test_GL5_PL384,75.44692182540894,5,mac_latency_test,bulk_benchmark
117,0,400,0.2634320830111392,0.1583508200128562,659709.070046711,659709.175127974,659709.070183503,659709.071657906,659709.174474254,659709.174481504,0.1050812629982829,0.0014744030777364,0.1028163479641079,0.0006464699981734,5,384,mac_latency_test_GL5_PL384,75.44692182540894,5,mac_latency_test,bulk_benchmark
118,0,400,0.263755708001554,0.1588409470859915,659709.441690513,659709.546605274,659709.441822115,659709.443331978,659709.546035095,659709.546042766,0.1049147609155625,0.0015098630683496,0.1027031169505789,0.0005625080084428,5,384,mac_latency_test_GL5_PL384,75.44692182540894,5,mac_latency_test,bulk_benchmark
119,2,400,0.2854578330297954,0.1727303841034881,659709.81946976,659709.932197209,659709.819611282,659709.821098384,659709.931560809,659709.931568019,0.1127274489263072,0.0014871020102873,0.1104624250438064,0.0006291900062933,5,384,mac_latency_test_GL5_PL384,75.44692182540894,5,mac_latency_test,bulk_benchmark
120,0,400,0.2768437080085277,0.1604434640612453,659710.198584605,659710.314984849,659710.198730727,659710.200360363,659710.314375111,659710.314382251,0.1164002439472824,0.0016296360408887,0.1140147480182349,0.0006025979528203,5,384,mac_latency_test_GL5_PL384,75.44692182540894,5,mac_latency_test,bulk_benchmark
121,0,400,0.2675015409477055,0.1623785089468583,659710.583495721,659710.688618753,659710.583630042,659710.585141775,659710.687995064,659710.688019944,0.1051230320008471,0.0015117329312488,0.1028532889904454,0.0005988089833408,5,384,mac_latency_test_GL5_PL384,75.44692182540894,5,mac_latency_test,bulk_benchmark
122,0,400,0.2628378329682164,0.1574401669786311,659710.950250049,659711.055647715,659710.95038744,659710.951918443,659711.055053906,659711.055061717,0.1053976659895852,0.0015310029266402,0.1031354630831629,0.000585997942835,5,384,mac_latency_test_GL5_PL384,75.44692182540894,5,mac_latency_test,bulk_benchmark
123,0,400,0.2708140829927288,0.1656447790446691,659711.326753115,659711.431922419,659711.326888897,659711.32843767,659711.4313559,659711.43136289,0.1051693039480596,0.0015487730270251,0.102918229997158,0.0005595289403572,5,384,mac_latency_test_GL5_PL384,75.44692182540894,5,mac_latency_test,bulk_benchmark
124,0,400,0.2631474160007201,0.1581794649246148,659711.694088402,659711.799056353,659711.694221614,659711.695705146,659711.798445294,659711.798452704,0.1049679510761052,0.0014835319016128,0.1027401480823755,0.0006036490667611,5,384,mac_latency_test_GL5_PL384,75.44692182540894,5,mac_latency_test,bulk_benchmark
125,0,400,0.2630385840311646,0.1563780991127714,659712.056297383,659712.162957868,659712.056444836,659712.05803544,659712.162360719,659712.16236784,0.1066604849183932,0.0015906040789559,0.1043252790113911,0.000590028008446,5,384,mac_latency_test_GL5_PL384,75.44692182540894,5,mac_latency_test,bulk_benchmark
126,0,400,0.2673935830243863,0.1610060401144437,659712.429045391,659712.535432934,659712.429179793,659712.430690796,659712.534820575,659712.534827775,0.1063875429099425,0.0015110030071809,0.1041297790361568,0.0006051589734852,5,384,mac_latency_test_GL5_PL384,75.44692182540894,5,mac_latency_test,bulk_benchmark
127,0,400,0.2676970830070786,0.160787032044027,659712.800750684,659712.907660735,659712.800884126,659712.802402099,659712.907060656,659712.907068086,0.1069100509630516,0.0015179730253294,0.1046585569856688,0.0005926489830017,5,384,mac_latency_test_GL5_PL384,75.44692182540894,5,mac_latency_test,bulk_benchmark
128,0,400,0.2678256660001352,0.1592957909451797,659713.169363322,659713.277893197,659713.169504094,659713.171139479,659713.277257417,659713.277264857,0.1085298750549554,0.0016353849787265,0.1061179379466921,0.0006283400580286,5,384,mac_latency_test_GL5_PL384,75.44692182540894,5,mac_latency_test,bulk_benchmark
129,2,400,0.2743501249933615,0.160920146969147,659713.546379937,659713.659809915,659713.546515419,659713.548020202,659713.659186006,659713.659198166,0.1134299780242145,0.0015047829365357,0.1111658040899783,0.0006117490120232,5,384,mac_latency_test_GL5_PL384,75.44692182540894,5,mac_latency_test,bulk_benchmark
130,0,400,0.2642333340481855,0.1584604409872554,659713.926623139,659714.032396032,659713.926762651,659713.928310794,659714.031816743,659714.031824374,0.10577289306093,0.0015481431037187,0.1035059489076957,0.0005716580199077,5,384,mac_latency_test_GL5_PL384,75.44692182540894,5,mac_latency_test,bulk_benchmark
131,0,400,0.2624789170222357,0.1573221629951149,659714.294285672,659714.399442426,659714.294419883,659714.295897846,659714.398789416,659714.398796706,0.1051567540271207,0.0014779629418626,0.1028915699571371,0.0006457200506702,5,384,mac_latency_test_GL5_PL384,75.44692182540894,5,mac_latency_test,bulk_benchmark
132,5,400,0.2826689590001479,0.1579925889382138,659714.663042121,659714.787718491,659714.663177363,659714.664652485,659714.787089291,659714.787097091,0.124676370061934,0.0014751220587641,0.122436805977486,0.0006214000750333,5,384,mac_latency_test_GL5_PL384,75.44692182540894,5,mac_latency_test,bulk_benchmark
133,0,400,0.2691444170195609,0.1633691829629242,659715.050607185,659715.156382419,659715.050745277,659715.05225595,659715.155772199,659715.155779279,0.1057752340566366,0.0015106730861589,0.1035162489861249,0.0006031400989741,5,384,mac_latency_test_GL5_PL384,75.44692182540894,5,mac_latency_test,bulk_benchmark
134,0,400,0.2646916250232607,0.1589181530289352,659715.421336755,659715.527110227,659715.421470726,659715.423125032,659715.526410107,659715.526417817,0.1057734719943255,0.001654305960983,0.103285075048916,0.0006924100453034,5,384,mac_latency_test_GL5_PL384,75.44692182540894,5,mac_latency_test,bulk_benchmark
135,0,400,0.2676248340285383,0.1616551960469223,659715.79333012,659715.899299758,659715.793468902,659715.795106198,659715.898681099,659715.898688499,0.1059696379816159,0.0016372960526496,0.1035749008879065,0.0006112590199336,5,384,mac_latency_test_GL5_PL384,75.44692182540894,5,mac_latency_test,bulk_benchmark
136,0,400,0.2665937910205684,0.1611617819289676,659716.166816723,659716.272248732,659716.166954925,659716.16854978,659716.271651771,659716.271659191,0.1054320090916007,0.0015948549844324,0.1031019910005852,0.0005895410431548,5,384,mac_latency_test_GL5_PL384,75.44692182540894,5,mac_latency_test,bulk_benchmark
137,0,400,0.2640920829726383,0.1591032820288092,659716.535274388,659716.640263189,659716.53541004,659716.536907832,659716.639657409,659716.63966484,0.1049888009438291,0.0014977919636294,0.1027495770249515,0.0005983490264043,5,384,mac_latency_test_GL5_PL384,75.44692182540894,5,mac_latency_test,bulk_benchmark
138,0,400,0.2664344999939203,0.1594095269683748,659716.905514719,659717.012539692,659716.905670381,659716.907195484,659717.011918942,659717.011926232,0.1070249730255454,0.00152510299813,0.1047234579455107,0.0006134599680081,5,384,mac_latency_test_GL5_PL384,75.44692182540894,5,mac_latency_test,bulk_benchmark
139,0,400,0.2996589170070365,0.1920940380077809,659717.308821082,659717.416385961,659717.308955964,659717.310507757,659717.415770213,659717.415777753,0.1075648789992556,0.0015517929568886,0.1052624559961259,0.0006082080071792,5,384,mac_latency_test_GL5_PL384,75.44692182540894,5,mac_latency_test,bulk_benchmark
140,0,400,0.2657632919726893,0.1592375179752707,659717.681577392,659717.788103166,659717.681752354,659717.683270407,659717.787443597,659717.787451266,0.1065257739974185,0.0015180530026555,0.1041731899604201,0.0006519000744447,5,384,mac_latency_test_GL5_PL384,75.44692182540894,5,mac_latency_test,bulk_benchmark
141,0,400,0.2663434999994933,0.1604994360823184,659718.050583614,659718.156427678,659718.050718836,659718.052224169,659718.155789039,659718.155796329,0.1058440639171749,0.0015053329989314,0.1035648699617013,0.0006313489284366,5,384,mac_latency_test_GL5_PL384,75.44692182540894,5,mac_latency_test,bulk_benchmark
142,0,400,0.2642829170217737,0.1590702240355312,659718.419973524,659718.525186217,659718.420139686,659718.421653059,659718.524549417,659718.524556658,0.1052126929862424,0.0015133729903027,0.1028963580029085,0.0006295590428635,5,384,mac_latency_test_GL5_PL384,75.44692182540894,5,mac_latency_test,bulk_benchmark
143,0,400,0.2681851249653846,0.1615855880081653,659718.787145297,659718.893744834,659718.78728421,659718.788836054,659718.893099774,659718.893106924,0.1065995369572192,0.0015518440632149,0.1042637199861928,0.0006379099795594,5,384,mac_latency_test_GL5_PL384,75.44692182540894,5,mac_latency_test,bulk_benchmark
144,0,400,0.2645538750221021,0.1564583670697175,659719.157881557,659719.265977065,659719.1580542,659719.159569933,659719.265297865,659719.265306135,0.1080955079523846,0.0015157329617068,0.1057279320666566,0.0006709299050271,5,384,mac_latency_test_GL5_PL384,75.44692182540894,5,mac_latency_test,bulk_benchmark
145,4,400,0.2896167499711737,0.1640647359890863,659719.535107394,659719.660659408,659719.535255736,659719.53678007,659719.659894086,659719.659901657,0.1255520139820873,0.0015243340749293,0.1231140159070491,0.0007577509386464,5,384,mac_latency_test_GL5_PL384,75.44692182540894,5,mac_latency_test,bulk_benchmark
146,0,400,0.2671246670070104,0.1586968349874951,659719.924495888,659720.03292372,659719.92463515,659719.926204934,659720.03225614,659720.03226341,0.1084278320195153,0.0015697840135544,0.1060512060066685,0.0006603099172934,5,384,mac_latency_test_GL5_PL384,75.44692182540894,5,mac_latency_test,bulk_benchmark
147,0,400,0.2644603750086389,0.1586960320710204,659720.294529285,659720.400293628,659720.294664047,659720.29618187,659720.399639798,659720.399647288,0.1057643429376185,0.0015178230823948,0.103457927936688,0.0006463399622589,5,384,mac_latency_test_GL5_PL384,75.44692182540894,5,mac_latency_test,bulk_benchmark
148,4,400,0.2813817909918725,0.163288303068839,659720.665548481,659720.783641969,659720.665718113,659720.667204876,659720.782957599,659720.782965428,0.1180934879230335,0.0014867630088701,0.1157527230679988,0.0006765410071238,5,384,mac_latency_test_GL5_PL384,75.44692182540894,5,mac_latency_test,bulk_benchmark
149,0,400,0.2671257079928182,0.1602635590243153,659721.049707512,659721.156569661,659721.049940815,659721.051689231,659721.155882421,659721.155889971,0.1068621489685028,0.0017484159907326,0.1041931899962946,0.0006796900415793,5,384,mac_latency_test_GL5_PL384,75.44692182540894,5,mac_latency_test,bulk_benchmark
150,0,400,0.2664304160280153,0.1594748460920527,659721.418134336,659721.525089906,659721.418269628,659721.41975457,659721.524432676,659721.524440396,0.1069555699359625,0.0014849420404061,0.1046781060285866,0.0006495099514722,5,384,mac_latency_test_GL5_PL384,75.44692182540894,5,mac_latency_test,bulk_benchmark
151,0,400,0.3160084999981336,0.2098902220022864,659721.839547213,659721.945665491,659721.839684725,659721.841282439,659721.944973551,659721.944981341,0.1061182779958471,0.0015977139119058,0.103691112017259,0.0006841500289738,5,384,mac_latency_test_GL5_PL384,75.44692182540894,5,mac_latency_test,bulk_benchmark
152,0,400,0.2653973340056836,0.1583972320659086,659722.208788049,659722.315788151,659722.208926021,659722.210552796,659722.31512297,659722.315130321,0.107000101939775,0.0016267750179395,0.1045701740076765,0.0006578300381079,5,384,mac_latency_test_GL5_PL384,75.44692182540894,5,mac_latency_test,bulk_benchmark
153,0,400,0.2661882910178974,0.1605381199624389,659722.581448557,659722.687098728,659722.581580929,659722.583067171,659722.686440089,659722.686447618,0.1056501710554584,0.001486242050305,0.1033729179762303,0.0006511100800707,5,384,mac_latency_test_GL5_PL384,75.44692182540894,5,mac_latency_test,bulk_benchmark
154,0,400,0.2621729590464383,0.1564560490660369,659722.950851548,659723.056568458,659722.95099353,659722.952755646,659723.055912738,659723.055919818,0.1057169099804014,0.0017621159786358,0.1031570920022204,0.0006486399797722,5,384,mac_latency_test_GL5_PL384,75.44692182540894,5,mac_latency_test,bulk_benchmark
155,0,400,0.2675947910174727,0.1616472749738022,659723.322292086,659723.428239602,659723.322433898,659723.324057692,659723.427566931,659723.427574502,0.1059475160436704,0.0016237939707934,0.1035092390375211,0.0006651000585407,5,384,mac_latency_test_GL5_PL384,75.44692182540894,5,mac_latency_test,bulk_benchmark
156,1,400,0.2694387080264278,0.1608140221214853,659723.696545748,659723.805170434,659723.69668096,659723.698266564,659723.804518694,659723.804526044,0.1086246859049424,0.0015856040408834,0.1062521300045773,0.000644389889203,5,384,mac_latency_test_GL5_PL384,75.44692182540894,5,mac_latency_test,bulk_benchmark
157,0,400,0.2651637079543434,0.1601563059375621,659724.070177151,659724.175184553,659724.070304512,659724.071749395,659724.174580254,659724.174587144,0.1050074020167812,0.0014448829460889,0.1028308590175584,0.0005974089726805,5,384,mac_latency_test_GL5_PL384,75.44692182540894,5,mac_latency_test,bulk_benchmark
158,0,400,0.2678797920234501,0.1621842300519347,659724.439221324,659724.544916886,659724.439364837,659724.44096259,659724.544255547,659724.544306287,0.1056955619715154,0.001597753027454,0.1032929569482803,0.0006105990614742,5,384,mac_latency_test_GL5_PL384,75.44692182540894,5,mac_latency_test,bulk_benchmark
159,0,400,0.2620721670100465,0.1569510230328887,659724.808800036,659724.91392118,659724.808927448,659724.810446621,659724.91328775,659724.91329551,0.1051211439771577,0.0015191730344668,0.1028411289444193,0.0006256699562072,5,384,mac_latency_test_GL5_PL384,75.44692182540894,5,mac_latency_test,bulk_benchmark
160,0,400,0.2651093329768628,0.1598507980816066,659725.175953031,659725.281211566,659725.176112903,659725.177639806,659725.280590707,659725.280597997,0.1052585348952561,0.0015269028954207,0.1029509010259062,0.0006135689327493,5,384,mac_latency_test_GL5_PL384,75.44692182540894,5,mac_latency_test,bulk_benchmark
161,0,400,0.2657402919721789,0.1590412149089388,659725.542753871,659725.649452948,659725.542879263,659725.544384516,659725.648816398,659725.648825268,0.1066990770632401,0.0015052529051899,0.1044318820349872,0.0006276799831539,5,384,mac_latency_test_GL5_PL384,75.44692182540894,5,mac_latency_test,bulk_benchmark
162,0,400,0.2697201669798232,0.1647046160069294,659725.913411179,659726.01842673,659725.91354559,659725.915054593,659726.01781135,659726.017818721,0.1050155509728938,0.001509002991952,0.1027567569399252,0.0006080089369788,5,384,mac_latency_test_GL5_PL384,75.44692182540894,5,mac_latency_test,bulk_benchmark
163,0,400,0.2791950000100769,0.1735472590080462,659726.302290242,659726.407937983,659726.302429214,659726.303956557,659726.407315935,659726.407323325,0.1056477410020306,0.0015273429453372,0.1033593780593946,0.000614657998085,5,384,mac_latency_test_GL5_PL384,75.44692182540894,5,mac_latency_test,bulk_benchmark
164,0,400,0.2640578749706037,0.1587858489365317,659726.671278155,659726.776550181,659726.671408668,659726.672878079,659726.775902741,659726.775910211,0.105272026034072,0.0014694109559059,0.1030246620066464,0.0006399699486792,5,384,mac_latency_test_GL5_PL384,75.44692182540894,5,mac_latency_test,bulk_benchmark
165,0,400,0.2655588330235332,0.1602113760309294,659727.041252533,659727.14659999,659727.041387674,659727.042902478,659727.14597184,659727.14597928,0.1053474569926038,0.0015148039674386,0.1030693619977682,0.0006207099650055,5,384,mac_latency_test_GL5_PL384,75.44692182540894,5,mac_latency_test,bulk_benchmark
166,0,400,0.2775678330217488,0.1719743831199593,659727.421937313,659727.527530763,659727.422097935,659727.423650848,659727.526904103,659727.526911314,0.1055934499017894,0.0015529129886999,0.1032532550161704,0.0006194489542394,5,384,mac_latency_test_GL5_PL384,75.44692182540894,5,mac_latency_test,bulk_benchmark
167,0,400,0.2673962920089252,0.160160927043762,659727.791043958,659727.898279323,659727.79117711,659727.792665242,659727.897616433,659727.897623993,0.1072353649651631,0.0014881319366395,0.1049511909950524,0.0006553300190716,5,384,mac_latency_test_GL5_PL384,75.44692182540894,5,mac_latency_test,bulk_benchmark
168,0,400,0.2664842079975642,0.1604820520733483,659728.162765522,659728.268767678,659728.162894043,659728.164418216,659728.268153279,659728.268160389,0.1060021559242159,0.0015241729561239,0.1037350629922002,0.0006072889082133,5,384,mac_latency_test_GL5_PL384,75.44692182540894,5,mac_latency_test,bulk_benchmark
169,0,400,0.2808433750178665,0.1751151930075138,659728.552410548,659728.65813873,659728.55253516,659728.554069993,659728.657458229,659728.657465909,0.1057281820103526,0.0015348329907283,0.1033882360206916,0.0006728209555149,5,384,mac_latency_test_GL5_PL384,75.44692182540894,5,mac_latency_test,bulk_benchmark
170,0,400,0.2642500000074506,0.1587503009941429,659728.921799866,659729.027299565,659728.921930608,659728.923435661,659729.026644235,659729.026652135,0.1054996990133076,0.0015050530200824,0.103208574000746,0.0006474300753325,5,384,mac_latency_test_GL5_PL384,75.44692182540894,5,mac_latency_test,bulk_benchmark
171,0,400,0.2720880419947207,0.1665548830060288,659729.297523461,659729.40305662,659729.297702164,659729.299346158,659729.40241171,659729.402419,0.1055331589886918,0.0016439940081909,0.1030655519571155,0.0006376199889928,5,384,mac_latency_test_GL5_PL384,75.44692182540894,5,mac_latency_test,bulk_benchmark
172,0,400,0.2989447500440292,0.1813525891047902,659729.689360891,659729.806953052,659729.689493442,659729.690975364,659729.806298843,659729.806305863,0.1175921609392389,0.0014819219941273,0.1153234790544956,0.000647188979201,5,384,mac_latency_test_GL5_PL384,75.44692182540894,5,mac_latency_test,bulk_benchmark
173,0,400,0.2707018330111168,0.1642769709578715,659730.075825288,659730.18225015,659730.075978011,659730.077694937,659730.181644342,659730.181652052,0.1064248620532453,0.0017169259954243,0.1039494050201028,0.0005980980349704,5,384,mac_latency_test_GL5_PL384,75.44692182540894,5,mac_latency_test,bulk_benchmark
174,0,400,0.2658670420059934,0.1591543660033494,659730.447586264,659730.55429894,659730.447725155,659730.449314099,659730.553697251,659730.553704851,0.106712676002644,0.0015889439964666,0.1043831519782543,0.0005940890405327,5,384,mac_latency_test_GL5_PL384,75.44692182540894,5,mac_latency_test,bulk_benchmark
175,1,400,0.2785936659784056,0.169377731916029,659730.82541024,659730.934626174,659730.825551193,659730.827185558,659730.934014016,659730.934022085,0.1092159340623766,0.0016343650640919,0.1068284579087048,0.0006040890002623,5,384,mac_latency_test_GL5_PL384,75.44692182540894,5,mac_latency_test,bulk_benchmark
176,0,400,0.2642969170119613,0.1593641251092776,659731.194045096,659731.298977888,659731.194177468,659731.195661601,659731.298400039,659731.298407919,0.1049327919026836,0.0014841330703347,0.1027384379412978,0.0005699689500033,5,384,mac_latency_test_GL5_PL384,75.44692182540894,5,mac_latency_test,bulk_benchmark
177,0,400,0.2638612909941003,0.1584890830563381,659731.5643869,659731.669759108,659731.564516082,659731.566083366,659731.669169528,659731.669176518,0.1053722079377621,0.0015672839945182,0.1030861618928611,0.0005825900007039,5,384,mac_latency_test_GL5_PL384,75.44692182540894,5,mac_latency_test,bulk_benchmark
178,0,400,0.2849387500318698,0.177490652014967,659731.950093007,659732.057541105,659731.950238,659731.952106838,659732.056941225,659732.056948736,0.1074480980169028,0.0018688379786908,0.1048343869624659,0.0005923690041527,5,384,mac_latency_test_GL5_PL384,75.44692182540894,5,mac_latency_test,bulk_benchmark
179,0,400,0.2635738750104792,0.1573532950715161,659732.317092739,659732.423313319,659732.317236731,659732.318957437,659732.42270316,659732.42271096,0.106220579938963,0.0017207060009241,0.1037457230268046,0.0006023589521646,5,384,mac_latency_test_GL5_PL384,75.44692182540894,5,mac_latency_test,bulk_benchmark
180,0,400,0.2644584999652579,0.1589224908966571,659732.687535364,659732.793071373,659732.687677396,659732.68925411,659732.792467385,659732.792474634,0.1055360090686008,0.0015767139848321,0.1032132749678567,0.0005967390025034,5,384,mac_latency_test_GL5_PL384,75.44692182540894,5,mac_latency_test,bulk_benchmark
181,0,400,0.2742450409568846,0.1683921769727021,659733.065702146,659733.17155501,659733.065879728,659733.067769667,659733.170961211,659733.170968481,0.1058528639841824,0.0018899390706792,0.1031915439525619,0.0005865290295332,5,384,mac_latency_test_GL5_PL384,75.44692182540894,5,mac_latency_test,bulk_benchmark
182,0,400,0.265467457997147,0.1591510569560341,659733.434458695,659733.540775096,659733.434596907,659733.43611973,659733.540148687,659733.540156077,0.1063164010411128,0.001522823004052,0.104028956964612,0.0006190190324559,5,384,mac_latency_test_GL5_PL384,75.44692182540894,5,mac_latency_test,bulk_benchmark
183,0,400,0.2661243749898858,0.1595713389688171,659733.802739537,659733.909292573,659733.802872419,659733.804386502,659733.908690373,659733.908697893,0.1065530360210686,0.0015140830073505,0.104303870932199,0.0005946799647063,5,384,mac_latency_test_GL5_PL384,75.44692182540894,5,mac_latency_test,bulk_benchmark
184,0,400,0.2595311669865623,0.1543102520518005,659734.168944537,659734.274165452,659734.169102611,659734.170630224,659734.273513922,659734.273521114,0.1052209149347618,0.0015276130288839,0.1028836979530751,0.0006443379679694,5,384,mac_latency_test_GL5_PL384,75.44692182540894,5,mac_latency_test,bulk_benchmark
185,1,400,0.2691452919971198,0.159845495945774,659734.534724313,659734.644024109,659734.534861985,659734.53650552,659734.6434173,659734.64342475,0.1092997960513457,0.0016435349825769,0.1069117799634113,0.0005993590457364,5,384,mac_latency_test_GL5_PL384,75.44692182540894,5,mac_latency_test,bulk_benchmark
186,0,400,0.2673039590008557,0.1583745090756565,659734.90597462,659735.01490407,659734.906137722,659734.907623965,659735.014323601,659735.014330631,0.1089294499251991,0.0014862429816275,0.1066996360896155,0.000573438941501,5,384,mac_latency_test_GL5_PL384,75.44692182540894,5,mac_latency_test,bulk_benchmark
187,0,400,0.2757808329770341,0.1701561019290238,659735.283482261,659735.389106992,659735.283620323,659735.285216437,659735.388543153,659735.388550253,0.1056247310480102,0.0015961138997226,0.1033267159946262,0.0005567390471696,5,384,mac_latency_test_GL5_PL384,75.44692182540894,5,mac_latency_test,bulk_benchmark
188,0,400,0.2628751670126803,0.1574288189294748,659735.656481104,659735.761927452,659735.656621116,659735.658231821,659735.761325803,659735.761334413,0.1054463480832055,0.0016107050469145,0.1030939819756895,0.0005930390907451,5,384,mac_latency_test_GL5_PL384,75.44692182540894,5,mac_latency_test,bulk_benchmark
189,0,400,0.2646384169929661,0.1590274869813583,659736.026085297,659736.131696227,659736.026218279,659736.027712161,659736.131125069,659736.131132909,0.1056109300116077,0.0014938819222152,0.1034129080362618,0.000563318026252,5,384,mac_latency_test_GL5_PL384,75.44692182540894,5,mac_latency_test,bulk_benchmark
190,0,400,0.28820041596191,0.1831429029698483,659736.42028492,659736.525342433,659736.420415673,659736.421915305,659736.524799765,659736.524807165,0.1050575129920616,0.0014996319077908,0.1028844600077718,0.0005352679872885,5,384,mac_latency_test_GL5_PL384,75.44692182540894,5,mac_latency_test,bulk_benchmark
191,0,400,0.2672311249771155,0.1617617570445872,659736.791958405,659736.897427773,659736.792113357,659736.79360859,659736.896841884,659736.896849375,0.1054693679325282,0.0014952330384403,0.1032332939794287,0.0005783980013802,5,384,mac_latency_test_GL5_PL384,75.44692182540894,5,mac_latency_test,bulk_benchmark
192,0,400,0.2627452919841744,0.1573824569932185,659737.159931694,659737.265294529,659737.160090386,659737.161549218,659737.26472904,659737.26473611,0.1053628349909558,0.0014588319463655,0.1031798219773918,0.0005584190366789,5,384,mac_latency_test_GL5_PL384,75.44692182540894,5,mac_latency_test,bulk_benchmark
193,0,400,0.2632958340109326,0.1577640149625949,659737.528294785,659737.633826604,659737.528426827,659737.52992521,659737.633266165,659737.633273897,0.1055318190483376,0.0014983830042183,0.1033409549854695,0.0005527070024982,5,384,mac_latency_test_GL5_PL384,75.44692182540894,5,mac_latency_test,bulk_benchmark
194,0,400,0.2650317500228993,0.1597476041060872,659737.894607607,659737.999891753,659737.894731129,659737.896230122,659737.999330964,659737.999338705,0.1052841459168121,0.0014989929040893,0.1031008420977741,0.0005530479829758,5,384,mac_latency_test_GL5_PL384,75.44692182540894,5,mac_latency_test,bulk_benchmark
195,0,400,0.2634000839898363,0.158375610015355,659738.263240373,659738.368264847,659738.263370806,659738.264819189,659738.367679767,659738.367687538,0.1050244739744812,0.0014483829727396,0.1028605779865756,0.0005773089360445,5,384,mac_latency_test_GL5_PL384,75.44692182540894,5,mac_latency_test,bulk_benchmark
196,0,400,0.2630817079916596,0.1576779700117185,659738.629362254,659738.734765992,659738.629498066,659738.63109846,659738.734208283,659738.734215183,0.105403737979941,0.0016003940254449,0.1031098229577764,0.0005508090835064,5,384,mac_latency_test_GL5_PL384,75.44692182540894,5,mac_latency_test,bulk_benchmark
197,0,400,0.2619193340069614,0.1570515969651751,659738.992373658,659739.097241395,659738.99250689,659738.994049033,659739.096679548,659739.096686738,0.1048677370417863,0.0015421430580317,0.1026305150007829,0.0005546570755541,5,384,mac_latency_test_GL5_PL384,75.44692182540894,5,mac_latency_test,bulk_benchmark
198,2,400,0.2729852499905973,0.1604367839172482,659739.359700864,659739.47224933,659739.359835647,659739.361361909,659739.47165861,659739.471666521,0.1125484660733491,0.0015262619126588,0.1102967010810971,0.0005828089779242,5,384,mac_latency_test_GL5_PL384,75.44692182540894,5,mac_latency_test,bulk_benchmark
199,0,400,0.28443104197504,0.1789837938849814,659739.752384126,659739.857831374,659739.752522578,659739.754059811,659739.857240445,659739.857247765,0.1054472480900585,0.0015372330090031,0.1031806339742615,0.0005836091004312,5,384,mac_latency_test_GL5_PL384,75.44692182540894,5,mac_latency_test,bulk_benchmark
200,0,400,0.270466124988161,0.164712561876513,659740.126337244,659740.232090807,659740.126473646,659740.127954569,659740.231479037,659740.231486417,0.1057535631116479,0.0014809229178354,0.1035244680242613,0.0006043900502845,5,384,mac_latency_test_GL5_PL384,75.44692182540894,5,mac_latency_test,bulk_benchmark
1,0,400,0.4226243329467252,0.160348247969523,659744.480684192,659744.742960277,659744.480817684,659744.482504599,659744.740122715,659744.740130275,0.2622760849772021,0.0016869150567799,0.2576181159820407,0.0028300019912421,9,384,mac_latency_test_GL9_PL384,90.77582097053528,9,mac_latency_test,bulk_benchmark
2,5,400,0.3771581670152955,0.1779410999151878,659745.023768256,659745.222985323,659745.023902937,659745.02541867,659745.222207871,659745.222215211,0.1992170671001076,0.0015157330781221,0.196789200999774,0.0007701120339334,9,384,mac_latency_test_GL9_PL384,90.77582097053528,9,mac_latency_test,bulk_benchmark
3,0,400,0.3389713750220835,0.1587145329685881,659745.484840403,659745.665097245,659745.484976995,659745.48661408,659745.664287422,659745.664295023,0.1802568420534953,0.0016370849916711,0.1776733419392258,0.0008022220572456,9,384,mac_latency_test_GL9_PL384,90.77582097053528,9,mac_latency_test,bulk_benchmark
4,0,400,0.3360671249683946,0.1578450429951772,659745.926981824,659746.105203906,659745.927148297,659745.928652399,659746.104455094,659746.104462334,0.1782220819732174,0.0015041020233184,0.175802694982849,0.0007415720028802,9,384,mac_latency_test_GL9_PL384,90.77582097053528,9,mac_latency_test,bulk_benchmark
5,0,400,0.3388361249817535,0.158258868032135,659746.366130301,659746.546707558,659746.366269443,659746.367787946,659746.545938875,659746.545946166,0.1805772569496184,0.0015185030642896,0.1781509289285168,0.0007613919442519,9,384,mac_latency_test_GL9_PL384,90.77582097053528,9,mac_latency_test,bulk_benchmark
6,0,400,0.3408227500040084,0.1605979180894792,659746.812085189,659746.992310021,659746.812217791,659746.813731234,659746.991552309,659746.9915597,0.1802248319145292,0.0015134430723264,0.1778210749616846,0.0007503209635615,9,384,mac_latency_test_GL9_PL384,90.77582097053528,9,mac_latency_test,bulk_benchmark
7,0,400,0.3904368340154178,0.2119158489513211,659747.309166395,659747.48768738,659747.309299665,659747.310786239,659747.486908538,659747.486916158,0.1785209850640967,0.0014865739503875,0.1761222990462556,0.000771222054027,9,384,mac_latency_test_GL9_PL384,90.77582097053528,9,mac_latency_test,bulk_benchmark
8,0,400,0.3405782909831032,0.1623902400024235,659747.752773028,659747.930961079,659747.75290803,659747.754523804,659747.930235768,659747.930242958,0.1781880509806797,0.0016157740028575,0.1757119640242308,0.0007181209512054,9,384,mac_latency_test_GL9_PL384,90.77582097053528,9,mac_latency_test,bulk_benchmark
9,0,400,0.3359507920104079,0.1581527880043722,659748.19423163,659748.372029634,659748.194358771,659748.195823074,659748.371302743,659748.371310263,0.1777980040060356,0.0014643030008301,0.1754796690074727,0.0007193709025159,9,384,mac_latency_test_GL9_PL384,90.77582097053528,9,mac_latency_test,bulk_benchmark
10,0,400,0.3394463749718852,0.1608592989505268,659748.634068856,659748.812655932,659748.634198388,659748.63569304,659748.811925452,659748.811933152,0.1785870760213583,0.0014946520095691,0.1762324119918048,0.0007227800088003,9,384,mac_latency_test_GL9_PL384,90.77582097053528,9,mac_latency_test,bulk_benchmark
11,0,400,0.3348687920370139,0.156347528041806,659749.07229384,659749.250815104,659749.072424561,659749.073934073,659749.250091463,659749.250098673,0.1785212639952078,0.001509511959739,0.1761573900002986,0.0007164309499785,9,384,mac_latency_test_GL9_PL384,90.77582097053528,9,mac_latency_test,bulk_benchmark
12,3,400,0.3536726669990457,0.1620879019028507,659749.516528501,659749.708113266,659749.516653644,659749.518162887,659749.707325024,659749.707332564,0.191584765096195,0.0015092429239302,0.1891621369868517,0.000780701986514,9,384,mac_latency_test_GL9_PL384,90.77582097053528,9,mac_latency_test,bulk_benchmark
13,0,400,0.3372112910146825,0.1590353899518959,659749.974465193,659750.152641094,659749.974595515,659749.976087347,659750.151906583,659750.151914543,0.1781759010627865,0.0014918319648131,0.1758192359702661,0.0007265510503202,9,384,mac_latency_test_GL9_PL384,90.77582097053528,9,mac_latency_test,bulk_benchmark
14,2,400,0.3455454999930225,0.159671981993597,659750.4137042,659750.599577718,659750.413831242,659750.415308415,659750.598659064,659750.598667694,0.1858735179994255,0.0014771729474887,0.1833506490802392,0.0009100239258259,9,384,mac_latency_test_GL9_PL384,90.77582097053528,9,mac_latency_test,bulk_benchmark
15,0,400,0.3413478749571368,0.1614542279858142,659750.859777472,659751.039671119,659750.859913724,659750.861475008,659751.038928708,659751.038936138,0.1798936469713226,0.0015612839488312,0.1774536999873817,0.0007349809166043,9,384,mac_latency_test_GL9_PL384,90.77582097053528,9,mac_latency_test,bulk_benchmark
16,0,400,0.3429025000077672,0.1601938719977624,659751.310520626,659751.493229254,659751.310662477,659751.312352474,659751.492466432,659751.492474202,0.1827086280100047,0.0016899969195947,0.1801139580784365,0.0007550520822405,9,384,mac_latency_test_GL9_PL384,90.77582097053528,9,mac_latency_test,bulk_benchmark
17,0,400,0.3384037079522386,0.1583895690273493,659751.75622659,659751.936240729,659751.756357463,659751.757854595,659751.935428717,659751.935436817,0.1800141389248892,0.0014971320051699,0.1775741220917552,0.0008039119420573,9,384,mac_latency_test_GL9_PL384,90.77582097053528,9,mac_latency_test,bulk_benchmark
18,0,400,0.3414397080196067,0.1625668760389089,659752.203539641,659752.382412473,659752.203674163,659752.205184436,659752.381623361,659752.38163151,0.1788728319806978,0.0015102730831131,0.1764389249728992,0.0007809629896655,9,384,mac_latency_test_GL9_PL384,90.77582097053528,9,mac_latency_test,bulk_benchmark
19,0,400,0.3552726249909028,0.1715713529847562,659752.660638531,659752.844339803,659752.660767581,659752.662327045,659752.843529602,659752.843537411,0.1837012720061466,0.0015594640281051,0.1812025570543483,0.0008023920236155,9,384,mac_latency_test_GL9_PL384,90.77582097053528,9,mac_latency_test,bulk_benchmark
20,0,400,0.3390802909852937,0.160154707962647,659753.110507548,659753.289433131,659753.11064151,659753.112122372,659753.288637379,659753.288644639,0.1789255830226466,0.001480862032622,0.1765150069259107,0.0007884920341894,9,384,mac_latency_test_GL9_PL384,90.77582097053528,9,mac_latency_test,bulk_benchmark
21,1,400,0.3462955420254729,0.1637634349172003,659753.555045727,659753.737577834,659753.555174259,659753.556638341,659753.736772702,659753.736780282,0.1825321071082726,0.0014640820445492,0.1801343609113246,0.0007975520566105,9,384,mac_latency_test_GL9_PL384,90.77582097053528,9,mac_latency_test,bulk_benchmark
22,0,400,0.3357932090293616,0.1569435080746188,659753.996308946,659754.175158647,659753.996445888,659753.998047292,659754.174371824,659754.174379364,0.1788497009547427,0.0016014040447771,0.1763245320180431,0.0007792830001562,9,384,mac_latency_test_GL9_PL384,90.77582097053528,9,mac_latency_test,bulk_benchmark
23,3,400,0.3744718339876272,0.159520185959991,659754.441540834,659754.656492482,659754.441712848,659754.443206639,659754.655558138,659754.655565578,0.2149516480276361,0.0014937910018488,0.2123514990089461,0.0009269040310755,9,384,mac_latency_test_GL9_PL384,90.77582097053528,9,mac_latency_test,bulk_benchmark
24,1,400,0.3637898339657113,0.167351696989499,659754.930249921,659755.126688058,659754.930392003,659754.931931426,659755.125798475,659755.125805445,0.1964381369762122,0.0015394230140373,0.1938670489471405,0.0008826130069792,9,384,mac_latency_test_GL9_PL384,90.77582097053528,9,mac_latency_test,bulk_benchmark
25,0,400,0.3393832499859854,0.1575077229645103,659755.38805926,659755.569934787,659755.388198233,659755.389753696,659755.569113414,659755.569120834,0.1818755270214751,0.0015554630663245,0.1793597179930657,0.0008139529963955,9,384,mac_latency_test_GL9_PL384,90.77582097053528,9,mac_latency_test,bulk_benchmark
26,0,400,0.3516119160340167,0.1729047280387021,659755.835817858,659756.014525046,659755.835964189,659755.837567234,659756.013682573,659756.013690083,0.1787071879953146,0.0016030449187383,0.1761153390398249,0.0008349629351869,9,384,mac_latency_test_GL9_PL384,90.77582097053528,9,mac_latency_test,bulk_benchmark
27,0,400,0.3370008750353008,0.158648311975412,659756.291067028,659756.469419591,659756.29119886,659756.292672282,659756.468566978,659756.468574538,0.1783525630598887,0.0014734219294041,0.1758946960326284,0.0008450530003756,9,384,mac_latency_test_GL9_PL384,90.77582097053528,9,mac_latency_test,bulk_benchmark
28,3,400,0.3581797920051031,0.1606401180033572,659756.737536465,659756.935076139,659756.737712387,659756.739233431,659756.934191855,659756.934199295,0.1975396740017458,0.0015210440615192,0.1949584239628166,0.000876844045706,9,384,mac_latency_test_GL9_PL384,90.77582097053528,9,mac_latency_test,bulk_benchmark
29,1,400,0.344912291970104,0.1624383459566161,659757.197340064,659757.37981401,659757.197481557,659757.199103271,659757.378960457,659757.378967977,0.1824739460134878,0.0016217139782384,0.1798571860417723,0.0008460329845547,9,384,mac_latency_test_GL9_PL384,90.77582097053528,9,mac_latency_test,bulk_benchmark
30,0,400,0.3338332500425167,0.1555122270365245,659757.63970602,659757.818027043,659757.639838332,659757.641341534,659757.81719233,659757.81719972,0.1783210230059921,0.0015032020164653,0.1758507960475981,0.0008273230632767,9,384,mac_latency_test_GL9_PL384,90.77582097053528,9,mac_latency_test,bulk_benchmark
31,0,400,0.3762329170131124,0.1973887580097653,659758.120380377,659758.299224536,659758.120517099,659758.122066223,659758.298413534,659758.298420514,0.1788441590033471,0.0015491239028051,0.1763473110040649,0.0008040220709517,9,384,mac_latency_test_GL9_PL384,90.77582097053528,9,mac_latency_test,bulk_benchmark
32,1,400,0.3440283340169117,0.1603865809738636,659758.559793766,659758.743435519,659758.559924778,659758.561412071,659758.742537386,659758.742549536,0.183641753043048,0.0014872930478304,0.1811253150226548,0.0008859829977154,9,384,mac_latency_test_GL9_PL384,90.77582097053528,9,mac_latency_test,bulk_benchmark
33,0,400,0.339468875026796,0.1608401470002718,659759.006256663,659759.184885391,659759.006386925,659759.007861378,659759.184113949,659759.184121019,0.1786287280265242,0.0014744530199095,0.1762525709345936,0.0007643720600754,9,384,mac_latency_test_GL9_PL384,90.77582097053528,9,mac_latency_test,bulk_benchmark
34,1,400,0.3382397500099614,0.1551604160340502,659759.448897573,659759.631976907,659759.449057286,659759.450515048,659759.631165135,659759.631172175,0.1830793339759111,0.0014577619731426,0.18065008695703,0.0008047319715842,9,384,mac_latency_test_GL9_PL384,90.77582097053528,9,mac_latency_test,bulk_benchmark
35,0,400,0.3429451669799164,0.1647356459870934,659759.901228979,659760.0794385,659759.901358411,659759.902821673,659760.078634468,659760.078642228,0.1782095209928229,0.0014632620150223,0.1758127950597554,0.0007962719537317,9,384,mac_latency_test_GL9_PL384,90.77582097053528,9,mac_latency_test,bulk_benchmark
36,0,400,0.3479520839755423,0.168786798894871,659760.354772994,659760.533938279,659760.354905317,659760.356516181,659760.533146227,659760.533153687,0.1791652850806713,0.0016108640702441,0.176630045985803,0.0007845920044928,9,384,mac_latency_test_GL9_PL384,90.77582097053528,9,mac_latency_test,bulk_benchmark
37,0,400,0.3393493340117857,0.1608544279588386,659760.7972076,659760.975702506,659760.797336922,659760.798814735,659760.974926654,659760.974933903,0.178494906052947,0.0014778129989281,0.1761119189905002,0.0007686030585318,9,384,mac_latency_test_GL9_PL384,90.77582097053528,9,mac_latency_test,bulk_benchmark
38,0,400,0.3387984160217456,0.1606810360099189,659761.242523439,659761.420640819,659761.242658291,659761.244163764,659761.419899598,659761.419906959,0.1781173800118267,0.0015054729301482,0.1757358340546488,0.0007338599534705,9,384,mac_latency_test_GL9_PL384,90.77582097053528,9,mac_latency_test,bulk_benchmark
39,0,400,0.3378449170268141,0.1584618589258752,659761.684974097,659761.864357155,659761.685137389,659761.686711523,659761.863607383,659761.863614983,0.1793830581009388,0.0015741339884698,0.1768958600005135,0.0007421720074489,9,384,mac_latency_test_GL9_PL384,90.77582097053528,9,mac_latency_test,bulk_benchmark
40,0,400,0.3388501249719411,0.1607452270109206,659762.129781309,659762.307886207,659762.129911201,659762.131428933,659762.307157176,659762.307164587,0.1781048979610204,0.0015177320456132,0.1757282429607585,0.0007216200465336,9,384,mac_latency_test_GL9_PL384,90.77582097053528,9,mac_latency_test,bulk_benchmark
41,0,400,0.342466542031616,0.1643027899553999,659762.57463379,659762.752797542,659762.574762343,659762.576299446,659762.752082971,659762.752090651,0.178163752076216,0.0015371030895039,0.1757835249882191,0.0007068910636007,9,384,mac_latency_test_GL9_PL384,90.77582097053528,9,mac_latency_test,bulk_benchmark
42,0,400,0.3389949169941246,0.1603593709878623,659763.018658733,659763.197294279,659763.018796495,659763.020342787,659763.196530667,659763.196537887,0.1786355460062623,0.0015462919836863,0.1761878799879923,0.0007563920225948,9,384,mac_latency_test_GL9_PL384,90.77582097053528,9,mac_latency_test,bulk_benchmark
43,0,400,0.3371804170310497,0.1591645090375095,659763.463752078,659763.641767986,659763.46387983,659763.465368432,659763.640976174,659763.640983454,0.1780159079935401,0.001488602021709,0.175607742043212,0.0007845320506021,9,384,mac_latency_test_GL9_PL384,90.77582097053528,9,mac_latency_test,bulk_benchmark
44,0,400,0.3367589999688789,0.1584094659192487,659763.901479022,659764.079828556,659763.901620695,659763.903124168,659764.079103475,659764.079111216,0.1783495340496301,0.0015034730313345,0.1759793069213628,0.0007173400372266,9,384,mac_latency_test_GL9_PL384,90.77582097053528,9,mac_latency_test,bulk_benchmark
45,1,400,0.3538725000107661,0.1590924779884517,659764.345872019,659764.540652041,659764.346042141,659764.347753687,659764.539854559,659764.539861739,0.1947800220223143,0.0017115459777414,0.1921008720528334,0.0007903019431978,9,384,mac_latency_test_GL9_PL384,90.77582097053528,9,mac_latency_test,bulk_benchmark
46,4,400,0.3702020840137265,0.1782700250041671,659764.818487943,659765.010420002,659764.818624365,659764.820198239,659765.00958565,659765.00960677,0.1919320590095594,0.0015738739166408,0.1893874111119657,0.0008132320363074,9,384,mac_latency_test_GL9_PL384,90.77582097053528,9,mac_latency_test,bulk_benchmark
47,0,400,0.3390791669953614,0.161049447953701,659765.276497955,659765.454527674,659765.276625337,659765.27812022,659765.453711602,659765.453718811,0.1780297190416604,0.0014948830939829,0.175591381965205,0.0008088629692792,9,384,mac_latency_test_GL9_PL384,90.77582097053528,9,mac_latency_test,bulk_benchmark
48,0,400,0.3402897919877432,0.1619066789862699,659765.723125855,659765.901508968,659765.723265087,659765.724773,659765.900730187,659765.900738287,0.1783831130014732,0.0015079129952937,0.1759571869624778,0.0007706809556111,9,384,mac_latency_test_GL9_PL384,90.77582097053528,9,mac_latency_test,bulk_benchmark
49,0,400,0.3393965419963933,0.1598219499574042,659766.165744024,659766.345318616,659766.165871526,659766.167365529,659766.344560014,659766.344567484,0.179574592038989,0.0014940029941499,0.1771944849751889,0.0007511320291087,9,384,mac_latency_test_GL9_PL384,90.77582097053528,9,mac_latency_test,bulk_benchmark
50,0,400,0.3339655419695191,0.1556099888985045,659766.607828995,659766.786184548,659766.607973927,659766.609524731,659766.785387256,659766.785394866,0.1783555530710145,0.0015508038923144,0.1758625250076875,0.0007896820316091,9,384,mac_latency_test_GL9_PL384,90.77582097053528,9,mac_latency_test,bulk_benchmark
51,1,400,0.356381457997486,0.1729171769693493,659767.059766035,659767.243230316,659767.059892077,659767.06138677,659767.242443255,659767.242451004,0.1834642810281366,0.0014946929877623,0.1810564850457012,0.0007793119875714,9,384,mac_latency_test_GL9_PL384,90.77582097053528,9,mac_latency_test,bulk_benchmark
52,0,400,0.3398855000268668,0.160895747016184,659767.512076961,659767.691066714,659767.512207104,659767.513705086,659767.690299412,659767.690306842,0.1789897530106827,0.0014979819534346,0.1765943260397762,0.0007598720258101,9,384,mac_latency_test_GL9_PL384,90.77582097053528,9,mac_latency_test,bulk_benchmark
53,0,400,0.3385085000190884,0.1599030139623209,659767.95526529,659768.133870776,659767.955407031,659767.956971495,659768.133103955,659768.133111496,0.1786054860567674,0.0015644639497622,0.1761324600083753,0.0007592800538986,9,384,mac_latency_test_GL9_PL384,90.77582097053528,9,mac_latency_test,bulk_benchmark
54,1,400,0.3480479170102626,0.1626662870403379,659768.403042887,659768.588424517,659768.403172109,659768.404629881,659768.587608974,659768.587616195,0.1853816299699247,0.0014577719848603,0.1829790929332375,0.0008083219872787,9,384,mac_latency_test_GL9_PL384,90.77582097053528,9,mac_latency_test,bulk_benchmark
55,0,400,0.34094979200745,0.1627415309776552,659768.858719844,659769.036928105,659768.858864816,659768.860370839,659769.036178444,659769.036185644,0.1782082610297948,0.0015060229925438,0.1758076050318777,0.000742461066693,9,384,mac_latency_test_GL9_PL384,90.77582097053528,9,mac_latency_test,bulk_benchmark
56,0,400,0.3385588330565952,0.1602583609637804,659769.300302228,659769.4786027,659769.300434519,659769.302040254,659769.477831918,659769.477839078,0.1783004720928147,0.001605735043995,0.1757916640490293,0.0007636219961568,9,384,mac_latency_test_GL9_PL384,90.77582097053528,9,mac_latency_test,bulk_benchmark
57,0,400,0.3400877920212224,0.1609088670229539,659769.743483606,659769.922662531,659769.743614588,659769.74510298,659769.921901409,659769.921908499,0.1791789249982684,0.0014883920084685,0.1767984289908781,0.0007540320511907,9,384,mac_latency_test_GL9_PL384,90.77582097053528,9,mac_latency_test,bulk_benchmark
58,0,400,0.3615784579887986,0.1832553170388564,659770.211574631,659770.389897772,659770.211704294,659770.213232316,659770.3891328,659770.389140292,0.1783231409499421,0.0015280219959095,0.1759004840860143,0.0007574800401926,9,384,mac_latency_test_GL9_PL384,90.77582097053528,9,mac_latency_test,bulk_benchmark
59,0,400,0.3377662500133738,0.1594454459846019,659770.650098667,659770.828419471,659770.65023071,659770.651703781,659770.827633279,659770.827640888,0.1783208040287718,0.0014730709372088,0.1759294980438426,0.0007785829948261,9,384,mac_latency_test_GL9_PL384,90.77582097053528,9,mac_latency_test,bulk_benchmark
60,0,400,0.3535350000020116,0.1601607499178499,659771.094508444,659771.287882694,659771.094642395,659771.09624934,659771.287065502,659771.287073252,0.1933742500841617,0.0016069449484348,0.1908161620376631,0.00080944201909,9,384,mac_latency_test_GL9_PL384,90.77582097053528,9,mac_latency_test,bulk_benchmark
61,0,400,0.3386933330330066,0.1598164309398271,659771.552970122,659771.731847024,659771.553137705,659771.554671788,659771.731096513,659771.731104203,0.1788769020931795,0.0015340830432251,0.1764247249811887,0.0007428210228681,9,384,mac_latency_test_GL9_PL384,90.77582097053528,9,mac_latency_test,bulk_benchmark
62,0,400,0.346050834050402,0.1601558860857039,659771.998188712,659772.18408366,659771.998321983,659771.999823036,659772.183291737,659772.183298697,0.185894947964698,0.0015010529896244,0.1834687009686604,0.0007849630201235,9,384,mac_latency_test_GL9_PL384,90.77582097053528,9,mac_latency_test,bulk_benchmark
63,4,400,0.3518052090075798,0.1572779219713993,659772.443599615,659772.638126902,659772.443731847,659772.445217529,659772.637225248,659772.637232598,0.1945272870361805,0.0014856819761916,0.1920077190734446,0.0008943040156736,9,384,mac_latency_test_GL9_PL384,90.77582097053528,9,mac_latency_test,bulk_benchmark
64,0,400,0.3390488330041989,0.1609104019589722,659772.904394098,659773.082532529,659772.90452904,659772.906075293,659773.081715916,659773.081723296,0.1781384310452267,0.0015462529845535,0.1756406230852008,0.0008092330535873,9,384,mac_latency_test_GL9_PL384,90.77582097053528,9,mac_latency_test,bulk_benchmark
65,0,400,0.3424562920117751,0.1640609180321917,659773.352067604,659773.530462978,659773.352200086,659773.353674099,659773.529634116,659773.529641706,0.1783953739795833,0.001474012969993,0.1759600170189514,0.0008212719112634,9,384,mac_latency_test_GL9_PL384,90.77582097053528,9,mac_latency_test,bulk_benchmark
66,0,400,0.3370997080346569,0.158263428020291,659773.79705564,659773.97589192,659773.797193702,659773.798786486,659773.975078668,659773.975086557,0.1788362800143659,0.0015927840722724,0.1762921819463372,0.0008053630590438,9,384,mac_latency_test_GL9_PL384,90.77582097053528,9,mac_latency_test,bulk_benchmark
67,4,400,0.3493610419682227,0.1569712240598164,659774.238288457,659774.430678275,659774.23842392,659774.239893752,659774.42976277,659774.42976987,0.1923898179084062,0.0014698320301249,0.1898690179223194,0.0009084049379453,9,384,mac_latency_test_GL9_PL384,90.77582097053528,9,mac_latency_test,bulk_benchmark
68,3,400,0.3537644169991836,0.1583370550069958,659774.689936474,659774.885363836,659774.690122586,659774.69167436,659774.884487583,659774.884495313,0.1954273619921878,0.0015517739811912,0.1928132229950279,0.0008685229113325,9,384,mac_latency_test_GL9_PL384,90.77582097053528,9,mac_latency_test,bulk_benchmark
69,0,400,0.3418640420422889,0.1590966729563661,659775.151370809,659775.334138178,659775.151507142,659775.152992014,659775.333210244,659775.333218595,0.1827673690859228,0.0014848719583824,0.1802182300016284,0.0009195830207318,9,384,mac_latency_test_GL9_PL384,90.77582097053528,9,mac_latency_test,bulk_benchmark
70,0,400,0.3382157920277677,0.15660430904245,659775.592574466,659775.774185949,659775.592717008,659775.594544576,659775.773332106,659775.773339866,0.1816114829853177,0.0018275680486112,0.1787875299341976,0.0008460830431431,9,384,mac_latency_test_GL9_PL384,90.77582097053528,9,mac_latency_test,bulk_benchmark
71,0,400,0.3415000420063734,0.1608918650308624,659776.035421539,659776.216029716,659776.035573641,659776.037169785,659776.215172173,659776.215179734,0.180608176975511,0.001596144051291,0.1780023879837244,0.0008499819086864,9,384,mac_latency_test_GL9_PL384,90.77582097053528,9,mac_latency_test,bulk_benchmark
72,0,400,0.3426129590370692,0.1594793340773321,659776.48137636,659776.664509985,659776.481505122,659776.483025945,659776.663660331,659776.663668162,0.183133624959737,0.001520822988823,0.1806343860225752,0.0008418230572715,9,384,mac_latency_test_GL9_PL384,90.77582097053528,9,mac_latency_test,bulk_benchmark
73,0,400,0.3381092089693993,0.1596251738956198,659776.927562733,659777.106046768,659776.927695126,659776.92925855,659777.105212095,659777.105219515,0.1784840350737795,0.0015634240116924,0.1759535449091345,0.0008272529812529,9,384,mac_latency_test_GL9_PL384,90.77582097053528,9,mac_latency_test,bulk_benchmark
74,0,400,0.3426571249729022,0.1604608229827135,659777.373025484,659777.555221786,659777.373157946,659777.374664459,659777.554366043,659777.554373953,0.1821963019901886,0.0015065129846334,0.1797015839256346,0.0008478329982608,9,384,mac_latency_test_GL9_PL384,90.77582097053528,9,mac_latency_test,bulk_benchmark
75,0,400,0.3402072910103015,0.1606673099449835,659777.822880894,659778.002420875,659777.823047396,659777.824547588,659778.001522501,659778.001530281,0.179539981065318,0.0015001919819042,0.1769749129889533,0.0008905939757823,9,384,mac_latency_test_GL9_PL384,90.77582097053528,9,mac_latency_test,bulk_benchmark
76,0,400,0.337006791960448,0.1585440359776839,659778.261326069,659778.439788825,659778.261482031,659778.263065735,659778.438968022,659778.438975213,0.178462755982764,0.0015837040264159,0.1759022870101034,0.0008136120159178,9,384,mac_latency_test_GL9_PL384,90.77582097053528,9,mac_latency_test,bulk_benchmark
77,0,400,0.3487777090049349,0.1592668070807121,659778.705783657,659778.895294559,659778.705912129,659778.707391322,659778.894414656,659778.894422536,0.1895109019242227,0.001479192986153,0.1870233339723199,0.0008720229379832,9,384,mac_latency_test_GL9_PL384,90.77582097053528,9,mac_latency_test,bulk_benchmark
78,0,400,0.3359741669846698,0.1575093129649758,659779.157314381,659779.335779235,659779.157446513,659779.158941566,659779.334948043,659779.334955683,0.178464854019694,0.0014950530603528,0.1760064769769087,0.0008235520217567,9,384,mac_latency_test_GL9_PL384,90.77582097053528,9,mac_latency_test,bulk_benchmark
79,4,400,0.3555951250018552,0.1610639459686353,659779.597195408,659779.791726587,659779.59732142,659779.598799443,659779.790839044,659779.790846574,0.1945311790332198,0.0014780230121687,0.1920396010391414,0.0008800129871815,9,384,mac_latency_test_GL9_PL384,90.77582097053528,9,mac_latency_test,bulk_benchmark
80,0,400,0.3382672079605981,0.1600661770207807,659780.055504955,659780.233705986,659780.055640478,659780.05713005,659780.232815683,659780.232822843,0.1782010309398174,0.0014895719941705,0.1756856329739093,0.0008831429295241,9,384,mac_latency_test_GL9_PL384,90.77582097053528,9,mac_latency_test,bulk_benchmark
81,0,400,0.3433647080091759,0.1625231280922889,659780.500821036,659780.681662616,659780.500955117,659780.502537241,659780.680791963,659780.680799893,0.1808415799168869,0.0015821239212527,0.1782547220354899,0.0008627229835838,9,384,mac_latency_test_GL9_PL384,90.77582097053528,9,mac_latency_test,bulk_benchmark
82,0,400,0.3395342919975519,0.1606482819188386,659780.950688066,659781.129574076,659780.950823457,659780.952360161,659781.128729073,659781.128736513,0.1788860100787133,0.0015367040177807,0.1763689119834453,0.0008375630713999,9,384,mac_latency_test_GL9_PL384,90.77582097053528,9,mac_latency_test,bulk_benchmark
83,0,400,0.3395752920187078,0.1595406430424191,659781.394260969,659781.574295618,659781.394389451,659781.395922834,659781.573414284,659781.573421154,0.1800346489762887,0.0015333830378949,0.1774914499837905,0.0008744639344513,9,384,mac_latency_test_GL9_PL384,90.77582097053528,9,mac_latency_test,bulk_benchmark
84,4,400,0.3560186250251718,0.1601531170890666,659781.839752892,659782.0356184,659781.839891245,659781.841443669,659782.034688066,659782.034695386,0.1958655079361051,0.0015524240443482,0.1932443969417363,0.0009230140130966,9,384,mac_latency_test_GL9_PL384,90.77582097053528,9,mac_latency_test,bulk_benchmark
85,0,400,0.3776343330391682,0.1981796631007455,659782.332312138,659782.511766808,659782.33244585,659782.333981723,659782.510913235,659782.510920896,0.1794546699384227,0.0015358729287981,0.1769315120764076,0.0008459120290353,9,384,mac_latency_test_GL9_PL384,90.77582097053528,9,mac_latency_test,bulk_benchmark
86,0,400,0.3409754169988446,0.1611266409163363,659782.780494771,659782.960343547,659782.780630984,659782.782299509,659782.959376973,659782.959384193,0.1798487760825082,0.0016685250448063,0.1770774639444425,0.0009593541035428,9,384,mac_latency_test_GL9_PL384,90.77582097053528,9,mac_latency_test,bulk_benchmark
87,4,400,0.3556575829861685,0.1607359180925414,659783.228823277,659783.423744942,659783.228959148,659783.230529932,659783.422811648,659783.422818808,0.1949216648936271,0.0015707839047536,0.1922817160375416,0.0009261339437216,9,384,mac_latency_test_GL9_PL384,90.77582097053528,9,mac_latency_test,bulk_benchmark
88,0,400,0.339100832992699,0.1598455849452875,659783.684070088,659783.863325336,659783.68420847,659783.685778884,659783.862464552,659783.862472132,0.1792552480474114,0.0015704139368608,0.1766856680624187,0.0008532040519639,9,384,mac_latency_test_GL9_PL384,90.77582097053528,9,mac_latency_test,bulk_benchmark
89,0,400,0.3397663329960778,0.1592102560680359,659784.127801064,659784.308357141,659784.127933346,659784.129480559,659784.307480257,659784.307487508,0.1805560769280418,0.0015472130617126,0.177999697974883,0.0008696329314261,9,384,mac_latency_test_GL9_PL384,90.77582097053528,9,mac_latency_test,bulk_benchmark
90,0,400,0.3774122910108417,0.1961396040860563,659784.608800385,659784.790073072,659784.608935938,659784.61048975,659784.789199049,659784.789206539,0.1812726869247853,0.0015538120642304,0.1787092989543452,0.0008665329078212,9,384,mac_latency_test_GL9_PL384,90.77582097053528,9,mac_latency_test,bulk_benchmark
91,0,400,0.3407137499889359,0.159126898040995,659785.052490761,659785.234077613,659785.052629772,659785.054148416,659785.233159839,659785.233167579,0.1815868519479408,0.0015186440432444,0.1790114229079336,0.0009100339375436,9,384,mac_latency_test_GL9_PL384,90.77582097053528,9,mac_latency_test,bulk_benchmark
92,0,400,0.3406593749532476,0.1611593340057879,659785.497985473,659785.677485514,659785.498147256,659785.499601988,659785.676623311,659785.676630741,0.1795000409474596,0.0014547320315614,0.1770213230047375,0.0008547729812562,9,384,mac_latency_test_GL9_PL384,90.77582097053528,9,mac_latency_test,bulk_benchmark
93,0,400,0.3400986660271883,0.1614637780003249,659785.943678679,659786.122313567,659785.943819751,659785.945410645,659786.121423573,659786.121432703,0.1786348880268633,0.0015908939531072,0.1760129280155524,0.000880863983184,9,384,mac_latency_test_GL9_PL384,90.77582097053528,9,mac_latency_test,bulk_benchmark
94,0,400,0.3393497499637306,0.1593974230345338,659786.387533038,659786.567485365,659786.387668509,659786.389185392,659786.566522811,659786.56653008,0.1799523269291967,0.0015168829122558,0.1773374190088361,0.0009552849223837,9,384,mac_latency_test_GL9_PL384,90.77582097053528,9,mac_latency_test,bulk_benchmark
95,1,400,0.3426859590108506,0.1598349779960699,659786.832647745,659787.015498726,659786.832834427,659786.834571213,659787.014635312,659787.014642643,0.1828509810147807,0.0017367859836667,0.1800640990259125,0.0008560830028727,9,384,mac_latency_test_GL9_PL384,90.77582097053528,9,mac_latency_test,bulk_benchmark
96,0,400,0.3406035830266773,0.1618581629591062,659787.280729846,659787.459475266,659787.280865398,659787.282390211,659787.458627743,659787.458635014,0.1787454200675711,0.0015248130075633,0.1762375319376588,0.0008402520325034,9,384,mac_latency_test_GL9_PL384,90.77582097053528,9,mac_latency_test,bulk_benchmark
97,0,400,0.3411224170122295,0.1624055580468848,659787.729326948,659787.908043807,659787.7294634,659787.731045193,659787.907176623,659787.907184273,0.1787168589653447,0.0015817930689081,0.1761314299656078,0.000859534018673,9,384,mac_latency_test_GL9_PL384,90.77582097053528,9,mac_latency_test,bulk_benchmark
98,0,400,0.3386637500370852,0.1595225959899835,659788.169555241,659788.348696395,659788.169735904,659788.171259377,659788.347843353,659788.347850833,0.1791411540471017,0.0015234730672091,0.1765839760191738,0.0008455620845779,9,384,mac_latency_test_GL9_PL384,90.77582097053528,9,mac_latency_test,bulk_benchmark
99,0,400,0.3400379589875228,0.1605310879531316,659788.616329522,659788.795836393,659788.616468014,659788.618044169,659788.79493479,659788.79494229,0.1795068710343912,0.001576155074872,0.1768906209617853,0.0008941029664129,9,384,mac_latency_test_GL9_PL384,90.77582097053528,9,mac_latency_test,bulk_benchmark
100,0,400,0.3519925829605199,0.1715056270477362,659789.073568813,659789.254055769,659789.073731986,659789.075238579,659789.253177246,659789.253184786,0.1804869559127837,0.0015065929619595,0.1779386670095846,0.0008709829999133,9,384,mac_latency_test_GL9_PL384,90.77582097053528,9,mac_latency_test,bulk_benchmark
101,0,400,0.3510376249905675,0.1645141079789027,659789.523194699,659789.709718216,659789.523333041,659789.524842495,659789.708812812,659789.708820153,0.1865235170116648,0.0015094539849087,0.183970317011699,0.0008980629500001,9,384,mac_latency_test_GL9_PL384,90.77582097053528,9,mac_latency_test,bulk_benchmark
102,0,400,0.3399920000229031,0.1598796399775892,659789.976102444,659790.156214804,659789.976240286,659789.977769309,659790.155349921,659790.155357201,0.1801123600453138,0.0015290229348465,0.1775806120131164,0.0008576030377298,9,384,mac_latency_test_GL9_PL384,90.77582097053528,9,mac_latency_test,bulk_benchmark
103,1,400,0.3398107920074835,0.1557850019307807,659790.416817384,659790.600843174,659790.416954666,659790.418489061,659790.599954311,659790.599961961,0.1840257900767028,0.0015343949198722,0.1814652500906959,0.0008812129963189,9,384,mac_latency_test_GL9_PL384,90.77582097053528,9,mac_latency_test,bulk_benchmark
104,0,400,0.3373129999963566,0.1590089770033955,659790.866274328,659791.044578351,659790.86640733,659790.867881432,659791.043739538,659791.043746838,0.1783040229929611,0.0014741019112989,0.1758581061149016,0.0008315129671245,9,384,mac_latency_test_GL9_PL384,90.77582097053528,9,mac_latency_test,bulk_benchmark
105,0,400,0.3376848330372013,0.1593518900335766,659791.30909963,659791.487432573,659791.309231672,659791.310695424,659791.486605101,659791.486612501,0.1783329430036246,0.0014637520071119,0.175909677054733,0.0008200720185413,9,384,mac_latency_test_GL9_PL384,90.77582097053528,9,mac_latency_test,bulk_benchmark
106,0,400,0.3413466670317575,0.1618930159602314,659791.754529221,659791.933982872,659791.754660423,659791.756256938,659791.933026398,659791.933033958,0.1794536510715261,0.0015965149505063,0.1767694599693641,0.0009489140938967,9,384,mac_latency_test_GL9_PL384,90.77582097053528,9,mac_latency_test,bulk_benchmark
107,0,400,0.3705602090340107,0.192209935048595,659792.233571573,659792.411921847,659792.233715825,659792.23530408,659792.411120555,659792.411128085,0.1783502739854157,0.0015882549341768,0.1758164750644937,0.0007937620393931,9,384,mac_latency_test_GL9_PL384,90.77582097053528,9,mac_latency_test,bulk_benchmark
108,0,400,0.3395018750452436,0.156892717059236,659792.672359535,659792.854968693,659792.672495127,659792.67403271,659792.85414083,659792.85414841,0.1826091579860076,0.0015375830698758,0.1801081199664622,0.0008202829631045,9,384,mac_latency_test_GL9_PL384,90.77582097053528,9,mac_latency_test,bulk_benchmark
109,0,400,0.33647545799613,0.1577145480550825,659793.116947434,659793.295708344,659793.117104596,659793.118566029,659793.294858681,659793.294866251,0.1787609099410474,0.0014614330139011,0.1762926520314067,0.0008420930244028,9,384,mac_latency_test_GL9_PL384,90.77582097053528,9,mac_latency_test,bulk_benchmark
110,0,400,0.3369095420348458,0.1583063840516843,659793.558490056,659793.737093214,659793.558618358,659793.560079951,659793.736195131,659793.736202251,0.1786031579831615,0.0014615929685533,0.1761151800164953,0.0008909628959372,9,384,mac_latency_test_GL9_PL384,90.77582097053528,9,mac_latency_test,bulk_benchmark
111,1,400,0.3376600840128958,0.1557934070006013,659794.00331155,659794.185178227,659794.003441342,659794.004898624,659794.184355414,659794.184363074,0.1818666770122945,0.0014572819927707,0.1794567899778485,0.0008151530055329,9,384,mac_latency_test_GL9_PL384,90.77582097053528,9,mac_latency_test,bulk_benchmark
112,0,400,0.3386534590390511,0.1603093660087324,659794.446500028,659794.624844121,659794.44663451,659794.448174003,659794.624051629,659794.624059389,0.1783440930303186,0.001539493096061,0.1758776259375736,0.000784732052125,9,384,mac_latency_test_GL9_PL384,90.77582097053528,9,mac_latency_test,bulk_benchmark
113,0,400,0.3404939169995487,0.1581920930184424,659794.888435577,659795.070737401,659794.888565378,659794.890055441,659795.069811446,659795.069818556,0.1823018239811062,0.0014900629175826,0.1797560050617903,0.0009188450640067,9,384,mac_latency_test_GL9_PL384,90.77582097053528,9,mac_latency_test,bulk_benchmark
114,0,400,0.3406066659954376,0.1622820229385979,659795.339041407,659795.51736605,659795.339177079,659795.340636231,659795.516554487,659795.516561918,0.1783246430568397,0.0014591519720852,0.1759182560490444,0.0008041320834308,9,384,mac_latency_test_GL9_PL384,90.77582097053528,9,mac_latency_test,bulk_benchmark
115,2,400,0.3447482089977711,0.1587001100415364,659795.78314058,659795.969188679,659795.783281812,659795.784810765,659795.968327555,659795.968335327,0.1860480989562347,0.0015289529692381,0.1835167900426313,0.000853352015838,9,384,mac_latency_test_GL9_PL384,90.77582097053528,9,mac_latency_test,bulk_benchmark
116,0,400,0.3403263330110349,0.1616608749027364,659796.235473526,659796.414138984,659796.235599239,659796.23705535,659796.41323828,659796.41324596,0.1786654581082984,0.0014561109710484,0.1761829300085082,0.0008930240292102,9,384,mac_latency_test_GL9_PL384,90.77582097053528,9,mac_latency_test,bulk_benchmark
117,0,400,0.3406274169683456,0.1620828610612079,659796.680561203,659796.859105759,659796.680690484,659796.682244918,659796.858305237,659796.858312557,0.1785445559071377,0.0015544339548796,0.1760603190632537,0.0007932019652798,9,384,mac_latency_test_GL9_PL384,90.77582097053528,9,mac_latency_test,bulk_benchmark
118,0,400,0.3373392500216141,0.1592330411076545,659797.122255578,659797.300361787,659797.1223795,659797.123822811,659797.299589986,659797.299597856,0.1781062089139595,0.0014433109899982,0.1757671750383451,0.000763930962421,9,384,mac_latency_test_GL9_PL384,90.77582097053528,9,mac_latency_test,bulk_benchmark
119,0,400,0.3819569579791277,0.203304340946488,659797.60585003,659797.784502647,659797.605995792,659797.607649927,659797.783705255,659797.783712255,0.1786526170326396,0.0016541350632905,0.176055327989161,0.0007903920486569,9,384,mac_latency_test_GL9_PL384,90.77582097053528,9,mac_latency_test,bulk_benchmark
120,0,400,0.3427180419676006,0.1639665430411696,659798.053691028,659798.232442527,659798.05382309,659798.055370073,659798.231633794,659798.231641785,0.1787514989264309,0.0015469829086214,0.1762637210777029,0.0008007419528439,9,384,mac_latency_test_GL9_PL384,90.77582097053528,9,mac_latency_test,bulk_benchmark
121,0,400,0.3386619579978287,0.1606470599072054,659798.496340717,659798.674355615,659798.49647639,659798.498032993,659798.673559313,659798.673566533,0.1780148980906233,0.0015566030051559,0.175526320002973,0.0007890820270404,9,384,mac_latency_test_GL9_PL384,90.77582097053528,9,mac_latency_test,bulk_benchmark
122,0,400,0.3382356659858487,0.1600426149670966,659798.936226445,659799.114419496,659798.936353057,659798.937845819,659799.113619844,659799.113627384,0.1781930510187521,0.0014927620068192,0.1757740249158814,0.0007921120850369,9,384,mac_latency_test_GL9_PL384,90.77582097053528,9,mac_latency_test,bulk_benchmark
123,1,400,0.3442604159936309,0.1614763450343161,659799.381467934,659799.564252005,659799.381656708,659799.383171191,659799.563312491,659799.563319991,0.1827840709593147,0.0015144830103963,0.1801413000794127,0.0009320139652118,9,384,mac_latency_test_GL9_PL384,90.77582097053528,9,mac_latency_test,bulk_benchmark
124,0,400,0.3366709999972954,0.1582234849920496,659799.82580459,659800.004252105,659799.825929392,659799.827396374,659800.003434692,659800.003442262,0.1784475150052458,0.0014669819502159,0.1760383180808276,0.0008098430698737,9,384,mac_latency_test_GL9_PL384,90.77582097053528,9,mac_latency_test,bulk_benchmark
125,0,400,0.3400741670047864,0.1604614540701732,659800.269569696,659800.449182409,659800.2697568,659800.271290573,659800.448390117,659800.448397607,0.1796127129346132,0.0015337729128077,0.1770995440892875,0.0007848020177334,9,384,mac_latency_test_GL9_PL384,90.77582097053528,9,mac_latency_test,bulk_benchmark
126,3,400,0.3647904579993337,0.1608513959217816,659800.716668414,659800.920607476,659800.716814247,659800.718546793,659800.919548669,659800.919556169,0.203939062077552,0.0017325460212305,0.2010018760338425,0.0010513070737943,9,384,mac_latency_test_GL9_PL384,90.77582097053528,9,mac_latency_test,bulk_benchmark
127,0,400,0.3367205419926904,0.1585248909541405,659801.185065105,659801.363260756,659801.185219597,659801.1867437,659801.362481944,659801.362489174,0.1781956510385498,0.0015241029905155,0.1757382440846413,0.0007715820102021,9,384,mac_latency_test_GL9_PL384,90.77582097053528,9,mac_latency_test,bulk_benchmark
128,0,400,0.3390177080291323,0.1607930360478349,659801.629486221,659801.807710893,659801.629654493,659801.631124456,659801.806931521,659801.806939011,0.1782246719812974,0.001469962997362,0.1758070650976151,0.0007718820124864,9,384,mac_latency_test_GL9_PL384,90.77582097053528,9,mac_latency_test,bulk_benchmark
129,0,400,0.3404196670162491,0.1621238330262713,659802.075322949,659802.253618783,659802.075451211,659802.076982625,659802.25282632,659802.252833911,0.1782958339899778,0.0015314139891415,0.1758436950622126,0.0007848719833418,9,384,mac_latency_test_GL9_PL384,90.77582097053528,9,mac_latency_test,bulk_benchmark
130,0,400,0.343067541019991,0.1608795219799503,659802.518681403,659802.700869422,659802.518825375,659802.520408799,659802.70007265,659802.70007983,0.1821880190400406,0.0015834240475669,0.1796638509258628,0.0007895920425653,9,384,mac_latency_test_GL9_PL384,90.77582097053528,9,mac_latency_test,bulk_benchmark
131,3,400,0.3553987079649232,0.1621832799282856,659802.969291191,659803.162506619,659802.969417342,659802.970905405,659803.161693647,659803.161700907,0.1932154280366376,0.001488063018769,0.1907882420346141,0.0008057119557633,9,384,mac_latency_test_GL9_PL384,90.77582097053528,9,mac_latency_test,bulk_benchmark
132,0,400,0.3361832500086166,0.1580491900094784,659803.422770555,659803.600904615,659803.422900367,659803.4244423,659803.600145854,659803.600152974,0.1781340599991381,0.0015419330447912,0.1757035540649667,0.0007516409968957,9,384,mac_latency_test_GL9_PL384,90.77582097053528,9,mac_latency_test,bulk_benchmark
133,2,400,0.3443542920285836,0.1579465459799394,659803.866079925,659804.052487671,659803.866215717,659803.86772843,659804.051656778,659804.051664147,0.1864077460486441,0.0015127129154279,0.1839283480076119,0.0008235240820795,9,384,mac_latency_test_GL9_PL384,90.77582097053528,9,mac_latency_test,bulk_benchmark
134,0,400,0.3394844160065986,0.1600985370459966,659804.315864583,659804.495250462,659804.316052586,659804.31768285,659804.49442333,659804.49443069,0.1793858789606019,0.0016302641015499,0.1767404798883944,0.000819772016257,9,384,mac_latency_test_GL9_PL384,90.77582097053528,9,mac_latency_test,bulk_benchmark
135,0,400,0.3518378339940682,0.1616137520177289,659804.763065203,659804.953289285,659804.763191324,659804.764661636,659804.952469233,659804.952477743,0.1902240819763392,0.0014703120104968,0.1878075969871133,0.0008115419186651,9,384,mac_latency_test_GL9_PL384,90.77582097053528,9,mac_latency_test,bulk_benchmark
136,0,400,0.3498249999829568,0.1661753260414116,659805.222458465,659805.406108139,659805.222595528,659805.224214953,659805.405307557,659805.405314807,0.1836496739415452,0.0016194250201806,0.1810926039470359,0.0007933320011943,9,384,mac_latency_test_GL9_PL384,90.77582097053528,9,mac_latency_test,bulk_benchmark
137,0,400,0.3413288340088911,0.1614980400190688,659805.672628371,659805.852459165,659805.672761533,659805.674332947,659805.851607282,659805.851615222,0.1798307939898222,0.0015714140608906,0.177274334942922,0.000843942980282,9,384,mac_latency_test_GL9_PL384,90.77582097053528,9,mac_latency_test,bulk_benchmark
138,0,400,0.3416741250548512,0.1631056671030819,659806.120610049,659806.299178507,659806.120806432,659806.122465228,659806.298421335,659806.298428645,0.1785684579517692,0.0016587959835305,0.1759561070939526,0.0007498619379475,9,384,mac_latency_test_GL9_PL384,90.77582097053528,9,mac_latency_test,bulk_benchmark
139,0,400,0.3389897500164807,0.1595853209728375,659806.561429082,659806.740833511,659806.561554374,659806.563028966,659806.740069599,659806.740076999,0.1794044290436431,0.0014745919033885,0.1770406330469995,0.0007565120467916,9,384,mac_latency_test_GL9_PL384,90.77582097053528,9,mac_latency_test,bulk_benchmark
140,0,400,0.3377198750386014,0.1590263759717345,659807.005781277,659807.184474776,659807.0059191,659807.007474144,659807.183709065,659807.183716615,0.1786934990668669,0.001555043971166,0.1762349209748208,0.0007581610698252,9,384,mac_latency_test_GL9_PL384,90.77582097053528,9,mac_latency_test,bulk_benchmark
141,0,400,0.3365535840275697,0.1580335080507211,659807.442968255,659807.621488331,659807.443119317,659807.444567379,659807.620721289,659807.62072902,0.1785200759768486,0.0014480620156973,0.1761539099970832,0.0007593110203742,9,384,mac_latency_test_GL9_PL384,90.77582097053528,9,mac_latency_test,bulk_benchmark
142,0,400,0.3420364160556346,0.1633227671263739,659807.890393877,659808.069107526,659807.89052339,659807.891968042,659808.068334114,659808.068341104,0.1787136489292606,0.0014446519780904,0.1763660720316693,0.0007664220174774,9,384,mac_latency_test_GL9_PL384,90.77582097053528,9,mac_latency_test,bulk_benchmark
143,0,400,0.3438118339981884,0.1632329659769311,659808.333833589,659808.514412457,659808.333965161,659808.335544005,659808.513625515,659808.513633455,0.1805788680212572,0.0015788440359756,0.1780815100064501,0.0007790019735693,9,384,mac_latency_test_GL9_PL384,90.77582097053528,9,mac_latency_test,bulk_benchmark
144,4,400,0.3801011249888688,0.1586310589918866,659808.779561367,659809.001031433,659808.779692389,659808.781170501,659809.000094799,659809.00010225,0.2214700659969821,0.0014781120698899,0.2189242979511618,0.0009291829774156,9,384,mac_latency_test_GL9_PL384,90.77582097053528,9,mac_latency_test,bulk_benchmark
145,1,400,0.341999540978577,0.1591926699620671,659809.263336679,659809.44614355,659809.263470011,659809.264951954,659809.445326698,659809.445334198,0.1828068710165098,0.0014819430653005,0.180374743998982,0.0008093520300462,9,384,mac_latency_test_GL9_PL384,90.77582097053528,9,mac_latency_test,bulk_benchmark
146,1,400,0.3677175840130076,0.1812235179822892,659809.733409815,659809.919903881,659809.733547147,659809.735143281,659809.919077999,659809.919085729,0.1864940660307184,0.0015961340395733,0.1839347179047763,0.0008181519806385,9,384,mac_latency_test_GL9_PL384,90.77582097053528,9,mac_latency_test,bulk_benchmark
147,0,400,0.3429248749744147,0.1631638199323788,659810.18631811,659810.366079165,659810.186458472,659810.187948505,659810.365259443,659810.365266743,0.1797610550420358,0.0014900329988449,0.1773109378991648,0.0008124220184981,9,384,mac_latency_test_GL9_PL384,90.77582097053528,9,mac_latency_test,bulk_benchmark
148,0,400,0.34017954103183,0.1600321900332346,659810.635284066,659810.815431417,659810.635415918,659810.636957071,659810.814634545,659810.814642405,0.1801473509985953,0.0015411530621349,0.1776774739846587,0.0007890119450166,9,384,mac_latency_test_GL9_PL384,90.77582097053528,9,mac_latency_test,bulk_benchmark
149,0,400,0.3387028750148602,0.1595317710307426,659811.078445835,659811.257616939,659811.078583958,659811.080067349,659811.256831058,659811.256838418,0.1791711039841175,0.0014833910390734,0.1767637089360505,0.0007785210618749,9,384,mac_latency_test_GL9_PL384,90.77582097053528,9,mac_latency_test,bulk_benchmark
150,0,400,0.346565207990352,0.1679948700475506,659811.529678763,659811.708249101,659811.529814696,659811.53137388,659811.707468429,659811.707475739,0.1785703379428014,0.0015591839328408,0.1760945490095764,0.0007733620004728,9,384,mac_latency_test_GL9_PL384,90.77582097053528,9,mac_latency_test,bulk_benchmark
151,0,400,0.3442663750029169,0.1609906670055352,659811.972540786,659812.155816494,659811.972674148,659811.974247042,659812.154933281,659812.154940881,0.1832757079973817,0.0015728939324617,0.1806862390367314,0.000875613070093,9,384,mac_latency_test_GL9_PL384,90.77582097053528,9,mac_latency_test,bulk_benchmark
152,0,400,0.3403495000093244,0.1599173339200206,659812.422145351,659812.602577517,659812.422275713,659812.423724595,659812.601780775,659812.601788225,0.1804321660893038,0.0014488820452243,0.178056180011481,0.0007892920402809,9,384,mac_latency_test_GL9_PL384,90.77582097053528,9,mac_latency_test,bulk_benchmark
153,0,400,0.3747029159567319,0.1933139559696428,659812.902382882,659813.083771842,659812.902518594,659812.903995076,659813.0830152,659813.08302305,0.181388959987089,0.0014764819061383,0.1790201240219175,0.0007487919647246,9,384,mac_latency_test_GL9_PL384,90.77582097053528,9,mac_latency_test,bulk_benchmark
154,0,400,0.3404606250114739,0.1617095649708062,659813.34297667,659813.52172773,659813.343141144,659813.344646515,659813.520912028,659813.520919588,0.1787510600406676,0.0015053709503263,0.1762655130587518,0.0008081420091912,9,384,mac_latency_test_GL9_PL384,90.77582097053528,9,mac_latency_test,bulk_benchmark
155,0,400,0.3368902499787509,0.1576559129171073,659813.790075408,659813.969309745,659813.79021705,659813.791764793,659813.968505932,659813.968513162,0.1792343370616436,0.0015477429842576,0.1767411390319466,0.0007965830154716,9,384,mac_latency_test_GL9_PL384,90.77582097053528,9,mac_latency_test,bulk_benchmark
156,0,400,0.3382114580017514,0.1573081079986877,659814.230846831,659814.411750181,659814.230983963,659814.232579837,659814.410915909,659814.410923319,0.1809033500030636,0.0015958739677444,0.1783360720146447,0.0008268619421869,9,384,mac_latency_test_GL9_PL384,90.77582097053528,9,mac_latency_test,bulk_benchmark
157,0,400,0.3436953749624081,0.1619807700044475,659814.676807129,659814.858521734,659814.676943982,659814.678458074,659814.85765647,659814.857664581,0.1817146049579605,0.0015140919713303,0.1791983960429206,0.0008571529760956,9,384,mac_latency_test_GL9_PL384,90.77582097053528,9,mac_latency_test,bulk_benchmark
158,0,400,0.3603094160207547,0.1775329179945401,659815.141149301,659815.323925799,659815.141325023,659815.142978338,659815.323123577,659815.323131057,0.1827764980262145,0.0016533149173483,0.1801452391082421,0.0007947420235723,9,384,mac_latency_test_GL9_PL384,90.77582097053528,9,mac_latency_test,bulk_benchmark
159,8,400,0.3791656250250526,0.1608123550540767,659815.585775929,659815.804129199,659815.585915821,659815.587603596,659815.803209995,659815.803217435,0.2183532699709758,0.0016877750167623,0.215606398996897,0.0009117639856413,9,384,mac_latency_test_GL9_PL384,90.77582097053528,9,mac_latency_test,bulk_benchmark
160,0,400,0.3410073340055533,0.1622999149258248,659816.068318483,659816.247025902,659816.068451255,659816.069968878,659816.24620298,659816.24621028,0.1787074190797284,0.0015176229644566,0.1762341021094471,0.0008156220428645,9,384,mac_latency_test_GL9_PL384,90.77582097053528,9,mac_latency_test,bulk_benchmark
161,1,400,0.353996416029986,0.1596482699387706,659816.512505287,659816.706853433,659816.512639289,659816.514190593,659816.705449962,659816.705457622,0.1943481460912153,0.001551304012537,0.1912593690212816,0.0013958110939711,9,384,mac_latency_test_GL9_PL384,90.77582097053528,9,mac_latency_test,bulk_benchmark
162,0,400,0.3401985419914126,0.1618797889677807,659816.973305392,659817.151624145,659816.973433974,659816.974918757,659817.150832073,659817.150839353,0.1783187530236318,0.0014847830170765,0.1759133159648627,0.0007847920060157,9,384,mac_latency_test_GL9_PL384,90.77582097053528,9,mac_latency_test,bulk_benchmark
163,1,400,0.3554654589970596,0.1732212069327943,659817.426845428,659817.60908968,659817.42698371,659817.428546934,659817.608258867,659817.608266398,0.1822442520642653,0.0015632240101695,0.1797119330149144,0.0008232820546254,9,384,mac_latency_test_GL9_PL384,90.77582097053528,9,mac_latency_test,bulk_benchmark
164,0,400,0.3385287499986589,0.1592284209327772,659817.873991475,659818.053291804,659817.874143018,659817.875583499,659818.052489951,659818.052497431,0.1793003290658816,0.0014404809335246,0.1769064520485699,0.0007943729870021,9,384,mac_latency_test_GL9_PL384,90.77582097053528,9,mac_latency_test,bulk_benchmark
165,1,400,0.3428348749876022,0.1596276980126276,659818.324586426,659818.507793603,659818.324719648,659818.326249691,659818.5069427,659818.50695017,0.1832071769749745,0.0015300429658964,0.1806930090533569,0.000843432964757,9,384,mac_latency_test_GL9_PL384,90.77582097053528,9,mac_latency_test,bulk_benchmark
166,0,400,0.335922833008226,0.1571689339471049,659818.771328728,659818.950082627,659818.77146529,659818.772910372,659818.949263735,659818.949271085,0.178753899061121,0.0014450820162892,0.1763533629709854,0.0008115420350804,9,384,mac_latency_test_GL9_PL384,90.77582097053528,9,mac_latency_test,bulk_benchmark
167,0,400,0.3348238330218009,0.1568037139368243,659819.210258951,659819.38827907,659819.210388183,659819.211798795,659819.387486278,659819.387493398,0.1780201190849766,0.0014106120215728,0.1756874829297885,0.0007856719894334,9,384,mac_latency_test_GL9_PL384,90.77582097053528,9,mac_latency_test,bulk_benchmark
168,0,400,0.3374627500306815,0.1591906570829451,659819.64952997,659819.827802063,659819.649678533,659819.651128454,659819.82699514,659819.827019111,0.1782720929477363,0.0014499210519716,0.1758666860405355,0.0007829519454389,9,384,mac_latency_test_GL9_PL384,90.77582097053528,9,mac_latency_test,bulk_benchmark
169,0,400,0.3391220410121605,0.1603488910477608,659820.093212326,659820.271985476,659820.093339928,659820.09477093,659820.271191324,659820.271199014,0.1787731499643996,0.0014310020487755,0.1764203939819708,0.0007864619838073,9,384,mac_latency_test_GL9_PL384,90.77582097053528,9,mac_latency_test,bulk_benchmark
170,0,400,0.3501257919706404,0.1712232700083404,659820.548881563,659820.727784085,659820.549052415,659820.550598129,659820.726933222,659820.726940932,0.1789025219622999,0.0015457140980288,0.1763350929832086,0.000843152985908,9,384,mac_latency_test_GL9_PL384,90.77582097053528,9,mac_latency_test,bulk_benchmark
171,0,400,0.3376147080562077,0.1585266631445847,659820.991212359,659821.170300404,659820.991341971,659820.992777622,659821.16942086,659821.169428589,0.179088044911623,0.0014356509782373,0.1766432380536571,0.0008718149038031,9,384,mac_latency_test_GL9_PL384,90.77582097053528,9,mac_latency_test,bulk_benchmark
172,0,400,0.33893608400831,0.1602858959813602,659821.434765412,659821.6134156,659821.434906084,659821.436423367,659821.612606259,659821.612613359,0.1786501880269497,0.0015172830317169,0.176182891940698,0.0008022410329431,9,384,mac_latency_test_GL9_PL384,90.77582097053528,9,mac_latency_test,bulk_benchmark
173,0,400,0.3425372500205412,0.1642225970281288,659821.88446829,659822.062782943,659821.884596232,659821.886099545,659822.06198987,659822.06199694,0.1783146529924124,0.0015033130766823,0.1758903249865397,0.0007860029581934,9,384,mac_latency_test_GL9_PL384,90.77582097053528,9,mac_latency_test,bulk_benchmark
174,0,400,0.3391674170270562,0.1604166299803182,659822.3283492,659822.507099987,659822.328484302,659822.329954094,659822.506292206,659822.506299586,0.1787507870467379,0.0014697919832542,0.1763381119817495,0.0008004009723663,9,384,mac_latency_test_GL9_PL384,90.77582097053528,9,mac_latency_test,bulk_benchmark
175,0,400,0.3377734159585088,0.1592054399661719,659822.769839681,659822.948407657,659822.769973023,659822.771464975,659822.947597405,659822.947604865,0.1785679759923368,0.0014919519890099,0.1761324299732223,0.0008027920266613,9,384,mac_latency_test_GL9_PL384,90.77582097053528,9,mac_latency_test,bulk_benchmark
176,0,400,0.3546036250190809,0.1600329359062016,659823.212496811,659823.4070675,659823.212624683,659823.214091135,659823.406181107,659823.406188557,0.1945706891128793,0.0014664519112557,0.1920899720862507,0.0008789430139586,9,384,mac_latency_test_GL9_PL384,90.77582097053528,9,mac_latency_test,bulk_benchmark
177,0,400,0.3480053330422379,0.1662063570111058,659823.674109248,659823.855908224,659823.674245779,659823.675738453,659823.855072571,659823.855080061,0.181798976031132,0.0014926739968359,0.17933411791455,0.0008281629998236,9,384,mac_latency_test_GL9_PL384,90.77582097053528,9,mac_latency_test,bulk_benchmark
178,0,400,0.3367384999874048,0.1553320299717597,659824.120918561,659824.302325031,659824.121090183,659824.122562226,659824.301482668,659824.301490088,0.181406470015645,0.001472042989917,0.1789204420056194,0.0008349430281668,9,384,mac_latency_test_GL9_PL384,90.77582097053528,9,mac_latency_test,bulk_benchmark
179,0,400,0.3452572500100359,0.1652723320294171,659824.571278108,659824.751263026,659824.57140791,659824.572876532,659824.750448974,659824.750456624,0.1799849179806187,0.0014686220092698,0.1775724419858306,0.0008064020657911,9,384,mac_latency_test_GL9_PL384,90.77582097053528,9,mac_latency_test,bulk_benchmark
180,0,400,0.3534898330108262,0.1606538990163244,659825.019269538,659825.212105472,659825.01939817,659825.020829232,659825.2112598,659825.21126712,0.1928359339945018,0.0014310618862509,0.1904305680654943,0.0008383520180359,9,384,mac_latency_test_GL9_PL384,90.77582097053528,9,mac_latency_test,bulk_benchmark
181,0,400,0.3390270409872755,0.1584923039190471,659825.475279602,659825.655814339,659825.475405045,659825.476836817,659825.655046687,659825.655054248,0.1805347370682284,0.0014317720197141,0.1782098700059577,0.0007600910030305,9,384,mac_latency_test_GL9_PL384,90.77582097053528,9,mac_latency_test,bulk_benchmark
182,0,400,0.3363965409807861,0.1577875730581581,659825.915295753,659826.093904721,659825.915435426,659825.916915829,659826.093131369,659826.093138599,0.1786089679226279,0.0014804028905928,0.1762155400356277,0.0007661220151931,9,384,mac_latency_test_GL9_PL384,90.77582097053528,9,mac_latency_test,bulk_benchmark
183,0,400,0.3376137499581091,0.1593919809092767,659826.35951168,659826.537733449,659826.359643351,659826.361079744,659826.536918816,659826.536926557,0.1782217690488323,0.0014363928930833,0.1758390720933675,0.0008068920578807,9,384,mac_latency_test_GL9_PL384,90.77582097053528,9,mac_latency_test,bulk_benchmark
184,0,400,0.3408896250184625,0.1615488670067861,659826.804091578,659826.983432336,659826.80422887,659826.805830774,659826.982619003,659826.982626104,0.1793407580116763,0.0016019040485844,0.1767882290296256,0.000806231983006,9,384,mac_latency_test_GL9_PL384,90.77582097053528,9,mac_latency_test,bulk_benchmark
185,0,400,0.369019916979596,0.1899273330345749,659827.28054831,659827.459640894,659827.280675981,659827.282160844,659827.458840862,659827.458848962,0.179092583945021,0.0014848629944026,0.1766800180776044,0.000791931990534,9,384,mac_latency_test_GL9_PL384,90.77582097053528,9,mac_latency_test,bulk_benchmark
186,0,400,0.3400217500166036,0.1610783970099873,659827.724808194,659827.903751547,659827.724939966,659827.726445129,659827.902946385,659827.902953705,0.1789433530066162,0.0015051630325615,0.1765012559480965,0.0007978419307619,9,384,mac_latency_test_GL9_PL384,90.77582097053528,9,mac_latency_test,bulk_benchmark
187,0,400,0.3403845829889178,0.1612429888918995,659828.171961634,659828.351103228,659828.172118207,659828.173565739,659828.350303576,659828.350311066,0.1791415940970182,0.001447531976737,0.1767378370277583,0.0007921620272099,9,384,mac_latency_test_GL9_PL384,90.77582097053528,9,mac_latency_test,bulk_benchmark
188,0,400,0.3382569160312414,0.1597779809962958,659828.612830176,659828.791309111,659828.612962157,659828.6144618,659828.790500079,659828.790507239,0.1784789350349456,0.0014996429672464,0.1760382790816947,0.0008018719963729,9,384,mac_latency_test_GL9_PL384,90.77582097053528,9,mac_latency_test,bulk_benchmark
189,0,400,0.3414746670168824,0.1613347359816543,659829.05707765,659829.237217581,659829.057211962,659829.058711914,659829.236417798,659829.236425398,0.180139931035228,0.0014999520499259,0.1777058839797973,0.0007921829819679,9,384,mac_latency_test_GL9_PL384,90.77582097053528,9,mac_latency_test,bulk_benchmark
190,0,400,0.3385669580311514,0.1578636400518007,659829.50028398,659829.680987298,659829.500414401,659829.501896374,659829.680182296,659829.680189806,0.1807033179793506,0.0014819731004536,0.1782859219238162,0.0007974919863045,9,384,mac_latency_test_GL9_PL384,90.77582097053528,9,mac_latency_test,bulk_benchmark
191,0,400,0.3422630000277422,0.1600339490105398,659829.942120988,659830.124350039,659829.9422645,659829.943789453,659830.123544057,659830.123551697,0.1822290510172024,0.0015249530551955,0.1797546040033921,0.0007983420509845,9,384,mac_latency_test_GL9_PL384,90.77582097053528,9,mac_latency_test,bulk_benchmark
192,0,400,0.3437843749998137,0.1593474290566519,659830.389247115,659830.573684061,659830.389404417,659830.391275816,659830.572792158,659830.572799838,0.1844369459431618,0.0018713989993557,0.181516341981478,0.0008842229144647,9,384,mac_latency_test_GL9_PL384,90.77582097053528,9,mac_latency_test,bulk_benchmark
193,0,400,0.3390380410128273,0.1589927719323896,659830.833523489,659831.013568758,659830.833696572,659830.835158154,659831.012669705,659831.012677745,0.1800452690804377,0.001461582025513,0.1775115509517491,0.0008910130709409,9,384,mac_latency_test_GL9_PL384,90.77582097053528,9,mac_latency_test,bulk_benchmark
194,0,400,0.3463318749563768,0.1665815099840983,659831.281754575,659831.46150494,659831.281881277,659831.283350369,659831.460686216,659831.460693217,0.1797503649722784,0.0014690919779241,0.1773358470527455,0.0008117229444906,9,384,mac_latency_test_GL9_PL384,90.77582097053528,9,mac_latency_test,bulk_benchmark
195,0,400,0.3682884160079993,0.1758753590402193,659831.741188099,659831.933601156,659831.741324001,659831.742794183,659831.932721052,659831.932728472,0.19241305696778,0.0014701819745823,0.1899268690031021,0.0008726839441806,9,384,mac_latency_test_GL9_PL384,90.77582097053528,9,mac_latency_test,bulk_benchmark
196,3,400,0.3503011669963598,0.1593056300189346,659832.196867616,659832.387863153,659832.197033359,659832.198510532,659832.386933758,659832.386943339,0.1909955369774252,0.001477173063904,0.1884232260053977,0.0009198139887303,9,384,mac_latency_test_GL9_PL384,90.77582097053528,9,mac_latency_test,bulk_benchmark
197,0,400,0.3376909579965286,0.159346305008512,659832.652772799,659832.831117452,659832.65290377,659832.654434834,659832.830294559,659832.830301949,0.1783446529880166,0.0015310640446841,0.1758597249863669,0.0008155029499903,9,384,mac_latency_test_GL9_PL384,90.77582097053528,9,mac_latency_test,bulk_benchmark
198,0,400,0.3516427080030553,0.161829060933087,659833.098566216,659833.288379863,659833.098697238,659833.100222221,659833.2874974,659833.28750502,0.1898136470699682,0.0015249829739332,0.1872751789633184,0.0008748429827392,9,384,mac_latency_test_GL9_PL384,90.77582097053528,9,mac_latency_test,bulk_benchmark
199,0,400,0.3441142499796115,0.1619906969717703,659833.555564572,659833.737688125,659833.555705375,659833.557249849,659833.736831792,659833.736838972,0.1821235530078411,0.0015444739256054,0.1795819430844858,0.000849153031595,9,384,mac_latency_test_GL9_PL384,90.77582097053528,9,mac_latency_test,bulk_benchmark
200,0,400,0.3433930410537869,0.164940555114299,659834.007314161,659834.185766647,659834.007442734,659834.008888485,659834.184961025,659834.184968395,0.1784524859394878,0.0014457510551437,0.1760725399944931,0.0007982519455254,9,384,mac_latency_test_GL9_PL384,90.77582097053528,9,mac_latency_test,bulk_benchmark
1,0,400,0.4630300420103594,0.1589787630364298,659838.015623495,659838.319674774,659838.015750297,659838.017333061,659838.316474424,659838.316482155,0.3040512789739296,0.0015827639726921,0.2991413630079478,0.0031926189549267,15,384,mac_latency_test_GL15_PL384,120.47892999649048,15,mac_latency_test,bulk_benchmark
2,0,400,0.5132911669788882,0.2247257519047707,659838.585037326,659838.873602741,659838.585169868,659838.5866379,659838.872576755,659838.872584085,0.2885654150741175,0.0014680320164188,0.2859388550277799,0.0010186560684815,15,384,mac_latency_test_GL15_PL384,120.47892999649048,15,mac_latency_test,bulk_benchmark
3,2,400,0.4680356670287438,0.1563089721021242,659839.200741681,659839.512468376,659839.200872762,659839.202454326,659839.511370758,659839.511377839,0.3117266949266195,0.0015815639635547,0.3089164319681003,0.0010905369417741,15,384,mac_latency_test_GL15_PL384,120.47892999649048,15,mac_latency_test,bulk_benchmark
4,0,400,0.5490357920061797,0.2562880840850994,659839.776591339,659840.069339047,659839.776722222,659839.778274266,659840.068235391,659840.068242821,0.2927477079210803,0.0015520440647378,0.2899611250031739,0.0010962259257212,15,384,mac_latency_test_GL15_PL384,120.47892999649048,15,mac_latency_test,bulk_benchmark
5,0,400,0.5077569580171257,0.2143712720135226,659840.432195529,659840.725581215,659840.43233671,659840.433876904,659840.724510279,659840.72451747,0.293385686003603,0.0015401939162984,0.2906333750579506,0.0010637450031936,15,384,mac_latency_test_GL15_PL384,120.47892999649048,15,mac_latency_test,bulk_benchmark
6,0,400,0.5092935000429861,0.2181719480431638,659841.045365414,659841.336486966,659841.045496546,659841.046974988,659841.33539932,659841.33540703,0.2911215519998222,0.0014784419909119,0.2884243320440873,0.0010799360461533,15,384,mac_latency_test_GL15_PL384,120.47892999649048,15,mac_latency_test,bulk_benchmark
7,0,400,0.4535449999966658,0.1650905759888701,659841.663510463,659841.951964887,659841.663640935,659841.665147307,659841.95092254,659841.95092963,0.2884544240077957,0.0015063720056787,0.2857752330601215,0.0010352570097893,15,384,mac_latency_test_GL15_PL384,120.47892999649048,15,mac_latency_test,bulk_benchmark
8,0,400,0.4622865839628503,0.1730918899411335,659842.218845782,659842.508040476,659842.218979034,659842.220568018,659842.506996609,659842.507020201,0.2891946940217167,0.0015889840433374,0.2864285910036415,0.0010202750563621,15,384,mac_latency_test_GL15_PL384,120.47892999649048,15,mac_latency_test,bulk_benchmark
9,0,400,0.5116961249732412,0.2216232569771818,659842.790543108,659843.080615976,659842.79067717,659842.792206664,659843.079588141,659843.07959529,0.2900728679960593,0.0015294939512386,0.2873814769554883,0.0010206860024482,15,384,mac_latency_test_GL15_PL384,120.47892999649048,15,mac_latency_test,bulk_benchmark
10,0,400,0.5067359170061536,0.2175536150461994,659843.40404614,659843.693228442,659843.404170291,659843.405769105,659843.692196067,659843.692203527,0.2891823019599542,0.0015988139202818,0.2864269620040431,0.0010249150218442,15,384,mac_latency_test_GL15_PL384,120.47892999649048,15,mac_latency_test,bulk_benchmark
11,0,400,0.5108293340308592,0.222080367966555,659844.013056392,659844.301805358,659844.013185643,659844.014659506,659844.300778883,659844.300786463,0.2887489660643041,0.0014738630270585,0.2861193770077079,0.0010188950691372,15,384,mac_latency_test_GL15_PL384,120.47892999649048,15,mac_latency_test,bulk_benchmark
12,0,400,0.5098521250183694,0.2206274530035443,659844.62896065,659844.918185322,659844.629115032,659844.630587864,659844.917176426,659844.917184277,0.289224672014825,0.0014728319365531,0.286588562070392,0.0010010449914261,15,384,mac_latency_test_GL15_PL384,120.47892999649048,15,mac_latency_test,bulk_benchmark
13,0,400,0.5106398329953663,0.2199707980616949,659845.241630536,659845.532299571,659845.241764888,659845.243269591,659845.531281276,659845.531288946,0.2906690349336713,0.0015047029592096,0.288011685013771,0.0010106249246746,15,384,mac_latency_test_GL15_PL384,120.47892999649048,15,mac_latency_test,bulk_benchmark
14,0,400,0.5143483330029994,0.2234765359899029,659845.859191359,659846.150063156,659845.85932425,659845.860797073,659846.149059891,659846.149067011,0.2908717970130965,0.0014728229725733,0.2882628180086612,0.0009961450705304,15,384,mac_latency_test_GL15_PL384,120.47892999649048,15,mac_latency_test,bulk_benchmark
15,0,400,0.506718207965605,0.2146186309400946,659846.474543866,659846.766643443,659846.474682238,659846.476254531,659846.765608018,659846.765615487,0.2920995770255103,0.0015722929965704,0.2893534870818257,0.0010279560228809,15,384,mac_latency_test_GL15_PL384,120.47892999649048,15,mac_latency_test,bulk_benchmark
16,0,400,0.4495145829860121,0.1615185469854623,659847.085698499,659847.373694535,659847.085829752,659847.087368216,659847.37266542,659847.372673,0.2879960360005498,0.0015384639846161,0.2852972040418535,0.0010215350193902,15,384,mac_latency_test_GL15_PL384,120.47892999649048,15,mac_latency_test,bulk_benchmark
17,0,400,0.4710384160280227,0.1824940720107406,659847.636582911,659847.925127255,659847.636709743,659847.638206695,659847.924095609,659847.924103159,0.2885443440172821,0.0014969520270824,0.2858889140188694,0.0010240960400551,15,384,mac_latency_test_GL15_PL384,120.47892999649048,15,mac_latency_test,bulk_benchmark
18,0,400,0.4483398330048658,0.1596037260605953,659848.211041379,659848.499777486,659848.211179352,659848.212717995,659848.498738831,659848.498746471,0.2887361069442704,0.001538643031381,0.286020835977979,0.0010310149518772,15,384,mac_latency_test_GL15_PL384,120.47892999649048,15,mac_latency_test,bulk_benchmark
19,0,400,0.4487935000215657,0.1580018919776193,659848.761832329,659849.052623937,659848.761979002,659848.763573106,659849.051558591,659849.051565771,0.2907916080439463,0.0015941039891913,0.2879854849306866,0.0010581660317257,15,384,mac_latency_test_GL15_PL384,120.47892999649048,15,mac_latency_test,bulk_benchmark
20,0,400,0.4514312500250526,0.1575386351323686,659849.31531593,659849.609208545,659849.315442692,659849.316922475,659849.608128848,659849.608136458,0.2938926148926839,0.001479782979004,0.2912063730182126,0.0010720869759097,15,384,mac_latency_test_GL15_PL384,120.47892999649048,15,mac_latency_test,bulk_benchmark
21,0,400,0.4884788329945877,0.199369529960677,659849.873196216,659850.162305519,659849.873329748,659849.87482254,659850.161241603,659850.161248833,0.2891093030339107,0.0014927919255569,0.2864190629916265,0.0010566859273239,15,384,mac_latency_test_GL15_PL384,120.47892999649048,15,mac_latency_test,bulk_benchmark
22,0,400,0.457628707983531,0.162106227944605,659850.47039412,659850.7659166,659850.470522722,659850.471987964,659850.764715742,659850.764723262,0.295522480038926,0.0014652420068159,0.2927277779672295,0.0011933379573747,15,384,mac_latency_test_GL15_PL384,120.47892999649048,15,mac_latency_test,bulk_benchmark
23,0,400,0.5591043750173412,0.2647591540007852,659851.031597179,659851.3259424,659851.031753621,659851.033290904,659851.324871954,659851.324879203,0.294345221016556,0.0015372830675914,0.2915810500271618,0.0010631970362737,15,384,mac_latency_test_GL15_PL384,120.47892999649048,15,mac_latency_test,bulk_benchmark
24,0,400,0.5113969999947585,0.2186360610066913,659851.711149689,659852.003910628,659851.711287741,659851.712844385,659852.002852891,659852.002860151,0.2927609389880672,0.0015566439833492,0.2900085060391575,0.0010504770325496,15,384,mac_latency_test_GL15_PL384,120.47892999649048,15,mac_latency_test,bulk_benchmark
25,0,400,0.5083723330171779,0.2158082480309531,659852.318998074,659852.611562159,659852.319170656,659852.32071097,659852.610497313,659852.610504933,0.2925640849862247,0.0015403139404952,0.2897863429971039,0.0010572259780019,15,384,mac_latency_test_GL15_PL384,120.47892999649048,15,mac_latency_test,bulk_benchmark
26,0,400,0.471236040990334,0.1771932930569164,659852.941535901,659853.235578649,659852.941725644,659852.943719814,659853.234509063,659853.234516432,0.2940427479334175,0.0019941698992624,0.2907892490038648,0.0010622169356793,15,384,mac_latency_test_GL15_PL384,120.47892999649048,15,mac_latency_test,bulk_benchmark
27,2,400,0.5495771670248359,0.2538030630676076,659853.502690118,659853.798464222,659853.5028223,659853.504286533,659853.797356764,659853.797364464,0.2957741039572283,0.0014642330352216,0.2930702309822663,0.0010997579665854,15,384,mac_latency_test_GL15_PL384,120.47892999649048,15,mac_latency_test,bulk_benchmark
28,0,400,0.5067474999814294,0.21634013595758,659854.153873139,659854.444280503,659854.154054152,659854.155561965,659854.443216666,659854.443224266,0.2904073640238493,0.0015078129945322,0.2876547010382637,0.0010562369134277,15,384,mac_latency_test_GL15_PL384,120.47892999649048,15,mac_latency_test,bulk_benchmark
29,0,400,0.4497726659756154,0.1597347400384023,659854.76993106,659855.059968986,659854.770093642,659854.771555404,659855.05893066,659855.05893832,0.290037925937213,0.0014617620036005,0.2873752560699358,0.0010306659387424,15,384,mac_latency_test_GL15_PL384,120.47892999649048,15,mac_latency_test,bulk_benchmark
30,0,400,0.4682181670214049,0.1787873090361245,659855.319393198,659855.608824056,659855.319560101,659855.321317497,659855.607781269,659855.60778881,0.2894308579852804,0.0017573959194123,0.2864637720631435,0.0010352459503337,15,384,mac_latency_test_GL15_PL384,120.47892999649048,15,mac_latency_test,bulk_benchmark
31,0,400,0.513252874952741,0.2224386169109493,659855.892897883,659856.183712141,659855.893062225,659855.894539788,659856.182606944,659856.182614784,0.2908142580417916,0.0014775630552321,0.288067155983299,0.001097357016988,15,384,mac_latency_test_GL15_PL384,120.47892999649048,15,mac_latency_test,bulk_benchmark
32,1,400,0.5050720419967547,0.2051265650661662,659856.508532815,659856.808478292,659856.508706688,659856.510334312,659856.807422976,659856.807430747,0.2999454769305885,0.0016276240348815,0.2970886640250683,0.0010475449962541,15,384,mac_latency_test_GL15_PL384,120.47892999649048,15,mac_latency_test,bulk_benchmark
33,0,400,0.5094346670084633,0.21707687509479,659857.1216879,659857.414045692,659857.121832282,659857.123382406,659857.412966896,659857.412974476,0.2923577919136733,0.0015501239104196,0.2895844900049269,0.0010712159564718,15,384,mac_latency_test_GL15_PL384,120.47892999649048,15,mac_latency_test,bulk_benchmark
34,0,400,0.507700958987698,0.2138418039539829,659857.737762379,659858.031621534,659857.737896201,659857.739388274,659858.030589899,659858.030597439,0.293859155033715,0.0014920730609446,0.2912016250193119,0.0010240949923172,15,384,mac_latency_test_GL15_PL384,120.47892999649048,15,mac_latency_test,bulk_benchmark
35,0,400,0.4566980839590542,0.1662839808850549,659858.354501279,659858.644915382,659858.354634571,659858.356183155,659858.643876856,659858.643884006,0.2904141030739993,0.0015485839685425,0.287693700985983,0.0010313760722056,15,384,mac_latency_test_GL15_PL384,120.47892999649048,15,mac_latency_test,bulk_benchmark
36,0,400,0.4618213329813443,0.1732218580436892,659858.911741717,659859.200341192,659858.911872999,659858.913336551,659859.199306816,659859.199314277,0.288599474937655,0.001463552005589,0.2859702649293467,0.0010269149206578,15,384,mac_latency_test_GL15_PL384,120.47892999649048,15,mac_latency_test,bulk_benchmark
37,0,400,0.508678707992658,0.2189269260270521,659859.484340798,659859.77409258,659859.484478171,659859.486013854,659859.773064884,659859.773072564,0.2897517819656059,0.0015356830554082,0.2870510299690068,0.0010200159158557,15,384,mac_latency_test_GL15_PL384,120.47892999649048,15,mac_latency_test,bulk_benchmark
38,2,400,0.4621283750166185,0.1602531800162978,659860.090312235,659860.39218743,659860.090445486,659860.091879447,659860.391112383,659860.391119963,0.3018751950003207,0.0014339609770104,0.2992329359985888,0.001067467033863,15,384,mac_latency_test_GL15_PL384,120.47892999649048,15,mac_latency_test,bulk_benchmark
39,0,400,0.5601903750211932,0.2681862490135245,659860.673116849,659860.965120975,659860.67325608,659860.674834215,659860.96407594,659860.96408327,0.2920041260076687,0.0015781349502503,0.2892417249968275,0.0010377049911767,15,384,mac_latency_test_GL15_PL384,120.47892999649048,15,mac_latency_test,bulk_benchmark
40,0,400,0.5092361249844544,0.2209048129734583,659861.322732646,659861.611063958,659861.322863159,659861.324350901,659861.610041582,659861.610049262,0.288331312010996,0.0014877419453114,0.2856906810775399,0.0010146960848942,15,384,mac_latency_test_GL15_PL384,120.47892999649048,15,mac_latency_test,bulk_benchmark
41,0,400,0.5091265420196578,0.2073507270542904,659861.936768185,659862.238544,659861.936894067,659861.93840009,659862.237430203,659862.237437603,0.3017758149653673,0.0015060229925438,0.2990301130339503,0.0011063970159739,15,384,mac_latency_test_GL15_PL384,120.47892999649048,15,mac_latency_test,bulk_benchmark
42,0,400,0.5083681250107475,0.2196817390504293,659862.550159684,659862.83884607,659862.550285275,659862.551715857,659862.837799174,659862.837806605,0.2886863859603181,0.0014305820222944,0.2860833170125261,0.0010394649580121,15,384,mac_latency_test_GL15_PL384,120.47892999649048,15,mac_latency_test,bulk_benchmark
43,0,400,0.4466643330524675,0.1582184699946083,659863.160702679,659863.449148542,659863.160829422,659863.162297863,659863.448134287,659863.448141827,0.2884458630578592,0.0014684410998597,0.2858364239800721,0.0010067149996757,15,384,mac_latency_test_GL15_PL384,120.47892999649048,15,mac_latency_test,bulk_benchmark
44,0,400,0.4702328330022283,0.1748499640380032,659863.715832444,659864.011215313,659863.715975667,659863.717568251,659864.010074615,659864.010082375,0.295382868964225,0.0015925839543342,0.2925063640577718,0.0011329379631206,15,384,mac_latency_test_GL15_PL384,120.47892999649048,15,mac_latency_test,bulk_benchmark
45,0,400,0.5140522919828072,0.2244630819186568,659864.287393249,659864.576982459,659864.287532681,659864.289067544,659864.575949093,659864.575956113,0.2895892100641504,0.0015348630258813,0.2868815489346161,0.0010263459989801,15,384,mac_latency_test_GL15_PL384,120.47892999649048,15,mac_latency_test,bulk_benchmark
46,0,400,0.4504924999782815,0.1610874129692092,659864.908114499,659865.197519586,659864.908251851,659864.909737044,659865.19645845,659865.196466,0.2894050870090723,0.00148519303184,0.2867214060388505,0.001053585903719,15,384,mac_latency_test_GL15_PL384,120.47892999649048,15,mac_latency_test,bulk_benchmark
47,3,400,0.5668369999621063,0.2608337298734113,659865.462035436,659865.768038706,659865.462173049,659865.463645631,659865.766896368,659865.766904178,0.306003270088695,0.0014725819928571,0.3032507370226085,0.0011345280800014,15,384,mac_latency_test_GL15_PL384,120.47892999649048,15,mac_latency_test,bulk_benchmark
48,0,400,0.4477144589764066,0.1581843789317645,659866.13512138,659866.42465146,659866.135281122,659866.136837516,659866.423593683,659866.423601253,0.2895300800446421,0.0015563939232379,0.2867561670718714,0.0010502070654183,15,384,mac_latency_test_GL15_PL384,120.47892999649048,15,mac_latency_test,bulk_benchmark
49,0,400,0.4481324999942444,0.1594444739748723,659866.685749128,659866.974437154,659866.685877631,659866.687373093,659866.973372378,659866.973379818,0.288688026019372,0.0014954620273783,0.2859992850571871,0.001057335990481,15,384,mac_latency_test_GL15_PL384,120.47892999649048,15,mac_latency_test,bulk_benchmark
50,0,400,0.448666917043738,0.1585217780666425,659867.235823476,659867.525968615,659867.235968608,659867.237662345,659867.524899829,659867.5249066,0.2901451389770955,0.0016937371110543,0.2872374838916585,0.0010620149550959,15,384,mac_latency_test_GL15_PL384,120.47892999649048,15,mac_latency_test,bulk_benchmark
51,0,400,0.4911270840093493,0.186348004033789,659867.791831976,659868.096611056,659867.791974178,659867.793517721,659868.095508579,659868.095516139,0.3047790799755603,0.0015435429522767,0.3019908580463379,0.0010949170682579,15,384,mac_latency_test_GL15_PL384,120.47892999649048,15,mac_latency_test,bulk_benchmark
52,0,400,0.5112121670390479,0.2080306310090236,659868.409651762,659868.712833298,659868.409783403,659868.411265156,659868.711704161,659868.711711321,0.3031815360300243,0.00148175295908,0.3004390050191432,0.0011219769949093,15,384,mac_latency_test_GL15_PL384,120.47892999649048,15,mac_latency_test,bulk_benchmark
53,0,400,0.506610999989789,0.2167598269297741,659869.004239906,659869.294091079,659869.004372298,659869.005857501,659869.292984473,659869.292991913,0.2898511730600148,0.0014852029271423,0.2871269721072167,0.0010991659946739,15,384,mac_latency_test_GL15_PL384,120.47892999649048,15,mac_latency_test,bulk_benchmark
54,2,400,0.5093757920549251,0.210674463014584,659869.627267779,659869.925969108,659869.627405851,659869.628962705,659869.924853052,659869.924861952,0.2987013290403411,0.0015568539965897,0.295890346984379,0.0011071560438722,15,384,mac_latency_test_GL15_PL384,120.47892999649048,15,mac_latency_test,bulk_benchmark
55,0,400,0.4493856659973971,0.1597959460341371,659870.231061514,659870.520651234,659870.231200245,659870.232704838,659870.519563027,659870.519570518,0.28958971996326,0.0015045930631458,0.286858188919723,0.0010807159123942,15,384,mac_latency_test_GL15_PL384,120.47892999649048,15,mac_latency_test,bulk_benchmark
56,2,400,0.4643918750225566,0.1637122569954954,659870.790588946,659871.091268564,659870.790726718,659870.792208191,659871.090178277,659871.090185908,0.3006796180270612,0.001481472980231,0.2979700859868899,0.0010826559737324,15,384,mac_latency_test_GL15_PL384,120.47892999649048,15,mac_latency_test,bulk_benchmark
57,1,400,0.5085266669630073,0.2116409979644231,659871.362110431,659871.6589961,659871.362243353,659871.363726295,659871.657909304,659871.657917034,0.2968856689985841,0.0014829419087618,0.2941830090712756,0.0010790659580379,15,384,mac_latency_test_GL15_PL384,120.47892999649048,15,mac_latency_test,bulk_benchmark
58,0,400,0.5095116660231724,0.2183164309244603,659871.968721796,659872.259917031,659871.968851929,659871.970385061,659872.258812854,659872.258820165,0.2911952350987121,0.0015331320464611,0.2884277929551899,0.0010968660935759,15,384,mac_latency_test_GL15_PL384,120.47892999649048,15,mac_latency_test,bulk_benchmark
59,0,400,0.5083936249720864,0.2130619070376269,659872.589357494,659872.884689212,659872.589508986,659872.591217543,659872.883531675,659872.883538955,0.2953317179344594,0.0017085570143535,0.2923141319770366,0.0011502569541335,15,384,mac_latency_test_GL15_PL384,120.47892999649048,15,mac_latency_test,bulk_benchmark
60,0,400,0.4490366249810904,0.1588224350707605,659873.194490988,659873.484705178,659873.1946258,659873.196151494,659873.483638552,659873.483645762,0.2902141899103299,0.0015256940387189,0.2874870579689741,0.0010594159830361,15,384,mac_latency_test_GL15_PL384,120.47892999649048,15,mac_latency_test,bulk_benchmark
61,0,400,0.4465285839978605,0.1565739080542698,659873.750570819,659874.040525495,659873.750704421,659873.752218524,659874.039491238,659874.039498709,0.2899546759435907,0.0015141030307859,0.287272713962011,0.0010267859324812,15,384,mac_latency_test_GL15_PL384,120.47892999649048,15,mac_latency_test,bulk_benchmark
62,0,400,0.5325541669735685,0.2368716950295493,659874.299137486,659874.594819958,659874.299274888,659874.300768391,659874.593752471,659874.593759661,0.2956824719440192,0.0014935029903426,0.2929840800352394,0.0010602970141917,15,384,mac_latency_test_GL15_PL384,120.47892999649048,15,mac_latency_test,bulk_benchmark
63,0,400,0.4559616670012474,0.160961054963991,659874.94394641,659875.238947022,659874.944119673,659874.945653166,659875.237899247,659875.237906496,0.2950006120372563,0.001533493050374,0.2922460809350014,0.0010405259672552,15,384,mac_latency_test_GL15_PL384,120.47892999649048,15,mac_latency_test,bulk_benchmark
64,4,400,0.5059015839942731,0.2002069700392894,659875.504863944,659875.810558558,659875.505036856,659875.5066359,659875.809461601,659875.809468961,0.3056946139549836,0.0015990439569577,0.3028257009573281,0.0010895970044657,15,384,mac_latency_test_GL15_PL384,120.47892999649048,15,mac_latency_test,bulk_benchmark
65,0,400,0.4972770410240628,0.1993169750203378,659876.153527479,659876.451487545,659876.153706991,659876.155255424,659876.450378788,659876.450386638,0.2979600660037249,0.0015484329778701,0.295123364077881,0.0011009069858118,15,384,mac_latency_test_GL15_PL384,120.47892999649048,15,mac_latency_test,bulk_benchmark
66,2,400,0.5291379999835044,0.2269164479803294,659876.784831308,659877.08705286,659876.78496549,659876.786495124,659877.085938443,659877.085946273,0.302221552003175,0.0015296339988708,0.2994433189742267,0.0011065870057791,15,384,mac_latency_test_GL15_PL384,120.47892999649048,15,mac_latency_test,bulk_benchmark
67,0,400,0.4496414579916745,0.1603920219931751,659877.352219209,659877.641468645,659877.352388392,659877.353997757,659877.640402949,659877.640410369,0.2892494359984994,0.0016093649901449,0.2864051919896155,0.0010582759277895,15,384,mac_latency_test_GL15_PL384,120.47892999649048,15,mac_latency_test,bulk_benchmark
68,0,400,0.4545902500394732,0.162070465972647,659877.907756522,659878.200276306,659877.907896304,659877.909502608,659878.199224581,659878.19923197,0.2925197840668261,0.0016063039656728,0.2897219730075449,0.0010443360079079,15,384,mac_latency_test_GL15_PL384,120.47892999649048,15,mac_latency_test,bulk_benchmark
69,3,400,0.5712426659883931,0.2649729429977014,659878.462647294,659878.768917017,659878.462786285,659878.46442601,659878.767789309,659878.767796649,0.3062697229906916,0.0016397250583395,0.303363298997283,0.0011203680187463,15,384,mac_latency_test_GL15_PL384,120.47892999649048,15,mac_latency_test,bulk_benchmark
70,0,400,0.5068662909907289,0.2160631729639135,659879.138151284,659879.428954402,659879.138283086,659879.139824509,659879.427910847,659879.427918307,0.2908031180268153,0.0015414230292662,0.2880863379687071,0.0010360949672758,15,384,mac_latency_test_GL15_PL384,120.47892999649048,15,mac_latency_test,bulk_benchmark
71,0,400,0.5114358330029063,0.2223575210082344,659879.750993965,659880.040072277,659879.751157897,659879.752630589,659880.03899416,659880.03901732,0.2890783119946718,0.0014726920053362,0.2863635710673406,0.0010549569269642,15,384,mac_latency_test_GL15_PL384,120.47892999649048,15,mac_latency_test,bulk_benchmark
72,0,400,0.4490973330102861,0.1586001090472564,659880.36749865,659880.657995874,659880.367633142,659880.369126005,659880.656912378,659880.656919778,0.2904972239630297,0.0014928629389032,0.2877863730536774,0.0010760959703475,15,384,mac_latency_test_GL15_PL384,120.47892999649048,15,mac_latency_test,bulk_benchmark
73,0,400,0.4633481670171022,0.1706160691101104,659880.924032937,659881.216765035,659880.924168039,659880.925692742,659881.215697078,659881.215704509,0.2927320979069918,0.0015247029950842,0.2900043360423296,0.0010605258867144,15,384,mac_latency_test_GL15_PL384,120.47892999649048,15,mac_latency_test,bulk_benchmark
74,0,400,0.5084720000158995,0.2190146120265126,659881.49608968,659881.785547068,659881.496232282,659881.497832936,659881.784500021,659881.784507902,0.2894573879893869,0.0016006539808586,0.2866670850198716,0.0010391660034656,15,384,mac_latency_test_GL15_PL384,120.47892999649048,15,mac_latency_test,bulk_benchmark
75,0,400,0.4527607920463197,0.160285968973767,659882.109301577,659882.4017764,659882.109442209,659882.110963872,659882.400690303,659882.400697974,0.2924748230725527,0.0015216630417853,0.2897264308994636,0.0010784260230138,15,384,mac_latency_test_GL15_PL384,120.47892999649048,15,mac_latency_test,bulk_benchmark
76,0,400,0.451828041987028,0.1595875539933331,659882.663676662,659882.95591715,659882.663813044,659882.665337837,659882.954825043,659882.954832443,0.2922404879936948,0.0015247929841279,0.289487206027843,0.0010847069788724,15,384,mac_latency_test_GL15_PL384,120.47892999649048,15,mac_latency_test,bulk_benchmark
77,0,400,0.5241269170073792,0.2302605320001021,659883.222494422,659883.516360807,659883.222630354,659883.224146707,659883.515302761,659883.515310281,0.2938663850072771,0.0015163529897108,0.2911560540087521,0.0010505260434001,15,384,mac_latency_test_GL15_PL384,120.47892999649048,15,mac_latency_test,bulk_benchmark
78,0,400,0.5105982079985552,0.213784368999768,659883.849060012,659884.145873851,659883.849199394,659883.850735337,659884.144776944,659884.144784294,0.2968138389987871,0.0015359430108219,0.2940416069468483,0.0010895570740103,15,384,mac_latency_test_GL15_PL384,120.47892999649048,15,mac_latency_test,bulk_benchmark
79,8,400,0.483216916967649,0.1628595509682782,659884.465143272,659884.785500638,659884.465279502,659884.466781005,659884.784278769,659884.784286399,0.3203573659993708,0.0015015030512586,0.3174977640155703,0.0012142389314249,15,384,mac_latency_test_GL15_PL384,120.47892999649048,15,mac_latency_test,bulk_benchmark
80,1,400,0.4698758330196142,0.1662144790170714,659885.057132095,659885.360793449,659885.057268868,659885.058809721,659885.359665172,659885.359673032,0.3036613540025428,0.0015408530598506,0.3008554510306567,0.0011204170295968,15,384,mac_latency_test_GL15_PL384,120.47892999649048,15,mac_latency_test,bulk_benchmark
81,0,400,0.4764895000262186,0.1874912480125203,659885.629110696,659885.918108948,659885.629245588,659885.630753042,659885.917023872,659885.917031672,0.2889982520136982,0.0015074539696797,0.2862708300817758,0.0010772760724648,15,384,mac_latency_test_GL15_PL384,120.47892999649048,15,mac_latency_test,bulk_benchmark
82,2,400,0.5072606250178069,0.1973659569630399,659886.24281091,659886.552705578,659886.242954012,659886.244668109,659886.55154841,659886.55155585,0.3098946680547669,0.0017140969866886,0.3068803009809926,0.0011497280793264,15,384,mac_latency_test_GL15_PL384,120.47892999649048,15,mac_latency_test,bulk_benchmark
83,0,400,0.4582060000393539,0.1588222611462697,659886.817889078,659887.117272817,659886.81805077,659886.819519613,659887.1161409,659887.11614845,0.2993837388930842,0.001468843081966,0.2966212868923321,0.0011243670014664,15,384,mac_latency_test_GL15_PL384,120.47892999649048,15,mac_latency_test,bulk_benchmark
84,0,400,0.5524532909621485,0.24991719488753,659887.392312147,659887.694848243,659887.392470738,659887.394112794,659887.693722266,659887.693729686,0.3025360960746184,0.0016420559259131,0.2996094720438123,0.001118557062,15,384,mac_latency_test_GL15_PL384,120.47892999649048,15,mac_latency_test,bulk_benchmark
85,0,400,0.4497240419732407,0.1583593538962304,659888.038820177,659888.330184865,659888.038953739,659888.040522293,659888.329060667,659888.329068098,0.2913646880770102,0.001568553969264,0.2885383740067482,0.0011167670600116,15,384,mac_latency_test_GL15_PL384,120.47892999649048,15,mac_latency_test,bulk_benchmark
86,0,400,0.4473527079680934,0.1573912920430302,659888.592793775,659888.882755191,659888.592928088,659888.594492332,659888.881680625,659888.881687965,0.2899614159250632,0.001564243924804,0.2871882930630818,0.0010672259377315,15,384,mac_latency_test_GL15_PL384,120.47892999649048,15,mac_latency_test,bulk_benchmark
87,0,400,0.5357886249548756,0.2469573158887215,659889.144601241,659889.43343255,659889.144736723,659889.146253886,659889.432374014,659889.432380814,0.288831309066154,0.0015171630075201,0.286120128002949,0.0010517360642552,15,384,mac_latency_test_GL15_PL384,120.47892999649048,15,mac_latency_test,bulk_benchmark
88,0,400,0.5149521250277758,0.2238919830415398,659889.785547829,659890.076607971,659889.78572136,659889.787204014,659890.075556805,659890.075564385,0.291060141986236,0.0014826540136709,0.2883527909871191,0.0010435859439894,15,384,mac_latency_test_GL15_PL384,120.47892999649048,15,mac_latency_test,bulk_benchmark
89,4,400,0.5069435829645954,0.2016197050106711,659890.403482527,659890.708806405,659890.403617528,659890.405197742,659890.707530226,659890.707538256,0.3053238779539242,0.0015802140114828,0.3023324839305132,0.0012681490043178,15,384,mac_latency_test_GL15_PL384,120.47892999649048,15,mac_latency_test,bulk_benchmark
90,0,400,0.5130054159672,0.2236635500448756,659891.013932251,659891.303274117,659891.014127714,659891.015687917,659891.30215374,659891.30216151,0.2893418659223243,0.001560203032568,0.2864658229518682,0.0011126069584861,15,384,mac_latency_test_GL15_PL384,120.47892999649048,15,mac_latency_test,bulk_benchmark
91,0,400,0.5127491250168532,0.2200628189602866,659891.659393757,659891.952080063,659891.659528988,659891.661057172,659891.950961697,659891.950969506,0.2926863060565665,0.0015281840460374,0.2899045250378549,0.001110557001084,15,384,mac_latency_test_GL15_PL384,120.47892999649048,15,mac_latency_test,bulk_benchmark
92,4,400,0.5096101250383072,0.1881812820793129,659892.24611612,659892.567544963,659892.246253033,659892.247741625,659892.566307965,659892.566315054,0.3214288429589942,0.001488591893576,0.3185663400217891,0.0012299090158194,15,384,mac_latency_test_GL15_PL384,120.47892999649048,15,mac_latency_test,bulk_benchmark
93,0,400,0.501243999984581,0.2123215309693478,659892.8601383,659893.149060769,659892.860273912,659892.861802105,659893.147935152,659893.147942572,0.2889224690152332,0.0015281930100172,0.2861330470768735,0.0011181969894096,15,384,mac_latency_test_GL15_PL384,120.47892999649048,15,mac_latency_test,bulk_benchmark
94,0,400,0.5197790419915691,0.2301114998990669,659893.465836942,659893.755504484,659893.465981584,659893.467598458,659893.754360766,659893.754367986,0.2896675420925021,0.0016168740112334,0.2867623079800978,0.0011364980600774,15,384,mac_latency_test_GL15_PL384,120.47892999649048,15,mac_latency_test,bulk_benchmark
95,1,400,0.5078021250083111,0.2137913579936139,659894.087442496,659894.381453263,659894.087577968,659894.089116331,659894.380283055,659894.380290325,0.2940107670146972,0.0015383629361167,0.2911667240550741,0.0011629379587247,15,384,mac_latency_test_GL15_PL384,120.47892999649048,15,mac_latency_test,bulk_benchmark
96,0,400,0.5100890420144424,0.2196899720001965,659894.704224929,659894.994623999,659894.704361591,659894.705916714,659894.993484052,659894.993491812,0.2903990700142458,0.0015551230171695,0.2875673379749059,0.0011321869678795,15,384,mac_latency_test_GL15_PL384,120.47892999649048,15,mac_latency_test,bulk_benchmark
97,0,400,0.5089720420073718,0.2169040139997378,659895.316471789,659895.608539817,659895.316605671,659895.318165045,659895.60745525,659895.60746266,0.292068028007634,0.0015593740390613,0.2892902049934491,0.0010771570960059,15,384,mac_latency_test_GL15_PL384,120.47892999649048,15,mac_latency_test,bulk_benchmark
98,0,400,0.5107316669891588,0.2179739290731959,659895.933988961,659896.226746699,659895.934156143,659895.935608155,659896.225633512,659896.225640932,0.2927577379159629,0.0014520119875669,0.2900253570405766,0.0011057669762521,15,384,mac_latency_test_GL15_PL384,120.47892999649048,15,mac_latency_test,bulk_benchmark
99,0,400,0.5102590000024065,0.2152484969701618,659896.546206691,659896.841217194,659896.546346624,659896.547907998,659896.840078927,659896.840086327,0.2950105030322447,0.001561373937875,0.292170929023996,0.0011308669345453,15,384,mac_latency_test_GL15_PL384,120.47892999649048,15,mac_latency_test,bulk_benchmark
100,0,400,0.4698861250071786,0.1736283840727992,659897.159825135,659897.456082876,659897.159961948,659897.161500991,659897.454933798,659897.454941448,0.2962577409343794,0.0015390429180115,0.2934328070841729,0.0011414278997108,15,384,mac_latency_test_GL15_PL384,120.47892999649048,15,mac_latency_test,bulk_benchmark
101,0,400,0.5487251659506001,0.2587127689621411,659897.737607223,659898.02761962,659897.737747495,659897.739304589,659898.026549494,659898.026557195,0.2900123969884589,0.0015570940449833,0.287244905019179,0.0010624249698594,15,384,mac_latency_test_GL15_PL384,120.47892999649048,15,mac_latency_test,bulk_benchmark
102,3,400,0.4688258750247769,0.1668754169368185,659898.396469352,659898.69841981,659898.396611404,659898.398206568,659898.697259412,659898.697266982,0.3019504580879584,0.0015951639506965,0.2990528440568596,0.001152827986516,15,384,mac_latency_test_GL15_PL384,120.47892999649048,15,mac_latency_test,bulk_benchmark
103,0,400,0.4509942500153556,0.1605024860473349,659898.966619496,659899.25711126,659898.966753818,659898.968290911,659899.256048163,659899.256055653,0.2904917639680207,0.0015370930777862,0.287757251993753,0.0010556069901213,15,384,mac_latency_test_GL15_PL384,120.47892999649048,15,mac_latency_test,bulk_benchmark
104,0,400,0.5039986670017242,0.2118950289441272,659899.525125603,659899.817229241,659899.525261985,659899.526770168,659899.816133885,659899.816141125,0.292103638057597,0.001508182962425,0.2893637169618159,0.0010881159687414,15,384,mac_latency_test_GL15_PL384,120.47892999649048,15,mac_latency_test,bulk_benchmark
105,0,400,0.456712957995478,0.1618439970188774,659900.132661343,659900.427530304,659900.132821165,659900.134614533,659900.426466928,659900.426474048,0.2948689609766006,0.0017933680210262,0.2918523949338123,0.0010562558891251,15,384,mac_latency_test_GL15_PL384,120.47892999649048,15,mac_latency_test,bulk_benchmark
106,0,400,0.5621707910322584,0.2624780990299769,659900.691586218,659900.99127891,659900.691725811,659900.693303095,659900.990181664,659900.990189534,0.2996926920022815,0.0015772839542478,0.2968785690609365,0.0010893759317696,15,384,mac_latency_test_GL15_PL384,120.47892999649048,15,mac_latency_test,bulk_benchmark
107,0,400,0.5111391670070589,0.222599992994219,659901.36132726,659901.649866434,659901.361464362,659901.363034646,659901.648779358,659901.648786779,0.2885391740128398,0.0015702840173617,0.2857447119895369,0.0010796550195664,15,384,mac_latency_test_GL15_PL384,120.47892999649048,15,mac_latency_test,bulk_benchmark
108,0,400,0.5134837920195423,0.2244676610571332,659901.977273268,659902.266289399,659901.97740838,659901.978908452,659902.265225434,659902.265232644,0.2890161309624091,0.0015000719577074,0.2863169820047915,0.0010567549616098,15,384,mac_latency_test_GL15_PL384,120.47892999649048,15,mac_latency_test,bulk_benchmark
109,0,400,0.5098260000231676,0.2194843080942519,659902.58750398,659902.877845672,659902.587635992,659902.589119095,659902.876762435,659902.876769675,0.2903416919289157,0.0014831030275672,0.2876433399505913,0.0010759970173239,15,384,mac_latency_test_GL15_PL384,120.47892999649048,15,mac_latency_test,bulk_benchmark
110,0,400,0.450085999967996,0.1616053769248537,659903.199157333,659903.487637956,659903.199295024,659903.200786497,659903.48658083,659903.48658852,0.2884806230431422,0.0014914729399606,0.2857943329727277,0.0010494360467419,15,384,mac_latency_test_GL15_PL384,120.47892999649048,15,mac_latency_test,bulk_benchmark
111,0,400,0.4679522499791346,0.1785788250272162,659903.758079678,659904.047453103,659903.758219029,659903.759763984,659904.046376786,659904.046384306,0.2893734249519184,0.0015449549537152,0.2866128019522875,0.0010687969624996,15,384,mac_latency_test_GL15_PL384,120.47892999649048,15,mac_latency_test,bulk_benchmark
112,0,400,0.4564924999722279,0.1581485570059158,659904.327045161,659904.625389104,659904.327194844,659904.328863459,659904.624149436,659904.624157076,0.2983439429663121,0.00166861503385,0.2952859769575298,0.0012320280075073,15,384,mac_latency_test_GL15_PL384,120.47892999649048,15,mac_latency_test,bulk_benchmark
113,0,400,0.5641937080072239,0.2750697459559887,659904.931510926,659905.220634888,659904.931645077,659904.93313806,659905.219568643,659905.219576413,0.2891239620512351,0.0014929830795153,0.2864305829862132,0.0010584749979898,15,384,mac_latency_test_GL15_PL384,120.47892999649048,15,mac_latency_test,bulk_benchmark
114,0,400,0.5070176660083234,0.2174529370386153,659905.559640719,659905.849205448,659905.559777621,659905.561303704,659905.848138382,659905.848145962,0.2895647289697081,0.0015260830987244,0.2868346779141575,0.0010594859486445,15,384,mac_latency_test_GL15_PL384,120.47892999649048,15,mac_latency_test,bulk_benchmark
115,0,400,0.4509997079730965,0.1599255249020643,659906.169782058,659906.460856241,659906.16991307,659906.171422303,659906.459758464,659906.459765854,0.2910741830710321,0.0015092329122126,0.2883361610583961,0.0010903871152549,15,384,mac_latency_test_GL15_PL384,120.47892999649048,15,mac_latency_test,bulk_benchmark
116,3,400,0.475914082955569,0.1602163069183007,659906.725346401,659907.041044177,659906.725488913,659906.727126788,659907.03986372,659907.03987104,0.3156977760372683,0.001637874986045,0.3127369319554418,0.0011731369886547,15,384,mac_latency_test_GL15_PL384,120.47892999649048,15,mac_latency_test,bulk_benchmark
117,0,400,0.464282666973304,0.1632934960653074,659907.308127028,659907.609116199,659907.30826026,659907.309786453,659907.607974903,659907.607982473,0.3009891709079966,0.0015261929947882,0.298188449931331,0.001133725978434,15,384,mac_latency_test_GL15_PL384,120.47892999649048,15,mac_latency_test,bulk_benchmark
118,0,400,0.4859819160192273,0.1893019879353232,659907.876617524,659908.173297452,659907.876756757,659907.878331241,659908.172191026,659908.172198486,0.2966799280839041,0.0015744839329272,0.2938597850734368,0.001098965993151,15,384,mac_latency_test_GL15_PL384,120.47892999649048,15,mac_latency_test,bulk_benchmark
119,0,400,0.4722767079947516,0.1777151220012456,659908.463597403,659908.758158989,659908.463734915,659908.465265499,659908.757062252,659908.757069823,0.294561585993506,0.0015305839478969,0.2917967530665919,0.0010891660349443,15,384,mac_latency_test_GL15_PL384,120.47892999649048,15,mac_latency_test,bulk_benchmark
120,0,400,0.4494814170175232,0.1600005779764615,659909.048367459,659909.337848298,659909.048503111,659909.050096535,659909.336772572,659909.336779952,0.2894808390410617,0.0015934240072965,0.2866760370088741,0.0010683459695428,15,384,mac_latency_test_GL15_PL384,120.47892999649048,15,mac_latency_test,bulk_benchmark
121,3,400,0.5613274589995854,0.2580974019947462,659909.601086749,659909.904316806,659909.601221511,659909.602722493,659909.903183249,659909.903190609,0.3032300570048392,0.0015009819762781,0.3004607560578733,0.0011261970503255,15,384,mac_latency_test_GL15_PL384,120.47892999649048,15,mac_latency_test,bulk_benchmark
122,0,400,0.5121239580330439,0.2171987980254925,659910.303760512,659910.598685672,659910.303915294,659910.305445287,659910.597536496,659910.597544106,0.2949251600075513,0.0015299930237233,0.2920912089757621,0.0011415660846978,15,384,mac_latency_test_GL15_PL384,120.47892999649048,15,mac_latency_test,bulk_benchmark
123,1,400,0.5007623329875059,0.205473656009417,659910.893907888,659911.189196565,659910.894077782,659910.895597005,659911.188093589,659911.188100939,0.2952886769780889,0.0015192229766398,0.2924965840065852,0.0010956259211525,15,384,mac_latency_test_GL15_PL384,120.47892999649048,15,mac_latency_test,bulk_benchmark
124,0,400,0.5051094169612043,0.2167839080211706,659911.500172202,659911.788497711,659911.500306324,659911.501841417,659911.787450795,659911.787458495,0.2883255089400336,0.0015350930625572,0.2856093778973445,0.0010392159456387,15,384,mac_latency_test_GL15_PL384,120.47892999649048,15,mac_latency_test,bulk_benchmark
125,0,400,0.5118312909617089,0.2226462179678492,659912.10825891,659912.397443983,659912.108390481,659912.109881003,659912.396368867,659912.396376177,0.2891850729938596,0.0014905220596119,0.286487863981165,0.0010678060352802,15,384,mac_latency_test_GL15_PL384,120.47892999649048,15,mac_latency_test,bulk_benchmark
126,0,400,0.5129026669892482,0.2247787899686955,659912.721551867,659913.009675744,659912.721696499,659912.723150231,659913.008615919,659913.008623369,0.2881238770205527,0.0014537319075316,0.285465688095428,0.0010523749515414,15,384,mac_latency_test_GL15_PL384,120.47892999649048,15,mac_latency_test,bulk_benchmark
127,0,400,0.5093297089915723,0.2164075990440324,659913.342596233,659913.635518343,659913.342735385,659913.344244807,659913.634351295,659913.634358666,0.2929221099475398,0.0015094219706952,0.2901064879260957,0.0011596769327297,15,384,mac_latency_test_GL15_PL384,120.47892999649048,15,mac_latency_test,bulk_benchmark
128,0,400,0.5106129589839838,0.2187840849510394,659913.953820169,659914.245649043,659913.953956131,659913.955472894,659914.244534977,659914.244542177,0.2918288740329444,0.0015167630044743,0.2890620830003172,0.0011068660533055,15,384,mac_latency_test_GL15_PL384,120.47892999649048,15,mac_latency_test,bulk_benchmark
129,0,400,0.4486651249462738,0.1606479479232803,659914.568702351,659914.856719528,659914.568836574,659914.570383946,659914.855667531,659914.855674571,0.2880171770229935,0.0015473719686269,0.2852835850790143,0.0010449569672346,15,384,mac_latency_test_GL15_PL384,120.47892999649048,15,mac_latency_test,bulk_benchmark
130,0,400,0.4498877910082228,0.1613422170630656,659915.129828348,659915.418373922,659915.129957389,659915.131457962,659915.417298996,659915.417307396,0.2885455739451572,0.0015005730092525,0.2858410340268165,0.0010665260488167,15,384,mac_latency_test_GL15_PL384,120.47892999649048,15,mac_latency_test,bulk_benchmark
131,0,400,0.517116500006523,0.2285734250326641,659915.691142837,659915.979685912,659915.6913039,659915.692905115,659915.978624047,659915.978631636,0.2885430749738589,0.0016012149862945,0.2857189320493489,0.0010542760137468,15,384,mac_latency_test_GL15_PL384,120.47892999649048,15,mac_latency_test,bulk_benchmark
132,0,400,0.4494639170006849,0.1564322839840315,659916.306263232,659916.599294865,659916.306396234,659916.307858517,659916.598230349,659916.598237929,0.2930316330166533,0.001462283078581,0.290371831972152,0.0010569359874352,15,384,mac_latency_test_GL15_PL384,120.47892999649048,15,mac_latency_test,bulk_benchmark
133,1,400,0.4558046669699251,0.164054234046489,659916.87333941,659917.165089843,659916.873472822,659916.874992195,659917.164016977,659917.164024507,0.2917504329234361,0.0015193730359897,0.2890247819013893,0.0010653359349817,15,384,mac_latency_test_GL15_PL384,120.47892999649048,15,mac_latency_test,bulk_benchmark
134,0,400,0.4485417919931933,0.1603649229509756,659917.430768201,659917.71894507,659917.430900033,659917.432422126,659917.717902904,659917.717910175,0.2881768690422177,0.0015220929635688,0.2854807780822739,0.0010348950745537,15,384,mac_latency_test_GL15_PL384,120.47892999649048,15,mac_latency_test,bulk_benchmark
135,0,400,0.448267208004836,0.1600745780742727,659917.989580763,659918.277773393,659917.989723765,659917.991213898,659918.276698687,659918.276706287,0.2881926299305632,0.0014901331160217,0.2854847889393568,0.0010671059135347,15,384,mac_latency_test_GL15_PL384,120.47892999649048,15,mac_latency_test,bulk_benchmark
136,0,400,0.5247949999757111,0.2365377799142152,659918.546759581,659918.835016801,659918.546889962,659918.548381665,659918.833952904,659918.833960015,0.2882572200614959,0.0014917029766365,0.2855712389573455,0.0010567860445007,15,384,mac_latency_test_GL15_PL384,120.47892999649048,15,mac_latency_test,bulk_benchmark
137,0,400,0.5053900000057183,0.2109604559955187,659919.179061167,659919.473490711,659919.179193109,659919.180662312,659919.472425564,659919.472433404,0.2944295440101996,0.0014692029217258,0.2917632519965991,0.0010573070030659,15,384,mac_latency_test_GL15_PL384,120.47892999649048,15,mac_latency_test,bulk_benchmark
138,0,400,0.5047067920095287,0.2157596210599877,659919.799505262,659920.088452433,659919.799639605,659919.801127378,659920.087389138,659920.087396648,0.288947170949541,0.0014877730282023,0.2862617599312216,0.0010557849891483,15,384,mac_latency_test_GL15_PL384,120.47892999649048,15,mac_latency_test,bulk_benchmark
139,0,400,0.5030228329706006,0.2145147899282165,659920.418150823,659920.706658866,659920.418282235,659920.419749877,659920.705566579,659920.705574519,0.2885080430423841,0.0014676419086754,0.2858167020604014,0.0010843470226973,15,384,mac_latency_test_GL15_PL384,120.47892999649048,15,mac_latency_test,bulk_benchmark
140,0,400,0.5080506249796599,0.2185746160103008,659921.020726257,659921.310202266,659921.020858159,659921.022418234,659921.309089499,659921.309096869,0.2894760089693591,0.001560074975714,0.2866712649120018,0.0011053970083594,15,384,mac_latency_test_GL15_PL384,120.47892999649048,15,mac_latency_test,bulk_benchmark
141,1,400,0.5070316669880413,0.2064081590506248,659921.6382716,659921.938895108,659921.638413772,659921.639976296,659921.937792171,659921.937799371,0.3006235079374164,0.0015625240048393,0.297815875033848,0.0010957369813695,15,384,mac_latency_test_GL15_PL384,120.47892999649048,15,mac_latency_test,bulk_benchmark
142,0,400,0.5028979170019738,0.2068539769970812,659922.256248228,659922.552292168,659922.256384341,659922.257918153,659922.550792394,659922.550800794,0.2960439400048926,0.0015338119119405,0.2928742410149425,0.0014913739869371,15,384,mac_latency_test_GL15_PL384,120.47892999649048,15,mac_latency_test,bulk_benchmark
143,3,400,0.4945149580016732,0.1944361979840323,659922.870757765,659923.170836525,659922.870892937,659922.872403349,659923.169722328,659923.169729488,0.3000787600176409,0.0015104120830073,0.2973189789336175,0.0011070370674133,15,384,mac_latency_test_GL15_PL384,120.47892999649048,15,mac_latency_test,bulk_benchmark
144,2,400,0.51723670901265,0.2209821579745039,659923.469068536,659923.765323087,659923.469197189,659923.470685772,659923.76420668,659923.76421366,0.296254551038146,0.0014885830460116,0.2935209079878405,0.0011094269575551,15,384,mac_latency_test_GL15_PL384,120.47892999649048,15,mac_latency_test,bulk_benchmark
145,0,400,0.503449667012319,0.2026971670566126,659924.09933631,659924.40008881,659924.099473373,659924.100982116,659924.398981314,659924.398988434,0.3007524999557063,0.001508742920123,0.2979991980828345,0.001100376015529,15,384,mac_latency_test_GL15_PL384,120.47892999649048,15,mac_latency_test,bulk_benchmark
146,0,400,0.5019998330390081,0.2136672920314595,659924.717461393,659925.005793934,659924.717616245,659924.71921709,659925.004731358,659925.004738778,0.2883325410075485,0.0016008450184017,0.2855142679763958,0.0010551559971645,15,384,mac_latency_test_GL15_PL384,120.47892999649048,15,mac_latency_test,bulk_benchmark
147,0,400,0.50377191696316,0.2147506549954414,659925.326730999,659925.615752261,659925.326881741,659925.328538326,659925.614703445,659925.614710895,0.2890212619677186,0.0016565849073231,0.2861651190323755,0.0010413660202175,15,384,mac_latency_test_GL15_PL384,120.47892999649048,15,mac_latency_test,bulk_benchmark
148,0,400,0.5056851250119507,0.2169657580088824,659925.940184789,659926.228904156,659925.940317601,659925.941862265,659926.227864111,659926.227871321,0.2887193670030683,0.0015446640318259,0.2860018459614366,0.0010328349890187,15,384,mac_latency_test_GL15_PL384,120.47892999649048,15,mac_latency_test,bulk_benchmark
149,0,400,0.507941791031044,0.2159758640336804,659926.552236738,659926.844202665,659926.552371711,659926.553878334,659926.843139229,659926.843146589,0.2919659269973635,0.0015066229971125,0.2892608949914574,0.0010560760274529,15,384,mac_latency_test_GL15_PL384,120.47892999649048,15,mac_latency_test,bulk_benchmark
150,3,400,0.6053397079813294,0.2935933110420592,659927.20463763,659927.516384027,659927.204774852,659927.206322095,659927.515257289,659927.515264549,0.3117463969392702,0.0015472429804503,0.3089351940434426,0.001119478023611,15,384,mac_latency_test_GL15_PL384,120.47892999649048,15,mac_latency_test,bulk_benchmark
151,0,400,0.4938247090321965,0.2046845049480907,659927.879573972,659928.168714176,659927.879709775,659927.881274259,659928.16761506,659928.16762231,0.2891402040841058,0.0015644839731976,0.2863408010452986,0.0010918660555034,15,384,mac_latency_test_GL15_PL384,120.47892999649048,15,mac_latency_test,bulk_benchmark
152,0,400,0.5210570840281434,0.2320806530187837,659928.484516724,659928.773493155,659928.484650856,659928.486205489,659928.772411578,659928.772418558,0.2889764310093596,0.0015546330250799,0.2862060889601707,0.0010745970066636,15,384,mac_latency_test_GL15_PL384,120.47892999649048,15,mac_latency_test,bulk_benchmark
153,0,400,0.5054972920333967,0.2153807330178097,659929.112039757,659929.402156316,659929.112179149,659929.113791734,659929.401032709,659929.40104062,0.2901165590155869,0.0016125850379467,0.2872409750707447,0.0011156959226354,15,384,mac_latency_test_GL15_PL384,120.47892999649048,15,mac_latency_test,bulk_benchmark
154,0,400,0.5160015000146814,0.2228969849529676,659929.720185207,659930.013289722,659929.72033588,659929.721911133,659930.012216505,659930.012223505,0.2931045150617137,0.0015752530889585,0.2903053719783202,0.0010662170825526,15,384,mac_latency_test_GL15_PL384,120.47892999649048,15,mac_latency_test,bulk_benchmark
155,0,400,0.5089292079792358,0.2076972110080532,659930.339812382,659930.641044379,659930.339983774,659930.341743611,659930.639910391,659930.639917261,0.3012319969711825,0.0017598370322957,0.2981667799176648,0.0011271180119365,15,384,mac_latency_test_GL15_PL384,120.47892999649048,15,mac_latency_test,bulk_benchmark
156,3,400,0.5113067909842357,0.2123246979899704,659930.954836695,659931.253818788,659930.954970798,659930.956482081,659931.252678881,659931.252686241,0.2989820929942652,0.0015112829860299,0.2961968000745401,0.0011325470404699,15,384,mac_latency_test_GL15_PL384,120.47892999649048,15,mac_latency_test,bulk_benchmark
157,4,400,0.506175542017445,0.2052843390265479,659931.578219556,659931.879110759,659931.578351329,659931.5797931,659931.877966841,659931.877974272,0.300891202990897,0.0014417710481211,0.2981737409718334,0.0011364870006218,15,384,mac_latency_test_GL15_PL384,120.47892999649048,15,mac_latency_test,bulk_benchmark
158,0,400,0.5151441249763593,0.2261572739807889,659932.177892368,659932.466879219,659932.178066201,659932.179615434,659932.465788913,659932.465796493,0.2889868509955704,0.0015492329839617,0.2861734789330512,0.0010827260557562,15,384,mac_latency_test_GL15_PL384,120.47892999649048,15,mac_latency_test,bulk_benchmark
159,3,400,0.5148033750010654,0.2131055609788745,659932.808993786,659933.1106916,659932.809180958,659932.810799593,659933.109504412,659933.109511743,0.3016978140221908,0.0016186350258067,0.2987048190552741,0.0011798570631071,15,384,mac_latency_test_GL15_PL384,120.47892999649048,15,mac_latency_test,bulk_benchmark
160,0,400,0.5014624170144089,0.2130574740585871,659933.421840447,659933.71024539,659933.421983069,659933.423483343,659933.709152993,659933.709160203,0.2884049429558217,0.0015002739382907,0.2856696500675753,0.0010851869592443,15,384,mac_latency_test_GL15_PL384,120.47892999649048,15,mac_latency_test,bulk_benchmark
161,0,400,0.5073479160200804,0.2194722919957712,659934.027257917,659934.315133541,659934.027392139,659934.028845851,659934.314055085,659934.314063055,0.2878756240243092,0.0014537120005115,0.2852092339890077,0.001070486032404,15,384,mac_latency_test_GL15_PL384,120.47892999649048,15,mac_latency_test,bulk_benchmark
162,0,400,0.5125097919953987,0.2132285150000825,659934.638489573,659934.93777085,659934.638622966,659934.640090658,659934.936638353,659934.936646173,0.2992812769953161,0.0014676919672638,0.2965476950630545,0.0011246770154684,15,384,mac_latency_test_GL15_PL384,120.47892999649048,15,mac_latency_test,bulk_benchmark
163,0,400,0.5088804579572752,0.2207535238703712,659935.253330068,659935.541457002,659935.25346386,659935.255068614,659935.540394187,659935.540401407,0.2881269340869039,0.001604754012078,0.2853255729423836,0.0010555949993431,15,384,mac_latency_test_GL15_PL384,120.47892999649048,15,mac_latency_test,bulk_benchmark
164,0,400,0.5052898330031894,0.2151883440674282,659935.876179717,659936.166281206,659935.876333911,659935.878060906,659936.165123958,659936.165131168,0.2901014889357611,0.0017269949894398,0.2870630520628765,0.0011500379769131,15,384,mac_latency_test_GL15_PL384,120.47892999649048,15,mac_latency_test,bulk_benchmark
165,0,400,0.5062245410517789,0.2184657690231688,659936.484368008,659936.77212678,659936.48450194,659936.485978202,659936.771068995,659936.771076245,0.2877587720286101,0.0014762619975954,0.285090793040581,0.0010505350073799,15,384,mac_latency_test_GL15_PL384,120.47892999649048,15,mac_latency_test,bulk_benchmark
166,4,400,0.502300624968484,0.1891568279825151,659937.103248922,659937.416392719,659937.103381305,659937.104855807,659937.412652022,659937.412659432,0.3131437969859689,0.00147450203076,0.3077962149400264,0.0037332869833335,15,384,mac_latency_test_GL15_PL384,120.47892999649048,15,mac_latency_test,bulk_benchmark
167,0,400,0.5126545419916511,0.224340952001512,659937.708103352,659937.996416942,659937.708235994,659937.709749917,659937.995358287,659937.995365757,0.288313589990139,0.0015139230526983,0.2856083699734881,0.0010511849541217,15,384,mac_latency_test_GL15_PL384,120.47892999649048,15,mac_latency_test,bulk_benchmark
168,5,400,0.5123497910099104,0.1880141940200701,659938.322894672,659938.647230269,659938.323058814,659938.324604877,659938.646042321,659938.646049891,0.3243355969898402,0.0015460629947483,0.3214374439558014,0.0011803780216723,15,384,mac_latency_test_GL15_PL384,120.47892999649048,15,mac_latency_test,bulk_benchmark
169,0,400,0.5046899580047466,0.2158121790853329,659938.947892148,659939.236769927,659938.94807671,659938.949707565,659939.235695501,659939.235702451,0.2888777789194137,0.0016308550257235,0.2859879359602928,0.0010674759978428,15,384,mac_latency_test_GL15_PL384,120.47892999649048,15,mac_latency_test,bulk_benchmark
170,0,400,0.452256667020265,0.163753273023758,659939.558976503,659939.847479897,659939.559133295,659939.560591467,659939.84640464,659939.84641198,0.2885033939965069,0.001458171987906,0.2858131730463356,0.0010679169790819,15,384,mac_latency_test_GL15_PL384,120.47892999649048,15,mac_latency_test,bulk_benchmark
171,0,400,0.4499257919960655,0.1610856638872064,659940.110279952,659940.39912008,659940.110414155,659940.111878476,659940.398023973,659940.398031623,0.288840128108859,0.0014643210452049,0.2861454969970509,0.0010884570656344,15,384,mac_latency_test_GL15_PL384,120.47892999649048,15,mac_latency_test,bulk_benchmark
172,0,400,0.4642687499872409,0.1750594860059209,659940.676072399,659940.965281663,659940.676208041,659940.677719854,659940.964204976,659940.964212176,0.2892092639813199,0.0015118130249902,0.2864851219346747,0.001069486956112,15,384,mac_latency_test_GL15_PL384,120.47892999649048,15,mac_latency_test,bulk_benchmark
173,0,400,0.4499408330302685,0.1610810130368918,659941.238459734,659941.527319554,659941.238597656,659941.240173311,659941.526239417,659941.526246768,0.2888598199933767,0.0015756549546495,0.2860661060549319,0.0010727860499173,15,384,mac_latency_test_GL15_PL384,120.47892999649048,15,mac_latency_test,bulk_benchmark
174,0,400,0.5204698749585077,0.2163060930324718,659941.797350308,659942.10151409,659941.797486641,659941.799038885,659942.100362313,659942.100369602,0.3041637819260359,0.0015522440662607,0.3013234279351309,0.0011444879928603,15,384,mac_latency_test_GL15_PL384,120.47892999649048,15,mac_latency_test,bulk_benchmark
175,0,400,0.5015060409787111,0.2129723770194687,659942.430457728,659942.718991392,659942.43059363,659942.432085693,659942.717916125,659942.717923605,0.2885336639592424,0.0014920630492269,0.2858304319670424,0.0010677869431674,15,384,mac_latency_test_GL15_PL384,120.47892999649048,15,mac_latency_test,bulk_benchmark
176,1,400,0.4645057499874383,0.1602799789980054,659943.033577222,659943.337802993,659943.033753234,659943.035292898,659943.336638236,659943.336645225,0.3042257709894329,0.0015396639937534,0.3013453379971906,0.0011577680706977,15,384,mac_latency_test_GL15_PL384,120.47892999649048,15,mac_latency_test,bulk_benchmark
177,0,400,0.5592044169898145,0.270814454939682,659943.604132682,659943.892522644,659943.604265734,659943.605788627,659943.891450737,659943.891457868,0.2883899620501324,0.0015228930860757,0.2856621099635958,0.0010647759772837,15,384,mac_latency_test_GL15_PL384,120.47892999649048,15,mac_latency_test,bulk_benchmark
178,0,400,0.5127895000041462,0.223948829981964,659944.258879257,659944.547719927,659944.2590411,659944.260516802,659944.546648551,659944.546656151,0.2888406700221821,0.0014757019234821,0.2861317490460351,0.0010637760860845,15,384,mac_latency_test_GL15_PL384,120.47892999649048,15,mac_latency_test,bulk_benchmark
179,0,400,0.4551545829745009,0.1661953019211068,659944.893172715,659945.182131996,659944.893302197,659944.894769529,659945.180964207,659945.180971457,0.2889592810533941,0.0014673320110887,0.2861946780467406,0.0011605389881879,15,384,mac_latency_test_GL15_PL384,120.47892999649048,15,mac_latency_test,bulk_benchmark
180,0,400,0.5520042079733685,0.2636840569321066,659945.454640877,659945.742961028,659945.45478893,659945.456434094,659945.741888022,659945.741895512,0.2883201510412618,0.0016451639821752,0.2854539280524477,0.0010655160294845,15,384,mac_latency_test_GL15_PL384,120.47892999649048,15,mac_latency_test,bulk_benchmark
181,0,400,0.4472877500229515,0.1578048400697298,659946.115772099,659946.405255009,659946.115904542,659946.117410844,659946.404185252,659946.404192612,0.2894829099532217,0.0015063019236549,0.2867744080722332,0.0010623969137668,15,384,mac_latency_test_GL15_PL384,120.47892999649048,15,mac_latency_test,bulk_benchmark
182,0,400,0.4676906250533648,0.1776223381166346,659946.661373903,659946.95144219,659946.661509035,659946.663025768,659946.950345884,659946.950353533,0.2900682869367301,0.0015167329693213,0.2873201159527525,0.001088656950742,15,384,mac_latency_test_GL15_PL384,120.47892999649048,15,mac_latency_test,bulk_benchmark
183,0,400,0.5055439170100726,0.2140946180443279,659947.239621469,659947.531070768,659947.239755841,659947.241266724,659947.529959291,659947.529966551,0.2914492989657447,0.0015108829829841,0.2886925670318305,0.0011042170226573,15,384,mac_latency_test_GL15_PL384,120.47892999649048,15,mac_latency_test,bulk_benchmark
184,4,400,0.5115131669444963,0.2096703919814899,659947.847655678,659948.149498453,659947.84778816,659947.849284412,659948.148374836,659948.148382016,0.3018427749630064,0.0014962520217522,0.2990904239704832,0.0011164370225742,15,384,mac_latency_test_GL15_PL384,120.47892999649048,15,mac_latency_test,bulk_benchmark
185,0,400,0.4536272079567425,0.1580945768509991,659948.468686053,659948.764218684,659948.468818434,659948.470350409,659948.763100516,659948.763108307,0.2955326311057433,0.0015319749945774,0.2927501070080325,0.0011103770229965,15,384,mac_latency_test_GL15_PL384,120.47892999649048,15,mac_latency_test,bulk_benchmark
186,0,400,0.4501990829594433,0.1620774848852306,659949.035969473,659949.324091071,659949.036140086,659949.037663549,659949.323023876,659949.323031686,0.2881215980742126,0.0015234629390761,0.2853603269904852,0.0010593850165605,15,384,mac_latency_test_GL15_PL384,120.47892999649048,15,mac_latency_test,bulk_benchmark
187,0,400,0.5083710409817286,0.2155168200260959,659949.594994038,659949.887848259,659949.595154111,659949.596627023,659949.886760812,659949.886768082,0.2928542209556326,0.0014729119138792,0.2901337890652939,0.0010801769094541,15,384,mac_latency_test_GL15_PL384,120.47892999649048,15,mac_latency_test,bulk_benchmark
188,0,400,0.4518357909983024,0.1629563410533592,659950.211294253,659950.500173703,659950.211425735,659950.212894877,659950.499100726,659950.499108186,0.2888794499449432,0.0014691419200971,0.2862058490281924,0.0010655169608071,15,384,mac_latency_test_GL15_PL384,120.47892999649048,15,mac_latency_test,bulk_benchmark
189,0,400,0.4625017920043319,0.171921827015467,659950.765812011,659951.056391976,659950.765949442,659950.767518586,659951.055318249,659951.055326059,0.2905799649888649,0.001569143962115,0.2877996630268171,0.0010659169638529,15,384,mac_latency_test_GL15_PL384,120.47892999649048,15,mac_latency_test,bulk_benchmark
190,0,400,0.5025430410169065,0.2145342340227216,659951.338119827,659951.626128634,659951.338255579,659951.339746822,659951.625053717,659951.625060747,0.2880088069941848,0.0014912430197,0.285306895035319,0.0010678869439288,15,384,mac_latency_test_GL15_PL384,120.47892999649048,15,mac_latency_test,bulk_benchmark
191,0,400,0.5120539580238983,0.2223251550458371,659951.942167744,659952.231896547,659951.942298936,659951.943742049,659952.230808301,659952.230816041,0.2897288029780611,0.0014431130839511,0.2870662519708276,0.0010805060155689,15,384,mac_latency_test_GL15_PL384,120.47892999649048,15,mac_latency_test,bulk_benchmark
192,1,400,0.5028779169660993,0.2069507899577729,659952.567336263,659952.86326339,659952.567469274,659952.568925407,659952.862148642,659952.862155673,0.2959271270083263,0.0014561329735442,0.2932232349412516,0.0011077170493081,15,384,mac_latency_test_GL15_PL384,120.47892999649048,15,mac_latency_test,bulk_benchmark
193,0,400,0.4581942079821601,0.1586355569306761,659953.173720837,659953.473279488,659953.173852008,659953.175358162,659953.472138641,659953.472146521,0.299558651051484,0.0015061540761962,0.2967804790241644,0.001132967066951,15,384,mac_latency_test_GL15_PL384,120.47892999649048,15,mac_latency_test,bulk_benchmark
194,0,400,0.5536095830029808,0.2650007800548337,659953.74432693,659954.032935733,659953.744466292,659953.746081346,659954.031879457,659954.031887027,0.288608802948147,0.001615053974092,0.2857981109991669,0.0010487060062587,15,384,mac_latency_test_GL15_PL384,120.47892999649048,15,mac_latency_test,bulk_benchmark
195,4,400,0.5080507499515079,0.2043507049675099,659954.40474727,659954.708447315,659954.404881042,659954.406412595,659954.707279666,659954.707286637,0.3037000449839979,0.0015315529890358,0.3008670710260048,0.0011606779880821,15,384,mac_latency_test_GL15_PL384,120.47892999649048,15,mac_latency_test,bulk_benchmark
196,0,400,0.5084158749668859,0.2195458349888213,659955.019663303,659955.308533343,659955.019798395,659955.021306318,659955.307450147,659955.307458047,0.2888700399780646,0.0015079230070114,0.2861438289983198,0.0010752959642559,15,384,mac_latency_test_GL15_PL384,120.47892999649048,15,mac_latency_test,bulk_benchmark
197,0,400,0.5029915000195615,0.2134424710529856,659955.640207881,659955.92975691,659955.640338363,659955.641841086,659955.928665574,659955.928672894,0.2895490289665758,0.001502722967416,0.286824488081038,0.001084015937522,15,384,mac_latency_test_GL15_PL384,120.47892999649048,15,mac_latency_test,bulk_benchmark
198,0,400,0.478943458001595,0.1904555040528066,659956.283626146,659956.5721141,659956.283758538,659956.28523961,659956.571024423,659956.571032653,0.2884879539487883,0.0014810720458626,0.28578481299337,0.0010814470006152,15,384,mac_latency_test_GL15_PL384,120.47892999649048,15,mac_latency_test,bulk_benchmark
199,2,400,0.4553277079830877,0.1587419710704125,659956.842317366,659957.138903103,659956.842459178,659956.844070772,659957.137792055,659957.137799376,0.2965857369126752,0.0016115939943119,0.2937212830875069,0.0011037269141525,15,384,mac_latency_test_GL15_PL384,120.47892999649048,15,mac_latency_test,bulk_benchmark
200,0,400,0.5813061250373721,0.288397844065912,659957.425250984,659957.718159265,659957.425409677,659957.427052722,659957.717079479,659957.717086569,0.29290828097146,0.0016430449904873,0.2900267570512369,0.0010726959444582,15,384,mac_latency_test_GL15_PL384,120.47892999649048,15,mac_latency_test,bulk_benchmark
