request_id,num_generated_notes,generation_start_tick,round_trip_time,total_network_latency,server_request_arrival_time,server_response_output_time,server_preprocess_start_time,server_inference_start_time,server_inference_end_time,server_postprocess_start_time,server_processing_duration,preprocess_duration,inference_duration,postprocess_duration,generation_length_frames,prompt_length_ticks,experiment_name,experiment_duration,generation_length,experiment_source,experiment_type
3,0,400,0.1905092920060269,0.1585734290420077,659602.775512764,659602.807448627,659602.775651766,659602.777175609,659602.807159003,659602.807166224,0.0319358629640191,0.0015238430351018,0.0299833939643576,0.0002824029652401,1,384,mac_latency_test_GL1_PL384,60.243120193481445,1,mac_latency_test,bulk_benchmark
5,0,400,0.1914214589633047,0.1590666599804535,659603.357375731,659603.38973053,659603.357513193,659603.359056876,659603.389405106,659603.389412606,0.0323547989828512,0.0015436829999089,0.0303482299204915,0.0003179239574819,1,384,mac_latency_test_GL1_PL384,60.243120193481445,1,mac_latency_test,bulk_benchmark
6,0,400,0.1897576659685,0.1570098199881613,659603.654129838,659603.686877684,659603.65429965,659603.65629813,659603.686553548,659603.686561149,0.0327478459803387,0.0019984800601378,0.0302554179215803,0.0003165350062772,1,384,mac_latency_test_GL1_PL384,60.243120193481445,1,mac_latency_test,bulk_benchmark
7,0,400,0.1896814589854329,0.1580179099692031,659603.946398977,659603.978062526,659603.946533839,659603.94794611,659603.977776762,659603.977784312,0.0316635490162298,0.0014122710563242,0.0298306519398465,0.0002782139927148,1,384,mac_latency_test_GL1_PL384,60.243120193481445,1,mac_latency_test,bulk_benchmark
9,0,400,0.1912422080058604,0.159258282976225,659604.551082029,659604.583065954,659604.551217221,659604.552719834,659604.582717219,659604.582724659,0.0319839250296354,0.0015026130713522,0.0299973849905654,0.0003412950318306,1,384,mac_latency_test_GL1_PL384,60.243120193481445,1,mac_latency_test,bulk_benchmark
10,0,400,0.1959203330334276,0.1599288380239159,659604.847249907,659604.883241402,659604.847383369,659604.848806561,659604.882848067,659604.882855557,0.0359914950095117,0.0014231919776648,0.034041506005451,0.0003858449636027,1,384,mac_latency_test_GL1_PL384,60.243120193481445,1,mac_latency_test,bulk_benchmark
11,0,400,0.191551083989907,0.1597585819545202,659605.146968859,659605.178761361,659605.147127981,659605.148576054,659605.178421646,659605.178429115,0.0317925020353868,0.0014480730751529,0.0298455919837579,0.000332246068865,1,384,mac_latency_test_GL1_PL384,60.243120193481445,1,mac_latency_test,bulk_benchmark
12,0,400,0.1899416669621132,0.1581475060083903,659605.439420841,659605.471215002,659605.439551293,659605.441056806,659605.470894658,659605.470901568,0.0317941609537228,0.0015055129770189,0.0298378519946709,0.0003134340513497,1,384,mac_latency_test_GL1_PL384,60.243120193481445,1,mac_latency_test,bulk_benchmark
14,0,400,0.1963649580138735,0.1646547860582359,659606.065775942,659606.097486114,659606.065908275,659606.067342866,659606.097165759,659606.097173659,0.0317101719556376,0.0014345910167321,0.0298228929750621,0.0003124549984931,1,384,mac_latency_test_GL1_PL384,60.243120193481445,1,mac_latency_test,bulk_benchmark
15,0,400,0.1904765000217594,0.1578695669886656,659606.367498906,659606.400105839,659606.367668778,659606.369580658,659606.399708213,659606.399715733,0.0326069330330938,0.0019118799827992,0.0301275550154969,0.0003901059972122,1,384,mac_latency_test_GL1_PL384,60.243120193481445,1,mac_latency_test,bulk_benchmark
19,0,400,0.192506332998164,0.1607600919669494,659607.58545136,659607.617197601,659607.585583843,659607.587039274,659607.616877607,659607.616884877,0.0317462410312145,0.0014554309891536,0.0298383329063653,0.0003127240343019,1,384,mac_latency_test_GL1_PL384,60.243120193481445,1,mac_latency_test,bulk_benchmark
20,0,400,0.1990973749780096,0.1670521699707023,659607.885893593,659607.917938798,659607.886057076,659607.887494747,659607.917537323,659607.917544713,0.0320452050073072,0.0014376709004864,0.0300425760215148,0.0003940849564969,1,384,mac_latency_test_GL1_PL384,60.243120193481445,1,mac_latency_test,bulk_benchmark
21,0,400,0.1899166249786503,0.1570410280837677,659608.188065323,659608.22094092,659608.188201325,659608.189652077,659608.220479964,659608.220487433,0.0328755968948826,0.0014507520245388,0.0308278870070353,0.000453486922197,1,384,mac_latency_test_GL1_PL384,60.243120193481445,1,mac_latency_test,bulk_benchmark
22,0,400,0.1920897079980932,0.1600544229731895,659608.483591301,659608.515626586,659608.483724153,659608.485173455,659608.515250521,659608.515258271,0.0320352850249037,0.0014493019552901,0.0300770660396665,0.0003683150280267,1,384,mac_latency_test_GL1_PL384,60.243120193481445,1,mac_latency_test,bulk_benchmark
23,0,400,0.190082750050351,0.1575438580475747,659608.780655074,659608.813193966,659608.780799125,659608.78242659,659608.812781799,659608.812789009,0.0325388920027762,0.0016274650115519,0.0303552090190351,0.0004049570998176,1,384,mac_latency_test_GL1_PL384,60.243120193481445,1,mac_latency_test,bulk_benchmark
25,0,400,0.1933906250051222,0.1612392890383489,659609.372151976,659609.404303312,659609.372292368,659609.373880322,659609.403935717,659609.403942687,0.0321513359667733,0.0015879540005698,0.0300553949782624,0.0003606249811127,1,384,mac_latency_test_GL1_PL384,60.243120193481445,1,mac_latency_test,bulk_benchmark
26,0,400,0.1910563340061344,0.158805706014391,659609.666917412,659609.69916804,659609.667086365,659609.66876198,659609.698786065,659609.698793345,0.0322506279917433,0.0016756149707362,0.0300240849610418,0.0003746949369087,1,384,mac_latency_test_GL1_PL384,60.243120193481445,1,mac_latency_test,bulk_benchmark
27,0,400,0.1908804169506766,0.1588221609708853,659609.958817195,659609.990875451,659609.958952438,659609.96043517,659609.990495615,659609.990503306,0.0320582559797912,0.0014827320119366,0.0300604450749233,0.0003721449756994,1,384,mac_latency_test_GL1_PL384,60.243120193481445,1,mac_latency_test,bulk_benchmark
29,0,400,0.1930952920229174,0.1609580460353754,659610.551261013,659610.583398259,659610.551396785,659610.552824437,659610.583022964,659610.583030794,0.0321372459875419,0.0014276520814746,0.0301985269179567,0.0003674649633467,1,384,mac_latency_test_GL1_PL384,60.243120193481445,1,mac_latency_test,bulk_benchmark
30,0,400,0.1909552920260466,0.1592279620817862,659610.849546824,659610.881274154,659610.849700756,659610.851165238,659610.880952128,659610.88095928,0.0317273299442604,0.0014644819311797,0.0297868900233879,0.0003148739924654,1,384,mac_latency_test_GL1_PL384,60.243120193481445,1,mac_latency_test,bulk_benchmark
31,0,400,0.189081749995239,0.1573735889978706,659611.144919059,659611.17662722,659611.145079382,659611.146507363,659611.176318955,659611.176326184,0.0317081609973683,0.0014279809547588,0.0298115920741111,0.0003010360524058,1,384,mac_latency_test_GL1_PL384,60.243120193481445,1,mac_latency_test,bulk_benchmark
32,0,400,0.1900304590235464,0.1583042480633594,659611.437206088,659611.468932299,659611.437339,659611.438765871,659611.468601894,659611.468609414,0.031726210960187,0.0014268709346652,0.0298360229935497,0.0003228849964216,1,384,mac_latency_test_GL1_PL384,60.243120193481445,1,mac_latency_test,bulk_benchmark
33,0,400,0.1918899589800276,0.1600474679726176,659611.730426772,659611.762269263,659611.730565984,659611.732124407,659611.761963649,659611.761970409,0.0318424910074099,0.001558422925882,0.0298392419936135,0.0002988540800288,1,384,mac_latency_test_GL1_PL384,60.243120193481445,1,mac_latency_test,bulk_benchmark
34,0,400,0.1926802909583784,0.1607405369286425,659612.028429427,659612.060369181,659612.028567099,659612.030138693,659612.060037856,659612.060045206,0.0319397540297359,0.0015715940389782,0.0298991629388183,0.0003239749930799,1,384,mac_latency_test_GL1_PL384,60.243120193481445,1,mac_latency_test,bulk_benchmark
35,0,400,0.1945046660257503,0.1626467340392992,659612.325154354,659612.357012286,659612.325294096,659612.326768098,659612.35666537,659612.356672682,0.0318579319864511,0.0014740020269528,0.0298972720047459,0.0003396039828658,1,384,mac_latency_test_GL1_PL384,60.243120193481445,1,mac_latency_test,bulk_benchmark
36,1,400,0.1970812079962343,0.1609026090009138,659612.623040247,659612.659218846,659612.623177,659612.624642242,659612.65885605,659612.658863541,0.0361785989953205,0.0014652420068159,0.0342138080159202,0.0003553050337359,1,384,mac_latency_test_GL1_PL384,60.243120193481445,1,mac_latency_test,bulk_benchmark
37,0,400,0.1906968340044841,0.1589118230622261,659612.919787655,659612.951572666,659612.919921278,659612.921400459,659612.951236521,659612.951244061,0.0317850109422579,0.0014791809953749,0.0298360619926825,0.0003286049468442,1,384,mac_latency_test_GL1_PL384,60.243120193481445,1,mac_latency_test,bulk_benchmark
38,0,400,0.1932473750202916,0.16145002405392,659613.214506001,659613.246303352,659613.214639252,659613.216102454,659613.245972228,659613.245979558,0.0317973509663715,0.0014632019447162,0.0298697740072384,0.0003237939672544,1,384,mac_latency_test_GL1_PL384,60.243120193481445,1,mac_latency_test,bulk_benchmark
39,0,400,0.1892115829978138,0.1575158330379054,659613.513069316,659613.544765066,659613.513200567,659613.514639519,659613.544467011,659613.544474141,0.0316957499599084,0.0014389520511031,0.0298274919623509,0.0002909250324591,1,384,mac_latency_test_GL1_PL384,60.243120193481445,1,mac_latency_test,bulk_benchmark
40,0,400,0.1895019169896841,0.1576998750679195,659613.808180358,659613.8399824,659613.808314179,659613.809788371,659613.839654494,659613.839661584,0.0318020419217646,0.001474192016758,0.0298661229899153,0.0003208159469068,1,384,mac_latency_test_GL1_PL384,60.243120193481445,1,mac_latency_test,bulk_benchmark
41,0,400,0.1898933339980431,0.1582379550090991,659614.099023794,659614.130679173,659614.099165666,659614.100594928,659614.130370889,659614.130377829,0.0316553789889439,0.0014292619889602,0.0297759609529748,0.0003013440873473,1,384,mac_latency_test_GL1_PL384,60.243120193481445,1,mac_latency_test,bulk_benchmark
42,0,400,0.1923819580115378,0.1605970760574564,659614.392978789,659614.424763671,659614.393144101,659614.394609794,659614.424443816,659614.424450896,0.0317848819540813,0.0014656929997727,0.0298340219305828,0.0003127750242128,1,384,mac_latency_test_GL1_PL384,60.243120193481445,1,mac_latency_test,bulk_benchmark
43,2,400,0.1973585000378079,0.1581322660786099,659614.687209888,659614.726436122,659614.68734243,659614.688829613,659614.726101928,659614.726109418,0.039226233959198,0.0014871830353513,0.0372723150067031,0.0003267040010541,1,384,mac_latency_test_GL1_PL384,60.243120193481445,1,mac_latency_test,bulk_benchmark
44,0,400,0.1930889579816721,0.161251485988032,659614.987458048,659615.01929552,659614.98759511,659614.989134253,659615.018979396,659615.018986266,0.03183747199364,0.0015391430351883,0.0298451429698616,0.0003092540428042,1,384,mac_latency_test_GL1_PL384,60.243120193481445,1,mac_latency_test,bulk_benchmark
45,0,400,0.194203833991196,0.1624210130539722,659615.288433459,659615.32021628,659615.288564432,659615.290050414,659615.319863495,659615.319870706,0.0317828209372237,0.0014859820948913,0.0298130809096619,0.0003455739933997,1,384,mac_latency_test_GL1_PL384,60.243120193481445,1,mac_latency_test,bulk_benchmark
46,0,400,0.1916989170131273,0.1596493999822996,659615.584243161,659615.616292678,659615.584394284,659615.586030679,659615.615908982,659615.615916502,0.0320495170308277,0.0016363951144739,0.0298783029429614,0.0003761760890483,1,384,mac_latency_test_GL1_PL384,60.243120193481445,1,mac_latency_test,bulk_benchmark
47,0,400,0.1931167080183513,0.161341996921692,659615.884578454,659615.916353165,659615.884711035,659615.886215658,659615.916033599,659615.916040889,0.0317747110966593,0.0015046230982989,0.0298179409001022,0.0003122760681435,1,384,mac_latency_test_GL1_PL384,60.243120193481445,1,mac_latency_test,bulk_benchmark
48,0,400,0.1930526249925606,0.1612098019686527,659616.184502288,659616.216345111,659616.1846359,659616.186105862,659616.215993885,659616.216022325,0.0318428230239078,0.0014699620660394,0.029888022923842,0.000322786043398,1,384,mac_latency_test_GL1_PL384,60.243120193481445,1,mac_latency_test,bulk_benchmark
50,0,400,0.1910948330187238,0.1593858119449578,659616.789517956,659616.821226977,659616.789664239,659616.79110809,659616.820890762,659616.820898262,0.031709021073766,0.0014438509242609,0.0297826720634475,0.0003287150757387,1,384,mac_latency_test_GL1_PL384,60.243120193481445,1,mac_latency_test,bulk_benchmark
51,0,400,0.1929542089928873,0.1612238779780455,659617.084283093,659617.116013424,659617.084416155,659617.085876988,659617.115698389,659617.115705659,0.0317303310148417,0.0014608330093324,0.0298214009962975,0.0003077649744227,1,384,mac_latency_test_GL1_PL384,60.243120193481445,1,mac_latency_test,bulk_benchmark
52,0,400,0.1912822909653186,0.1595688599627465,659617.378550572,659617.410264003,659617.378681794,659617.380124556,659617.409936199,659617.409943059,0.0317134310025721,0.0014427619753405,0.0298116429476067,0.0003209440037608,1,384,mac_latency_test_GL1_PL384,60.243120193481445,1,mac_latency_test,bulk_benchmark
53,0,400,0.1916808750247582,0.1597253810614347,659617.672287364,659617.704242858,659617.672431526,659617.67405091,659617.703925533,659617.703932653,0.0319554939633235,0.0016193840419873,0.0298746229382231,0.0003102050395682,1,384,mac_latency_test_GL1_PL384,60.243120193481445,1,mac_latency_test,bulk_benchmark
54,0,400,0.1918325840379111,0.1596778480452485,659617.96632983,659617.998484566,659617.966464452,659617.968025506,659617.998098741,659617.998106361,0.0321547359926626,0.0015610540285706,0.0300732350442558,0.0003782049752771,1,384,mac_latency_test_GL1_PL384,60.243120193481445,1,mac_latency_test,bulk_benchmark
56,0,400,0.1915181249496527,0.1595799009664915,659618.576827361,659618.608765585,659618.576976853,659618.578579167,659618.608443399,659618.608450879,0.0319382239831611,0.0016023140633478,0.0298642319394275,0.000314706005156,1,384,mac_latency_test_GL1_PL384,60.243120193481445,1,mac_latency_test,bulk_benchmark
57,0,400,0.1904503750265576,0.1586520539713092,659618.868970049,659618.90076837,659618.86913152,659618.870661503,659618.900466915,659618.900474165,0.0317983210552483,0.0015299830120056,0.0298054119339212,0.0002942050341516,1,384,mac_latency_test_GL1_PL384,60.243120193481445,1,mac_latency_test,bulk_benchmark
58,0,400,0.1921936669969,0.1602015320095233,659619.164284003,659619.196276138,659619.164418575,659619.165894088,659619.195916592,659619.195923652,0.0319921349873766,0.0014755129814147,0.0300225040409714,0.0003524859203025,1,384,mac_latency_test_GL1_PL384,60.243120193481445,1,mac_latency_test,bulk_benchmark
59,0,400,0.1947074590134434,0.1625317419529892,659619.464712136,659619.496887853,659619.464844227,659619.46631374,659619.496519888,659619.496527768,0.0321757170604541,0.0014695130521431,0.0302061480470001,0.0003600850468501,1,384,mac_latency_test_GL1_PL384,60.243120193481445,1,mac_latency_test,bulk_benchmark
60,0,400,0.1983222909620963,0.1664024869096465,659619.768831295,659619.800751099,659619.768967108,659619.770530411,659619.800443233,659619.800450824,0.0319198040524497,0.001563303056173,0.0299128219485282,0.000300275045447,1,384,mac_latency_test_GL1_PL384,60.243120193481445,1,mac_latency_test,bulk_benchmark
61,0,400,0.1903772089863196,0.1586135069373995,659620.062716838,659620.09448054,659620.06285232,659620.064323233,659620.094169504,659620.094176825,0.03176370204892,0.0014709129463881,0.0298462710343301,0.0003037150017917,1,384,mac_latency_test_GL1_PL384,60.243120193481445,1,mac_latency_test,bulk_benchmark
62,0,400,0.1923072500503622,0.1605028290650807,659620.361500417,659620.393304838,659620.36164683,659620.363102431,659620.392944763,659620.392951873,0.0318044209852814,0.0014556009555235,0.0298423320055007,0.0003529649693518,1,384,mac_latency_test_GL1_PL384,60.243120193481445,1,mac_latency_test,bulk_benchmark
63,0,400,0.1901855420437641,0.1584496319410391,659620.658813812,659620.690549722,659620.658947144,659620.660419146,659620.690249848,659620.690257248,0.031735910102725,0.0014720018953084,0.0298307019984349,0.0002924740547314,1,384,mac_latency_test_GL1_PL384,60.243120193481445,1,mac_latency_test,bulk_benchmark
64,0,400,0.1967758340178989,0.1644692239933647,659620.960848018,659620.993154628,659620.960990591,659620.962665216,659620.992770402,659620.992777552,0.0323066100245341,0.0016746249748393,0.0301051860442385,0.0003770759794861,1,384,mac_latency_test_GL1_PL384,60.243120193481445,1,mac_latency_test,bulk_benchmark
65,0,400,0.1918209579889662,0.1598188940552063,659621.256338587,659621.288340651,659621.256476329,659621.258052363,659621.287965986,659621.287972986,0.0320020639337599,0.001576033886522,0.0299136230023577,0.0003676649648696,1,384,mac_latency_test_GL1_PL384,60.243120193481445,1,mac_latency_test,bulk_benchmark
66,0,400,0.1917285000090487,0.1598873480106704,659621.550079498,659621.58192065,659621.55022741,659621.551728843,659621.581560695,659621.581567844,0.0318411519983783,0.0015014329692348,0.0298318519489839,0.0003528059460222,1,384,mac_latency_test_GL1_PL384,60.243120193481445,1,mac_latency_test,bulk_benchmark
67,0,400,0.1912692080368288,0.159378505020868,659621.848538491,659621.880429194,659621.848674382,659621.850171955,659621.880050148,659621.880059069,0.0318907030159607,0.001497572986409,0.0298781930468976,0.0003701249370351,1,384,mac_latency_test_GL1_PL384,60.243120193481445,1,mac_latency_test,bulk_benchmark
69,0,400,0.1948153339908458,0.16255073499633,659622.439278713,659622.471543312,659622.439428196,659622.441045429,659622.471174746,659622.471181957,0.0322645989945158,0.0016172329196706,0.030129317077808,0.0003613549051806,1,384,mac_latency_test_GL1_PL384,60.243120193481445,1,mac_latency_test,bulk_benchmark
70,0,400,0.1923009589663706,0.1603321139118634,659622.737272379,659622.769241224,659622.737405551,659622.738836343,659622.768844428,659622.768851897,0.0319688450545072,0.0014307920355349,0.0300080849556252,0.0003893270622938,1,384,mac_latency_test_GL1_PL384,60.243120193481445,1,mac_latency_test,bulk_benchmark
71,0,400,0.1960868330206722,0.1638225350761786,659623.03884666,659623.071110958,659623.038993572,659623.040784139,659623.070754643,659623.070762433,0.0322642979444935,0.0017905669519677,0.0299705039942637,0.0003485250053927,1,384,mac_latency_test_GL1_PL384,60.243120193481445,1,mac_latency_test,bulk_benchmark
72,0,400,0.1931561669916845,0.1597534299944527,659623.335502444,659623.368905181,659623.335681117,659623.337412904,659623.368241391,659623.368249441,0.0334027369972318,0.0017317869933322,0.030828487011604,0.0006557399174198,1,384,mac_latency_test_GL1_PL384,60.243120193481445,1,mac_latency_test,bulk_benchmark
73,0,400,0.1924215420149266,0.1599396700039506,659623.633754065,659623.666235937,659623.633889827,659623.635420061,659623.665833391,659623.665840741,0.032481872010976,0.0015302340034395,0.0304133300669491,0.0003951960243284,1,384,mac_latency_test_GL1_PL384,60.243120193481445,1,mac_latency_test,bulk_benchmark
75,0,400,0.1947072920156642,0.1622313701082021,659624.220137131,659624.252613053,659624.220275703,659624.221772326,659624.252219948,659624.252226868,0.0324759219074621,0.0014966230373829,0.030447621946223,0.0003861850127577,1,384,mac_latency_test_GL1_PL384,60.243120193481445,1,mac_latency_test,bulk_benchmark
76,0,400,0.192079417000059,0.159572243981529,659624.517306465,659624.549813638,659624.517441327,659624.518879658,659624.549407501,659624.549415201,0.03250717301853,0.0014383309753611,0.030527843046002,0.0003984370268881,1,384,mac_latency_test_GL1_PL384,60.243120193481445,1,mac_latency_test,bulk_benchmark
77,0,400,0.1944674589904025,0.1624626429984346,659624.810973324,659624.84297814,659624.811140666,659624.812564008,659624.842666324,659624.842673216,0.0320048159919679,0.0014233420370146,0.0301023159408941,0.0003049239749088,1,384,mac_latency_test_GL1_PL384,60.243120193481445,1,mac_latency_test,bulk_benchmark
78,0,400,0.1984100840054452,0.1665305700153112,659625.11955104,659625.151430554,659625.119686033,659625.121152726,659625.151108868,659625.151116019,0.031879513990134,0.0014666930073872,0.0299561419524252,0.0003145349910482,1,384,mac_latency_test_GL1_PL384,60.243120193481445,1,mac_latency_test,bulk_benchmark
80,0,400,0.1929567499901168,0.1606989410356618,659625.703040243,659625.735298052,659625.703177985,659625.704618427,659625.734897625,659625.734904876,0.0322578089544549,0.0014404419343918,0.0302791980793699,0.0003931759856641,1,384,mac_latency_test_GL1_PL384,60.243120193481445,1,mac_latency_test,bulk_benchmark
81,0,400,0.1939571659895591,0.1613191620563157,659626.001175521,659626.033813525,659626.001325694,659626.002909798,659626.033379319,659626.033386779,0.0326380039332434,0.0015841039130464,0.0304695210652425,0.0004267459735274,1,384,mac_latency_test_GL1_PL384,60.243120193481445,1,mac_latency_test,bulk_benchmark
83,0,400,0.1895866660051979,0.1577185630449094,659626.629062815,659626.660930918,659626.629198688,659626.630673051,659626.660606024,659626.660613564,0.0318681029602885,0.0014743630308657,0.0299329729750752,0.0003173539880663,1,384,mac_latency_test_GL1_PL384,60.243120193481445,1,mac_latency_test,bulk_benchmark
84,0,400,0.1926909160101786,0.1601470629684627,659626.922728836,659626.955272689,659626.922892968,659626.924565624,659626.954880614,659626.954887804,0.0325438530417159,0.001672655926086,0.0303149899700656,0.0003848850028589,1,384,mac_latency_test_GL1_PL384,60.243120193481445,1,mac_latency_test,bulk_benchmark
85,0,400,0.2003103329916484,0.168465641036164,659627.224418028,659627.25626272,659627.22455774,659627.226058513,659627.255935365,659627.255942625,0.0318446919554844,0.0015007730107754,0.0298768519423902,0.0003200949868187,1,384,mac_latency_test_GL1_PL384,60.243120193481445,1,mac_latency_test,bulk_benchmark
86,0,400,0.1996923330007121,0.1679302420234307,659627.530897283,659627.562659374,659627.531064815,659627.532503867,659627.56236785,659627.562374999,0.0317620909772813,0.0014390520518645,0.0298639829270541,0.0002843749243766,1,384,mac_latency_test_GL1_PL384,60.243120193481445,1,mac_latency_test,bulk_benchmark
87,0,400,0.1922035419847816,0.1605551720131188,659627.826959939,659627.858608309,659627.827125471,659627.828550683,659627.858328324,659627.858335404,0.0316483699716627,0.0014252120163291,0.0297776410588994,0.0002729049883782,1,384,mac_latency_test_GL1_PL384,60.243120193481445,1,mac_latency_test,bulk_benchmark
88,0,400,0.1924888329813256,0.1607242509489879,659628.124907014,659628.156671596,659628.125072377,659628.126556488,659628.156382711,659628.156390121,0.0317645820323377,0.0014841109514236,0.0298262230353429,0.0002814750187098,1,384,mac_latency_test_GL1_PL384,60.243120193481445,1,mac_latency_test,bulk_benchmark
90,0,400,0.1898827500408515,0.158179510035552,659628.7382802,659628.76998344,659628.738414702,659628.739873294,659628.769706406,659628.769713235,0.0317032400052994,0.0014585920143872,0.0298331120284274,0.0002702050842344,1,384,mac_latency_test_GL1_PL384,60.243120193481445,1,mac_latency_test,bulk_benchmark
92,0,400,0.1953828749828972,0.1634960319497622,659629.328437482,659629.360324325,659629.328581175,659629.330220309,659629.360037471,659629.360044721,0.0318868430331349,0.0016391340177506,0.0298171620815992,0.0002796039916574,1,384,mac_latency_test_GL1_PL384,60.243120193481445,1,mac_latency_test,bulk_benchmark
93,0,400,0.1915875419508665,0.1597509899875149,659629.625942401,659629.657778953,659629.626091153,659629.627499095,659629.657472369,659629.657479769,0.0318365519633516,0.0014079420361667,0.0299732739804312,0.0002991840010508,1,384,mac_latency_test_GL1_PL384,60.243120193481445,1,mac_latency_test,bulk_benchmark
94,0,400,0.1910950840101577,0.1592705209623091,659629.920985902,659629.952810465,659629.921153615,659629.922665668,659629.95250293,659629.952509651,0.0318245630478486,0.0015120529569685,0.0298372620018199,0.0003008140483871,1,384,mac_latency_test_GL1_PL384,60.243120193481445,1,mac_latency_test,bulk_benchmark
95,0,400,0.1935122499708086,0.1616616370156407,659630.221894742,659630.253745355,659630.222055144,659630.223472986,659630.2534135,659630.25342061,0.0318506129551678,0.0014178419951349,0.0299405140103772,0.0003247449640184,1,384,mac_latency_test_GL1_PL384,60.243120193481445,1,mac_latency_test,bulk_benchmark
96,0,400,0.191041124984622,0.1593915959820151,659630.518937504,659630.550587033,659630.519097486,659630.520529379,659630.550295479,659630.55030297,0.0316495290026068,0.0014318929752334,0.0297660999931395,0.0002840630477294,1,384,mac_latency_test_GL1_PL384,60.243120193481445,1,mac_latency_test,bulk_benchmark
98,0,400,0.1918214160250499,0.1600951950531453,659631.099987719,659631.13171394,659631.100153712,659631.101583184,659631.131433986,659631.131440966,0.0317262209719046,0.0014294720022007,0.0298508020350709,0.0002729739062488,1,384,mac_latency_test_GL1_PL384,60.243120193481445,1,mac_latency_test,bulk_benchmark
99,0,400,0.1978572920197621,0.1659759399481117,659631.404045468,659631.43592682,659631.40418106,659631.405757443,659631.435636186,659631.435643616,0.0318813520716503,0.0015763830160722,0.0298787429928779,0.0002832040190696,1,384,mac_latency_test_GL1_PL384,60.243120193481445,1,mac_latency_test,bulk_benchmark
101,0,400,0.1918114590225741,0.1600894379662349,659632.017107587,659632.048829608,659632.01724329,659632.018719432,659632.048526314,659632.048533254,0.0317220210563391,0.0014761419733986,0.0298068820266053,0.0002963540609925,1,384,mac_latency_test_GL1_PL384,60.243120193481445,1,mac_latency_test,bulk_benchmark
102,0,400,0.1893825000151991,0.1576028199633583,659632.31082168,659632.34260136,659632.310955153,659632.312451404,659632.342281656,659632.342288756,0.0317796800518408,0.0014962510904297,0.0298302519368007,0.0003126040101051,1,384,mac_latency_test_GL1_PL384,60.243120193481445,1,mac_latency_test,bulk_benchmark
103,0,400,0.1920460840337909,0.1603440341423265,659632.607687168,659632.639389218,659632.60781693,659632.609302723,659632.639105714,659632.639113144,0.0317020498914644,0.0014857929199934,0.0298029910773038,0.0002760739298537,1,384,mac_latency_test_GL1_PL384,60.243120193481445,1,mac_latency_test,bulk_benchmark
104,0,400,0.198611959000118,0.1668337871087715,659632.911922028,659632.9437002,659632.912083731,659632.913524923,659632.943408926,659632.943416106,0.0317781718913465,0.0014411919983103,0.029884002986364,0.0002840938977897,1,384,mac_latency_test_GL1_PL384,60.243120193481445,1,mac_latency_test,bulk_benchmark
105,0,400,0.1998096670140512,0.1679976139566861,659633.212251239,659633.244063292,659633.212385012,659633.213867445,659633.243699646,659633.243706816,0.0318120530573651,0.0014824330573901,0.0298322009621188,0.0003564760554581,1,384,mac_latency_test_GL1_PL384,60.243120193481445,1,mac_latency_test,bulk_benchmark
106,0,400,0.1957736249896697,0.1640278540435247,659633.51642627,659633.548172041,659633.516560431,659633.518051014,659633.547860786,659633.547868016,0.031745770946145,0.0014905830612406,0.0298097719205543,0.0003040250157937,1,384,mac_latency_test_GL1_PL384,60.243120193481445,1,mac_latency_test,bulk_benchmark
109,0,400,0.1941224999609403,0.1622729689697735,659634.400954045,659634.432803576,659634.401120136,659634.402595709,659634.432465632,659634.432472622,0.0318495309911668,0.0014755729353055,0.0298699230188503,0.0003309539752081,1,384,mac_latency_test_GL1_PL384,60.243120193481445,1,mac_latency_test,bulk_benchmark
110,0,400,0.1921297920052893,0.1602646289975382,659634.693444797,659634.72530996,659634.693581649,659634.695161283,659634.724992195,659634.725014536,0.0318651630077511,0.0015796340303495,0.0298309120116755,0.0002954240189865,1,384,mac_latency_test_GL1_PL384,60.243120193481445,1,mac_latency_test,bulk_benchmark
111,0,400,0.1925165409920737,0.1603841739706695,659634.988949595,659635.021081962,659634.989116938,659634.99060357,659635.020682866,659635.020690256,0.0321323670214042,0.0014866320416331,0.0300792959751561,0.0003917060093954,1,384,mac_latency_test_GL1_PL384,60.243120193481445,1,mac_latency_test,bulk_benchmark
112,0,400,0.1943641669931821,0.162556355993729,659635.286911271,659635.318719082,659635.287075603,659635.288541585,659635.318398597,659635.318406037,0.031807810999453,0.0014659819426015,0.0298570119775831,0.0003130449913442,1,384,mac_latency_test_GL1_PL384,60.243120193481445,1,mac_latency_test,bulk_benchmark
113,0,400,0.1950214999960735,0.1618955280864611,659635.582814955,659635.615940927,659635.582993387,659635.584830255,659635.615554691,659635.61556148,0.0331259719096124,0.0018368680030107,0.0307244359282776,0.0003794468939304,1,384,mac_latency_test_GL1_PL384,60.243120193481445,1,mac_latency_test,bulk_benchmark
114,0,400,0.1937960409559309,0.1619407900143414,659635.883479772,659635.915335023,659635.883616874,659635.885100177,659635.915023399,659635.915031059,0.0318552509415894,0.0014833030290901,0.029923222027719,0.0003039640141651,1,384,mac_latency_test_GL1_PL384,60.243120193481445,1,mac_latency_test,bulk_benchmark
115,0,400,0.1976006670156493,0.1656532830093056,659636.187432618,659636.219380002,659636.18757117,659636.189046611,659636.219025656,659636.219033616,0.0319473840063437,0.0014754409203305,0.0299790450371801,0.0003463859902694,1,384,mac_latency_test_GL1_PL384,60.243120193481445,1,mac_latency_test,bulk_benchmark
117,0,400,0.1938462920370511,0.1619448990677483,659636.775233385,659636.807134778,659636.775372147,659636.776814369,659636.806836514,659636.806844274,0.0319013929693028,0.0014422220410779,0.0300221450161188,0.0002905039582401,1,384,mac_latency_test_GL1_PL384,60.243120193481445,1,mac_latency_test,bulk_benchmark
118,0,400,0.1945431659696623,0.1628174849320203,659637.072761494,659637.104487175,659637.072892286,659637.074389028,659637.10419404,659637.104201591,0.031725681037642,0.0014967420138418,0.0298050119308754,0.0002855840139091,1,384,mac_latency_test_GL1_PL384,60.243120193481445,1,mac_latency_test,bulk_benchmark
120,0,400,0.190816874965094,0.1589904129505157,659637.684223911,659637.716050373,659637.684360772,659637.685904676,659637.715738418,659637.715745308,0.0318264620145782,0.0015439039561897,0.0298337420681491,0.0003050650702789,1,384,mac_latency_test_GL1_PL384,60.243120193481445,1,mac_latency_test,bulk_benchmark
121,0,400,0.1919517500209622,0.1600481969653628,659637.981060089,659638.012963642,659637.981198901,659637.982745504,659638.012651027,659638.012658107,0.0319035530555993,0.0015466030454263,0.0299055229406803,0.0003055350389331,1,384,mac_latency_test_GL1_PL384,60.243120193481445,1,mac_latency_test,bulk_benchmark
122,0,400,0.1910452920128591,0.1593627109541557,659638.277267257,659638.308949838,659638.277401339,659638.278854832,659638.308648304,659638.308655804,0.0316825810587033,0.0014534930232912,0.0297934719128534,0.0002940340200439,1,384,mac_latency_test_GL1_PL384,60.243120193481445,1,mac_latency_test,bulk_benchmark
123,0,400,0.1926370830042287,0.160921732080169,659638.572798536,659638.604513887,659638.572931509,659638.57443052,659638.604218902,659638.604225662,0.0317153509240597,0.0014990109484642,0.0297883820021525,0.0002882250119,1,384,mac_latency_test_GL1_PL384,60.243120193481445,1,mac_latency_test,bulk_benchmark
124,0,400,0.1915599170024506,0.1597936950274743,659638.866178012,659638.897944234,659638.866310614,659638.867753556,659638.897615689,659638.897623229,0.0317662219749763,0.001442941953428,0.029862132971175,0.0003210050053894,1,384,mac_latency_test_GL1_PL384,60.243120193481445,1,mac_latency_test,bulk_benchmark
125,0,400,0.1898876670165918,0.1578243199619464,659639.161497547,659639.193560894,659639.16167833,659639.163312735,659639.193200648,659639.193207598,0.0320633470546454,0.0016344049945473,0.0298879129113629,0.0003532960545271,1,384,mac_latency_test_GL1_PL384,60.243120193481445,1,mac_latency_test,bulk_benchmark
126,0,400,0.1913799999747425,0.1595626790076494,659639.457541295,659639.489358616,659639.457691847,659639.459180169,659639.489016052,659639.489024261,0.0318173209670931,0.00148832204286,0.0298358829459175,0.0003343549324199,1,384,mac_latency_test_GL1_PL384,60.243120193481445,1,mac_latency_test,bulk_benchmark
127,0,400,0.1927242089877836,0.1607364249066449,659639.750912741,659639.782900525,659639.751076053,659639.752561415,659639.78255106,659639.78255845,0.0319877840811386,0.0014853619504719,0.0299896450014784,0.0003420750144869,1,384,mac_latency_test_GL1_PL384,60.243120193481445,1,mac_latency_test,bulk_benchmark
128,0,400,0.1930456670233979,0.1606292760698124,659640.050527661,659640.082944052,659640.050681863,659640.052273657,659640.082541896,659640.082551556,0.0324163909535855,0.0015917940763756,0.0302682389738038,0.000392495887354,1,384,mac_latency_test_GL1_PL384,60.243120193481445,1,mac_latency_test,bulk_benchmark
129,0,400,0.1936281669768504,0.1619342170306481,659640.349495262,659640.381189212,659640.349643614,659640.351109576,659640.380863288,659640.380870537,0.0316939499462023,0.0014659619191661,0.0297537120059132,0.000318674952723,1,384,mac_latency_test_GL1_PL384,60.243120193481445,1,mac_latency_test,bulk_benchmark
131,0,400,0.1922214580117724,0.1601039809756912,659640.968780327,659641.000897804,659640.968924569,659640.970546783,659641.000516207,659641.000523698,0.0321174770360812,0.0016222139820456,0.0299694240093231,0.0003741059917956,1,384,mac_latency_test_GL1_PL384,60.243120193481445,1,mac_latency_test,bulk_benchmark
132,0,400,0.1917309590498916,0.1600027280510403,659641.262361476,659641.294089707,659641.262493918,659641.26394542,659641.293765981,659641.293773051,0.0317282309988513,0.0014515020884573,0.0298205609433352,0.0003166559617966,1,384,mac_latency_test_GL1_PL384,60.243120193481445,1,mac_latency_test,bulk_benchmark
133,0,400,0.18982466700254,0.1580142139573581,659641.560299,659641.592109453,659641.560429772,659641.561867854,659641.591731777,659641.591739177,0.0318104530451819,0.0014380819629877,0.0298639229731634,0.0003702760441228,1,384,mac_latency_test_GL1_PL384,60.243120193481445,1,mac_latency_test,bulk_benchmark
134,0,400,0.1911381669924594,0.1594252579961903,659641.851228611,659641.88294152,659641.851361052,659641.852779463,659641.882601695,659641.882608615,0.0317129089962691,0.001418411033228,0.0298222319688648,0.0003329049795866,1,384,mac_latency_test_GL1_PL384,60.243120193481445,1,mac_latency_test,bulk_benchmark
135,0,400,0.1936825419543311,0.1617368978913873,659642.150782569,659642.182728213,659642.150920801,659642.152462884,659642.182380748,659642.182387878,0.0319456440629437,0.0015420829877257,0.0299178640125319,0.0003403350710868,1,384,mac_latency_test_GL1_PL384,60.243120193481445,1,mac_latency_test,bulk_benchmark
136,0,400,0.1906541670323349,0.1586275629815645,659642.447302414,659642.479329018,659642.447442576,659642.448970529,659642.478942092,659642.478949232,0.0320266040507704,0.0015279529616236,0.0299715630244463,0.0003797860117629,1,384,mac_latency_test_GL1_PL384,60.243120193481445,1,mac_latency_test,bulk_benchmark
138,0,400,0.1919412920251488,0.1598502960987389,659643.058575327,659643.090666323,659643.058710809,659643.060207372,659643.090289997,659643.090297817,0.0320909959264099,0.0014965629670768,0.0300826251041144,0.0003685059491544,1,384,mac_latency_test_GL1_PL384,60.243120193481445,1,mac_latency_test,bulk_benchmark
139,0,400,0.1905270830029621,0.1587058509467169,659643.354789536,659643.386610768,659643.354928258,659643.356424201,659643.386287053,659643.386293893,0.0318212320562452,0.0014959430554881,0.0298628519522026,0.0003168750554323,1,384,mac_latency_test_GL1_PL384,60.243120193481445,1,mac_latency_test,bulk_benchmark
140,0,400,0.1905595420394092,0.1585606969892978,659643.65070179,659643.682700635,659643.650839543,659643.652316725,659643.682337219,659643.68234509,0.0319988450501114,0.0014771820278838,0.0300204940140247,0.0003555450821295,1,384,mac_latency_test_GL1_PL384,60.243120193481445,1,mac_latency_test,bulk_benchmark
142,0,400,0.1931644580326974,0.1614108170615509,659644.238438128,659644.270191769,659644.23857166,659644.239981461,659644.269845273,659644.269852493,0.0317536409711465,0.0014098009560257,0.0298638120293617,0.0003392760409042,1,384,mac_latency_test_GL1_PL384,60.243120193481445,1,mac_latency_test,bulk_benchmark
143,0,400,0.1920827499707229,0.1603611299651675,659644.536509925,659644.568231545,659644.536644427,659644.538126889,659644.56788791,659644.56789527,0.0317216200055554,0.0014824620448052,0.0297610209090635,0.0003362750867381,1,384,mac_latency_test_GL1_PL384,60.243120193481445,1,mac_latency_test,bulk_benchmark
144,0,400,0.1975012079929001,0.1658060770132579,659644.839057899,659644.87075303,659644.839191981,659644.840609453,659644.870459695,659644.870466705,0.0316951309796422,0.0014174720272421,0.0298502419609576,0.0002863249974325,1,384,mac_latency_test_GL1_PL384,60.243120193481445,1,mac_latency_test,bulk_benchmark
145,0,400,0.1904444580432027,0.158339572022669,659645.133539083,659645.165643969,659645.133723465,659645.135286059,659645.165224242,659645.165232313,0.0321048860205337,0.0015625939704477,0.0299381830263882,0.0004116559866815,1,384,mac_latency_test_GL1_PL384,60.243120193481445,1,mac_latency_test,bulk_benchmark
146,0,400,0.1905095410184003,0.158785210980568,659645.430121838,659645.461846168,659645.4302642,659645.431710062,659645.461517603,659645.461524913,0.0317243300378322,0.0014458619989454,0.0298075410537421,0.0003212550655007,1,384,mac_latency_test_GL1_PL384,60.243120193481445,1,mac_latency_test,bulk_benchmark
147,0,400,0.1943238329840824,0.1619539629900828,659645.729380872,659645.761750742,659645.729515015,659645.731301811,659645.761360377,659645.761367677,0.0323698699939996,0.0017867960268631,0.0300585658987984,0.0003830649657174,1,384,mac_latency_test_GL1_PL384,60.243120193481445,1,mac_latency_test,bulk_benchmark
149,0,400,0.1902736249612644,0.1582313888939097,659646.335314755,659646.367356991,659646.335454748,659646.33695738,659646.366960535,659646.366968035,0.0320422360673546,0.0015026319306343,0.0300031549995765,0.0003889560466632,1,384,mac_latency_test_GL1_PL384,60.243120193481445,1,mac_latency_test,bulk_benchmark
150,0,400,0.1915654999902472,0.1591280989814549,659646.632800044,659646.665237445,659646.632986657,659646.634838035,659646.664856749,659646.66486404,0.0324374010087922,0.0018513780087232,0.030018714023754,0.0003734050551429,1,384,mac_latency_test_GL1_PL384,60.243120193481445,1,mac_latency_test,bulk_benchmark
152,0,400,0.1924824170419015,0.1606076539610512,659647.216948296,659647.248823059,659647.217102699,659647.21853447,659647.248439153,659647.248446384,0.0318747630808502,0.0014317709719762,0.0299046830041334,0.0003766750451177,1,384,mac_latency_test_GL1_PL384,60.243120193481445,1,mac_latency_test,bulk_benchmark
153,0,400,0.1914534579846076,0.1593722720281221,659647.51279602,659647.544877206,659647.512951082,659647.514507656,659647.5445273,659647.54453444,0.0320811859564855,0.0015565740177407,0.03001964406576,0.0003427659394219,1,384,mac_latency_test_GL1_PL384,60.243120193481445,1,mac_latency_test,bulk_benchmark
154,1,400,0.1969180000014603,0.1612837999127805,659647.807187261,659647.842821461,659647.807319924,659647.808732855,659647.842486746,659647.842493956,0.0356342000886797,0.0014129310147836,0.0337538910098373,0.0003275050548836,1,384,mac_latency_test_GL1_PL384,60.243120193481445,1,mac_latency_test,bulk_benchmark
155,0,400,0.1973574580042623,0.1653838949860073,659648.108337526,659648.140311089,659648.108475808,659648.110036261,659648.139996005,659648.140019595,0.0319735630182549,0.001560452976264,0.0299597439588978,0.0002914939541369,1,384,mac_latency_test_GL1_PL384,60.243120193481445,1,mac_latency_test,bulk_benchmark
157,0,400,0.1995442499755881,0.1676874269614927,659648.705234551,659648.737091374,659648.705372124,659648.706820886,659648.736771899,659648.736779039,0.0318568230140954,0.0014487620210275,0.0299510130425915,0.0003123349742963,1,384,mac_latency_test_GL1_PL384,60.243120193481445,1,mac_latency_test,bulk_benchmark
159,0,400,0.19009129202459,0.1581736890366301,659649.29177901,659649.323696613,659649.291918442,659649.293416275,659649.323399179,659649.323407889,0.0319176029879599,0.0014978329418227,0.0299829040886834,0.0002887239679694,1,384,mac_latency_test_GL1_PL384,60.243120193481445,1,mac_latency_test,bulk_benchmark
160,0,400,0.1916773340199142,0.1599782940465957,659649.583609353,659649.615308393,659649.583740825,659649.585189257,659649.614979598,659649.614986998,0.0316990399733185,0.0014484321000054,0.0297903409227728,0.0003213949967175,1,384,mac_latency_test_GL1_PL384,60.243120193481445,1,mac_latency_test,bulk_benchmark
161,0,400,0.1928081249934621,0.1610735549475066,659649.881234363,659649.912968933,659649.881368745,659649.882812967,659649.912651709,659649.912658669,0.0317345700459554,0.0014442219398915,0.0298387421062216,0.000310263945721,1,384,mac_latency_test_GL1_PL384,60.243120193481445,1,mac_latency_test,bulk_benchmark
162,0,400,0.1918665419798344,0.1600190190365538,659650.179431451,659650.211278974,659650.179562964,659650.180993206,659650.210905439,659650.210912719,0.0318475229432806,0.0014302419731393,0.0299122330034151,0.0003662549424916,1,384,mac_latency_test_GL1_PL384,60.243120193481445,1,mac_latency_test,bulk_benchmark
163,0,400,0.1904423339874483,0.1586607440258376,659650.47220862,659650.50399021,659650.472341491,659650.473828594,659650.503668616,659650.503676106,0.0317815899616107,0.0014871029416099,0.0298400219762697,0.0003141040215268,1,384,mac_latency_test_GL1_PL384,60.243120193481445,1,mac_latency_test,bulk_benchmark
164,0,400,0.1914893329958431,0.1597824619966559,659650.769753148,659650.801460019,659650.76988534,659650.771330162,659650.801137404,659650.801144794,0.0317068709991872,0.0014448219444602,0.0298072420991957,0.0003152249846607,1,384,mac_latency_test_GL1_PL384,60.243120193481445,1,mac_latency_test,bulk_benchmark
165,0,400,0.1931836659787222,0.1614626250229776,659651.070031519,659651.10175256,659651.070167021,659651.071619793,659651.101414424,659651.101421564,0.0317210409557446,0.0014527719467878,0.0297946310602128,0.0003309960011392,1,384,mac_latency_test_GL1_PL384,60.243120193481445,1,mac_latency_test,bulk_benchmark
167,0,400,0.1919671250507235,0.1602357149822637,659651.695495038,659651.727226448,659651.69562838,659651.697070102,659651.726890633,659651.726898013,0.0317314100684598,0.0014417219208553,0.0298205310245975,0.0003284349804744,1,384,mac_latency_test_GL1_PL384,60.243120193481445,1,mac_latency_test,bulk_benchmark
168,0,400,0.1929544580052606,0.1607523090788163,659651.989705236,659652.021907385,659651.989855119,659651.991436923,659652.021477568,659652.021484728,0.0322021489264443,0.0015818040119484,0.0300406449241563,0.0004226570017635,1,384,mac_latency_test_GL1_PL384,60.243120193481445,1,mac_latency_test,bulk_benchmark
169,0,400,0.1930179169867187,0.1612445949576795,659652.286573065,659652.318346387,659652.286711647,659652.288208021,659652.318050003,659652.318057393,0.0317733220290392,0.0014963740250095,0.0298419820610433,0.000288994051516,1,384,mac_latency_test_GL1_PL384,60.243120193481445,1,mac_latency_test,bulk_benchmark
170,0,400,0.1892189169884659,0.1576086580171249,659652.578169796,659652.609780055,659652.578300547,659652.579701579,659652.60948676,659652.60949383,0.0316102589713409,0.0014010319719091,0.0297851810464635,0.000286224996671,1,384,mac_latency_test_GL1_PL384,60.243120193481445,1,mac_latency_test,bulk_benchmark
171,0,400,0.1905659579788334,0.1588012859574519,659652.87214637,659652.903911042,659652.872280592,659652.873807645,659652.903620368,659652.903627528,0.0317646720213815,0.0015270530711859,0.0298127229325473,0.0002835140330716,1,384,mac_latency_test_GL1_PL384,60.243120193481445,1,mac_latency_test,bulk_benchmark
172,0,400,0.1913656249525956,0.1596470450167544,659653.166870267,659653.198588847,659653.16703212,659653.168479241,659653.198293883,659653.198301193,0.0317185799358412,0.0014471209142357,0.0298146420391276,0.0002876539947465,1,384,mac_latency_test_GL1_PL384,60.243120193481445,1,mac_latency_test,bulk_benchmark
173,0,400,0.1909404579782858,0.1591462369542569,659653.465033176,659653.496827397,659653.465166628,659653.46661848,659653.496529822,659653.496536793,0.0317942210240289,0.0014518520329147,0.0299113419605419,0.0002906040754169,1,384,mac_latency_test_GL1_PL384,60.243120193481445,1,mac_latency_test,bulk_benchmark
174,0,400,0.1903177079511806,0.1583358639618381,659653.76096492,659653.792946764,659653.761136362,659653.762620665,659653.792578728,659653.792586068,0.0319818439893424,0.0014843030367046,0.029958063038066,0.000360695994459,1,384,mac_latency_test_GL1_PL384,60.243120193481445,1,mac_latency_test,bulk_benchmark
175,0,400,0.1907383329817094,0.1583958729752339,659654.056428958,659654.088771418,659654.05656479,659654.058059422,659654.088368742,659654.088376852,0.0323424600064754,0.0014946319861337,0.0303093200782313,0.0003945659846067,1,384,mac_latency_test_GL1_PL384,60.243120193481445,1,mac_latency_test,bulk_benchmark
176,0,400,0.1932792920270003,0.1612007560324855,659654.352557776,659654.384636312,659654.352691398,659654.35419624,659654.384245676,659654.384253276,0.0320785359945148,0.0015048419591039,0.0300494360271841,0.0003830359783023,1,384,mac_latency_test_GL1_PL384,60.243120193481445,1,mac_latency_test,bulk_benchmark
178,0,400,0.1922415420413017,0.1601353751029819,659654.962152814,659654.994258981,659654.962293197,659654.963752749,659654.993872454,659654.993880146,0.0321061669383198,0.001459551975131,0.0301197050139307,0.0003788350149989,1,384,mac_latency_test_GL1_PL384,60.243120193481445,1,mac_latency_test,bulk_benchmark
179,0,400,0.1930750000174157,0.1603373339748941,659655.258900002,659655.291637668,659655.259085185,659655.260640458,659655.291217421,659655.291224901,0.0327376660425215,0.001555272960104,0.0305769629776477,0.000412767054513,1,384,mac_latency_test_GL1_PL384,60.243120193481445,1,mac_latency_test,bulk_benchmark
180,0,400,0.1918229580041952,0.1600335669354535,659655.557610969,659655.58940036,659655.55774395,659655.559233833,659655.589058166,659655.589065486,0.0317893910687416,0.0014898829394951,0.0298243330325931,0.0003348740283399,1,384,mac_latency_test_GL1_PL384,60.243120193481445,1,mac_latency_test,bulk_benchmark
182,0,400,0.1925256249960512,0.1606177509529516,659656.173626854,659656.205534728,659656.173769336,659656.1753193,659656.205200523,659656.205207672,0.0319078740430995,0.0015499640721827,0.0298812229884788,0.0003270560409873,1,384,mac_latency_test_GL1_PL384,60.243120193481445,1,mac_latency_test,bulk_benchmark
183,0,400,0.1926548330229707,0.1605954269762151,659656.469825413,659656.501884819,659656.469956665,659656.471424947,659656.501478883,659656.501486233,0.0320594060467556,0.0014682820765301,0.030053935945034,0.0003985860385,1,384,mac_latency_test_GL1_PL384,60.243120193481445,1,mac_latency_test,bulk_benchmark
184,0,400,0.1913986669969745,0.159514854021836,659656.768816965,659656.800700778,659656.768946647,659656.77045271,659656.800353632,659656.800360483,0.0318838129751384,0.0015060630394145,0.0299009219743311,0.0003402950242161,1,384,mac_latency_test_GL1_PL384,60.243120193481445,1,mac_latency_test,bulk_benchmark
186,0,400,0.1929463340202346,0.1608002670109272,659657.358920218,659657.391066285,659657.35909196,659657.360529882,659657.390608898,659657.390616578,0.0321460670093074,0.0014379220083355,0.0300790159963071,0.0004497069166973,1,384,mac_latency_test_GL1_PL384,60.243120193481445,1,mac_latency_test,bulk_benchmark
187,0,400,0.1927501669852063,0.1601541830459609,659657.655360421,659657.687956405,659657.655522944,659657.657216049,659657.687524458,659657.687531588,0.0325959839392453,0.0016931049758568,0.0303084090119227,0.0004248169716447,1,384,mac_latency_test_GL1_PL384,60.243120193481445,1,mac_latency_test,bulk_benchmark
190,0,400,0.1927739169914275,0.160982894944027,659658.582268968,659658.61405999,659658.58240161,659658.583845882,659658.613717704,659658.613724924,0.0317910220474004,0.0014442719984799,0.02987182198558,0.0003350659972056,1,384,mac_latency_test_GL1_PL384,60.243120193481445,1,mac_latency_test,bulk_benchmark
192,0,400,0.1911941249854862,0.1594481240026652,659659.18675039,659659.218496391,659659.186881191,659659.188334744,659659.218174685,659659.218181455,0.0317460009828209,0.0014535529771819,0.0298399410676211,0.0003149359254166,1,384,mac_latency_test_GL1_PL384,60.243120193481445,1,mac_latency_test,bulk_benchmark
193,0,400,0.1931419590255245,0.1613239370053634,659659.485829671,659659.517647693,659659.485964494,659659.487421435,659659.517267688,659659.517274788,0.0318180220201611,0.0014569410122931,0.0298462529899552,0.0003729050513356,1,384,mac_latency_test_GL1_PL384,60.243120193481445,1,mac_latency_test,bulk_benchmark
194,0,400,0.194586083991453,0.1626131000230088,659659.783188118,659659.815161102,659659.78332637,659659.784912304,659659.814820457,659659.814827838,0.0319729839684441,0.0015859340783208,0.0299081529956311,0.0003332640044391,1,384,mac_latency_test_GL1_PL384,60.243120193481445,1,mac_latency_test,bulk_benchmark
195,0,400,0.2008637080434709,0.1689034020528197,659660.092565806,659660.124526112,659660.092704079,659660.094312583,659660.124195566,659660.124202496,0.0319603059906512,0.0016085039824247,0.0298829830717295,0.0003236159682273,1,384,mac_latency_test_GL1_PL384,60.243120193481445,1,mac_latency_test,bulk_benchmark
197,0,400,0.1926738749607466,0.1596911139204166,659660.678036649,659660.71101941,659660.678179341,659660.679736445,659660.710516522,659660.710523782,0.0329827610403299,0.0015571039402857,0.0307800770970061,0.0004956281045451,1,384,mac_latency_test_GL1_PL384,60.243120193481445,1,mac_latency_test,bulk_benchmark
198,0,400,0.1926354999886825,0.1608432088978588,659660.973960875,659661.005753166,659660.974120877,659660.975563959,659661.00539858,659661.00540598,0.0317922910908237,0.0014430820010602,0.0298346210038289,0.000347185996361,1,384,mac_latency_test_GL1_PL384,60.243120193481445,1,mac_latency_test,bulk_benchmark
200,0,400,0.1915316670201718,0.1597916760947555,659661.584159782,659661.615899773,659661.584293484,659661.585739386,659661.615554538,659661.615561427,0.0317399909254163,0.0014459020458161,0.0298151519382372,0.0003383459988981,1,384,mac_latency_test_GL1_PL384,60.243120193481445,1,mac_latency_test,bulk_benchmark
1,0,400,0.2689933339715935,0.1567779839388094,659665.458971725,659665.571187075,659665.459150798,659665.460696081,659665.568523865,659665.568531265,0.112215350032784,0.0015452830120921,0.1078277839114889,0.0026558099780231,5,384,mac_latency_test_GL5_PL384,75.44692182540894,5,mac_latency_test,bulk_benchmark
2,0,400,0.2669424160267226,0.1606606159475632,659665.83470126,659665.94098306,659665.834839592,659665.836340994,659665.940470702,659665.940478072,0.1062818000791594,0.0015014020027592,0.1041297080228105,0.0005049880128353,5,384,mac_latency_test_GL5_PL384,75.44692182540894,5,mac_latency_test,bulk_benchmark
3,0,400,0.26866445800988,0.1634030540590174,659666.208886071,659666.314147475,659666.209056573,659666.210628106,659666.313620678,659666.313628387,0.1052614039508625,0.0015715330373495,0.1029925720067694,0.000519087887369,5,384,mac_latency_test_GL5_PL384,75.44692182540894,5,mac_latency_test,bulk_benchmark
4,0,400,0.2685747090145014,0.1626968549680896,659666.582242369,659666.688120223,659666.582379531,659666.583916414,659666.687565865,659666.687573385,0.1058778540464118,0.0015368829481303,0.1036494510481134,0.0005468380404636,5,384,mac_latency_test_GL5_PL384,75.44692182540894,5,mac_latency_test,bulk_benchmark
5,0,400,0.2671256249886937,0.1605151380063034,659666.9565789,659667.063189387,659666.956725922,659666.958440689,659667.062662489,659667.062669899,0.1066104869823902,0.0017147670732811,0.1042217999929562,0.0005194880068302,5,384,mac_latency_test_GL5_PL384,75.44692182540894,5,mac_latency_test,bulk_benchmark
7,0,400,0.2645526659907773,0.1597161069512367,659667.694512984,659667.799349543,659667.694646316,659667.696105478,659667.798832966,659667.798839916,0.1048365590395405,0.0014591619838029,0.1027274880325421,0.0005096270469948,5,384,mac_latency_test_GL5_PL384,75.44692182540894,5,mac_latency_test,bulk_benchmark
9,0,400,0.2659120830358006,0.1612688269815407,659668.431350242,659668.535993498,659668.431485344,659668.432901525,659668.53550604,659668.53551348,0.1046432560542598,0.0014161810977384,0.1026045149192214,0.0004800180904567,5,384,mac_latency_test_GL5_PL384,75.44692182540894,5,mac_latency_test,bulk_benchmark
11,0,400,0.2645932909799739,0.1596366319572553,659669.168239621,659669.27319628,659669.168376423,659669.169958396,659669.272697132,659669.272704392,0.1049566590227186,0.0015819730469956,0.1027387359645217,0.0004918880295008,5,384,mac_latency_test_GL5_PL384,75.44692182540894,5,mac_latency_test,bulk_benchmark
14,0,400,0.2657079999917187,0.1610107820597477,659670.586230359,659670.690927577,659670.586362001,659670.587789243,659670.690420369,659670.690428259,0.1046972179319709,0.0014272419502958,0.1026311260648071,0.0004993180045858,5,384,mac_latency_test_GL5_PL384,75.44692182540894,5,mac_latency_test,bulk_benchmark
15,0,400,0.2635746249579824,0.1587040440062992,659670.954440659,659671.05931124,659670.954575402,659670.956027575,659671.058777861,659671.058785371,0.1048705809516832,0.001452172989957,0.1027502859942615,0.0005258689634501,5,384,mac_latency_test_GL5_PL384,75.44692182540894,5,mac_latency_test,bulk_benchmark
16,0,400,0.2664613330271095,0.1607327290112152,659671.324965574,659671.430694178,659671.325128588,659671.32656065,659671.43012932,659671.430137749,0.1057286040158942,0.0014320620102807,0.1035686699906364,0.0005564290331676,5,384,mac_latency_test_GL5_PL384,75.44692182540894,5,mac_latency_test,bulk_benchmark
17,0,400,0.2657352919923141,0.1607537399977445,659671.694493095,659671.799474647,659671.694651658,659671.696241012,659671.798957329,659671.798964579,0.1049815519945696,0.0015893540112301,0.1027163170510903,0.0005100680282339,5,384,mac_latency_test_GL5_PL384,75.44692182540894,5,mac_latency_test,bulk_benchmark
18,0,400,0.26401808304945,0.1586582169984467,659672.06425083,659672.169610696,659672.064389392,659672.065935465,659672.169088409,659672.169096139,0.1053598660510033,0.001546073006466,0.1031529440078884,0.0005145570030435,5,384,mac_latency_test_GL5_PL384,75.44692182540894,5,mac_latency_test,bulk_benchmark
21,0,400,0.2632999999914318,0.1581290760077536,659673.169076234,659673.274247158,659673.169210536,659673.170673438,659673.273713539,659673.27372094,0.1051709239836782,0.0014629019424319,0.103040101006627,0.000526217976585,5,384,mac_latency_test_GL5_PL384,75.44692182540894,5,mac_latency_test,bulk_benchmark
23,0,400,0.2656707920250483,0.1608303330722265,659673.904886486,659674.009726945,659673.905046958,659673.906516591,659674.009189966,659674.009197666,0.1048404589528217,0.0014696329599246,0.1026733750477433,0.0005292790010571,5,384,mac_latency_test_GL5_PL384,75.44692182540894,5,mac_latency_test,bulk_benchmark
24,0,400,0.2650790000334382,0.1601825710386037,659674.274030331,659674.37892676,659674.274164863,659674.275586735,659674.378448012,659674.378455453,0.1048964289948344,0.0014218719443306,0.1028612770605832,0.0004713070811703,5,384,mac_latency_test_GL5_PL384,75.44692182540894,5,mac_latency_test,bulk_benchmark
25,0,400,0.2628644170472398,0.1580817099893465,659674.640959132,659674.745741839,659674.641120094,659674.642568876,659674.745243672,659674.745251382,0.1047827070578932,0.0014487820444628,0.1026747960131615,0.0004904570523649,5,384,mac_latency_test_GL5_PL384,75.44692182540894,5,mac_latency_test,bulk_benchmark
26,0,400,0.2668385410215705,0.1620885030133649,659675.011107121,659675.115857159,659675.011237443,659675.012651555,659675.115346721,659675.115353801,0.1047500380082055,0.0014141120482236,0.1026951660169288,0.0005033579654991,5,384,mac_latency_test_GL5_PL384,75.44692182540894,5,mac_latency_test,bulk_benchmark
27,0,400,0.2631272909929976,0.1578981970669701,659675.382798335,659675.488027429,659675.382941988,659675.384497502,659675.487508452,659675.487515672,0.1052290939260274,0.0015555140562355,0.103010950027965,0.000511756981723,5,384,mac_latency_test_GL5_PL384,75.44692182540894,5,mac_latency_test,bulk_benchmark
28,0,400,0.2631885000155307,0.1580257369787432,659675.750753192,659675.855915955,659675.750885105,659675.752338126,659675.855412747,659675.855420147,0.1051627630367875,0.0014530209591612,0.1030746210599318,0.0004958080826327,5,384,mac_latency_test_GL5_PL384,75.44692182540894,5,mac_latency_test,bulk_benchmark
29,0,400,0.2649225000059232,0.1600389829836785,659676.121550933,659676.22643445,659676.121735336,659676.123191188,659676.225884812,659676.225892423,0.1048835170222446,0.0014558519469574,0.1026936239795759,0.0005420270608738,5,384,mac_latency_test_GL5_PL384,75.44692182540894,5,mac_latency_test,bulk_benchmark
30,0,400,0.2667309580137953,0.1610222670715302,659676.493266816,659676.598975507,659676.493406278,659676.494928221,659676.598467329,659676.598474789,0.1057086909422651,0.0015219430206343,0.1035391080658882,0.000500718015246,5,384,mac_latency_test_GL5_PL384,75.44692182540894,5,mac_latency_test,bulk_benchmark
31,0,400,0.265381040982902,0.1606724449666217,659676.864717885,659676.969426481,659676.864856317,659676.866330639,659676.968913663,659676.968920853,0.1047085960162803,0.0014743219362571,0.1025830239523202,0.0005056280642747,5,384,mac_latency_test_GL5_PL384,75.44692182540894,5,mac_latency_test,bulk_benchmark
32,0,400,0.265782417031005,0.1606669940520078,659677.236754652,659677.341870075,659677.236885704,659677.23858645,659677.341347897,659677.341355428,0.1051154229789972,0.0017007460119202,0.1027614469639957,0.0005146469920873,5,384,mac_latency_test_GL5_PL384,75.44692182540894,5,mac_latency_test,bulk_benchmark
33,0,400,0.2649232079857029,0.1601104180444963,659677.607592822,659677.712405612,659677.607726434,659677.609160626,659677.711868133,659677.711875763,0.1048127899412065,0.0014341919450089,0.1027075070887804,0.0005298489704728,5,384,mac_latency_test_GL5_PL384,75.44692182540894,5,mac_latency_test,bulk_benchmark
35,0,400,0.2665211670100689,0.1614248229889199,659678.343663408,659678.448759752,659678.34380438,659678.345352733,659678.448251804,659678.448259024,0.1050963440211489,0.001548353000544,0.1028990709455683,0.0005007280269637,5,384,mac_latency_test_GL5_PL384,75.44692182540894,5,mac_latency_test,bulk_benchmark
36,1,400,0.2663437080336734,0.1577640710165724,659678.71463223,659678.823211867,659678.714765073,659678.716229825,659678.822677048,659678.822684808,0.108579637017101,0.0014647520147264,0.1064472229918465,0.0005270589608699,5,384,mac_latency_test_GL5_PL384,75.44692182540894,5,mac_latency_test,bulk_benchmark
38,0,400,0.2708376250229776,0.1660406460287049,659679.454566064,659679.559363043,659679.454701117,659679.456146559,659679.558811085,659679.558818235,0.1047969789942726,0.0014454419724643,0.1026645259698852,0.0005448081064969,5,384,mac_latency_test_GL5_PL384,75.44692182540894,5,mac_latency_test,bulk_benchmark
39,4,400,0.277804416953586,0.1595198439899832,659679.821314682,659679.939599255,659679.821447855,659679.822906297,659679.938970266,659679.938977957,0.1182845729636028,0.0014584420714527,0.1160639689769595,0.000621297978796,5,384,mac_latency_test_GL5_PL384,75.44692182540894,5,mac_latency_test,bulk_benchmark
40,0,400,0.2649341669748537,0.1579216059180908,659680.204080215,659680.311092776,659680.204221037,659680.20574714,659680.310461946,659680.310469326,0.1070125610567629,0.0015261030057445,0.1047148059587925,0.0006234500324353,5,384,mac_latency_test_GL5_PL384,75.44692182540894,5,mac_latency_test,bulk_benchmark
41,0,400,0.2707066249568015,0.1652893179561942,659680.581064018,659680.686481325,659680.58119796,659680.582639202,659680.685897506,659680.685905086,0.1054173070006072,0.0014412420568987,0.103258303948678,0.0005762389628216,5,384,mac_latency_test_GL5_PL384,75.44692182540894,5,mac_latency_test,bulk_benchmark
42,0,400,0.2638100000331178,0.1589352401206269,659680.953210997,659681.058085757,659680.953348169,659680.954776341,659681.057494797,659681.057501977,0.1048747599124908,0.0014281719923019,0.1027184560662135,0.0005837799981236,5,384,mac_latency_test_GL5_PL384,75.44692182540894,5,mac_latency_test,bulk_benchmark
43,0,400,0.2655023750266991,0.1598840449587442,659681.317274555,659681.422892885,659681.317412777,659681.318949791,659681.422300136,659681.422307596,0.1056183300679549,0.0015370140317827,0.1033503449289128,0.0005852890899404,5,384,mac_latency_test_GL5_PL384,75.44692182540894,5,mac_latency_test,bulk_benchmark
44,0,400,0.2632147500407882,0.1583939520060084,659681.683261652,659681.78808245,659681.683396714,659681.684853316,659681.787504041,659681.787511361,0.1048207980347797,0.0014566020108759,0.1026507249334827,0.00057108909823,5,384,mac_latency_test_GL5_PL384,75.44692182540894,5,mac_latency_test,bulk_benchmark
45,0,400,0.269979833974503,0.1603583339601755,659682.051784919,659682.161406419,659682.051922281,659682.053429813,659682.160781379,659682.160788579,0.1096215000143274,0.0015075319679453,0.1073515659663826,0.0006178399780765,5,384,mac_latency_test_GL5_PL384,75.44692182540894,5,mac_latency_test,bulk_benchmark
46,0,400,0.2645564579870552,0.1595405970001593,659682.420868971,659682.525884832,659682.421036703,659682.422521286,659682.525288523,659682.525296154,0.1050158609868958,0.0014845828991383,0.102767236996442,0.0005886780563741,5,384,mac_latency_test_GL5_PL384,75.44692182540894,5,mac_latency_test,bulk_benchmark
47,0,400,0.2664559579570777,0.1612196629284881,659682.79353812,659682.898774415,659682.793688922,659682.795190104,659682.898219646,659682.898227326,0.1052362950285896,0.0015011820942163,0.1030295419041067,0.0005470890318974,5,384,mac_latency_test_GL5_PL384,75.44692182540894,5,mac_latency_test,bulk_benchmark
49,0,400,0.2630521249957382,0.1582552070030942,659683.551241743,659683.656038661,659683.551376375,659683.552817677,659683.655475273,659683.655482543,0.104796917992644,0.0014413020107895,0.1026575959986075,0.0005561179714277,5,384,mac_latency_test_GL5_PL384,75.44692182540894,5,mac_latency_test,bulk_benchmark
50,0,400,0.2635522920172661,0.1585258819395676,659683.920836216,659684.025862626,659683.920984518,659683.922491781,659684.025298338,659684.025305488,0.1050264100776985,0.0015072629321366,0.1028065570862963,0.0005571380024775,5,384,mac_latency_test_GL5_PL384,75.44692182540894,5,mac_latency_test,bulk_benchmark
51,0,400,0.281056499981787,0.1759224369307048,659684.307269812,659684.412403875,659684.307406204,659684.308950027,659684.411819606,659684.411827016,0.1051340630510822,0.0015438229311257,0.1028695789864286,0.0005768589908257,5,384,mac_latency_test_GL5_PL384,75.44692182540894,5,mac_latency_test,bulk_benchmark
52,0,400,0.263911584042944,0.1592626980273053,659684.677039876,659684.781688762,659684.677177448,659684.67867153,659684.781158214,659684.781165594,0.1046488860156387,0.0014940820401534,0.102486683987081,0.0005231680115684,5,384,mac_latency_test_GL5_PL384,75.44692182540894,5,mac_latency_test,bulk_benchmark
53,0,400,0.2654551250161603,0.1596901710145175,659685.047117484,659685.152882438,659685.047253857,659685.04874212,659685.152314199,659685.152321439,0.1057649540016427,0.0014882630202919,0.1035720789805054,0.0005609990330412,5,384,mac_latency_test_GL5_PL384,75.44692182540894,5,mac_latency_test,bulk_benchmark
55,0,400,0.2646147089544683,0.1593650759896263,659685.782594503,659685.887844136,659685.782726934,659685.784206376,659685.887281028,659685.887288328,0.105249632964842,0.0014794419985264,0.1030746520264074,0.0005558079574257,5,384,mac_latency_test_GL5_PL384,75.44692182540894,5,mac_latency_test,bulk_benchmark
56,0,400,0.2704319170443341,0.1649554980685934,659686.154507678,659686.259984097,659686.15464153,659686.156110892,659686.259361636,659686.259369656,0.1054764189757406,0.0014693619450554,0.1032507440540939,0.0006144409999251,5,384,mac_latency_test_GL5_PL384,75.44692182540894,5,mac_latency_test,bulk_benchmark
58,0,400,0.265350625035353,0.1604158650152385,659686.925572924,659687.030507684,659686.925748867,659686.927233989,659687.029927726,659687.029935446,0.1049347600201144,0.0014851220184937,0.1026937370188534,0.0005722380010411,5,384,mac_latency_test_GL5_PL384,75.44692182540894,5,mac_latency_test,bulk_benchmark
59,0,400,0.2666839159792289,0.1614413909846916,659687.298925763,659687.404168288,659687.299095506,659687.300657739,659687.403575859,659687.403583209,0.1052425249945372,0.0015622330829501,0.1029181199846789,0.0005850789602845,5,384,mac_latency_test_GL5_PL384,75.44692182540894,5,mac_latency_test,bulk_benchmark
60,0,400,0.2682604999863542,0.1631612559431232,659687.668796468,659687.773895712,659687.668930151,659687.670421273,659687.773309273,659687.773316813,0.105099244043231,0.0014911219477653,0.1028879999648779,0.00057889893651,5,384,mac_latency_test_GL5_PL384,75.44692182540894,5,mac_latency_test,bulk_benchmark
61,0,400,0.2633904160466045,0.1582148619927466,659688.034326258,659688.139501812,659688.03446349,659688.035941253,659688.138916614,659688.138924124,0.1051755540538579,0.0014777629403397,0.1029753610491752,0.0005776881007477,5,384,mac_latency_test_GL5_PL384,75.44692182540894,5,mac_latency_test,bulk_benchmark
62,0,400,0.2648472500150092,0.1591530989971943,659688.404758654,659688.510452805,659688.404893116,659688.406414929,659688.509854537,659688.509860977,0.1056941510178148,0.0015218129847198,0.1034396080067381,0.0005918280221521,5,384,mac_latency_test_GL5_PL384,75.44692182540894,5,mac_latency_test,bulk_benchmark
63,0,400,0.2699814169900492,0.164376156986691,659688.778942575,659688.884547835,659688.779110287,659688.78064559,659688.883971966,659688.883979326,0.1056052600033581,0.0015353030757978,0.1033263759454712,0.0005685089854523,5,384,mac_latency_test_GL5_PL384,75.44692182540894,5,mac_latency_test,bulk_benchmark
65,0,400,0.2641092910198495,0.1590824100421741,659689.513523028,659689.618549909,659689.51367629,659689.515170482,659689.61796026,659689.61796724,0.1050268809776753,0.0014941919362172,0.1027897780295461,0.0005826689302921,5,384,mac_latency_test_GL5_PL384,75.44692182540894,5,mac_latency_test,bulk_benchmark
66,0,400,0.2788792080245912,0.1737178959883749,659689.892657795,659689.997819107,659689.892794017,659689.89433253,659689.997223119,659689.997230879,0.1051613120362162,0.0015385129954665,0.1028905890416354,0.00058822799474,5,384,mac_latency_test_GL5_PL384,75.44692182540894,5,mac_latency_test,bulk_benchmark
67,0,400,0.2659402499557473,0.16118023294257,659690.263333372,659690.368093389,659690.263471374,659690.264926506,659690.36751956,659690.367527181,0.1047600170131772,0.0014551319181919,0.1025930540636181,0.0005662079202011,5,384,mac_latency_test_GL5_PL384,75.44692182540894,5,mac_latency_test,bulk_benchmark
68,0,400,0.270169541996438,0.1644526490126736,659690.638516448,659690.744233341,659690.63864918,659690.640101432,659690.743638591,659690.743646392,0.1057168929837644,0.0014522520359605,0.1035371590405702,0.000586948939599,5,384,mac_latency_test_GL5_PL384,75.44692182540894,5,mac_latency_test,bulk_benchmark
70,0,400,0.2653103329939767,0.1574821090325713,659691.403576703,659691.511404927,659691.403710636,659691.405485483,659691.510807868,659691.510815339,0.1078282239614054,0.0017748470418155,0.1053223849739879,0.0005895879585295,5,384,mac_latency_test_GL5_PL384,75.44692182540894,5,mac_latency_test,bulk_benchmark
71,0,400,0.2671572500257753,0.161675571987871,659691.779513601,659691.884995279,659691.779648202,659691.781122765,659691.884408001,659691.884415441,0.1054816780379042,0.0014745630323886,0.1032852359348908,0.0005798380589112,5,384,mac_latency_test_GL5_PL384,75.44692182540894,5,mac_latency_test,bulk_benchmark
73,0,400,0.2635869579971768,0.1574279890046455,659692.540515894,659692.646674863,659692.540649027,659692.542315472,659692.646090354,659692.646097994,0.1061589689925313,0.0016664450522512,0.1037748819217085,0.0005768690025433,5,384,mac_latency_test_GL5_PL384,75.44692182540894,5,mac_latency_test,bulk_benchmark
74,0,400,0.2640809169970453,0.1589234139537438,659692.910551213,659693.015708716,659692.910685385,659692.912149837,659693.015157379,659693.015164788,0.1051575030433014,0.001464452012442,0.1030075419694185,0.0005439280066639,5,384,mac_latency_test_GL5_PL384,75.44692182540894,5,mac_latency_test,bulk_benchmark
75,0,400,0.2702570830006152,0.1620426130248233,659693.282556861,659693.390771331,659693.282692154,659693.284176687,659693.390171852,659693.390179352,0.1082144699757918,0.0014845329569652,0.1059951649513095,0.0005919790128245,5,384,mac_latency_test_GL5_PL384,75.44692182540894,5,mac_latency_test,bulk_benchmark
76,0,400,0.2651772500248626,0.158343342016451,659693.655524565,659693.762358473,659693.655659207,659693.65713322,659693.761741484,659693.761748864,0.1068339080084115,0.001474012969993,0.1046082640532404,0.0006096090655773,5,384,mac_latency_test_GL5_PL384,75.44692182540894,5,mac_latency_test,bulk_benchmark
77,0,400,0.2630215829703957,0.156487168977037,659694.018846121,659694.125380535,659694.018983912,659694.020523746,659694.124759385,659694.124767017,0.1065344139933586,0.0015398340765386,0.1042356389807537,0.0006135180592536,5,384,mac_latency_test_GL5_PL384,75.44692182540894,5,mac_latency_test,bulk_benchmark
78,0,400,0.2645672080107033,0.159379055025056,659694.388508964,659694.493697117,659694.388644967,659694.3901745,659694.493073258,659694.493081119,0.1051881529856473,0.0015295329503715,0.1028987580211833,0.0006159979384392,5,384,mac_latency_test_GL5_PL384,75.44692182540894,5,mac_latency_test,bulk_benchmark
79,0,400,0.2642522919923067,0.1590173270087689,659694.755247122,659694.860482087,659694.755381054,659694.756831796,659694.859892188,659694.859899378,0.1052349649835378,0.0014507420128211,0.1030603919643908,0.0005827089771628,5,384,mac_latency_test_GL5_PL384,75.44692182540894,5,mac_latency_test,bulk_benchmark
80,0,400,0.264399042003788,0.1591536269988864,659695.126511079,659695.231756494,659695.126650431,659695.128223264,659695.231156494,659695.231163605,0.1052454150049015,0.0015728330472484,0.1029332299949601,0.0005928890313953,5,384,mac_latency_test_GL5_PL384,75.44692182540894,5,mac_latency_test,bulk_benchmark
82,0,400,0.2644036249839701,0.1590783290448598,659695.903582946,659696.008908242,659695.903725148,659695.905277112,659696.008319463,659696.008326763,0.1053252959391102,0.0015519640874117,0.103042350965552,0.0005814789328724,5,384,mac_latency_test_GL5_PL384,75.44692182540894,5,mac_latency_test,bulk_benchmark
83,0,400,0.2713015839690342,0.1654967899667099,659696.274738811,659696.380543605,659696.274870333,659696.276380767,659696.379837204,659696.379844574,0.1058047940023243,0.0015104339690878,0.1034564370056614,0.0006990309339016,5,384,mac_latency_test_GL5_PL384,75.44692182540894,5,mac_latency_test,bulk_benchmark
85,0,400,0.2635000409791246,0.158383497968316,659697.049038817,659697.15415536,659697.049172519,659697.050657122,659697.15350607,659697.153513261,0.1051165430108085,0.001484603038989,0.1028489479795098,0.0006420989520847,5,384,mac_latency_test_GL5_PL384,75.44692182540894,5,mac_latency_test,bulk_benchmark
86,0,400,0.2684927499503828,0.1596367499441839,659697.417198866,659697.526054866,659697.417331349,659697.418857282,659697.525415477,659697.525423377,0.1088560000061988,0.0015259330393746,0.1065581949660554,0.0006314889760687,5,384,mac_latency_test_GL5_PL384,75.44692182540894,5,mac_latency_test,bulk_benchmark
88,0,400,0.2687706670258194,0.1623958440031856,659698.180354033,659698.286728856,659698.180494475,659698.182114499,659698.286119516,659698.286127186,0.1063748230226337,0.0016200240934267,0.1040050169685855,0.00060167000629,5,384,mac_latency_test_GL5_PL384,75.44692182540894,5,mac_latency_test,bulk_benchmark
89,0,400,0.2656805000151507,0.1605773670016788,659698.553681551,659698.658784684,659698.553811933,659698.555323616,659698.658172645,659698.658179775,0.1051031330134719,0.0015116829890757,0.1028490290045738,0.0006049090297892,5,384,mac_latency_test_GL5_PL384,75.44692182540894,5,mac_latency_test,bulk_benchmark
90,0,400,0.2636622920399531,0.157409401028417,659698.919692018,659699.025944909,659698.91982974,659698.921369484,659699.02532413,659699.02533117,0.1062528910115361,0.0015397440874949,0.1039546459214761,0.0006137390155345,5,384,mac_latency_test_GL5_PL384,75.44692182540894,5,mac_latency_test,bulk_benchmark
91,0,400,0.2678362500155344,0.1613321559270844,659699.29184923,659699.398353324,659699.291987481,659699.293486623,659699.397715704,659699.397723184,0.10650409408845,0.0014991420321166,0.1042290810728445,0.0006301400717347,5,384,mac_latency_test_GL5_PL384,75.44692182540894,5,mac_latency_test,bulk_benchmark
92,0,400,0.2712927079992369,0.1631002778885886,659699.668359606,659699.776552036,659699.668497899,659699.670068783,659699.775856545,659699.775864505,0.1081924301106482,0.0015708840219303,0.1057877619750797,0.0006875310791656,5,384,mac_latency_test_GL5_PL384,75.44692182540894,5,mac_latency_test,bulk_benchmark
93,0,400,0.2644205000251531,0.158229602035135,659700.040571718,659700.146762616,659700.04070915,659700.042229823,659700.146138107,659700.146144977,0.1061908979900181,0.0015206729294732,0.1039082841016352,0.000617639045231,5,384,mac_latency_test_GL5_PL384,75.44692182540894,5,mac_latency_test,bulk_benchmark
94,4,400,0.2799288330134004,0.1604068020824343,659700.40953433,659700.529056361,659700.409706282,659700.411181185,659700.52835649,659700.5283639,0.1195220309309661,0.0014749030815437,0.117175304912962,0.000692460918799,5,384,mac_latency_test_GL5_PL384,75.44692182540894,5,mac_latency_test,bulk_benchmark
95,0,400,0.2660014579887502,0.1596484169713221,659700.792669737,659700.899022778,659700.792806028,659700.794371572,659700.898367219,659700.898374719,0.106353041017428,0.0015655439347028,0.1039956470485776,0.0006480590673163,5,384,mac_latency_test_GL5_PL384,75.44692182540894,5,mac_latency_test,bulk_benchmark
96,0,400,0.2676462919916957,0.1592041390249505,659701.16234846,659701.270790613,659701.162490431,659701.164070195,659701.270055342,659701.270063172,0.1084421529667452,0.001579764066264,0.105985146947205,0.0007274410454556,5,384,mac_latency_test_GL5_PL384,75.44692182540894,5,mac_latency_test,bulk_benchmark
97,0,400,0.2694134579505771,0.1625974489143118,659701.535665608,659701.642481617,659701.535841,659701.537388623,659701.641837387,659701.641845177,0.1068160090362653,0.0015476229600608,0.1044487640028819,0.0006364400032907,5,384,mac_latency_test_GL5_PL384,75.44692182540894,5,mac_latency_test,bulk_benchmark
98,0,400,0.2668125419877469,0.1613330540712922,659701.911794838,659702.017274326,659701.91192741,659701.913456213,659702.016636266,659702.016643597,0.1054794879164546,0.0015288029098883,0.1031800530618056,0.0006307289004325,5,384,mac_latency_test_GL5_PL384,75.44692182540894,5,mac_latency_test,bulk_benchmark
99,0,400,0.2778324170503765,0.1587362530408427,659702.277207037,659702.396303201,659702.277340508,659702.278853221,659702.39559219,659702.39559971,0.1190961640095338,0.0015127130318433,0.1167389689944684,0.0007034909212961,5,384,mac_latency_test_GL5_PL384,75.44692182540894,5,mac_latency_test,bulk_benchmark
100,0,400,0.2671899590059183,0.1618999130441807,659702.662619168,659702.767909214,659702.662755669,659702.664262012,659702.767276594,659702.767283934,0.1052900459617376,0.0015063430182635,0.1030145819531753,0.0006252799648791,5,384,mac_latency_test_GL5_PL384,75.44692182540894,5,mac_latency_test,bulk_benchmark
101,0,400,0.2642759160371497,0.1580736460164189,659703.033697511,659703.139899781,659703.033831014,659703.035347287,659703.139267872,659703.139275492,0.1062022700207308,0.0015162730123847,0.1039205850102007,0.0006242889212444,5,384,mac_latency_test_GL5_PL384,75.44692182540894,5,mac_latency_test,bulk_benchmark
102,0,400,0.2645571249886416,0.1594608309096656,659703.405825862,659703.510922156,659703.405962314,659703.407510548,659703.510328995,659703.510336567,0.1050962940789759,0.0015482340240851,0.1028184469323605,0.0005855890922248,5,384,mac_latency_test_GL5_PL384,75.44692182540894,5,mac_latency_test,bulk_benchmark
104,1,400,0.2695747920079157,0.1604074980132281,659704.138483357,659704.247650651,659704.138622498,659704.140198952,659704.247020411,659704.247028301,0.1091672939946875,0.0015764540294185,0.1068214589031413,0.0006223500240594,5,384,mac_latency_test_GL5_PL384,75.44692182540894,5,mac_latency_test,bulk_benchmark
106,0,400,0.2680791669990867,0.16285343200434,659704.92781745,659705.033043185,659704.927954832,659704.929488935,659705.032448525,659705.032455585,0.1052257349947467,0.0015341030666604,0.1029595899162814,0.000587600050494,5,384,mac_latency_test_GL5_PL384,75.44692182540894,5,mac_latency_test,bulk_benchmark
107,0,400,0.2665441670105792,0.160006363003049,659705.301973711,659705.408511515,659705.302142433,659705.303651316,659705.407876855,659705.407884215,0.1065378040075302,0.0015088829677551,0.1042255390202626,0.0006273000035434,5,384,mac_latency_test_GL5_PL384,75.44692182540894,5,mac_latency_test,bulk_benchmark
109,0,400,0.2655262919724919,0.1600064329686574,659706.040334051,659706.14585391,659706.040469593,659706.042019556,659706.145251342,659706.145258302,0.1055198590038344,0.0015499630244448,0.1032317859353497,0.0005956080276519,5,384,mac_latency_test_GL5_PL384,75.44692182540894,5,mac_latency_test,bulk_benchmark
111,1,400,0.2700618330272846,0.1613652159576304,659706.826492477,659706.935189094,659706.826624299,659706.828104312,659706.934565785,659706.934573015,0.1086966170696541,0.0014800128992646,0.1064614730421453,0.0006160790799185,5,384,mac_latency_test_GL5_PL384,75.44692182540894,5,mac_latency_test,bulk_benchmark
112,0,400,0.2658803339581936,0.1602291529998183,659707.201896597,659707.307547778,659707.202062329,659707.203614743,659707.30696123,659707.30696839,0.1056511809583753,0.0015524139162153,0.1033464870415628,0.000579387997277,5,384,mac_latency_test_GL5_PL384,75.44692182540894,5,mac_latency_test,bulk_benchmark
113,0,400,0.272822915983852,0.1681052599451504,659707.577230296,659707.681947952,659707.577359697,659707.578794559,659707.681327693,659707.681334884,0.1047176560387015,0.0014348620316013,0.1025331340497359,0.0006130679976195,5,384,mac_latency_test_GL5_PL384,75.44692182540894,5,mac_latency_test,bulk_benchmark
114,0,400,0.2643482499988749,0.1592880879761651,659707.947329075,659708.052389237,659707.947463987,659707.948945749,659708.051744187,659708.051751738,0.1050601620227098,0.0014817619230598,0.1027984380489215,0.0006374990334734,5,384,mac_latency_test_GL5_PL384,75.44692182540894,5,mac_latency_test,bulk_benchmark
115,0,400,0.2651771660312079,0.1596226370311342,659708.318980468,659708.424534997,659708.31914672,659708.320600962,659708.423830057,659708.423837706,0.1055545290000736,0.0014542420394718,0.1032290949951857,0.0006972909905016,5,384,mac_latency_test_GL5_PL384,75.44692182540894,5,mac_latency_test,bulk_benchmark
116,1,400,0.2777141249971464,0.1675503370352089,659708.696536341,659708.806700129,659708.696692863,659708.698284638,659708.80605603,659708.80606304,0.1101637879619374,0.0015917749842628,0.10777139198035,0.0006370889022946,5,384,mac_latency_test_GL5_PL384,75.44692182540894,5,mac_latency_test,bulk_benchmark
117,0,400,0.2634320830111392,0.1583508200128562,659709.070046711,659709.175127974,659709.070183503,659709.071657906,659709.174474254,659709.174481504,0.1050812629982829,0.0014744030777364,0.1028163479641079,0.0006464699981734,5,384,mac_latency_test_GL5_PL384,75.44692182540894,5,mac_latency_test,bulk_benchmark
118,0,400,0.263755708001554,0.1588409470859915,659709.441690513,659709.546605274,659709.441822115,659709.443331978,659709.546035095,659709.546042766,0.1049147609155625,0.0015098630683496,0.1027031169505789,0.0005625080084428,5,384,mac_latency_test_GL5_PL384,75.44692182540894,5,mac_latency_test,bulk_benchmark
120,0,400,0.2768437080085277,0.1604434640612453,659710.198584605,659710.314984849,659710.198730727,659710.200360363,659710.314375111,659710.314382251,0.1164002439472824,0.0016296360408887,0.1140147480182349,0.0006025979528203,5,384,mac_latency_test_GL5_PL384,75.44692182540894,5,mac_latency_test,bulk_benchmark
121,0,400,0.2675015409477055,0.1623785089468583,659710.583495721,659710.688618753,659710.583630042,659710.585141775,659710.687995064,659710.688019944,0.1051230320008471,0.0015117329312488,0.1028532889904454,0.0005988089833408,5,384,mac_latency_test_GL5_PL384,75.44692182540894,5,mac_latency_test,bulk_benchmark
123,0,400,0.2708140829927288,0.1656447790446691,659711.326753115,659711.431922419,659711.326888897,659711.32843767,659711.4313559,659711.43136289,0.1051693039480596,0.0015487730270251,0.102918229997158,0.0005595289403572,5,384,mac_latency_test_GL5_PL384,75.44692182540894,5,mac_latency_test,bulk_benchmark
124,0,400,0.2631474160007201,0.1581794649246148,659711.694088402,659711.799056353,659711.694221614,659711.695705146,659711.798445294,659711.798452704,0.1049679510761052,0.0014835319016128,0.1027401480823755,0.0006036490667611,5,384,mac_latency_test_GL5_PL384,75.44692182540894,5,mac_latency_test,bulk_benchmark
125,0,400,0.2630385840311646,0.1563780991127714,659712.056297383,659712.162957868,659712.056444836,659712.05803544,659712.162360719,659712.16236784,0.1066604849183932,0.0015906040789559,0.1043252790113911,0.000590028008446,5,384,mac_latency_test_GL5_PL384,75.44692182540894,5,mac_latency_test,bulk_benchmark
126,0,400,0.2673935830243863,0.1610060401144437,659712.429045391,659712.535432934,659712.429179793,659712.430690796,659712.534820575,659712.534827775,0.1063875429099425,0.0015110030071809,0.1041297790361568,0.0006051589734852,5,384,mac_latency_test_GL5_PL384,75.44692182540894,5,mac_latency_test,bulk_benchmark
127,0,400,0.2676970830070786,0.160787032044027,659712.800750684,659712.907660735,659712.800884126,659712.802402099,659712.907060656,659712.907068086,0.1069100509630516,0.0015179730253294,0.1046585569856688,0.0005926489830017,5,384,mac_latency_test_GL5_PL384,75.44692182540894,5,mac_latency_test,bulk_benchmark
128,0,400,0.2678256660001352,0.1592957909451797,659713.169363322,659713.277893197,659713.169504094,659713.171139479,659713.277257417,659713.277264857,0.1085298750549554,0.0016353849787265,0.1061179379466921,0.0006283400580286,5,384,mac_latency_test_GL5_PL384,75.44692182540894,5,mac_latency_test,bulk_benchmark
129,2,400,0.2743501249933615,0.160920146969147,659713.546379937,659713.659809915,659713.546515419,659713.548020202,659713.659186006,659713.659198166,0.1134299780242145,0.0015047829365357,0.1111658040899783,0.0006117490120232,5,384,mac_latency_test_GL5_PL384,75.44692182540894,5,mac_latency_test,bulk_benchmark
130,0,400,0.2642333340481855,0.1584604409872554,659713.926623139,659714.032396032,659713.926762651,659713.928310794,659714.031816743,659714.031824374,0.10577289306093,0.0015481431037187,0.1035059489076957,0.0005716580199077,5,384,mac_latency_test_GL5_PL384,75.44692182540894,5,mac_latency_test,bulk_benchmark
133,0,400,0.2691444170195609,0.1633691829629242,659715.050607185,659715.156382419,659715.050745277,659715.05225595,659715.155772199,659715.155779279,0.1057752340566366,0.0015106730861589,0.1035162489861249,0.0006031400989741,5,384,mac_latency_test_GL5_PL384,75.44692182540894,5,mac_latency_test,bulk_benchmark
134,0,400,0.2646916250232607,0.1589181530289352,659715.421336755,659715.527110227,659715.421470726,659715.423125032,659715.526410107,659715.526417817,0.1057734719943255,0.001654305960983,0.103285075048916,0.0006924100453034,5,384,mac_latency_test_GL5_PL384,75.44692182540894,5,mac_latency_test,bulk_benchmark
135,0,400,0.2676248340285383,0.1616551960469223,659715.79333012,659715.899299758,659715.793468902,659715.795106198,659715.898681099,659715.898688499,0.1059696379816159,0.0016372960526496,0.1035749008879065,0.0006112590199336,5,384,mac_latency_test_GL5_PL384,75.44692182540894,5,mac_latency_test,bulk_benchmark
136,0,400,0.2665937910205684,0.1611617819289676,659716.166816723,659716.272248732,659716.166954925,659716.16854978,659716.271651771,659716.271659191,0.1054320090916007,0.0015948549844324,0.1031019910005852,0.0005895410431548,5,384,mac_latency_test_GL5_PL384,75.44692182540894,5,mac_latency_test,bulk_benchmark
137,0,400,0.2640920829726383,0.1591032820288092,659716.535274388,659716.640263189,659716.53541004,659716.536907832,659716.639657409,659716.63966484,0.1049888009438291,0.0014977919636294,0.1027495770249515,0.0005983490264043,5,384,mac_latency_test_GL5_PL384,75.44692182540894,5,mac_latency_test,bulk_benchmark
138,0,400,0.2664344999939203,0.1594095269683748,659716.905514719,659717.012539692,659716.905670381,659716.907195484,659717.011918942,659717.011926232,0.1070249730255454,0.00152510299813,0.1047234579455107,0.0006134599680081,5,384,mac_latency_test_GL5_PL384,75.44692182540894,5,mac_latency_test,bulk_benchmark
140,0,400,0.2657632919726893,0.1592375179752707,659717.681577392,659717.788103166,659717.681752354,659717.683270407,659717.787443597,659717.787451266,0.1065257739974185,0.0015180530026555,0.1041731899604201,0.0006519000744447,5,384,mac_latency_test_GL5_PL384,75.44692182540894,5,mac_latency_test,bulk_benchmark
141,0,400,0.2663434999994933,0.1604994360823184,659718.050583614,659718.156427678,659718.050718836,659718.052224169,659718.155789039,659718.155796329,0.1058440639171749,0.0015053329989314,0.1035648699617013,0.0006313489284366,5,384,mac_latency_test_GL5_PL384,75.44692182540894,5,mac_latency_test,bulk_benchmark
142,0,400,0.2642829170217737,0.1590702240355312,659718.419973524,659718.525186217,659718.420139686,659718.421653059,659718.524549417,659718.524556658,0.1052126929862424,0.0015133729903027,0.1028963580029085,0.0006295590428635,5,384,mac_latency_test_GL5_PL384,75.44692182540894,5,mac_latency_test,bulk_benchmark
143,0,400,0.2681851249653846,0.1615855880081653,659718.787145297,659718.893744834,659718.78728421,659718.788836054,659718.893099774,659718.893106924,0.1065995369572192,0.0015518440632149,0.1042637199861928,0.0006379099795594,5,384,mac_latency_test_GL5_PL384,75.44692182540894,5,mac_latency_test,bulk_benchmark
144,0,400,0.2645538750221021,0.1564583670697175,659719.157881557,659719.265977065,659719.1580542,659719.159569933,659719.265297865,659719.265306135,0.1080955079523846,0.0015157329617068,0.1057279320666566,0.0006709299050271,5,384,mac_latency_test_GL5_PL384,75.44692182540894,5,mac_latency_test,bulk_benchmark
146,0,400,0.2671246670070104,0.1586968349874951,659719.924495888,659720.03292372,659719.92463515,659719.926204934,659720.03225614,659720.03226341,0.1084278320195153,0.0015697840135544,0.1060512060066685,0.0006603099172934,5,384,mac_latency_test_GL5_PL384,75.44692182540894,5,mac_latency_test,bulk_benchmark
147,0,400,0.2644603750086389,0.1586960320710204,659720.294529285,659720.400293628,659720.294664047,659720.29618187,659720.399639798,659720.399647288,0.1057643429376185,0.0015178230823948,0.103457927936688,0.0006463399622589,5,384,mac_latency_test_GL5_PL384,75.44692182540894,5,mac_latency_test,bulk_benchmark
149,0,400,0.2671257079928182,0.1602635590243153,659721.049707512,659721.156569661,659721.049940815,659721.051689231,659721.155882421,659721.155889971,0.1068621489685028,0.0017484159907326,0.1041931899962946,0.0006796900415793,5,384,mac_latency_test_GL5_PL384,75.44692182540894,5,mac_latency_test,bulk_benchmark
150,0,400,0.2664304160280153,0.1594748460920527,659721.418134336,659721.525089906,659721.418269628,659721.41975457,659721.524432676,659721.524440396,0.1069555699359625,0.0014849420404061,0.1046781060285866,0.0006495099514722,5,384,mac_latency_test_GL5_PL384,75.44692182540894,5,mac_latency_test,bulk_benchmark
152,0,400,0.2653973340056836,0.1583972320659086,659722.208788049,659722.315788151,659722.208926021,659722.210552796,659722.31512297,659722.315130321,0.107000101939775,0.0016267750179395,0.1045701740076765,0.0006578300381079,5,384,mac_latency_test_GL5_PL384,75.44692182540894,5,mac_latency_test,bulk_benchmark
153,0,400,0.2661882910178974,0.1605381199624389,659722.581448557,659722.687098728,659722.581580929,659722.583067171,659722.686440089,659722.686447618,0.1056501710554584,0.001486242050305,0.1033729179762303,0.0006511100800707,5,384,mac_latency_test_GL5_PL384,75.44692182540894,5,mac_latency_test,bulk_benchmark
155,0,400,0.2675947910174727,0.1616472749738022,659723.322292086,659723.428239602,659723.322433898,659723.324057692,659723.427566931,659723.427574502,0.1059475160436704,0.0016237939707934,0.1035092390375211,0.0006651000585407,5,384,mac_latency_test_GL5_PL384,75.44692182540894,5,mac_latency_test,bulk_benchmark
156,1,400,0.2694387080264278,0.1608140221214853,659723.696545748,659723.805170434,659723.69668096,659723.698266564,659723.804518694,659723.804526044,0.1086246859049424,0.0015856040408834,0.1062521300045773,0.000644389889203,5,384,mac_latency_test_GL5_PL384,75.44692182540894,5,mac_latency_test,bulk_benchmark
157,0,400,0.2651637079543434,0.1601563059375621,659724.070177151,659724.175184553,659724.070304512,659724.071749395,659724.174580254,659724.174587144,0.1050074020167812,0.0014448829460889,0.1028308590175584,0.0005974089726805,5,384,mac_latency_test_GL5_PL384,75.44692182540894,5,mac_latency_test,bulk_benchmark
158,0,400,0.2678797920234501,0.1621842300519347,659724.439221324,659724.544916886,659724.439364837,659724.44096259,659724.544255547,659724.544306287,0.1056955619715154,0.001597753027454,0.1032929569482803,0.0006105990614742,5,384,mac_latency_test_GL5_PL384,75.44692182540894,5,mac_latency_test,bulk_benchmark
160,0,400,0.2651093329768628,0.1598507980816066,659725.175953031,659725.281211566,659725.176112903,659725.177639806,659725.280590707,659725.280597997,0.1052585348952561,0.0015269028954207,0.1029509010259062,0.0006135689327493,5,384,mac_latency_test_GL5_PL384,75.44692182540894,5,mac_latency_test,bulk_benchmark
161,0,400,0.2657402919721789,0.1590412149089388,659725.542753871,659725.649452948,659725.542879263,659725.544384516,659725.648816398,659725.648825268,0.1066990770632401,0.0015052529051899,0.1044318820349872,0.0006276799831539,5,384,mac_latency_test_GL5_PL384,75.44692182540894,5,mac_latency_test,bulk_benchmark
162,0,400,0.2697201669798232,0.1647046160069294,659725.913411179,659726.01842673,659725.91354559,659725.915054593,659726.01781135,659726.017818721,0.1050155509728938,0.001509002991952,0.1027567569399252,0.0006080089369788,5,384,mac_latency_test_GL5_PL384,75.44692182540894,5,mac_latency_test,bulk_benchmark
163,0,400,0.2791950000100769,0.1735472590080462,659726.302290242,659726.407937983,659726.302429214,659726.303956557,659726.407315935,659726.407323325,0.1056477410020306,0.0015273429453372,0.1033593780593946,0.000614657998085,5,384,mac_latency_test_GL5_PL384,75.44692182540894,5,mac_latency_test,bulk_benchmark
164,0,400,0.2640578749706037,0.1587858489365317,659726.671278155,659726.776550181,659726.671408668,659726.672878079,659726.775902741,659726.775910211,0.105272026034072,0.0014694109559059,0.1030246620066464,0.0006399699486792,5,384,mac_latency_test_GL5_PL384,75.44692182540894,5,mac_latency_test,bulk_benchmark
165,0,400,0.2655588330235332,0.1602113760309294,659727.041252533,659727.14659999,659727.041387674,659727.042902478,659727.14597184,659727.14597928,0.1053474569926038,0.0015148039674386,0.1030693619977682,0.0006207099650055,5,384,mac_latency_test_GL5_PL384,75.44692182540894,5,mac_latency_test,bulk_benchmark
166,0,400,0.2775678330217488,0.1719743831199593,659727.421937313,659727.527530763,659727.422097935,659727.423650848,659727.526904103,659727.526911314,0.1055934499017894,0.0015529129886999,0.1032532550161704,0.0006194489542394,5,384,mac_latency_test_GL5_PL384,75.44692182540894,5,mac_latency_test,bulk_benchmark
167,0,400,0.2673962920089252,0.160160927043762,659727.791043958,659727.898279323,659727.79117711,659727.792665242,659727.897616433,659727.897623993,0.1072353649651631,0.0014881319366395,0.1049511909950524,0.0006553300190716,5,384,mac_latency_test_GL5_PL384,75.44692182540894,5,mac_latency_test,bulk_benchmark
168,0,400,0.2664842079975642,0.1604820520733483,659728.162765522,659728.268767678,659728.162894043,659728.164418216,659728.268153279,659728.268160389,0.1060021559242159,0.0015241729561239,0.1037350629922002,0.0006072889082133,5,384,mac_latency_test_GL5_PL384,75.44692182540894,5,mac_latency_test,bulk_benchmark
169,0,400,0.2808433750178665,0.1751151930075138,659728.552410548,659728.65813873,659728.55253516,659728.554069993,659728.657458229,659728.657465909,0.1057281820103526,0.0015348329907283,0.1033882360206916,0.0006728209555149,5,384,mac_latency_test_GL5_PL384,75.44692182540894,5,mac_latency_test,bulk_benchmark
170,0,400,0.2642500000074506,0.1587503009941429,659728.921799866,659729.027299565,659728.921930608,659728.923435661,659729.026644235,659729.026652135,0.1054996990133076,0.0015050530200824,0.103208574000746,0.0006474300753325,5,384,mac_latency_test_GL5_PL384,75.44692182540894,5,mac_latency_test,bulk_benchmark
171,0,400,0.2720880419947207,0.1665548830060288,659729.297523461,659729.40305662,659729.297702164,659729.299346158,659729.40241171,659729.402419,0.1055331589886918,0.0016439940081909,0.1030655519571155,0.0006376199889928,5,384,mac_latency_test_GL5_PL384,75.44692182540894,5,mac_latency_test,bulk_benchmark
173,0,400,0.2707018330111168,0.1642769709578715,659730.075825288,659730.18225015,659730.075978011,659730.077694937,659730.181644342,659730.181652052,0.1064248620532453,0.0017169259954243,0.1039494050201028,0.0005980980349704,5,384,mac_latency_test_GL5_PL384,75.44692182540894,5,mac_latency_test,bulk_benchmark
174,0,400,0.2658670420059934,0.1591543660033494,659730.447586264,659730.55429894,659730.447725155,659730.449314099,659730.553697251,659730.553704851,0.106712676002644,0.0015889439964666,0.1043831519782543,0.0005940890405327,5,384,mac_latency_test_GL5_PL384,75.44692182540894,5,mac_latency_test,bulk_benchmark
175,1,400,0.2785936659784056,0.169377731916029,659730.82541024,659730.934626174,659730.825551193,659730.827185558,659730.934014016,659730.934022085,0.1092159340623766,0.0016343650640919,0.1068284579087048,0.0006040890002623,5,384,mac_latency_test_GL5_PL384,75.44692182540894,5,mac_latency_test,bulk_benchmark
176,0,400,0.2642969170119613,0.1593641251092776,659731.194045096,659731.298977888,659731.194177468,659731.195661601,659731.298400039,659731.298407919,0.1049327919026836,0.0014841330703347,0.1027384379412978,0.0005699689500033,5,384,mac_latency_test_GL5_PL384,75.44692182540894,5,mac_latency_test,bulk_benchmark
177,0,400,0.2638612909941003,0.1584890830563381,659731.5643869,659731.669759108,659731.564516082,659731.566083366,659731.669169528,659731.669176518,0.1053722079377621,0.0015672839945182,0.1030861618928611,0.0005825900007039,5,384,mac_latency_test_GL5_PL384,75.44692182540894,5,mac_latency_test,bulk_benchmark
179,0,400,0.2635738750104792,0.1573532950715161,659732.317092739,659732.423313319,659732.317236731,659732.318957437,659732.42270316,659732.42271096,0.106220579938963,0.0017207060009241,0.1037457230268046,0.0006023589521646,5,384,mac_latency_test_GL5_PL384,75.44692182540894,5,mac_latency_test,bulk_benchmark
180,0,400,0.2644584999652579,0.1589224908966571,659732.687535364,659732.793071373,659732.687677396,659732.68925411,659732.792467385,659732.792474634,0.1055360090686008,0.0015767139848321,0.1032132749678567,0.0005967390025034,5,384,mac_latency_test_GL5_PL384,75.44692182540894,5,mac_latency_test,bulk_benchmark
181,0,400,0.2742450409568846,0.1683921769727021,659733.065702146,659733.17155501,659733.065879728,659733.067769667,659733.170961211,659733.170968481,0.1058528639841824,0.0018899390706792,0.1031915439525619,0.0005865290295332,5,384,mac_latency_test_GL5_PL384,75.44692182540894,5,mac_latency_test,bulk_benchmark
182,0,400,0.265467457997147,0.1591510569560341,659733.434458695,659733.540775096,659733.434596907,659733.43611973,659733.540148687,659733.540156077,0.1063164010411128,0.001522823004052,0.104028956964612,0.0006190190324559,5,384,mac_latency_test_GL5_PL384,75.44692182540894,5,mac_latency_test,bulk_benchmark
183,0,400,0.2661243749898858,0.1595713389688171,659733.802739537,659733.909292573,659733.802872419,659733.804386502,659733.908690373,659733.908697893,0.1065530360210686,0.0015140830073505,0.104303870932199,0.0005946799647063,5,384,mac_latency_test_GL5_PL384,75.44692182540894,5,mac_latency_test,bulk_benchmark
185,1,400,0.2691452919971198,0.159845495945774,659734.534724313,659734.644024109,659734.534861985,659734.53650552,659734.6434173,659734.64342475,0.1092997960513457,0.0016435349825769,0.1069117799634113,0.0005993590457364,5,384,mac_latency_test_GL5_PL384,75.44692182540894,5,mac_latency_test,bulk_benchmark
186,0,400,0.2673039590008557,0.1583745090756565,659734.90597462,659735.01490407,659734.906137722,659734.907623965,659735.014323601,659735.014330631,0.1089294499251991,0.0014862429816275,0.1066996360896155,0.000573438941501,5,384,mac_latency_test_GL5_PL384,75.44692182540894,5,mac_latency_test,bulk_benchmark
187,0,400,0.2757808329770341,0.1701561019290238,659735.283482261,659735.389106992,659735.283620323,659735.285216437,659735.388543153,659735.388550253,0.1056247310480102,0.0015961138997226,0.1033267159946262,0.0005567390471696,5,384,mac_latency_test_GL5_PL384,75.44692182540894,5,mac_latency_test,bulk_benchmark
188,0,400,0.2628751670126803,0.1574288189294748,659735.656481104,659735.761927452,659735.656621116,659735.658231821,659735.761325803,659735.761334413,0.1054463480832055,0.0016107050469145,0.1030939819756895,0.0005930390907451,5,384,mac_latency_test_GL5_PL384,75.44692182540894,5,mac_latency_test,bulk_benchmark
189,0,400,0.2646384169929661,0.1590274869813583,659736.026085297,659736.131696227,659736.026218279,659736.027712161,659736.131125069,659736.131132909,0.1056109300116077,0.0014938819222152,0.1034129080362618,0.000563318026252,5,384,mac_latency_test_GL5_PL384,75.44692182540894,5,mac_latency_test,bulk_benchmark
191,0,400,0.2672311249771155,0.1617617570445872,659736.791958405,659736.897427773,659736.792113357,659736.79360859,659736.896841884,659736.896849375,0.1054693679325282,0.0014952330384403,0.1032332939794287,0.0005783980013802,5,384,mac_latency_test_GL5_PL384,75.44692182540894,5,mac_latency_test,bulk_benchmark
193,0,400,0.2632958340109326,0.1577640149625949,659737.528294785,659737.633826604,659737.528426827,659737.52992521,659737.633266165,659737.633273897,0.1055318190483376,0.0014983830042183,0.1033409549854695,0.0005527070024982,5,384,mac_latency_test_GL5_PL384,75.44692182540894,5,mac_latency_test,bulk_benchmark
194,0,400,0.2650317500228993,0.1597476041060872,659737.894607607,659737.999891753,659737.894731129,659737.896230122,659737.999330964,659737.999338705,0.1052841459168121,0.0014989929040893,0.1031008420977741,0.0005530479829758,5,384,mac_latency_test_GL5_PL384,75.44692182540894,5,mac_latency_test,bulk_benchmark
195,0,400,0.2634000839898363,0.158375610015355,659738.263240373,659738.368264847,659738.263370806,659738.264819189,659738.367679767,659738.367687538,0.1050244739744812,0.0014483829727396,0.1028605779865756,0.0005773089360445,5,384,mac_latency_test_GL5_PL384,75.44692182540894,5,mac_latency_test,bulk_benchmark
196,0,400,0.2630817079916596,0.1576779700117185,659738.629362254,659738.734765992,659738.629498066,659738.63109846,659738.734208283,659738.734215183,0.105403737979941,0.0016003940254449,0.1031098229577764,0.0005508090835064,5,384,mac_latency_test_GL5_PL384,75.44692182540894,5,mac_latency_test,bulk_benchmark
198,2,400,0.2729852499905973,0.1604367839172482,659739.359700864,659739.47224933,659739.359835647,659739.361361909,659739.47165861,659739.471666521,0.1125484660733491,0.0015262619126588,0.1102967010810971,0.0005828089779242,5,384,mac_latency_test_GL5_PL384,75.44692182540894,5,mac_latency_test,bulk_benchmark
200,0,400,0.270466124988161,0.164712561876513,659740.126337244,659740.232090807,659740.126473646,659740.127954569,659740.231479037,659740.231486417,0.1057535631116479,0.0014809229178354,0.1035244680242613,0.0006043900502845,5,384,mac_latency_test_GL5_PL384,75.44692182540894,5,mac_latency_test,bulk_benchmark
3,0,400,0.3389713750220835,0.1587145329685881,659745.484840403,659745.665097245,659745.484976995,659745.48661408,659745.664287422,659745.664295023,0.1802568420534953,0.0016370849916711,0.1776733419392258,0.0008022220572456,9,384,mac_latency_test_GL9_PL384,90.77582097053528,9,mac_latency_test,bulk_benchmark
5,0,400,0.3388361249817535,0.158258868032135,659746.366130301,659746.546707558,659746.366269443,659746.367787946,659746.545938875,659746.545946166,0.1805772569496184,0.0015185030642896,0.1781509289285168,0.0007613919442519,9,384,mac_latency_test_GL9_PL384,90.77582097053528,9,mac_latency_test,bulk_benchmark
6,0,400,0.3408227500040084,0.1605979180894792,659746.812085189,659746.992310021,659746.812217791,659746.813731234,659746.991552309,659746.9915597,0.1802248319145292,0.0015134430723264,0.1778210749616846,0.0007503209635615,9,384,mac_latency_test_GL9_PL384,90.77582097053528,9,mac_latency_test,bulk_benchmark
8,0,400,0.3405782909831032,0.1623902400024235,659747.752773028,659747.930961079,659747.75290803,659747.754523804,659747.930235768,659747.930242958,0.1781880509806797,0.0016157740028575,0.1757119640242308,0.0007181209512054,9,384,mac_latency_test_GL9_PL384,90.77582097053528,9,mac_latency_test,bulk_benchmark
10,0,400,0.3394463749718852,0.1608592989505268,659748.634068856,659748.812655932,659748.634198388,659748.63569304,659748.811925452,659748.811933152,0.1785870760213583,0.0014946520095691,0.1762324119918048,0.0007227800088003,9,384,mac_latency_test_GL9_PL384,90.77582097053528,9,mac_latency_test,bulk_benchmark
12,3,400,0.3536726669990457,0.1620879019028507,659749.516528501,659749.708113266,659749.516653644,659749.518162887,659749.707325024,659749.707332564,0.191584765096195,0.0015092429239302,0.1891621369868517,0.000780701986514,9,384,mac_latency_test_GL9_PL384,90.77582097053528,9,mac_latency_test,bulk_benchmark
13,0,400,0.3372112910146825,0.1590353899518959,659749.974465193,659750.152641094,659749.974595515,659749.976087347,659750.151906583,659750.151914543,0.1781759010627865,0.0014918319648131,0.1758192359702661,0.0007265510503202,9,384,mac_latency_test_GL9_PL384,90.77582097053528,9,mac_latency_test,bulk_benchmark
14,2,400,0.3455454999930225,0.159671981993597,659750.4137042,659750.599577718,659750.413831242,659750.415308415,659750.598659064,659750.598667694,0.1858735179994255,0.0014771729474887,0.1833506490802392,0.0009100239258259,9,384,mac_latency_test_GL9_PL384,90.77582097053528,9,mac_latency_test,bulk_benchmark
15,0,400,0.3413478749571368,0.1614542279858142,659750.859777472,659751.039671119,659750.859913724,659750.861475008,659751.038928708,659751.038936138,0.1798936469713226,0.0015612839488312,0.1774536999873817,0.0007349809166043,9,384,mac_latency_test_GL9_PL384,90.77582097053528,9,mac_latency_test,bulk_benchmark
16,0,400,0.3429025000077672,0.1601938719977624,659751.310520626,659751.493229254,659751.310662477,659751.312352474,659751.492466432,659751.492474202,0.1827086280100047,0.0016899969195947,0.1801139580784365,0.0007550520822405,9,384,mac_latency_test_GL9_PL384,90.77582097053528,9,mac_latency_test,bulk_benchmark
17,0,400,0.3384037079522386,0.1583895690273493,659751.75622659,659751.936240729,659751.756357463,659751.757854595,659751.935428717,659751.935436817,0.1800141389248892,0.0014971320051699,0.1775741220917552,0.0008039119420573,9,384,mac_latency_test_GL9_PL384,90.77582097053528,9,mac_latency_test,bulk_benchmark
18,0,400,0.3414397080196067,0.1625668760389089,659752.203539641,659752.382412473,659752.203674163,659752.205184436,659752.381623361,659752.38163151,0.1788728319806978,0.0015102730831131,0.1764389249728992,0.0007809629896655,9,384,mac_latency_test_GL9_PL384,90.77582097053528,9,mac_latency_test,bulk_benchmark
19,0,400,0.3552726249909028,0.1715713529847562,659752.660638531,659752.844339803,659752.660767581,659752.662327045,659752.843529602,659752.843537411,0.1837012720061466,0.0015594640281051,0.1812025570543483,0.0008023920236155,9,384,mac_latency_test_GL9_PL384,90.77582097053528,9,mac_latency_test,bulk_benchmark
20,0,400,0.3390802909852937,0.160154707962647,659753.110507548,659753.289433131,659753.11064151,659753.112122372,659753.288637379,659753.288644639,0.1789255830226466,0.001480862032622,0.1765150069259107,0.0007884920341894,9,384,mac_latency_test_GL9_PL384,90.77582097053528,9,mac_latency_test,bulk_benchmark
21,1,400,0.3462955420254729,0.1637634349172003,659753.555045727,659753.737577834,659753.555174259,659753.556638341,659753.736772702,659753.736780282,0.1825321071082726,0.0014640820445492,0.1801343609113246,0.0007975520566105,9,384,mac_latency_test_GL9_PL384,90.77582097053528,9,mac_latency_test,bulk_benchmark
25,0,400,0.3393832499859854,0.1575077229645103,659755.38805926,659755.569934787,659755.388198233,659755.389753696,659755.569113414,659755.569120834,0.1818755270214751,0.0015554630663245,0.1793597179930657,0.0008139529963955,9,384,mac_latency_test_GL9_PL384,90.77582097053528,9,mac_latency_test,bulk_benchmark
26,0,400,0.3516119160340167,0.1729047280387021,659755.835817858,659756.014525046,659755.835964189,659755.837567234,659756.013682573,659756.013690083,0.1787071879953146,0.0016030449187383,0.1761153390398249,0.0008349629351869,9,384,mac_latency_test_GL9_PL384,90.77582097053528,9,mac_latency_test,bulk_benchmark
28,3,400,0.3581797920051031,0.1606401180033572,659756.737536465,659756.935076139,659756.737712387,659756.739233431,659756.934191855,659756.934199295,0.1975396740017458,0.0015210440615192,0.1949584239628166,0.000876844045706,9,384,mac_latency_test_GL9_PL384,90.77582097053528,9,mac_latency_test,bulk_benchmark
29,1,400,0.344912291970104,0.1624383459566161,659757.197340064,659757.37981401,659757.197481557,659757.199103271,659757.378960457,659757.378967977,0.1824739460134878,0.0016217139782384,0.1798571860417723,0.0008460329845547,9,384,mac_latency_test_GL9_PL384,90.77582097053528,9,mac_latency_test,bulk_benchmark
32,1,400,0.3440283340169117,0.1603865809738636,659758.559793766,659758.743435519,659758.559924778,659758.561412071,659758.742537386,659758.742549536,0.183641753043048,0.0014872930478304,0.1811253150226548,0.0008859829977154,9,384,mac_latency_test_GL9_PL384,90.77582097053528,9,mac_latency_test,bulk_benchmark
33,0,400,0.339468875026796,0.1608401470002718,659759.006256663,659759.184885391,659759.006386925,659759.007861378,659759.184113949,659759.184121019,0.1786287280265242,0.0014744530199095,0.1762525709345936,0.0007643720600754,9,384,mac_latency_test_GL9_PL384,90.77582097053528,9,mac_latency_test,bulk_benchmark
34,1,400,0.3382397500099614,0.1551604160340502,659759.448897573,659759.631976907,659759.449057286,659759.450515048,659759.631165135,659759.631172175,0.1830793339759111,0.0014577619731426,0.18065008695703,0.0008047319715842,9,384,mac_latency_test_GL9_PL384,90.77582097053528,9,mac_latency_test,bulk_benchmark
35,0,400,0.3429451669799164,0.1647356459870934,659759.901228979,659760.0794385,659759.901358411,659759.902821673,659760.078634468,659760.078642228,0.1782095209928229,0.0014632620150223,0.1758127950597554,0.0007962719537317,9,384,mac_latency_test_GL9_PL384,90.77582097053528,9,mac_latency_test,bulk_benchmark
36,0,400,0.3479520839755423,0.168786798894871,659760.354772994,659760.533938279,659760.354905317,659760.356516181,659760.533146227,659760.533153687,0.1791652850806713,0.0016108640702441,0.176630045985803,0.0007845920044928,9,384,mac_latency_test_GL9_PL384,90.77582097053528,9,mac_latency_test,bulk_benchmark
37,0,400,0.3393493340117857,0.1608544279588386,659760.7972076,659760.975702506,659760.797336922,659760.798814735,659760.974926654,659760.974933903,0.178494906052947,0.0014778129989281,0.1761119189905002,0.0007686030585318,9,384,mac_latency_test_GL9_PL384,90.77582097053528,9,mac_latency_test,bulk_benchmark
38,0,400,0.3387984160217456,0.1606810360099189,659761.242523439,659761.420640819,659761.242658291,659761.244163764,659761.419899598,659761.419906959,0.1781173800118267,0.0015054729301482,0.1757358340546488,0.0007338599534705,9,384,mac_latency_test_GL9_PL384,90.77582097053528,9,mac_latency_test,bulk_benchmark
39,0,400,0.3378449170268141,0.1584618589258752,659761.684974097,659761.864357155,659761.685137389,659761.686711523,659761.863607383,659761.863614983,0.1793830581009388,0.0015741339884698,0.1768958600005135,0.0007421720074489,9,384,mac_latency_test_GL9_PL384,90.77582097053528,9,mac_latency_test,bulk_benchmark
40,0,400,0.3388501249719411,0.1607452270109206,659762.129781309,659762.307886207,659762.129911201,659762.131428933,659762.307157176,659762.307164587,0.1781048979610204,0.0015177320456132,0.1757282429607585,0.0007216200465336,9,384,mac_latency_test_GL9_PL384,90.77582097053528,9,mac_latency_test,bulk_benchmark
41,0,400,0.342466542031616,0.1643027899553999,659762.57463379,659762.752797542,659762.574762343,659762.576299446,659762.752082971,659762.752090651,0.178163752076216,0.0015371030895039,0.1757835249882191,0.0007068910636007,9,384,mac_latency_test_GL9_PL384,90.77582097053528,9,mac_latency_test,bulk_benchmark
42,0,400,0.3389949169941246,0.1603593709878623,659763.018658733,659763.197294279,659763.018796495,659763.020342787,659763.196530667,659763.196537887,0.1786355460062623,0.0015462919836863,0.1761878799879923,0.0007563920225948,9,384,mac_latency_test_GL9_PL384,90.77582097053528,9,mac_latency_test,bulk_benchmark
43,0,400,0.3371804170310497,0.1591645090375095,659763.463752078,659763.641767986,659763.46387983,659763.465368432,659763.640976174,659763.640983454,0.1780159079935401,0.001488602021709,0.175607742043212,0.0007845320506021,9,384,mac_latency_test_GL9_PL384,90.77582097053528,9,mac_latency_test,bulk_benchmark
45,1,400,0.3538725000107661,0.1590924779884517,659764.345872019,659764.540652041,659764.346042141,659764.347753687,659764.539854559,659764.539861739,0.1947800220223143,0.0017115459777414,0.1921008720528334,0.0007903019431978,9,384,mac_latency_test_GL9_PL384,90.77582097053528,9,mac_latency_test,bulk_benchmark
47,0,400,0.3390791669953614,0.161049447953701,659765.276497955,659765.454527674,659765.276625337,659765.27812022,659765.453711602,659765.453718811,0.1780297190416604,0.0014948830939829,0.175591381965205,0.0008088629692792,9,384,mac_latency_test_GL9_PL384,90.77582097053528,9,mac_latency_test,bulk_benchmark
48,0,400,0.3402897919877432,0.1619066789862699,659765.723125855,659765.901508968,659765.723265087,659765.724773,659765.900730187,659765.900738287,0.1783831130014732,0.0015079129952937,0.1759571869624778,0.0007706809556111,9,384,mac_latency_test_GL9_PL384,90.77582097053528,9,mac_latency_test,bulk_benchmark
49,0,400,0.3393965419963933,0.1598219499574042,659766.165744024,659766.345318616,659766.165871526,659766.167365529,659766.344560014,659766.344567484,0.179574592038989,0.0014940029941499,0.1771944849751889,0.0007511320291087,9,384,mac_latency_test_GL9_PL384,90.77582097053528,9,mac_latency_test,bulk_benchmark
51,1,400,0.356381457997486,0.1729171769693493,659767.059766035,659767.243230316,659767.059892077,659767.06138677,659767.242443255,659767.242451004,0.1834642810281366,0.0014946929877623,0.1810564850457012,0.0007793119875714,9,384,mac_latency_test_GL9_PL384,90.77582097053528,9,mac_latency_test,bulk_benchmark
52,0,400,0.3398855000268668,0.160895747016184,659767.512076961,659767.691066714,659767.512207104,659767.513705086,659767.690299412,659767.690306842,0.1789897530106827,0.0014979819534346,0.1765943260397762,0.0007598720258101,9,384,mac_latency_test_GL9_PL384,90.77582097053528,9,mac_latency_test,bulk_benchmark
53,0,400,0.3385085000190884,0.1599030139623209,659767.95526529,659768.133870776,659767.955407031,659767.956971495,659768.133103955,659768.133111496,0.1786054860567674,0.0015644639497622,0.1761324600083753,0.0007592800538986,9,384,mac_latency_test_GL9_PL384,90.77582097053528,9,mac_latency_test,bulk_benchmark
54,1,400,0.3480479170102626,0.1626662870403379,659768.403042887,659768.588424517,659768.403172109,659768.404629881,659768.587608974,659768.587616195,0.1853816299699247,0.0014577719848603,0.1829790929332375,0.0008083219872787,9,384,mac_latency_test_GL9_PL384,90.77582097053528,9,mac_latency_test,bulk_benchmark
55,0,400,0.34094979200745,0.1627415309776552,659768.858719844,659769.036928105,659768.858864816,659768.860370839,659769.036178444,659769.036185644,0.1782082610297948,0.0015060229925438,0.1758076050318777,0.000742461066693,9,384,mac_latency_test_GL9_PL384,90.77582097053528,9,mac_latency_test,bulk_benchmark
56,0,400,0.3385588330565952,0.1602583609637804,659769.300302228,659769.4786027,659769.300434519,659769.302040254,659769.477831918,659769.477839078,0.1783004720928147,0.001605735043995,0.1757916640490293,0.0007636219961568,9,384,mac_latency_test_GL9_PL384,90.77582097053528,9,mac_latency_test,bulk_benchmark
57,0,400,0.3400877920212224,0.1609088670229539,659769.743483606,659769.922662531,659769.743614588,659769.74510298,659769.921901409,659769.921908499,0.1791789249982684,0.0014883920084685,0.1767984289908781,0.0007540320511907,9,384,mac_latency_test_GL9_PL384,90.77582097053528,9,mac_latency_test,bulk_benchmark
59,0,400,0.3377662500133738,0.1594454459846019,659770.650098667,659770.828419471,659770.65023071,659770.651703781,659770.827633279,659770.827640888,0.1783208040287718,0.0014730709372088,0.1759294980438426,0.0007785829948261,9,384,mac_latency_test_GL9_PL384,90.77582097053528,9,mac_latency_test,bulk_benchmark
60,0,400,0.3535350000020116,0.1601607499178499,659771.094508444,659771.287882694,659771.094642395,659771.09624934,659771.287065502,659771.287073252,0.1933742500841617,0.0016069449484348,0.1908161620376631,0.00080944201909,9,384,mac_latency_test_GL9_PL384,90.77582097053528,9,mac_latency_test,bulk_benchmark
61,0,400,0.3386933330330066,0.1598164309398271,659771.552970122,659771.731847024,659771.553137705,659771.554671788,659771.731096513,659771.731104203,0.1788769020931795,0.0015340830432251,0.1764247249811887,0.0007428210228681,9,384,mac_latency_test_GL9_PL384,90.77582097053528,9,mac_latency_test,bulk_benchmark
62,0,400,0.346050834050402,0.1601558860857039,659771.998188712,659772.18408366,659771.998321983,659771.999823036,659772.183291737,659772.183298697,0.185894947964698,0.0015010529896244,0.1834687009686604,0.0007849630201235,9,384,mac_latency_test_GL9_PL384,90.77582097053528,9,mac_latency_test,bulk_benchmark
63,4,400,0.3518052090075798,0.1572779219713993,659772.443599615,659772.638126902,659772.443731847,659772.445217529,659772.637225248,659772.637232598,0.1945272870361805,0.0014856819761916,0.1920077190734446,0.0008943040156736,9,384,mac_latency_test_GL9_PL384,90.77582097053528,9,mac_latency_test,bulk_benchmark
64,0,400,0.3390488330041989,0.1609104019589722,659772.904394098,659773.082532529,659772.90452904,659772.906075293,659773.081715916,659773.081723296,0.1781384310452267,0.0015462529845535,0.1756406230852008,0.0008092330535873,9,384,mac_latency_test_GL9_PL384,90.77582097053528,9,mac_latency_test,bulk_benchmark
65,0,400,0.3424562920117751,0.1640609180321917,659773.352067604,659773.530462978,659773.352200086,659773.353674099,659773.529634116,659773.529641706,0.1783953739795833,0.001474012969993,0.1759600170189514,0.0008212719112634,9,384,mac_latency_test_GL9_PL384,90.77582097053528,9,mac_latency_test,bulk_benchmark
66,0,400,0.3370997080346569,0.158263428020291,659773.79705564,659773.97589192,659773.797193702,659773.798786486,659773.975078668,659773.975086557,0.1788362800143659,0.0015927840722724,0.1762921819463372,0.0008053630590438,9,384,mac_latency_test_GL9_PL384,90.77582097053528,9,mac_latency_test,bulk_benchmark
67,4,400,0.3493610419682227,0.1569712240598164,659774.238288457,659774.430678275,659774.23842392,659774.239893752,659774.42976277,659774.42976987,0.1923898179084062,0.0014698320301249,0.1898690179223194,0.0009084049379453,9,384,mac_latency_test_GL9_PL384,90.77582097053528,9,mac_latency_test,bulk_benchmark
68,3,400,0.3537644169991836,0.1583370550069958,659774.689936474,659774.885363836,659774.690122586,659774.69167436,659774.884487583,659774.884495313,0.1954273619921878,0.0015517739811912,0.1928132229950279,0.0008685229113325,9,384,mac_latency_test_GL9_PL384,90.77582097053528,9,mac_latency_test,bulk_benchmark
69,0,400,0.3418640420422889,0.1590966729563661,659775.151370809,659775.334138178,659775.151507142,659775.152992014,659775.333210244,659775.333218595,0.1827673690859228,0.0014848719583824,0.1802182300016284,0.0009195830207318,9,384,mac_latency_test_GL9_PL384,90.77582097053528,9,mac_latency_test,bulk_benchmark
70,0,400,0.3382157920277677,0.15660430904245,659775.592574466,659775.774185949,659775.592717008,659775.594544576,659775.773332106,659775.773339866,0.1816114829853177,0.0018275680486112,0.1787875299341976,0.0008460830431431,9,384,mac_latency_test_GL9_PL384,90.77582097053528,9,mac_latency_test,bulk_benchmark
71,0,400,0.3415000420063734,0.1608918650308624,659776.035421539,659776.216029716,659776.035573641,659776.037169785,659776.215172173,659776.215179734,0.180608176975511,0.001596144051291,0.1780023879837244,0.0008499819086864,9,384,mac_latency_test_GL9_PL384,90.77582097053528,9,mac_latency_test,bulk_benchmark
72,0,400,0.3426129590370692,0.1594793340773321,659776.48137636,659776.664509985,659776.481505122,659776.483025945,659776.663660331,659776.663668162,0.183133624959737,0.001520822988823,0.1806343860225752,0.0008418230572715,9,384,mac_latency_test_GL9_PL384,90.77582097053528,9,mac_latency_test,bulk_benchmark
73,0,400,0.3381092089693993,0.1596251738956198,659776.927562733,659777.106046768,659776.927695126,659776.92925855,659777.105212095,659777.105219515,0.1784840350737795,0.0015634240116924,0.1759535449091345,0.0008272529812529,9,384,mac_latency_test_GL9_PL384,90.77582097053528,9,mac_latency_test,bulk_benchmark
74,0,400,0.3426571249729022,0.1604608229827135,659777.373025484,659777.555221786,659777.373157946,659777.374664459,659777.554366043,659777.554373953,0.1821963019901886,0.0015065129846334,0.1797015839256346,0.0008478329982608,9,384,mac_latency_test_GL9_PL384,90.77582097053528,9,mac_latency_test,bulk_benchmark
75,0,400,0.3402072910103015,0.1606673099449835,659777.822880894,659778.002420875,659777.823047396,659777.824547588,659778.001522501,659778.001530281,0.179539981065318,0.0015001919819042,0.1769749129889533,0.0008905939757823,9,384,mac_latency_test_GL9_PL384,90.77582097053528,9,mac_latency_test,bulk_benchmark
76,0,400,0.337006791960448,0.1585440359776839,659778.261326069,659778.439788825,659778.261482031,659778.263065735,659778.438968022,659778.438975213,0.178462755982764,0.0015837040264159,0.1759022870101034,0.0008136120159178,9,384,mac_latency_test_GL9_PL384,90.77582097053528,9,mac_latency_test,bulk_benchmark
77,0,400,0.3487777090049349,0.1592668070807121,659778.705783657,659778.895294559,659778.705912129,659778.707391322,659778.894414656,659778.894422536,0.1895109019242227,0.001479192986153,0.1870233339723199,0.0008720229379832,9,384,mac_latency_test_GL9_PL384,90.77582097053528,9,mac_latency_test,bulk_benchmark
79,4,400,0.3555951250018552,0.1610639459686353,659779.597195408,659779.791726587,659779.59732142,659779.598799443,659779.790839044,659779.790846574,0.1945311790332198,0.0014780230121687,0.1920396010391414,0.0008800129871815,9,384,mac_latency_test_GL9_PL384,90.77582097053528,9,mac_latency_test,bulk_benchmark
80,0,400,0.3382672079605981,0.1600661770207807,659780.055504955,659780.233705986,659780.055640478,659780.05713005,659780.232815683,659780.232822843,0.1782010309398174,0.0014895719941705,0.1756856329739093,0.0008831429295241,9,384,mac_latency_test_GL9_PL384,90.77582097053528,9,mac_latency_test,bulk_benchmark
81,0,400,0.3433647080091759,0.1625231280922889,659780.500821036,659780.681662616,659780.500955117,659780.502537241,659780.680791963,659780.680799893,0.1808415799168869,0.0015821239212527,0.1782547220354899,0.0008627229835838,9,384,mac_latency_test_GL9_PL384,90.77582097053528,9,mac_latency_test,bulk_benchmark
82,0,400,0.3395342919975519,0.1606482819188386,659780.950688066,659781.129574076,659780.950823457,659780.952360161,659781.128729073,659781.128736513,0.1788860100787133,0.0015367040177807,0.1763689119834453,0.0008375630713999,9,384,mac_latency_test_GL9_PL384,90.77582097053528,9,mac_latency_test,bulk_benchmark
83,0,400,0.3395752920187078,0.1595406430424191,659781.394260969,659781.574295618,659781.394389451,659781.395922834,659781.573414284,659781.573421154,0.1800346489762887,0.0015333830378949,0.1774914499837905,0.0008744639344513,9,384,mac_latency_test_GL9_PL384,90.77582097053528,9,mac_latency_test,bulk_benchmark
84,4,400,0.3560186250251718,0.1601531170890666,659781.839752892,659782.0356184,659781.839891245,659781.841443669,659782.034688066,659782.034695386,0.1958655079361051,0.0015524240443482,0.1932443969417363,0.0009230140130966,9,384,mac_latency_test_GL9_PL384,90.77582097053528,9,mac_latency_test,bulk_benchmark
86,0,400,0.3409754169988446,0.1611266409163363,659782.780494771,659782.960343547,659782.780630984,659782.782299509,659782.959376973,659782.959384193,0.1798487760825082,0.0016685250448063,0.1770774639444425,0.0009593541035428,9,384,mac_latency_test_GL9_PL384,90.77582097053528,9,mac_latency_test,bulk_benchmark
87,4,400,0.3556575829861685,0.1607359180925414,659783.228823277,659783.423744942,659783.228959148,659783.230529932,659783.422811648,659783.422818808,0.1949216648936271,0.0015707839047536,0.1922817160375416,0.0009261339437216,9,384,mac_latency_test_GL9_PL384,90.77582097053528,9,mac_latency_test,bulk_benchmark
88,0,400,0.339100832992699,0.1598455849452875,659783.684070088,659783.863325336,659783.68420847,659783.685778884,659783.862464552,659783.862472132,0.1792552480474114,0.0015704139368608,0.1766856680624187,0.0008532040519639,9,384,mac_latency_test_GL9_PL384,90.77582097053528,9,mac_latency_test,bulk_benchmark
89,0,400,0.3397663329960778,0.1592102560680359,659784.127801064,659784.308357141,659784.127933346,659784.129480559,659784.307480257,659784.307487508,0.1805560769280418,0.0015472130617126,0.177999697974883,0.0008696329314261,9,384,mac_latency_test_GL9_PL384,90.77582097053528,9,mac_latency_test,bulk_benchmark
91,0,400,0.3407137499889359,0.159126898040995,659785.052490761,659785.234077613,659785.052629772,659785.054148416,659785.233159839,659785.233167579,0.1815868519479408,0.0015186440432444,0.1790114229079336,0.0009100339375436,9,384,mac_latency_test_GL9_PL384,90.77582097053528,9,mac_latency_test,bulk_benchmark
92,0,400,0.3406593749532476,0.1611593340057879,659785.497985473,659785.677485514,659785.498147256,659785.499601988,659785.676623311,659785.676630741,0.1795000409474596,0.0014547320315614,0.1770213230047375,0.0008547729812562,9,384,mac_latency_test_GL9_PL384,90.77582097053528,9,mac_latency_test,bulk_benchmark
93,0,400,0.3400986660271883,0.1614637780003249,659785.943678679,659786.122313567,659785.943819751,659785.945410645,659786.121423573,659786.121432703,0.1786348880268633,0.0015908939531072,0.1760129280155524,0.000880863983184,9,384,mac_latency_test_GL9_PL384,90.77582097053528,9,mac_latency_test,bulk_benchmark
94,0,400,0.3393497499637306,0.1593974230345338,659786.387533038,659786.567485365,659786.387668509,659786.389185392,659786.566522811,659786.56653008,0.1799523269291967,0.0015168829122558,0.1773374190088361,0.0009552849223837,9,384,mac_latency_test_GL9_PL384,90.77582097053528,9,mac_latency_test,bulk_benchmark
95,1,400,0.3426859590108506,0.1598349779960699,659786.832647745,659787.015498726,659786.832834427,659786.834571213,659787.014635312,659787.014642643,0.1828509810147807,0.0017367859836667,0.1800640990259125,0.0008560830028727,9,384,mac_latency_test_GL9_PL384,90.77582097053528,9,mac_latency_test,bulk_benchmark
96,0,400,0.3406035830266773,0.1618581629591062,659787.280729846,659787.459475266,659787.280865398,659787.282390211,659787.458627743,659787.458635014,0.1787454200675711,0.0015248130075633,0.1762375319376588,0.0008402520325034,9,384,mac_latency_test_GL9_PL384,90.77582097053528,9,mac_latency_test,bulk_benchmark
97,0,400,0.3411224170122295,0.1624055580468848,659787.729326948,659787.908043807,659787.7294634,659787.731045193,659787.907176623,659787.907184273,0.1787168589653447,0.0015817930689081,0.1761314299656078,0.000859534018673,9,384,mac_latency_test_GL9_PL384,90.77582097053528,9,mac_latency_test,bulk_benchmark
98,0,400,0.3386637500370852,0.1595225959899835,659788.169555241,659788.348696395,659788.169735904,659788.171259377,659788.347843353,659788.347850833,0.1791411540471017,0.0015234730672091,0.1765839760191738,0.0008455620845779,9,384,mac_latency_test_GL9_PL384,90.77582097053528,9,mac_latency_test,bulk_benchmark
99,0,400,0.3400379589875228,0.1605310879531316,659788.616329522,659788.795836393,659788.616468014,659788.618044169,659788.79493479,659788.79494229,0.1795068710343912,0.001576155074872,0.1768906209617853,0.0008941029664129,9,384,mac_latency_test_GL9_PL384,90.77582097053528,9,mac_latency_test,bulk_benchmark
100,0,400,0.3519925829605199,0.1715056270477362,659789.073568813,659789.254055769,659789.073731986,659789.075238579,659789.253177246,659789.253184786,0.1804869559127837,0.0015065929619595,0.1779386670095846,0.0008709829999133,9,384,mac_latency_test_GL9_PL384,90.77582097053528,9,mac_latency_test,bulk_benchmark
101,0,400,0.3510376249905675,0.1645141079789027,659789.523194699,659789.709718216,659789.523333041,659789.524842495,659789.708812812,659789.708820153,0.1865235170116648,0.0015094539849087,0.183970317011699,0.0008980629500001,9,384,mac_latency_test_GL9_PL384,90.77582097053528,9,mac_latency_test,bulk_benchmark
102,0,400,0.3399920000229031,0.1598796399775892,659789.976102444,659790.156214804,659789.976240286,659789.977769309,659790.155349921,659790.155357201,0.1801123600453138,0.0015290229348465,0.1775806120131164,0.0008576030377298,9,384,mac_latency_test_GL9_PL384,90.77582097053528,9,mac_latency_test,bulk_benchmark
103,1,400,0.3398107920074835,0.1557850019307807,659790.416817384,659790.600843174,659790.416954666,659790.418489061,659790.599954311,659790.599961961,0.1840257900767028,0.0015343949198722,0.1814652500906959,0.0008812129963189,9,384,mac_latency_test_GL9_PL384,90.77582097053528,9,mac_latency_test,bulk_benchmark
104,0,400,0.3373129999963566,0.1590089770033955,659790.866274328,659791.044578351,659790.86640733,659790.867881432,659791.043739538,659791.043746838,0.1783040229929611,0.0014741019112989,0.1758581061149016,0.0008315129671245,9,384,mac_latency_test_GL9_PL384,90.77582097053528,9,mac_latency_test,bulk_benchmark
105,0,400,0.3376848330372013,0.1593518900335766,659791.30909963,659791.487432573,659791.309231672,659791.310695424,659791.486605101,659791.486612501,0.1783329430036246,0.0014637520071119,0.175909677054733,0.0008200720185413,9,384,mac_latency_test_GL9_PL384,90.77582097053528,9,mac_latency_test,bulk_benchmark
106,0,400,0.3413466670317575,0.1618930159602314,659791.754529221,659791.933982872,659791.754660423,659791.756256938,659791.933026398,659791.933033958,0.1794536510715261,0.0015965149505063,0.1767694599693641,0.0009489140938967,9,384,mac_latency_test_GL9_PL384,90.77582097053528,9,mac_latency_test,bulk_benchmark
108,0,400,0.3395018750452436,0.156892717059236,659792.672359535,659792.854968693,659792.672495127,659792.67403271,659792.85414083,659792.85414841,0.1826091579860076,0.0015375830698758,0.1801081199664622,0.0008202829631045,9,384,mac_latency_test_GL9_PL384,90.77582097053528,9,mac_latency_test,bulk_benchmark
111,1,400,0.3376600840128958,0.1557934070006013,659794.00331155,659794.185178227,659794.003441342,659794.004898624,659794.184355414,659794.184363074,0.1818666770122945,0.0014572819927707,0.1794567899778485,0.0008151530055329,9,384,mac_latency_test_GL9_PL384,90.77582097053528,9,mac_latency_test,bulk_benchmark
112,0,400,0.3386534590390511,0.1603093660087324,659794.446500028,659794.624844121,659794.44663451,659794.448174003,659794.624051629,659794.624059389,0.1783440930303186,0.001539493096061,0.1758776259375736,0.000784732052125,9,384,mac_latency_test_GL9_PL384,90.77582097053528,9,mac_latency_test,bulk_benchmark
113,0,400,0.3404939169995487,0.1581920930184424,659794.888435577,659795.070737401,659794.888565378,659794.890055441,659795.069811446,659795.069818556,0.1823018239811062,0.0014900629175826,0.1797560050617903,0.0009188450640067,9,384,mac_latency_test_GL9_PL384,90.77582097053528,9,mac_latency_test,bulk_benchmark
114,0,400,0.3406066659954376,0.1622820229385979,659795.339041407,659795.51736605,659795.339177079,659795.340636231,659795.516554487,659795.516561918,0.1783246430568397,0.0014591519720852,0.1759182560490444,0.0008041320834308,9,384,mac_latency_test_GL9_PL384,90.77582097053528,9,mac_latency_test,bulk_benchmark
115,2,400,0.3447482089977711,0.1587001100415364,659795.78314058,659795.969188679,659795.783281812,659795.784810765,659795.968327555,659795.968335327,0.1860480989562347,0.0015289529692381,0.1835167900426313,0.000853352015838,9,384,mac_latency_test_GL9_PL384,90.77582097053528,9,mac_latency_test,bulk_benchmark
116,0,400,0.3403263330110349,0.1616608749027364,659796.235473526,659796.414138984,659796.235599239,659796.23705535,659796.41323828,659796.41324596,0.1786654581082984,0.0014561109710484,0.1761829300085082,0.0008930240292102,9,384,mac_latency_test_GL9_PL384,90.77582097053528,9,mac_latency_test,bulk_benchmark
117,0,400,0.3406274169683456,0.1620828610612079,659796.680561203,659796.859105759,659796.680690484,659796.682244918,659796.858305237,659796.858312557,0.1785445559071377,0.0015544339548796,0.1760603190632537,0.0007932019652798,9,384,mac_latency_test_GL9_PL384,90.77582097053528,9,mac_latency_test,bulk_benchmark
118,0,400,0.3373392500216141,0.1592330411076545,659797.122255578,659797.300361787,659797.1223795,659797.123822811,659797.299589986,659797.299597856,0.1781062089139595,0.0014433109899982,0.1757671750383451,0.000763930962421,9,384,mac_latency_test_GL9_PL384,90.77582097053528,9,mac_latency_test,bulk_benchmark
120,0,400,0.3427180419676006,0.1639665430411696,659798.053691028,659798.232442527,659798.05382309,659798.055370073,659798.231633794,659798.231641785,0.1787514989264309,0.0015469829086214,0.1762637210777029,0.0008007419528439,9,384,mac_latency_test_GL9_PL384,90.77582097053528,9,mac_latency_test,bulk_benchmark
121,0,400,0.3386619579978287,0.1606470599072054,659798.496340717,659798.674355615,659798.49647639,659798.498032993,659798.673559313,659798.673566533,0.1780148980906233,0.0015566030051559,0.175526320002973,0.0007890820270404,9,384,mac_latency_test_GL9_PL384,90.77582097053528,9,mac_latency_test,bulk_benchmark
122,0,400,0.3382356659858487,0.1600426149670966,659798.936226445,659799.114419496,659798.936353057,659798.937845819,659799.113619844,659799.113627384,0.1781930510187521,0.0014927620068192,0.1757740249158814,0.0007921120850369,9,384,mac_latency_test_GL9_PL384,90.77582097053528,9,mac_latency_test,bulk_benchmark
123,1,400,0.3442604159936309,0.1614763450343161,659799.381467934,659799.564252005,659799.381656708,659799.383171191,659799.563312491,659799.563319991,0.1827840709593147,0.0015144830103963,0.1801413000794127,0.0009320139652118,9,384,mac_latency_test_GL9_PL384,90.77582097053528,9,mac_latency_test,bulk_benchmark
125,0,400,0.3400741670047864,0.1604614540701732,659800.269569696,659800.449182409,659800.2697568,659800.271290573,659800.448390117,659800.448397607,0.1796127129346132,0.0015337729128077,0.1770995440892875,0.0007848020177334,9,384,mac_latency_test_GL9_PL384,90.77582097053528,9,mac_latency_test,bulk_benchmark
128,0,400,0.3390177080291323,0.1607930360478349,659801.629486221,659801.807710893,659801.629654493,659801.631124456,659801.806931521,659801.806939011,0.1782246719812974,0.001469962997362,0.1758070650976151,0.0007718820124864,9,384,mac_latency_test_GL9_PL384,90.77582097053528,9,mac_latency_test,bulk_benchmark
129,0,400,0.3404196670162491,0.1621238330262713,659802.075322949,659802.253618783,659802.075451211,659802.076982625,659802.25282632,659802.252833911,0.1782958339899778,0.0015314139891415,0.1758436950622126,0.0007848719833418,9,384,mac_latency_test_GL9_PL384,90.77582097053528,9,mac_latency_test,bulk_benchmark
130,0,400,0.343067541019991,0.1608795219799503,659802.518681403,659802.700869422,659802.518825375,659802.520408799,659802.70007265,659802.70007983,0.1821880190400406,0.0015834240475669,0.1796638509258628,0.0007895920425653,9,384,mac_latency_test_GL9_PL384,90.77582097053528,9,mac_latency_test,bulk_benchmark
131,3,400,0.3553987079649232,0.1621832799282856,659802.969291191,659803.162506619,659802.969417342,659802.970905405,659803.161693647,659803.161700907,0.1932154280366376,0.001488063018769,0.1907882420346141,0.0008057119557633,9,384,mac_latency_test_GL9_PL384,90.77582097053528,9,mac_latency_test,bulk_benchmark
133,2,400,0.3443542920285836,0.1579465459799394,659803.866079925,659804.052487671,659803.866215717,659803.86772843,659804.051656778,659804.051664147,0.1864077460486441,0.0015127129154279,0.1839283480076119,0.0008235240820795,9,384,mac_latency_test_GL9_PL384,90.77582097053528,9,mac_latency_test,bulk_benchmark
134,0,400,0.3394844160065986,0.1600985370459966,659804.315864583,659804.495250462,659804.316052586,659804.31768285,659804.49442333,659804.49443069,0.1793858789606019,0.0016302641015499,0.1767404798883944,0.000819772016257,9,384,mac_latency_test_GL9_PL384,90.77582097053528,9,mac_latency_test,bulk_benchmark
135,0,400,0.3518378339940682,0.1616137520177289,659804.763065203,659804.953289285,659804.763191324,659804.764661636,659804.952469233,659804.952477743,0.1902240819763392,0.0014703120104968,0.1878075969871133,0.0008115419186651,9,384,mac_latency_test_GL9_PL384,90.77582097053528,9,mac_latency_test,bulk_benchmark
136,0,400,0.3498249999829568,0.1661753260414116,659805.222458465,659805.406108139,659805.222595528,659805.224214953,659805.405307557,659805.405314807,0.1836496739415452,0.0016194250201806,0.1810926039470359,0.0007933320011943,9,384,mac_latency_test_GL9_PL384,90.77582097053528,9,mac_latency_test,bulk_benchmark
137,0,400,0.3413288340088911,0.1614980400190688,659805.672628371,659805.852459165,659805.672761533,659805.674332947,659805.851607282,659805.851615222,0.1798307939898222,0.0015714140608906,0.177274334942922,0.000843942980282,9,384,mac_latency_test_GL9_PL384,90.77582097053528,9,mac_latency_test,bulk_benchmark
138,0,400,0.3416741250548512,0.1631056671030819,659806.120610049,659806.299178507,659806.120806432,659806.122465228,659806.298421335,659806.298428645,0.1785684579517692,0.0016587959835305,0.1759561070939526,0.0007498619379475,9,384,mac_latency_test_GL9_PL384,90.77582097053528,9,mac_latency_test,bulk_benchmark
139,0,400,0.3389897500164807,0.1595853209728375,659806.561429082,659806.740833511,659806.561554374,659806.563028966,659806.740069599,659806.740076999,0.1794044290436431,0.0014745919033885,0.1770406330469995,0.0007565120467916,9,384,mac_latency_test_GL9_PL384,90.77582097053528,9,mac_latency_test,bulk_benchmark
140,0,400,0.3377198750386014,0.1590263759717345,659807.005781277,659807.184474776,659807.0059191,659807.007474144,659807.183709065,659807.183716615,0.1786934990668669,0.001555043971166,0.1762349209748208,0.0007581610698252,9,384,mac_latency_test_GL9_PL384,90.77582097053528,9,mac_latency_test,bulk_benchmark
142,0,400,0.3420364160556346,0.1633227671263739,659807.890393877,659808.069107526,659807.89052339,659807.891968042,659808.068334114,659808.068341104,0.1787136489292606,0.0014446519780904,0.1763660720316693,0.0007664220174774,9,384,mac_latency_test_GL9_PL384,90.77582097053528,9,mac_latency_test,bulk_benchmark
143,0,400,0.3438118339981884,0.1632329659769311,659808.333833589,659808.514412457,659808.333965161,659808.335544005,659808.513625515,659808.513633455,0.1805788680212572,0.0015788440359756,0.1780815100064501,0.0007790019735693,9,384,mac_latency_test_GL9_PL384,90.77582097053528,9,mac_latency_test,bulk_benchmark
145,1,400,0.341999540978577,0.1591926699620671,659809.263336679,659809.44614355,659809.263470011,659809.264951954,659809.445326698,659809.445334198,0.1828068710165098,0.0014819430653005,0.180374743998982,0.0008093520300462,9,384,mac_latency_test_GL9_PL384,90.77582097053528,9,mac_latency_test,bulk_benchmark
147,0,400,0.3429248749744147,0.1631638199323788,659810.18631811,659810.366079165,659810.186458472,659810.187948505,659810.365259443,659810.365266743,0.1797610550420358,0.0014900329988449,0.1773109378991648,0.0008124220184981,9,384,mac_latency_test_GL9_PL384,90.77582097053528,9,mac_latency_test,bulk_benchmark
148,0,400,0.34017954103183,0.1600321900332346,659810.635284066,659810.815431417,659810.635415918,659810.636957071,659810.814634545,659810.814642405,0.1801473509985953,0.0015411530621349,0.1776774739846587,0.0007890119450166,9,384,mac_latency_test_GL9_PL384,90.77582097053528,9,mac_latency_test,bulk_benchmark
149,0,400,0.3387028750148602,0.1595317710307426,659811.078445835,659811.257616939,659811.078583958,659811.080067349,659811.256831058,659811.256838418,0.1791711039841175,0.0014833910390734,0.1767637089360505,0.0007785210618749,9,384,mac_latency_test_GL9_PL384,90.77582097053528,9,mac_latency_test,bulk_benchmark
150,0,400,0.346565207990352,0.1679948700475506,659811.529678763,659811.708249101,659811.529814696,659811.53137388,659811.707468429,659811.707475739,0.1785703379428014,0.0015591839328408,0.1760945490095764,0.0007733620004728,9,384,mac_latency_test_GL9_PL384,90.77582097053528,9,mac_latency_test,bulk_benchmark
151,0,400,0.3442663750029169,0.1609906670055352,659811.972540786,659812.155816494,659811.972674148,659811.974247042,659812.154933281,659812.154940881,0.1832757079973817,0.0015728939324617,0.1806862390367314,0.000875613070093,9,384,mac_latency_test_GL9_PL384,90.77582097053528,9,mac_latency_test,bulk_benchmark
152,0,400,0.3403495000093244,0.1599173339200206,659812.422145351,659812.602577517,659812.422275713,659812.423724595,659812.601780775,659812.601788225,0.1804321660893038,0.0014488820452243,0.178056180011481,0.0007892920402809,9,384,mac_latency_test_GL9_PL384,90.77582097053528,9,mac_latency_test,bulk_benchmark
154,0,400,0.3404606250114739,0.1617095649708062,659813.34297667,659813.52172773,659813.343141144,659813.344646515,659813.520912028,659813.520919588,0.1787510600406676,0.0015053709503263,0.1762655130587518,0.0008081420091912,9,384,mac_latency_test_GL9_PL384,90.77582097053528,9,mac_latency_test,bulk_benchmark
156,0,400,0.3382114580017514,0.1573081079986877,659814.230846831,659814.411750181,659814.230983963,659814.232579837,659814.410915909,659814.410923319,0.1809033500030636,0.0015958739677444,0.1783360720146447,0.0008268619421869,9,384,mac_latency_test_GL9_PL384,90.77582097053528,9,mac_latency_test,bulk_benchmark
157,0,400,0.3436953749624081,0.1619807700044475,659814.676807129,659814.858521734,659814.676943982,659814.678458074,659814.85765647,659814.857664581,0.1817146049579605,0.0015140919713303,0.1791983960429206,0.0008571529760956,9,384,mac_latency_test_GL9_PL384,90.77582097053528,9,mac_latency_test,bulk_benchmark
160,0,400,0.3410073340055533,0.1622999149258248,659816.068318483,659816.247025902,659816.068451255,659816.069968878,659816.24620298,659816.24621028,0.1787074190797284,0.0015176229644566,0.1762341021094471,0.0008156220428645,9,384,mac_latency_test_GL9_PL384,90.77582097053528,9,mac_latency_test,bulk_benchmark
161,1,400,0.353996416029986,0.1596482699387706,659816.512505287,659816.706853433,659816.512639289,659816.514190593,659816.705449962,659816.705457622,0.1943481460912153,0.001551304012537,0.1912593690212816,0.0013958110939711,9,384,mac_latency_test_GL9_PL384,90.77582097053528,9,mac_latency_test,bulk_benchmark
162,0,400,0.3401985419914126,0.1618797889677807,659816.973305392,659817.151624145,659816.973433974,659816.974918757,659817.150832073,659817.150839353,0.1783187530236318,0.0014847830170765,0.1759133159648627,0.0007847920060157,9,384,mac_latency_test_GL9_PL384,90.77582097053528,9,mac_latency_test,bulk_benchmark
163,1,400,0.3554654589970596,0.1732212069327943,659817.426845428,659817.60908968,659817.42698371,659817.428546934,659817.608258867,659817.608266398,0.1822442520642653,0.0015632240101695,0.1797119330149144,0.0008232820546254,9,384,mac_latency_test_GL9_PL384,90.77582097053528,9,mac_latency_test,bulk_benchmark
164,0,400,0.3385287499986589,0.1592284209327772,659817.873991475,659818.053291804,659817.874143018,659817.875583499,659818.052489951,659818.052497431,0.1793003290658816,0.0014404809335246,0.1769064520485699,0.0007943729870021,9,384,mac_latency_test_GL9_PL384,90.77582097053528,9,mac_latency_test,bulk_benchmark
165,1,400,0.3428348749876022,0.1596276980126276,659818.324586426,659818.507793603,659818.324719648,659818.326249691,659818.5069427,659818.50695017,0.1832071769749745,0.0015300429658964,0.1806930090533569,0.000843432964757,9,384,mac_latency_test_GL9_PL384,90.77582097053528,9,mac_latency_test,bulk_benchmark
168,0,400,0.3374627500306815,0.1591906570829451,659819.64952997,659819.827802063,659819.649678533,659819.651128454,659819.82699514,659819.827019111,0.1782720929477363,0.0014499210519716,0.1758666860405355,0.0007829519454389,9,384,mac_latency_test_GL9_PL384,90.77582097053528,9,mac_latency_test,bulk_benchmark
169,0,400,0.3391220410121605,0.1603488910477608,659820.093212326,659820.271985476,659820.093339928,659820.09477093,659820.271191324,659820.271199014,0.1787731499643996,0.0014310020487755,0.1764203939819708,0.0007864619838073,9,384,mac_latency_test_GL9_PL384,90.77582097053528,9,mac_latency_test,bulk_benchmark
170,0,400,0.3501257919706404,0.1712232700083404,659820.548881563,659820.727784085,659820.549052415,659820.550598129,659820.726933222,659820.726940932,0.1789025219622999,0.0015457140980288,0.1763350929832086,0.000843152985908,9,384,mac_latency_test_GL9_PL384,90.77582097053528,9,mac_latency_test,bulk_benchmark
171,0,400,0.3376147080562077,0.1585266631445847,659820.991212359,659821.170300404,659820.991341971,659820.992777622,659821.16942086,659821.169428589,0.179088044911623,0.0014356509782373,0.1766432380536571,0.0008718149038031,9,384,mac_latency_test_GL9_PL384,90.77582097053528,9,mac_latency_test,bulk_benchmark
172,0,400,0.33893608400831,0.1602858959813602,659821.434765412,659821.6134156,659821.434906084,659821.436423367,659821.612606259,659821.612613359,0.1786501880269497,0.0015172830317169,0.176182891940698,0.0008022410329431,9,384,mac_latency_test_GL9_PL384,90.77582097053528,9,mac_latency_test,bulk_benchmark
173,0,400,0.3425372500205412,0.1642225970281288,659821.88446829,659822.062782943,659821.884596232,659821.886099545,659822.06198987,659822.06199694,0.1783146529924124,0.0015033130766823,0.1758903249865397,0.0007860029581934,9,384,mac_latency_test_GL9_PL384,90.77582097053528,9,mac_latency_test,bulk_benchmark
174,0,400,0.3391674170270562,0.1604166299803182,659822.3283492,659822.507099987,659822.328484302,659822.329954094,659822.506292206,659822.506299586,0.1787507870467379,0.0014697919832542,0.1763381119817495,0.0008004009723663,9,384,mac_latency_test_GL9_PL384,90.77582097053528,9,mac_latency_test,bulk_benchmark
175,0,400,0.3377734159585088,0.1592054399661719,659822.769839681,659822.948407657,659822.769973023,659822.771464975,659822.947597405,659822.947604865,0.1785679759923368,0.0014919519890099,0.1761324299732223,0.0008027920266613,9,384,mac_latency_test_GL9_PL384,90.77582097053528,9,mac_latency_test,bulk_benchmark
176,0,400,0.3546036250190809,0.1600329359062016,659823.212496811,659823.4070675,659823.212624683,659823.214091135,659823.406181107,659823.406188557,0.1945706891128793,0.0014664519112557,0.1920899720862507,0.0008789430139586,9,384,mac_latency_test_GL9_PL384,90.77582097053528,9,mac_latency_test,bulk_benchmark
177,0,400,0.3480053330422379,0.1662063570111058,659823.674109248,659823.855908224,659823.674245779,659823.675738453,659823.855072571,659823.855080061,0.181798976031132,0.0014926739968359,0.17933411791455,0.0008281629998236,9,384,mac_latency_test_GL9_PL384,90.77582097053528,9,mac_latency_test,bulk_benchmark
179,0,400,0.3452572500100359,0.1652723320294171,659824.571278108,659824.751263026,659824.57140791,659824.572876532,659824.750448974,659824.750456624,0.1799849179806187,0.0014686220092698,0.1775724419858306,0.0008064020657911,9,384,mac_latency_test_GL9_PL384,90.77582097053528,9,mac_latency_test,bulk_benchmark
180,0,400,0.3534898330108262,0.1606538990163244,659825.019269538,659825.212105472,659825.01939817,659825.020829232,659825.2112598,659825.21126712,0.1928359339945018,0.0014310618862509,0.1904305680654943,0.0008383520180359,9,384,mac_latency_test_GL9_PL384,90.77582097053528,9,mac_latency_test,bulk_benchmark
181,0,400,0.3390270409872755,0.1584923039190471,659825.475279602,659825.655814339,659825.475405045,659825.476836817,659825.655046687,659825.655054248,0.1805347370682284,0.0014317720197141,0.1782098700059577,0.0007600910030305,9,384,mac_latency_test_GL9_PL384,90.77582097053528,9,mac_latency_test,bulk_benchmark
183,0,400,0.3376137499581091,0.1593919809092767,659826.35951168,659826.537733449,659826.359643351,659826.361079744,659826.536918816,659826.536926557,0.1782217690488323,0.0014363928930833,0.1758390720933675,0.0008068920578807,9,384,mac_latency_test_GL9_PL384,90.77582097053528,9,mac_latency_test,bulk_benchmark
184,0,400,0.3408896250184625,0.1615488670067861,659826.804091578,659826.983432336,659826.80422887,659826.805830774,659826.982619003,659826.982626104,0.1793407580116763,0.0016019040485844,0.1767882290296256,0.000806231983006,9,384,mac_latency_test_GL9_PL384,90.77582097053528,9,mac_latency_test,bulk_benchmark
186,0,400,0.3400217500166036,0.1610783970099873,659827.724808194,659827.903751547,659827.724939966,659827.726445129,659827.902946385,659827.902953705,0.1789433530066162,0.0015051630325615,0.1765012559480965,0.0007978419307619,9,384,mac_latency_test_GL9_PL384,90.77582097053528,9,mac_latency_test,bulk_benchmark
187,0,400,0.3403845829889178,0.1612429888918995,659828.171961634,659828.351103228,659828.172118207,659828.173565739,659828.350303576,659828.350311066,0.1791415940970182,0.001447531976737,0.1767378370277583,0.0007921620272099,9,384,mac_latency_test_GL9_PL384,90.77582097053528,9,mac_latency_test,bulk_benchmark
188,0,400,0.3382569160312414,0.1597779809962958,659828.612830176,659828.791309111,659828.612962157,659828.6144618,659828.790500079,659828.790507239,0.1784789350349456,0.0014996429672464,0.1760382790816947,0.0008018719963729,9,384,mac_latency_test_GL9_PL384,90.77582097053528,9,mac_latency_test,bulk_benchmark
189,0,400,0.3414746670168824,0.1613347359816543,659829.05707765,659829.237217581,659829.057211962,659829.058711914,659829.236417798,659829.236425398,0.180139931035228,0.0014999520499259,0.1777058839797973,0.0007921829819679,9,384,mac_latency_test_GL9_PL384,90.77582097053528,9,mac_latency_test,bulk_benchmark
190,0,400,0.3385669580311514,0.1578636400518007,659829.50028398,659829.680987298,659829.500414401,659829.501896374,659829.680182296,659829.680189806,0.1807033179793506,0.0014819731004536,0.1782859219238162,0.0007974919863045,9,384,mac_latency_test_GL9_PL384,90.77582097053528,9,mac_latency_test,bulk_benchmark
191,0,400,0.3422630000277422,0.1600339490105398,659829.942120988,659830.124350039,659829.9422645,659829.943789453,659830.123544057,659830.123551697,0.1822290510172024,0.0015249530551955,0.1797546040033921,0.0007983420509845,9,384,mac_latency_test_GL9_PL384,90.77582097053528,9,mac_latency_test,bulk_benchmark
192,0,400,0.3437843749998137,0.1593474290566519,659830.389247115,659830.573684061,659830.389404417,659830.391275816,659830.572792158,659830.572799838,0.1844369459431618,0.0018713989993557,0.181516341981478,0.0008842229144647,9,384,mac_latency_test_GL9_PL384,90.77582097053528,9,mac_latency_test,bulk_benchmark
193,0,400,0.3390380410128273,0.1589927719323896,659830.833523489,659831.013568758,659830.833696572,659830.835158154,659831.012669705,659831.012677745,0.1800452690804377,0.001461582025513,0.1775115509517491,0.0008910130709409,9,384,mac_latency_test_GL9_PL384,90.77582097053528,9,mac_latency_test,bulk_benchmark
194,0,400,0.3463318749563768,0.1665815099840983,659831.281754575,659831.46150494,659831.281881277,659831.283350369,659831.460686216,659831.460693217,0.1797503649722784,0.0014690919779241,0.1773358470527455,0.0008117229444906,9,384,mac_latency_test_GL9_PL384,90.77582097053528,9,mac_latency_test,bulk_benchmark
196,3,400,0.3503011669963598,0.1593056300189346,659832.196867616,659832.387863153,659832.197033359,659832.198510532,659832.386933758,659832.386943339,0.1909955369774252,0.001477173063904,0.1884232260053977,0.0009198139887303,9,384,mac_latency_test_GL9_PL384,90.77582097053528,9,mac_latency_test,bulk_benchmark
197,0,400,0.3376909579965286,0.159346305008512,659832.652772799,659832.831117452,659832.65290377,659832.654434834,659832.830294559,659832.830301949,0.1783446529880166,0.0015310640446841,0.1758597249863669,0.0008155029499903,9,384,mac_latency_test_GL9_PL384,90.77582097053528,9,mac_latency_test,bulk_benchmark
198,0,400,0.3516427080030553,0.161829060933087,659833.098566216,659833.288379863,659833.098697238,659833.100222221,659833.2874974,659833.28750502,0.1898136470699682,0.0015249829739332,0.1872751789633184,0.0008748429827392,9,384,mac_latency_test_GL9_PL384,90.77582097053528,9,mac_latency_test,bulk_benchmark
199,0,400,0.3441142499796115,0.1619906969717703,659833.555564572,659833.737688125,659833.555705375,659833.557249849,659833.736831792,659833.736838972,0.1821235530078411,0.0015444739256054,0.1795819430844858,0.000849153031595,9,384,mac_latency_test_GL9_PL384,90.77582097053528,9,mac_latency_test,bulk_benchmark
200,0,400,0.3433930410537869,0.164940555114299,659834.007314161,659834.185766647,659834.007442734,659834.008888485,659834.184961025,659834.184968395,0.1784524859394878,0.0014457510551437,0.1760725399944931,0.0007982519455254,9,384,mac_latency_test_GL9_PL384,90.77582097053528,9,mac_latency_test,bulk_benchmark
1,0,400,0.4630300420103594,0.1589787630364298,659838.015623495,659838.319674774,659838.015750297,659838.017333061,659838.316474424,659838.316482155,0.3040512789739296,0.0015827639726921,0.2991413630079478,0.0031926189549267,15,384,mac_latency_test_GL15_PL384,120.47892999649048,15,mac_latency_test,bulk_benchmark
2,0,400,0.5132911669788882,0.2247257519047707,659838.585037326,659838.873602741,659838.585169868,659838.5866379,659838.872576755,659838.872584085,0.2885654150741175,0.0014680320164188,0.2859388550277799,0.0010186560684815,15,384,mac_latency_test_GL15_PL384,120.47892999649048,15,mac_latency_test,bulk_benchmark
3,2,400,0.4680356670287438,0.1563089721021242,659839.200741681,659839.512468376,659839.200872762,659839.202454326,659839.511370758,659839.511377839,0.3117266949266195,0.0015815639635547,0.3089164319681003,0.0010905369417741,15,384,mac_latency_test_GL15_PL384,120.47892999649048,15,mac_latency_test,bulk_benchmark
5,0,400,0.5077569580171257,0.2143712720135226,659840.432195529,659840.725581215,659840.43233671,659840.433876904,659840.724510279,659840.72451747,0.293385686003603,0.0015401939162984,0.2906333750579506,0.0010637450031936,15,384,mac_latency_test_GL15_PL384,120.47892999649048,15,mac_latency_test,bulk_benchmark
6,0,400,0.5092935000429861,0.2181719480431638,659841.045365414,659841.336486966,659841.045496546,659841.046974988,659841.33539932,659841.33540703,0.2911215519998222,0.0014784419909119,0.2884243320440873,0.0010799360461533,15,384,mac_latency_test_GL15_PL384,120.47892999649048,15,mac_latency_test,bulk_benchmark
7,0,400,0.4535449999966658,0.1650905759888701,659841.663510463,659841.951964887,659841.663640935,659841.665147307,659841.95092254,659841.95092963,0.2884544240077957,0.0015063720056787,0.2857752330601215,0.0010352570097893,15,384,mac_latency_test_GL15_PL384,120.47892999649048,15,mac_latency_test,bulk_benchmark
8,0,400,0.4622865839628503,0.1730918899411335,659842.218845782,659842.508040476,659842.218979034,659842.220568018,659842.506996609,659842.507020201,0.2891946940217167,0.0015889840433374,0.2864285910036415,0.0010202750563621,15,384,mac_latency_test_GL15_PL384,120.47892999649048,15,mac_latency_test,bulk_benchmark
9,0,400,0.5116961249732412,0.2216232569771818,659842.790543108,659843.080615976,659842.79067717,659842.792206664,659843.079588141,659843.07959529,0.2900728679960593,0.0015294939512386,0.2873814769554883,0.0010206860024482,15,384,mac_latency_test_GL15_PL384,120.47892999649048,15,mac_latency_test,bulk_benchmark
10,0,400,0.5067359170061536,0.2175536150461994,659843.40404614,659843.693228442,659843.404170291,659843.405769105,659843.692196067,659843.692203527,0.2891823019599542,0.0015988139202818,0.2864269620040431,0.0010249150218442,15,384,mac_latency_test_GL15_PL384,120.47892999649048,15,mac_latency_test,bulk_benchmark
11,0,400,0.5108293340308592,0.222080367966555,659844.013056392,659844.301805358,659844.013185643,659844.014659506,659844.300778883,659844.300786463,0.2887489660643041,0.0014738630270585,0.2861193770077079,0.0010188950691372,15,384,mac_latency_test_GL15_PL384,120.47892999649048,15,mac_latency_test,bulk_benchmark
12,0,400,0.5098521250183694,0.2206274530035443,659844.62896065,659844.918185322,659844.629115032,659844.630587864,659844.917176426,659844.917184277,0.289224672014825,0.0014728319365531,0.286588562070392,0.0010010449914261,15,384,mac_latency_test_GL15_PL384,120.47892999649048,15,mac_latency_test,bulk_benchmark
13,0,400,0.5106398329953663,0.2199707980616949,659845.241630536,659845.532299571,659845.241764888,659845.243269591,659845.531281276,659845.531288946,0.2906690349336713,0.0015047029592096,0.288011685013771,0.0010106249246746,15,384,mac_latency_test_GL15_PL384,120.47892999649048,15,mac_latency_test,bulk_benchmark
14,0,400,0.5143483330029994,0.2234765359899029,659845.859191359,659846.150063156,659845.85932425,659845.860797073,659846.149059891,659846.149067011,0.2908717970130965,0.0014728229725733,0.2882628180086612,0.0009961450705304,15,384,mac_latency_test_GL15_PL384,120.47892999649048,15,mac_latency_test,bulk_benchmark
15,0,400,0.506718207965605,0.2146186309400946,659846.474543866,659846.766643443,659846.474682238,659846.476254531,659846.765608018,659846.765615487,0.2920995770255103,0.0015722929965704,0.2893534870818257,0.0010279560228809,15,384,mac_latency_test_GL15_PL384,120.47892999649048,15,mac_latency_test,bulk_benchmark
17,0,400,0.4710384160280227,0.1824940720107406,659847.636582911,659847.925127255,659847.636709743,659847.638206695,659847.924095609,659847.924103159,0.2885443440172821,0.0014969520270824,0.2858889140188694,0.0010240960400551,15,384,mac_latency_test_GL15_PL384,120.47892999649048,15,mac_latency_test,bulk_benchmark
20,0,400,0.4514312500250526,0.1575386351323686,659849.31531593,659849.609208545,659849.315442692,659849.316922475,659849.608128848,659849.608136458,0.2938926148926839,0.001479782979004,0.2912063730182126,0.0010720869759097,15,384,mac_latency_test_GL15_PL384,120.47892999649048,15,mac_latency_test,bulk_benchmark
21,0,400,0.4884788329945877,0.199369529960677,659849.873196216,659850.162305519,659849.873329748,659849.87482254,659850.161241603,659850.161248833,0.2891093030339107,0.0014927919255569,0.2864190629916265,0.0010566859273239,15,384,mac_latency_test_GL15_PL384,120.47892999649048,15,mac_latency_test,bulk_benchmark
22,0,400,0.457628707983531,0.162106227944605,659850.47039412,659850.7659166,659850.470522722,659850.471987964,659850.764715742,659850.764723262,0.295522480038926,0.0014652420068159,0.2927277779672295,0.0011933379573747,15,384,mac_latency_test_GL15_PL384,120.47892999649048,15,mac_latency_test,bulk_benchmark
24,0,400,0.5113969999947585,0.2186360610066913,659851.711149689,659852.003910628,659851.711287741,659851.712844385,659852.002852891,659852.002860151,0.2927609389880672,0.0015566439833492,0.2900085060391575,0.0010504770325496,15,384,mac_latency_test_GL15_PL384,120.47892999649048,15,mac_latency_test,bulk_benchmark
25,0,400,0.5083723330171779,0.2158082480309531,659852.318998074,659852.611562159,659852.319170656,659852.32071097,659852.610497313,659852.610504933,0.2925640849862247,0.0015403139404952,0.2897863429971039,0.0010572259780019,15,384,mac_latency_test_GL15_PL384,120.47892999649048,15,mac_latency_test,bulk_benchmark
26,0,400,0.471236040990334,0.1771932930569164,659852.941535901,659853.235578649,659852.941725644,659852.943719814,659853.234509063,659853.234516432,0.2940427479334175,0.0019941698992624,0.2907892490038648,0.0010622169356793,15,384,mac_latency_test_GL15_PL384,120.47892999649048,15,mac_latency_test,bulk_benchmark
28,0,400,0.5067474999814294,0.21634013595758,659854.153873139,659854.444280503,659854.154054152,659854.155561965,659854.443216666,659854.443224266,0.2904073640238493,0.0015078129945322,0.2876547010382637,0.0010562369134277,15,384,mac_latency_test_GL15_PL384,120.47892999649048,15,mac_latency_test,bulk_benchmark
29,0,400,0.4497726659756154,0.1597347400384023,659854.76993106,659855.059968986,659854.770093642,659854.771555404,659855.05893066,659855.05893832,0.290037925937213,0.0014617620036005,0.2873752560699358,0.0010306659387424,15,384,mac_latency_test_GL15_PL384,120.47892999649048,15,mac_latency_test,bulk_benchmark
30,0,400,0.4682181670214049,0.1787873090361245,659855.319393198,659855.608824056,659855.319560101,659855.321317497,659855.607781269,659855.60778881,0.2894308579852804,0.0017573959194123,0.2864637720631435,0.0010352459503337,15,384,mac_latency_test_GL15_PL384,120.47892999649048,15,mac_latency_test,bulk_benchmark
31,0,400,0.513252874952741,0.2224386169109493,659855.892897883,659856.183712141,659855.893062225,659855.894539788,659856.182606944,659856.182614784,0.2908142580417916,0.0014775630552321,0.288067155983299,0.001097357016988,15,384,mac_latency_test_GL15_PL384,120.47892999649048,15,mac_latency_test,bulk_benchmark
32,1,400,0.5050720419967547,0.2051265650661662,659856.508532815,659856.808478292,659856.508706688,659856.510334312,659856.807422976,659856.807430747,0.2999454769305885,0.0016276240348815,0.2970886640250683,0.0010475449962541,15,384,mac_latency_test_GL15_PL384,120.47892999649048,15,mac_latency_test,bulk_benchmark
33,0,400,0.5094346670084633,0.21707687509479,659857.1216879,659857.414045692,659857.121832282,659857.123382406,659857.412966896,659857.412974476,0.2923577919136733,0.0015501239104196,0.2895844900049269,0.0010712159564718,15,384,mac_latency_test_GL15_PL384,120.47892999649048,15,mac_latency_test,bulk_benchmark
34,0,400,0.507700958987698,0.2138418039539829,659857.737762379,659858.031621534,659857.737896201,659857.739388274,659858.030589899,659858.030597439,0.293859155033715,0.0014920730609446,0.2912016250193119,0.0010240949923172,15,384,mac_latency_test_GL15_PL384,120.47892999649048,15,mac_latency_test,bulk_benchmark
35,0,400,0.4566980839590542,0.1662839808850549,659858.354501279,659858.644915382,659858.354634571,659858.356183155,659858.643876856,659858.643884006,0.2904141030739993,0.0015485839685425,0.287693700985983,0.0010313760722056,15,384,mac_latency_test_GL15_PL384,120.47892999649048,15,mac_latency_test,bulk_benchmark
36,0,400,0.4618213329813443,0.1732218580436892,659858.911741717,659859.200341192,659858.911872999,659858.913336551,659859.199306816,659859.199314277,0.288599474937655,0.001463552005589,0.2859702649293467,0.0010269149206578,15,384,mac_latency_test_GL15_PL384,120.47892999649048,15,mac_latency_test,bulk_benchmark
37,0,400,0.508678707992658,0.2189269260270521,659859.484340798,659859.77409258,659859.484478171,659859.486013854,659859.773064884,659859.773072564,0.2897517819656059,0.0015356830554082,0.2870510299690068,0.0010200159158557,15,384,mac_latency_test_GL15_PL384,120.47892999649048,15,mac_latency_test,bulk_benchmark
38,2,400,0.4621283750166185,0.1602531800162978,659860.090312235,659860.39218743,659860.090445486,659860.091879447,659860.391112383,659860.391119963,0.3018751950003207,0.0014339609770104,0.2992329359985888,0.001067467033863,15,384,mac_latency_test_GL15_PL384,120.47892999649048,15,mac_latency_test,bulk_benchmark
40,0,400,0.5092361249844544,0.2209048129734583,659861.322732646,659861.611063958,659861.322863159,659861.324350901,659861.610041582,659861.610049262,0.288331312010996,0.0014877419453114,0.2856906810775399,0.0010146960848942,15,384,mac_latency_test_GL15_PL384,120.47892999649048,15,mac_latency_test,bulk_benchmark
41,0,400,0.5091265420196578,0.2073507270542904,659861.936768185,659862.238544,659861.936894067,659861.93840009,659862.237430203,659862.237437603,0.3017758149653673,0.0015060229925438,0.2990301130339503,0.0011063970159739,15,384,mac_latency_test_GL15_PL384,120.47892999649048,15,mac_latency_test,bulk_benchmark
42,0,400,0.5083681250107475,0.2196817390504293,659862.550159684,659862.83884607,659862.550285275,659862.551715857,659862.837799174,659862.837806605,0.2886863859603181,0.0014305820222944,0.2860833170125261,0.0010394649580121,15,384,mac_latency_test_GL15_PL384,120.47892999649048,15,mac_latency_test,bulk_benchmark
44,0,400,0.4702328330022283,0.1748499640380032,659863.715832444,659864.011215313,659863.715975667,659863.717568251,659864.010074615,659864.010082375,0.295382868964225,0.0015925839543342,0.2925063640577718,0.0011329379631206,15,384,mac_latency_test_GL15_PL384,120.47892999649048,15,mac_latency_test,bulk_benchmark
45,0,400,0.5140522919828072,0.2244630819186568,659864.287393249,659864.576982459,659864.287532681,659864.289067544,659864.575949093,659864.575956113,0.2895892100641504,0.0015348630258813,0.2868815489346161,0.0010263459989801,15,384,mac_latency_test_GL15_PL384,120.47892999649048,15,mac_latency_test,bulk_benchmark
46,0,400,0.4504924999782815,0.1610874129692092,659864.908114499,659865.197519586,659864.908251851,659864.909737044,659865.19645845,659865.196466,0.2894050870090723,0.00148519303184,0.2867214060388505,0.001053585903719,15,384,mac_latency_test_GL15_PL384,120.47892999649048,15,mac_latency_test,bulk_benchmark
51,0,400,0.4911270840093493,0.186348004033789,659867.791831976,659868.096611056,659867.791974178,659867.793517721,659868.095508579,659868.095516139,0.3047790799755603,0.0015435429522767,0.3019908580463379,0.0010949170682579,15,384,mac_latency_test_GL15_PL384,120.47892999649048,15,mac_latency_test,bulk_benchmark
52,0,400,0.5112121670390479,0.2080306310090236,659868.409651762,659868.712833298,659868.409783403,659868.411265156,659868.711704161,659868.711711321,0.3031815360300243,0.00148175295908,0.3004390050191432,0.0011219769949093,15,384,mac_latency_test_GL15_PL384,120.47892999649048,15,mac_latency_test,bulk_benchmark
53,0,400,0.506610999989789,0.2167598269297741,659869.004239906,659869.294091079,659869.004372298,659869.005857501,659869.292984473,659869.292991913,0.2898511730600148,0.0014852029271423,0.2871269721072167,0.0010991659946739,15,384,mac_latency_test_GL15_PL384,120.47892999649048,15,mac_latency_test,bulk_benchmark
54,2,400,0.5093757920549251,0.210674463014584,659869.627267779,659869.925969108,659869.627405851,659869.628962705,659869.924853052,659869.924861952,0.2987013290403411,0.0015568539965897,0.295890346984379,0.0011071560438722,15,384,mac_latency_test_GL15_PL384,120.47892999649048,15,mac_latency_test,bulk_benchmark
56,2,400,0.4643918750225566,0.1637122569954954,659870.790588946,659871.091268564,659870.790726718,659870.792208191,659871.090178277,659871.090185908,0.3006796180270612,0.001481472980231,0.2979700859868899,0.0010826559737324,15,384,mac_latency_test_GL15_PL384,120.47892999649048,15,mac_latency_test,bulk_benchmark
57,1,400,0.5085266669630073,0.2116409979644231,659871.362110431,659871.6589961,659871.362243353,659871.363726295,659871.657909304,659871.657917034,0.2968856689985841,0.0014829419087618,0.2941830090712756,0.0010790659580379,15,384,mac_latency_test_GL15_PL384,120.47892999649048,15,mac_latency_test,bulk_benchmark
58,0,400,0.5095116660231724,0.2183164309244603,659871.968721796,659872.259917031,659871.968851929,659871.970385061,659872.258812854,659872.258820165,0.2911952350987121,0.0015331320464611,0.2884277929551899,0.0010968660935759,15,384,mac_latency_test_GL15_PL384,120.47892999649048,15,mac_latency_test,bulk_benchmark
59,0,400,0.5083936249720864,0.2130619070376269,659872.589357494,659872.884689212,659872.589508986,659872.591217543,659872.883531675,659872.883538955,0.2953317179344594,0.0017085570143535,0.2923141319770366,0.0011502569541335,15,384,mac_latency_test_GL15_PL384,120.47892999649048,15,mac_latency_test,bulk_benchmark
63,0,400,0.4559616670012474,0.160961054963991,659874.94394641,659875.238947022,659874.944119673,659874.945653166,659875.237899247,659875.237906496,0.2950006120372563,0.001533493050374,0.2922460809350014,0.0010405259672552,15,384,mac_latency_test_GL15_PL384,120.47892999649048,15,mac_latency_test,bulk_benchmark
64,4,400,0.5059015839942731,0.2002069700392894,659875.504863944,659875.810558558,659875.505036856,659875.5066359,659875.809461601,659875.809468961,0.3056946139549836,0.0015990439569577,0.3028257009573281,0.0010895970044657,15,384,mac_latency_test_GL15_PL384,120.47892999649048,15,mac_latency_test,bulk_benchmark
65,0,400,0.4972770410240628,0.1993169750203378,659876.153527479,659876.451487545,659876.153706991,659876.155255424,659876.450378788,659876.450386638,0.2979600660037249,0.0015484329778701,0.295123364077881,0.0011009069858118,15,384,mac_latency_test_GL15_PL384,120.47892999649048,15,mac_latency_test,bulk_benchmark
68,0,400,0.4545902500394732,0.162070465972647,659877.907756522,659878.200276306,659877.907896304,659877.909502608,659878.199224581,659878.19923197,0.2925197840668261,0.0016063039656728,0.2897219730075449,0.0010443360079079,15,384,mac_latency_test_GL15_PL384,120.47892999649048,15,mac_latency_test,bulk_benchmark
70,0,400,0.5068662909907289,0.2160631729639135,659879.138151284,659879.428954402,659879.138283086,659879.139824509,659879.427910847,659879.427918307,0.2908031180268153,0.0015414230292662,0.2880863379687071,0.0010360949672758,15,384,mac_latency_test_GL15_PL384,120.47892999649048,15,mac_latency_test,bulk_benchmark
71,0,400,0.5114358330029063,0.2223575210082344,659879.750993965,659880.040072277,659879.751157897,659879.752630589,659880.03899416,659880.03901732,0.2890783119946718,0.0014726920053362,0.2863635710673406,0.0010549569269642,15,384,mac_latency_test_GL15_PL384,120.47892999649048,15,mac_latency_test,bulk_benchmark
73,0,400,0.4633481670171022,0.1706160691101104,659880.924032937,659881.216765035,659880.924168039,659880.925692742,659881.215697078,659881.215704509,0.2927320979069918,0.0015247029950842,0.2900043360423296,0.0010605258867144,15,384,mac_latency_test_GL15_PL384,120.47892999649048,15,mac_latency_test,bulk_benchmark
74,0,400,0.5084720000158995,0.2190146120265126,659881.49608968,659881.785547068,659881.496232282,659881.497832936,659881.784500021,659881.784507902,0.2894573879893869,0.0016006539808586,0.2866670850198716,0.0010391660034656,15,384,mac_latency_test_GL15_PL384,120.47892999649048,15,mac_latency_test,bulk_benchmark
75,0,400,0.4527607920463197,0.160285968973767,659882.109301577,659882.4017764,659882.109442209,659882.110963872,659882.400690303,659882.400697974,0.2924748230725527,0.0015216630417853,0.2897264308994636,0.0010784260230138,15,384,mac_latency_test_GL15_PL384,120.47892999649048,15,mac_latency_test,bulk_benchmark
76,0,400,0.451828041987028,0.1595875539933331,659882.663676662,659882.95591715,659882.663813044,659882.665337837,659882.954825043,659882.954832443,0.2922404879936948,0.0015247929841279,0.289487206027843,0.0010847069788724,15,384,mac_latency_test_GL15_PL384,120.47892999649048,15,mac_latency_test,bulk_benchmark
77,0,400,0.5241269170073792,0.2302605320001021,659883.222494422,659883.516360807,659883.222630354,659883.224146707,659883.515302761,659883.515310281,0.2938663850072771,0.0015163529897108,0.2911560540087521,0.0010505260434001,15,384,mac_latency_test_GL15_PL384,120.47892999649048,15,mac_latency_test,bulk_benchmark
78,0,400,0.5105982079985552,0.213784368999768,659883.849060012,659884.145873851,659883.849199394,659883.850735337,659884.144776944,659884.144784294,0.2968138389987871,0.0015359430108219,0.2940416069468483,0.0010895570740103,15,384,mac_latency_test_GL15_PL384,120.47892999649048,15,mac_latency_test,bulk_benchmark
79,8,400,0.483216916967649,0.1628595509682782,659884.465143272,659884.785500638,659884.465279502,659884.466781005,659884.784278769,659884.784286399,0.3203573659993708,0.0015015030512586,0.3174977640155703,0.0012142389314249,15,384,mac_latency_test_GL15_PL384,120.47892999649048,15,mac_latency_test,bulk_benchmark
80,1,400,0.4698758330196142,0.1662144790170714,659885.057132095,659885.360793449,659885.057268868,659885.058809721,659885.359665172,659885.359673032,0.3036613540025428,0.0015408530598506,0.3008554510306567,0.0011204170295968,15,384,mac_latency_test_GL15_PL384,120.47892999649048,15,mac_latency_test,bulk_benchmark
81,0,400,0.4764895000262186,0.1874912480125203,659885.629110696,659885.918108948,659885.629245588,659885.630753042,659885.917023872,659885.917031672,0.2889982520136982,0.0015074539696797,0.2862708300817758,0.0010772760724648,15,384,mac_latency_test_GL15_PL384,120.47892999649048,15,mac_latency_test,bulk_benchmark
82,2,400,0.5072606250178069,0.1973659569630399,659886.24281091,659886.552705578,659886.242954012,659886.244668109,659886.55154841,659886.55155585,0.3098946680547669,0.0017140969866886,0.3068803009809926,0.0011497280793264,15,384,mac_latency_test_GL15_PL384,120.47892999649048,15,mac_latency_test,bulk_benchmark
83,0,400,0.4582060000393539,0.1588222611462697,659886.817889078,659887.117272817,659886.81805077,659886.819519613,659887.1161409,659887.11614845,0.2993837388930842,0.001468843081966,0.2966212868923321,0.0011243670014664,15,384,mac_latency_test_GL15_PL384,120.47892999649048,15,mac_latency_test,bulk_benchmark
88,0,400,0.5149521250277758,0.2238919830415398,659889.785547829,659890.076607971,659889.78572136,659889.787204014,659890.075556805,659890.075564385,0.291060141986236,0.0014826540136709,0.2883527909871191,0.0010435859439894,15,384,mac_latency_test_GL15_PL384,120.47892999649048,15,mac_latency_test,bulk_benchmark
89,4,400,0.5069435829645954,0.2016197050106711,659890.403482527,659890.708806405,659890.403617528,659890.405197742,659890.707530226,659890.707538256,0.3053238779539242,0.0015802140114828,0.3023324839305132,0.0012681490043178,15,384,mac_latency_test_GL15_PL384,120.47892999649048,15,mac_latency_test,bulk_benchmark
90,0,400,0.5130054159672,0.2236635500448756,659891.013932251,659891.303274117,659891.014127714,659891.015687917,659891.30215374,659891.30216151,0.2893418659223243,0.001560203032568,0.2864658229518682,0.0011126069584861,15,384,mac_latency_test_GL15_PL384,120.47892999649048,15,mac_latency_test,bulk_benchmark
91,0,400,0.5127491250168532,0.2200628189602866,659891.659393757,659891.952080063,659891.659528988,659891.661057172,659891.950961697,659891.950969506,0.2926863060565665,0.0015281840460374,0.2899045250378549,0.001110557001084,15,384,mac_latency_test_GL15_PL384,120.47892999649048,15,mac_latency_test,bulk_benchmark
92,4,400,0.5096101250383072,0.1881812820793129,659892.24611612,659892.567544963,659892.246253033,659892.247741625,659892.566307965,659892.566315054,0.3214288429589942,0.001488591893576,0.3185663400217891,0.0012299090158194,15,384,mac_latency_test_GL15_PL384,120.47892999649048,15,mac_latency_test,bulk_benchmark
93,0,400,0.501243999984581,0.2123215309693478,659892.8601383,659893.149060769,659892.860273912,659892.861802105,659893.147935152,659893.147942572,0.2889224690152332,0.0015281930100172,0.2861330470768735,0.0011181969894096,15,384,mac_latency_test_GL15_PL384,120.47892999649048,15,mac_latency_test,bulk_benchmark
94,0,400,0.5197790419915691,0.2301114998990669,659893.465836942,659893.755504484,659893.465981584,659893.467598458,659893.754360766,659893.754367986,0.2896675420925021,0.0016168740112334,0.2867623079800978,0.0011364980600774,15,384,mac_latency_test_GL15_PL384,120.47892999649048,15,mac_latency_test,bulk_benchmark
95,1,400,0.5078021250083111,0.2137913579936139,659894.087442496,659894.381453263,659894.087577968,659894.089116331,659894.380283055,659894.380290325,0.2940107670146972,0.0015383629361167,0.2911667240550741,0.0011629379587247,15,384,mac_latency_test_GL15_PL384,120.47892999649048,15,mac_latency_test,bulk_benchmark
96,0,400,0.5100890420144424,0.2196899720001965,659894.704224929,659894.994623999,659894.704361591,659894.705916714,659894.993484052,659894.993491812,0.2903990700142458,0.0015551230171695,0.2875673379749059,0.0011321869678795,15,384,mac_latency_test_GL15_PL384,120.47892999649048,15,mac_latency_test,bulk_benchmark
97,0,400,0.5089720420073718,0.2169040139997378,659895.316471789,659895.608539817,659895.316605671,659895.318165045,659895.60745525,659895.60746266,0.292068028007634,0.0015593740390613,0.2892902049934491,0.0010771570960059,15,384,mac_latency_test_GL15_PL384,120.47892999649048,15,mac_latency_test,bulk_benchmark
98,0,400,0.5107316669891588,0.2179739290731959,659895.933988961,659896.226746699,659895.934156143,659895.935608155,659896.225633512,659896.225640932,0.2927577379159629,0.0014520119875669,0.2900253570405766,0.0011057669762521,15,384,mac_latency_test_GL15_PL384,120.47892999649048,15,mac_latency_test,bulk_benchmark
99,0,400,0.5102590000024065,0.2152484969701618,659896.546206691,659896.841217194,659896.546346624,659896.547907998,659896.840078927,659896.840086327,0.2950105030322447,0.001561373937875,0.292170929023996,0.0011308669345453,15,384,mac_latency_test_GL15_PL384,120.47892999649048,15,mac_latency_test,bulk_benchmark
100,0,400,0.4698861250071786,0.1736283840727992,659897.159825135,659897.456082876,659897.159961948,659897.161500991,659897.454933798,659897.454941448,0.2962577409343794,0.0015390429180115,0.2934328070841729,0.0011414278997108,15,384,mac_latency_test_GL15_PL384,120.47892999649048,15,mac_latency_test,bulk_benchmark
102,3,400,0.4688258750247769,0.1668754169368185,659898.396469352,659898.69841981,659898.396611404,659898.398206568,659898.697259412,659898.697266982,0.3019504580879584,0.0015951639506965,0.2990528440568596,0.001152827986516,15,384,mac_latency_test_GL15_PL384,120.47892999649048,15,mac_latency_test,bulk_benchmark
103,0,400,0.4509942500153556,0.1605024860473349,659898.966619496,659899.25711126,659898.966753818,659898.968290911,659899.256048163,659899.256055653,0.2904917639680207,0.0015370930777862,0.287757251993753,0.0010556069901213,15,384,mac_latency_test_GL15_PL384,120.47892999649048,15,mac_latency_test,bulk_benchmark
104,0,400,0.5039986670017242,0.2118950289441272,659899.525125603,659899.817229241,659899.525261985,659899.526770168,659899.816133885,659899.816141125,0.292103638057597,0.001508182962425,0.2893637169618159,0.0010881159687414,15,384,mac_latency_test_GL15_PL384,120.47892999649048,15,mac_latency_test,bulk_benchmark
105,0,400,0.456712957995478,0.1618439970188774,659900.132661343,659900.427530304,659900.132821165,659900.134614533,659900.426466928,659900.426474048,0.2948689609766006,0.0017933680210262,0.2918523949338123,0.0010562558891251,15,384,mac_latency_test_GL15_PL384,120.47892999649048,15,mac_latency_test,bulk_benchmark
107,0,400,0.5111391670070589,0.222599992994219,659901.36132726,659901.649866434,659901.361464362,659901.363034646,659901.648779358,659901.648786779,0.2885391740128398,0.0015702840173617,0.2857447119895369,0.0010796550195664,15,384,mac_latency_test_GL15_PL384,120.47892999649048,15,mac_latency_test,bulk_benchmark
108,0,400,0.5134837920195423,0.2244676610571332,659901.977273268,659902.266289399,659901.97740838,659901.978908452,659902.265225434,659902.265232644,0.2890161309624091,0.0015000719577074,0.2863169820047915,0.0010567549616098,15,384,mac_latency_test_GL15_PL384,120.47892999649048,15,mac_latency_test,bulk_benchmark
109,0,400,0.5098260000231676,0.2194843080942519,659902.58750398,659902.877845672,659902.587635992,659902.589119095,659902.876762435,659902.876769675,0.2903416919289157,0.0014831030275672,0.2876433399505913,0.0010759970173239,15,384,mac_latency_test_GL15_PL384,120.47892999649048,15,mac_latency_test,bulk_benchmark
110,0,400,0.450085999967996,0.1616053769248537,659903.199157333,659903.487637956,659903.199295024,659903.200786497,659903.48658083,659903.48658852,0.2884806230431422,0.0014914729399606,0.2857943329727277,0.0010494360467419,15,384,mac_latency_test_GL15_PL384,120.47892999649048,15,mac_latency_test,bulk_benchmark
111,0,400,0.4679522499791346,0.1785788250272162,659903.758079678,659904.047453103,659903.758219029,659903.759763984,659904.046376786,659904.046384306,0.2893734249519184,0.0015449549537152,0.2866128019522875,0.0010687969624996,15,384,mac_latency_test_GL15_PL384,120.47892999649048,15,mac_latency_test,bulk_benchmark
112,0,400,0.4564924999722279,0.1581485570059158,659904.327045161,659904.625389104,659904.327194844,659904.328863459,659904.624149436,659904.624157076,0.2983439429663121,0.00166861503385,0.2952859769575298,0.0012320280075073,15,384,mac_latency_test_GL15_PL384,120.47892999649048,15,mac_latency_test,bulk_benchmark
114,0,400,0.5070176660083234,0.2174529370386153,659905.559640719,659905.849205448,659905.559777621,659905.561303704,659905.848138382,659905.848145962,0.2895647289697081,0.0015260830987244,0.2868346779141575,0.0010594859486445,15,384,mac_latency_test_GL15_PL384,120.47892999649048,15,mac_latency_test,bulk_benchmark
115,0,400,0.4509997079730965,0.1599255249020643,659906.169782058,659906.460856241,659906.16991307,659906.171422303,659906.459758464,659906.459765854,0.2910741830710321,0.0015092329122126,0.2883361610583961,0.0010903871152549,15,384,mac_latency_test_GL15_PL384,120.47892999649048,15,mac_latency_test,bulk_benchmark
116,3,400,0.475914082955569,0.1602163069183007,659906.725346401,659907.041044177,659906.725488913,659906.727126788,659907.03986372,659907.03987104,0.3156977760372683,0.001637874986045,0.3127369319554418,0.0011731369886547,15,384,mac_latency_test_GL15_PL384,120.47892999649048,15,mac_latency_test,bulk_benchmark
117,0,400,0.464282666973304,0.1632934960653074,659907.308127028,659907.609116199,659907.30826026,659907.309786453,659907.607974903,659907.607982473,0.3009891709079966,0.0015261929947882,0.298188449931331,0.001133725978434,15,384,mac_latency_test_GL15_PL384,120.47892999649048,15,mac_latency_test,bulk_benchmark
118,0,400,0.4859819160192273,0.1893019879353232,659907.876617524,659908.173297452,659907.876756757,659907.878331241,659908.172191026,659908.172198486,0.2966799280839041,0.0015744839329272,0.2938597850734368,0.001098965993151,15,384,mac_latency_test_GL15_PL384,120.47892999649048,15,mac_latency_test,bulk_benchmark
119,0,400,0.4722767079947516,0.1777151220012456,659908.463597403,659908.758158989,659908.463734915,659908.465265499,659908.757062252,659908.757069823,0.294561585993506,0.0015305839478969,0.2917967530665919,0.0010891660349443,15,384,mac_latency_test_GL15_PL384,120.47892999649048,15,mac_latency_test,bulk_benchmark
122,0,400,0.5121239580330439,0.2171987980254925,659910.303760512,659910.598685672,659910.303915294,659910.305445287,659910.597536496,659910.597544106,0.2949251600075513,0.0015299930237233,0.2920912089757621,0.0011415660846978,15,384,mac_latency_test_GL15_PL384,120.47892999649048,15,mac_latency_test,bulk_benchmark
123,1,400,0.5007623329875059,0.205473656009417,659910.893907888,659911.189196565,659910.894077782,659910.895597005,659911.188093589,659911.188100939,0.2952886769780889,0.0015192229766398,0.2924965840065852,0.0010956259211525,15,384,mac_latency_test_GL15_PL384,120.47892999649048,15,mac_latency_test,bulk_benchmark
124,0,400,0.5051094169612043,0.2167839080211706,659911.500172202,659911.788497711,659911.500306324,659911.501841417,659911.787450795,659911.787458495,0.2883255089400336,0.0015350930625572,0.2856093778973445,0.0010392159456387,15,384,mac_latency_test_GL15_PL384,120.47892999649048,15,mac_latency_test,bulk_benchmark
125,0,400,0.5118312909617089,0.2226462179678492,659912.10825891,659912.397443983,659912.108390481,659912.109881003,659912.396368867,659912.396376177,0.2891850729938596,0.0014905220596119,0.286487863981165,0.0010678060352802,15,384,mac_latency_test_GL15_PL384,120.47892999649048,15,mac_latency_test,bulk_benchmark
126,0,400,0.5129026669892482,0.2247787899686955,659912.721551867,659913.009675744,659912.721696499,659912.723150231,659913.008615919,659913.008623369,0.2881238770205527,0.0014537319075316,0.285465688095428,0.0010523749515414,15,384,mac_latency_test_GL15_PL384,120.47892999649048,15,mac_latency_test,bulk_benchmark
127,0,400,0.5093297089915723,0.2164075990440324,659913.342596233,659913.635518343,659913.342735385,659913.344244807,659913.634351295,659913.634358666,0.2929221099475398,0.0015094219706952,0.2901064879260957,0.0011596769327297,15,384,mac_latency_test_GL15_PL384,120.47892999649048,15,mac_latency_test,bulk_benchmark
128,0,400,0.5106129589839838,0.2187840849510394,659913.953820169,659914.245649043,659913.953956131,659913.955472894,659914.244534977,659914.244542177,0.2918288740329444,0.0015167630044743,0.2890620830003172,0.0011068660533055,15,384,mac_latency_test_GL15_PL384,120.47892999649048,15,mac_latency_test,bulk_benchmark
130,0,400,0.4498877910082228,0.1613422170630656,659915.129828348,659915.418373922,659915.129957389,659915.131457962,659915.417298996,659915.417307396,0.2885455739451572,0.0015005730092525,0.2858410340268165,0.0010665260488167,15,384,mac_latency_test_GL15_PL384,120.47892999649048,15,mac_latency_test,bulk_benchmark
131,0,400,0.517116500006523,0.2285734250326641,659915.691142837,659915.979685912,659915.6913039,659915.692905115,659915.978624047,659915.978631636,0.2885430749738589,0.0016012149862945,0.2857189320493489,0.0010542760137468,15,384,mac_latency_test_GL15_PL384,120.47892999649048,15,mac_latency_test,bulk_benchmark
133,1,400,0.4558046669699251,0.164054234046489,659916.87333941,659917.165089843,659916.873472822,659916.874992195,659917.164016977,659917.164024507,0.2917504329234361,0.0015193730359897,0.2890247819013893,0.0010653359349817,15,384,mac_latency_test_GL15_PL384,120.47892999649048,15,mac_latency_test,bulk_benchmark
137,0,400,0.5053900000057183,0.2109604559955187,659919.179061167,659919.473490711,659919.179193109,659919.180662312,659919.472425564,659919.472433404,0.2944295440101996,0.0014692029217258,0.2917632519965991,0.0010573070030659,15,384,mac_latency_test_GL15_PL384,120.47892999649048,15,mac_latency_test,bulk_benchmark
138,0,400,0.5047067920095287,0.2157596210599877,659919.799505262,659920.088452433,659919.799639605,659919.801127378,659920.087389138,659920.087396648,0.288947170949541,0.0014877730282023,0.2862617599312216,0.0010557849891483,15,384,mac_latency_test_GL15_PL384,120.47892999649048,15,mac_latency_test,bulk_benchmark
139,0,400,0.5030228329706006,0.2145147899282165,659920.418150823,659920.706658866,659920.418282235,659920.419749877,659920.705566579,659920.705574519,0.2885080430423841,0.0014676419086754,0.2858167020604014,0.0010843470226973,15,384,mac_latency_test_GL15_PL384,120.47892999649048,15,mac_latency_test,bulk_benchmark
140,0,400,0.5080506249796599,0.2185746160103008,659921.020726257,659921.310202266,659921.020858159,659921.022418234,659921.309089499,659921.309096869,0.2894760089693591,0.001560074975714,0.2866712649120018,0.0011053970083594,15,384,mac_latency_test_GL15_PL384,120.47892999649048,15,mac_latency_test,bulk_benchmark
141,1,400,0.5070316669880413,0.2064081590506248,659921.6382716,659921.938895108,659921.638413772,659921.639976296,659921.937792171,659921.937799371,0.3006235079374164,0.0015625240048393,0.297815875033848,0.0010957369813695,15,384,mac_latency_test_GL15_PL384,120.47892999649048,15,mac_latency_test,bulk_benchmark
142,0,400,0.5028979170019738,0.2068539769970812,659922.256248228,659922.552292168,659922.256384341,659922.257918153,659922.550792394,659922.550800794,0.2960439400048926,0.0015338119119405,0.2928742410149425,0.0014913739869371,15,384,mac_latency_test_GL15_PL384,120.47892999649048,15,mac_latency_test,bulk_benchmark
143,3,400,0.4945149580016732,0.1944361979840323,659922.870757765,659923.170836525,659922.870892937,659922.872403349,659923.169722328,659923.169729488,0.3000787600176409,0.0015104120830073,0.2973189789336175,0.0011070370674133,15,384,mac_latency_test_GL15_PL384,120.47892999649048,15,mac_latency_test,bulk_benchmark
144,2,400,0.51723670901265,0.2209821579745039,659923.469068536,659923.765323087,659923.469197189,659923.470685772,659923.76420668,659923.76421366,0.296254551038146,0.0014885830460116,0.2935209079878405,0.0011094269575551,15,384,mac_latency_test_GL15_PL384,120.47892999649048,15,mac_latency_test,bulk_benchmark
145,0,400,0.503449667012319,0.2026971670566126,659924.09933631,659924.40008881,659924.099473373,659924.100982116,659924.398981314,659924.398988434,0.3007524999557063,0.001508742920123,0.2979991980828345,0.001100376015529,15,384,mac_latency_test_GL15_PL384,120.47892999649048,15,mac_latency_test,bulk_benchmark
146,0,400,0.5019998330390081,0.2136672920314595,659924.717461393,659925.005793934,659924.717616245,659924.71921709,659925.004731358,659925.004738778,0.2883325410075485,0.0016008450184017,0.2855142679763958,0.0010551559971645,15,384,mac_latency_test_GL15_PL384,120.47892999649048,15,mac_latency_test,bulk_benchmark
147,0,400,0.50377191696316,0.2147506549954414,659925.326730999,659925.615752261,659925.326881741,659925.328538326,659925.614703445,659925.614710895,0.2890212619677186,0.0016565849073231,0.2861651190323755,0.0010413660202175,15,384,mac_latency_test_GL15_PL384,120.47892999649048,15,mac_latency_test,bulk_benchmark
148,0,400,0.5056851250119507,0.2169657580088824,659925.940184789,659926.228904156,659925.940317601,659925.941862265,659926.227864111,659926.227871321,0.2887193670030683,0.0015446640318259,0.2860018459614366,0.0010328349890187,15,384,mac_latency_test_GL15_PL384,120.47892999649048,15,mac_latency_test,bulk_benchmark
149,0,400,0.507941791031044,0.2159758640336804,659926.552236738,659926.844202665,659926.552371711,659926.553878334,659926.843139229,659926.843146589,0.2919659269973635,0.0015066229971125,0.2892608949914574,0.0010560760274529,15,384,mac_latency_test_GL15_PL384,120.47892999649048,15,mac_latency_test,bulk_benchmark
151,0,400,0.4938247090321965,0.2046845049480907,659927.879573972,659928.168714176,659927.879709775,659927.881274259,659928.16761506,659928.16762231,0.2891402040841058,0.0015644839731976,0.2863408010452986,0.0010918660555034,15,384,mac_latency_test_GL15_PL384,120.47892999649048,15,mac_latency_test,bulk_benchmark
152,0,400,0.5210570840281434,0.2320806530187837,659928.484516724,659928.773493155,659928.484650856,659928.486205489,659928.772411578,659928.772418558,0.2889764310093596,0.0015546330250799,0.2862060889601707,0.0010745970066636,15,384,mac_latency_test_GL15_PL384,120.47892999649048,15,mac_latency_test,bulk_benchmark
153,0,400,0.5054972920333967,0.2153807330178097,659929.112039757,659929.402156316,659929.112179149,659929.113791734,659929.401032709,659929.40104062,0.2901165590155869,0.0016125850379467,0.2872409750707447,0.0011156959226354,15,384,mac_latency_test_GL15_PL384,120.47892999649048,15,mac_latency_test,bulk_benchmark
154,0,400,0.5160015000146814,0.2228969849529676,659929.720185207,659930.013289722,659929.72033588,659929.721911133,659930.012216505,659930.012223505,0.2931045150617137,0.0015752530889585,0.2903053719783202,0.0010662170825526,15,384,mac_latency_test_GL15_PL384,120.47892999649048,15,mac_latency_test,bulk_benchmark
155,0,400,0.5089292079792358,0.2076972110080532,659930.339812382,659930.641044379,659930.339983774,659930.341743611,659930.639910391,659930.639917261,0.3012319969711825,0.0017598370322957,0.2981667799176648,0.0011271180119365,15,384,mac_latency_test_GL15_PL384,120.47892999649048,15,mac_latency_test,bulk_benchmark
156,3,400,0.5113067909842357,0.2123246979899704,659930.954836695,659931.253818788,659930.954970798,659930.956482081,659931.252678881,659931.252686241,0.2989820929942652,0.0015112829860299,0.2961968000745401,0.0011325470404699,15,384,mac_latency_test_GL15_PL384,120.47892999649048,15,mac_latency_test,bulk_benchmark
157,4,400,0.506175542017445,0.2052843390265479,659931.578219556,659931.879110759,659931.578351329,659931.5797931,659931.877966841,659931.877974272,0.300891202990897,0.0014417710481211,0.2981737409718334,0.0011364870006218,15,384,mac_latency_test_GL15_PL384,120.47892999649048,15,mac_latency_test,bulk_benchmark
158,0,400,0.5151441249763593,0.2261572739807889,659932.177892368,659932.466879219,659932.178066201,659932.179615434,659932.465788913,659932.465796493,0.2889868509955704,0.0015492329839617,0.2861734789330512,0.0010827260557562,15,384,mac_latency_test_GL15_PL384,120.47892999649048,15,mac_latency_test,bulk_benchmark
159,3,400,0.5148033750010654,0.2131055609788745,659932.808993786,659933.1106916,659932.809180958,659932.810799593,659933.109504412,659933.109511743,0.3016978140221908,0.0016186350258067,0.2987048190552741,0.0011798570631071,15,384,mac_latency_test_GL15_PL384,120.47892999649048,15,mac_latency_test,bulk_benchmark
160,0,400,0.5014624170144089,0.2130574740585871,659933.421840447,659933.71024539,659933.421983069,659933.423483343,659933.709152993,659933.709160203,0.2884049429558217,0.0015002739382907,0.2856696500675753,0.0010851869592443,15,384,mac_latency_test_GL15_PL384,120.47892999649048,15,mac_latency_test,bulk_benchmark
161,0,400,0.5073479160200804,0.2194722919957712,659934.027257917,659934.315133541,659934.027392139,659934.028845851,659934.314055085,659934.314063055,0.2878756240243092,0.0014537120005115,0.2852092339890077,0.001070486032404,15,384,mac_latency_test_GL15_PL384,120.47892999649048,15,mac_latency_test,bulk_benchmark
162,0,400,0.5125097919953987,0.2132285150000825,659934.638489573,659934.93777085,659934.638622966,659934.640090658,659934.936638353,659934.936646173,0.2992812769953161,0.0014676919672638,0.2965476950630545,0.0011246770154684,15,384,mac_latency_test_GL15_PL384,120.47892999649048,15,mac_latency_test,bulk_benchmark
163,0,400,0.5088804579572752,0.2207535238703712,659935.253330068,659935.541457002,659935.25346386,659935.255068614,659935.540394187,659935.540401407,0.2881269340869039,0.001604754012078,0.2853255729423836,0.0010555949993431,15,384,mac_latency_test_GL15_PL384,120.47892999649048,15,mac_latency_test,bulk_benchmark
164,0,400,0.5052898330031894,0.2151883440674282,659935.876179717,659936.166281206,659935.876333911,659935.878060906,659936.165123958,659936.165131168,0.2901014889357611,0.0017269949894398,0.2870630520628765,0.0011500379769131,15,384,mac_latency_test_GL15_PL384,120.47892999649048,15,mac_latency_test,bulk_benchmark
165,0,400,0.5062245410517789,0.2184657690231688,659936.484368008,659936.77212678,659936.48450194,659936.485978202,659936.771068995,659936.771076245,0.2877587720286101,0.0014762619975954,0.285090793040581,0.0010505350073799,15,384,mac_latency_test_GL15_PL384,120.47892999649048,15,mac_latency_test,bulk_benchmark
166,4,400,0.502300624968484,0.1891568279825151,659937.103248922,659937.416392719,659937.103381305,659937.104855807,659937.412652022,659937.412659432,0.3131437969859689,0.00147450203076,0.3077962149400264,0.0037332869833335,15,384,mac_latency_test_GL15_PL384,120.47892999649048,15,mac_latency_test,bulk_benchmark
167,0,400,0.5126545419916511,0.224340952001512,659937.708103352,659937.996416942,659937.708235994,659937.709749917,659937.995358287,659937.995365757,0.288313589990139,0.0015139230526983,0.2856083699734881,0.0010511849541217,15,384,mac_latency_test_GL15_PL384,120.47892999649048,15,mac_latency_test,bulk_benchmark
168,5,400,0.5123497910099104,0.1880141940200701,659938.322894672,659938.647230269,659938.323058814,659938.324604877,659938.646042321,659938.646049891,0.3243355969898402,0.0015460629947483,0.3214374439558014,0.0011803780216723,15,384,mac_latency_test_GL15_PL384,120.47892999649048,15,mac_latency_test,bulk_benchmark
169,0,400,0.5046899580047466,0.2158121790853329,659938.947892148,659939.236769927,659938.94807671,659938.949707565,659939.235695501,659939.235702451,0.2888777789194137,0.0016308550257235,0.2859879359602928,0.0010674759978428,15,384,mac_latency_test_GL15_PL384,120.47892999649048,15,mac_latency_test,bulk_benchmark
170,0,400,0.452256667020265,0.163753273023758,659939.558976503,659939.847479897,659939.559133295,659939.560591467,659939.84640464,659939.84641198,0.2885033939965069,0.001458171987906,0.2858131730463356,0.0010679169790819,15,384,mac_latency_test_GL15_PL384,120.47892999649048,15,mac_latency_test,bulk_benchmark
171,0,400,0.4499257919960655,0.1610856638872064,659940.110279952,659940.39912008,659940.110414155,659940.111878476,659940.398023973,659940.398031623,0.288840128108859,0.0014643210452049,0.2861454969970509,0.0010884570656344,15,384,mac_latency_test_GL15_PL384,120.47892999649048,15,mac_latency_test,bulk_benchmark
172,0,400,0.4642687499872409,0.1750594860059209,659940.676072399,659940.965281663,659940.676208041,659940.677719854,659940.964204976,659940.964212176,0.2892092639813199,0.0015118130249902,0.2864851219346747,0.001069486956112,15,384,mac_latency_test_GL15_PL384,120.47892999649048,15,mac_latency_test,bulk_benchmark
173,0,400,0.4499408330302685,0.1610810130368918,659941.238459734,659941.527319554,659941.238597656,659941.240173311,659941.526239417,659941.526246768,0.2888598199933767,0.0015756549546495,0.2860661060549319,0.0010727860499173,15,384,mac_latency_test_GL15_PL384,120.47892999649048,15,mac_latency_test,bulk_benchmark
174,0,400,0.5204698749585077,0.2163060930324718,659941.797350308,659942.10151409,659941.797486641,659941.799038885,659942.100362313,659942.100369602,0.3041637819260359,0.0015522440662607,0.3013234279351309,0.0011444879928603,15,384,mac_latency_test_GL15_PL384,120.47892999649048,15,mac_latency_test,bulk_benchmark
175,0,400,0.5015060409787111,0.2129723770194687,659942.430457728,659942.718991392,659942.43059363,659942.432085693,659942.717916125,659942.717923605,0.2885336639592424,0.0014920630492269,0.2858304319670424,0.0010677869431674,15,384,mac_latency_test_GL15_PL384,120.47892999649048,15,mac_latency_test,bulk_benchmark
176,1,400,0.4645057499874383,0.1602799789980054,659943.033577222,659943.337802993,659943.033753234,659943.035292898,659943.336638236,659943.336645225,0.3042257709894329,0.0015396639937534,0.3013453379971906,0.0011577680706977,15,384,mac_latency_test_GL15_PL384,120.47892999649048,15,mac_latency_test,bulk_benchmark
178,0,400,0.5127895000041462,0.223948829981964,659944.258879257,659944.547719927,659944.2590411,659944.260516802,659944.546648551,659944.546656151,0.2888406700221821,0.0014757019234821,0.2861317490460351,0.0010637760860845,15,384,mac_latency_test_GL15_PL384,120.47892999649048,15,mac_latency_test,bulk_benchmark
179,0,400,0.4551545829745009,0.1661953019211068,659944.893172715,659945.182131996,659944.893302197,659944.894769529,659945.180964207,659945.180971457,0.2889592810533941,0.0014673320110887,0.2861946780467406,0.0011605389881879,15,384,mac_latency_test_GL15_PL384,120.47892999649048,15,mac_latency_test,bulk_benchmark
182,0,400,0.4676906250533648,0.1776223381166346,659946.661373903,659946.95144219,659946.661509035,659946.663025768,659946.950345884,659946.950353533,0.2900682869367301,0.0015167329693213,0.2873201159527525,0.001088656950742,15,384,mac_latency_test_GL15_PL384,120.47892999649048,15,mac_latency_test,bulk_benchmark
183,0,400,0.5055439170100726,0.2140946180443279,659947.239621469,659947.531070768,659947.239755841,659947.241266724,659947.529959291,659947.529966551,0.2914492989657447,0.0015108829829841,0.2886925670318305,0.0011042170226573,15,384,mac_latency_test_GL15_PL384,120.47892999649048,15,mac_latency_test,bulk_benchmark
184,4,400,0.5115131669444963,0.2096703919814899,659947.847655678,659948.149498453,659947.84778816,659947.849284412,659948.148374836,659948.148382016,0.3018427749630064,0.0014962520217522,0.2990904239704832,0.0011164370225742,15,384,mac_latency_test_GL15_PL384,120.47892999649048,15,mac_latency_test,bulk_benchmark
185,0,400,0.4536272079567425,0.1580945768509991,659948.468686053,659948.764218684,659948.468818434,659948.470350409,659948.763100516,659948.763108307,0.2955326311057433,0.0015319749945774,0.2927501070080325,0.0011103770229965,15,384,mac_latency_test_GL15_PL384,120.47892999649048,15,mac_latency_test,bulk_benchmark
186,0,400,0.4501990829594433,0.1620774848852306,659949.035969473,659949.324091071,659949.036140086,659949.037663549,659949.323023876,659949.323031686,0.2881215980742126,0.0015234629390761,0.2853603269904852,0.0010593850165605,15,384,mac_latency_test_GL15_PL384,120.47892999649048,15,mac_latency_test,bulk_benchmark
187,0,400,0.5083710409817286,0.2155168200260959,659949.594994038,659949.887848259,659949.595154111,659949.596627023,659949.886760812,659949.886768082,0.2928542209556326,0.0014729119138792,0.2901337890652939,0.0010801769094541,15,384,mac_latency_test_GL15_PL384,120.47892999649048,15,mac_latency_test,bulk_benchmark
188,0,400,0.4518357909983024,0.1629563410533592,659950.211294253,659950.500173703,659950.211425735,659950.212894877,659950.499100726,659950.499108186,0.2888794499449432,0.0014691419200971,0.2862058490281924,0.0010655169608071,15,384,mac_latency_test_GL15_PL384,120.47892999649048,15,mac_latency_test,bulk_benchmark
189,0,400,0.4625017920043319,0.171921827015467,659950.765812011,659951.056391976,659950.765949442,659950.767518586,659951.055318249,659951.055326059,0.2905799649888649,0.001569143962115,0.2877996630268171,0.0010659169638529,15,384,mac_latency_test_GL15_PL384,120.47892999649048,15,mac_latency_test,bulk_benchmark
190,0,400,0.5025430410169065,0.2145342340227216,659951.338119827,659951.626128634,659951.338255579,659951.339746822,659951.625053717,659951.625060747,0.2880088069941848,0.0014912430197,0.285306895035319,0.0010678869439288,15,384,mac_latency_test_GL15_PL384,120.47892999649048,15,mac_latency_test,bulk_benchmark
191,0,400,0.5120539580238983,0.2223251550458371,659951.942167744,659952.231896547,659951.942298936,659951.943742049,659952.230808301,659952.230816041,0.2897288029780611,0.0014431130839511,0.2870662519708276,0.0010805060155689,15,384,mac_latency_test_GL15_PL384,120.47892999649048,15,mac_latency_test,bulk_benchmark
192,1,400,0.5028779169660993,0.2069507899577729,659952.567336263,659952.86326339,659952.567469274,659952.568925407,659952.862148642,659952.862155673,0.2959271270083263,0.0014561329735442,0.2932232349412516,0.0011077170493081,15,384,mac_latency_test_GL15_PL384,120.47892999649048,15,mac_latency_test,bulk_benchmark
193,0,400,0.4581942079821601,0.1586355569306761,659953.173720837,659953.473279488,659953.173852008,659953.175358162,659953.472138641,659953.472146521,0.299558651051484,0.0015061540761962,0.2967804790241644,0.001132967066951,15,384,mac_latency_test_GL15_PL384,120.47892999649048,15,mac_latency_test,bulk_benchmark
195,4,400,0.5080507499515079,0.2043507049675099,659954.40474727,659954.708447315,659954.404881042,659954.406412595,659954.707279666,659954.707286637,0.3037000449839979,0.0015315529890358,0.3008670710260048,0.0011606779880821,15,384,mac_latency_test_GL15_PL384,120.47892999649048,15,mac_latency_test,bulk_benchmark
196,0,400,0.5084158749668859,0.2195458349888213,659955.019663303,659955.308533343,659955.019798395,659955.021306318,659955.307450147,659955.307458047,0.2888700399780646,0.0015079230070114,0.2861438289983198,0.0010752959642559,15,384,mac_latency_test_GL15_PL384,120.47892999649048,15,mac_latency_test,bulk_benchmark
197,0,400,0.5029915000195615,0.2134424710529856,659955.640207881,659955.92975691,659955.640338363,659955.641841086,659955.928665574,659955.928672894,0.2895490289665758,0.001502722967416,0.286824488081038,0.001084015937522,15,384,mac_latency_test_GL15_PL384,120.47892999649048,15,mac_latency_test,bulk_benchmark
198,0,400,0.478943458001595,0.1904555040528066,659956.283626146,659956.5721141,659956.283758538,659956.28523961,659956.571024423,659956.571032653,0.2884879539487883,0.0014810720458626,0.28578481299337,0.0010814470006152,15,384,mac_latency_test_GL15_PL384,120.47892999649048,15,mac_latency_test,bulk_benchmark
199,2,400,0.4553277079830877,0.1587419710704125,659956.842317366,659957.138903103,659956.842459178,659956.844070772,659957.137792055,659957.137799376,0.2965857369126752,0.0016115939943119,0.2937212830875069,0.0011037269141525,15,384,mac_latency_test_GL15_PL384,120.47892999649048,15,mac_latency_test,bulk_benchmark
