request_id,num_generated_notes,generation_start_tick,round_trip_time,total_network_latency,server_request_arrival_time,server_response_output_time,server_preprocess_start_time,server_inference_start_time,server_inference_end_time,server_postprocess_start_time,server_processing_duration,preprocess_duration,inference_duration,postprocess_duration
1,0,16,0.3618909170036204,0.09279582200360892,2628.24130545,2628.510400545,2628.241423117,2628.243765819,2628.508956988,2628.508966896,0.2690950950000115,0.002342702000078134,0.2651911689999906,0.00143364899986409
2,0,16,0.20217033301014453,0.033181859009800974,2628.716217846,2628.88520632,2628.716316923,2628.718301315,2628.884026083,2628.884035378,0.16898847400034356,0.001984392000395019,0.16572476800001823,0.001170942000044306
3,0,16,0.18613662500865757,0.016259321008419647,2629.024429927,2629.194307231,2629.024532681,2629.026468761,2629.193079498,2629.193088793,0.16987730400023793,0.0019360800001777534,0.16661073699970075,0.0012184380002508988
4,0,16,0.19277270798920654,0.014584508989173628,2629.318104096,2629.496292295,2629.318208586,2629.320121684,2629.495028404,2629.495037494,0.1781881990000329,0.0019130979999317788,0.17490672000030827,0.0012548009999591159
5,2,16,0.20776416701846756,0.01639520001845085,2629.622820201,2629.814189168,2629.622925202,2629.624842386,2629.812804955,2629.812814045,0.1913689670000167,0.0019171840003764373,0.18796256899986474,0.0013751230003435921
6,0,16,0.21220962499501184,0.025251713995203318,2629.947971118,2630.134929029,2629.948077038,2629.950333228,2630.133556562,2630.133565346,0.18695791099980852,0.0022561900000255264,0.18322333400010393,0.001363682999908633
7,0,16,0.18641749999369495,0.01679554899374125,2630.263051253,2630.432673204,2630.263155538,2630.265112455,2630.431320961,2630.431330052,0.1696219509999537,0.0019569169999158476,0.16620850600020276,0.0013431520001176978
8,0,16,0.1937660830153618,0.024235854015387304,2630.566680784,2630.736211013,2630.566783538,2630.568903982,2630.734915152,2630.734924345,0.1695302289999745,0.0021204439999564784,0.16601117000027443,0.0012866679999206099
9,3,16,0.21087791601894423,0.015675297018788115,2630.868177206,2631.063379825,2630.868281389,2630.87035107,2631.061903276,2631.061918087,0.19520261900015612,0.0020696810001936683,0.19155220599986933,0.0014617380002164282
10,0,16,0.1912712079938501,0.01978559399367441,2631.195394432,2631.366880046,2631.19549882,2631.197819256,2631.365526169,2631.365535157,0.1714856140001757,0.0023204359999908775,0.16770691300007456,0.0013448889999381208
11,3,16,0.24320745901786722,0.046351282017894846,2631.516458999,2631.713315176,2631.516580955,2631.519103324,2631.711895623,2631.711904918,0.19685617699997238,0.0025223689999620547,0.1927922990003026,0.001410257999850728
12,0,16,0.1915182919765357,0.02006475097641669,2631.847698022,2632.019151563,2631.84780098,2631.850046955,2632.017843752,2632.017852842,0.171453541000119,0.0022459749998233747,0.16779679699993721,0.001298720999784564
13,1,16,0.22895979098393582,0.018146779983908345,2632.151026033,2632.361839044,2632.151149317,2632.153769741,2632.360318575,2632.360327972,0.21081301100002747,0.0026204239998151024,0.20654883399993196,0.0015110720000848232
14,1,16,0.2321227919892408,0.027143749989136268,2632.496373466,2632.701352508,2632.496474177,2632.498620054,2632.699849728,2632.699860049,0.20497904200010453,0.002145877000202745,0.20122967399993286,0.0014924590000191529
15,0,16,0.19042087500565685,0.02062400000568232,2632.835487124,2633.005283999,2632.835608319,2632.837994312,2633.003858269,2633.003867159,0.16979687499997453,0.002385992999734299,0.16586395700005596,0.0014168399998197856
16,0,16,0.19857762500760145,0.019902534007542272,2633.138278807,2633.316953898,2633.138382017,2633.140730813,2633.315347397,2633.315356594,0.17867509100005918,0.002348796000205766,0.1746165839999776,0.0015973039999153116
17,0,16,0.19420866598375142,0.02379406298359754,2633.455394827,2633.62580943,2633.455514285,2633.457961591,2633.624457991,2633.624466779,0.17041460300015387,0.0024473060002492275,0.16649639999968713,0.0013426509999590053
18,6,16,0.38287345800199546,0.10559848100183444,2633.755428348,2634.032703325,2633.75553166,2633.758040484,2634.030739267,2634.030748158,0.277274977000161,0.002508823999960441,0.2726987830001235,0.0019551670002329047
19,0,16,0.1874283750075847,0.015421986007822852,2634.249079229,2634.421085618,2634.24918295,2634.251611964,2634.419751346,2634.419760032,0.17200638899976184,0.002429013999972085,0.16813938199993572,0.0013255859998935193
20,1,16,0.21599612501449883,0.028950490014722163,2634.55399561,2634.741041245,2634.55411609,2634.556706663,2634.739619602,2634.739628595,0.18704563499977667,0.002590572999906726,0.1829129389998343,0.0014126500000202213
21,0,16,0.19330645800800994,0.023727447007786395,2634.883352246,2635.052931257,2634.883455252,2634.885694911,2635.051622328,2635.051631116,0.16957901100022355,0.0022396589997697447,0.16592741700014813,0.0013001410002289049
22,4,16,0.21619408298283815,0.01830525498280622,2635.180023059,2635.377911887,2635.18019167,2635.182726347,2635.376432099,2635.376441092,0.19788882800003194,0.0025346769998577656,0.19370575199991436,0.0014707950003867154
23,0,16,0.18396979200770147,0.014252624007895065,2635.505267029,2635.674984197,2635.505370239,2635.507707079,2635.673695604,2635.673704699,0.1697171679998064,0.0023368399997707456,0.16598852500010253,0.001279497999803425
24,1,16,0.20241904200520366,0.022381680004855298,2635.800550739,2635.980588101,2635.800674182,2635.803018789,2635.979045978,2635.979054971,0.18003736200034837,0.002344606999940879,0.17602718900025138,0.0015331300000980264
25,0,16,0.1876876659807749,0.016670049980803014,2636.108809492,2636.279827108,2636.108913418,2636.111471802,2636.278251468,2636.278260869,0.1710176159999719,0.0025583839997125324,0.16677966599991123,0.001566239000112546
26,0,16,0.19072874999255873,0.019390875992485235,2636.403467402,2636.574805276,2636.403586247,2636.406255199,2636.573201534,2636.57321022,0.1713378740000735,0.002668952000021818,0.1669463349999205,0.00159505600004195
27,0,16,0.22929429201758467,0.024027270017541014,2636.706321624,2636.911588646,2636.706448133,2636.710105756,2636.909711244,2636.909720236,0.20526702200004365,0.0036576229999809584,0.19960548800008837,0.0018684100000427861
28,0,16,0.19241220800904557,0.023105325009055377,2637.049886921,2637.219193804,2637.050008422,2637.052437539,2637.217898466,2637.217907049,0.1693068829999902,0.002429117000247061,0.16546092699991277,0.0012867549999100447
29,0,16,0.189757207990624,0.01775255499069317,2637.346573368,2637.518578021,2637.346675148,2637.349105082,2637.517246917,2637.517256318,0.17200465299993084,0.0024299339997924108,0.1681418350003696,0.0013217030000305385
30,1,16,0.21109133298159577,0.014767006981855957,2637.643133205,2637.839457531,2637.643254196,2637.645717443,2637.838010852,2637.83801964,0.1963243259997398,0.0024632470003780327,0.19229340899983072,0.0014378910000232281
31,0,16,0.19255920901196077,0.022068373012189113,2637.966992524,2638.13748336,2637.967098289,2637.96969714,2638.136166767,2638.136175657,0.17049083599977166,0.002598850999675051,0.16646962699996948,0.0013077029998385115
32,4,16,0.23175529099535197,0.02290074699521938,2638.273334737,2638.482189281,2638.27345675,2638.275826086,2638.480715216,2638.480723902,0.2088545440001326,0.002369335999901523,0.20488913000008324,0.0014653789999101718
33,0,16,0.1940490409906488,0.02331806299071104,2638.611062327,2638.781793305,2638.611166559,2638.613667309,2638.780362568,2638.780372684,0.17073097799993775,0.002500749999853724,0.16669525899988002,0.0014206209998519626
34,0,16,0.21406670802389272,0.018350198024108977,2638.907550632,2639.103267142,2638.907654864,2638.910398413,2639.101708158,2639.101721136,0.19571650999978374,0.0027435490001153084,0.19130974499967124,0.0015460059998986253
35,0,16,0.21947224999894388,0.04932180399873687,2639.267629648,2639.437780094,2639.267733573,2639.270393022,2639.436348233,2639.436357532,0.170150446000207,0.002659449000020686,0.16595521099998223,0.001422562000243488
36,1,16,0.1980730420036707,0.018843478003418568,2639.566253993,2639.745483557,2639.566378867,2639.568913339,2639.74384364,2639.743852633,0.17922956400025214,0.0025344720002067334,0.17493030099967655,0.0016309239999827696
37,0,16,0.19200758400256746,0.021118930002558045,2639.880016911,2640.050905565,2639.880120938,2639.882823817,2640.049572622,2640.049581717,0.1708886540000094,0.0027028790000258596,0.16674880500022482,0.0013238480000836716
38,0,16,0.19023995898896828,0.019221933988774254,2640.184210208,2640.355228233,2640.184312396,2640.187048997,2640.353885582,2640.353894472,0.17101802500019403,0.0027366009999241214,0.1668365850000555,0.001333761000296363
39,0,16,0.23156616601045243,0.028552599010708946,2640.480834934,2640.683848501,2640.4809361,2640.483675358,2640.682258248,2640.682267751,0.2030135669997435,0.0027392580000196176,0.1985828900001252,0.001580749999902764
40,0,16,0.19794504099991173,0.026899763000074017,2640.832651655,2641.003696933,2640.83275654,2640.835320137,2641.002216191,2641.002225484,0.1710452779998377,0.0025635970000621455,0.16689605400006258,0.0014714489998368663
41,0,16,0.19339016699814238,0.0230269969983965,2641.139293862,2641.309657032,2641.139396499,2641.142188351,2641.308030758,2641.308039541,0.17036316999974588,0.002791851999973005,0.16584240699967268,0.001617490999706206
42,3,16,0.21270179201383144,0.015177691013832373,2641.439808641,2641.637332742,2641.439933134,2641.442613054,2641.635745992,2641.635754979,0.19752410099999906,0.002679919999991398,0.19313293799996245,0.0015777630001139187
43,0,16,0.19101729098474607,0.01999723898461525,2641.762920491,2641.933940543,2641.763023435,2641.765960103,2641.932576635,2641.93258552,0.17102005200013082,0.00293666800007486,0.1666165319998072,0.0013550230000873853
44,4,16,0.2192757909942884,0.01690636699413517,2642.063455083,2642.265824507,2642.063562419,2642.066221402,2642.264182199,2642.264190982,0.20236942400015323,0.002658982999946602,0.197960797000178,0.0016335250002157409
45,0,16,0.1969174169935286,0.0171265799936009,2642.393296503,2642.57308734,2642.3934212,2642.396080899,2642.571604556,2642.571613236,0.1797908369999277,0.00265969900010532,0.1755236569997578,0.0014741039999535133
46,2,16,0.21299187498516403,0.01626334498541837,2642.699326763,2642.896055293,2642.699451154,2642.702160793,2642.894528492,2642.894537071,0.19672852999974566,0.002709638999931485,0.19236769899998762,0.0015182219999587687
47,0,16,0.19069524999940768,0.020219024999732937,2643.0243776,2643.194853825,2643.024496783,2643.027246455,2643.193502887,2643.193511874,0.17047622499967474,0.002749671999936254,0.16625643199995466,0.0013419510000858281
48,1,16,0.1930225830001291,0.017525990000194724,2643.318889956,2643.494386549,2643.318994432,2643.321702437,2643.49299282,2643.493001602,0.17549659299993436,0.0027080049999312905,0.17129038299981403,0.001384947000133252
49,3,16,0.20914133300539106,0.015322713005389232,2643.623541499,2643.817360119,2643.623661192,2643.626485009,2643.815887139,2643.81589633,0.19381862000000183,0.002823817000262352,0.1894021299999622,0.001463788999899407
50,0,16,0.18908037498476915,0.02252910298466304,2643.945371245,2644.111922517,2643.945473781,2643.948154109,2644.11058363,2644.110592617,0.1665512720001061,0.0026803279997693608,0.1624295209999218,0.0013299000002007233
51,4,16,0.22128908400190994,0.016008525001780072,2644.241144361,2644.44642492,2644.241245773,2644.245811369,2644.444847055,2644.444856042,0.20528055900012987,0.004565595999793004,0.19903568600011567,0.001568877999943652
52,0,16,0.18326512500061654,0.015258744000675506,2644.572218149,2644.74022453,2644.572322319,2644.575019089,2644.738523806,2644.738533099,0.16800638099994103,0.0026967700000568584,0.16350471700025082,0.0016914309999265242
53,0,16,0.18121537499246188,0.014056751992484351,2644.864706548,2645.031865171,2644.864830122,2644.867633207,2645.030450097,2645.030459084,0.16715862299997752,0.002803084999868588,0.1628168900001583,0.0014060869998502312
54,0,16,0.18147400001180358,0.013395313012097176,2645.156902863,2645.32498155,2645.157010301,2645.159832075,2645.32358302,2645.323591803,0.1680786869997064,0.0028217740000400227,0.1637509450001744,0.0013897469998482848
55,1,16,0.20828112500021234,0.015595095000207948,2645.449404232,2645.642090262,2645.449529849,2645.452354789,2645.640536805,2645.640545384,0.1926860300000044,0.0028249399997548608,0.18818201600015527,0.0015448780000042461
56,0,16,0.18514083299669437,0.016676207996624726,2645.768319983,2645.936784608,2645.76842405,2645.771657806,2645.935441533,2645.935450521,0.16846462500006965,0.0032337560000996746,0.1637837270000091,0.0013340870000320137
57,0,16,0.20639520898112096,0.03854916798127306,2646.087386064,2646.255232105,2646.087511476,2646.090329983,2646.253625849,2646.253634632,0.1678460409998479,0.002818507000029058,0.1632958659997712,0.0015974729999470583
58,2,16,0.21157041698461398,0.022405936984796426,2646.383902768,2646.573067248,2646.384074955,2646.388399428,2646.571657893,2646.571666676,0.18916447999981756,0.004324472999996942,0.18325846500010812,0.001400571999965905
59,0,16,0.1841216660104692,0.016404305010382814,2646.706818534,2646.874535895,2646.706938432,2646.710069345,2646.873156157,2646.873164838,0.16771736100008638,0.0031309130004046892,0.16308681199961939,0.001371057000142173
60,0,16,0.18575191701529548,0.01766730601548261,2647.001150635,2647.169235246,2647.001253069,2647.004085669,2647.167856324,2647.167865209,0.16808461099981287,0.00283259999969232,0.16377065500000754,0.0013700370000151452
61,0,16,0.18658320800750516,0.018085698007780593,2647.295682191,2647.464179701,2647.295802803,2647.299107537,2647.462839895,2647.46284878,0.16849750999972457,0.0033047340002667625,0.16373235799983377,0.0013309209998624283
62,0,16,0.1908530420041643,0.023790112004007824,2647.60233941,2647.76940234,2647.602439495,2647.605323873,2647.767972049,2647.767980729,0.16706293000015648,0.0028843780000897823,0.16264817599994785,0.001421610999841505
63,0,16,0.1871005000139121,0.019663478014081193,2647.89480146,2648.062238482,2647.894925647,2647.897840765,2648.060673076,2648.060681655,0.1674370219998309,0.0029151180001463217,0.1628323109998746,0.0015568270000585471
64,4,16,0.21337387498351745,0.013380643983509799,2648.189098225,2648.389091456,2648.189201578,2648.192847314,2648.387507361,2648.387516246,0.19999323100000765,0.0036457360001804773,0.19466004700007034,0.0015752100002828229
65,0,16,0.18790758299292065,0.02033422199292545,2648.520440302,2648.688013663,2648.520543757,2648.523496152,2648.686533738,2648.686542623,0.1675733609999952,0.0029523950001930643,0.1630375859999731,0.001471040000069479
66,0,16,0.18166450000717305,0.01443361800738785,2648.812677153,2648.979908035,2648.812779904,2648.815724878,2648.978489117,2648.978497994,0.1672308819997852,0.002944974000001821,0.16276423900035297,0.0014100409998718533
67,1,16,0.1937611250032205,0.01815315900330461,2649.104843309,2649.280451275,2649.104947386,2649.107841546,2649.279033683,2649.279042969,0.1756079659999159,0.002894160000323609,0.17119213699970715,0.0014083060000302794
68,0,16,0.18379308300791308,0.01636139400761749,2649.409189649,2649.576621338,2649.409291787,2649.412480118,2649.57523099,2649.575240072,0.1674316890002956,0.0031883310002740473,0.16275087199983318,0.001381266000407777
69,0,16,0.18911779200425372,0.020943992004504253,2649.707517883,2649.875691683,2649.707642878,2649.711540259,2649.874340619,2649.874349497,0.16817379999974946,0.003897380999660527,0.1628003600003467,0.0013421859998743457
70,1,16,0.19513879201258533,0.019602252012646204,2650.004334449,2650.179870989,2650.004451587,2650.007488597,2650.178411971,2650.178420848,0.17553653999993912,0.0030370099998435762,0.17092337400026736,0.001450141000077565
71,0,16,0.1853765420091804,0.01756558400893482,2650.306069066,2650.473880024,2650.306190489,2650.309239438,2650.472507329,2650.472516206,0.1678109580002456,0.0030489490000036312,0.16326789100003225,0.0013638180002999434
72,0,16,0.18739462498342618,0.020083950983462273,2650.60423394,2650.771544614,2650.60433414,2650.607355437,2650.77013243,2650.770141308,0.1673106739999639,0.003021297000032064,0.16277699300007953,0.00140330600015659
73,4,16,0.21946208298322745,0.019277737983429688,2650.900497162,2651.100681507,2650.900626034,2650.904245775,2651.099026477,2651.099035252,0.20018434499979776,0.0036197409999658703,0.1947807019996617,0.0016462550001961063
74,0,16,0.19144175000838004,0.021995658008563623,2651.231449282,2651.400895374,2651.231555094,2651.235242076,2651.399403806,2651.399412785,0.16944609199981642,0.0036869819996354636,0.16416173000015988,0.0014825889998064667
75,0,16,0.19819112500408664,0.02204440700415944,2651.529759864,2651.705906582,2651.529878839,2651.533053088,2651.704405627,2651.7044143,0.1761467179999272,0.0031742490000397083,0.1713525390000541,0.0014922820000720094
76,0,16,0.18863708301796578,0.0197373960177174,2651.838126743,2652.00702643,2651.838229392,2651.841547309,2652.005592309,2652.005600982,0.16889968700024838,0.003317917000003945,0.16404499999998734,0.0014254480001909542
77,3,16,0.24087416598922573,0.016312004989231355,2652.135066773,2652.359628934,2652.135172585,2652.139019866,2652.357910743,2652.35791962,0.22456216099999438,0.0038472810001621838,0.2188908769999216,0.001709313999981532
78,0,16,0.18730287501239218,0.01871450101270966,2652.48979898,2652.658387354,2652.489900404,2652.493591672,2652.657026903,2652.657035984,0.16858837399968252,0.0036912680002387788,0.16343523099976665,0.001351370000065799
79,0,16,0.18757199999527074,0.019085764995452337,2652.786004858,2652.954491093,2652.786126281,2652.789300429,2652.953140438,2652.953149111,0.1684862349998184,0.0031741479997435817,0.16384000900006868,0.0013419819997579907
80,0,16,0.1883113750081975,0.020978151008421264,2653.08025776,2653.247590984,2653.080362041,2653.083538331,2653.246221248,2653.246230125,0.16733322399977624,0.003176289999828441,0.16268291699998372,0.0013608590002149867
81,0,16,0.18949499999871477,0.021585882998351735,2653.376415681,2653.544324798,2653.376517309,2653.379659315,2653.542930573,2653.542939552,0.16790911700036304,0.003142005999961839,0.16327125799989517,0.0013852460001544387
82,1,16,0.19861212497926317,0.020772521979324665,2653.678765067,2653.85660467,2653.678890469,2653.68270663,2653.855184119,2653.855192588,0.1778396029999385,0.0038161610000315704,0.17247748899990256,0.001412081999660586
83,0,16,0.19210541702341288,0.02219669302348848,2653.989262771,2654.159171495,2653.989439192,2653.993328308,2654.157714212,2654.157722681,0.1699087239999244,0.003889115999754722,0.16438590400002795,0.0014488140000139538
84,0,16,0.18866949999937788,0.019395544999042613,2654.289551737,2654.458825692,2654.289655099,2654.293907261,2654.457382388,2654.457390959,0.16927395500033526,0.004252162000284443,0.163475126999856,0.0014347330002237868
85,0,16,0.18200958298984915,0.014599218989587825,2654.585619049,2654.753029413,2654.585742105,2654.588889009,2654.751656513,2654.751665084,0.16741036400026132,0.0031469040000047244,0.16276750399993034,0.0013643290003528818
86,0,16,0.1956471250159666,0.019196849015770567,2654.886331363,2655.062781639,2654.886433196,2654.889847333,2655.061321805,2655.061330478,0.17645027600019603,0.003414137000163464,0.1714744719997725,0.0014511610002045927
87,3,16,0.24374433301272802,0.01868403001299157,2655.190316086,2655.415376389,2655.190422408,2655.193883686,2655.413632077,2655.413640852,0.22506030299973645,0.003461278000031598,0.21974839099993915,0.0017355370000586845
88,0,16,0.18996899999910966,0.021904888998960814,2655.544411586,2655.712475697,2655.544513521,2655.547849192,2655.710904031,2655.710912704,0.16806411100014884,0.00333567099960419,0.16305483900032414,0.0015629930003342452
89,5,16,0.24051841697655618,0.02309023197631177,2655.848181217,2656.065609402,2655.848286008,2655.852192164,2656.063923353,2656.063931924,0.2174281850002444,0.003906156000084593,0.21173118900014742,0.001677478000146948
90,0,16,0.19323025000630878,0.024701874006495927,2656.197460702,2656.365989078,2656.197565493,2656.201774494,2656.364522509,2656.364531182,0.16852837599981285,0.004209000999708223,0.16274801500003377,0.001457895999919856
91,0,16,0.189439667010447,0.020189996010685718,2656.499919063,2656.669168734,2656.50005222,2656.503438399,2656.667589619,2656.667599006,0.1692496709997613,0.003386179000244738,0.16415121999989424,0.0015697280000495084
92,0,16,0.19130395899992436,0.023277600999790593,2656.798175157,2656.966201515,2656.798279132,2656.801613273,2656.964708416,2656.964716987,0.16802635800013377,0.0033341409998683957,0.16309514300019146,0.001484528000219143
93,0,16,0.19591995800146833,0.026857115001348575,2657.108522766,2657.277585609,2657.108624803,2657.112053939,2657.276071491,2657.276080471,0.16906284300011976,0.0034291359997951076,0.16401755200013213,0.0015051380000841164
94,0,16,0.18732483399799094,0.0184238629981337,2657.409598024,2657.578498995,2657.409700469,2657.413187766,2657.577031618,2657.577040306,0.16890097099985724,0.0034872969999923953,0.16384385199989993,0.0014586889997190156
95,0,16,0.18663804198149592,0.017191856981753517,2657.701369958,2657.870816143,2657.701473705,2657.705867762,2657.869325053,2657.869334048,0.1694461849997424,0.004394056999899476,0.16345729100021344,0.0014820950000284938
96,0,16,0.19934195899986662,0.02549405099989599,2658.00426365,2658.178111558,2658.004365966,2658.007845416,2658.176673823,2658.17668292,0.17384790799997063,0.003479449999758799,0.16882840700009183,0.00142863800010673
97,0,16,0.19962966602179222,0.017269724021389266,2658.311172595,2658.493532537,2658.311276853,2658.314612693,2658.49202591,2658.492034905,0.18235994200040295,0.003335840000090684,0.17741321699986656,0.0014976320003370347
98,0,16,0.18706933298381045,0.019325615983689204,2658.622202789,2658.789946506,2658.622307149,2658.625629599,2658.788554562,2658.788563966,0.16774371700012125,0.003322450000268873,0.16292496300002313,0.0013825400001223898
99,1,16,0.19375437501003034,0.012055243010308914,2658.914807771,2659.096506903,2658.914933085,2658.918244905,2659.095028384,2659.095037175,0.18169913199972143,0.003311819999908039,0.17678347900027802,0.0014697279998472368
100,0,16,0.18867933299043216,0.01606882199030224,2659.218370859,2659.39098137,2659.218473992,2659.222137324,2659.389564793,2659.38957389,0.17261051100012992,0.0036633320000873937,0.1674274689999038,0.0014074800001253607
101,0,16,0.19002412501140498,0.018491046011149592,2659.526685648,2659.698218727,2659.526807794,2659.530188199,2659.696816766,2659.696829952,0.17153307900025538,0.003380404999916209,0.16662856700031625,0.0013887750001231325
102,1,16,0.19427929201629013,0.013570813016031025,2659.820487959,2660.001196438,2659.820587004,2659.824073507,2659.9995554,2659.999564293,0.1807084790002591,0.0034865029997490637,0.1754818930003239,0.0016321450002578786
103,0,16,0.1891426660004072,0.01608844600059456,2660.130442049,2660.303496269,2660.130562559,2660.134053048,2660.301998432,2660.302007121,0.17305421999981263,0.0034904890003417677,0.16794538399972225,0.0014891480000187585
104,0,16,0.22235012499731965,0.018586468997455086,2660.433293118,2660.637056774,2660.433393798,2660.436852704,2660.635361563,2660.635370353,0.20376365599986457,0.003458906000105344,0.19850885899995774,0.0016864210001585889
105,0,16,0.25163229199824855,0.018732265998551156,2660.764754873,2660.997654899,2660.764876711,2660.768258343,2660.995738395,2660.995747492,0.2329000259996974,0.0033816320001278655,0.22748005199991894,0.0019074069996349863
106,0,16,0.19075454099220224,0.01882098999203663,2661.129059566,2661.300993117,2661.129162495,2661.133255942,2661.299535041,2661.299544241,0.1719335510001656,0.00409344699983194,0.16627909900034865,0.0014488759998130263
107,1,16,0.19816608398105018,0.018121787981272064,2661.42992851,2661.609972806,2661.430031746,2661.433672898,2661.608492652,2661.608501851,0.18004429599977811,0.0036411520000001474,0.17481975400005467,0.0014709550000588933
108,0,16,0.1861333750130143,0.0149955560127637,2661.736815377,2661.907953196,2661.736917386,2661.740696322,2661.906554404,2661.906563603,0.1711378190002506,0.0037789359998896543,0.16585808199988605,0.0013895930001126544
109,0,16,0.19076583298738115,0.01933823898752962,2662.035752691,2662.207180285,2662.035875756,2662.039484097,2662.205574817,2662.205583607,0.17142759399985152,0.0036083409995626425,0.1660907200002839,0.0015966780001690495
110,0,16,0.19423362499219365,0.022501127992200054,2662.340545305,2662.512277802,2662.340664997,2662.344081688,2662.510884223,2662.510893115,0.1717324969999936,0.0034166909999839845,0.16680253499998798,0.001384687000154372
111,0,16,0.20032374997390434,0.028227168973899097,2662.651658292,2662.823754873,2662.651777779,2662.655339716,2662.822340238,2662.822349335,0.17209658100000524,0.0035619370000858908,0.16700052199985294,0.0014055379997444106
112,2,16,0.23254537500906736,0.02546744600931561,2662.963374543,2663.170452472,2662.963477574,2662.967128027,2663.168730583,2663.168739169,0.20707792899975175,0.0036504529998637736,0.20160255600012533,0.0017133029996330151
113,0,16,0.21217279200209305,0.02291885500198987,2663.306214501,2663.495468438,2663.306318248,2663.309891019,2663.493901914,2663.493910908,0.18925393700010318,0.0035727710001083324,0.18401089500002854,0.001557529999899998
114,0,16,0.22825958399334922,0.05652790399335572,2663.662760984,2663.834492664,2663.662863402,2663.666526939,2663.833031113,2663.833039801,0.1717316799999935,0.0036635370001931733,0.16650417399978323,0.0014528630003951548
115,0,16,0.197132250003051,0.025894466003137495,2663.961122529,2664.132360313,2663.961225458,2663.964867939,2664.130946904,2664.130956103,0.17123778399991352,0.0036424810000426078,0.16607896499999697,0.0014042100001461222
116,0,16,0.1872793329821434,0.01591051198192872,2664.270289575,2664.441658396,2664.270413355,2664.273934815,2664.440178345,2664.44018785,0.17136882100021467,0.003521459999774379,0.16624352999997427,0.001470546000291506
117,0,16,0.1923752079892438,0.020514739989266673,2664.567498049,2664.739358517,2664.567617537,2664.571206151,2664.737883372,2664.737892367,0.17186046799997712,0.0035886139999092848,0.16667722100009996,0.0014661499999419902
118,0,16,0.183383124996908,0.014729911996710143,2664.865698403,2665.034351616,2664.865820241,2664.869411922,2665.032914391,2665.032923386,0.16865321300019787,0.003591680999761593,0.1635024689999227,0.00142822999987402
119,1,16,0.2012655840080697,0.020500888007973117,2665.166490483,2665.347255179,2665.166591981,2665.170331666,2665.345773798,2665.345782486,0.1807646960000966,0.003739685000255122,0.1754421320001711,0.001472692999868741
120,0,16,0.1917076670215465,0.017530634021568403,2665.475451159,2665.649628192,2665.47555603,2665.481167041,2665.64817179,2665.648180588,0.1741770329999781,0.005611010999928112,0.1670047490001707,0.0014476040000772628
121,0,16,0.18971825001062825,0.020629202010695735,2665.774416301,2665.943505349,2665.774518393,2665.778212849,2665.942075646,2665.942084648,0.16908904799993252,0.003694455999720958,0.16386279700009254,0.0014207009999154252
122,0,16,0.1935754170117434,0.022000654011662846,2666.079565256,2666.251140019,2666.079665814,2666.083359349,2666.249681162,2666.249689959,0.17157476300008057,0.003693535000365955,0.16632181299974036,0.0014500600000246777
123,0,16,0.18983408299391158,0.020397429993863625,2666.377217786,2666.546654439,2666.377318958,2666.381183636,2666.54511937,2666.545128168,0.16943665300004795,0.003864677999899868,0.16393573400000605,0.0015262710003298707
124,0,16,0.18737104098545387,0.015516290985033265,2666.673533805,2666.845388555,2666.673658403,2666.677607271,2666.843884891,2666.843894098,0.1718547500004206,0.003948867999952199,0.1662776200000735,0.0014944570002626278
125,0,16,0.20550937499501742,0.03396683599521566,2666.978600105,2667.150142644,2666.978726544,2666.982540073,2667.148641026,2667.148652893,0.17154253899980176,0.0038135290001264366,0.16610095299984096,0.0014897510000082548
126,4,16,0.23023545800242573,0.01897386200244,2667.294034818,2667.505296414,2667.294156142,2667.297880571,2667.503627234,2667.503636236,0.21126159599998573,0.003724429000158125,0.20574666299989985,0.0016601779998381971
127,0,16,0.21341087500331923,0.04080209500307319,2667.657116298,2667.829725078,2667.657222482,2667.661203267,2667.828280645,2667.828289954,0.17260878000024604,0.0039807849998396705,0.1670773780001582,0.0014351240001815313
128,0,16,0.1877557080006227,0.015999368000393588,2667.955539737,2668.127296077,2667.955661675,2667.959416486,2668.125814407,2668.12582341,0.1717563400002291,0.0037548109999079315,0.16639792099977058,0.0014726670001437014
129,0,16,0.1932161669828929,0.02079581698308175,2668.254576447,2668.426996797,2668.254681916,2668.258420768,2668.425525255,2668.425534155,0.17242034999981115,0.0037388519999694836,0.1671044869999605,0.001462641999751213
130,1,16,0.21020491697709076,0.017818547977185517,2668.559745044,2668.752131413,2668.559848875,2668.563675192,2668.75056811,2668.750580386,0.19238636899990524,0.003826316999948176,0.1868929180000123,0.0015510270000049786
131,0,16,0.1862106250191573,0.01381666801898973,2668.875159195,2669.047553152,2668.875264766,2668.879032466,2669.045985758,2669.046029643,0.17239395700016757,0.0037677000000257976,0.16695329200001652,0.0015235089999805496
132,0,16,0.1976110000105109,0.023382040010346827,2669.180366051,2669.354595011,2669.180488398,2669.184305508,2669.353037846,2669.353047257,0.17422896000016408,0.003817109999999957,0.1687323380001544,0.0015477540000574663
133,0,16,0.19234574999427423,0.023637042994323565,2669.494073684,2669.662782391,2669.494177822,2669.498054571,2669.661281899,2669.661291004,0.16870870699995066,0.0038767490000282123,0.16322732800017548,0.0014913869999872986
134,2,16,0.2008591250050813,0.015000839005097077,2669.790547036,2669.976405322,2669.790667746,2669.794462351,2669.974757829,2669.974766627,0.18585828599998422,0.0037946050001664844,0.1802954779996071,0.0016386950001106015
135,0,16,0.19049204199109226,0.018163861991070007,2670.099884337,2670.272212517,2670.099987759,2670.103831978,2670.270764605,2670.270773403,0.17232818000002226,0.0038442189998022513,0.1669326269998237,0.001439113999822439
136,0,16,0.19252033301745541,0.02091099401741303,2670.405327498,2670.576936837,2670.405435217,2670.409285471,2670.575469796,2670.575478594,0.17160933900004238,0.003850254000099085,0.16618432499990377,0.001458243000342918
137,0,16,0.20192954197409563,0.02206575597392657,2670.708218247,2670.888082033,2670.708324227,2670.712224914,2670.886624403,2670.886633201,0.17986378600016906,0.0039006870001685456,0.17439948899982483,0.0014488319998235966
138,0,16,0.19646824998199008,0.024107436981921637,2671.024472359,2671.196833172,2671.024576702,2671.028570786,2671.195418712,2671.195427816,0.17236081300006845,0.0039940839997143485,0.16684792600017317,0.0014053559998501441
139,0,16,0.18812079200870357,0.018901623008332535,2671.326650099,2671.495869268,2671.326755464,2671.33091752,2671.494441918,2671.494450716,0.16921916900037104,0.004162056000041048,0.1635243979999359,0.001418552000359341
140,0,16,0.19150058401282877,0.019747006012948987,2671.627808857,2671.799562435,2671.627926192,2671.632197808,2671.798118513,2671.798127208,0.17175357799987978,0.004271616000096401,0.16592070500018963,0.0014352270000017597
141,0,16,0.22155337501317263,0.015263515013430151,2671.93090062,2672.13719048,2671.931023479,2671.935229727,2672.135480075,2672.135488974,0.20628985999974248,0.004206248000173218,0.20025034799982677,0.0017015059997902426
142,4,16,0.24085762500180863,0.03718247600181712,2672.264649973,2672.468325122,2672.264772934,2672.268928647,2672.466539732,2672.466548428,0.2036751489999915,0.004155712999818206,0.1976110850000623,0.0017766940000001341
143,0,16,0.1996638749842532,0.02682288098412755,2672.623710772,2672.796551766,2672.62381624,2672.627950777,2672.795071018,2672.79508002,0.17284099400012565,0.004134537000027194,0.16712024099979317,0.0014717459998792037
144,1,16,0.20678054200834595,0.017409479008165363,2672.926140264,2673.115511327,2672.926266805,2672.930349683,2673.113839794,2673.113848489,0.18937106300018058,0.004082877999735501,0.18349011100008283,0.0016628380003567145
145,0,16,0.19096937499125488,0.018586976991173287,2673.245649159,2673.418031557,2673.245753809,2673.249862158,2673.416600012,2673.416609219,0.1723823980000816,0.00410834900003465,0.16673785400007546,0.001422338000338641
146,0,16,0.1956519999948796,0.022624904994700046,2673.547252296,2673.720279391,2673.547376587,2673.551649737,2673.718827768,2673.718837568,0.17302709500017954,0.004273149999789894,0.16717803100027595,0.001441823000277509
147,2,16,0.20992674998706207,0.02060023598733096,2673.849258442,2674.038584956,2673.84935992,2673.853405761,2674.037060542,2674.037069628,0.1893265139997311,0.004045840999879147,0.1836547809998592,0.0015153279996411584
148,0,16,0.19360391699592583,0.02077296299603404,2674.168129996,2674.34096095,2674.168251279,2674.172593898,2674.339429594,2674.339438578,0.1728309539998918,0.004342618999999104,0.16683569600036208,0.0015223719997266016
149,4,16,0.21561045898124576,0.016034886981287855,2674.467072996,2674.666648568,2674.467177332,2674.472102479,2674.664962954,2674.664972142,0.1995755719999579,0.0049251469999944675,0.19286047500008863,0.0016764259999035858
150,0,16,0.18987033297889866,0.018742654978723294,2674.796283141,2674.967410819,2674.7964081,2674.800500801,2674.965885997,2674.965894879,0.17112767800017537,0.004092700999990484,0.16538519599998835,0.0015159399999902234
151,0,16,0.2048729160160292,0.015081686015946616,2675.094339282,2675.284130512,2675.094481392,2675.09853581,2675.282499414,2675.282508296,0.18979123000008258,0.004054418000123405,0.18396360399992773,0.0016222160002143937
152,0,16,0.1899446669849567,0.018298777984909975,2675.410846525,2675.582492414,2675.410969544,2675.41497506,2675.581047325,2675.581056002,0.17164588900004674,0.004005515999779163,0.16607226499991157,0.0014364120002028358
153,0,16,0.19001545800711028,0.01833077500714353,2675.709637717,2675.8813224,2675.70974287,2675.713906014,2675.879869756,2675.879878842,0.17168468299996675,0.004163143999903696,0.1659637420002582,0.0014435580001190829
154,0,16,0.19351054198341444,0.020994229982989054,2676.013732913,2676.186249225,2676.01385634,2676.018028468,2676.184742779,2676.184751865,0.1725163120004254,0.004172127999936492,0.16671431099985057,0.0014973600000303122
155,2,16,0.2107561659940984,0.013487325993992272,2676.310192565,2676.507461405,2676.310296595,2676.314297007,2676.505850112,2676.505877472,0.19726884000010614,0.004000411999641074,0.19155310500036649,0.0015839329998925678
156,0,16,0.20086462498875335,0.01930381998863595,2676.635826586,2676.817387391,2676.635927962,2676.640218923,2676.81589391,2676.81590269,0.1815608050001174,0.004290960999696836,0.1756749870000931,0.001484701000208588
157,0,16,0.18799833400407806,0.01568518300427968,2676.943765587,2677.116078738,2676.943865329,2676.948046543,2677.114624257,2677.114633139,0.17231315099979838,0.00418121400025484,0.16657771399968624,0.0014455989999078156
158,0,16,0.18947879198822193,0.017337254988433415,2677.240151632,2677.412293169,2677.240292312,2677.244615329,2677.410777433,2677.410786213,0.1721415369997885,0.004323017000388063,0.16616210399979536,0.0015069559999574267
159,0,16,0.2028910420194734,0.030348187019626494,2677.552807004,2677.725349859,2677.55290889,2677.557123488,2677.723836471,2677.723845251,0.1725428549998469,0.004214598000089609,0.16671298300025228,0.0015046079997773631
160,0,16,0.1956937079958152,0.023973803995886556,2677.851397691,2678.023117595,2677.851502333,2677.855737553,2678.021621767,2678.021630853,0.17171990399992865,0.004235219999827677,0.16588421400001607,0.0014867419999973208
161,0,16,0.1863955410080962,0.014899521007919247,2678.157760927,2678.329256947,2678.157863936,2678.162036982,2678.327690676,2678.32769966,0.17149602000017694,0.004173045999777969,0.16565369400041163,0.0015572870001960837
162,1,16,0.20435558399185538,0.02363661599201805,2678.450098271,2678.630817239,2678.450237216,2678.454413938,2678.6292965,2678.629305586,0.18071896799983733,0.004176722000011068,0.17488256199976604,0.001511652999852231
163,0,16,0.19094820800819434,0.021717675007948856,2678.771189882,2678.940420415,2678.771294933,2678.77550708,2678.938987474,2678.938996356,0.1692305330002455,0.004212147000089317,0.1634803940000893,0.0014240589998735231
164,2,16,0.2183074159838725,0.023072216984019178,2679.071402479,2679.266637678,2679.071507428,2679.075713449,2679.265032,2679.265040882,0.1952351989998533,0.00420602099984535,0.18931855099981476,0.001596795999830647
165,0,16,0.20921404199907556,0.0403910539989738,2679.418916,2679.587738988,2679.419034323,2679.423254535,2679.586277156,2679.586286038,0.16882298800010176,0.0042202120002912125,0.16302262099998188,0.0014529500003845897
166,1,16,0.21336262501426972,0.026825323014236346,2679.715287038,2679.90182434,2679.715389843,2679.719685908,2679.90023316,2679.90024245,0.18653730200003338,0.004296064999834925,0.18054725199999666,0.0015818900001249858
167,0,16,0.18746558300335892,0.01826322800343405,2680.040330262,2680.209532617,2680.040451443,2680.04488482,2680.208059657,2680.208068131,0.16920235499992486,0.004433376999713801,0.16317483700004232,0.0014644860002590576
168,0,16,0.1874782080121804,0.017048930012151686,2680.338624988,2680.509054266,2680.338725751,2680.343406391,2680.507473703,2680.507482482,0.17042927800002872,0.004680640000060521,0.16406731200004288,0.0015717840001343575
169,1,16,0.19631245898199268,0.017326066982150223,2680.635589579,2680.814575971,2680.635729035,2680.640357098,2680.812954673,2680.812963555,0.17898639199984245,0.0046280629999273515,0.17259757500005435,0.0016124160001709242
170,0,16,0.19419320800807327,0.024868344008154963,2680.949765384,2681.119090248,2680.949868087,2680.954300341,2681.117591561,2681.117600749,0.1693248639999183,0.0044322539997665444,0.16329122000024654,0.0014894989999447716
171,0,16,0.20818912499817088,0.02162609599827192,2681.254440147,2681.441003176,2681.254558367,2681.258848512,2681.439371568,2681.439380143,0.18656302899989896,0.00429014500014091,0.1805230559998563,0.0016230329997597437
172,0,16,0.18924620898906142,0.02098116198931166,2681.573159892,2681.741424939,2681.573264331,2681.577572034,2681.739993685,2681.740002252,0.16826504699974976,0.0043077029999949445,0.1624216510003862,0.0014226869998310576
173,2,16,0.21198870800435543,0.022026494004421693,2681.869333949,2682.059296163,2681.869455311,2681.873938048,2682.057800456,2682.057809634,0.18996221399993374,0.00448273700021673,0.18386240800009546,0.0014865289999761444
174,0,16,0.18430308398092166,0.015818541980934242,2682.183708424,2682.352192966,2682.183812652,2682.188108962,2682.350753554,2682.35076263,0.1684845419999874,0.004296309999972436,0.16264459200010606,0.0014303359998848464
175,0,16,0.18745304198819213,0.01898308398858717,2682.475720101,2682.644190059,2682.475842687,2682.48015256,2682.642774002,2682.642782569,0.16846995799960496,0.00430987300023844,0.16262144199981776,0.0014074900000196067
176,0,16,0.21594391702092253,0.02209955302078015,2682.77912347,2682.972967834,2682.77922831,2682.783781009,2682.97143276,2682.971441531,0.19384436400014238,0.0045526990002144885,0.18765175099997577,0.001526302999991458
177,0,16,0.1864801250048913,0.01769941900511185,2683.104503114,2683.27328382,2683.104625394,2683.109058669,2683.271880306,2683.271889587,0.16878070599977946,0.004433275000337744,0.1628216369999791,0.0013942330001555092
178,0,16,0.20048104200395755,0.02403057700394129,2683.399113668,2683.575564133,2683.399216264,2683.403691557,2683.574019167,2683.574028039,0.17645046500001627,0.0044752929998139734,0.17032761000018581,0.001536094000130106
179,0,16,0.20177116600098088,0.024493401000654558,2683.713035331,2683.890313096,2683.713155163,2683.717655544,2683.888483184,2683.888491853,0.17727776500032633,0.0045003810000707745,0.17082763999997042,0.0018212430004496127
180,0,16,0.1927673330064863,0.020405537006809027,2684.019650606,2684.192012402,2684.0197531,2684.024342208,2684.190583902,2684.190592877,0.17236179599967727,0.0045891079998909845,0.16624169400029132,0.0014195249996191706
181,2,16,0.2073553750233259,0.013243607023014192,2684.317434617,2684.511546385,2684.317559651,2684.322004858,2684.509935435,2684.509944002,0.1941117680003117,0.00444520700011708,0.18793057699986093,0.0016023830003177864
182,0,16,0.18522037501679733,0.014036502016551822,2684.63591775,2684.807101623,2684.636021163,2684.640474121,2684.805616828,2684.805625599,0.1711838730002455,0.004452958000001672,0.16514270700008638,0.0014760240001123748
183,0,16,0.19733145801001228,0.02773732301011478,2684.938142584,2685.107736719,2684.938265067,2684.942815319,2685.106261816,2685.106270791,0.1695941349998975,0.004550252000171895,0.163446496999768,0.0014659280000159924
184,0,16,0.18933441600529477,0.01896978600507282,2685.240322748,2685.410687378,2685.2404282,2685.245086351,2685.40920299,2685.409212067,0.17036463000022195,0.0046581509996030945,0.1641166389999853,0.0014753109999219305
185,0,16,0.19775979200494476,0.02786775900494831,2685.548628827,2685.71852086,2685.548749271,2685.553360407,2685.717006897,2685.717016076,0.16989203299999645,0.00461113600022145,0.1636464899997918,0.001504783999735082
186,1,16,0.1962485420226585,0.01843729502252245,2685.851195615,2686.029006862,2685.851298416,2685.855835715,2686.027424672,2686.027433442,0.17781124700013606,0.00453729899982136,0.17158895700003995,0.0015734200001134013
187,0,16,0.1979759579990059,0.016263081999113638,2686.154999784,2686.33671266,2686.155122064,2686.159740339,2686.335143931,2686.335152906,0.18171287599989228,0.0046182750002117245,0.17540359199983868,0.0015597540000271692
188,0,16,0.1901797080063261,0.016598990006059466,2686.46332524,2686.636905958,2686.463428143,2686.467988593,2686.635345694,2686.635354771,0.17358071800026664,0.004560450000099081,0.16735710100010692,0.001551187000131904
189,0,16,0.18687816598685458,0.01651200598644209,2686.761354729,2686.931720889,2686.761459467,2686.766373906,2686.930184795,2686.930193974,0.1703661600004125,0.004914439000003767,0.1638108890001604,0.001526915000340523
190,0,16,0.19419041700894013,0.021355310008857487,2687.063579665,2687.236414772,2687.063700414,2687.068256275,2687.234938033,2687.234947008,0.17283510700008264,0.004555860999971628,0.1666817580003226,0.001467764000153693
191,0,16,0.19485116697615013,0.020920845976434066,2687.36162955,2687.535559871,2687.361756827,2687.367212703,2687.534100266,2687.534109241,0.17393032099971606,0.005455875999814452,0.16688756300027308,0.001450629999908415
192,0,16,0.19535162500687875,0.014841251007055689,2687.661781443,2687.842291817,2687.661884753,2687.666505884,2687.840720946,2687.840729615,0.18051037399982306,0.004621131000021705,0.1742150620002576,0.0015622020000591874
193,1,16,0.2005176670209039,0.02052690502114274,2687.96808903,2688.148079792,2687.968213553,2687.972782672,2688.146532786,2688.146541353,0.17999076199976116,0.00456911899982515,0.1737501140000859,0.0015384389998871484
194,4,16,0.2406396250007674,0.014966753000408062,2688.274315029,2688.499987901,2688.274419461,2688.278964716,2688.498254365,2688.498263442,0.22567287200035935,0.004545254999811732,0.21928964900007486,0.0017244590003429039
195,0,16,0.19670658302493393,0.024437083024622552,2688.627561382,2688.799830882,2688.627666018,2688.632266548,2688.798283162,2688.798291831,0.17226950000031138,0.0046005300000615534,0.16601661400000012,0.0015390510002362134
196,0,16,0.19538716701208614,0.022518405011851428,2688.932415891,2689.105284653,2688.932519711,2688.937221818,2689.103719086,2689.103728468,0.1728687620002347,0.004702106999957323,0.16649726800005737,0.001556185000026744
197,0,16,0.19012320900219493,0.017463005001900456,2689.233939375,2689.406599579,2689.23404136,2689.238778345,2689.404991892,2689.405000969,0.17266020400029447,0.0047369849999086,0.1662135470000976,0.0015986100002010062
198,0,16,0.19287075000465848,0.01916744600475795,2689.5341392,2689.707842504,2689.534241083,2689.539164293,2689.706311611,2689.70632079,0.17370330399990053,0.004923210000015388,0.16714731799993388,0.001521713999864005
199,0,16,0.19462970798485912,0.021562585985066107,2689.840579266,2690.013646388,2689.840678497,2689.845329305,2690.012071031,2690.012080005,0.17306712199979302,0.004650807999951212,0.16674172599960002,0.0015663829999539303
200,2,16,0.2587258749990724,0.033212981998985924,2690.161046613,2690.386559506,2690.161168689,2690.165887725,2690.384816776,2690.384825578,0.22551289300008648,0.004719036000096821,0.2189290510000319,0.0017339280002488522
201,0,16,0.19260275000124238,0.019484890000967425,2690.516715241,2690.689833101,2690.516818103,2690.521477017,2690.688319024,2690.688327928,0.17311786000027496,0.0046589140001742635,0.16684200700001384,0.0015051730001687247
202,0,16,0.19401412500883453,0.01937205400872699,2690.81996417,2690.994606241,2690.82006867,2690.824758187,2690.993085203,2690.993093698,0.17464207100010753,0.004689516999860643,0.16832701600014843,0.0015125429999898188
203,0,16,0.19749191700248048,0.026814103002379852,2691.137613675,2691.308291489,2691.137718278,2691.1424124,2691.306807093,2691.306815895,0.17067781400010062,0.00469412199981889,0.1643946929998492,0.0014755940001123236
204,1,16,0.20942862500669435,0.021818482006892737,2691.436790776,2691.624400919,2691.436896095,2691.441627473,2691.622861356,2691.622870158,0.1876101429998016,0.004731378000087716,0.18123388300000443,0.0015307610001400462
205,3,16,0.21573383299983107,0.019448318999820913,2691.760603345,2691.956888859,2691.76072985,2691.765635225,2691.955182156,2691.955190959,0.19628551400001015,0.004905374999907508,0.18954693099976794,0.0016979000001811073
206,0,16,0.21497591599472798,0.04530400699468373,2692.112992099,2692.282664008,2692.113097828,2692.117881303,2692.281138057,2692.281146757,0.16967190900004425,0.004783475000294857,0.16325675400003092,0.001517251000223041
207,0,16,0.18684962499537505,0.016746716995385214,2692.410083594,2692.580186502,2692.410224838,2692.415046285,2692.578606715,2692.578615517,0.17010290799998984,0.004821446999812906,0.1635604300004161,0.001570984999943903
208,0,16,0.18704658400383778,0.01702207600374095,2692.709255065,2692.879279573,2692.709357519,2692.714199129,2692.87771872,2692.877728034,0.17002450800009683,0.00484160999985761,0.16351959099984015,0.0015515390000473417
209,3,16,0.219954833999509,0.014950961999602441,2693.009094069,2693.214097941,2693.009196932,2693.014082246,2693.212362274,2693.212370769,0.20500387199990655,0.004885313999693608,0.1982800280002266,0.001727172000300925
210,0,16,0.29772112501086667,0.12336225901071884,2693.41219384,2693.586552706,2693.412315228,2693.417424076,2693.585024606,2693.585033613,0.17435886600014783,0.005108847999963473,0.16760053000007247,0.0015190929998425418
211,2,16,0.29339133301982656,0.08862061701984203,2693.793523252,2693.998293968,2693.793628878,2693.799055526,2693.996544893,2693.996553592,0.20477071599998453,0.005426647999684064,0.19748936700034392,0.001740375999816024
212,0,16,0.2439159589994233,0.07302760899938221,2694.186731108,2694.357619458,2694.18683612,2694.192037801,2694.3561106,2694.356119504,0.1708883500000411,0.005201681000016833,0.1640727990002233,0.001499953999882564
213,0,16,0.27517004098626785,0.10240457398640501,2694.602709905,2694.775475372,2694.602811437,2694.607597983,2694.773928234,2694.773937958,0.17276546699986284,0.004786545999650116,0.16633025100009036,0.001537414000267745
214,0,16,0.19312687500496395,0.021713261005061213,2694.906019631,2695.077433245,2694.906124438,2694.912045749,2695.075838924,2695.075847624,0.17141361399990274,0.00592131099983817,0.16379317500013713,0.0015856210002311855
215,0,16,0.214159875002224,0.042958229002124426,2695.231725693,2695.402927339,2695.231828453,2695.236860948,2695.401294534,2695.401303438,0.17120164600009957,0.005032494999795745,0.1644335860000865,0.0016239010001299903
216,0,16,0.1851416249992326,0.013287695999224525,2695.535005941,2695.70685987,2695.535109213,2695.541418843,2695.705340367,2695.705349272,0.17185392900000807,0.0063096300000324845,0.16392152400021587,0.001510597999640595
217,0,16,0.19033762498293072,0.017659361982623523,2695.832040938,2696.004719201,2695.832162121,2695.837043239,2696.003229483,2696.003238592,0.1726782630003072,0.004881118000412243,0.16618624399961845,0.0014806090002821293
218,0,16,0.2047744169831276,0.034546844982742186,2696.141539724,2696.311767296,2696.141661931,2696.146651131,2696.310033982,2696.310042887,0.1702275720003854,0.0049892000001818815,0.16338285099982386,0.0017244090004169266
219,0,16,0.18811854100204073,0.01845584400189182,2696.446880809,2696.616543506,2696.447004449,2696.451935924,2696.61501254,2696.615021342,0.1696626970001489,0.004931474999921193,0.1630766160001258,0.0015221640001072956
220,2,16,0.23990158300148323,0.02322704000152953,2696.748808797,2696.96548334,2696.748913195,2696.753866367,2696.963746444,2696.963755349,0.2166745429999537,0.004953171999659389,0.20988007700043454,0.0017279909998251242
221,0,16,0.22837395902024582,0.031939319020239054,2697.111732229,2697.308166869,2697.111832636,2697.11696697,2697.306517483,2697.306526388,0.19643464000000677,0.005134333999649243,0.18955051300008563,0.0016404810003223247
222,3,16,0.21262162498896942,0.014984770989030949,2697.438522598,2697.636159452,2697.438626893,2697.443687125,2697.634423477,2697.634432484,0.19763685399993847,0.005060231999777898,0.19073635199993078,0.0017269679997298226
223,0,16,0.18660558300325647,0.01691658200297752,2697.762381532,2697.932070533,2697.762485008,2697.767651992,2697.930498729,2697.930508043,0.16968900100027895,0.005166983999970398,0.162846737000109,0.0015624900001967035
224,0,16,0.19059508299687877,0.019925251996937732,2698.061577669,2698.2322475,2698.061681146,2698.066611188,2698.230678869,2698.230687466,0.17066983099994104,0.004930042000069079,0.16406768099977853,0.0015600340002492885
225,4,16,0.2209042910253629,0.018501433025448932,2698.358649308,2698.561052166,2698.358752785,2698.364949419,2698.559310092,2698.559318906,0.20240285799991398,0.00619663399993442,0.19436067300011928,0.0017332600000372622
226,0,16,0.18708000000333413,0.016863429003024066,2698.693755212,2698.863971783,2698.693859237,2698.698884482,2698.862372063,2698.862380979,0.17021657100031007,0.005025244999615097,0.1634875810000267,0.001590803999988566
227,0,16,0.19532816600985825,0.024923634009610396,2699.000762625,2699.171167157,2699.000866547,2699.005910753,2699.169549399,2699.169558521,0.17040453200024785,0.005044206000093254,0.16363864599998124,0.0016086360001281719
228,0,16,0.19053304198314436,0.019415508983001928,2699.302421857,2699.47353939,2699.302527931,2699.307608314,2699.471983945,2699.471993168,0.17111753300014243,0.0050803829999495065,0.16437563099998442,0.0015462219998880755
229,0,16,0.18637437501456589,0.0157098340146149,2699.604185932,2699.774850473,2699.604291288,2699.609420661,2699.773323416,2699.77333223,0.170664540999951,0.005129373000272608,0.16390275499998097,0.0015182429997366853
230,0,16,0.1907046669803094,0.020359987980100414,2699.9077629,2700.078107579,2699.907867846,2699.912956634,2700.076559615,2700.076568121,0.170344679000209,0.005088787999738997,0.16360298100016735,0.0015394580000247515
231,0,16,0.18815820800955407,0.017171038009564654,2700.211494008,2700.382481178,2700.211598135,2700.216612312,2700.380889247,2700.380898061,0.17098716999998942,0.00501417700024831,0.164276935000089,0.001583116999881895
232,0,16,0.19012808299157768,0.01875207799139389,2700.515089219,2700.686465224,2700.515192116,2700.520413931,2700.684929764,2700.684938578,0.1713760050001838,0.005221814999913477,0.1645158330002232,0.0015266460000020743
233,0,16,0.18362312501994893,0.014044127020042652,2700.814663147,2700.984242145,2700.814786541,2700.819963365,2700.982695309,2700.982704533,0.16957899799990628,0.005176824000045599,0.16273194399991553,0.001537611999992805
234,0,16,0.19610620799358003,0.01750907099358301,2701.112611631,2701.291208768,2701.11271422,2701.117876593,2701.28951722,2701.289526342,0.17859713699999702,0.005162373000075604,0.17164062700021532,0.001682426000115811
235,0,16,0.1894462499767542,0.019249561976721452,2701.424031724,2701.594228412,2701.424154914,2701.429379086,2701.592478754,2701.59248849,0.17019668800003274,0.005224171999998362,0.1630996679996315,0.0017399220000697824
236,3,16,0.21525429200846702,0.016423144008058443,2701.725613885,2701.924445033,2701.725716987,2701.732962204,2701.922780951,2701.922790072,0.19883114800040858,0.007245217000217963,0.18981874699966284,0.001654960999985633
237,0,16,0.19136241599335335,0.019941110993386246,2702.050107221,2702.221528526,2702.050303586,2702.056051365,2702.219936698,2702.219945409,0.1714213049999671,0.00574777899964829,0.16388533300005292,0.001583116999881895
238,1,16,0.2006460840057116,0.02095848500584907,2702.359687776,2702.539375375,2702.359791288,2702.365134858,2702.537747984,2702.537757105,0.17968759899986253,0.005343570000150066,0.1726131259997601,0.0016182700001081685
239,2,16,0.2039769580005668,0.01494910300061747,2702.667460254,2702.856488109,2702.667563049,2702.673006749,2702.85487066,2702.854879063,0.18902785499994934,0.005443699999887031,0.18186391100016408,0.0016090459998849838
240,0,16,0.19411037498502992,0.02341314098521252,2702.986185314,2703.156882548,2702.986288211,2702.991849361,2703.15529113,2703.155300149,0.1706972339998174,0.005561149999721238,0.16344176900020102,0.0015823989997443277
241,1,16,0.19821158298873343,0.019873634988471167,2703.287035205,2703.465373153,2703.287157882,2703.292337268,2703.463818323,2703.463827752,0.17833794800026226,0.0051793860002362635,0.171481054999731,0.0015454010003850271
242,0,16,0.1887687919952441,0.01690689499491782,2703.594848371,2703.766710268,2703.594950448,2703.600564789,2703.765117005,2703.765146931,0.17186189700032628,0.005614341000182321,0.16455221599971992,0.0015633370003342861
243,1,16,0.19599579100031406,0.017386765000537707,2703.894442182,2704.073051208,2703.894544566,2703.899887521,2704.071408956,2704.071417565,0.17860902599977635,0.0053429549998327275,0.17152143500015882,0.0016336429998773383
244,0,16,0.19096729200100526,0.016645605001031072,2704.198022942,2704.372344629,2704.198125941,2704.204854213,2704.370723182,2704.370732303,0.1743216869999742,0.006728272000145807,0.16586896899980275,0.0016123260002132156
245,0,16,0.18907854199642316,0.018517000996325805,2704.503808505,2704.674370046,2704.503927184,2704.509175852,2704.672773196,2704.672781907,0.17056154100009735,0.005248668000149337,0.16359734399975423,0.001588138999977673
246,0,16,0.19445179202011786,0.02344197301999884,2704.811530355,2704.982540174,2704.811630689,2704.816947613,2704.980879885,2704.980888391,0.17100981900011902,0.005316923999998835,0.16393227199978355,0.0016517829999429523
247,0,16,0.18845841701840982,0.014962673018544592,2705.111129802,2705.284625546,2705.111235158,2705.116728359,2705.283017218,2705.283025826,0.17349574399986523,0.005493200999808323,0.1662888590003604,0.0015997199998309952
248,0,16,0.18776574998628348,0.01751730598653012,2705.410733348,2705.580981792,2705.410835528,2705.416070257,2705.579414663,2705.579423477,0.17024844399975336,0.005234728999766958,0.16334440600030575,0.0015583149997837609
249,0,16,0.18479033399489708,0.013561601994751982,2705.70396456,2705.875193292,2705.704071147,2705.709412667,2705.8736936,2705.873702619,0.1712287320001451,0.005341520000001765,0.16428093300010005,0.0014906729998074297
250,0,16,0.22186420898651704,0.050779368986241025,2706.038576644,2706.209661484,2706.038679336,2706.044240281,2706.208148673,2706.20815759,0.17108484000027602,0.005560945000070205,0.16390839199993934,0.0015038940000522416
251,0,16,0.1867105000128504,0.01585165001279165,2706.33439473,2706.50525358,2706.334518432,2706.34034943,2706.503679716,2706.503688499,0.17085885000005874,0.005830997999964893,0.16333028600001853,0.0015650810000806814
252,0,16,0.18626258400036022,0.016935246000684856,2706.632842718,2706.802170056,2706.632947805,2706.63846394,2706.800667884,2706.800676973,0.16932733799967536,0.005516134999652422,0.1622039440003391,0.0014930829997865658
253,0,16,0.18879145800019614,0.01814781600023707,2706.931491761,2707.102135403,2706.9315945,2706.937237679,2707.100632822,2707.100641605,0.17064364199995907,0.005643179000344389,0.16339514299988878,0.0014937979999558593
254,1,16,0.21132591599598527,0.02352948999578075,2707.229964025,2707.417760451,2707.230067683,2707.235918076,2707.416139404,2707.416148187,0.18779642600020452,0.0058503929999460524,0.18022132800024337,0.0016122639999593957
255,0,16,0.23033633301383816,0.03441884401399875,2707.552969111,2707.7488866,2707.553071135,2707.558804797,2707.747184363,2707.74719335,0.1959174889998394,0.00573366199978409,0.1883795660000942,0.0016932499997892592
256,1,16,0.20570258298539557,0.01794629298547079,2707.892444473,2708.080200763,2707.892551296,2707.89815771,2708.078475446,2708.078484126,0.18775628999992477,0.0056064139998852625,0.1803177360002337,0.0017166369998449227
257,0,16,0.18949758299277164,0.019320249992688332,2708.20931597,2708.379493303,2708.209418708,2708.21507353,2708.377915762,2708.377924953,0.1701773330000833,0.005654821999996784,0.1628422320000027,0.0015683500000704953
258,1,16,0.2123614999873098,0.0331909469873608,2708.524224502,2708.703395055,2708.524331121,2708.529917008,2708.70176257,2708.701771966,0.179170552999949,0.0055858870000520255,0.1718455619998167,0.001623089000077016
259,0,16,0.19352862497908063,0.021902939979099756,2708.841020528,2709.012646213,2708.841143283,2708.84817844,2709.011121573,2709.01113005,0.17162568499998088,0.0070351570002458175,0.16294313299977148,0.0015161630003603932
260,3,16,0.21585533299366944,0.015291108993551461,2709.137649621,2709.338213845,2709.137773602,2709.143377054,2709.336517532,2709.336526927,0.20056422400011797,0.005603452000286779,0.19314047799980472,0.001686918000359583
261,0,16,0.18751962497481145,0.016368825974950596,2709.466840379,2709.637991178,2709.466976308,2709.472872147,2709.636384122,2709.636392497,0.17115079899986085,0.005895839000004344,0.16351197499989212,0.0015986809999049
262,0,16,0.18624075001571327,0.016049425015808083,2709.765298549,2709.935489874,2709.765417424,2709.770911295,2709.933931839,2709.933940622,0.1701913249999052,0.005493870999998762,0.16302054399966437,0.001549251999676926
263,0,16,0.18489816700457595,0.015335122004671575,2710.061728496,2710.231291541,2710.061831643,2710.067397207,2710.229759753,2710.229768638,0.16956304499990438,0.005565563999880396,0.16236254600016764,0.001522902999568032
264,0,16,0.19371595900156535,0.0231874140013133,2710.360234972,2710.530763517,2710.36035497,2710.36594872,2710.529248784,2710.529257566,0.17052854500025205,0.005593749999661668,0.16330006400039565,0.0015059510001265153
265,0,16,0.1888479999906849,0.019281788991065696,2710.668913407,2710.838479618,2710.669017371,2710.674517472,2710.836960391,2710.836969174,0.16956621099961922,0.005500101000052382,0.16244291900011376,0.0015104439999049646
266,0,16,0.19836129099712707,0.018405183996947017,2710.959713145,2711.139669252,2710.959819049,2710.965495113,2711.137992853,2711.138001533,0.17995610700018005,0.0056760639999993145,0.17249773999992613,0.0016677190001246345
267,0,16,0.19661629098118283,0.01773842998090913,2711.270192572,2711.449070433,2711.270296128,2711.276016106,2711.447432535,2711.447441522,0.1788778610002737,0.005719977999888215,0.1714164290001463,0.0016289109998979256
268,0,16,0.18945187499048188,0.018875227990520216,2711.574737353,2711.745314,2711.57484336,2711.580580087,2711.743660681,2711.743669566,0.17057664699996167,0.005736726999657549,0.16308059400034836,0.0016444339998997748
269,0,16,0.19431516699842177,0.02372463099845845,2711.877389534,2712.04798007,2711.877494724,2711.883271075,2712.046211961,2712.046220948,0.17059053599996332,0.00577635099989493,0.1629408860003423,0.001759121999839408
270,2,16,0.21291529200971127,0.017501182009709737,2712.184059456,2712.379473566,2712.184180781,2712.189686193,2712.377756725,2712.377765916,0.19541411000000153,0.005505411999820353,0.18807053199998336,0.0017076499998438521
271,6,16,0.25264991700532846,0.016854350005360175,2712.509847578,2712.745643145,2712.509952257,2712.51572769,2712.743743192,2712.743751873,0.2357955669999683,0.005775433000053454,0.22801550199983467,0.0018912720001935668
272,0,16,0.19878254100331105,0.025387215003320307,2712.871777292,2713.045172618,2712.87188381,2712.877601337,2713.043613868,2713.043622651,0.17339532599999075,0.00571752700034267,0.16601253099997848,0.0015499669998462196
273,0,16,0.19683879197691567,0.023226550977142324,2713.185901701,2713.359513942,2713.186004542,2713.191780485,2713.357962137,2713.357971022,0.17361224099977335,0.005775943000116968,0.16618165199997748,0.0015429199997925025
274,2,16,0.21015837500453927,0.01748675700446256,2713.48844767,2713.681119288,2713.488572877,2713.494281723,2713.679412353,2713.67942134,0.1926716180000767,0.005708845999834011,0.1851306300000033,0.0016979480001282354
275,0,16,0.19925829200656153,0.025921893006398022,2713.813598424,2713.986934823,2713.81370198,2713.819489259,2713.98530438,2713.98531347,0.1733363990001635,0.005787278999832779,0.16581512099992324,0.0016213529997912701
276,1,16,0.2020138340012636,0.022271783001087897,2714.125093393,2714.304835444,2714.12519746,2714.131050916,2714.30316507,2714.303173955,0.1797420510001757,0.005853455999840662,0.1721141540001554,0.0016614890000710147
277,0,16,0.19101520802360028,0.019267380023393343,2714.435114683,2714.606862511,2714.435219056,2714.441013382,2714.605270877,2714.605279762,0.17174782800020694,0.005794326000341243,0.16425749499967424,0.0015827490001356637
278,0,16,0.18760295899119228,0.0162525029909375,2714.735748445,2714.907098901,2714.735870588,2714.741660828,2714.905506653,2714.905515436,0.17135045600025478,0.005790239999896585,0.16384582499995304,0.0015834650002943818
279,1,16,0.19904174999101087,0.01991500799113055,2715.030180602,2715.209307344,2715.030286915,2715.036184184,2715.207625532,2715.207634519,0.17912674199988032,0.005897268999888183,0.17144134799991662,0.0016728250002415734
280,0,16,0.19319066699245013,0.020710732992483827,2715.340351465,2715.512831399,2715.340453481,2715.34621506,2715.511244661,2715.5112534,0.1724799339999663,0.00576157899968166,0.1650296010002421,0.0015779989998918609
281,2,16,0.21155862498562783,0.020615687985809927,2715.641307193,2715.83225013,2715.641409615,2715.647199848,2715.830556092,2715.830565135,0.1909429369998179,0.005790232999970613,0.18335624399969674,0.0016849949997777003
282,0,16,0.19254770799307153,0.018025620992830227,2715.956592438,2716.131114525,2715.956692727,2715.962814715,2716.129543638,2716.129552682,0.1745220870002413,0.006121988000359124,0.1667289229999369,0.0015618430002177774
283,0,16,0.19605258398223668,0.0235691949824286,2716.267934208,2716.440417597,2716.268037342,2716.273871571,2716.438871909,2716.438880749,0.17248338899980808,0.005834229000356572,0.1650003380000271,0.0015368479998869589
284,0,16,0.2003347499994561,0.018559451999863086,2716.565505111,2716.747280409,2716.565607229,2716.571528945,2716.74561096,2716.7456198,0.18177529799959302,0.005921716000102606,0.17408201499983988,0.001660608999827673
285,0,16,0.19639254102366976,0.022504194023440505,2716.882249168,2717.056137515,2716.882351083,2716.888241909,2717.054576485,2717.054585528,0.17388834700022926,0.0058908260002681345,0.16633457599982648,0.0015519869998570357
286,0,16,0.20153300001402386,0.019818770013898757,2717.185391741,2717.367105971,2717.185495078,2717.191385701,2717.365506125,2717.365514864,0.1817142300001251,0.005890623000141204,0.17412042400019345,0.001591106999967451
287,0,16,0.19451737502822652,0.020492260028277087,2717.496654357,2717.670679472,2717.49675617,2717.502705829,2717.669022115,2717.669031158,0.17402511499994944,0.005949659000179963,0.16631628599998294,0.0016483139997944818
288,1,16,0.20226933399681002,0.02005355799656172,2717.795665071,2717.977880847,2717.795770339,2717.801856967,2717.976193515,2717.976202355,0.1822157760002483,0.006086628000048222,0.17433654800015574,0.0016784919998826808
289,3,16,0.21938500000396743,0.01841571900422423,2718.108864877,2718.309834158,2718.108986098,2718.114866763,2718.308052532,2718.308061576,0.2009692809997432,0.0058806649999496585,0.19318576900013795,0.001772581999830436
290,0,16,0.1912470000097528,0.01565404700977524,2718.436439925,2718.612032878,2718.436565617,2718.442444554,2718.610238653,2718.610247493,0.17559295299997757,0.005878937000034057,0.1677940990002753,0.0017853849999482918
291,0,16,0.19374754099408165,0.0203939649941276,2718.739528645,2718.912882221,2718.739632897,2718.745958206,2718.911325254,2718.911333993,0.17335357599995405,0.006325309000203561,0.16536704800000734,0.0015482280000469473
292,0,16,0.19936204099212773,0.02578177499208323,2719.042683717,2719.216263983,2719.042804836,2719.048593341,2719.214688016,2719.214696958,0.1735802660000445,0.005788505000055011,0.1660946749998402,0.0015670249999857333
293,0,16,0.19464520900510252,0.021211057005075418,2719.343824679,2719.517258831,2719.343928728,2719.349877471,2719.515590602,2719.515599544,0.1734341520000271,0.005948743000317336,0.16571313099984764,0.0016592870001659321
294,0,16,0.19010329199954867,0.0194209359992783,2719.644889841,2719.815572197,2719.645049571,2719.650993743,2719.813996534,2719.814005476,0.17068235600027037,0.005944171999999526,0.16300279100005355,0.0015667210000174236
295,3,16,0.237243750016205,0.019172428016645426,2719.94590623,2720.163977552,2719.946026129,2719.952073841,2720.162154977,2720.162164224,0.2180713219995596,0.006047712000054162,0.21008113599964418,0.0018133279995709017
296,2,16,0.27570808300515637,0.08424327900502249,2720.347231881,2720.538696685,2720.347339587,2720.353385063,2720.536930606,2720.536939548,0.19146480400013388,0.006045476000053895,0.18354554300003656,0.0017571369999132003
297,0,16,0.19621066600666381,0.02246447100651494,2720.681320318,2720.855066513,2720.681439709,2720.687494635,2720.853422873,2720.853431612,0.17374619500014887,0.006054925999706029,0.16592823800010592,0.0016349010002159048
298,0,16,0.19176816701656207,0.017483135016391316,2720.981200811,2721.155485843,2720.981318374,2720.987560769,2721.153800747,2721.153809688,0.17428503200017076,0.006242395000299439,0.16623997799979406,0.0016761550000410352
299,0,16,0.19085758298751898,0.016268839987333195,2721.284514394,2721.459103137,2721.284649331,2721.290790727,2721.45746722,2721.457476263,0.1745887430001858,0.006141396000202803,0.16667649300006815,0.0016268740000668913
300,0,16,0.19242687500081956,0.019001868000486866,2721.58137474,2721.754799747,2721.581478585,2721.587538998,2721.753171044,2721.753179681,0.1734250070003327,0.006060413000341214,0.1656320459997005,0.0016200660002141376
301,2,16,0.21144079099758528,0.020240069997726096,2721.884511318,2722.075712039,2721.884614859,2721.890740302,2722.074057121,2722.074066875,0.19120072099985919,0.006125442999746156,0.18331681900008334,0.0016451639999104373
302,0,16,0.1935197499988135,0.018478334998690116,2722.199880188,2722.374921603,2722.19998383,2722.206447431,2722.373309564,2722.373318404,0.17504141500012338,0.006463601000177732,0.16686213299999508,0.0016031989998737117
303,0,16,0.19840608298545703,0.023373811985493376,2722.500953275,2722.675985546,2722.501056917,2722.507533321,2722.674393321,2722.674402161,0.17503227099996366,0.006476404000295588,0.16685999999981505,0.0015833849997761718
304,0,16,0.19836574999499135,0.0171313219948388,2722.801935219,2722.983169647,2722.802051968,2722.808146522,2722.981544501,2722.981553646,0.18123442800015255,0.006094553999901109,0.17339797900012854,0.001616001000002143
305,0,16,0.19582649998483248,0.02153216798478752,2723.1111442,2723.285438532,2723.111266944,2723.117454471,2723.283896603,2723.283905339,0.17429433200004496,0.006187527000292903,0.16644213199970181,0.0015331930003412708
306,0,16,0.19344416598323733,0.017113532983330515,2723.415874692,2723.592205325,2723.415979933,2723.422556695,2723.590596695,2723.590605739,0.1763306329999068,0.006576761999895098,0.16804000000001906,0.0015995860003386042
307,0,16,0.19241012498969212,0.01762039298955642,2723.722559162,2723.897348894,2723.722695441,2723.728915061,2723.895650027,2723.895658558,0.1747897320001357,0.006219620000138093,0.16673496600014914,0.0016903360001379042
308,0,16,0.1905349160078913,0.015664095008105505,2724.027066247,2724.201937068,2724.027169124,2724.033441364,2724.200281367,2724.200292466,0.1748708209997858,0.00627223999981652,0.16684000300028856,0.0016446019999420969
309,0,16,0.2307896249985788,0.023220092998599284,2724.335640847,2724.543210379,2724.335744547,2724.342047619,2724.541427648,2724.541437001,0.20756953199997952,0.006303071999809617,0.19938002900016727,0.0017733780000526167
310,3,16,0.24196620800648816,0.039917530006732704,2724.700623985,2724.902672663,2724.700727787,2724.707200027,2724.900937619,2724.900946664,0.20204867799975545,0.006472240000221063,0.19373759200016138,0.0017259989999729441
311,0,16,0.20159304200205952,0.01682727400202566,2725.03315024,2725.217916008,2725.033251679,2725.03980213,2725.216255888,2725.216264727,0.18476576800003386,0.006550451000293833,0.17645375799975227,0.0016512809997948352
312,0,16,0.21068725001532584,0.036762574015028804,2725.347992662,2725.521917338,2725.348097903,2725.356122452,2725.520248893,2725.520258348,0.17392467600029704,0.008024548999856052,0.16412644100000762,0.0016589900001235947
313,0,16,0.21702287497464567,0.03935473097453723,2725.69158858,2725.869256724,2725.69169269,2725.698162669,2725.867567724,2725.867576254,0.17766814400010844,0.006469979000030435,0.16940505499997016,0.0016804699998829165
314,0,16,0.19023091599228792,0.014966980992539902,2726.000880034,2726.176143969,2726.000985995,2726.007411986,2726.174450652,2726.174459593,0.17526393499974802,0.006425991000014619,0.16703866599982575,0.0016843759999574104
315,0,16,0.19237062500906177,0.015467330009414582,2726.300584249,2726.477487544,2726.300704085,2726.306824321,2726.475862572,2726.475871822,0.1769032949996472,0.006120236000242585,0.16903825100007452,0.0016157219997694483
316,0,16,0.20712608401663601,0.013315830016836117,2726.601192471,2726.795002725,2726.601295965,2726.607989993,2726.793215986,2726.793225133,0.1938102539997999,0.006694027999856189,0.18522599300013098,0.0017775920000531187
317,0,16,0.19769324999651872,0.021437332996811165,2726.928227574,2727.104483491,2726.928366012,2726.934916977,2727.102884932,2727.102893874,0.17625591699970755,0.006550964999860298,0.167967955000222,0.0015896169998086407
318,2,16,0.21342120799818076,0.019230686998071178,2727.238933621,2727.433124142,2727.239058184,2727.245798152,2727.431402973,2727.431411709,0.19419052100010958,0.006739968000147201,0.18560482099974251,0.001712433000193414
319,0,16,0.19293358299182728,0.01713871399169875,2727.561958762,2727.737753631,2727.562063078,2727.568429666,2727.73611941,2727.736128557,0.17579486900012853,0.006366588000219053,0.16768974399974468,0.0016250740000032238
320,0,16,0.2000230000121519,0.024501512012193416,2727.871198932,2728.04672042,2727.871300062,2727.877718756,2728.045110556,2728.045119498,0.17552148799995848,0.006418693999876268,0.1673918000001322,0.0016009219998522894
321,0,16,0.19739137502619997,0.02196259002585066,2728.181733139,2728.357161924,2728.181835708,2728.188431175,2728.355469532,2728.355478268,0.1754287850003493,0.006595466999897326,0.16703835699991032,0.0016836560002957413
322,0,16,0.2274136250198353,0.020608223019735306,2728.494067137,2728.700872539,2728.494190672,2728.500609572,2728.698972131,2728.698980969,0.2068054020001,0.006418899999971472,0.19836255900008837,0.0018915700002253288
323,0,16,0.19680083301500417,0.021625182015213795,2728.829451764,2729.004627415,2728.829556183,2728.835977035,2729.002914571,2729.002923409,0.17517565099979038,0.006420851999791921,0.166937536000205,0.0017040060001818347
324,0,16,0.19288200000301003,0.015988778003247717,2729.140264593,2729.317157815,2729.14036932,2729.146806719,2729.315484129,2729.31549307,0.17689322199976232,0.006437398999878496,0.16867741000032765,0.0016647450001983088
325,0,16,0.1983545839902945,0.02086516499002755,2729.451640628,2729.629130047,2729.451746177,2729.458473709,2729.627426658,2729.627435908,0.17748941900026693,0.006727531999786152,0.1689529489999586,0.0016941390003921697
326,0,16,0.18925158301135525,0.014905838011600281,2729.755273613,2729.929619358,2729.755379471,2729.761874732,2729.928011858,2729.928021108,0.17434574499975497,0.00649526099959985,0.16613712600019426,0.0015982499999154243
327,0,16,0.19279929201002233,0.016663108010106953,2730.055777313,2730.231913497,2730.055877724,2730.062334033,2730.230126655,2730.230135802,0.17613618399991537,0.006456308999986504,0.16779262199997902,0.0017776949998733471
328,2,16,0.21460045798448846,0.020064510984411754,2730.364403506,2730.558939453,2730.364508542,2730.371406166,2730.557222395,2730.557231131,0.1945359470000767,0.006897623999975622,0.18581622900001094,0.0017083220000131405
329,0,16,0.20761520799715072,0.03354027499699441,2730.701978263,2730.876053196,2730.702081552,2730.708885651,2730.874469232,2730.874478071,0.1740749330001563,0.006804098999964481,0.16558358100019177,0.0015751250002722372
330,0,16,0.19343820901121944,0.017565540011219127,2731.009087296,2731.184959965,2731.009186782,2731.015767449,2731.183307347,2731.183316494,0.17587266900000031,0.006580666999980167,0.1675398980000864,0.001643471000079444
331,0,16,0.19105354198836721,0.01562198998817621,2731.308884008,2731.48431556,2731.308990072,2731.315542784,2731.482683232,2731.482692141,0.175431552000191,0.0065527120000297145,0.1671404479998273,0.0016234190002251125
332,0,16,0.21731529201497324,0.041756842014819995,2731.641108845,2731.816667295,2731.641230391,2731.648129565,2731.81502698,2731.815035889,0.17555845000015324,0.006899173999954655,0.16689741499976662,0.0016314060003423947
333,0,16,0.19862416700925678,0.022290256009000586,2731.944522675,2732.120856586,2731.944628555,2731.951601557,2732.119148586,2732.11915729,0.1763339110002562,0.0069730019999951764,0.16754702900016127,0.0016992959999697632
334,0,16,0.1912705409922637,0.016175953991933056,2732.251989729,2732.427084316,2732.252113323,2732.259117045,2732.425420962,2732.425429973,0.17509458700033065,0.007003722000263224,0.16630391699982283,0.0016543430001547677
335,0,16,0.19698637502733618,0.019918577027510764,2732.559557133,2732.736624931,2732.559661477,2732.56636466,2732.73497581,2732.734984617,0.17706779799982542,0.006703182999899582,0.1686111499998333,0.0016403139998146798
336,0,16,0.19306520800455473,0.017373230004523066,2732.866943702,2733.04263568,2732.867068832,2732.873959917,2733.040977036,2733.040985842,0.17569197800003167,0.006891085000006569,0.16701711900032024,0.0016498380000484758
337,0,16,0.19427312500192784,0.019603080002070783,2733.17317563,2733.347845675,2733.173278847,2733.179823007,2733.346222153,2733.34623096,0.17467004499985705,0.006544159999975818,0.16639914600000338,0.0016147149999596877
338,0,16,0.19622087499010377,0.020856775990068854,2733.475891515,2733.651255614,2733.476011219,2733.48279161,2733.649659638,2733.649668546,0.1753640990000349,0.006780390999665542,0.16686802799995348,0.0015870679999352433
339,0,16,0.19777658401289955,0.02243501301290962,2733.779299714,2733.954641285,2733.779402317,2733.786322891,2733.953094562,2733.953103573,0.17534157099998993,0.006920574000105262,0.16677167099987855,0.0015377119998447597
340,0,16,0.19259366701589897,0.020215598015965952,2734.095028757,2734.267406826,2734.095151123,2734.102081426,2734.265735279,2734.26574429,0.17237806899993302,0.00693030299999009,0.16365385300014168,0.0016625359999125067
341,0,16,0.18860862500150688,0.0153269960014768,2734.392283957,2734.565565586,2734.39238697,2734.399470869,2734.563990806,2734.564000841,0.17328162900003008,0.007083899000008387,0.16451993700002276,0.0015647449999960372
342,0,16,0.1910330830141902,0.01732056301443663,2734.69761427,2734.87132679,2734.697717487,2734.704875933,2734.869605171,2734.869613875,0.17371251999975357,0.0071584460001759,0.1647292379998362,0.0017129149996435444
343,0,16,0.19030716599081643,0.018597244990814943,2735.001755536,2735.173465457,2735.001860699,2735.008399022,2735.171814493,2735.171823402,0.1717099210000015,0.006538322999858792,0.16341547100000753,0.0016420550000475487
344,3,16,0.2333541249972768,0.027763133997268596,2735.29835928,2735.503950271,2735.298482772,2735.305285077,2735.502153798,2735.502162809,0.20559099100000822,0.006802304999837361,0.19686872100010078,0.0017874620002658048
345,0,16,0.1901247919886373,0.017412700988643337,2735.648847457,2735.821559548,2735.648951493,2735.656208753,2735.819952103,2735.819960909,0.17271209099999396,0.007257260000187671,0.16374335000000428,0.0015986389998943196
346,2,16,0.22441979200812057,0.017391746007888287,2735.948252504,2736.15528055,2735.948357565,2735.95558902,2736.153458683,2736.153467797,0.20702804600023228,0.007231454999782727,0.19786966299989217,0.001812753000194789
347,0,16,0.18979599999147467,0.017833974991390278,2736.284343408,2736.456305433,2736.28444427,2736.291503799,2736.454632351,2736.454671876,0.1719620250000844,0.007059528999889153,0.16312855199976184,0.0016335570003320754
348,0,16,0.1915240419912152,0.019321790990943555,2736.588102934,2736.760305185,2736.588201646,2736.59540228,2736.758687193,2736.758695999,0.17220225100027164,0.007200634000128048,0.16328491299964298,0.001609186000223417
349,0,16,0.18988754201564007,0.01733068701605589,2736.884991959,2737.057548814,2736.885091182,2736.892014317,2737.055878189,2737.0558872,0.17255685499958417,0.006923134999851754,0.16386387200009267,0.0016616139996585844
350,0,16,0.21853583297342993,0.020137488973432482,2737.184498585,2737.382896929,2737.184603031,2737.191474864,2737.381092675,2737.381100969,0.19839834399999745,0.006871833000332117,0.18961781100006192,0.001795959999981278
351,0,16,0.18945200002053753,0.014891214020735788,2737.51239672,2737.686957506,2737.51249963,2737.52143202,2737.685230358,2737.685238959,0.17456078599980174,0.008932389999699808,0.16379833800010601,0.0017185470001095382
352,0,16,0.1954115419939626,0.021118424994256202,2737.817925276,2737.992218393,2737.818025933,2737.824752566,2737.990501894,2737.990510496,0.1742931169997064,0.006726632999743742,0.16574932799994713,0.0017078969999602123
353,0,16,0.2003589579835534,0.020119071983572212,2738.123365974,2738.30360586,2738.123480967,2738.130386489,2738.301828127,2738.301836933,0.1802398859999812,0.00690552200012462,0.17144163800003298,0.001768927000284748
354,0,16,0.2028302089893259,0.03094088698935593,2738.437911296,2738.609800618,2738.438016356,2738.444868836,2738.608130812,2738.608140233,0.17188932199996998,0.006852479999906791,0.16326197600028536,0.001660384999922826
355,0,16,0.20276287500746548,0.030335860007653537,2738.752723774,2738.925150789,2738.752827606,2738.759683772,2738.923492247,2738.923500951,0.17242701499981195,0.006856165999579389,0.16380847500022355,0.0016498380000484758
356,0,16,0.19150454198825173,0.019007281988251634,2739.062347127,2739.234844387,2739.062449013,2739.069257769,2739.233176936,2739.233185743,0.1724972600000001,0.006808756000282301,0.16391916699967624,0.0016586440001447045
357,0,16,0.19140483302180655,0.02026004802155512,2739.367860937,2739.539005722,2739.367965281,2739.374827796,2739.537361943,2739.537370825,0.17114478500025143,0.006862514999738778,0.162534147000315,0.0016348970002582064
358,0,16,0.20122966598137282,0.026457495981503598,2739.676816965,2739.851589135,2739.676922024,2739.683909309,2739.849431803,2739.849443136,0.17477216999986922,0.006987284999922849,0.16552249400001529,0.002145998999822041
359,1,16,0.2002777919988148,0.020526298998902348,2739.982203078,2740.161954571,2739.982305789,2739.989060392,2740.160283123,2740.160292006,0.17975149299991244,0.006754602999990311,0.1712227310003982,0.0016625650000605674
360,0,16,0.19399712499580346,0.022174057995925978,2740.293889561,2740.465712628,2740.293992271,2740.301122493,2740.464123166,2740.46413215,0.17182306699987748,0.007130221999886999,0.16300067299971488,0.001580478000050789
361,5,16,0.22935912499087863,0.017592539990801015,2740.598403858,2740.810170443,2740.598528724,2740.605890607,2740.808347278,2740.808356569,0.2117665850000776,0.007361883000157832,0.20245667099970888,0.0018138740001631959
362,3,16,0.21945333300391212,0.021131021003839123,2740.937692653,2741.136014965,2740.937795159,2740.944818178,2741.134255611,2741.134264494,0.198322312000073,0.0070230189999165304,0.1894374329999664,0.0017504709999229817
363,0,16,0.22118483297526836,0.01847567397499006,2741.269005751,2741.47171491,2741.269105296,2741.276008657,2741.469807106,2741.469815988,0.2027091590002783,0.006903361000240693,0.19379844900004173,0.0018989220002367801
364,0,16,0.18995337499654852,0.01675075899629519,2741.600003366,2741.773205982,2741.600107914,2741.607211795,2741.771433356,2741.771442136,0.17320261600025333,0.0071038809996935015,0.1642215610004314,0.001763845999903424
365,0,16,0.19434441698831506,0.01995103098852269,2741.904505514,2742.0788989,2741.904609858,2741.911532005,2742.077116779,2742.077125865,0.17439338599979237,0.006922146999841061,0.1655847739998535,0.001773034999587253
366,0,16,0.19120662499335594,0.018162565993407043,2742.209192051,2742.38223611,2742.209298642,2742.216586809,2742.380549552,2742.380558639,0.1730440589999489,0.007288167000297108,0.1639627429999564,0.0016774710002209758
367,0,16,0.22307854099199176,0.05079327599196404,2742.536178336,2742.708463601,2742.536284722,2742.543468239,2742.706778065,2742.706786845,0.17228526500002772,0.007183517000157735,0.1633098259999315,0.0016767560000516823
368,0,16,0.19925416700425558,0.0179688550042556,2742.840645362,2743.021930674,2742.840770228,2742.848044307,2743.020185512,2743.020194598,0.18128531199999998,0.007274078999671474,0.17214120500011632,0.0017360759998155118
369,0,16,0.1919706249900628,0.020117846990160615,2743.152026265,2743.323879043,2743.152129793,2743.159132086,2743.322235367,2743.322269059,0.17185277799990217,0.007002293000368809,0.16310328099962135,0.0016099839999696997
370,0,16,0.18829462499707006,0.017088127996885305,2743.449888364,2743.621094861,2743.449991279,2743.456964168,2743.619390538,2743.619399013,0.17120649700018475,0.006972888999825955,0.16242637000004834,0.0016958480000539566
371,0,16,0.18865149997873232,0.016530203978618374,2743.748282394,2743.92040369,2743.748403482,2743.755576177,2743.918700184,2743.918708862,0.17212129600011394,0.007172695000008389,0.16312400700007856,0.001694827999926929
372,1,16,0.2023260840214789,0.0195486100215021,2744.048762083,2744.231539557,2744.048863874,2744.056447106,2744.229812364,2744.229821349,0.1827774739999768,0.007583232000342832,0.17336525799964875,0.0017182080000566202
373,0,16,0.1934091669972986,0.02018041299743345,2744.36554969,2744.538778444,2744.365672106,2744.372720037,2744.537074733,2744.537083412,0.17322875399986515,0.007047930999760865,0.16435469599991848,0.001695032000043284
374,0,16,0.1910149590112269,0.014891113010889967,2744.666036628,2744.842160474,2744.666137807,2744.673062812,2744.840164559,2744.840174361,0.17612384600033693,0.006925005000084639,0.16710174700028801,0.001986112999929901
375,2,16,0.2146525840216782,0.01547877402163067,2744.966508047,2745.165681857,2744.966635567,2744.9737955,2745.163863082,2745.163871965,0.19917381000004752,0.007159932999911689,0.19006758199975593,0.0018098919999829377
376,0,16,0.1907732080144342,0.01872603501442427,2745.296298863,2745.468346036,2745.296399532,2745.303458285,2745.466625071,2745.466633953,0.17204717300000993,0.007058752999910212,0.1631667860001471,0.0017120830002568255
377,0,16,0.21200145801412873,0.014328183014185925,2745.594076935,2745.79175021,2745.594199555,2745.60139512,2745.789938378,2745.789947669,0.1976732749999428,0.007195564999619819,0.18854325800020888,0.001802540999960911
378,1,16,0.2072141249955166,0.018201010995198885,2745.921013804,2746.110026918,2745.921118353,2745.928267769,2746.108308199,2746.108317081,0.18901311400031773,0.007149415999720077,0.1800404300001901,0.0017098369999075658
379,2,16,0.21440324999275617,0.016970109992598736,2746.239996622,2746.437429762,2746.240146706,2746.247091927,2746.435652439,2746.435661016,0.19743314000015744,0.006945221000023594,0.1885605120000946,0.001768746000379906
380,0,16,0.2055495829845313,0.0316569879846611,2746.577262548,2746.751155143,2746.577363625,2746.585016691,2746.749510956,2746.749519736,0.1738925949998702,0.007653065999875253,0.16449426500003028,0.001635406999866973
381,0,16,0.21767133299726993,0.016086272997199558,2746.879687715,2747.081272775,2746.879791753,2746.8872395,2747.079472888,2747.079481566,0.20158506000007037,0.007447746999787341,0.19223338800020429,0.0017912089997480507
382,0,16,0.1950075420027133,0.023310463002871984,2747.208868699,2747.380565778,2747.208972941,2747.216126646,2747.37892251,2747.378931188,0.17169707899984132,0.007153704999836918,0.16279586400014523,0.0016345899998668756
383,0,16,0.1920120830181986,0.019515270018018782,2747.511761578,2747.684258391,2747.511865105,2747.519315303,2747.682510574,2747.682519456,0.17249681300017983,0.007450197999787633,0.16319527099994957,0.0017389350000485138
384,2,16,0.23363762500230223,0.015498489002311544,2747.813979793,2748.032118929,2747.814085668,2747.821233655,2748.030094631,2748.030104535,0.21813913599999069,0.007147986999825662,0.20886097599986897,0.0020143939996160043
385,1,16,0.20733895798912272,0.019859563989029994,2748.157282878,2748.344762272,2748.157388243,2748.164698771,2748.342957988,2748.342966875,0.18747939400009273,0.007310528000289196,0.17825921699977698,0.001795397000023513
386,1,16,0.19747983399429359,0.019013721994269872,2748.473696654,2748.652162766,2748.473798244,2748.481019218,2748.650448963,2748.650457547,0.1784661120000237,0.007220973999665148,0.16942974500034325,0.0017052190000867995
387,0,16,0.19422641597338952,0.02420348997338806,2748.784441137,2748.954464063,2748.78456252,2748.791804298,2748.952809336,2748.952818223,0.17002292600000146,0.007241778000206978,0.16100503799998478,0.001645840000037424
388,0,16,0.2090275000082329,0.03802492700833682,2749.086277806,2749.257280379,2749.086380608,2749.093489793,2749.255654736,2749.255663724,0.17100257299989607,0.007109184999990248,0.1621649429998797,0.0016166549999070412
389,0,16,0.2058314999740105,0.03553743197380754,2749.41108666,2749.581380728,2749.411185725,2749.418782765,2749.579703583,2749.579713176,0.17029406800020297,0.007597039999836852,0.1609208180002497,0.001667552000071737
390,0,16,0.22238429100252688,0.022457626002506004,2749.708301989,2749.908228654,2749.708403276,2749.715564671,2749.906441133,2749.90645002,0.19992666500002088,0.007161394999911863,0.190876462000233,0.0017786339999474876
391,1,16,0.20692787499865517,0.027354067998658138,2750.043939074,2750.223512881,2750.044058134,2750.051700617,2750.221881179,2750.221890066,0.17957380699999703,0.0076424829999268695,0.1701805620000414,0.0016228149997914443
392,0,16,0.1964130840206053,0.026850545020352,2750.361323065,2750.530885604,2750.361423241,2750.368545252,2750.529182304,2750.529191191,0.1695625390002533,0.0071220109998648695,0.1606370520003111,0.001694413000222994
393,0,16,0.20154670800548047,0.030610078005338437,2750.660532631,2750.831469261,2750.660653004,2750.668209448,2750.829736474,2750.829744654,0.17093663000014203,0.007556444000329066,0.16152702599993063,0.0017246070001419866
394,0,16,0.19274716699146666,0.022030378991530597,2750.963818322,2751.13453511,2750.963918094,2750.971234196,2751.132767786,2751.132776571,0.17071678799993606,0.007316102000004321,0.16153359000009004,0.0017585390000931511
395,0,16,0.20101820898707956,0.02012877898687293,2751.26294609,2751.44383552,2751.263045963,2751.272032445,2751.442090614,2751.442099299,0.18088943000020663,0.00898648200018215,0.1700581689997307,0.001736221000101068
396,0,16,0.19251475000055507,0.02237336900043374,2751.575880819,2751.7460222,2751.575981602,2751.583339309,2751.744272649,2751.744281434,0.17014138100012133,0.007357707000210212,0.16093333999970127,0.0017407659997843439
397,3,16,0.2181042080046609,0.021170614004404342,2751.873576733,2752.070510327,2751.873679636,2751.881457336,2752.068684432,2752.068693218,0.19693359400025656,0.007777700000133336,0.1872270959997877,0.001817109000057826
398,0,16,0.1904476670024451,0.018818184002611815,2752.19709511,2752.368724593,2752.197216896,2752.204613685,2752.367069563,2752.36707845,0.17162948299983327,0.007396788999812998,0.1624558779999461,0.001646143000016309
399,0,16,0.19586245898972265,0.024650746989664185,2752.494292868,2752.66550458,2752.494393852,2752.502152265,2752.663910443,2752.66391933,0.17121171200005847,0.007758412999919528,0.16175817800012737,0.0015852499996071856
400,0,16,0.19306545800645836,0.022641827006282256,2752.803622866,2752.974046497,2752.803743643,2752.811288676,2752.972377532,2752.972386014,0.1704236310001761,0.007545033000042167,0.16108885599987843,0.0016604829997959314
401,0,16,0.18845091701950878,0.017745439019108744,2753.101363213,2753.272068691,2753.101479951,2753.108981662,2753.270446077,2753.270454863,0.17070547800040003,0.0075017110002590925,0.1614644149999549,0.001613828000245121
402,0,16,0.2060177919920534,0.03595689599205798,2753.39900409,2753.569064986,2753.399107801,2753.406489341,2753.567401474,2753.567410057,0.1700608959999954,0.00738154000009672,0.16091213299978335,0.0016549289998692984
403,0,16,0.19855479200487025,0.02020137800491284,2753.711253743,2753.889607157,2753.711356747,2753.71864215,2753.887839732,2753.887851951,0.1783534139999574,0.007285402999968937,0.1691975819999243,0.0017552059998706682
404,0,16,0.19029483300982974,0.017279342010169785,2754.016613952,2754.189629443,2754.016731901,2754.024258353,2754.187926042,2754.187935029,0.17301549099965996,0.007526451999638084,0.16366768900024908,0.0016944139997576713
405,0,16,0.18788587499875575,0.017400845998963632,2754.31382191,2754.484306939,2754.313925924,2754.321310998,2754.482633127,2754.482641609,0.17048502899979212,0.007385074000012537,0.16132212899992737,0.001665329999923415
406,0,16,0.1936416249955073,0.022890299995196983,2754.615018743,2754.785770068,2754.615141136,2754.622465317,2754.784005369,2754.78401365,0.17075132500031032,0.007324181000058161,0.1615400519999639,0.0017564180002409557
407,0,16,0.1903143330127932,0.019376996012852032,2754.912260127,2755.083197464,2754.912368584,2754.91993957,2755.081302496,2755.081311383,0.17093733699994118,0.007570986000246194,0.16136292599958324,0.0018860810000660422
408,4,16,0.23597366697504185,0.017786255974897358,2755.212486589,2755.430674,2755.212609844,2755.220139031,2755.428707942,2755.428716622,0.2181874110001445,0.007529187000272941,0.20856891099992936,0.0019573780000428087
409,2,16,0.2094853750022594,0.018864645002395264,2755.560060798,2755.750681528,2755.560172616,2755.567867845,2755.748828411,2755.748837397,0.19062072999986412,0.0076952290000917856,0.18096056600006705,0.0018441309998706856
410,0,16,0.21678091699141078,0.04089689199145141,2755.885191535,2756.06107556,2755.885297736,2755.893401024,2756.059356931,2756.059365611,0.17588402499995937,0.008103287999801978,0.1659559069998977,0.001709949000087363
411,0,16,0.2403481249930337,0.06329017499319889,2756.234641465,2756.411699415,2756.234743581,2756.242672338,2756.410042795,2756.410051679,0.17705794999983482,0.007928756999717734,0.1673704570002883,0.0016477359999953478
412,0,16,0.20036941699800082,0.02345626699798231,2756.567850137,2756.744763287,2756.567951333,2756.575740805,2756.743126477,2756.743135055,0.1769131500000185,0.0077894719997857464,0.1673856719999094,0.001628231999802665
413,0,16,0.2344794999808073,0.058608336980796594,2756.8970954,2757.072966563,2756.897198638,2756.905072355,2757.071290235,2757.071298813,0.1758711630000107,0.007873716999711178,0.16621788000020388,0.0016677500002515444
414,0,16,0.21266941601061262,0.03570704601042962,2757.220205155,2757.397167525,2757.220330451,2757.228254715,2757.395490482,2757.395499366,0.176962370000183,0.007924263999939285,0.16723576699996556,0.0016681590000189317
415,0,16,0.2325077920104377,0.05570421201036879,2757.562138881,2757.738942461,2757.562241507,2757.570145756,2757.737186278,2757.737195162,0.1768035800000689,0.007904248999693664,0.1670405220002067,0.001747299000271596
416,0,16,0.27267674999893643,0.10035430499874565,2757.970634854,2758.142957299,2757.970737275,2757.978520008,2758.141257995,2758.141267186,0.17232244500019078,0.007782733000112785,0.16273798700012776,0.0016901130002224818
417,0,16,0.24309374997392297,0.06608685797391445,2758.322007931,2758.499014823,2758.322108617,2758.330095274,2758.497266606,2758.497275183,0.17700689200000852,0.007986656999946717,0.16717133199972523,0.001739639999868814
418,0,16,0.2046910829958506,0.02874435499552419,2758.632774681,2758.808721409,2758.632879859,2758.64059928,2758.806987284,2758.80699627,0.1759467280003264,0.007719421000274451,0.16638800400005493,0.0017251389999728417
419,1,16,0.22933745899354108,0.018744474993582116,2758.945503273,2759.156096257,2758.945604776,2758.953660769,2759.154275946,2759.154285136,0.21059298399995896,0.008055993000198214,0.20061517699969045,0.0018111210001734435
420,0,16,0.2913803330156952,0.09677986101587521,2759.362598902,2759.557199374,2759.362701018,2759.370835231,2759.55548894,2759.555498335,0.19460047199982,0.008134213000175805,0.18465370900003109,0.0017010390001814812
421,3,16,0.2388526250142604,0.03679231001433436,2759.706059765,2759.90812008,2759.706161268,2759.713794196,2759.906304262,2759.906312942,0.20206031499992605,0.007632928000020911,0.19251006600006804,0.0018071380000037607
422,0,16,0.22566724999342114,0.018220239993297582,2760.039305708,2760.246752718,2760.03942406,2760.047349039,2760.244884924,2760.244894727,0.20744701000012356,0.007924979000108578,0.19753588499997932,0.0018579910001790267
423,0,16,0.19379900000058115,0.01810847900060253,2760.374537696,2760.550228217,2760.374639505,2760.382654346,2760.54855628,2760.548565062,0.17569052099997862,0.008014841000203887,0.16590193399997588,0.001663155000187544
424,0,16,0.28944037499604747,0.10458886899596109,2760.769379705,2760.954231211,2760.769502652,2760.777574779,2760.95249055,2760.952499638,0.18485150600008637,0.008072127000104956,0.17491577100008726,0.0017315730001428165
425,0,16,0.22773795799002983,0.05167114099003811,2761.113169379,2761.289236196,2761.113289365,2761.1212798,2761.287484098,2761.287493186,0.17606681699999172,0.00799043500001062,0.16620429799968406,0.001743009999700007
426,3,16,0.41956470799050294,0.18066326799043964,2761.501972073,2761.740873513,2761.502072963,2761.510277637,2761.738896251,2761.738904931,0.2389014400000633,0.00820467399989866,0.22861861399996997,0.0019685820002450782
427,0,16,0.30134079200797714,0.1251413270078956,2762.067389842,2762.243589307,2762.067514831,2762.075642612,2762.241916961,2762.241925845,0.17619946500008155,0.00812778099998468,0.1662743489996501,0.0016634620001241274
428,0,16,0.2071798749966547,0.030634442996870348,2762.378168437,2762.554713869,2762.378268408,2762.386420084,2762.552949415,2762.552958197,0.17654543199978434,0.00815167599967026,0.16652933100021983,0.0017556719999447523
429,1,16,0.22794250000151806,0.04348403600170059,2762.690899991,2762.875358455,2762.691023551,2762.69884478,2762.873605438,2762.873614322,0.18445846399981747,0.00782122900000104,0.1747606580001957,0.0017441330001020106
430,0,16,0.22717333398759365,0.05085337298760351,2763.060993084,2763.237313045,2763.061112049,2763.069244016,2763.235633552,2763.23564213,0.17631996099999014,0.008131967000281293,0.16638953599976958,0.001670914999976958
431,0,16,0.26938116701785475,0.09198378601786317,2763.445235505,2763.622632886,2763.445335476,2763.453448858,2763.620882525,2763.620891511,0.17739738099999158,0.008113381999919511,0.16743366700029583,0.0017413749997103878
432,0,16,0.23744520801119506,0.05278087901115214,2763.756096507,2763.940760836,2763.756202605,2763.764566374,2763.938986272,2763.938995157,0.18466432900004293,0.008363768999970489,0.17441989799999646,0.0017656790000728506
433,0,16,0.19705145800253376,0.01971473300272919,2764.099549813,2764.276886538,2764.099653154,2764.107583443,2764.275129743,2764.275138831,0.17733672499980457,0.007930288999887125,0.16754630000014004,0.0017477070000495587
434,0,16,0.20107162499334663,0.023888165993412258,2764.417299487,2764.594482946,2764.417404287,2764.425294348,2764.59266406,2764.592673101,0.17718345899993437,0.00789006100012557,0.16736971199998152,0.0018098450000252342
435,0,16,0.1982326660072431,0.019999775007363496,2764.727716713,2764.905949604,2764.727817813,2764.735682702,2764.904108628,2764.90411993,0.1782328909998796,0.007864888999847608,0.16842592600005446,0.0018296739999641431
436,0,16,0.22706545901019126,0.0499501200101804,2765.058934158,2765.236049497,2765.059056526,2765.066891516,2765.234277462,2765.234286196,0.17711533900001086,0.007834989999992104,0.16738594600019496,0.0017633009997553017
437,0,16,0.22883437501150183,0.04304616401122985,2765.376408186,2765.562196397,2765.37651165,2765.384523154,2765.560362304,2765.560371037,0.18578821100027199,0.008011504000023706,0.17583915000022898,0.0018253600001116865
438,0,16,0.271067249996122,0.0933975009961614,2765.795363194,2765.973032943,2765.795467993,2765.803770265,2765.971343309,2765.971352864,0.17766974899996058,0.008302272000037192,0.16757304400016437,0.001680078999925172
439,0,16,0.23358387500047684,0.055718295000588114,2766.136848311,2766.314713891,2766.136968933,2766.145264013,2766.31300042,2766.313008948,0.17786557999988872,0.008295080000152666,0.16773640700012038,0.0017049429998223786
440,2,16,0.2288562500034459,0.03543473700347022,2766.453513945,2766.646935458,2766.453614326,2766.461896049,2766.645112975,2766.645122017,0.19342151299997568,0.008281722999981866,0.183216925999659,0.0018134409997401235
441,0,16,0.2849151249974966,0.0896088659974339,2766.871074196,2767.066380455,2766.871196564,2766.879473253,2767.064535779,2767.064544615,0.1953062590000627,0.008276689000012993,0.18506252599991058,0.0018358399997850938
442,3,16,0.24461316599627025,0.04056540199644587,2767.216809854,2767.420857618,2767.216914448,2767.225020478,2767.418979653,2767.418988695,0.20404776399982438,0.00810602999990806,0.19395917500014548,0.0018689230000745738
443,0,16,0.20374908301164396,0.02559232501198494,2767.555178421,2767.733335179,2767.555300687,2767.563642002,2767.731593659,2767.731603009,0.17815675799965902,0.008341315000052418,0.16795165699977588,0.0017321699997410178
444,0,16,0.2655665420170408,0.08846887501704259,2767.948916633,2768.1260143,2767.949041057,2767.957096125,2768.124241135,2768.124250074,0.17709766699999818,0.008055067999976018,0.16714500999978554,0.0017642259999774978
445,0,16,0.23162704100832343,0.053103999008271785,2768.292572023,2768.471095065,2768.292676822,2768.301488296,2768.469326215,2768.469335462,0.17852304200005165,0.008811474000140151,0.16783791899979406,0.0017596030002096086
446,0,16,0.2359414590173401,0.058391716017013096,2768.601179506,2768.778729249,2768.601301258,2768.609505204,2768.776997593,2768.777006532,0.177549743000327,0.008203945999866846,0.16749238900001728,0.0017227170001206105
447,3,16,0.2652250829851255,0.043337579985291086,2768.975434169,2769.197321672,2768.975537839,2768.983720619,2769.195355963,2769.19536521,0.2218875029998344,0.00818277999997008,0.21163534400011486,0.001956461999725434
448,0,16,0.25006083300104365,0.07621852300098908,2769.370377061,2769.544219371,2769.370499532,2769.378613679,2769.542473536,2769.542482372,0.17384231000005457,0.008114147000014782,0.1638598570002614,0.0017369990000588587
449,0,16,0.2314872500137426,0.021044255013748625,2769.691279982,2769.901722977,2769.691381699,2769.699971348,2769.899783263,2769.899792715,0.21044299499999397,0.00858964899998682,0.19981191499982742,0.001930262000314542
450,0,16,0.19333595799980685,0.01585731399973156,2770.028601172,2770.206079816,2770.028702375,2770.037364047,2770.204371688,2770.204380832,0.1774786440000753,0.008661672000016551,0.16700764099959997,0.0016989840000860568
451,0,16,0.1930632090079598,0.01496254900803251,2770.335184074,2770.513284734,2770.335288668,2770.344324741,2770.511523384,2770.511532117,0.1781006599999273,0.009036073000061151,0.16719864300011977,0.0017526169999655394
452,0,16,0.1973670419829432,0.01877690798301046,2770.643657065,2770.822247199,2770.64376022,2770.652088486,2770.820433553,2770.820442491,0.17859013399993273,0.008328266000262374,0.16834506699979102,0.0018047079997813853
453,0,16,0.23495424998691306,0.05701397498660299,2770.987144159,2771.165084434,2770.987249267,2770.995551949,2771.163256403,2771.163265137,0.17794027500031007,0.008302681999794004,0.16770445400015888,0.0018192970001109643
454,0,16,0.23295674999826588,0.05516709799803721,2771.293682059,2771.471471711,2771.293784495,2771.301908814,2771.469629707,2771.469638337,0.17778965200022867,0.008124318999762181,0.16772089300002335,0.0018333739999434329
455,0,16,0.20759987502242438,0.023527600022589468,2771.645852299,2771.829924574,2771.645975182,2771.654425097,2771.828088734,2771.828097776,0.18407227499983492,0.008449915000255714,0.1736636370001179,0.001826797999910923
456,0,16,0.27894304200890474,0.10457159800898808,2772.056870086,2772.23124153,2772.056972317,2772.065268116,2772.229254143,2772.229262568,0.17437144399991666,0.00829579899982491,0.16398602700019183,0.0019789619996117835
457,0,16,0.2450579580035992,0.0684415270034151,2772.357119507,2772.533735938,2772.357244753,2772.36559624,2772.531982707,2772.531991486,0.1766164310001841,0.008351486999799818,0.16638646700039317,0.0017444519999116892
458,0,16,0.19861766599933617,0.02208649699923626,2772.717022471,2772.89355364,2772.71712272,2772.725645096,2772.891791935,2772.891801429,0.1765311690000999,0.008522375999746146,0.1661468390002483,0.0017522109997116786
459,0,16,0.19701350000104867,0.020077048000985087,2773.028576479,2773.205512931,2773.028680199,2773.037309358,2773.203730911,2773.203739997,0.17693645200006358,0.008629159000065556,0.16642155299996375,0.001772934000200621
460,1,16,0.20507816699682735,0.0187624249970213,2773.334260418,2773.52057616,2773.334366384,2773.343083337,2773.518649075,2773.518657752,0.18631574199980605,0.008716952999748173,0.17556573800038677,0.0019184080001650727
461,4,16,0.2685154170030728,0.03860224900336107,2773.669422416,2773.899335584,2773.669525932,2773.677952041,2773.897295898,2773.897304779,0.22991316799971173,0.00842610900008367,0.2193438569997852,0.002030804999776592
462,3,16,0.2561945420166012,0.02672779801650904,2774.035265359,2774.264732103,2774.035385311,2774.043463305,2774.262600845,2774.262609523,0.22946674400009215,0.00807799399990472,0.2191375400002471,0.00212258000010479
463,0,16,0.19509958301205188,0.017082138012028736,2774.395027321,2774.573044766,2774.395131041,2774.403351957,2774.571285614,2774.571294393,0.17801744500002314,0.0082209160000275,0.1679336570000487,0.0017503730000498763
464,0,16,0.26321629199082963,0.06803107899122551,2774.742454388,2774.937639601,2774.74255525,2774.751184511,2774.935756311,2774.935765193,0.19518521299960412,0.00862926099989636,0.18457180000041262,0.0018744079998214147
465,0,16,0.21107612500782125,0.026357627008110285,2775.075558121,2775.260276619,2775.075660105,2775.083732689,2775.258531963,2775.258540742,0.18471849799971096,0.008072583999819472,0.17479927400017914,0.0017358769996462797
466,0,16,0.19287400000030175,0.01654731000007814,2775.392350489,2775.568677179,2775.3924538,2775.400846119,2775.566995204,2775.567004595,0.1763266900002236,0.008392318999995041,0.16614908499968806,0.0016725840000617609
467,0,16,0.19682983399252407,0.019410308992519276,2775.698948203,2775.876367728,2775.699050289,2775.708027461,2775.874696369,2775.874705149,0.1774195250000048,0.008977171999958955,0.16666890800024703,0.0016625789999125118
468,0,16,0.19605208301800303,0.018640316018263547,2776.009717371,2776.187129138,2776.009819968,2776.018456682,2776.185451246,2776.185460025,0.17741176699973948,0.00863671399974919,0.16699456400010604,0.0016691129999344412
469,0,16,0.2492554999771528,0.04144618197733507,2776.341190376,2776.548999694,2776.341290829,2776.349912842,2776.54700462,2776.547013297,0.20780931799981772,0.008622012999694562,0.19709177799995814,0.0019863970001097186
470,0,16,0.20621200001914985,0.028987154019432637,2776.680916964,2776.85814181,2776.68101905,2776.689595022,2776.856309461,2776.856318445,0.17722484599971722,0.008575972000016918,0.16671443899986116,0.0018233649998364854
471,0,16,0.193213457998354,0.018261564998283575,2777.000826948,2777.175778841,2777.00093077,2777.010060459,2777.173892284,2777.173901165,0.1749518930000704,0.009129689000019425,0.163831824999761,0.001877675999821804
472,3,16,0.21812750000390224,0.017356426003971137,2777.303642463,2777.504413537,2777.303744141,2777.312557974,2777.502305044,2777.502313824,0.2007710739999311,0.008813832999749138,0.18974707000006674,0.0020997130000068864
473,0,16,0.19027691701194271,0.016763626012107125,2777.632303702,2777.805816993,2777.632405686,2777.640948991,2777.803994649,2777.804003326,0.1735132909998356,0.008543305000330292,0.1630456579996462,0.001813667000078567
474,0,16,0.2123801659909077,0.03689201399083686,2777.953254253,2778.128742405,2777.953356033,2777.96235648,2778.127022556,2778.127031539,0.17548815200007084,0.009000446999834821,0.16466607600023053,0.001710865999939415
475,0,16,0.23515495800529607,0.06078812300529535,2778.259787857,2778.434154692,2778.259887391,2778.268693976,2778.432462814,2778.432471491,0.17436683500000072,0.008806585000002087,0.1637688379996689,0.0016832010001053277
476,0,16,0.19403070901171304,0.019906533011635474,2778.607266375,2778.781390551,2778.607367645,2778.616083067,2778.779668354,2778.779677031,0.17412417600007757,0.008715422000022954,0.16358528699993258,0.0017135200000666373
477,1,16,0.19958924999809824,0.017481202998169465,2778.91182624,2779.093934287,2778.911968242,2778.920375057,2779.092110207,2779.092119191,0.18210804699992877,0.00840681499994389,0.1717351500001314,0.001815095999972982
478,2,16,0.22354591698967852,0.022758508989682014,2779.224649081,2779.425436489,2779.224752188,2779.23440313,2779.423581477,2779.423590052,0.2007874079999965,0.00965094200000749,0.18917834700005187,0.0018464370000401686
479,0,16,0.20008116602548398,0.022597429025609017,2779.559683676,2779.737167413,2779.559805056,2779.568698823,2779.735319445,2779.735328224,0.17748373699987496,0.008893766999790387,0.16662062200020955,0.0018391889998383704
480,0,16,0.2312967089819722,0.04516951998220975,2779.878539005,2780.064666194,2779.878641194,2779.887482284,2780.062645802,2780.062654581,0.18612718899976244,0.008841089999805263,0.1751635180003177,0.002011612999922363
481,0,16,0.230077500018524,0.025669905018730788,2780.217805388,2780.422212983,2780.217910945,2780.226417907,2780.420228526,2780.420238224,0.20440759499979322,0.00850696199995582,0.1938106190000326,0.0019747589999496995
482,1,16,0.28388500001165085,0.09182383601182664,2780.628553177,2780.820614341,2780.628655671,2780.637418257,2780.818636417,2780.818645605,0.1920611639998242,0.008762585999647854,0.18121816000029867,0.0019687359999807086
483,0,16,0.2194993750017602,0.04503766300194911,2780.957826832,2781.132288544,2780.957931164,2780.966746325,2781.130375342,2781.130384225,0.1744617119998111,0.008815160999802174,0.1636290170004031,0.0019043190000047616
484,0,16,0.20357429099385627,0.028719527993871452,2781.282606774,2781.457461537,2781.282707243,2781.291382716,2781.455675248,2781.455683927,0.17485476299998481,0.008675473000039347,0.16429253199976301,0.0017776100003175088
485,2,16,0.2211554580135271,0.02102146501374591,2781.591257589,2781.791391582,2781.591454239,2781.599962059,2781.789506356,2781.789515137,0.20013399299978119,0.008507819999977073,0.18954429699988395,0.0018764450001071964
486,0,16,0.1985004169982858,0.023806771998351905,2781.918383298,2782.093076943,2781.918504698,2781.927431753,2782.091332618,2782.09134191,0.1746936449999339,0.008927054999730899,0.1639008649999596,0.0017350329999317182
487,0,16,0.23110766700119711,0.056581164001272555,2782.267948451,2782.442474954,2782.268052494,2782.276665072,2782.440668449,2782.440677025,0.17452650299992456,0.008612577999883797,0.1640033769999718,0.0017979290000766923
488,2,16,0.21345041700988077,0.021894796009746642,2782.574557312,2782.766112933,2782.574680857,2782.58329272,2782.764250271,2782.764259052,0.19155562100013412,0.008611862999714504,0.18095755100011957,0.0018538809999881778
489,0,16,0.19089924998115748,0.015103914980954869,2782.889358087,2783.065153422,2782.889463968,2782.898443707,2783.063417572,2783.063427169,0.1757953350002026,0.008979738999641995,0.16497386500032007,0.0017262530000152765
490,1,16,0.2031114170094952,0.019765681009630498,2783.198020032,2783.381365768,2783.198122339,2783.207236139,2783.379525059,2783.37953384,0.1833457359998647,0.009113800000250194,0.17228892000002816,0.0018319279997740523
491,0,16,0.19802991699543782,0.02249810999546753,2783.508677679,2783.684209486,2783.508778148,2783.517818536,2783.682390728,2783.682399509,0.17553180699997029,0.009040387999903032,0.16457219199992323,0.0018099769999935233
492,4,16,0.29557374998694286,0.04797736098680616,2783.848037144,2784.095633533,2783.848139247,2783.857125214,2784.09330467,2784.093313757,0.2475963890001367,0.008985967000171513,0.23617945600017265,0.0023197760001494316
493,0,16,0.19961816701106727,0.02396771601115688,2784.228264286,2784.403914737,2784.228364245,2784.237135898,2784.402229632,2784.402238412,0.1756504509999104,0.008771652999712387,0.16509373400003824,0.0016763250000622065
494,0,16,0.19247562502278015,0.018276362022788817,2784.534927772,2784.709127035,2784.535050398,2784.544120906,2784.707438152,2784.707446933,0.17419926299999133,0.009070508000149857,0.1633172460001333,0.001680102000136685
495,0,16,0.2671798749943264,0.09233766999432191,2784.913086311,2785.087928516,2784.913187188,2784.922285877,2785.086240552,2785.086249026,0.17484220500000447,0.009098688999984006,0.16395467500024097,0.00167948999978762
496,0,16,0.23162366700125858,0.056943601001421484,2785.219627069,2785.394307135,2785.219751226,2785.228402501,2785.392541164,2785.392549843,0.1746800659998371,0.008651274999920133,0.16413866299990332,0.0017572920000930026
497,0,16,0.19496904200059362,0.019917526000426733,2785.563084942,2785.738136458,2785.563206751,2785.572448486,2785.736309327,2785.73631821,0.17505151600016688,0.009241735000159679,0.16386084099985965,0.0018182480002906232
498,0,16,0.2045254590047989,0.01862500800507405,2785.863508108,2786.049408559,2785.863611232,2785.872666323,2786.04766209,2786.047671484,0.18590045099972485,0.00905509099993651,0.17499576699992758,0.0017370749997098756
499,0,16,0.19548954197671264,0.019951199976731004,2786.17627234,2786.351810682,2786.176395986,2786.18567795,2786.349939239,2786.349947815,0.17553834199998164,0.009281963999910658,0.16426128900002368,0.0018628669999998237
500,0,16,0.2269246670184657,0.05236794201846351,2786.515726659,2786.690283384,2786.515830906,2786.52503619,2786.688406019,2786.688415208,0.1745567250000022,0.009205284000017855,0.16336982900020303,0.0018681759997889458
501,0,16,0.23639137501595542,0.061765731015839265,2786.820278965,2786.994904609,2786.82040353,2786.829172121,2786.993047461,2786.993056344,0.17462564400011615,0.008768590999807202,0.16387534000023152,0.0018482650002624723
502,1,16,0.20392770797479898,0.02138929897455455,2787.171817357,2787.354355766,2787.171921196,2787.180803631,2787.352476564,2787.352485243,0.18253840900024443,0.008882435000032274,0.17167293300008168,0.0018705229999795847
503,0,16,0.1982995000144001,0.02354877901461805,2787.482494403,2787.657245124,2787.482615395,2787.491800259,2787.655181115,2787.655189896,0.17475072099978206,0.009184863999962545,0.1633808560000034,0.002055227999790077
504,1,16,0.2010246249847114,0.018810799984748883,2787.789197811,2787.971411636,2787.789298995,2787.798585758,2787.969554998,2787.969563983,0.18221382499996253,0.009286763000091014,0.1709692399999767,0.0018476529999134073
505,7,16,0.33372695799334906,0.07217556299337957,2788.122289491,2788.383840886,2788.122392104,2788.131698062,2788.381688252,2788.381697033,0.2615513949999695,0.009305957999913517,0.24999019000006228,0.0021438530002342304
506,0,16,0.19217745802598074,0.01891345702642866,2788.549843947,2788.723107948,2788.549947581,2788.558848395,2788.721326152,2788.721334626,0.17326400099955208,0.008900813999844104,0.1624777570000333,0.0017733219997353444
507,0,16,0.1947761659976095,0.021079248997466493,2788.854182858,2789.027879775,2788.854302829,2788.863391614,2789.026079702,2789.026088585,0.173696917000143,0.009088785000130883,0.162688087999868,0.0017911900004037307
508,0,16,0.23599116600234993,0.06090166300236888,2789.196061973,2789.371151476,2789.196183879,2789.205066656,2789.369355562,2789.369364343,0.17508950299998105,0.008882777000053466,0.16428890599991064,0.0017871329996523855
509,0,16,0.232769833994098,0.054869251994205115,2789.500045676,2789.677946258,2789.500181774,2789.509315815,2789.676076425,2789.676085716,0.1779005819998929,0.009134040999924764,0.166760609999983,0.001860541999576526
510,0,16,0.19327891699504107,0.018171546994835808,2789.859870236,2790.034977606,2789.859972539,2789.869204391,2790.033215691,2790.03322488,0.17510737000020526,0.009231852000084473,0.16401129999985642,0.0017527260001770628
511,0,16,0.19250066700624302,0.01748651300658821,2790.160333479,2790.335347633,2790.160435782,2790.169839568,2790.333472185,2790.333480863,0.1750141539996548,0.009403785999893444,0.1636326170000757,0.0018667699996512965
512,0,16,0.19861166601185687,0.023194121011783864,2790.464831963,2790.640249508,2790.464932938,2790.474357246,2790.638421433,2790.638430316,0.175417545000073,0.009424308000234305,0.16406418699989445,0.0018191920003118867
513,0,16,0.22193608299130574,0.015355919991634437,2790.767590279,2790.974170442,2790.76770953,2790.777021223,2790.971923356,2790.971933668,0.2065801629996713,0.009311692999744992,0.19490213300014148,0.002236773999811703
514,0,16,0.18803341599414125,0.013820020994444349,2791.100524329,2791.274737724,2791.100626836,2791.109744134,2791.272969888,2791.272978362,0.1742133949996969,0.00911729799963723,0.1632257539999955,0.001759362000029796
515,0,16,0.20241404199623503,0.02638574399634308,2791.409223249,2791.585251547,2791.40932545,2791.418433661,2791.58344716,2791.583456042,0.17602829799989195,0.009108211000238953,0.16501349899999695,0.0017955050002456119
516,0,16,0.19713770798989572,0.02238584598990201,2791.717820581,2791.892572443,2791.717921556,2791.72698321,2791.890696893,2791.890705469,0.1747518619999937,0.0090616540001065,0.16371368299996902,0.001866974000222399
517,0,16,0.19970150000881404,0.024873574008779542,2792.029195197,2792.204023123,2792.029298112,2792.038705574,2792.202282445,2792.202291327,0.1748279260000345,0.009407461999671796,0.16357687100025942,0.0017317960000582389
518,0,16,0.20006112501141615,0.025696930011235963,2792.343302276,2792.517666471,2792.343404988,2792.352724236,2792.515893427,2792.515902412,0.1743641950001802,0.009319247999883373,0.16316919099972438,0.0017640590003793477
519,0,16,0.1924575829762034,0.018709961976128398,2792.643825145,2792.817572766,2792.643929796,2792.653020446,2792.815750103,2792.815758781,0.17374762100007501,0.009090649999961897,0.16272965699999986,0.0018139849998988211
520,0,16,0.19274604201200418,0.018379908011866064,2792.948382744,2793.122748878,2792.948504752,2792.957699644,2793.120770106,2793.120778989,0.17436613400013812,0.00919489199986856,0.1630704619997232,0.00196988900006545
521,0,16,0.19186216601519845,0.017911470014951192,2793.251605812,2793.425556508,2793.251727718,2793.260756394,2793.423759982,2793.423768762,0.17395069600024726,0.009028676000070845,0.1630035879998104,0.0017877460004456225
522,2,16,0.24350079102441669,0.018220360024315596,2793.555514064,2793.780794495,2793.55561555,2793.565052212,2793.778682893,2793.778711684,0.2252804310001011,0.009436662000098295,0.21363068100026794,0.0020828110000365996
523,0,16,0.21339124999940395,0.0385074769997118,2793.913194351,2794.088078124,2793.913298083,2793.922687167,2794.086347963,2794.086356947,0.17488377299969216,0.00938908399984939,0.16366079600038574,0.0017211770000358229
524,0,16,0.19211920798989013,0.017538564989990846,2794.23207321,2794.406653853,2794.232175615,2794.24138766,2794.404924303,2794.404933186,0.17458064299989928,0.009212044999912905,0.1635366430000431,0.001720666999972309
525,0,16,0.193861416017171,0.01911210601701896,2794.536599056,2794.711348366,2794.536703401,2794.546028469,2794.709540711,2794.709549798,0.17474931000015204,0.009325067999725434,0.16351224200025172,0.0017985680001402216
526,0,16,0.1954441670095548,0.01820926800974121,2794.841087432,2795.018322331,2794.841209746,2794.850577797,2795.016493848,2795.016503445,0.1772348989998136,0.009368050999910338,0.16591605100029483,0.0018188859999099805
527,0,16,0.19707004202064127,0.02167506102068728,2795.15056618,2795.325961161,2795.150670525,2795.160147005,2795.324234369,2795.324243557,0.175394980999954,0.009476480000103038,0.1640873639998972,0.0017176040000776993
528,0,16,0.20572979099233635,0.030327458991905587,2795.466628549,2795.642030881,2795.466731464,2795.476074808,2795.640178507,2795.64018739,0.17540233200043076,0.009343343999717035,0.16410369900040678,0.0018434910002724791
529,0,16,0.19705012501799501,0.022907179018147872,2795.769098437,2795.943241383,2795.769216462,2795.778492421,2795.941380739,2795.941389418,0.17414294599984714,0.009275959000206058,0.16288831800011394,0.0018519649997870147
530,0,16,0.19066366701736115,0.016317647017331183,2796.073878202,2796.248224222,2796.074000414,2796.083231143,2796.24643954,2796.246448524,0.17434602000002997,0.009230729000137217,0.16320839700028955,0.001775698000074044
531,0,16,0.1968438750191126,0.02171608601884145,2796.376217097,2796.551344886,2796.376320421,2796.385673668,2796.549438094,2796.549450958,0.17512778900027115,0.00935324700003548,0.16376442599994334,0.0018939280002996384
532,1,16,0.2017187909805216,0.01781869598016783,2796.68088435,2796.864784445,2796.681007276,2796.690573603,2796.862932276,2796.862941158,0.18390009500035376,0.00956632699990223,0.17235867299996244,0.0018432870001561241
533,1,16,0.22191729201585986,0.020226638016083598,2796.995707548,2797.197398202,2796.995826595,2797.006674565,2797.195329015,2797.195337491,0.20169065399977626,0.010847970000213536,0.18865444999983083,0.002060711000012816
534,0,16,0.19140487498953007,0.014076658989324642,2797.32335446,2797.500682676,2797.323455152,2797.332986057,2797.498603276,2797.49861165,0.17732821600020543,0.009530905000247003,0.16561721899961412,0.0020710260000669223
535,4,16,0.22555808298056945,0.020662142980654608,2797.63344115,2797.83833709,2797.633544702,2797.642682133,2797.836223683,2797.836232977,0.20489593999991484,0.009137430999999197,0.19354154999973616,0.0021041130003141006
536,0,16,0.2001093330036383,0.026491194003483542,2797.96672813,2798.140346269,2797.96682923,2797.975908759,2798.138500626,2798.138509204,0.17361813900015477,0.009079529000246112,0.1625918670001738,0.0018370650000179012
537,0,16,0.1945986670034472,0.020336141003554076,2798.281575117,2798.455837643,2798.281698377,2798.290977247,2798.454105967,2798.454115056,0.17426252599989311,0.009278869999889139,0.1631287200002589,0.0017225870001311705
538,0,16,0.19334479098324664,0.01557397898295676,2798.578034498,2798.75580531,2798.578139479,2798.587348089,2798.753978967,2798.753987749,0.17777081200028988,0.009208609999859618,0.1666308779999781,0.0018175610002799658
539,0,16,0.20127891702577472,0.0237225610258065,2798.884717272,2799.062273628,2798.884836346,2798.894040769,2799.060482313,2799.060490994,0.17755635599996822,0.009204423000028328,0.16644154400000843,0.001782634000392136
540,0,16,0.1964674580085557,0.01709926000876294,2799.197523971,2799.376892169,2799.19764376,2799.207006778,2799.375047342,2799.375056227,0.17936819799979276,0.00936301799993089,0.16804056399996625,0.0018359419996158977
541,3,16,0.24607058300171047,0.01509932500175637,2799.500130766,2799.731102024,2799.500256478,2799.509432511,2799.728980958,2799.728989741,0.2309712579999541,0.009176032999675954,0.21954844700030662,0.0021122829998603265
542,0,16,0.19470029100193642,0.017234721001841535,2799.855845281,2800.033310851,2799.85594873,2799.865633533,2800.031431405,2800.031439779,0.17746557000009489,0.00968480300025476,0.16579787199998464,0.0018710720000854053
543,0,16,0.19881908400566317,0.02079511300598824,2800.163110965,2800.341134936,2800.163234225,2800.172813843,2800.339308185,2800.339317273,0.17802397099967493,0.009579617999861512,0.16649434200007818,0.0018176630001107696
544,0,16,0.2001238749944605,0.021853791994544736,2800.47119546,2800.649465543,2800.47129799,2800.480875054,2800.647678416,2800.6476873,0.17827008299991576,0.009577064000040991,0.16680336199988233,0.0017782429999897431
545,1,16,0.2170462500071153,0.021233821007172082,2800.784089983,2800.979902412,2800.784212121,2800.793872108,2800.978021638,2800.978030829,0.19581242899994322,0.009659986999849934,0.18414953000001333,0.0018715829996835964
546,0,16,0.19605995900928974,0.018483485009255674,2801.109267181,2801.286843655,2801.109369916,2801.118897043,2801.284955427,2801.284964618,0.17757647400003407,0.009527126999728353,0.16605838400028006,0.0018790370004353463
547,0,16,0.20928029200877063,0.021801700008836633,2801.418929046,2801.606407638,2801.419053124,2801.429177765,2801.60451267,2801.604522882,0.187478591999934,0.010124640999947587,0.1753349049999997,0.0018847559999812802
548,0,16,0.20482316700508818,0.025931469005172403,2801.732749711,2801.911641409,2801.732858674,2801.742659283,2801.909758389,2801.909767273,0.17889169799991578,0.009800609000194527,0.1670991060000233,0.0018741359999694396
549,0,16,0.20253695800784044,0.025275427008182305,2802.053681612,2802.230943143,2802.05380426,2802.06328002,2802.229013351,2802.229022338,0.17726153099965813,0.009475759999986622,0.1657333309999558,0.0019208049998269416
550,0,16,0.20359879100578837,0.02339084800587443,2802.356285854,2802.536493797,2802.356388486,2802.365960036,2802.5345108,2802.534548279,0.18020794299991394,0.00957155000014609,0.16855076399997415,0.0019455179999567918
551,0,16,0.1950837079784833,0.01683241397859092,2802.67106207,2802.849313364,2802.671165519,2802.680693974,2802.847396235,2802.847405017,0.17825129399989237,0.009528454999781388,0.1667022609999549,0.0019083470001532987
552,0,16,0.21827949999715202,0.04086795199691551,2802.973735448,2803.151146996,2802.973836549,2802.983247768,2803.149378148,2803.149387339,0.1774115480002365,0.009411218999957782,0.16613037999968583,0.0017596570000932843
553,1,16,0.2948593329929281,0.09885644799305737,2803.388765858,2803.584768743,2803.388897084,2803.398846995,2803.582860193,2803.58286918,0.19600288499987073,0.009949911000148859,0.18401319800022975,0.0018995629998244112
554,0,16,0.20619866700144485,0.029977653001424187,2803.722023631,2803.898244645,2803.72212657,2803.732022458,2803.896475797,2803.896484988,0.17622101400002066,0.009895887999846309,0.1644533390003744,0.0017596570000932843
555,0,16,0.22799808299168944,0.04940304899173498,2804.041050761,2804.219645795,2804.041153699,2804.051269455,2804.217848251,2804.217857034,0.17859503399995447,0.01011575599977732,0.1665787960000671,0.0017887609997160325
556,4,16,0.3069735830067657,0.09719612900698849,2804.45398298,2804.663760434,2804.454105833,2804.464066875,2804.66169819,2804.661707586,0.2097774539997772,0.00996104199975889,0.19763131500030795,0.002052847999948426
557,0,16,0.2030084579891991,0.024041496989411826,2804.795398226,2804.974365187,2804.795501675,2804.806259163,2804.972373408,2804.972383007,0.17896696099978726,0.010757487999853765,0.16611424499978966,0.0019821799996861955
558,0,16,0.22968279098859057,0.020541566988868,2805.112278555,2805.321419779,2805.112382617,2805.121961418,2805.319384146,2805.319393132,0.20914122399972257,0.009578800999861414,0.19742272800021965,0.002026646999638615
559,0,16,0.3057374169875402,0.09655007498759005,2805.528160236,2805.737347578,2805.528262666,2805.538087589,2805.735125364,2805.735134453,0.20918734199995015,0.009824922999996488,0.19703777499989883,0.002213125000253058
560,0,16,0.1998949169937987,0.02192140899342121,2805.866753556,2806.044727064,2805.866853433,2805.876429889,2806.042696843,2806.042705932,0.17797350800037748,0.009576456000104372,0.1662669540000934,0.002021132000209036
561,0,16,0.22763216600287706,0.04994470700285092,2806.179556633,2806.357244092,2806.179678773,2806.189401062,2806.355405863,2806.355414441,0.17768745900002614,0.009722288999910234,0.16600480100032655,0.0018296510002073774
562,0,16,0.20716866699513048,0.029319852995286055,2806.529179427,2806.707028241,2806.529280325,2806.538881189,2806.705250572,2806.705259457,0.17784881399984442,0.009600864000276488,0.16636938299961912,0.0017687839999780408
563,0,16,0.20641316700493917,0.01752374800526013,2806.835848641,2807.02473806,2806.835953931,2806.845659267,2807.022769828,2807.022779019,0.18888941899967904,0.009705336000024545,0.17711056100006317,0.0019590409997363167
564,5,16,0.3210221250192262,0.08092813601933813,2807.160912396,2807.401006385,2807.161017992,2807.170830149,2807.398789788,2807.398798468,0.2400939889998881,0.00981215699994209,0.22795963900034621,0.0022079169998505677
565,0,16,0.23254795800312422,0.022951405002913816,2807.591268961,2807.800865514,2807.591372719,2807.601469291,2807.798819157,2807.798828042,0.2095965530002104,0.010096571999838488,0.19734986599996773,0.0020374720002109825
566,4,16,0.3430271669931244,0.08851625699298893,2808.005350974,2808.259861884,2808.005471072,2808.015639948,2808.257508951,2808.257517938,0.2545109100001355,0.010168876000079763,0.24186900299991976,0.0023439460001100088
567,2,16,0.20625833299709484,0.012335128997165157,2808.385637054,2808.579560258,2808.385740608,2808.395425213,2808.577682712,2808.577691903,0.19392320399992968,0.009684605000074953,0.18225749899966104,0.0018683550001696858
568,0,16,0.20463549997657537,0.026113689976682508,2808.710677422,2808.889199232,2808.71081437,2808.720561168,2808.887406857,2808.887415742,0.17852180999989287,0.009746797999923729,0.16684568899972874,0.0017834899999797926
569,0,16,0.2582449170004111,0.07047610200015697,2809.074605719,2809.262374534,2809.074708251,2809.084684318,2809.26048555,2809.260495149,0.1877688150002541,0.009976067000025068,0.17580123199968511,0.0018793850003930856
570,2,16,0.23103274998720735,0.0332767369868634,2809.391575753,2809.589331766,2809.391678183,2809.401590116,2809.587428893,2809.587439309,0.19775601300034396,0.009911933000239515,0.1858387769998444,0.0018924570003946428
571,0,16,0.27512629100237973,0.09484100700228737,2809.812734436,2809.99301972,2809.81285678,2809.822818447,2809.991225609,2809.991234289,0.18028528400009236,0.009961666999970475,0.16840716200022143,0.0017854309999165707
572,0,16,0.229214666003827,0.0505925700035732,2810.15207612,2810.330698216,2810.152180184,2810.1622548,2810.328781352,2810.328790134,0.1786220960002538,0.010074616000110836,0.1665265520000503,0.0019080820002272958
573,0,16,0.2284490409947466,0.04124762699484563,2810.462922913,2810.650124327,2810.463042091,2810.472980882,2810.648161814,2810.648170801,0.18720141399990098,0.00993879099996775,0.17518093200033036,0.0019535259998519905
574,2,16,0.29125412498251535,0.09805906398241859,2810.882073943,2811.075269004,2810.882179641,2810.892405196,2811.073277079,2811.073286066,0.19319506100009676,0.01022555499957889,0.18087188300023627,0.001982937999855494
575,5,16,0.2817601669812575,0.04094712398136835,2811.221472817,2811.46228586,2811.221595774,2811.231339406,2811.460097347,2811.460106334,0.24081304299988915,0.00974363200020889,0.22875794099991253,0.0021795259999635164
576,0,16,0.19628587501938455,0.017300832019373047,2811.596292822,2811.775277865,2811.596393107,2811.606558307,2811.773421663,2811.773430344,0.1789850430000115,0.010165199999846664,0.16686335600024904,0.001847520999945118
577,1,16,0.2536073329974897,0.06673822899756487,2811.953355335,2812.140224439,2811.953458276,2811.963623169,2812.138276733,2812.13828572,0.18686910399992485,0.01016489299991008,0.174653563999982,0.0019387190000088594
578,0,16,0.2253947500139475,0.04670259701424584,2812.290702949,2812.469395102,2812.290823149,2812.300635102,2812.467537776,2812.467546661,0.17869215299970165,0.009811952999825735,0.16690267400008452,0.0018484409997654438
579,0,16,0.24487816702458076,0.06564761802474095,2812.60764204,2812.786872589,2812.607746411,2812.618179787,2812.784951641,2812.784961138,0.1792305489998398,0.010433376000037242,0.166771854000217,0.001911450999614317
580,0,16,0.2656117500155233,0.08490918801544467,2813.022695557,2813.203398119,2813.022799723,2813.034672637,2813.201401292,2813.201409871,0.18070256200007861,0.011872913999923185,0.16672865500004264,0.001988248000088788
581,0,16,0.22988150001037866,0.05232670001032602,2813.362040815,2813.539595615,2813.362141305,2813.372006567,2813.5376378,2813.537646685,0.17755480000005264,0.009865261999948416,0.16563123300011284,0.0019489300002533128
582,0,16,0.23187483398942277,0.05364683398966008,2813.671484631,2813.849712631,2813.671586347,2813.681487556,2813.847790661,2813.847799342,0.1782279999997627,0.009901208999963274,0.1663031050002246,0.0019132889997308666
583,0,16,0.29312716698041186,0.11386633898064247,2814.113588058,2814.292848886,2814.11370601,2814.124051469,2814.290907428,2814.290916313,0.1792608279997694,0.01034545899983641,0.16685595900025874,0.0019325729999764008
584,0,16,0.21362641698215157,0.03471617698232876,2814.433749492,2814.612659732,2814.433851921,2814.443847609,2814.610576322,2814.610585616,0.1789102399998228,0.009995687999889924,0.166728712999884,0.002074115999675996
585,3,16,0.2265279580024071,0.021986401002322964,2814.750437113,2814.95497867,2814.750537704,2814.760638272,2814.953005042,2814.953014234,0.20454155700008414,0.010100567999870691,0.19236676999980773,0.0019644359999801964
586,1,16,0.2851596249965951,0.09711571599655144,2815.165409961,2815.35345387,2815.165531998,2815.175789325,2815.351577055,2815.351585837,0.18804390900004364,0.0102573270000903,0.1757877299996835,0.001868032999936986
587,0,16,0.2225582499813754,0.04414126298161136,2815.504810839,2815.683227826,2815.504930323,2815.515167634,2815.681348254,2815.68135673,0.17841698699976405,0.010237311000310001,0.16618061999997735,0.0018710959998315957
588,0,16,0.23049366698251106,0.04300714498231173,2815.817288545,2816.004775067,2815.817392506,2815.82781037,2816.002887529,2816.002898661,0.18748652200019933,0.010417863999919064,0.1750771590000113,0.0018764060000648897
589,0,16,0.2712487500102725,0.09532213201009654,2816.241384339,2816.417310957,2816.241510359,2816.252009309,2816.415512674,2816.415521457,0.17592661800017595,0.010498950000055629,0.16350336499999685,0.0017895000000862638
590,0,16,0.22941674999310635,0.042725867993340216,2816.57406502,2816.760755902,2816.574187057,2816.58426577,2816.758710584,2816.758719673,0.18669088199976613,0.010078712999984418,0.1744448139997985,0.002036228999713785
591,0,16,0.2257742090150714,0.04969491801512049,2816.888934342,2817.065013633,2816.889036873,2816.89962467,2817.063187778,2817.063196458,0.1760792909999509,0.010587796999971033,0.1635631080002895,0.001817174999814597
592,0,16,0.27859054200234823,0.09868123400201512,2817.308052564,2817.487961872,2817.308170005,2817.318584397,2817.48616359,2817.486172168,0.1799093080003331,0.01041439199980232,0.1675791930001651,0.0017897040002026188
593,1,16,0.22989645900088362,0.042039946000841155,2817.645434778,2817.833291291,2817.645537412,2817.655819861,2817.831403855,2817.831413047,0.18785651300004247,0.010282448999987537,0.17558399400013514,0.0018782440001814393
594,1,16,0.2223798749910202,0.03485424099108059,2817.964325905,2818.151851539,2817.96442864,2817.974748058,2818.149993822,2818.150002911,0.1875256339999396,0.010319418000108271,0.17524576400001024,0.0018486280000615807
595,0,16,0.19755845901090652,0.018782408010793006,2818.296625462,2818.475401513,2818.296747601,2818.307211727,2818.47351469,2818.473523268,0.1787760510001135,0.010464125999988028,0.16630296299990732,0.001878245000170864
596,0,16,0.19616533297812566,0.01702695097810647,2818.602256747,2818.781395129,2818.602380928,2818.612729655,2818.779562534,2818.779571827,0.1791383820000192,0.0103487269998368,0.16683287900013966,0.0018233020000479883
597,3,16,0.2243053330166731,0.019552484016458038,2818.910958867,2819.115711716,2818.911082946,2818.921163192,2819.113670484,2819.113679164,0.20475284900021506,0.010080246000143234,0.19250729199984562,0.0020325519999460084
598,0,16,0.20529437498771586,0.025698889987779694,2819.252516172,2819.432111657,2819.252620235,2819.263463543,2819.430130064,2819.430139153,0.17959548499993616,0.010843307999948593,0.16666652100002466,0.0019725040001503658
599,0,16,0.23194500000681728,0.05199535400697641,2819.56106807,2819.741017716,2819.561190413,2819.571643918,2819.739147846,2819.739156527,0.17994964599984087,0.010453504999986762,0.16750392799986003,0.0018611890000101994
600,0,16,0.19839329199749045,0.01932118799732052,2819.906796279,2820.085868383,2819.906903405,2819.917237835,2820.083971042,2820.083979722,0.17907210400016993,0.010334430000057182,0.16673320700010663,0.0018886610000663495
601,0,16,0.1966416249924805,0.017950335992736655,2820.217439857,2820.396131146,2820.217546065,2820.227673696,2820.394307026,2820.394316115,0.17869128899974385,0.010127630999704706,0.16663333000042257,0.0018150309997508884
602,0,16,0.19415054100682028,0.019126588007111422,2820.52415344,2820.699177393,2820.524257299,2820.534449165,2820.697312731,2820.697321718,0.17502395299970885,0.010191865999786387,0.16286356599994178,0.0018556750001152977
603,0,16,0.228765707986895,0.0505044589872341,2820.860067638,2821.038328887,2820.860202747,2820.870329662,2821.036526009,2821.03653469,0.1782612489996609,0.010126915000000736,0.16619634700009556,0.001794196999981068
604,0,16,0.22934187500504777,0.05361838000544594,2821.170234813,2821.345958308,2821.170338366,2821.180682599,2821.34412898,2821.344138069,0.17572349499960183,0.010344233000068925,0.1634463809996305,0.0018202389996986312
605,0,16,0.19371241697808728,0.01690886997812413,2821.50347288,2821.680276427,2821.503597572,2821.514581197,2821.678472834,2821.678482025,0.17680354699996315,0.010983624999880703,0.1638916369997787,0.0017944020000868477
606,0,16,0.24213904098724015,0.01918444098737382,2821.808108773,2822.031063373,2821.808211304,2821.818497225,2822.028914844,2822.02892342,0.22295459999986633,0.010285921000104281,0.2104176190000544,0.002139953000096284
607,0,16,0.20293183298781514,0.027122633987801237,2822.167837519,2822.343646718,2822.167960444,2822.178209962,2822.341756187,2822.341765274,0.1758091990000139,0.010249517999909585,0.16354622500011828,0.0018814439999914612
608,0,16,0.1896494579850696,0.014427520985009323,2822.472382154,2822.647604091,2822.472486599,2822.48261748,2822.645752255,2822.645761036,0.17522193700006028,0.010130880999895453,0.1631347749998895,0.0018430550003358803
609,0,16,0.22734033400774933,0.05164711800762234,2822.779059085,2822.954752301,2822.779181908,2822.78945307,2822.952897709,2822.952906694,0.175693216000127,0.010271162000208278,0.16344463899986295,0.0018456070001775515
610,0,16,0.20008466599392705,0.024424834994078992,2823.120316372,2823.295976203,2823.120417346,2823.130764367,2823.294103948,2823.294112729,0.17565983099984805,0.010347021000143286,0.1633395809999456,0.0018634739999470185
611,0,16,0.19601766701089218,0.019563929010928405,2823.427031385,2823.603485123,2823.427135831,2823.437732274,2823.601578155,2823.601587344,0.17645373799996378,0.010596442999940336,0.16384588099981556,0.0018977790000462846
612,0,16,0.193081292003626,0.01723258200354394,2823.729461081,2823.905309791,2823.729564505,2823.740396181,2823.903442846,2823.903451728,0.17584871000008206,0.010831676000179868,0.16304666499991072,0.0018580629998723452
613,0,16,0.23114712501410395,0.05236527001397917,2824.070933895,2824.24971575,2824.071036605,2824.081370149,2824.24762756,2824.247638995,0.17878185500012478,0.01033354400033204,0.16625741100006053,0.0020767549999618495
614,0,16,0.23437374999048188,0.05934937099027593,2824.377422866,2824.552447245,2824.377544872,2824.387714141,2824.550587446,2824.55059643,0.17502437900020595,0.010169269000016357,0.1628733050001756,0.0018508150001252943
615,0,16,0.19473179199849255,0.01772734299856893,2824.722889306,2824.899893755,2824.722991914,2824.733580802,2824.897988829,2824.897997507,0.17700444899992362,0.010588887999801955,0.16440802700026325,0.0018962479998663184
616,0,16,0.20257808300084434,0.01841387900049085,2825.029460465,2825.213624669,2825.029582981,2825.040131031,2825.211639087,2825.211647663,0.1841642040003535,0.010548049999670184,0.17150805600022068,0.001977006000288384
617,0,16,0.1943991660082247,0.018884518008235318,2825.346279508,2825.521794156,2825.346392223,2825.356509321,2825.519756402,2825.519764876,0.1755146479999894,0.010117098000137048,0.16324708100000862,0.0020292799999879207
618,0,16,0.22174983299919404,0.04589846799945008,2825.675508747,2825.851360112,2825.675640861,2825.686378607,2825.849429866,2825.849438442,0.17585136499974396,0.010737745999904291,0.1630512589999853,0.001921669999774167
619,0,16,0.23538512497907504,0.060219545978725364,2825.992220282,2826.167385861,2825.992322379,2826.002610388,2826.165513504,2826.165522489,0.17516557900034968,0.010288008999850717,0.16290311600005225,0.0018633720001162146
620,1,16,0.2032458749890793,0.019669136989250546,2826.330251611,2826.513828349,2826.330354728,2826.340822326,2826.511946497,2826.511955584,0.18357673799982877,0.010467597999650025,0.171124170999974,0.0018727649999163987
621,0,16,0.1964926660002675,0.021276957000281982,2826.646884122,2826.822099831,2826.64698867,2826.657571534,2826.820263208,2826.820271988,0.1752157089999855,0.01058286399984354,0.1626916740001434,0.0018278429997735657
622,2,16,0.21922450000420213,0.027812225004254287,2826.957562643,2827.148974918,2826.957665761,2826.968044227,2827.147061314,2827.147070196,0.19141227499994784,0.010378466000020126,0.17901708699992014,0.0019047219998356013
623,0,16,0.19845174998044968,0.023060331980559567,2827.284088456,2827.459479874,2827.284192391,2827.294480706,2827.457555346,2827.45756872,0.1753914179998901,0.010288314999797876,0.1630746400001044,0.0019111540000267269
624,0,16,0.23044758298783563,0.05449463198783633,2827.59061653,2827.766569481,2827.590756709,2827.601027361,2827.764692223,2827.76470131,0.1759529509999993,0.010270652000144764,0.16366486200013242,0.0018681709998418228
625,2,16,0.2115394590073265,0.018657294007425662,2827.932035539,2828.124917704,2827.932139678,2827.942888654,2828.122893836,2828.122903739,0.19288216499990085,0.0107489759998316,0.180005182000059,0.002013965000060125
626,0,16,0.192905374977272,0.01760941797738269,2828.250899687,2828.426195644,2828.251024245,2828.261532375,2828.424450704,2828.424459586,0.1752959569998893,0.010508130000289384,0.1629183289996945,0.001736058000005869
627,0,16,0.19394508301047608,0.019513683010700333,2828.549707593,2828.724138993,2828.549810916,2828.560145685,2828.722253976,2828.722263165,0.17443139999977575,0.0103347690001101,0.16210829100009505,0.0018758279998110083
628,0,16,0.22989591700024903,0.05294956200032175,2828.888637682,2829.065584037,2828.888738554,2828.899209112,2829.063671658,2829.06368054,0.17694635499992728,0.010470557999724406,0.16446254600032262,0.0019034970000575413
629,0,16,0.23434816702501848,0.05818346602472957,2829.193183644,2829.369348345,2829.193300954,2829.203741189,2829.367528568,2829.367537348,0.17616470100028891,0.010440235000260145,0.16378737900004126,0.001810997000120551
630,0,16,0.22117716699722223,0.020400860997142445,2829.544757323,2829.745533629,2829.54486136,2829.555392053,2829.743473618,2829.743482092,0.20077630600007979,0.01053069299996423,0.18808156499972029,0.002051537000170356
631,2,16,0.303472250001505,0.10976215800155842,2829.95761947,2830.151329562,2829.957739454,2829.968867131,2830.149289936,2830.149298513,0.1937100919999466,0.011127676999876712,0.18042280500003471,0.0020310489999246784
632,0,16,0.21298512499197386,0.036167865991956205,2830.284715459,2830.461532718,2830.28481788,2830.296724687,2830.459693235,2830.459702426,0.17681725900001766,0.011906806999832042,0.1629685480002081,0.0018302919997950085
633,0,16,0.20019320800201967,0.02534715900219453,2830.613967281,2830.78881333,2830.614092677,2830.624346359,2830.786991921,2830.787000907,0.17484604899982514,0.01025368199998411,0.1626455620003071,0.001812422999591945
634,0,16,0.19117850001202896,0.01607134501227847,2830.92056438,2831.095671535,2830.920667311,2830.93096766,2831.093686233,2831.093695219,0.1751071549997505,0.010300348999862763,0.16271857299989279,0.0019763159998547053
635,0,16,0.19535437499871477,0.018972019998727774,2831.220979187,2831.397361542,2831.221082322,2831.231763761,2831.395380631,2831.395389822,0.176382354999987,0.010681439000109094,0.163616870000169,0.00197171999980128
636,0,16,0.22862499998882413,0.05402177798896446,2831.564511866,2831.739115088,2831.564616635,2831.575138265,2831.737201981,2831.737210558,0.17460322199985967,0.010521629999857396,0.16206371599992053,0.0019045300000470888
637,0,16,0.23707337499945424,0.03149568699973315,2831.863294176,2832.068871864,2831.863398945,2831.874083242,2832.066877474,2832.066886256,0.2055776879997211,0.010684296999897924,0.19279423200032397,0.00198560799981351
638,0,16,0.19793545801076107,0.021642861010604975,2832.216629602,2832.392922199,2832.216734677,2832.227390587,2832.390970901,2832.39097958,0.1762925970001561,0.010655909999968571,0.16358031399977335,0.0019426190001468058
639,1,16,0.20076274999883026,0.015515463998781343,2832.519226178,2832.704473464,2832.519349123,2832.53034732,2832.702529519,2832.702538301,0.18524728600004892,0.010998196999935317,0.17218219899996257,0.001935162999870954
640,1,16,0.2312191669770982,0.020543331977023627,2832.836107901,2833.046783736,2832.836229621,2832.847158686,2833.044679267,2833.044688253,0.21067583500007458,0.010929065000254923,0.1975205809999352,0.002095483000175591
641,0,16,0.20678641702397726,0.030951903024288185,2833.18570687,2833.361541384,2833.185830837,2833.196367376,2833.359610509,2833.359619086,0.17583451399968908,0.010536538999986078,0.16324313299992355,0.0019222979999540257
642,0,16,0.2213639580004383,0.0447702270002992,2833.484111664,2833.660705395,2833.484233588,2833.49476543,2833.658673121,2833.658682005,0.1765937310001391,0.010531842000091274,0.16390769100007674,0.0020233899999766436
643,0,16,0.2019142500066664,0.025960059006592928,2833.825551005,2834.001505196,2833.82565465,2833.836161882,2833.999579426,2833.999588412,0.17595419100007348,0.010507231999781652,0.1634175439999126,0.001916784000059124
644,1,16,0.20516616699751467,0.0199509439976282,2834.130820417,2834.31603564,2834.13094714,2834.141444365,2834.314056771,2834.314065451,0.18521522299988646,0.010497225000108301,0.17261240600009842,0.0019701890000760613
645,1,16,0.2039109589823056,0.01935825298232885,2834.447040645,2834.631593351,2834.447143371,2834.457876377,2834.629644096,2834.629652775,0.18455270599997675,0.010733006000009482,0.17176771899994492,0.0019405759999244765
646,0,16,0.22889554098946974,0.05245875898981467,2834.796670044,2834.973106826,2834.796794215,2834.807772601,2834.971219554,2834.971228847,0.17643678199965507,0.010978386000260798,0.16344695299994783,0.001877978999800689
647,1,16,0.2165832919999957,0.03239809400020022,2835.103289915,2835.287475113,2835.103393255,2835.11411513,2835.285434364,2835.285442941,0.1841851979997955,0.010721874999944703,0.17131923400029336,0.0020321719998719345
648,0,16,0.20744262501830235,0.0322520430181612,2835.438610785,2835.613801367,2835.438734241,2835.449289364,2835.611814227,2835.611822498,0.17519058200014115,0.010555122999903688,0.16252486300027158,0.0019788690001405485
649,2,16,0.2369382499891799,0.04332935298907614,2835.773842407,2835.967451304,2835.773944214,2835.785372719,2835.965390642,2835.965399934,0.19360889700010375,0.011428504999912548,0.18001792299992303,0.0020513700001174584
650,0,16,0.2174843749962747,0.023900392995983566,2836.094861485,2836.288445467,2836.094965744,2836.106172559,2836.286414622,2836.286423608,0.19358398200029114,0.01120681499969578,0.18024206300015067,0.0020218590002514247
651,0,16,0.1967175000172574,0.0194244920176061,2836.421894164,2836.599187172,2836.421998116,2836.432960879,2836.597142542,2836.597151528,0.1772930079996513,0.010962762999952247,0.16418166299990844,0.002035643999988679
652,0,16,0.23748008301481605,0.05234665401485472,2836.761219743,2836.946353172,2836.761324103,2836.780602424,2836.944348367,2836.944357353,0.18513342899996132,0.019278321000001597,0.16374594300032186,0.001995818999603216
653,0,16,0.2019657909986563,0.02490958499856788,2837.076143224,2837.25319943,2837.076265148,2837.087166234,2837.251315017,2837.251324003,0.17705620600008842,0.010901086000103533,0.1641487829997459,0.0018754270004137652
654,4,16,0.23039350000908598,0.02393436400916471,2837.388908116,2837.595367252,2837.389043723,2837.400034363,2837.593292192,2837.593300872,0.20645913599992127,0.010990639999818086,0.1932578289997764,0.00206638000008752
655,0,16,0.2189583750150632,0.03444416601496414,2837.742473707,2837.926987916,2837.742593589,2837.753435244,2837.925006393,2837.925015481,0.18451420900009907,0.010841654999694583,0.1715711490001013,0.0019724349999705737
656,0,16,0.20484470899100415,0.019612969991158025,2838.05951323,2838.244744969,2838.059616379,2838.070613313,2838.242841934,2838.242850819,0.18523173899984613,0.010996934000104375,0.1722286209997037,0.0018941499997708888
657,0,16,0.20221749998745508,0.02588898898784464,2838.380522316,2838.556850827,2838.380644256,2838.391641803,2838.554839027,2838.554847912,0.17632851099961044,0.010997546999988117,0.1631972240002142,0.002002915000048233
658,0,16,0.20205870797508396,0.026319265974962036,2838.693367471,2838.869106913,2838.693470109,2838.704089377,2838.867177427,2838.867186312,0.17573944200012193,0.01061926800002766,0.16308805000016946,0.001920601000165334
659,0,16,0.20457637499202974,0.02770761299188962,2839.012216775,2839.189085537,2839.012339226,2839.023377725,2839.187109686,2839.187118673,0.17686876200014012,0.011038498999823787,0.16373196099993947,0.0019668640002237225
660,0,16,0.19954999999026768,0.023745196990148543,2839.325070509,2839.500875312,2839.325173861,2839.335996158,2839.498969622,2839.498979835,0.17580480300011914,0.010822296999776881,0.16297346400006063,0.0018954770002892474
661,0,16,0.22986162500455976,0.05327258900479137,2839.671354906,2839.847943942,2839.671477356,2839.682748195,2839.845921317,2839.845929895,0.17658903599976838,0.011270838999735133,0.16317312199998923,0.0020140469996476895
662,0,16,0.19857974999467842,0.02221406599483089,2839.981389628,2840.157755312,2839.981490836,2839.992894848,2840.155928566,2840.155937247,0.17636568399984753,0.011404012000184593,0.16303371799995148,0.0018180649999521847
663,0,16,0.19622349998098798,0.02057964898085629,2840.29019954,2840.465843391,2840.290306774,2840.301134177,2840.463989377,2840.46399765,0.1756438510001317,0.010827403000348568,0.16285519999973985,0.0018457410001246899
664,0,16,0.19586100001470186,0.01878583901498132,2840.594818671,2840.771893832,2840.594922637,2840.606116165,2840.769958627,2840.769967512,0.17707516099972054,0.011193528000148945,0.16384246200004782,0.0019263199997112679
665,0,16,0.20077975001186132,0.02428017701186036,2840.903569248,2841.080068821,2840.903671886,2840.914839985,2841.07822696,2841.078235845,0.17649957300000096,0.011168098999860376,0.16338697499986665,0.0018329760000597162
666,0,16,0.19768808301887475,0.02213155101890152,2841.214305991,2841.389862523,2841.214407607,2841.225892096,2841.388005343,2841.388014841,0.17555653199997323,0.011484488999940368,0.1621132469999793,0.001847682000061468
667,0,16,0.19615833298303187,0.020285716982925805,2841.519855192,2841.695727808,2841.519956094,2841.530746834,2841.69379148,2841.693800262,0.17587261600010606,0.010790740000174992,0.16304464599988933,0.0019275459999334998
668,0,16,0.20284354101750068,0.022872058017128438,2841.827598388,2842.007569871,2841.827764753,2841.839237906,2842.005644879,2842.005653662,0.17997148300037225,0.011473153000224556,0.16640697299999374,0.001916209000228264
669,2,16,0.22611533300369047,0.019743100003779546,2842.137245232,2842.343617465,2842.137346644,2842.148791507,2842.341553785,2842.341562568,0.20637223299991092,0.011444863000178884,0.1927622779999183,0.002054897000107303
670,0,16,0.23385608298121952,0.028283094980906753,2842.477892218,2842.683465206,2842.477995673,2842.489032232,2842.681428589,2842.681437882,0.20557298800031276,0.011036559000331181,0.19239635699977953,0.0020273240002097737
671,0,16,0.19801604200620204,0.016900226006328012,2842.821312565,2843.002428381,2842.821416633,2842.833145103,2843.000547508,2843.000556597,0.18111581599987403,0.011728469999980007,0.16740240500030268,0.0018717839998316776
672,1,16,0.21252912501222454,0.015874072012593388,2843.130135959,2843.326791012,2843.130244418,2843.141592056,2843.324854582,2843.324863671,0.19665505299963115,0.011347637999733706,0.1832625260003624,0.0019273409998277202
673,4,16,0.24482133399578743,0.02255905699576033,2843.453174002,2843.675436279,2843.453276435,2843.464487019,2843.673344514,2843.673353705,0.2222622770000271,0.011210583999854862,0.2088574949998474,0.002082574000269233
674,0,16,0.23598495800979435,0.05566634600972975,2843.80691939,2843.987238002,2843.80704133,2843.818353938,2843.985383989,2843.985392976,0.1803186120000646,0.011312608000025648,0.16703005099998336,0.0018450259999553964
675,0,16,0.20743916698847897,0.025835591988652595,2844.162643386,2844.344246961,2844.162744901,2844.174127875,2844.342380998,2844.342389781,0.18160357499982638,0.01138297399984367,0.16825312299988582,0.001857180000115477
676,0,16,0.23348220801563002,0.01949742701572177,2844.477557941,2844.691542722,2844.477676919,2844.488658534,2844.689481084,2844.689489969,0.21398478099990825,0.01098161500021888,0.20082254999988436,0.0020527530000435945
677,0,16,0.19680524998693727,0.017332963986973482,2844.818922063,2844.998394349,2844.819023169,2844.830068307,2844.996500608,2844.996509289,0.1794722859999638,0.011045138000099541,0.16643230099998618,0.0018850599999495898
678,0,16,0.19942979101324454,0.018553259013515344,2845.127616266,2845.308492798,2845.127742291,2845.138909879,2845.306554938,2845.306564232,0.1808765319997292,0.011167588000262185,0.16764505899982396,0.0019285660000605276
679,0,16,0.2026316250266973,0.0231866070266733,2845.439250399,2845.618695417,2845.439353343,2845.450506838,2845.616785437,2845.616794425,0.179445018000024,0.011153494999689428,0.16627859900017938,0.0019009919997188263
680,0,16,0.19553508301032707,0.015638970010058983,2845.749301563,2845.929197676,2845.749403894,2845.760574751,2845.927262369,2845.927270948,0.1798961130002681,0.011170857000251999,0.16668761799974163,0.001926727999943978
681,0,16,0.19679266697494313,0.01790270897481605,2846.053820711,2846.232710669,2846.053924677,2846.064841033,2846.230887396,2846.230896689,0.17888995800012708,0.010916356000052474,0.1660463630000777,0.0018139799999516981
682,0,16,0.20012954098638147,0.020884384986402438,2846.366784946,2846.546030102,2846.366889218,2846.377932109,2846.544177416,2846.544186199,0.17924515599997903,0.011042891000215604,0.16624530699982643,0.0018439030000081402
683,0,16,0.20284708301187493,0.021205931011991197,2846.67750542,2846.859146572,2846.677609996,2846.688755368,2846.856870602,2846.856880712,0.18164115199988373,0.011145372000100906,0.16811523400019723,0.002265860000079556
684,0,16,0.19771499998751096,0.018500044987831643,2846.990334119,2847.169549074,2846.990436346,2847.001501958,2847.167718576,2847.167727461,0.17921495499967932,0.011065612000038527,0.1662166179999076,0.001821612999719946
685,0,16,0.19465074999607168,0.01449889399600579,2847.301120102,2847.481271958,2847.301222432,2847.312771302,2847.479040616,2847.479049808,0.1801518560000659,0.011548869999842282,0.16626931400014655,0.002222149999852263
686,2,16,0.21393987501505762,0.016360189015358628,2847.605420397,2847.803000083,2847.605522318,2847.617042696,2847.800870663,2847.800879344,0.197579685999699,0.011520378000113851,0.18382796699961546,0.0021207390000199666
687,0,16,0.19515374998445623,0.015813588984201488,2847.92673471,2848.106074871,2847.92683755,2847.93814234,2848.10423222,2848.104241105,0.17934016100025474,0.011304789999940112,0.1660898800000723,0.0018337660003453493
688,0,16,0.22606416698545218,0.027045734985222225,2848.237633542,2848.436651974,2848.23775885,2848.249489198,2848.434656542,2848.434665325,0.19901843200022995,0.011730348000128288,0.18516734400009227,0.001986649000173202
689,0,16,0.19968412499292754,0.018204636992777523,2848.574969621,2848.756449109,2848.575073891,2848.587706314,2848.75454028,2848.754549165,0.18147948800015,0.01263242300001366,0.16683396600001288,0.001899944000342657
690,0,16,0.1973366669844836,0.01724322798418143,2848.883864137,2849.063957576,2848.883969122,2848.895657598,2849.062040577,2849.062049564,0.18009343900030217,0.011688476000017545,0.16638297899999088,0.0019080120000580791
691,0,16,0.19859287500730716,0.017207955007052078,2849.194434533,2849.375819453,2849.19453625,2849.206061836,2849.373875697,2849.373884582,0.18138492000025508,0.011525586000061594,0.16781386100001328,0.001934871000230487
692,0,16,0.21096149997902103,0.030920449979021214,2849.516076975,2849.696118025,2849.51619779,2849.527585608,2849.694282113,2849.694291713,0.1800410499999998,0.01138781800000288,0.16669650499989075,0.0018263120000483468
693,0,16,0.19768079099594615,0.017788333996122674,2849.82418972,2850.004082177,2849.82431462,2849.835557317,2850.002231865,2850.00224075,0.17989245699982348,0.011242696999943291,0.16667454799971892,0.001841426999817486
694,0,16,0.19807795897941105,0.017828777979048027,2850.132894691,2850.313143872,2850.133010705,2850.144561924,2850.311289986,2850.311299076,0.18024918100036302,0.01155121900001177,0.16672806199994739,0.0018447960001140018
695,0,16,0.20577016699826345,0.025011277998146397,2850.449931066,2850.630689955,2850.45004177,2850.461930003,2850.628846589,2850.628856087,0.18075888900011705,0.011888232999808679,0.16691658600029768,0.0018338680001761531
696,0,16,0.2040007910109125,0.024643268011004693,2850.766762066,2850.946119589,2850.766866336,2850.778468209,2850.944307779,2850.944316664,0.17935752299990781,0.011601873000017804,0.1658395700001165,0.0018029249999926833
697,0,16,0.20165279100183398,0.020744798001487652,2851.077484221,2851.258392214,2851.077587572,2851.0897158,2851.256155664,2851.256164549,0.18090799300034632,0.012128227999710361,0.16643986400003996,0.0022276650001913367
698,0,16,0.20023204101016745,0.01914818801014917,2851.390299644,2851.571383497,2851.390399012,2851.401762626,2851.569184427,2851.569193312,0.18108385300001828,0.01136361399994712,0.16742180099981852,0.0021901850000176637
699,0,16,0.21293045798665844,0.0235012089869997,2851.699109293,2851.888538542,2851.699229597,2851.710748238,2851.886570582,2851.886579569,0.18942924899965874,0.011518641000293428,0.1758223439996982,0.0019589730000006966
700,2,16,0.2253283750033006,0.018493150003450864,2852.022147996,2852.228983221,2852.022252266,2852.034548185,2852.226907416,2852.226920897,0.20683522499984974,0.012295918999825517,0.1923592309999549,0.0020623239997803466
701,0,16,0.20322554200538434,0.022621372005232843,2852.363595548,2852.544199718,2852.36369747,2852.375183022,2852.542298548,2852.542307944,0.1806041700001515,0.0114855520000674,0.16711552600008872,0.0018917739998869365
702,2,16,0.22322279098443687,0.01616809798451868,2852.672249558,2852.879304251,2852.67235005,2852.683962238,2852.877051463,2852.877060756,0.2070546929999182,0.011612187999617163,0.19308922500022163,0.0022434950001297693
703,1,16,0.2051000840147026,0.01648406101458022,2853.003520399,2853.192136422,2853.003638967,2853.015020454,2853.190092992,2853.190101672,0.18861602300012237,0.011381487000107882,0.17507253799976752,0.00203475000034814
704,0,16,0.2171899169916287,0.03609697399133438,2853.324458788,2853.505551731,2853.324562139,2853.336393897,2853.503688756,2853.503697641,0.18109294300029433,0.01183175799997116,0.16729485899986685,0.0018540900000516558
705,1,16,0.2170414160063956,0.019505337006648915,2853.652252968,2853.849789047,2853.652357443,2853.664121287,2853.84777319,2853.847781973,0.19753607899974668,0.011763844000142853,0.1836519030002819,0.0020070739997208875
706,0,16,0.20357020798837766,0.02721098998836169,2853.976721225,2854.153080443,2853.976823963,2853.988530822,2854.151106765,2854.151115649,0.17635921800001597,0.01170685900024182,0.16257594299986522,0.0019647939998321817
707,0,16,0.1995542079966981,0.01874854399693504,2854.295822681,2854.476628345,2854.295944313,2854.307963675,2854.474721047,2854.474729728,0.18080566399976306,0.012019362000046385,0.16675737200012009,0.0018986169998242985
708,0,16,0.20300970898824744,0.02332421398796214,2854.606535951,2854.786221446,2854.606640426,2854.618338706,2854.784205496,2854.784214561,0.1796854950002853,0.011698280000018713,0.16586679000010918,0.002006884999900649
709,0,16,0.20182629200280644,0.022322819002965844,2854.91875409,2855.098257563,2854.918856756,2854.930218615,2855.096232854,2855.096241511,0.1795034729998406,0.011361858999862307,0.1660142390001056,0.002016052000271884
710,0,16,0.2278446250129491,0.021175174013023934,2855.232714389,2855.43938384,2855.232815222,2855.244398811,2855.437309529,2855.437318288,0.20666945099992517,0.011583588999656058,0.19291071799989368,0.002065552000203752
711,0,16,0.19494649997795932,0.01608876597811104,2855.563161212,2855.742018946,2855.563270499,2855.574733395,2855.740080607,2855.740089265,0.17885773399984828,0.011462896000011824,0.16534721200014246,0.001929681000092387
712,0,16,0.20080500000040047,0.021856720000414498,2855.866876761,2856.045825041,2855.866979937,2855.878453833,2856.043879369,2856.043887823,0.17894827999998597,0.011473896000097739,0.1654255359999297,0.0019372179999663786
713,0,16,0.19840483300504275,0.018349527004829724,2856.178900554,2856.35895586,2856.179023082,2856.190901736,2856.357123141,2856.357132002,0.18005530600021302,0.011878653999701783,0.16622140500021487,0.001823858000079781
714,1,16,0.23268845802522264,0.017485875025158748,2856.484674526,2856.699877109,2856.48477485,2856.49650592,2856.69780565,2856.697814511,0.2152025830000639,0.011731069999768806,0.20129973000030077,0.0020625980000659183
715,0,16,0.20555908299866132,0.017295857998760766,2856.831414764,2857.019677989,2856.831518143,2856.843123325,2857.017621706,2857.017630567,0.18826322499990056,0.011605182000039349,0.17449838100037596,0.0020474219995776366
716,0,16,0.19533229200169444,0.01538932900166401,2857.14329077,2857.323233733,2857.143411159,2857.154854906,2857.321301302,2857.321310468,0.17994296300003043,0.011443746999702853,0.16644639600008304,0.0019232650001868024
717,1,16,0.21446016599657014,0.025361450996570056,2857.455338804,2857.644437519,2857.455442183,2857.467111532,2857.642468522,2857.642480235,0.18909871500000008,0.01166934900038541,0.17535698999972738,0.0019572839996726543
718,0,16,0.19756912501179613,0.018371920011759357,2857.773454345,2857.95265155,2857.773576465,2857.785385554,2857.950336767,2857.950345832,0.17919720500003677,0.011809089000053064,0.16495121299976745,0.0023057180001160305
719,0,16,0.2074811670172494,0.018195351017311623,2858.083361966,2858.272647782,2858.083465651,2858.095230027,2858.270228703,2858.270238379,0.18928581599993777,0.011764375999973709,0.17499867600008656,0.0024094030000014754
720,0,16,0.19848750001983717,0.01889399001993297,2858.399423566,2858.579017076,2858.399524908,2858.411456525,2858.577161644,2858.577170607,0.1795935099999042,0.01193161700030032,0.16570511899999474,0.0018464690001565032
721,1,16,0.21661712499917485,0.02180972599899178,2858.709391381,2858.90419878,2858.70949364,2858.722930014,2858.902252191,2858.90226146,0.19480739900018307,0.013436374000320939,0.1793221769999036,0.0019373200002519297
722,0,16,0.1922987089783419,0.012696846978542453,2859.029431511,2859.209033373,2859.029533974,2859.041301508,2859.207091164,2859.207100127,0.17960186199979944,0.01176753399977315,0.16578965600001538,0.0019332459996803664
723,0,16,0.19541029198444448,0.016047577984409145,2859.331266777,2859.510629491,2859.331372193,2859.343060996,2859.508752874,2859.508761735,0.17936271400003534,0.011688803000197368,0.16569187799996143,0.001867756000137888
724,0,16,0.19826791700324975,0.018692129003284208,2859.637290998,2859.816866786,2859.637412609,2859.649429475,2859.815047511,2859.815056678,0.17957578799996554,0.012016866000067239,0.16561803600006897,0.001810107999972388
725,0,16,0.20159116698778234,0.020654843987813365,2859.947335405,2860.128271728,2859.947438377,2859.959630734,2860.126365778,2860.126374741,0.18093632299996898,0.01219235700000354,0.16673504400023376,0.0018969870002365496
726,0,16,0.19843937500263564,0.017707469002743892,2860.25917831,2860.439910216,2860.259300837,2860.271434019,2860.43784884,2860.4378576,0.18073190599989175,0.01213318200007052,0.16641482099976201,0.0020526160001281823
727,0,16,0.20462604198837653,0.02482821698868065,2860.571078149,2860.750875974,2860.571177964,2860.582948044,2860.748895061,2860.748904024,0.17979782499969588,0.01177008000013302,0.16594701699978032,0.001971950000097422
728,0,16,0.20327679099864326,0.02241879199846153,2860.887177027,2861.068035026,2860.887297823,2860.899501181,2861.065987095,2861.065995956,0.18085799900018174,0.012203357999624131,0.16648591400007717,0.0020390700001371442
729,0,16,0.1945062919985503,0.013830505998157605,2861.193081267,2861.373757053,2861.193188313,2861.205355411,2861.371691705,2861.371700464,0.1806757860003927,0.012167097999736143,0.1663362940003026,0.002056589000403619
730,0,16,0.19940508299623616,0.01806226999633509,2861.500931586,2861.682274399,2861.501033743,2861.51312761,2861.680339013,2861.68034818,0.18134281299990107,0.012093867000203318,0.16721140299978288,0.001926219000324636
731,0,16,0.2014247500046622,0.021173482004542166,2861.811650456,2861.991901724,2861.811749863,2861.823751044,2861.989990681,2861.989999746,0.18025126800012004,0.012001180999959615,0.16623963700021704,0.0019019779997506703
732,0,16,0.2007991669815965,0.023703262981598527,2862.12726452,2862.304360424,2862.127372279,2862.139452497,2862.302382159,2862.302390816,0.17709590399999797,0.012080217999937304,0.16292966199989678,0.0019696080003086536
733,0,16,0.20315474999370053,0.026136660993415717,2862.43082393,2862.607842019,2862.430926393,2862.443119667,2862.605957356,2862.605966217,0.17701808900028482,0.012193273999855592,0.16283768900029827,0.0018758020000859688
734,0,16,0.19867837501806207,0.019948824017774314,2862.744859947,2862.923589498,2862.744963179,2862.757204643,2862.921719996,2862.921728675,0.17872955100028776,0.012241463999998814,0.16451535299984243,0.0018608230002428172
735,0,16,0.20402645799913444,0.02634903099942676,2863.053529735,2863.231207162,2863.053633988,2863.065930591,2863.229221665,2863.229230344,0.17767742699970768,0.0122966029998679,0.16329107399997156,0.0019768180000028224
736,1,16,0.20983304199762642,0.023650295997867943,2863.37057537,2863.556758116,2863.370681461,2863.383040452,2863.554683785,2863.554692464,0.18618274599975848,0.01235899099992821,0.17164333300024737,0.0020656520000557066
737,0,16,0.1948224579973612,0.016176431997337204,2863.685245964,2863.86389199,2863.685350523,2863.697434026,2863.861944376,2863.861953259,0.178646026000024,0.012083502999757911,0.16451035000000047,0.0019387309998819546
738,0,16,0.19337883300613612,0.015734694005914207,2863.991747277,2864.169391416,2863.991901869,2864.003753484,2864.16719915,2864.167208237,0.1776441390002219,0.011851615000068705,0.1634456660003707,0.0021831789999851026
739,0,16,0.2088732499978505,0.023121298997921258,2864.300548581,2864.486300532,2864.300650179,2864.31251323,2864.484267963,2864.484276744,0.18575195099992925,0.011863051000091218,0.17175473299994337,0.0020237879998603603
740,0,16,0.19567395900958218,0.017242156009615428,2864.617394492,2864.795826295,2864.617513039,2864.629834149,2864.793969556,2864.793978542,0.17843180299996675,0.012321109999902546,0.16413540699977602,0.0018477530002201092
741,1,16,0.22646845801500604,0.03967581901497397,2864.921977393,2865.108770032,2864.922080012,2864.934491793,2865.106706627,2865.106715102,0.18679263900003207,0.012411780999627808,0.17221483400044235,0.002054929999758315
742,0,16,0.19479304199921899,0.016242077999322646,2865.255391916,2865.43394288,2865.255512813,2865.267663197,2865.431896628,2865.431905307,0.17855096399989634,0.01215038399959667,0.1642334309999569,0.0020375730000523617
743,0,16,0.198600624979008,0.020115725978939736,2865.56386678,2865.742351679,2865.563987676,2865.57622863,2865.740460428,2865.740469209,0.17848489900006825,0.0122409539999353,0.16423179799994614,0.0018824700000550365
744,4,16,0.25995125001645647,0.02141407701674325,2865.873177196,2866.111714369,2865.873277874,2865.885449293,2866.109472375,2866.109480952,0.23853717299971322,0.012171418999969319,0.224023082000258,0.0022334169998430298
745,0,16,0.19395245899795555,0.016520908997790684,2866.240496084,2866.417927634,2866.240618921,2866.2524688,2866.41569677,2866.415705654,0.17743155000016486,0.011849878999782959,0.16322797000020728,0.002221980000285839
746,0,16,0.19243429202469997,0.015183883024747047,2866.543025995,2866.720276404,2866.543126776,2866.55505293,2866.718275489,2866.718284576,0.17725040899995292,0.011926153999866074,0.1632225590001326,0.001991827999972884
747,0,16,0.1962807500094641,0.018053980009426596,2866.84764882,2867.02587559,2866.847770942,2866.860132588,2867.023891726,2867.023900406,0.1782267700000375,0.012361646000044857,0.16375913799993214,0.0019751840000026277
748,0,16,0.2010537089954596,0.0152433519956503,2867.152258985,2867.338069342,2867.152362727,2867.164580911,2867.336021354,2867.336029829,0.1858103569998093,0.012218184000175825,0.17144044299993766,0.0020395129999997152
749,0,16,0.19750891599687748,0.019329729997025424,2867.469122254,2867.64730144,2867.469226813,2867.481397823,2867.645268769,2867.645277755,0.17817918599985205,0.012171009999747184,0.16387094599986085,0.002023685000040132
750,0,16,0.1966087500040885,0.019447992004188563,2867.777752934,2867.954913692,2867.777854634,2867.790027993,2867.952879694,2867.952888781,0.17716075799989994,0.012173358999916672,0.16285170099990864,0.0020249109998076165
751,0,16,0.20057529202313162,0.022285931023361627,2868.088513085,2868.266802446,2868.088636023,2868.101185345,2868.264881176,2868.264889957,0.17828936099977,0.012549321999813401,0.16369583100004093,0.0019124890000057349
752,0,16,0.22298895800486207,0.018787354004871304,2868.395094961,2868.599296565,2868.39519952,2868.407487138,2868.597218047,2868.597227135,0.20420160399999077,0.01228761799984568,0.1897309089999908,0.0020694299996648624
753,0,16,0.19412987501709722,0.016650334017413115,2868.726332432,2868.903811973,2868.726455575,2868.73851641,2868.901849756,2868.901858538,0.1774795409996841,0.012060835000283987,0.16333334599994487,0.0019534349999048572
754,1,16,0.2062544579966925,0.019409844996516767,2869.03310035,2869.219944963,2869.0332432,2869.045946603,2869.217926485,2869.217935266,0.18684461300017574,0.012703403000159597,0.17197988199995962,0.0020096970001759473
755,0,16,0.19350420800037682,0.015636452000308054,2869.347695589,2869.525563345,2869.347815974,2869.359969422,2869.523458483,2869.523467162,0.17786775600006877,0.012153448000390199,0.1634890609998365,0.002096183000048768
756,1,16,0.20387829199898988,0.01702704199897198,2869.654384168,2869.841235418,2869.654487808,2869.666860993,2869.839209077,2869.839218165,0.1868512500000179,0.012373184999887599,0.1723480840000775,0.0020172529998490063
757,2,16,0.22559391698450781,0.02005796098455903,2869.971960358,2870.177496314,2869.972066755,2869.984485582,2870.175299248,2870.175309153,0.20553595599994878,0.012418827000146848,0.19081366599993999,0.0021871610001653607
758,0,16,0.19286149999243207,0.013658574992405192,2870.308556374,2870.487759299,2870.308657971,2870.32148707,2870.48567833,2870.485686907,0.17920292500002688,0.012829099000100541,0.16419126000027973,0.00207239200017284
759,0,16,0.1999355409934651,0.022607777993471245,2870.613124979,2870.790452742,2870.613227496,2870.625383394,2870.788570474,2870.788579363,0.17732776299999387,0.012155897999946319,0.16318708000017068,0.001873379000244313
760,0,16,0.1984726660011802,0.020886019000954548,2870.923933144,2871.101519791,2870.924037459,2870.936345097,2871.099616987,2871.099625774,0.17758664700022564,0.012307638000038423,0.16327189000003273,0.0018940170002679224
761,4,16,0.23263791698263958,0.015231543982736184,2871.227006762,2871.444413135,2871.227109851,2871.239815337,2871.442310283,2871.442319274,0.2174063729999034,0.01270548599995891,0.2024949460001153,0.0020938610000484914
762,0,16,0.20043741702102125,0.02273480802114136,2871.572370359,2871.750072968,2871.572475593,2871.584694549,2871.748161276,2871.748170267,0.17770260899987989,0.01221895599974232,0.16346672700001363,0.0019027009998353606
763,1,16,0.20303874998353422,0.01793743798361902,2871.88330561,2872.068406922,2871.883466935,2871.895497184,2872.066371604,2872.066381004,0.1851013119999152,0.012030248999963078,0.1708744200000183,0.0020259180000721244
764,0,16,0.21288549999007955,0.026861392990213062,2872.200351922,2872.386376029,2872.200454806,2872.21275846,2872.384127381,2872.384136066,0.1860241069998665,0.012303653999879316,0.17136892100006662,0.0022399630001928017
765,0,16,0.19505158299580216,0.01661999499583544,2872.519516309,2872.697947897,2872.5196195,2872.532550576,2872.696000956,2872.696010151,0.17843158799996672,0.012931076000313624,0.16345037999963097,0.0019377460002942826
766,2,16,0.2130194999917876,0.016676584991728305,2872.824212888,2873.020555803,2872.824316897,2872.837632028,2873.018498417,2873.018507306,0.1963429150000593,0.013315131000126712,0.18086638900012986,0.002048497000032512
767,0,16,0.19827266701031476,0.019082573010109627,2873.149458299,2873.328648393,2873.149561388,2873.163092505,2873.326647507,2873.326656089,0.17919009400020514,0.01353111699972942,0.16355500200006645,0.001992303999941214
768,1,16,0.240076832997147,0.027856478996909573,2873.469350847,2873.681571201,2873.469474268,2873.482266803,2873.679322248,2873.679330932,0.21222035400023742,0.012792535000244243,0.19705544499993266,0.0022402690001399606
769,0,16,0.19308270799228922,0.016187236992209364,2873.804033241,2873.980928712,2873.804134287,2873.816373165,2873.978984836,2873.978993725,0.17689547100007985,0.012238878000061959,0.16261167099992235,0.0019349870003679825
770,0,16,0.20951366701046936,0.030855160010560212,2874.118998975,2874.297657482,2874.119121987,2874.131615778,2874.29573169,2874.295740681,0.17865850699990915,0.012493790999997145,0.1641159119999429,0.0019168009998793423
771,4,16,0.24133608298143372,0.012885498981631827,2874.430429645,2874.658880229,2874.430534471,2874.442696825,2874.65672425,2874.656732934,0.2284505839998019,0.012162353999883635,0.21402742500004024,0.002147294999758742
772,0,16,0.21157679200405255,0.016624097004296345,2874.78375214,2874.978704835,2874.783871167,2874.796448533,2874.9767158,2874.976724383,0.1949526949997562,0.012577365999732137,0.18026726700009021,0.001980451999770594
773,0,16,0.20074941701022908,0.022087334009938786,2875.108982123,2875.287644206,2875.109084905,2875.121684851,2875.285736498,2875.285745489,0.1786620830002903,0.01259994599968195,0.1640516470001785,0.0018987170001310005
774,0,16,0.19757099999696948,0.02016325099657479,2875.418445214,2875.595852963,2875.418568226,2875.430909887,2875.593911743,2875.593920427,0.1774077490003947,0.012341660999936721,0.1630018559999371,0.0019325360003676906
775,0,16,0.1998424579796847,0.022159770979669702,2875.7226429,2875.900325587,2875.722745887,2875.735123307,2875.898332772,2875.898341763,0.177682687000015,0.012377419999666017,0.16320946499990896,0.0019838240000353835
776,0,16,0.21538658300414681,0.02007343400418904,2876.03162508,2876.226938229,2876.031727556,2876.044263339,2876.224765085,2876.224773769,0.19531314899995778,0.012535782999748335,0.18050174600011815,0.00216446000013093
777,0,16,0.19578633300261572,0.018138895002721256,2876.362794275,2876.540441713,2876.362917696,2876.375314835,2876.53839485,2876.538403637,0.17764743799989446,0.012397139000313473,0.1630800149996503,0.002038075999735156
778,0,16,0.1951836250082124,0.01712659000804706,2876.665528691,2876.843585726,2876.66563178,2876.678080514,2876.841550613,2876.841558888,0.17805703500016534,0.012448734000372497,0.16347009899982368,0.0020268380003471975
779,0,16,0.20145225001033396,0.02364318001036736,2876.973110842,2877.150919912,2876.97321199,2876.985653675,2877.148928834,2877.148937416,0.1778090699999666,0.012441684999885183,0.16327515900002254,0.0019824959999823477
780,0,16,0.19728245900478214,0.019317784004670102,2877.281233572,2877.459198247,2877.281335537,2877.293855484,2877.457270513,2877.457279198,0.17796467500011204,0.012519946999873355,0.16341502900013438,0.0019190490002074512
781,0,16,0.19616975000826642,0.019262836008238082,2877.586072474,2877.762979388,2877.586177198,2877.598658116,2877.761025397,2877.761034184,0.17690691400002834,0.01248091800016482,0.16236728100011533,0.001945204000094236
782,0,16,0.20012383299763314,0.02042411699767399,2877.897007214,2878.07670693,2877.897109486,2877.909810272,2878.074770921,2878.07477981,0.17969971599995915,0.012700786000095832,0.16496064900002239,0.001927119999891147
783,0,16,0.19880529199144803,0.020550762991206284,2878.205943315,2878.384197844,2878.206049367,2878.218820037,2878.382064444,2878.382073333,0.17825452900024175,0.012770670000008977,0.1632444070000929,0.002124511000147322
784,0,16,0.21259429198107682,0.016858569981195615,2878.508584041,2878.704319763,2878.508708892,2878.521398134,2878.702243782,2878.702252569,0.1957357219998812,0.01268924199985122,0.18084564800028602,0.0020671940001193434
785,0,16,0.19494200000190176,0.016657944001963187,2878.833872363,2879.012156419,2878.833974941,2878.846849007,2879.01017566,2879.010184446,0.17828405599993857,0.012874065999767481,0.16332665300024019,0.001971972999854188
786,0,16,0.2059656660130713,0.027535712013104785,2879.142589208,2879.321019162,2879.142692502,2879.155332804,2879.318942875,2879.318951559,0.17842995399996653,0.012640301999908843,0.16361007100022107,0.0020676029998867307
787,1,16,0.20434283302165568,0.01785997902152303,2879.453567881,2879.640050735,2879.453670459,2879.466212168,2879.638055671,2879.63806466,0.18648285400013265,0.012541708999833645,0.17184350300021833,0.001986074999877019
788,0,16,0.20531483300146647,0.026184119001300132,2879.766477835,2879.945608549,2879.766598875,2879.779506524,2879.943687437,2879.943696834,0.17913071400016634,0.012907649000226229,0.16418091299965454,0.0019117150000056427
789,0,16,0.2019639580103103,0.02342669701010891,2880.085465149,2880.26400241,2880.085566986,2880.098360848,2880.262083137,2880.262091921,0.1785372610002014,0.012793862000307854,0.1637222889999066,0.001910489000238158
790,0,16,0.21008220899966545,0.023100655999769515,2880.40078664,2880.587768193,2880.400887558,2880.413415643,2880.585777624,2880.585786102,0.18698155299989594,0.01252808500021274,0.17236198099999456,0.001982091000172659
791,0,16,0.19456116697983816,0.015704503980032314,2880.719328303,2880.898184966,2880.719446381,2880.732424202,2880.896258543,2880.896267327,0.17885666299980585,0.012977820999822143,0.1638343409999834,0.0019176390001121035
792,0,16,0.19787129102041945,0.01958050102030029,2881.026185584,2881.204476374,2881.026289464,2881.039287306,2881.202346991,2881.202355571,0.17829079000011916,0.012997842000004312,0.16305968500000745,0.0021208029997978883
793,0,16,0.20471420901594684,0.01766340201584171,2881.33701236,2881.524063167,2881.337139325,2881.34985331,2881.521970862,2881.521979851,0.18705080700010512,0.012713985000118555,0.17211755200014522,0.002083315999698243
794,0,16,0.2013713749765884,0.023065468976255943,2881.654162218,2881.832468124,2881.6542662,2881.666799289,2881.830474592,2881.830483683,0.17830590600033247,0.012533089000044129,0.16367530299976352,0.0019844410003315716
795,0,16,0.21132525001303293,0.034328821013332345,2881.977080722,2882.154077151,2881.977185113,2881.989835361,2882.152062374,2882.152071158,0.17699642899970058,0.012650248000227293,0.16222701299966502,0.002005992999784212
796,1,16,0.2043519579747226,0.018687542974930693,2882.284514807,2882.470179222,2882.284618074,2882.296905101,2882.468220317,2882.468229203,0.18566441499979192,0.012287027000184025,0.17131521600003907,0.0019500189996506379
797,1,16,0.21526362499571405,0.02032868099558982,2882.598592806,2882.79352775,2882.598711803,2882.611396167,2882.791519816,2882.791528702,0.19493494400012423,0.012684364000051573,0.18012364900005196,0.001999048000016046
798,0,16,0.22058416699292138,0.0399445909924907,2882.950519405,2883.131158981,2882.950623694,2882.963544418,2883.129139607,2883.129148595,0.18063957600043068,0.012920723999741313,0.1655951890002143,0.002010386000165454
799,2,16,0.22742833301890641,0.019841506019020017,2883.271521292,2883.479108119,2883.271624253,2883.284439667,2883.476908156,2883.476917042,0.2075868269998864,0.012815413999760494,0.19246848900002078,0.0021910770001341007
800,0,16,0.1980720840219874,0.01729553402219608,2883.608960902,2883.789737452,2883.609065804,2883.621818808,2883.787629213,2883.787637895,0.18077654999979131,0.012753004000387591,0.16581040499977462,0.0020995569998376595
801,0,16,0.1956237500126008,0.015186011012701783,2883.917667796,2884.098105535,2883.917771471,2883.930853683,2884.095988819,2884.095997706,0.180437738999899,0.01308221199997206,0.1651351360001172,0.0021078289996694366
802,1,16,0.22108816698892042,0.020836559988765657,2884.227138108,2884.427389715,2884.227242294,2884.240103162,2884.42525114,2884.425260231,0.20025160700015476,0.01286086800018893,0.18514797799980443,0.0021294840003065474
803,0,16,0.19447541699628346,0.012800822996268835,2884.553676266,2884.73535086,2884.553780248,2884.566530494,2884.733225155,2884.733233939,0.18167459400001462,0.012750245999995968,0.1666946610002924,0.002116920999924332
804,1,16,0.23228120800922625,0.04218121900885308,2884.860434979,2885.050534968,2884.860538961,2884.873373782,2885.048517535,2885.048526013,0.19009998900037317,0.012834820999614749,0.17514375300015672,0.0020089550002921897
805,0,16,0.21014008301426657,0.01987329401436,2885.208124265,2885.398391054,2885.208228349,2885.221053569,2885.396437665,2885.396446449,0.19026678899990657,0.012825220000195259,0.17538409600001614,0.0019446050000624382
806,0,16,0.20149566599866375,0.019278486998700828,2885.527137829,2885.709355008,2885.527242833,2885.53993639,2885.707404479,2885.707413468,0.18221717899996293,0.012693557000147848,0.16746808900006727,0.001941539999734232
807,0,16,0.20392645898391493,0.02189027798385723,2885.835892015,2886.017928196,2885.835994465,2885.848989753,2886.015929864,2886.015938852,0.1820361810000577,0.012995287999729044,0.16694011100025818,0.0019893439998668327
808,1,16,0.21697629199479707,0.024869594994925137,2886.15696673,2886.349073427,2886.157068771,2886.169995521,2886.347057424,2886.347066004,0.19210669699987193,0.012926750000133325,0.17706190299986702,0.0020074229996680515
809,2,16,0.21647087499150075,0.018537921991537587,2886.486164803,2886.684097756,2886.486263371,2886.498980012,2886.682042836,2886.682051722,0.19793295299996316,0.012716641000224627,0.18306282399998963,0.002046034000159125
810,0,16,0.1972207910148427,0.016594188015005784,2886.809297399,2886.989924002,2886.809421504,2886.822318734,2886.987899011,2886.987907897,0.1806266029998369,0.012897229999907722,0.16558027700011735,0.002016105000166135
811,0,16,0.20903745901887305,0.026518957018652145,2887.117538008,2887.30005651,2887.117640152,2887.132306403,2887.29799301,2887.298002101,0.1825185020002209,0.01466625099965313,0.1656866070002252,0.0020544090002658777
812,1,16,0.20835462500690483,0.01725656400731168,2887.437092422,2887.628190483,2887.437214381,2887.450135411,2887.625959594,2887.625968889,0.19109806099959314,0.012921029999688471,0.17582418300025893,0.0022215939998204703
813,2,16,0.21992783300811425,0.019724878008219093,2887.756058151,2887.956261106,2887.756162029,2887.76915115,2887.954134913,2887.954144004,0.20020295499989516,0.012989121000373416,0.1849837629997637,0.002117101999829174
814,0,16,0.19841208402067423,0.01657869302061954,2888.085317402,2888.267150793,2888.085435581,2888.098389769,2888.265136548,2888.265145536,0.1818333910000547,0.012954187999639544,0.16674677900027746,0.002005256999837002
815,0,16,0.20658562498283572,0.02255729998296374,2888.403022121,2888.587050446,2888.40312314,2888.416075081,2888.585117098,2888.585125984,0.18402832499987198,0.012951941000210354,0.16904201699981058,0.0019244619998062262
816,0,16,0.20232283300720155,0.02097369900729973,2888.719679371,2888.901028505,2888.719817161,2888.732710166,2888.89906002,2888.8990686,0.18134913399990182,0.01289300500002355,0.16634985400014557,0.0019599049996941176
817,0,16,0.20694166698376648,0.02303877298345469,2889.036229168,2889.220132062,2889.036331003,2889.049202456,2889.218033345,2889.218042538,0.1839028940003118,0.012871452999661415,0.16883088900021903,0.0020895239999845217
818,0,16,0.20383241600939073,0.021603939009310125,2889.347018755,2889.529247232,2889.34714296,2889.360350972,2889.526878758,2889.526887338,0.1822284770000806,0.013208012000177405,0.16652778599973317,0.002359894000164786
819,1,16,0.20801425000536256,0.016953637005372002,2889.659910021,2889.850970634,2889.660014002,2889.672948783,2889.848856392,2889.848865483,0.19106061299999055,0.01293478099978529,0.1759076090002054,0.002105151000250771
820,2,16,0.22300179101875983,0.023290344018732867,2889.987186284,2890.186897731,2889.98728812,2890.000471413,2890.184768065,2890.184776849,0.19971144700002696,0.013183293000111007,0.18429665199982992,0.0021208819998719264
821,0,16,0.20915974999661557,0.027001444996585633,2890.325075941,2890.507234246,2890.325177573,2890.338573322,2890.505072712,2890.505081292,0.18215830500002994,0.013395748999755597,0.16649939000035374,0.0021529539999392
822,0,16,0.1972425830026623,0.01570683500267478,2890.639469515,2890.821005263,2890.63959086,2890.652809188,2890.818833515,2890.818842402,0.1815357479999875,0.013218327999766188,0.16602432699983183,0.0021628610002153437
823,0,16,0.20250612500240095,0.020638926002447988,2890.948212071,2891.13007927,2890.948326572,2890.961681464,2891.12804378,2891.12805236,0.18186719899995296,0.013354891999824758,0.16636231600023166,0.002026910000040516
824,0,16,0.19924620899837464,0.01832494899872472,2891.259072443,2891.439993703,2891.259176628,2891.272247565,2891.437981603,2891.437990388,0.18092125999964992,0.013070936999611149,0.1657340380002097,0.002003314999910799
825,0,16,0.20015558300656267,0.01813067600642171,2891.567871585,2891.749896492,2891.567975361,2891.581187357,2891.747941694,2891.747950274,0.18202490700014096,0.013211995999881765,0.16675433699992936,0.0019462180002847163
826,0,16,0.1985487500205636,0.016766840020864038,2891.879179851,2892.060961761,2891.879284649,2891.892497461,2892.058942307,2892.058951398,0.18178190999969956,0.013212811999892438,0.166444846000104,0.0020103629999539407
827,0,16,0.20025095899472944,0.017187265994834888,2892.187455412,2892.370519105,2892.187557146,2892.201343486,2892.36854725,2892.368556034,0.18306369299989456,0.013786340000024211,0.16720376400007808,0.001963070999863703
828,0,16,0.2394729169900529,0.026105666990133614,2892.498276868,2892.711644118,2892.498395046,2892.511778028,2892.709509856,2892.709518742,0.2133672499999193,0.013382982000166521,0.19773182799963251,0.0021253760000945476
829,0,16,0.21455199999036267,0.023087925990239455,2892.854046216,2893.04551029,2892.854162147,2892.867636035,2893.04327501,2893.043289003,0.19146407400012322,0.013473888000135048,0.17563897499985615,0.002221286999883887
830,0,16,0.20019200001843274,0.017062629018255393,2893.179216408,2893.362345779,2893.179318652,2893.192789884,2893.36031703,2893.36032612,0.18312937100017734,0.013471232000028976,0.16752714599988394,0.002019658999870444
831,2,16,0.23212629201589152,0.024315375015703466,2893.49077482,2893.698585737,2893.490874613,2893.503969451,2893.696284574,2893.696293461,0.20781091700018806,0.013094838000142772,0.19231512299984388,0.0022922759999346454
832,0,16,0.2047245409921743,0.022173498992287932,2893.831549382,2894.014100424,2893.831670319,2893.844903764,2894.012062686,2894.012071573,0.18255104199988637,0.013233444999968924,0.1671589219999987,0.002028850999977294
833,0,16,0.21151833300245926,0.01925591500230439,2894.146506475,2894.338768893,2894.146628944,2894.159733996,2894.336764454,2894.336773341,0.19226241800015487,0.013105051999900752,0.17703045799999018,0.0019955520001531113
834,0,16,0.2003153330006171,0.01870757400047296,2894.465510136,2894.647117895,2894.465612789,2894.47891089,2894.644959629,2894.644989148,0.18160775900014414,0.013298101000145834,0.16604873899996164,0.0021287469999151654
835,0,16,0.2261109579994809,0.04369515299958948,2894.805066959,2894.987482764,2894.805174208,2894.818721741,2894.98551479,2894.985523574,0.1824158049998914,0.01354753299983713,0.16679304899980707,0.0019591899999795714
836,1,16,0.2068697499926202,0.01611413399268713,2895.113691438,2895.304447054,2895.113796134,2895.127234272,2895.302372954,2895.302381738,0.19075561599993307,0.013438137999855826,0.1751386820001244,0.0020653159999710624
837,0,16,0.2088024169788696,0.026150912979119312,2895.434790956,2895.61744246,2895.434911484,2895.448389355,2895.615420993,2895.615429574,0.18265150399975028,0.013477870999849983,0.16703163800002585,0.0020128860001022986
838,0,16,0.2333433750027325,0.05199942900298993,2895.788570689,2895.969914635,2895.788669162,2895.801643468,2895.967881829,2895.96789092,0.18134394599974257,0.012974305999705393,0.16623836100006883,0.00202371499972287
839,1,16,0.21034991697524674,0.019992570975318813,2896.093287863,2896.283645209,2896.093409525,2896.106791516,2896.281558672,2896.281567661,0.19035734599992793,0.013381991000187554,0.17476715599968884,0.0020775480002157565
840,2,16,0.21975420901435427,0.02073210501430367,2896.412282587,2896.611304691,2896.412385454,2896.425652422,2896.60916718,2896.609176067,0.1990221040000506,0.013266968000152701,0.18351475800000117,0.0021286239998516976
841,0,16,0.21074683300685138,0.028594668006917345,2896.753902746,2896.936054911,2896.754005714,2896.767812858,2896.933896664,2896.933905449,0.18215216499993403,0.013807144000111293,0.16608380599973316,0.0021494620000339637
842,0,16,0.22565758298151195,0.016284207981698273,2897.064742242,2897.274115617,2897.064843371,2897.078646837,2897.271786471,2897.271795358,0.20937337499981368,0.013803466000354092,0.1931396339996354,0.002320259000043734
843,0,16,0.20288824997260235,0.02183216597268256,2897.404231427,2897.585287511,2897.404335621,2897.417346497,2897.583324883,2897.583333975,0.1810560839999198,0.013010875999952987,0.16597838600000614,0.0019535359997462365
844,1,16,0.23735574999591336,0.046468444996207836,2897.745782634,2897.936669939,2897.745903887,2897.759339201,2897.934661036,2897.93467023,0.19088730499970552,0.013435313999707432,0.175321834999977,0.0019997089998469164
845,1,16,0.20984762499574572,0.01901343899589847,2898.06886769,2898.259701876,2898.0689679,2898.082682597,2898.257695323,2898.257704619,0.19083418599984725,0.013714696999613807,0.17501272600020457,0.0019972569998572
846,3,16,0.22726904199225828,0.019224038992433634,2898.390334469,2898.598379472,2898.390438765,2898.40385467,2898.596295591,2898.596304682,0.20804500299982465,0.013415904999874328,0.19244092100007038,0.0020747899998241337
847,0,16,0.22038037501624785,0.0381482260163466,2898.753987586,2898.936219735,2898.754092904,2898.767550793,2898.934266097,2898.934274575,0.18223214899990126,0.013457888999710121,0.16671530400026313,0.0019451600001048064
848,4,16,0.24098791601136327,0.022523814011492505,2899.064901448,2899.28336555,2899.065023722,2899.078915141,2899.281072566,2899.281082168,0.21846410199987076,0.013891418999719463,0.20215742500022316,0.0022833819998595573
849,0,16,0.2037917920097243,0.01843320800935544,2899.42075094,2899.606109524,2899.420868414,2899.437675631,2899.604108079,2899.60411717,0.18535858400036886,0.01680721699995047,0.1664324480002506,0.0019923540003219387
850,0,16,0.20124937500804663,0.018819972008259356,2899.737685686,2899.920115089,2899.737807654,2899.751129683,2899.91804459,2899.918053477,0.18242940299978727,0.013322028999937174,0.16691490700031864,0.0020616120000340743
851,4,16,0.25065845900098793,0.015011733000847016,2900.046511682,2900.282158408,2900.046632425,2900.060616392,2900.279797493,2900.279806074,0.23564672600014092,0.013983967000058328,0.2191811009997764,0.0023523340000792814
852,0,16,0.22319545797654428,0.021966892976251984,2900.41051385,2900.611742415,2900.410613855,2900.424835937,2900.609552808,2900.609561695,0.2012285650002923,0.01422208199983288,0.1847168710000915,0.002180720000069414
853,0,16,0.20265875000040978,0.0195652630004588,2900.743857526,2900.926951013,2900.743960392,2900.757801552,2900.92477254,2900.924781427,0.18309348699995098,0.013841159999628871,0.16697098800023014,0.0021695859995816136
854,0,16,0.2006251249986235,0.01881741299848727,2901.058804617,2901.240612329,2901.058929242,2901.072191103,2901.238626615,2901.238635706,0.18180771200013623,0.013261861000046338,0.16643551200013462,0.001976623000246036
855,0,16,0.20026437498745508,0.017817299987655133,2901.37173351,2901.554180585,2901.371853436,2901.385540245,2901.552109779,2901.552119075,0.18244707499979995,0.013686808999864297,0.16656953400024577,0.002061509999748523
856,0,16,0.24087379101547413,0.02834742201548579,2901.687315266,2901.899841635,2901.687413331,2901.700884091,2901.897699323,2901.897707802,0.21252636899998834,0.013470760000018345,0.19681523200006268,0.0021338330002436123
857,0,16,0.22759900000528432,0.01681001600536547,2902.030367071,2902.241156055,2902.030492411,2902.044400786,2902.239037238,2902.239045819,0.21078898399991886,0.013908375000028173,0.19463645199994062,0.002110236000135046
858,0,16,0.19406308300676756,0.014519549006763555,2902.36607677,2902.545620304,2902.366180965,2902.380896844,2902.543654407,2902.543663192,0.179543534000004,0.014715879000050336,0.16275756300001376,0.001957111999672634
859,0,16,0.20816145901335403,0.026158332013437757,2902.678731796,2902.860734923,2902.67885305,2902.692654269,2902.858683526,2902.858692617,0.18200312699991628,0.013801219000015408,0.16602925699999105,0.002042306000021199
860,1,16,0.21010508298058994,0.020041829980527837,2902.995580633,2903.185643886,2902.995686258,2903.009160389,2903.183504435,2903.183513117,0.1900632530000621,0.013474130999838962,0.17434404599998743,0.0021307689999048307
861,2,16,0.21319933401537128,0.01654264001535921,2903.316658217,2903.513314911,2903.316777428,2903.33034707,2903.511207229,2903.511215911,0.19665669400001207,0.013569641999765736,0.18086015900007624,0.0020990000002711895
862,0,16,0.2084147080022376,0.03066915500221512,2903.652045838,2903.829791391,2903.652147261,2903.66538632,2903.827603913,2903.827612492,0.17774555300002248,0.01323905899971578,0.16221759300015037,0.0021788990002278297
863,4,16,0.23092695800005458,0.021105540999997174,2903.964877287,2904.174698704,2903.964981672,2903.978737138,2904.172392747,2904.172401428,0.2098214170000574,0.013755466000020533,0.19365560899996126,0.002297276000263082
864,0,16,0.2041475420119241,0.016609253012120462,2904.304242315,2904.491780604,2904.304343738,2904.317889516,2904.489704967,2904.489713546,0.18753828899980363,0.013545777999752318,0.17181545099992945,0.0020670579997386085
865,0,16,0.2373519579996355,0.03198250899959021,2904.631499355,2904.836868804,2904.631622533,2904.645609034,2904.834225894,2904.834234985,0.20536944900004528,0.01398650099963561,0.1886168600003657,0.002633819000038784
866,0,16,0.19311204200494103,0.013761603004695644,2904.960614581,2905.13996502,2904.960718148,2904.974398339,2905.137658858,2905.137667437,0.1793504390002454,0.013680190999821207,0.1632605190002323,0.0022975830001996655
867,0,16,0.19963066600030288,0.02003867200028253,2905.26742952,2905.447021514,2905.2675337,2905.281204393,2905.444830154,2905.444842309,0.17959199400002035,0.013670692999767198,0.16362576100027582,0.0021792050001749885
868,0,16,0.23525591599172913,0.05521237299171844,2905.614996698,2905.795040241,2905.615118956,2905.629236602,2905.792974715,2905.792983805,0.1800435430000107,0.014117646000158857,0.16373811299990848,0.002056436000202666
869,0,16,0.19779733300674707,0.01883287200689665,2905.921828694,2906.100793155,2905.921932772,2905.936095869,2906.098620895,2906.098629679,0.17896446099985042,0.014163096999709524,0.16252502599991203,0.002163475999623188
870,0,16,0.1985231250000652,0.018080429000292497,2906.229164024,2906.40960672,2906.229285261,2906.243777547,2906.407604928,2906.40761361,0.1804426959997727,0.014492285999949672,0.16382738100037386,0.0019931099996028934
871,0,16,0.22803391702473164,0.0396728090245233,2906.561809734,2906.750170842,2906.561910646,2906.576152082,2906.748079986,2906.748089383,0.18836110800020833,0.014241436000247631,0.17192790399985824,0.002081458999782626
872,1,16,0.20310183402034454,0.016445094020582474,2906.874689086,2907.061345826,2906.874811038,2906.888544646,2907.059117697,2907.059126685,0.18665673999976207,0.01373360799971124,0.17057305100024678,0.002219140999841329
873,0,16,0.1987701659963932,0.018717940996339166,2907.187525233,2907.367577458,2907.187629209,2907.201800477,2907.365376804,2907.36538569,0.18005222500005402,0.014171267999699921,0.16357632700010072,0.0021917680001024564
874,1,16,0.22425175001262687,0.035402424012772826,2907.515585992,2907.704435318,2907.515707331,2907.52966789,2907.702305036,2907.702313412,0.18884932599985405,0.01396055899977,0.17263714599994273,0.0021219059999566525
875,2,16,0.2186007919954136,0.021496409995506838,2907.838414657,2908.035519039,2907.838518735,2907.852529341,2908.03338978,2908.033398563,0.19710438199990676,0.01401060599982884,0.18086043900029836,0.002120476000072813
876,0,16,0.19587883399799466,0.015948867997849447,2908.162865061,2908.342795027,2908.162985685,2908.176777104,2908.340598254,2908.34060714,0.17992996600014521,0.013791418999971938,0.16382114999987607,0.002187887000218325
877,0,16,0.21127466700272635,0.029405723002582818,2908.481915048,2908.663783992,2908.482019024,2908.497125258,2908.661561174,2908.661569856,0.18186894400014353,0.01510623400008626,0.16443591600000218,0.002214136000020517
878,0,16,0.20255670900223777,0.022009525002431474,2908.792749913,2908.973297097,2908.79287207,2908.807070506,2908.971228915,2908.971237903,0.1805471839998063,0.014198435999787762,0.16415840900026524,0.002059193999684794
879,0,16,0.20219904198893346,0.022252120988923707,2909.105566042,2909.285512963,2909.1056835,2909.119876421,2909.283249597,2909.283259504,0.17994692100000975,0.014192920999903436,0.16337317600027745,0.0022534590002578625
880,0,16,0.22620862498297356,0.04550098398294722,2909.44971999,2909.630427631,2909.449823557,2909.464339437,2909.62843258,2909.628441772,0.18070764100002634,0.014515880000089965,0.16409314300017286,0.001985859000342316
881,0,16,0.20106629200745374,0.02058856200756054,2909.753783345,2909.934261075,2909.753887934,2909.767796096,2909.932022324,2909.932031619,0.1804777299998932,0.013908162000006996,0.1642262280001887,0.0022294559998954355
882,0,16,0.19149166700663045,0.011215148006613163,2910.062491301,2910.24276782,2910.062612231,2910.076736924,2910.240804125,2910.24081301,0.1802765190000173,0.014124693000212574,0.1640672009998525,0.001954810000370344
883,0,16,0.22400566600845195,0.0425899050087537,2910.393838843,2910.575254604,2910.39394047,2910.408342671,2910.573218698,2910.573227481,0.18141576099969825,0.014402200999938941,0.16487602699999115,0.0020271230000616924
884,0,16,0.20122066600015387,0.02138180600013584,2910.706614219,2910.886453079,2910.7067519,2910.720704083,2910.884469876,2910.884478557,0.17983886000001803,0.013952182999673823,0.16376579300003868,0.0019745220001823327
885,0,16,0.20228841598145664,0.022658018981474015,2911.02361635,2911.203246747,2911.023718998,2911.037836133,2911.201020865,2911.201033939,0.17963039699998262,0.014117135000105918,0.16318473199999062,0.002212807999967481
886,0,16,0.20653329099877737,0.026205294998817408,2911.338575731,2911.518903727,2911.338680116,2911.353118677,2911.516700826,2911.51670961,0.18032799599995997,0.014438561000133632,0.16358214899992163,0.0021941170002719446
887,0,16,0.20668875001138076,0.023539921011433762,2911.646187955,2911.829336784,2911.646314402,2911.66053204,2911.826923378,2911.826933592,0.183148828999947,0.014217637999990984,0.16639133800026684,0.0024031920002016705
888,0,16,0.20235775000764988,0.01940584200747253,2911.966315186,2912.149267094,2911.966417937,2911.980865691,2912.147033756,2912.14704254,0.18295190800017735,0.01444775399977516,0.16616806499996528,0.002224554000349599
889,4,16,0.2558010420179926,0.040097454017995915,2912.299770306,2912.515473894,2912.299896733,2912.315021144,2912.513180739,2912.513189726,0.21570358799999667,0.015124411000215332,0.19815959499965174,0.002284168000187492
890,0,16,0.1998867919901386,0.020195908990444877,2912.647229603,2912.826920486,2912.647333972,2912.661665914,2912.824744975,2912.824753451,0.1796908829996937,0.014331941999898845,0.16307906100018954,0.002167034999729367
891,0,16,0.22222341698943637,0.024358546989333263,2912.957965321,2913.155830191,2912.958085723,2912.972602099,2913.153580846,2913.15358973,0.1978648700001031,0.014516376000301534,0.18097874699969907,0.002240460999928473
892,0,16,0.21612120798090473,0.03614019598126106,2913.291192552,2913.471173564,2913.291293551,2913.305848222,2913.468991313,2913.468999892,0.17998101199964367,0.014554671000041708,0.16314309100016544,0.002173672000026272
893,1,16,0.22385612499783747,0.03536025899757078,2913.620381459,2913.808877325,2913.62048593,2913.634467899,2913.806676896,2913.806685678,0.1884958660002667,0.013981968999814853,0.17220899700032533,0.002191647000017838
894,0,16,0.19875812501413748,0.01950851201399928,2913.943941488,2914.123191101,2913.944045245,2913.958189792,2914.120962997,2914.12097178,0.1792496130001382,0.014144547000341845,0.16277320499966663,0.0022193209997567465
895,1,16,0.2447495840024203,0.05563608200236558,2914.290900488,2914.48001399,2914.291001896,2914.304988665,2914.47787657,2914.47789097,0.18911350200005472,0.013986768999984633,0.17288790499969764,0.0021230199999990873
896,0,16,0.20393816698924638,0.023570212989397987,2914.613968595,2914.794336549,2914.614070717,2914.628051869,2914.792022458,2914.792031445,0.1803679539998484,0.013981152000269503,0.16397058899974581,0.0023051040002428635
897,0,16,0.21547458399436437,0.03520058299454831,2914.928914304,2915.109188305,2914.929033991,2914.943590602,2915.107119921,2915.107128907,0.18027400099981605,0.014556610999989061,0.1635293190001903,0.002059397999801149
898,1,16,0.20716412502224557,0.018357604022185114,2915.252955738,2915.441762259,2915.253060311,2915.26708221,2915.439490754,2915.439499843,0.18880652100006046,0.014021898999999394,0.17240854400006356,0.0022624160001214477
899,0,16,0.1996209580102004,0.01991414401027214,2915.568770099,2915.748476913,2915.568873855,2915.5830808,2915.746441412,2915.746450297,0.17970681399992827,0.014206944999841653,0.1633606119999058,0.0020266159999664524
900,0,16,0.20063400000799447,0.020690568007921684,2915.881623833,2916.061567265,2915.88172473,2915.896240595,2916.059545346,2916.059554129,0.1799434320000728,0.014515865000248596,0.16330475099994146,0.0020131360001869325
901,0,16,0.2271147919818759,0.04834974998175312,2916.218944942,2916.397709984,2916.219065037,2916.232851136,2916.39557665,2916.395585432,0.17876504200012278,0.013786099000299146,0.16272551399970325,0.0021245519997137308
902,0,16,0.19618550001177937,0.017085088011754124,2916.529742444,2916.708842856,2916.529845894,2916.543922633,2916.706836766,2916.706845344,0.17910041200002524,0.014076738999847294,0.16291413299995838,0.0019975119998889568
903,0,16,0.23012916700099595,0.014278930001182744,2916.836418291,2917.052268528,2916.836520924,2916.851099696,2917.050055231,2917.050064014,0.2158502369998132,0.014578771999822493,0.19895553500009555,0.0022045139999136154
904,1,16,0.25387916699401103,0.049185788994236646,2917.212656258,2917.417349636,2917.212759912,2917.22696124,2917.415147063,2917.415156254,0.20469337799977438,0.014201328000126523,0.1881858229999125,0.0021933819998594117
905,0,16,0.19699658299214207,0.018518401991968858,2917.547928181,2917.726406362,2917.548029282,2917.562207734,2917.724138635,2917.724147417,0.1784781810001732,0.014178452000123798,0.16193090100023255,0.002258944999994128
906,0,16,0.1973454589897301,0.018441733989675413,2917.856657707,2918.035561432,2917.856778211,2917.871028762,2918.033373768,2918.033383674,0.1789037250000547,0.014250551000259293,0.1623450059996685,0.0021777580000161834
907,0,16,0.2316337910015136,0.04881367700181727,2918.194714606,2918.37753472,2918.194820609,2918.20974241,2918.375480633,2918.37548962,0.18282011399969633,0.014921801000127743,0.1657382229996074,0.0020451000000321073
908,1,16,0.2058570420194883,0.017450636019475496,2918.506843273,2918.695249679,2918.506967249,2918.521472186,2918.692937018,2918.692946005,0.1884064060000128,0.014504937000310747,0.17146483199985596,0.0023036739999042766
909,0,16,0.20774287500535138,0.02470554700539651,2918.827820732,2919.01085806,2918.82792408,2918.842070261,2919.008651402,2919.008660593,0.18303732799995487,0.01414618100034204,0.16658114099982413,0.0021974669998598984
910,0,16,0.2055625000211876,0.019989578021068155,2919.142680862,2919.328253784,2919.142799222,2919.157384326,2919.326131173,2919.326140364,0.18557292200011943,0.014585103999706917,0.16874684699996578,0.0021134200001142744
911,0,16,0.2008945409907028,0.017180857990751974,2919.457421919,2919.641135602,2919.457527922,2919.471961782,2919.639113275,2919.63912216,0.18371368299995083,0.014433860000281129,0.16715149299989207,0.002013441999679344
912,0,16,0.19783033299609087,0.018895971995789296,2919.770360006,2919.949294367,2919.770485004,2919.784641602,2919.947254475,2919.947263053,0.17893436100030158,0.01415659800022695,0.16261287299994365,0.0020313140003054286
913,0,16,0.1976998750178609,0.01845792101812549,2920.077708737,2920.256950691,2920.077810553,2920.092197028,2920.254960328,2920.254969212,0.17924195399973541,0.014386475000264909,0.16276329999982408,0.0019814789998235938
914,0,16,0.2083940000156872,0.02014037901562915,2920.38368391,2920.571937531,2920.383786244,2920.398086027,2920.569794851,2920.569803532,0.18825362100005805,0.014299782999842137,0.17170882400023402,0.002133998999852338
915,0,16,0.19721816698438488,0.016619365984297474,2920.704653463,2920.885252264,2920.704758453,2920.719180587,2920.883083541,2920.883092528,0.1805988010000874,0.01442213400014225,0.16390295399969546,0.002159736000066914
916,0,16,0.20422275000601076,0.023342378005963837,2921.017518213,2921.198398585,2921.017619832,2921.032100487,2921.196030403,2921.196039186,0.18088037200004692,0.014480655000170373,0.1639299159996881,0.0023593990003973886
917,1,16,0.2139751249924302,0.025287861992637772,2921.336469481,2921.525156744,2921.336573857,2921.351127433,2921.522880275,2921.52288916,0.18868726299979244,0.01455357599979834,0.17175284199993257,0.002267584000037459
918,1,16,0.2178449589991942,0.02022880799950144,2921.653364777,2921.850980928,2921.653469051,2921.668191753,2921.848615095,2921.848624082,0.19761615099969276,0.014722702000199206,0.1804233419998127,0.0023568460001115454
919,0,16,0.19971379201160744,0.019732059011857928,2921.986710093,2922.166691826,2921.986812836,2922.001343841,2922.164454166,2922.164462847,0.1799817329997495,0.014531005000208097,0.1631103249997068,0.0022289789999376808
920,1,16,0.2079341250064317,0.020659110006363335,2922.295429299,2922.482704314,2922.295527752,2922.309711107,2922.480620154,2922.480628937,0.18727501500006838,0.014183355000113806,0.1709090469998955,0.0020753769999828364
921,3,16,0.23317500000121072,0.02202759100100593,2922.617926303,2922.829073712,2922.618048552,2922.63276574,2922.826799388,2922.826808273,0.2111474090002048,0.014717188000304304,0.19403364799973133,0.002265438999984326
922,0,16,0.21427212498383597,0.02306174898376412,2922.959880025,2923.151090401,2922.959982665,2922.97426958,2923.14885172,2923.148860707,0.19121037600007185,0.014286914999956934,0.17458213999998407,0.0022296940001069743
923,0,16,0.20837483301875181,0.025692792018617183,2923.287100729,2923.46978277,2923.287226042,2923.301923927,2923.46774416,2923.467753352,0.18268204100013463,0.014697885000259703,0.16582023299997672,0.002029418000347505
924,0,16,0.20228749999660067,0.018853580996619712,2923.606056593,2923.789490512,2923.60615954,2923.620780725,2923.787283082,2923.787292172,0.18343391899998096,0.014621184999668912,0.1665023570003541,0.002198340000177268
925,0,16,0.21991116600111127,0.028112932001022273,2923.91884832,2924.110646554,2923.918946569,2923.933559175,2924.108368451,2924.108377744,0.191798234000089,0.014612605999900552,0.17480927599990537,0.002268810000259691
926,0,16,0.20014279198949225,0.01645354898982987,2924.241965558,2924.425654801,2924.242067279,2924.256571934,2924.423368935,2924.423377616,0.18368924299966238,0.014504655000109778,0.16679700099984984,0.0022771849999116967
927,0,16,0.20339599999715574,0.012132822997045878,2924.567065336,2924.758328513,2924.567190036,2924.581852278,2924.756042443,2924.756051329,0.19126317700010986,0.014662242000213155,0.1741901649997999,0.002277183999922272
928,0,16,0.19541720798588358,0.01450650398601283,2924.885971258,2925.066881962,2924.886075532,2924.900693756,2925.06468209,2925.064690669,0.18091070399987075,0.014618223999605107,0.16398833400035073,0.002191293000123551
929,0,16,0.21041916697868146,0.01920991497900104,2925.194799232,2925.386008484,2925.194901566,2925.209700865,2925.38377879,2925.383787675,0.19120925199968042,0.014799298999605526,0.17407792500034702,0.0022208089999367076
930,0,16,0.196222166006919,0.01403187900677949,2925.507570124,2925.689760411,2925.507674194,2925.522067222,2925.687712303,2925.68772129,0.1821902870001395,0.014393027999631158,0.16564508100009334,0.002039121000052546
931,0,16,0.20601449999958277,0.023098275999473117,2925.820502484,2926.003418708,2925.820641584,2925.834875596,2926.001349868,2926.001358753,0.18291622400010965,0.014234012000088114,0.16647427199995946,0.0020599549998223665
932,5,16,0.2482675829960499,0.016385916996114247,2926.137352332,2926.369233998,2926.137454257,2926.152001194,2926.36688328,2926.366891961,0.23188166599993565,0.014546936999977333,0.21488208599976133,0.002342036999834818
933,0,16,0.24817941701621749,0.0369533680159293,2926.515642349,2926.726868398,2926.51574407,2926.530021487,2926.724667198,2926.724675981,0.21122604900028819,0.014277416999902925,0.1946457110002484,0.0021924170000602317
934,0,16,0.2014692090160679,0.01694720001614769,2926.857131789,2927.041653798,2926.857254549,2926.871995226,2927.039512548,2927.039521331,0.18452200899992022,0.014740676999736024,0.16751732200009428,0.0021324670001376944
935,0,16,0.20363908301806077,0.019144037018122617,2927.16579993,2927.350294976,2927.165902468,2927.180839439,2927.34817405,2927.34818314,0.18449504599993816,0.01493697100022473,0.16733461100011482,0.002111836000040057
936,0,16,0.2061366249981802,0.02329965399849243,2927.482735976,2927.665572947,2927.482873442,2927.497795399,2927.663431187,2927.663440072,0.18283697099968776,0.01492195700029697,0.16563578799969036,0.002132874999915657
937,1,16,0.20764574999338947,0.015676550993248384,2927.795621458,2927.987590657,2927.7957242,2927.810651468,2927.985442054,2927.985450939,0.1919691990001411,0.014927267999610194,0.17479058600019926,0.002139717999853019
938,0,16,0.21730504199513234,0.032178732995362225,2928.128874858,2928.314001167,2928.128996699,2928.143892408,2928.311872275,2928.311881467,0.18512630899977012,0.014895709000029456,0.16797986700021283,0.002119699999639124
939,0,16,0.20104225000250153,0.01787718500236224,2928.447863067,2928.631028132,2928.447967252,2928.463042956,2928.628954554,2928.628963644,0.1831650650001393,0.015075704000082624,0.16591159799963862,0.0020644880000872945
940,0,16,0.1963714580051601,0.016250828005013318,2928.756642281,2928.936762911,2928.756761583,2928.771173366,2928.934655217,2928.934664104,0.18012063000014678,0.014411783000014111,0.16348185100014234,0.002098807000038505
941,0,16,0.19854920799843967,0.014679569998406805,2929.059380121,2929.243249759,2929.059482774,2929.074697186,2929.241172504,2929.241182003,0.18386963800003286,0.015214411999750155,0.16647531800026627,0.0020677559996329364
942,0,16,0.20486095797969028,0.02151847397954043,2929.37442869,2929.557771174,2929.374531138,2929.389170697,2929.555581665,2929.555590552,0.18334248400014985,0.014639558999988367,0.16641096800003652,0.0021806220001963084
943,0,16,0.19908225000835955,0.015673067008265207,2929.689120477,2929.87252966,2929.689220168,2929.703730926,2929.87037539,2929.870384379,0.18340918300009434,0.014510758000142232,0.16664446400000088,0.002145281000139221
944,1,16,0.2178970419918187,0.01680580499169082,2929.99992751,2930.201018747,2930.000051306,2930.015982957,2930.198799004,2930.198807992,0.20109123700012788,0.01593165099984617,0.18281604700041498,0.0022107549998509057
945,0,16,0.1997786249849014,0.014949978984986956,2930.329092366,2930.513921012,2930.329216366,2930.344416479,2930.511806883,2930.511815668,0.18482864599991444,0.015200112999991688,0.16739040400034355,0.0021053440000287083
946,0,16,0.19850083399796858,0.014634464997925534,2930.635919448,2930.819785817,2930.636042222,2930.651434361,2930.817370779,2930.817379666,0.18386636900004305,0.01539213900014147,0.16593641800000114,0.002406151000286627
947,0,16,0.2386185000068508,0.04510525700698054,2930.979522133,2931.173035376,2930.979644703,2930.994477412,2931.170869155,2931.170878143,0.19351324299987027,0.014832709000074829,0.1763917430002948,0.0021572329997070483
948,0,16,0.20468612501281314,0.02120002901301632,2931.298541766,2931.482027862,2931.298664029,2931.313047111,2931.479900557,2931.479909545,0.18348609599979682,0.014383081999767455,0.16685344600000462,0.0021183170001677354
949,0,16,0.2042222500022035,0.021397726002305717,2931.614016776,2931.7968413,2931.614119224,2931.628810467,2931.794756282,2931.794765372,0.1828245239998978,0.014691243000015675,0.16594581499975902,0.0020759280000675062
950,0,16,0.2005249579960946,0.017633734996252315,2931.924225871,2932.107117094,2931.924326685,2931.939058274,2932.104788366,2932.104797558,0.18289122299984228,0.014731589000348322,0.16573009199964872,0.0023195359999590437
951,0,16,0.201434667018475,0.017609154018373374,2932.230988502,2932.414814015,2932.231088907,2932.245675659,2932.412719702,2932.412728996,0.18382551300010164,0.014586752000013803,0.16704404299980524,0.00208501899987823
952,0,16,0.21383558301022276,0.02781116401001782,2932.554029351,2932.74005377,2932.554134046,2932.568917931,2932.737777134,2932.737787144,0.18602441900020494,0.014783885000269947,0.1688592030000109,0.0022666260001642513
953,1,16,0.21443691602325998,0.022025272023256548,2932.875924477,2933.068336121,2932.876047047,2932.891110187,2933.066158052,2933.066167245,0.19241164400000343,0.015063139999710984,0.17504786500012415,0.0021688759998141904
954,0,16,0.20243599999230355,0.021994032992097345,2933.196250297,2933.376692264,2933.196355503,2933.211734057,2933.374549638,2933.37455832,0.1804419670002062,0.015378553999653377,0.1628155810003591,0.002133944000433985
955,0,16,0.2045446670090314,0.021643333008796617,2933.509098019,2933.691999353,2933.5092545,2933.524094972,2933.689875215,2933.689884612,0.18290133400023478,0.014840471999832516,0.16578024299997196,0.002114741000241338
956,1,16,0.2078712920192629,0.014910942019014328,2933.842348235,2934.035308585,2933.842450581,2933.85886332,2934.033114071,2934.033123366,0.19296035000024858,0.016412739000315923,0.17425075099981768,0.002185219000239158
957,0,16,0.23066791699966416,0.015306772999792884,2934.161299536,2934.37666068,2934.16142374,2934.176419671,2934.374426433,2934.374435115,0.21536114399987127,0.014995931000157725,0.19800676199974987,0.002225565000117058
958,0,16,0.20596466600545682,0.022839131005184754,2934.504949921,2934.688075456,2934.50505196,2934.51979458,2934.685838962,2934.685847848,0.18312553500027207,0.014742620000106399,0.16604438200010918,0.0022276080003393872
959,3,16,0.2376515409850981,0.019492837985126243,2934.81985927,2935.038017973,2934.819963863,2934.835172147,2935.035791387,2935.035800171,0.21815870299997187,0.015208283999982086,0.2006192399999236,0.002217801999904623
960,0,16,0.2043491670046933,0.019291520004571794,2935.167482456,2935.352540103,2935.167586845,2935.182630578,2935.35020208,2935.350258156,0.1850576470001215,0.01504373299985673,0.16757150200010074,0.0022819470000285946
961,0,16,0.19831325000268407,0.015196294002635113,2935.484466609,2935.667583565,2935.484571611,2935.499471427,2935.665116741,2935.665125832,0.18311695600004896,0.01489981600025203,0.165645313999903,0.0024577330000283837
962,2,16,0.21447283300221898,0.014100878002409445,2935.789153823,2935.989525778,2935.789258212,2935.804108591,2935.987276822,2935.987285606,0.20037195499980953,0.01485037900010866,0.18316823099985413,0.0022401719998015324
963,0,16,0.20525183298741467,0.021088434987177607,2936.118402741,2936.302566139,2936.118506926,2936.133497342,2936.300285519,2936.300294303,0.18416339800023707,0.014990415999818651,0.16678817700039872,0.0022718360000908433
964,0,16,0.203193666995503,0.01979306699558947,2936.433380898,2936.616781498,2936.433503858,2936.448671686,2936.614656552,2936.614665539,0.18340059999991354,0.015167827999903238,0.16598486599968965,0.002115959000093426
965,0,16,0.20258124999236315,0.01960651799254265,2936.750125817,2936.933100549,2936.750274921,2936.765260453,2936.930800047,2936.93082517,0.1829747319998205,0.014985532000082458,0.16553959400016538,0.0022753789999114815
966,0,16,0.20900504200835712,0.026091893008015177,2937.060999381,2937.24391253,2937.06110212,2937.076186612,2937.241634905,2937.241643586,0.18291314900034195,0.015084491999914462,0.16544829299982666,0.0022689440002068295
967,0,16,0.20240549999289215,0.01934334699262763,2937.379930112,2937.562992265,2937.380045005,2937.395102535,2937.56088274,2937.560891727,0.18306215300026452,0.015057530000376573,0.16578020499991908,0.0021005379999223805
968,0,16,0.25503766699694097,0.02342325099698428,2937.695320221,2937.926934637,2937.695421837,2937.710109976,2937.924402308,2937.924411091,0.2316144159999567,0.014688138999645162,0.214292332000241,0.002523546000247734
969,0,16,0.20789354198495857,0.025709268984883238,2938.060788567,2938.24297284,2938.060891817,2938.076020632,2938.240928982,2938.240937867,0.18218427300007534,0.015128815000025497,0.16490834999967774,0.0020349730002635624
970,0,16,0.20841399999335408,0.02400336899336253,2938.379750243,2938.564160874,2938.379868608,2938.395075652,2938.562076063,2938.562084744,0.18441063099999155,0.01520704399990791,0.1670004110001173,0.002076130000205012
971,2,16,0.22056866699131206,0.018664073991203622,2938.698723766,2938.900628359,2938.698826607,2938.715020397,2938.898418954,2938.898437133,0.20190459300010843,0.016193790000215813,0.18339855700014596,0.0021912260003773554
972,3,16,0.22396120798657648,0.014674093986286607,2939.021772442,2939.231059556,2939.021893156,2939.03731967,2939.228636094,2939.228644877,0.20928711400028988,0.015426514000409952,0.19131642399997872,0.0024146790001395857
973,4,16,0.23159545799717307,0.01627307799708433,2939.354935727,2939.570258107,2939.355058687,2939.370274514,2939.5679189,2939.567947598,0.21532238000008874,0.015215826999792625,0.19764438600032008,0.002310508999926242
974,0,16,0.2047337499971036,0.02140535399712462,2939.702725466,2939.886053862,2939.702826878,2939.717773703,2939.883717821,2939.883727114,0.18332839599997897,0.014946825000151875,0.16594411799997033,0.002326748000086809
975,0,16,0.20458887499989942,0.018409924000025057,2940.017469931,2940.203648882,2940.017572874,2940.034721241,2940.201284347,2940.201314066,0.18617895099987436,0.017148367000118014,0.16656310600001234,0.002334815999802231
976,0,16,0.20158499997342005,0.01737463897325142,2940.330324238,2940.514534599,2940.330426773,2940.345543741,2940.512249621,2940.512258199,0.18421036100016863,0.015116967999802,0.16670588000033604,0.002276400000027934
977,0,16,0.20197191700572148,0.016947506006090407,2940.645143255,2940.830167666,2940.645249875,2940.661012691,2940.828078158,2940.828086839,0.18502441099963107,0.01576281600000584,0.1670654670001568,0.002080826999645069
978,0,16,0.20904929100652225,0.025732026006608066,2940.964185611,2941.147502876,2940.964289882,2940.979481607,2941.14510709,2941.145116077,0.1833172649999142,0.015191725000022416,0.16562548299998525,0.002386799000305473
979,0,16,0.20151824998902157,0.017113235989199893,2941.278975318,2941.463380332,2941.279081019,2941.294664195,2941.461112204,2941.461121089,0.18440501399982168,0.015583176000291132,0.16644800899985057,0.00225924300002589
980,1,16,0.2119501660054084,0.01988852400563701,2941.59182554,2941.783887182,2941.591928382,2941.607195272,2941.781561863,2941.781570851,0.19206164199977138,0.015266890000020794,0.17436659100030738,0.0023163309997471515
981,0,16,0.2105759999831207,0.018129238983419782,2941.912824027,2942.105270788,2941.912925235,2941.927905456,2942.103123578,2942.103132259,0.19244676099970093,0.014980221000314486,0.17521812199993292,0.0021385289996942447
982,0,16,0.2014994169876445,0.0184952729878205,2942.23587107,2942.418875214,2942.235971052,2942.250748449,2942.416714932,2942.41672392,0.183004143999824,0.014777397000216297,0.16596648299992012,0.0021512939997592184
983,0,16,0.2015972080116626,0.016619776011793874,2942.544642156,2942.729619588,2942.544744793,2942.559903326,2942.727449605,2942.727458694,0.1849774319998687,0.01515853299997616,0.16754627899990737,0.0021608940000987786
984,0,16,0.19898658301099204,0.019038267010728305,2942.855444333,2943.035392649,2942.855568213,2942.870807222,2943.033226035,2943.033235124,0.17994831600026373,0.015239009000197257,0.1624188129999311,0.00215752500025701
985,0,16,0.19850945798680186,0.016444468986719585,2943.166172061,2943.34823705,2943.1662748,2943.181363173,2943.345880073,2943.34588906,0.18206498900008228,0.015088373000253341,0.1645168999998532,0.0023479900000893394
986,0,16,0.19870483299018815,0.017602589990019624,2943.470822853,2943.651925096,2943.470928043,2943.486239869,2943.649750312,2943.649759095,0.18110224300016853,0.015311826000015571,0.16351044299972273,0.002166001000205142
987,0,16,0.24558908300241455,0.0649281290025101,2943.818462671,2943.999123625,2943.818585427,2943.834032263,2943.996938424,2943.996947411,0.18066095399990445,0.01544683600013741,0.16290616099968247,0.0021762139999736974
988,0,16,0.19678266599657945,0.015643554996586317,2944.135322379,2944.31646149,2944.13542614,2944.150690885,2944.314379028,2944.314387709,0.18113911099999314,0.015264744999967661,0.16368814299994483,0.002073781000035524
989,3,16,0.2256712910020724,0.01946124900223367,2944.444035457,2944.650245499,2944.444172511,2944.459352696,2944.648001065,2944.648010154,0.20621004199983872,0.01518018500019025,0.18864836899956572,0.002235344999917288
990,0,16,0.24701208400074393,0.041369253000539175,2944.805080399,2945.01072323,2944.805204687,2944.820421637,2945.008495851,2945.008504634,0.20564283100020475,0.015216950000194629,0.188074214000153,0.0022185960001479543
991,1,16,0.2076789999846369,0.01804496698468938,2945.141224975,2945.330859008,2945.141348842,2945.156722595,2945.328715901,2945.328724887,0.18963403299994752,0.01537375299994892,0.17199330600033136,0.002134120999926381
992,0,16,0.19960258298669942,0.01845182898659914,2945.45610835,2945.637259104,2945.456212406,2945.471608932,2945.635022255,2945.635031037,0.18115075400010028,0.015396526000131416,0.16341332299998612,0.002228067000032752
993,0,16,0.21407079198979773,0.03304737698954341,2945.781192389,2945.962215804,2945.781313192,2945.796790899,2945.959885927,2945.959894607,0.18102341500025432,0.015477706999718066,0.16309502800004338,0.00232119700012845
994,1,16,0.21441924999817275,0.016535579998162575,2946.08778916,2946.28567283,2946.087893012,2946.103679824,2946.283378388,2946.283386965,0.19788367000001017,0.01578681199998755,0.17969856399986384,0.0022858649999761838
995,1,16,0.22797174999141134,0.03925972199158423,2946.419027418,2946.607739446,2946.419132495,2946.434375438,2946.605574589,2946.605583473,0.18871202799982711,0.01524294299997564,0.1711991509996551,0.00215597299984438
996,0,16,0.22979516701889224,0.017715651018988865,2946.758484679,2946.970564195,2946.758605992,2946.774220331,2946.968113107,2946.968121583,0.21207951599990338,0.015614338999967003,0.1938927760002116,0.0024426119998679496
997,4,16,0.23895254198578186,0.015254277985604858,2947.093695858,2947.317394122,2947.093850461,2947.109679448,2947.314856439,2947.314884113,0.223698264000177,0.015828987000077177,0.2051769909999166,0.002510009000161517
998,0,16,0.2013867920031771,0.02032712600339437,2947.441216088,2947.622275754,2947.441340669,2947.45661292,2947.620121109,2947.620129686,0.18105966599978274,0.01527225100016949,0.16350818899991282,0.002146068000001833
999,0,16,0.20371187501586974,0.022892998016232013,2947.749900006,2947.930718883,2947.750004879,2947.765514447,2947.928637148,2947.92864542,0.18081887699963772,0.01550956800019776,0.16312270099979287,0.0020734629997605225
1000,0,16,0.19938941701548174,0.019176904015239415,2948.060672705,2948.240885218,2948.060777476,2948.076146737,2948.238723322,2948.238739252,0.18021251300024232,0.015369260999705148,0.16257658500035177,0.002145966000171029
