request_id,num_generated_notes,generation_start_tick,round_trip_time,total_network_latency,server_request_arrival_time,server_response_output_time,server_preprocess_start_time,server_inference_start_time,server_inference_end_time,server_postprocess_start_time,server_processing_duration,preprocess_duration,inference_duration,postprocess_duration
1,0,16,0.5003596669994295,0.07473562800078071,15440.156086536,15440.581710575,15440.156135505,15440.158856206,15440.57941131,15440.579411744,0.42562403899864876,0.002720701000725967,0.42055510399950435,0.002298830999279744
2,0,16,0.39638287480920553,0.0719374378095381,15440.76727696,15441.091722397,15440.767326688,15440.769289887,15441.089545555,15441.089545988,0.32444543699966744,0.001963198999874294,0.32025566800075467,0.0021764089997304836
3,0,16,0.3613113749306649,0.002795473930746084,15441.319622863,15441.678138764,15441.31967259,15441.321782155,15441.675760737,15441.675761062,0.3585159009999188,0.002109565000864677,0.35397858199939947,0.002377701999648707
4,0,16,0.4021235420368612,0.003983211037848378,15441.827824567,15442.225964898,15441.827874945,15441.829885921,15442.223477341,15442.223477666,0.3981403309990128,0.0020109760007471777,0.3935914199992112,0.0024872319991118275
5,0,16,0.32631370797753334,-0.007473529021808645,15442.360792637,15442.694579874,15442.360860457,15442.362865042,15442.692219398,15442.692219723,0.333787236999342,0.0020045849996677134,0.329354356001204,0.0023601510001753923
6,0,16,0.32573366700671613,-0.00027151699396199547,15442.826986143,15443.152991327,15442.827035762,15442.829157027,15443.150689787,15443.15069022,0.3260051840006781,0.0021212649990047794,0.3215327600009914,0.0023011070006759837
7,0,16,0.3207356249913573,-0.005715589008104871,15443.289780315,15443.616231529,15443.289827876,15443.292096698,15443.61395794,15443.61395859,0.3264512139994622,0.002268821999678039,0.3218612420005229,0.0022729390002496075
8,0,16,0.3305594171397388,-0.005043028861109633,15443.755622804,15444.09122525,15443.755675998,15443.757950562,15444.088935519,15444.088935844,0.33560244600084843,0.0022745639998902334,0.3309849569996004,0.00228940600027272
9,4,16,0.349933790974319,-0.010481173025254975,15444.221746865,15444.582161829,15444.221799084,15444.22407939,15444.579724324,15444.579724649,0.36041496399957396,0.002280306000102428,0.35564493399942876,0.002437179999105865
10,1,16,0.343324291985482,0.006652112984738778,15444.720549241,15445.05722142,15444.72059821,15444.723196922,15445.054824976,15445.054825301,0.3366721790007432,0.0025987119988712948,0.3316280540002481,0.0023961189999681665
11,0,16,0.33476979099214077,0.005955718992481707,15445.206965402,15445.535779474,15445.207016646,15445.209298143,15445.533456158,15445.533456483,0.32881407199965906,0.002281496999785304,0.32415801500064845,0.00232299100025557
12,0,16,0.33190616709180176,0.002930128091975348,15445.684220578,15446.013196617,15445.684270197,15445.686609548,15446.009801185,15446.009801618,0.3289760389998264,0.0023393510000460083,0.323191637000491,0.003394998999283416
13,1,16,0.3318409591447562,-0.002785141856293194,15446.152051943,15446.486678044,15446.152100587,15446.154474172,15446.484201646,15446.484201862,0.3346261010010494,0.002373585000896128,0.3297274739998102,0.0024761820004641777
14,0,16,0.31940008397214115,-0.007132383027055766,15446.616272282,15446.942804749,15446.616322767,15446.618609899,15446.940467782,15446.940468107,0.3265324669991969,0.0022871319997648243,0.32185788300012064,0.0023366420009551803
15,2,16,0.37938445806503296,0.004154548065343988,15447.07606039,15447.4512903,15447.076110442,15447.078546647,15447.448643919,15447.448644244,0.37522990999968897,0.002436205000776681,0.370097271999839,0.002646056000230601
16,0,16,0.31856295885518193,-0.0076403761449910235,15447.599638774,15447.925842109,15447.599708219,15447.602140957,15447.923532336,15447.923532661,0.32620333500017296,0.002432737999697565,0.3213913790004881,0.0023094480002328055
17,0,16,0.34482608386315405,-0.0019473471365927253,15448.059456784,15448.406230215,15448.059506619,15448.062014111,15448.40372229,15448.403722724,0.3467734309997468,0.0025074919994949596,0.3417081790012162,0.0025074909990507877
18,1,16,0.3415706669911742,0.0049388979914510855,15448.546731851,15448.88336362,15448.546782011,15448.549195573,15448.880842369,15448.880842694,0.33663176899972314,0.002413561998764635,0.33164679600122327,0.0025209260002156952
19,0,16,0.3224647920578718,-0.005304248941683909,15449.025908517,15449.353677558,15449.025957594,15449.028796276,15449.351365292,15449.351365617,0.3277690409995557,0.0028386819994921098,0.3225690159997612,0.0023119409997889306
20,0,16,0.32789129205048084,0.0017892530504468596,15449.494653607,15449.820755646,15449.494703443,15449.497117113,15449.818453889,15449.818454322,0.326102039000034,0.002413669999441481,0.3213367759999528,0.0023013240006548585
21,0,16,0.33804041682742536,0.00445479782683833,15449.958559873,15450.292145492,15449.958610358,15449.961026196,15450.289744064,15450.289744389,0.33358561900058703,0.002415838000160875,0.32871786800023983,0.0024011030000110622
22,1,16,0.3477231250144541,-0.006008553986248444,15450.438761311,15450.79249299,15450.438810822,15450.44129112,15450.789988099,15450.789988424,0.35373167900070257,0.0024802980005915742,0.34869697900103347,0.002504566000425257
23,0,16,0.3322845839429647,0.002168608943975414,15450.936891232,15451.267007207,15450.936940201,15450.939549205,15451.264539042,15451.264539367,0.33011597499898926,0.0026090040009876247,0.3249898369995208,0.0024678399986441946
24,0,16,0.3469223340507597,-0.007928912948045763,15451.398801797,15451.753653044,15451.398850549,15451.401427919,15451.75116072,15451.751161045,0.35485124699880544,0.0025773699999263044,0.3497328009998455,0.0024919989991758484
25,0,16,0.3551967500243336,-0.0060428859760577325,15451.886820606,15452.248060242,15451.886869359,15451.88931488,15452.24558341,15452.245583735,0.36123963600039133,0.0024455210004816763,0.3562685300003068,0.0024765069993009092
26,0,16,0.32219233410432935,-0.004782477895787451,15452.386789354,15452.713764166,15452.386838539,15452.389544398,15452.711445725,15452.71144605,0.3269748120001168,0.00270585900034348,0.32190132700088725,0.0023181159995147027
27,1,16,0.36183720803819597,-0.0016206549626076594,15452.846716352,15453.210174215,15452.846765754,15452.849257103,15453.207675391,15453.207676041,0.3634578630008036,0.002491348999683396,0.35841828800039366,0.00249817400072061
28,0,16,0.46571945818141103,0.13708262618092704,15453.40289689,15453.731533722,15453.402949651,15453.405389539,15453.729116259,15453.729116584,0.328636832000484,0.0024398880013905,0.3237267200001952,0.002417138000964769
29,0,16,0.3315206670667976,0.0008507580660079839,15453.974014472,15454.304684381,15453.974062466,15453.978043576,15454.302279703,15454.302280028,0.33066990900078963,0.003981109999585897,0.32423612700040394,0.0024043530011113035
30,0,16,0.3849957089405507,0.059616937940518255,15454.444083241,15454.769462012,15454.444132426,15454.447126032,15454.767140538,15454.767140971,0.32537877100003243,0.0029936060000181897,0.3200145060000068,0.002321040999959223
31,2,16,0.33727970789186656,-0.006936505107660196,15454.964615692,15455.308831905,15454.964665311,15454.967272907,15455.306316613,15455.306317046,0.34421621299952676,0.0026075960013258737,0.33904370599884714,0.0025148590011667693
32,0,16,0.32350125000812113,-0.0037013979908806505,15455.441741405,15455.768944053,15455.441789399,15455.444599046,15455.766624528,15455.766624853,0.3272026479990018,0.0028096470014133956,0.322025481998935,0.002319199998964905
33,2,16,0.36131683294661343,0.004850043946134974,15455.906223381,15456.26269017,15455.906272458,15455.908879512,15456.260088532,15456.260088966,0.35646678900047846,0.002607054000691278,0.3512090200001694,0.0026012039998022374
34,0,16,0.32217612490057945,-0.006972714099902078,15456.409163524,15456.738312363,15456.40921271,15456.41202019,15456.735772695,15456.73577302,0.32914883900048153,0.002807480001138174,0.32375250499899266,0.0025393430005351547
35,0,16,0.32484945794567466,-0.004741726053907769,15456.873328935,15457.202920119,15456.873377904,15456.876082896,15457.199892495,15457.19989282,0.3295911839995824,0.002704992000872153,0.3238095990000147,0.0030272990006778855
36,0,16,0.3268093329388648,-0.0038200580620468827,15457.339771727,15457.670401118,15457.339821563,15457.342655369,15457.668004456,15457.668004781,0.3306293910009117,0.00283380600012606,0.32534908699926746,0.0023963370003912132
37,0,16,0.33844837499782443,0.0021123699989402667,15457.805970433,15458.142306438,15457.806019943,15457.808749637,15458.139863841,15458.1398646,0.33633600499888416,0.002729694000663585,0.3311142039983679,0.0024418379998678574
38,0,16,0.3304651251528412,0.0022000021544954507,15458.291757905,15458.620023028,15458.291806766,15458.294536351,15458.617638609,15458.617638934,0.32826512299834576,0.0027295850013615564,0.32310225799847103,0.002384093999353354
39,0,16,0.3929605830926448,0.060532993093147525,15458.758122044,15459.090549634,15458.758171663,15458.760920857,15459.088006174,15459.0880065,0.3324275899994973,0.0027491939999890747,0.3270853170015471,0.0025431340000068303
40,1,16,0.33999050012789667,0.0015898901292530354,15459.291864516,15459.630265126,15459.291911969,15459.295592006,15459.627672155,15459.627672589,0.33840060999864363,0.0036800369998672977,0.3320801490008307,0.0025925369991455227
41,0,16,0.3232664579991251,-0.00398158400093962,15459.768908217,15460.096156259,15459.768956319,15459.771670737,15460.093854394,15460.093854719,0.32724804200006474,0.0027144180003233487,0.3221836569991865,0.0023015400001895614
42,0,16,0.3569776250515133,0.026975189051881898,15460.237405971,15460.567408407,15460.23745429,15460.240180949,15460.56507274,15460.565073282,0.3300024359996314,0.002726659000472864,0.32489179100048204,0.002335125000172411
43,0,16,0.32817333401180804,0.0025751770117494743,15460.739702259,15461.065300416,15460.739751878,15460.742845264,15461.062937123,15461.062937448,0.32559815700005856,0.0030933859998185653,0.3200918590009678,0.0023629679999430664
44,0,16,0.35197237506508827,-0.00638047593383817,15461.204769046,15461.563121897,15461.204817906,15461.207592777,15461.560564895,15461.560565112,0.35835285099892644,0.0027748709999286802,0.3529721180002525,0.0025567849988874514
45,0,16,0.3624000421259552,-0.004862773874265258,15461.701418522,15462.068681338,15461.701466191,15461.704393277,15462.06611361,15462.066113935,0.3672628160002205,0.0029270859995449428,0.3617203330013581,0.002567403000284685
46,0,16,0.32417262508533895,-0.0027270009140920592,15462.206798554,15462.53369818,15462.206847848,15462.209628027,15462.531368905,15462.531369555,0.326899625999431,0.002780179000183125,0.32174087800012785,0.002328624999790918
47,0,16,0.3299120001029223,-0.005920881898418884,15462.665247492,15463.001080374,15462.665298194,15462.668086282,15462.998682737,15462.998683062,0.3358328820013412,0.0027880879988515517,0.33059645499997714,0.0023973120005393866
48,0,16,0.32644316693767905,-2.6789060939336196e-05,15463.139500179,15463.465970135,15463.139550123,15463.142398122,15463.463623526,15463.463623851,0.3264699559986184,0.002847998999641277,0.3212254040008702,0.002346283999941079
49,6,16,0.42597466707229614,0.012657324072279152,15463.603593004,15464.016910347,15463.603644356,15463.60648293,15464.0140942,15464.014094633,0.413317343000017,0.0028385739988152636,0.40761127000041597,0.0028157140004623216
50,5,16,0.3940814579837024,-0.006307219016889576,15464.174114616,15464.574503293,15464.174164127,15464.177061311,15464.571552157,15464.571552482,0.400388677000592,0.002897184000175912,0.394490845999826,0.002950811000118847
51,1,16,0.3318672499153763,-0.004001926085038576,15464.715277508,15465.051146684,15464.715327127,15464.718225504,15465.048521645,15465.04852197,0.3358691760004149,0.002898377000747132,0.330296140999053,0.0026247139994666213
52,2,16,0.39475099998526275,0.04111465898495226,15465.184844995,15465.538481336,15465.184895156,15465.187749438,15465.535837989,15465.535838531,0.3536363410003105,0.002854282000043895,0.34808855099981884,0.0026428050005051773
53,0,16,0.3882655000779778,0.05825938007728837,15465.799484913,15466.129491033,15465.79953399,15465.803377619,15466.127052011,15466.127052336,0.3300061200006894,0.003843628999675275,0.323674391998793,0.0024386969998886343
54,0,16,0.33330108295194805,-0.0032647080479364377,15466.262826519,15466.59939231,15466.262875597,15466.266006142,15466.596974415,15466.596974848,0.3365657909998845,0.003130544999294216,0.3309682730014174,0.0024174619993573288
55,0,16,0.3345598329324275,-0.007548873067207751,15466.73343633,15467.075545036,15466.73348519,15466.736438169,15467.072927365,15467.07292769,0.3421087059996353,0.0029529790008382406,0.33648919599909277,0.002617345999169629
56,0,16,0.3322189999744296,-0.0014628240260208258,15467.210703965,15467.544385789,15467.210755643,15467.213729314,15467.541982953,15467.541983169,0.33368182400045043,0.0029736710002907785,0.32825363899974036,0.0024026200007938314
57,0,16,0.33439508313313127,-0.00032494686638528947,15467.686313374,15468.021033404,15467.68636321,15467.689380867,15468.018634251,15468.018634576,0.33472002999951656,0.0030176569998729974,0.32925338400127657,0.002398828000877984
58,1,16,0.33602483314462006,-0.006315174856354133,15468.15631454,15468.498654548,15468.156364483,15468.159267193,15468.496158974,15468.496159299,0.3423400080009742,0.002902709999034414,0.33689178100030404,0.0024952490002760896
59,4,16,0.3713531671091914,-0.009433850891582551,15468.635748509,15469.016535527,15468.63579867,15468.639223354,15469.013859244,15469.013859461,0.38078701800077397,0.003424683998673572,0.37463589000071806,0.002676066000276478
60,0,16,0.37045620777644217,0.03718401177684427,15469.197520391,15469.530792587,15469.197568818,15469.200930774,15469.528181958,15469.528182391,0.3332721959995979,0.0033619560017541517,0.32725118399866915,0.0026101959992956836
61,3,16,0.35700233397074044,-0.005864977030796581,15469.66810745,15470.030974761,15469.668157177,15469.671305382,15470.028259477,15470.028259802,0.362867311001537,0.0031482049998885486,0.35695409499930975,0.0027149590005137725
62,2,16,0.3637819578871131,-0.00630122911206854,15470.16917074,15470.539253927,15470.169219817,15470.172549055,15470.536517084,15470.536517517,0.37008318699918163,0.00332923799942364,0.36396802899980685,0.0027364099987607915
63,0,16,0.32765925000421703,0.0005836830041516805,15470.67677875,15471.003854317,15470.676827177,15470.679929879,15471.001380519,15471.001380952,0.32707556700006535,0.0031027019995235605,0.32145063999996637,0.002473364998877514
64,6,16,0.39097508299164474,-0.003278393007349223,15471.142226779,15471.536480255,15471.142276073,15471.145314855,15471.533692167,15471.533692492,0.39425347599899396,0.0030387820006581023,0.38837731199964765,0.00278776300001482
65,2,16,0.4483145421836525,0.0956661381842423,15471.676529036,15472.02917744,15471.676578113,15471.67985264,15472.026611229,15472.026611987,0.3526484039994102,0.0032745270000305027,0.3467585889993643,0.002565452999988338
66,0,16,0.336288999998942,-0.005464248000862426,15472.271042287,15472.612795535,15472.271091039,15472.274177707,15472.610239941,15472.610240375,0.34175324799980444,0.003086668000833015,0.3360622339987458,0.002555160001065815
67,0,16,0.32422600011341274,-0.00910188188754546,15472.748070278,15473.08139816,15472.748120005,15472.751387057,15473.078892727,15473.078893052,0.3333278820009582,0.0032670519995008362,0.32750567000039155,0.0025051080010598525
68,0,16,0.33762620901688933,0.00633010401725187,15473.221584856,15473.552880961,15473.22163545,15473.224812689,15473.550405971,15473.550406296,0.33129610499963746,0.0031772390011610696,0.3255932819993177,0.0024746649996814085
69,0,16,0.38851429196074605,0.02490746296098223,15473.726290698,15474.089897527,15473.726341401,15473.729545616,15474.087217995,15474.087218428,0.3636068289997638,0.0032042150014603976,0.3576723789992684,0.002679098999578855
70,0,16,0.33416220801882446,-0.0019227769826102303,15474.225105642,15474.561190627,15474.225155261,15474.23040263,15474.558595924,15474.558596249,0.3360849850014347,0.0052473690011538565,0.3281932939989929,0.002594378000139841
71,3,16,0.3879475840367377,-0.004094163963600295,15474.704548496,15475.096590244,15474.704597248,15474.708061367,15475.093818515,15475.09381884,0.392041748000338,0.003464119001364452,0.38575714800026617,0.0027714040006685536
72,0,16,0.3289717910811305,-0.003174336919983034,15475.233687888,15475.565834016,15475.233737074,15475.237070645,15475.563391636,15475.563391961,0.33214612800111354,0.003333570999529911,0.32632099100010237,0.0024420549998467322
73,0,16,0.3478492919821292,0.013749932981227175,15475.705080335,15476.039179694,15475.705129845,15475.708350636,15476.036733523,15476.036733848,0.33409935900090204,0.0032207909989665495,0.328382887000771,0.0024458460011373973
74,4,16,0.3791155838407576,-0.010027463158621686,15476.190156999,15476.579300046,15476.190206618,15476.193404008,15476.576416404,15476.576416838,0.3891430469993793,0.0031973900004231837,0.3830123959996854,0.00288320800063957
75,0,16,0.36389366583898664,-0.0071773511608625995,15476.715140424,15477.086211441,15476.715190151,15476.718461103,15477.083612187,15477.083612512,0.37107101699984923,0.00327095200009353,0.3651510839990806,0.0025989289988501696
76,0,16,0.3232001669239253,-0.008709133076990838,15477.216201005,15477.548110305,15477.2162698,15477.219516159,15477.545662508,15477.54566305,0.3319093000009161,0.003246359001423116,0.32614634899982775,0.0024472550012433203
77,1,16,0.43765541608445346,0.09546556408531615,15477.682501441,15478.024691293,15477.682551926,15477.68578561,15478.022240354,15478.022240679,0.3421898519991373,0.0032336839994968614,0.3364547439996386,0.0024506139998266008
78,0,16,0.3283398328348994,-0.004805066166227334,15478.268106245,15478.601251144,15478.268154672,15478.271912063,15478.598819164,15478.598819489,0.33314489900112676,0.003757391001272481,0.3269071009999607,0.002431655000691535
79,0,16,0.32650949992239475,-0.005409442077507265,15478.736983833,15479.068902775,15478.737033777,15478.740224233,15479.066394742,15479.066395067,0.331918941999902,0.003190456000083941,0.3261705089989846,0.0025077079990296625
80,2,16,0.3719239591155201,0.019143057115798,15479.231201113,15479.583982015,15479.231251816,15479.234591021,15479.581312341,15479.581312666,0.3527809019997221,0.003339205000884249,0.34672132000014244,0.00266934899991611
81,2,16,0.38474683300592005,-0.011317409995172056,15479.721312695,15480.117376938,15479.721362422,15479.724630341,15480.114494596,15480.114494921,0.3960642430010921,0.0032679189989721635,0.3898642550011573,0.0028820170009566937
82,2,16,0.38405420794151723,-0.0003266100593464216,15480.254851708,15480.639232526,15480.254901652,15480.258188855,15480.636028853,15480.636029178,0.38438081800086366,0.0032872029987629503,0.3778399980001268,0.003203348000170081
83,0,16,0.3599123328458518,-0.008170603154212586,15480.781957157,15481.150040093,15480.782006667,15480.785455402,15481.147374428,15481.147374753,0.36808293600006436,0.0034487350003473694,0.3619190259996685,0.002665340000021388
84,0,16,0.32458708388730884,-0.008099218111965456,15481.283671452,15481.616357754,15481.283720204,15481.287039691,15481.613879406,15481.613879731,0.3326863019992743,0.0033194870011357125,0.3268397150004603,0.0024780229996395065
85,2,16,0.3462949169334024,-0.006085241066102753,15481.751527951,15482.103908109,15481.751576703,15481.755399422,15482.101167257,15482.101167582,0.3523801579995052,0.00382271899979969,0.34576783500051533,0.0027405270011513494
86,3,16,0.4031011250335723,-0.01119538096645556,15482.237310873,15482.651607379,15482.237360276,15482.240825586,15482.648726987,15482.648727312,0.4142965060000279,0.0034653099992283387,0.4079014010003448,0.002880067000660347
87,0,16,0.33098737499676645,-0.0011598360033531208,15482.790398785,15483.122545996,15482.790448838,15482.793823144,15483.120071656,15483.12007209,0.33214721100011957,0.0033743059993867064,0.32624851199943805,0.0024739060008869274
88,2,16,0.3911038329824805,-0.007703321018198039,15483.263256183,15483.662063337,15483.263306019,15483.267005232,15483.659342311,15483.659342636,0.39880715400067857,0.0036992130008002277,0.3923370789998444,0.002720701000725967
89,1,16,0.3914008748251945,0.038250972826062934,15483.842390804,15484.195540706,15483.842441506,15483.846177663,15484.193059974,15484.193060515,0.35314990199913154,0.003736156999366358,0.34688231100153644,0.0024801910003589
90,5,16,0.4222124160733074,-0.005478502926052897,15484.336920207,15484.764611126,15484.336968309,15484.340918867,15484.761457179,15484.761457613,0.4276909189993603,0.003950557998905424,0.4205383120006445,0.0031535130001429934
91,0,16,0.3976975418627262,0.04680638586251007,15484.963770833,15485.314661989,15484.963820235,15484.967258136,15485.312123404,15485.312123729,0.35089115600021614,0.003437900999415433,0.34486526800174033,0.002538259999710135
92,6,16,0.39670233288779855,-0.0008282701128337067,15485.453949476,15485.851480079,15485.453998445,15485.457622255,15485.848714526,15485.848714959,0.39753060300063225,0.0036238100001355633,0.3910922710001614,0.0027651199998217635
93,2,16,0.44799716700799763,0.08560296900759568,15486.048264034,15486.410658232,15486.04831452,15486.051782106,15486.408130481,15486.408131023,0.36239419800040196,0.0034675860006245784,0.35634837500037975,0.0025272090006183134
94,0,16,0.3297270000912249,-0.003263949907704955,15486.586482073,15486.919473023,15486.586531584,15486.589939475,15486.916815375,15486.916815808,0.33299094999892986,0.003407890999369556,0.3268759000002319,0.002657214999999269
95,6,16,0.3964588330127299,-0.00856889198803401,15487.058915218,15487.463942943,15487.058964837,15487.062678459,15487.461042834,15487.461043159,0.4050277250007639,0.0037136219998501474,0.39836437499980093,0.0028997839999647113
96,0,16,0.34222620795480907,0.0035737119542318396,15487.609948926,15487.948601422,15487.609998437,15487.613776629,15487.946136074,15487.946136508,0.33865249600057723,0.0037781920000270475,0.3323594450012024,0.0024649139995744918
97,0,16,0.33632233389653265,-0.006986545102336095,15488.08272962,15488.426038499,15488.082777831,15488.086271851,15488.423549642,15488.423550292,0.34330887899886875,0.0034940200002893107,0.33727779100081534,0.002488206999260001
98,3,16,0.36351295793429017,-0.007141606065488304,15488.560316204,15488.930970768,15488.56036669,15488.564132965,15488.928105436,15488.928105761,0.3706545639997785,0.003766275000089081,0.36397247099921515,0.0028650069998548133
99,0,16,0.3689120828639716,0.03446679886292259,15489.067602991,15489.402048275,15489.067652827,15489.071262553,15489.398791841,15489.398792166,0.334445284001049,0.003609725999922375,0.3275292880007328,0.0032561090010858607
100,1,16,0.4087885420303792,0.06380345203069737,15489.57978808,15489.92477317,15489.579838458,15489.583851094,15489.92156733,15489.921567655,0.3449850899996818,0.004012635999970371,0.33771623600114253,0.0032055150004453026
101,2,16,0.3591366249602288,0.008860939960868564,15490.147622577,15490.497898262,15490.147671437,15490.151731092,15490.495363578,15490.495363903,0.35027568499936024,0.004059655000673956,0.3436324859994784,0.0025343589986732695
102,1,16,0.35634408285841346,0.013076697858195985,15490.635596101,15490.978863486,15490.63564507,15490.639609062,15490.976243106,15490.976243431,0.3432673850002175,0.00396399199962616,0.3366340440006752,0.0026200550000794465
103,0,16,0.359368541976437,-0.0034999610234081047,15491.135563006,15491.498431509,15491.135614684,15491.139299705,15491.495724025,15491.495724459,0.3628685029998451,0.0036850209999101935,0.35642431999986,0.0027070500000263564
104,4,16,0.5248339169193059,0.14927075792002142,15491.681105043,15492.056668202,15491.681153579,15491.684786056,15492.05389604,15492.05389669,0.3755631589992845,0.0036324769989732886,0.369109984001625,0.0027715119995264104
105,0,16,0.3270819999743253,-0.007638139026312274,15492.31648829,15492.651208429,15492.316537476,15492.320110692,15492.648642868,15492.648643302,0.3347201390006376,0.0035732160013139946,0.3285321759994986,0.0025651270007074345
106,3,16,0.4209433749783784,0.026993788978870725,15492.819782159,15493.213731745,15492.819829936,15492.823814837,15493.210880713,15493.210881038,0.3939495859995077,0.003984901000876562,0.3870658760006336,0.0028507070001069224
107,0,16,0.33374495804309845,0.00014872104293317534,15493.355612528,15493.689208765,15493.355661497,15493.3596724,15493.686748834,15493.686749159,0.3335962370001653,0.004010902999652899,0.3270764339995367,0.002459605999320047
108,4,16,0.4780678329989314,0.09713618399837287,15493.832658612,15494.213590261,15493.832707039,15493.836450996,15494.210713011,15494.210713445,0.38093164900055854,0.003743956998732756,0.37426201500056777,0.002876816000934923
109,0,16,0.327221583109349,-0.0003476818910712609,15494.466108994,15494.793678259,15494.466158288,15494.469882853,15494.791178677,15494.791178893,0.3275692650004203,0.0037245650000841124,0.32129582400011714,0.002499366000847658
110,0,16,0.3310279168654233,-0.00233300813488313,15494.932409755,15495.26577068,15494.93245894,15494.93622424,15495.263266331,15495.263266764,0.33336092500030645,0.0037652999999409076,0.3270420909993845,0.0025039160009328043
111,3,16,0.39122133306227624,-0.008246576937381178,15495.400925709,15495.800393619,15495.400974895,15495.404940729,15495.797551037,15495.797551362,0.3994679099996574,0.00396583400106465,0.39261030799934815,0.0028422569994290825
112,0,16,0.32722395891323686,-0.008775331087235827,15495.935766408,15496.271765698,15495.935813969,15495.93980602,15496.26923383,15496.269234155,0.3359992900004727,0.003992051000750507,0.3294278100001975,0.0025315430011687567
113,1,16,0.3546964169945568,-0.007078844006173313,15496.40512751,15496.766902771,15496.405178754,15496.408808848,15496.763573316,15496.76357375,0.3617752610007301,0.0036300940009823535,0.3547644680002122,0.003329020999444765
114,0,16,0.34878620808012784,-0.004875484919466544,15496.901844698,15497.255506391,15496.901894642,15496.906084628,15497.252933788,15497.252934222,0.3536616929995944,0.004189986000710633,0.34684915999969235,0.002572168999904534
115,0,16,0.3393555840011686,-0.002290408998305793,15497.398482041,15497.740128034,15497.398530902,15497.402348421,15497.737593892,15497.737594217,0.3416459929994744,0.003817518998403102,0.33524547100023483,0.002533816999857663
116,2,16,0.34244424989447,-0.00843347210502543,15497.873488005,15498.224365727,15497.873536758,15497.877258072,15498.221816742,15498.221817067,0.3508777219994954,0.0037213140003586886,0.3445586699999694,0.0025486599988653325
117,0,16,0.36714329198002815,0.032756835980762844,15498.399190472,15498.733576928,15498.399242149,15498.403043742,15498.731125664,15498.731126098,0.3343864559992653,0.0038015930003894027,0.32808192199991026,0.0024508299993613036
118,1,16,0.43670479115098715,0.0739631531505438,15498.869025988,15499.231767626,15498.86907344,15498.873004822,15499.229024824,15499.229025149,0.36274163800044334,0.003931381999791483,0.35602000200015027,0.0027424770014476962
119,0,16,0.4061117919627577,0.07146499896407477,15499.53932723,15499.873974023,15499.53937609,15499.543647655,15499.871428397,15499.871428722,0.33464679299868294,0.004271564999726252,0.327780741999959,0.002545301000282052
120,2,16,0.387864249991253,0.025902971990944934,15500.01213035,15500.374091628,15500.012180836,15500.016052957,15500.371390644,15500.371390969,0.3619612780003081,0.0038721210003132,0.35533768700042856,0.0027006590007658815
121,0,16,0.320432250155136,-0.007471997843822464,15500.536995794,15500.864900042,15500.53704433,15500.541006155,15500.861834716,15500.861835041,0.32790424799895845,0.003961824999350938,0.3208285610016901,0.0030650009994133143
122,0,16,0.32598399999551475,-0.002805913003612659,15501.005526158,15501.334316071,15501.00557621,15501.009420814,15501.331742602,15501.331742927,0.3287899129991274,0.0038446039998234482,0.32232178800040856,0.0025731440000527073
123,1,16,0.39112366596236825,0.035299756962558604,15501.463244245,15501.819068154,15501.463296356,15501.467372478,15501.816303901,15501.816304226,0.35582390899980965,0.004076122000697069,0.3489314229991578,0.0027639279996947153
124,0,16,0.32775362487882376,-0.0013463531213346869,15502.005452602,15502.33455258,15502.005501896,15502.009638363,15502.332105758,15502.332106083,0.32909997800015844,0.004136467001444544,0.3224673949989665,0.0024464969992550323
125,0,16,0.3485640420112759,0.02107754800999828,15502.501225297,15502.828711791,15502.501276107,15502.505100776,15502.826291404,15502.826291729,0.3274864940012776,0.003824669000096037,0.32119062800120446,0.0024200620009651175
126,4,16,0.385473791975528,-0.014512083023873856,15502.960624687,15503.360610562,15502.960674956,15502.964627464,15503.357762671,15503.357762996,0.39998587499940186,0.003952507999201771,0.39313520699943183,0.0028475660001276992
127,0,16,0.3261976249050349,-0.005369217094994383,15503.494038136,15503.825604978,15503.494087213,15503.498035388,15503.823109729,15503.823110054,0.3315668420000293,0.003948175000914489,0.3250743410007999,0.0024949239996203687
128,4,16,0.3661192499566823,-0.004535206042419304,15503.96398654,15504.334640996,15503.964035401,15503.968164501,15504.331873818,15504.331874143,0.37065445599910163,0.004129099999772734,0.36370931700002984,0.0027668530001392355
129,0,16,0.34856750001199543,-0.008635448988570715,15504.469279251,15504.8264822,15504.469329304,15504.473310305,15504.823666703,15504.823667136,0.35720294900056615,0.003981001000283868,0.3503563979993487,0.002815064000969869
130,4,16,0.38210725015960634,-0.010313790839063586,15504.957404016,15505.349825057,15504.957454502,15504.961480138,15505.346929931,15505.346930256,0.3924210409986699,0.0040256359989143675,0.3854497930005891,0.002894800998546998
131,3,16,0.4004350418690592,-0.010524318131501786,15505.488882975,15505.899842335,15505.488951012,15505.493173174,15505.896876897,15505.896877222,0.410959360000561,0.004222162000587559,0.4037037230009446,0.002965113000755082
132,0,16,0.34016233310103416,0.0023287671010621125,15506.040999526,15506.378833092,15506.041049795,15506.045382679,15506.376329284,15506.376329717,0.33783356599997205,0.004332884000177728,0.33094660499955353,0.002503374998923391
133,2,16,0.34633345901966095,-0.0012255329802428605,15506.514695571,15506.862254563,15506.514745731,15506.518798886,15506.859669068,15506.859669393,0.3475589919999038,0.004053155000292463,0.3408701820007991,0.002585170001111692
134,0,16,0.37131254211999476,0.04287808712069818,15507.050474371,15507.378908826,15507.050523448,15507.054612355,15507.376410436,15507.376410869,0.3284344549992966,0.004088906998731545,0.32179808100045193,0.002497957000741735
135,1,16,0.35722650005482137,0.02076363105516066,15507.540720076,15507.877182945,15507.540767636,15507.544983407,15507.874596584,15507.874596909,0.3364628689996607,0.004215771001327084,0.32961317700028303,0.002586036000138847
136,0,16,0.3909789582248777,0.06356905922439182,15508.026472122,15508.353882021,15508.026520982,15508.030645424,15508.351414398,15508.351414723,0.3274098990004859,0.004124441999010742,0.32076897399929294,0.0024672979998285882
137,0,16,0.3267662499565631,-0.0028188670439703856,15508.549213809,15508.878798926,15508.54926267,15508.553793597,15508.876250591,15508.876250916,0.3295851170005335,0.0045309270008147,0.3224569939993671,0.00254800999937288
138,0,16,0.3521175419446081,0.022236118944420014,15509.050233005,15509.380114428,15509.050282083,15509.055035753,15509.377476172,15509.377476605,0.3298814230001881,0.00475366999853577,0.32244041900048614,0.0026378230013506254
139,2,16,0.41724337497726083,0.07078943397755211,15509.58163862,15509.928092561,15509.581702864,15509.586230974,15509.925423212,15509.925423429,0.3464539409997087,0.0045281100010470254,0.3391922379996686,0.0026691319999372354
140,8,16,0.4332073340192437,0.0028162990183773218,15510.071797654,15510.502188689,15510.071847164,15510.076109954,15510.499202776,15510.499203101,0.4303910350008664,0.00426279000021168,0.4230928220003989,0.002985588000228745
141,3,16,0.38744291686452925,0.030690763866005,15510.697487867,15511.05424002,15510.697537053,15510.702204703,15511.051632966,15511.051633399,0.35675215299852425,0.004667650000556023,0.3494282629999361,0.002606620999358711
142,0,16,0.3298494580667466,0.0005232700659689726,15511.190889902,15511.52021609,15511.190939304,15511.195084221,15511.517718999,15511.517719324,0.3293261880007776,0.004144917000303394,0.3226347780000651,0.002496766001058859
143,0,16,0.3844803748652339,0.042386618864838965,15511.711541092,15512.053634848,15511.711589628,15511.716025975,15512.050907105,15512.05090743,0.34209375600039493,0.0044363470005919226,0.3348811300002126,0.0027274179992673453
144,2,16,0.42631479213014245,0.060693954130329075,15512.202248102,15512.56786894,15512.20229707,15512.206681741,15512.565187783,15512.565188108,0.3656208379998134,0.004384670999570517,0.35850604200095404,0.002680831999896327
145,0,16,0.33721187501214445,-0.002122827987477649,15512.76568536,15513.105020063,15512.765733679,15512.770011528,15513.10251853,15513.102518855,0.3393347029996221,0.004277849000573042,0.3325070020000567,0.002501208000467159
146,0,16,0.32356458296999335,-0.0063459820303251036,15513.245041868,15513.574952433,15513.245091054,15513.249390461,15513.572466285,15513.57246661,0.32991056500031846,0.0042994070008717244,0.3230758240006253,0.002485823000824894
147,0,16,0.3217868749052286,-0.005614141093246872,15513.709111616,15514.036512632,15513.709162535,15513.713801584,15514.033996582,15514.033996907,0.3274010159984755,0.0046390489987970795,0.32019499800117046,0.0025157250001939246
148,0,16,0.33964008395560086,0.011065763956139563,15514.197149385,15514.525723705,15514.197197813,15514.201536872,15514.523078299,15514.523078624,0.3285743199994613,0.0043390589999035,0.3215414269998291,0.0026450809982634382
149,0,16,0.3616303338203579,0.03236708982149139,15514.683058197,15515.012321441,15514.683107166,15514.687779258,15515.009794232,15515.009794557,0.32926324399886653,0.004672091999964323,0.32201497400092194,0.0025268839999625925
150,2,16,0.3987237080000341,0.05135084100038512,15515.193259719,15515.540632586,15515.193308905,15515.197530201,15515.538038208,15515.538038858,0.347372866999649,0.0042212959997414146,0.3405080070006079,0.0025937280006473884
151,3,16,0.35373287508264184,-0.004767857915794593,15515.711168649,15516.069669382,15515.711218268,15515.71550305,15516.066992558,15516.066992883,0.35850073299843643,0.0042847820004681125,0.35148950800066814,0.0026764989997900557
152,0,16,0.4043823750689626,0.047714943068058346,15516.238138457,15516.594805889,15516.238188076,15516.242590839,15516.592109456,15516.592109781,0.3566674320009042,0.004402762999234255,0.3495186170002853,0.0026961080002365634
153,0,16,0.35824920795857906,0.021139991957170423,15516.761102997,15517.098212213,15516.761152399,15516.765883319,15517.095663553,15517.095663986,0.33710921600140864,0.0047309199999290286,0.3297802340002818,0.002548227001170744
154,0,16,0.3411009169649333,0.0019002279641426867,15517.271560197,15517.610760886,15517.271608625,15517.276046164,15517.608203559,15517.608203884,0.3392006890007906,0.004437538998899981,0.33215739500155905,0.0025570020006853156
155,0,16,0.34804424992762506,-0.008467174071483896,15517.744391161,15518.100902585,15517.744468081,15517.748869435,15518.09824147,15518.098241795,0.35651142399910896,0.004401353999128332,0.3493720349997602,0.0026607899999362417
156,0,16,0.3749951249919832,0.04089294899313245,15518.238250275,15518.572352451,15518.238299677,15518.242628228,15518.569861861,15518.569862186,0.3341021759988507,0.004328551000071457,0.3272336330010148,0.002490265000233194
157,1,16,0.3460925000254065,-0.0038122349742479855,15518.759406755,15519.10931149,15518.759454424,15518.764035078,15519.106589597,15519.106589922,0.34990473499965447,0.004580654000164941,0.34255451900025946,0.002721568000197294
158,0,16,0.35549408406950533,-0.008685528930072905,15519.244437268,15519.608616881,15519.244486995,15519.249344779,15519.605927165,15519.605927598,0.36417961299957824,0.004857784000705578,0.3565823859989905,0.0026892829991993494
159,0,16,0.3317897911183536,-0.00369413288171927,15519.74554671,15520.081030634,15519.745595354,15519.7500135,15520.07854286,15520.078543185,0.3354839240000729,0.004418145999807166,0.3285293600001751,0.0024874490009096917
160,0,16,0.33082050015218556,-0.00507933484732348,15520.21604699,15520.551946825,15520.216096175,15520.220490921,15520.54944345,15520.549443884,0.33589983499950904,0.004394745999888983,0.32895252900016203,0.002502941000784631
161,0,16,0.3693159578833729,0.034760493883368326,15520.682825956,15521.01738142,15520.682874383,15520.687290579,15521.01491748,15521.014917805,0.3345554640000046,0.0044161960013298085,0.32762690100025793,0.0024636150010337587
162,0,16,0.33438512519933283,-0.0023665748012717813,15521.200048453,15521.536800153,15521.200096447,15521.206001646,15521.534134379,15521.534134813,0.3367517000006046,0.005905198999244021,0.3281327330005297,0.002665340000021388
163,0,16,0.33881079219281673,-0.005116806807563989,15521.673668553,15522.017596152,15521.673717522,15521.67819038,15522.014989965,15522.01499029,0.3439275990003807,0.004472857999644475,0.33679958500033536,0.0026058620005642297
164,0,16,0.38378237490542233,0.005620286905468674,15522.155828749,15522.533990837,15522.15587826,15522.160680575,15522.531275878,15522.531276203,0.37816208799995366,0.004802314999324153,0.3705953030003002,0.0027146339998580515
165,2,16,0.3693585831206292,0.005031954122387106,15522.682273767,15523.046600396,15522.682322303,15522.686728099,15523.043979908,15523.043980341,0.3643266289982421,0.004405796000355622,0.3572518089986261,0.002620054998260457
166,0,16,0.4060943750664592,0.039374226065774565,15523.202772308,15523.569492457,15523.202822469,15523.207365855,15523.566762547,15523.566762872,0.3667201490006846,0.004543385999568272,0.3593966919997911,0.002729584999542567
167,0,16,0.37133050011470914,0.0018309311144548701,15523.753815442,15524.123315011,15523.753865061,15523.759556617,15524.120631037,15524.12063147,0.36949956900025427,0.005691555999874254,0.3610744199995679,0.0026835410008061444
168,6,16,0.4370409999974072,0.009377815997140715,15524.265620047,15524.693283231,15524.265669341,15524.270213485,15524.690231881,15524.690232423,0.4276631840002665,0.004544143999737571,0.42001839600015956,0.0030508079998980975
169,0,16,0.3500406669918448,0.013787432992103277,15524.855654157,15525.191907391,15524.855703017,15524.86050089,15525.189266211,15525.189266427,0.3362532339997415,0.004797872999915853,0.32876532100090117,0.002640963999510859
170,4,16,0.3712049999739975,0.0017251489734917413,15525.341350409,15525.71083026,15525.341399594,15525.345960747,15525.708085616,15525.708085941,0.36947985100050573,0.00456115299857629,0.3621248689996719,0.002744319001067197
171,3,16,0.36371116689406335,-0.007759510106552625,15525.857605337,15526.229076014,15525.857655606,15525.862240485,15526.226432016,15526.226432341,0.371470677000616,0.004584878999594366,0.3641915309999604,0.0026436730004206765
172,0,16,0.4454774579498917,0.1121647429499717,15526.43325027,15526.766562985,15526.433299239,15526.437980973,15526.764018009,15526.764018334,0.33331271499992,0.004681734000769211,0.3260370360003435,0.00254465099897061
173,0,16,0.4084422909654677,0.07328663296539162,15526.969135676,15527.304291334,15526.969185728,15526.97400516,15527.301660121,15527.301660554,0.3351556580000761,0.004819432000658708,0.32765496100000746,0.0026307799998903647
174,0,16,0.35754849994555116,0.021429170945339138,15527.55155869,15527.887678019,15527.551608743,15527.557755861,15527.884958943,15527.884959268,0.336119329000212,0.006147117999717011,0.32720308199895953,0.00271875100042962
175,0,16,0.33658549981191754,0.00031774781200510915,15528.026582205,15528.362849957,15528.026632474,15528.03264287,15528.360306281,15528.360306714,0.33626775199991243,0.00601039599860087,0.3276634110006853,0.0025432430011278484
176,0,16,0.4242452089674771,0.08607980196757126,15528.505720953,15528.84388636,15528.505770572,15528.511996452,15528.841340192,15528.841340625,0.3381654069999058,0.0062258800007839454,0.3293437400006951,0.0025457350002398016
177,11,16,0.5095997909083962,0.04380009590749978,15529.074156944,15529.539956639,15529.074206563,15529.078959475,15529.536651019,15529.536651344,0.46579969500089646,0.004752912000185461,0.4576915439993172,0.0033052950002456782
178,4,16,0.4451725408434868,0.06391327684468706,15529.822563535,15530.203822799,15529.822611962,15529.827408101,15530.200898747,15530.20089918,0.3812592639987997,0.0047961390009731986,0.3734906459994818,0.002923619000284816
179,0,16,0.36642229091376066,0.026957473914080765,15530.338735584,15530.678200401,15530.33878542,15530.343711781,15530.675098782,15530.675099215,0.3394648169996799,0.004926361001707846,0.33138700099880225,0.0031011860010039527
180,0,16,0.33809829084202647,-0.0006207251572050154,15530.852002215,15531.190721231,15530.852051617,15530.856784162,15531.187749509,15531.187749943,0.3387190159992315,0.004732545001388644,0.3309653469987097,0.002971288000480854
181,0,16,0.3328617080114782,-0.004134943988901796,15531.332142009,15531.669138661,15531.332191411,15531.336794166,15531.665827516,15531.665828058,0.33699665200038,0.004602754999723402,0.32903335000082734,0.003310603000500123
182,0,16,0.34566433308646083,0.010393944086899864,15531.804984348,15532.140254737,15531.805036242,15531.80976662,15532.136836553,15532.136836878,0.33527038899956096,0.004730377999294433,0.32706993300053,0.0034178589994553477
183,0,16,0.32999225007370114,-0.004410998926687171,15532.295125181,15532.62952843,15532.295173608,15532.299949705,15532.626780102,15532.626780427,0.3344032490003883,0.004776097001013113,0.32683039699986693,0.0027480030003061984
184,3,16,0.4070231248624623,-0.014350692137668375,15532.763756191,15533.185130008,15532.763823577,15532.768619283,15533.182135428,15533.182135753,0.42137381700013066,0.004795706001459621,0.41351614499944844,0.00299425499906647
185,0,16,0.3359380830079317,0.0015582350079057505,15533.325993602,15533.66037345,15533.32604268,15533.331613221,15533.657797272,15533.657797597,0.33437984800002596,0.0055705409995425725,0.32618405100038217,0.0025758530009625247
186,0,16,0.333788292016834,-0.0007445299816026818,15533.796096497,15534.130629319,15533.796146333,15533.800959698,15534.128071884,15534.128072209,0.3345328219984367,0.004813364999790792,0.32711218600161374,0.0025571099995431723
187,0,16,0.3705042500514537,0.035801012050797,15534.314476157,15534.649179395,15534.314525668,15534.319489623,15534.646477545,15534.646477978,0.3347032380006567,0.004963954999766429,0.326987922000626,0.00270141700093518
188,3,16,0.35933216591365635,-0.0054454750861623324,15534.787323155,15535.152100796,15534.787372665,15534.792238033,15535.148609809,15535.148610243,0.3647776409998187,0.0048653680005372735,0.3563717760007421,0.0034905529992101947
189,0,16,0.3323477499652654,-0.01090338403628266,15535.283926371,15535.627177505,15535.283976315,15535.288719802,15535.624507073,15535.624507506,0.34325113400154805,0.0047434869993594475,0.33578727100029937,0.002669999001227552
190,1,16,0.3598377499729395,-0.0034876160261774203,15535.761197473,15536.124522839,15535.761245142,15535.76607075,15536.121093822,15536.121094147,0.3633253659991169,0.004825608000828652,0.3550230719993124,0.003428691999943112
191,2,16,0.3561631250195205,-0.008859035979185137,15536.262088289,15536.62711045,15536.262138341,15536.266950514,15536.624327021,15536.624327346,0.36502216099870566,0.004812172999663744,0.3573765069995716,0.002783103998808656
192,0,16,0.33112370898015797,-0.0035111670185870025,15536.764912402,15537.099547278,15536.764962346,15536.769786653,15537.096795917,15537.096796351,0.334634875998745,0.004824306999580585,0.327009263999571,0.0027509270003065467
193,0,16,0.3486316248308867,-0.004815124169908813,15537.236083188,15537.589529937,15537.236131399,15537.241084195,15537.586802844,15537.586803169,0.35344674900079553,0.004952795999997761,0.3457186489995365,0.002726767999774893
194,0,16,0.32747875014320016,-0.005940786855717306,15537.726316542,15538.059736079,15537.726366269,15537.731284831,15538.056393515,15538.056393732,0.33341953699891747,0.0049185619991476415,0.32510868400095205,0.0033423469994886545
195,0,16,0.3422757089138031,0.006352147913275985,15538.21064123,15538.546564791,15538.210688899,15538.215865848,15538.543925236,15538.543925561,0.3359235610005271,0.005176949000087916,0.32805938799901924,0.0026392300005682046
196,0,16,0.32854941696859896,-0.00605414903111523,15538.684943754,15539.01954732,15538.684992072,15538.689914859,15539.016865079,15539.016865404,0.3346035659997142,0.004922787000396056,0.32695022000007157,0.002681915999346529
197,2,16,0.37743154214695096,-0.009379520854054135,15539.155638068,15539.542449131,15539.155686278,15539.160709928,15539.538743851,15539.538744176,0.3868110630010051,0.005023650001021451,0.37803392299974803,0.003704955001012422
198,0,16,0.330595999956131,0.0015051219561428297,15539.678775623,15540.007866501,15539.678825459,15539.683774247,15540.00520181,15540.005202135,0.32909087799998815,0.004948788000547211,0.32142756299981556,0.0026643660003173864
199,0,16,0.3366325830575079,-0.002739604942689766,15540.15117605,15540.490548238,15540.151250587,15540.156627853,15540.487099936,15540.487100369,0.33937218800019764,0.005377266001232783,0.33047208299831254,0.0034478689995012246
200,1,16,0.36437450000084937,-0.01073417899897322,15540.626070859,15541.001179538,15540.626120153,15540.631003179,15540.998288746,15540.998289179,0.3751086789998226,0.004883026000243262,0.3672855669992714,0.002890358999138698
201,0,16,0.3510465829167515,-0.00870307508375845,15541.131557604,15541.491307262,15541.131607115,15541.136921545,15541.488529683,15541.488530008,0.35974965800050995,0.005314429999998538,0.35160813800030155,0.0027772539997386048
202,0,16,0.3413169579580426,0.002330887957214145,15541.630419783,15541.969405853,15541.630468969,15541.635538013,15541.966605957,15541.96660639,0.3389860700008285,0.005069044000265421,0.33106794400009676,0.002799462999973912
203,0,16,0.32717933296225965,-0.0020476180379773723,15542.109774124,15542.439001075,15542.109822985,15542.114903729,15542.436370078,15542.436370403,0.329226951000237,0.005080744000224513,0.3214663489998202,0.0026306719992135186
204,3,16,0.36738691688515246,-0.00872270011495857,15542.573924802,15542.950034419,15542.573973987,15542.57896221,15542.947165511,15542.947165836,0.37610961700011103,0.0049882229996001115,0.3682033009990846,0.002868583000235958
205,0,16,0.35848974995315075,0.0009731619520607637,15543.087998337,15543.445514925,15543.088046872,15543.09312935,15543.442637024,15543.442637566,0.35751658800109,0.005082477999167168,0.34950767400005134,0.0028773590001947014
206,0,16,0.32769408309832215,-0.002057441901342827,15543.58683939,15543.916590915,15543.586887926,15543.59182198,15543.913427543,15543.913427976,0.329751524999665,0.00493405400084157,0.3216055630000483,0.0031629389995941892
207,0,16,0.3354836250655353,0.0009612040666979738,15544.055429448,15544.389951869,15544.055479284,15544.060509217,15544.386951113,15544.386951438,0.33452242099883733,0.0050299330014240695,0.32644189599886886,0.003000430999236414
208,2,16,0.34539762511849403,-0.010777083882203442,15544.523825039,15544.879999748,15544.523873466,15544.528939368,15544.87724817,15544.877248495,0.3561747090006975,0.005065901999842026,0.34830880200024694,0.00275125299958745
209,0,16,0.32520008413121104,-0.003205227869329974,15545.016597953,15545.345003265,15545.016645188,15545.021774034,15545.342400869,15545.342401194,0.328405312000541,0.0051288459999341285,0.3206268350004393,0.0026020709992735647
210,0,16,0.32681612484157085,-0.002857938157831086,15545.482670552,15545.812344615,15545.48272028,15545.489338128,15545.80979758,15545.809797905,0.32967406299940194,0.006617847999223159,0.32045945199934067,0.002546710000387975
211,0,16,0.3548518749885261,-0.010043097010566271,15545.943716144,15546.308611116,15545.943765979,15545.948875975,15546.305822486,15546.30582292,0.3648949719990924,0.005109996000101091,0.35694651099947805,0.002788195999528398
212,0,16,0.32302670809440315,-0.006232309906408773,15546.439035659,15546.768294677,15546.439086036,15546.444173172,15546.765617203,15546.765617528,0.3292590180008119,0.00508713599992916,0.32144403100028285,0.002677148999282508
213,0,16,0.34970099991187453,0.018521358912039432,15546.907694403,15547.238874044,15546.907743914,15546.912955314,15547.235799185,15547.23579951,0.3311796409998351,0.005211399999097921,0.32284387100116874,0.0030745340009161737
214,0,16,0.33496958389878273,-0.006766980101019726,15547.395525463,15547.737262027,15547.395573565,15547.401392201,15547.734578485,15547.734578919,0.34173656399980246,0.005818636000185506,0.333186284000476,0.0026831079994735774
215,0,16,0.3305204580537975,0.0016006470541469753,15547.877065855,15548.205985666,15547.877115366,15547.882269021,15548.203415447,15548.203415772,0.3289198109996505,0.005153654999958235,0.32114642600026855,0.002569893998952466
216,0,16,0.32335891714319587,-0.006552948856551666,15548.343433893,15548.673345759,15548.343484162,15548.348672811,15548.670724729,15548.670725162,0.32991186599974753,0.005188649000047008,0.32205191799948807,0.0026205970007140422
217,0,16,0.34131695912219584,0.01018856212249375,15548.818311693,15549.14944009,15548.818359904,15548.823695893,15549.146819169,15549.146819494,0.3311283969997021,0.005335988998922403,0.32312327600084245,0.002620595998450881
218,0,16,0.3397882089484483,-0.0015382940509880427,15549.297375796,15549.638702299,15549.297425631,15549.302693151,15549.635238938,15549.635239263,0.34132650299943634,0.005267519998596981,0.3325457870014361,0.0034630360005394323
219,0,16,0.3291328330524266,-0.002605400946777081,15549.778170928,15550.109909162,15549.778219139,15549.783631398,15550.106775908,15550.106776342,0.33173823399920366,0.005412259000877384,0.3231445099991106,0.0031328200002462836
220,0,16,0.4245038749650121,0.09424218496496906,15550.243401414,15550.573663104,15550.24345125,15550.248939996,15550.571137195,15550.571137412,0.330261690000043,0.005488745999173261,0.3221971990005841,0.0025256919998355443
221,0,16,0.33412420796230435,-0.004536522037597024,15550.815967371,15551.154628101,15550.816017424,15550.821565323,15551.152037298,15551.152037731,0.3386607299999014,0.005547898999793688,0.3304719749994547,0.002590369998870301
222,0,16,0.32803008309565485,-0.002211997903941665,15551.293614083,15551.623856164,15551.293662402,15551.2991934,15551.62121325,15551.621213575,0.3302420809995965,0.005530997999812826,0.322019850000288,0.0026425890009704744
223,0,16,0.3440433330833912,-0.004730456917968695,15551.75954541,15552.1083192,15551.759593945,15551.764880424,15552.105555164,15552.105555489,0.3487737900013599,0.005286478999551036,0.3406747400003951,0.0027637109997158404
224,0,16,0.4227226672228426,0.09141432022261142,15552.330037446,15552.661345793,15552.330086415,15552.335591845,15552.658728988,15552.658729313,0.33130834700023115,0.005505429999175249,0.32313714300107677,0.0026164800001424737
225,0,16,0.3618415000382811,-0.0020757179609063314,15552.817600259,15553.181517477,15552.817648036,15552.823281523,15553.178760158,15553.178760591,0.3639172179991874,0.005633487000523019,0.3554786349995993,0.002756886000497616
226,0,16,0.33114962512627244,0.0014492361260636244,15553.32759583,15553.657296219,15553.327647183,15553.333026724,15553.654695123,15553.654695448,0.3297003890002088,0.005379541000365862,0.32166839899946353,0.0026007710002886597
227,0,16,0.3274685409851372,-0.0030804620146227535,15553.791997311,15554.122546314,15553.792051263,15553.797525059,15554.119832763,15554.119833088,0.33054900299976,0.005473795999932918,0.32230770400019537,0.0027132260001963004
228,0,16,0.33666695817373693,-0.0035864538258465473,15554.258273803,15554.598527215,15554.258323097,15554.263862546,15554.595898926,15554.595899251,0.3402534119995835,0.005539449000934837,0.3320363799994084,0.002627963998747873
229,0,16,0.3229867909103632,-0.006227917088835966,15554.73322679,15555.062441498,15554.733276734,15554.738653458,15555.059883738,15555.059884063,0.32921470799919916,0.0053767240005981876,0.32123028000023623,0.0025574350001988932
230,3,16,0.36283300002105534,0.0033792130216170335,15555.197388842,15555.556842629,15555.197437811,15555.203107699,15555.554063966,15555.5540644,0.3594537869994383,0.0056698879998293705,0.3509562669987645,0.002778228999886778
231,0,16,0.32703229202888906,-0.0034349159723205958,15555.704961643,15556.035428851,15555.705013103,15555.710491016,15556.032850939,15556.032851264,0.33046720800120966,0.005477913000504486,0.32235992300047656,0.0025775869999051793
232,1,16,0.33527820906601846,-0.005825008933243225,15556.166839489,15556.507942707,15556.166889542,15556.172390747,15556.505173362,15556.505173796,0.3411032179992617,0.0055012049997458234,0.33278261499981454,0.002768910999293439
233,1,16,0.3776670419611037,-0.008623673038528068,15556.641821619,15557.028112334,15556.641870588,15556.647292815,15557.02527441,15557.025274844,0.38629071499963175,0.005422226999144186,0.3779815950001648,0.0028374899993650615
234,0,16,0.32007924979552627,-0.009118557205511024,15557.158143067,15557.487340874,15557.158193228,15557.163737985,15557.484757871,15557.484758088,0.3291978070010373,0.005544756999370293,0.32101988599970355,0.0025827860008575954
235,0,16,0.37280129198916256,0.037044571989099495,15557.624468962,15557.960225682,15557.624517606,15557.629941024,15557.95760801,15557.957608335,0.33575672000006307,0.005423418000646052,0.3276669859988033,0.002617346999613801
236,0,16,0.3342755001503974,-0.002603605849799351,15558.142667588,15558.479546694,15558.142715365,15558.148427289,15558.476984166,15558.476984491,0.33687910600019677,0.005711923999115243,0.3285568770006648,0.0025622029988880968
237,4,16,0.478386125061661,0.07559136106101505,15558.617861194,15559.020655958,15558.617911355,15558.623413319,15559.017668203,15559.017668528,0.40279476400064596,0.005501963998540305,0.3942548840004747,0.0029874299998482456
238,3,16,0.3977792498189956,-0.011835197181426338,15559.24905283,15559.658667277,15559.249102341,15559.254754353,15559.655715057,15559.65571549,0.40961444700042193,0.005652011999700335,0.4009607040006813,0.0029517870007111924
239,0,16,0.33812749991193414,-0.00793750708726293,15559.793442147,15560.139507154,15559.793491441,15559.799023198,15560.136848964,15560.13684918,0.34606500699919707,0.005531757000426296,0.33782576600060565,0.00265797399879375
240,0,16,0.3579390828963369,-0.006222113104740856,15560.275434202,15560.639595398,15560.275483496,15560.281009294,15560.636879464,15560.636879789,0.36416119600107777,0.005525798000235227,0.35587017000034393,0.002715609000006225
241,0,16,0.36581925000064075,0.002721828001085669,15560.775980609,15561.139078031,15560.776029253,15560.781534142,15561.13631562,15561.136316053,0.3630974219995551,0.005504888998984825,0.3547814780013141,0.0027619779993983684
242,0,16,0.3599365840200335,-0.008469524978863774,15561.283539001,15561.65194511,15561.28358862,15561.289181479,15561.649086278,15561.649086603,0.36840610899889725,0.005592859000898898,0.3599047989991959,0.0028585069994733203
243,0,16,0.4219212499447167,0.07654267494399392,15561.787090389,15562.132468964,15561.787139358,15561.792706867,15562.129823125,15562.129823666,0.3453785750007228,0.005567508998865378,0.33711625800060574,0.0026452980000613024
244,0,16,0.33163629192858934,-0.0027944750709139043,15562.359350291,15562.693781058,15562.35939991,15562.365421031,15562.691195779,15562.691196104,0.33443076699950325,0.006021121000230778,0.32577474800018535,0.0025849539997579996
245,0,16,0.3342156659346074,-0.0025210830663127126,15562.832129035,15563.168865784,15562.832179737,15562.838024158,15563.166219836,15563.166220269,0.3367367490009201,0.005844420998982969,0.32819567800106597,0.0026455150000401773
246,0,16,0.3298421250656247,-0.0064373279328719946,15563.304978632,15563.641258085,15563.305027926,15563.310610602,15563.638570102,15563.638570427,0.3362794529984967,0.005582675999903586,0.327959500000361,0.0026876579995587235
247,0,16,0.42654316686093807,0.08887687486094364,15563.777860406,15564.115526698,15563.777909809,15563.783576122,15564.112919211,15564.112919536,0.33766629199999443,0.005666312999892398,0.3293430890007585,0.0026071619995491346
248,0,16,0.33280708407983184,-0.005121819920532289,15564.35261274,15564.690541644,15564.352661709,15564.358645887,15564.687770782,15564.687771541,0.3379289040003641,0.00598417800028983,0.3291248950008594,0.0027701030012394767
249,7,16,0.412031166953966,-0.0031422290467162384,15564.829758929,15565.244932325,15564.829807681,15564.835690996,15565.241958112,15565.241958437,0.41517339600068226,0.005883314999664435,0.4062671159990714,0.0029738880002696533
250,0,16,0.34964645793661475,0.003983169935963815,15565.389394269,15565.735057557,15565.389443563,15565.395758498,15565.732373691,15565.732374016,0.34566328800065094,0.0063149349989544135,0.336615193000398,0.002683540998987155
251,0,16,0.3272951249964535,-0.009723628003484919,15565.875229303,15566.212248056,15565.875280438,15565.881010888,15566.20955574,15566.209556065,0.33701875299993844,0.00573045000055572,0.32854485200005,0.002691990999664995
252,0,16,0.33957304200157523,0.0039705960007268,15566.352877423,15566.688479869,15566.352927367,15566.358974489,15566.68562277,15566.685623095,0.33560244600084843,0.006047122000381933,0.3266482809995068,0.0028567740009748377
253,3,16,0.391378290951252,0.00979628695131396,15566.849163316,15567.23074532,15566.849214235,15566.855109358,15567.22800241,15567.228002735,0.381582003999938,0.005895123000300373,0.3728930519991991,0.0027425849984865636
254,0,16,0.3700749580748379,-0.006900173924805131,15567.367444605,15567.744419737,15567.367494224,15567.373178521,15567.741554729,15567.741555054,0.37697513199964305,0.00568429700069828,0.3683762079999724,0.0028646829996432643
255,0,16,0.3638648339547217,0.026797761955094757,15567.909732916,15568.246799988,15567.909781234,15567.915886968,15568.244176358,15568.244176683,0.33706707199962693,0.006105733998992946,0.32828938999955426,0.0026233049993606983
256,4,16,0.39719874993897974,-0.00459637506173749,15568.389085415,15568.79088054,15568.389136225,15568.39498823,15568.787972522,15568.787973064,0.40179512500071723,0.005852005000633653,0.3929842919988005,0.0029074760004732525
257,0,16,0.39864037511870265,0.06881453011919803,15569.011934238,15569.341760083,15569.011982774,15569.018133793,15569.339201998,15569.339202431,0.3298258449995046,0.006151019000753877,0.32106820499939204,0.002557652000177768
258,2,16,0.36277037486433983,-0.0033101431363320444,15569.482819445,15569.848899963,15569.482868089,15569.488745011,15569.846159436,15569.846159761,0.3660805180006719,0.005876921999515616,0.3574144249996607,0.0027402020004956285
259,0,16,0.3336805000435561,-0.002674896957614692,15569.983284924,15570.319640321,15569.983333784,15569.989163688,15570.317039334,15570.317039659,0.3363553970011708,0.005829904001075192,0.3278756460003933,0.002600662000986631
260,2,16,0.41148787504062057,-0.010564031959802378,15570.458623703,15570.88067561,15570.458673539,15570.49846091,15570.877383641,15570.877383966,0.42205190700042294,0.03978737099896534,0.37892273100078455,0.003291643999546068
261,2,16,0.3543165831360966,-0.0006381278635672061,15571.018024166,15571.372978877,15571.01807346,15571.02406533,15571.370226649,15571.370227191,0.3549547109996638,0.005991870000798372,0.34616131899929314,0.002751685999101028
262,1,16,0.34061258286237717,-0.003740678137546638,15571.510225595,15571.854578856,15571.510275539,15571.516111726,15571.851779717,15571.851780042,0.3443532609999238,0.005836186999658821,0.3356679910011735,0.0027988140009256313
263,0,16,0.4002140830270946,0.062966519028123,15571.993992341,15572.331239905,15571.994041635,15572.000053872,15572.328543038,15572.328543688,0.3372475639989716,0.0060122369995951885,0.3284891660005087,0.002696216999538592
264,0,16,0.3307099170051515,-0.004012063995105564,15572.538890089,15572.87361207,15572.538939817,15572.545248901,15572.870998732,15572.870999057,0.3347219810002571,0.00630908400125918,0.3257498309994844,0.0026130129990633577
265,1,16,0.3443975830450654,-0.0009721079550217837,15573.01116571,15573.356535401,15573.011215221,15573.017170472,15573.353900287,15573.353900612,0.3453696910000872,0.005955250999249984,0.33672981500058086,0.002634788999785087
266,4,16,0.40040604188106954,0.0019249868801125558,15573.510024856,15573.908505911,15573.5100748,15573.516172191,15573.90553744,15573.905537982,0.398481055000957,0.00609739100036677,0.38936524899872893,0.002967929000078584
267,4,16,0.38166154199279845,-0.012954000008903677,15574.039300755,15574.433916297,15574.039350157,15574.045501176,15574.430840463,15574.43084068,0.3946155420017021,0.006151019000753877,0.38533928699871467,0.0030756170017411932
268,0,16,0.38407791685312986,0.04805067685265385,15574.625752982,15574.961780222,15574.625801192,15574.632122519,15574.959102857,15574.959103398,0.336027240000476,0.00632132700047805,0.3269803379989753,0.0026768240004457766
269,1,16,0.3465729169547558,-0.008861191045070882,15575.093434731,15575.448868839,15575.093483483,15575.099388791,15575.446100902,15575.446101227,0.35543410799982667,0.005905308000365039,0.34671211099885113,0.0027676119989337167
270,0,16,0.36708637489937246,0.0007147509004425956,15575.592286835,15575.958658459,15575.59233602,15575.598315973,15575.955841878,15575.955842203,0.36637162399892986,0.005979953000860405,0.35752590499942016,0.002816255999277928
271,0,16,0.34753587492741644,-0.0012912180718558375,15576.102019252,15576.450846345,15576.102068329,15576.108366796,15576.448093901,15576.448094334,0.3488270929992723,0.006298466998487129,0.33972710500165704,0.002752010999756749
272,0,16,0.3252474581822753,-0.004762778817166691,15576.5856678,15576.915678037,15576.585716661,15576.591824128,15576.91312526,15576.913125585,0.330010236999442,0.006107466999310418,0.3213011320003716,0.00255245199878118
273,0,16,0.3238807499874383,-0.005078280013549374,15577.049915332,15577.378874362,15577.049965818,15577.056049125,15577.376215088,15577.376215413,0.3289590300009877,0.006083307000153582,0.32016596299945377,0.002658949000760913
274,0,16,0.3284692079760134,-0.003781250023166649,15577.518330965,15577.850581423,15577.518379068,15577.524968532,15577.847977944,15577.847978269,0.33225045799918007,0.00658946399926208,0.3230094120008289,0.0026031540000985842
275,6,16,0.4059550000820309,0.00892708708124701,15578.000844995,15578.397872908,15578.000921698,15578.006886375,15578.394831416,15578.394831741,0.3970279130007839,0.005964677000520169,0.38794504100042104,0.0030411670013563707
276,0,16,0.36197033314965665,-0.0015836268503335305,15578.54081974,15578.9043737,15578.540869034,15578.546813235,15578.900796475,15578.9007968,0.3635539599999902,0.005944201000602334,0.35398324000016146,0.0035768999987340067
277,0,16,0.41249804198741913,0.03784384198843327,15579.093430638,15579.468084838,15579.09348004,15579.100085539,15579.465243014,15579.465243339,0.37465419999898586,0.0066054990002157865,0.36515747500016005,0.002841498999259784
278,1,16,0.3353994588833302,-0.008048202116697212,15579.598262369,15579.94171003,15579.598312422,15579.604476766,15579.939034831,15579.939035156,0.34344766100002744,0.006164344000353594,0.33455806500023755,0.0026748740001494298
279,3,16,0.3851842079311609,-0.0019482960688037565,15580.086530899,15580.473663403,15580.086581168,15580.092754504,15580.470737292,15580.470737617,0.3871325039999647,0.0061733359998470405,0.37798278800073604,0.0029257859987410484
280,4,16,0.3599195838905871,-0.004815589109057328,15580.611209351,15580.975944524,15580.611260487,15580.617285183,15580.972730125,15580.97273045,0.3647351729996444,0.006024696000167751,0.3554449420007586,0.003214074000425171
281,5,16,0.5066114577930421,0.09242307379281556,15581.108013643,15581.522202027,15581.108063696,15581.114270292,15581.518892724,15581.518893049,0.4141883840002265,0.006206596000993159,0.404622431999087,0.0033089779990405077
282,0,16,0.32914916705340147,-0.004245018946676282,15581.774046679,15582.107440865,15581.774096515,15581.780613392,15582.104846594,15582.104846919,0.33339418600007775,0.006516876999739907,0.3242332019999594,0.002593946001070435
283,0,16,0.325634874869138,-0.005680514130290248,15582.2425466,15582.573861989,15582.242597085,15582.248817874,15582.57123305,15582.5712337,0.33131538899942825,0.0062207890005083755,0.3224151759986853,0.002628288999403594
284,0,16,0.3259356669150293,-0.004561768084386131,15582.708644442,15583.039141877,15582.70869352,15582.714999462,15583.036521388,15583.036521713,0.3304974349994154,0.006305941999016795,0.32152192600005947,0.002620163999381475
285,0,16,0.32608791603706777,-0.004769417962961597,15583.177115112,15583.507972446,15583.177165164,15583.183295707,15583.505383917,15583.505384134,0.33085733400002937,0.006130543000836042,0.3220882099994924,0.0025883119997160975
286,0,16,0.32413583318702877,-0.006627788812693325,15583.636973748,15583.96773737,15583.637024017,15583.643305908,15583.965151983,15583.965152308,0.3307636219997221,0.0062818909991619876,0.3218460750013037,0.0025850620004348457
287,0,16,0.324205124983564,-0.0056274360158568015,15584.098964592,15584.428797153,15584.099014319,15584.105325895,15584.426227367,15584.426227692,0.3298325609994208,0.006311576000371133,0.32090147199960484,0.0025694609994388884
288,3,16,0.3658659169450402,-0.011107048054327606,15584.560965836,15584.937938801,15584.561014371,15584.567314355,15584.935091019,15584.935091344,0.37697296499936783,0.006299983999269898,0.36777666400121234,0.0028474570008256705
289,3,16,0.3970849169418216,-0.009690306058473652,15585.075038071,15585.481813294,15585.075087798,15585.081275652,15585.478815463,15585.478815897,0.4067752230002952,0.006187854000017978,0.3975398109996604,0.0029973969994898653
290,0,16,0.33073716703802347,0.00047547703798045404,15585.61290076,15585.94316245,15585.61295157,15585.619216019,15585.940529178,15585.940529503,0.330261690000043,0.006264449000809691,0.32131315900005575,0.0026329470001655864
291,0,16,0.40540170785970986,0.07449172085944156,15586.088273449,15586.419183436,15586.088321443,15586.094736157,15586.41639329,15586.416393615,0.3309099870002683,0.006414714000129607,0.3216571329994622,0.002789821000988013
292,1,16,0.34068762487731874,-0.0007992191222001566,15586.64164965,15586.983136494,15586.641697968,15586.649170499,15586.980390116,15586.980390441,0.3414868439995189,0.00747253100053058,0.3312196169990784,0.0027460530000098515
293,0,16,0.33429520786739886,0.00332390186667908,15587.116711083,15587.447682389,15587.11676081,15587.123155482,15587.444979347,15587.444979672,0.3309713060007198,0.006394672000169521,0.3218238649988052,0.002702716999920085
294,0,16,0.3266503750346601,-0.003644465965408017,15587.593438869,15587.92373371,15587.593487513,15587.6000461,15587.921014851,15587.921015176,0.3302948410000681,0.006558586999744875,0.32096875099887257,0.0027185340004507452
295,0,16,0.39365620794706047,0.030893334946085815,15588.102977793,15588.465740666,15588.103028171,15588.109982627,15588.462892018,15588.462892343,0.36276287300097465,0.006954456001039944,0.3529093910001393,0.0028483230016718153
296,0,16,0.3359487501438707,-0.003555176856025355,15588.601542259,15588.941046186,15588.601592636,15588.608595736,15588.938229931,15588.938230147,0.33950392699989607,0.0070030999995651655,0.32963419500083546,0.0028160390011180425
297,0,16,0.3329111251514405,-0.0013213818492658902,15589.078962544,15589.413195051,15589.079013571,15589.085376174,15589.410100474,15589.410100799,0.3342325070007064,0.006362603000525269,0.32472430000052555,0.00309425200066471
298,0,16,0.3248659579548985,-0.005746206044932478,15589.552222202,15589.882834366,15589.552269871,15589.5586627,15589.8801427,15589.880143025,0.33061216399983095,0.0063928290001058485,0.3214800000005198,0.0026913410001725424
299,4,16,0.3702183330897242,-0.006663086911430582,15590.018183863,15590.395065283,15590.018233048,15590.024634979,15590.392149247,15590.392149572,0.37688142000115477,0.006401930999345495,0.36751426800037734,0.002915711000241572
300,1,16,0.34319820790551603,0.0007955799064802704,15590.534340853,15590.876743481,15590.534390039,15590.540903666,15590.874055715,15590.87405604,0.34240262799903576,0.006513627000458655,0.3331520489991817,0.0026874409995798487
301,0,16,0.32740075001493096,-0.003393422985027428,15591.018009769,15591.348803942,15591.018058305,15591.024527947,15591.346040447,15591.346040772,0.3307941729999584,0.0064696419995016186,0.32151250000060827,0.002763170001344406
302,1,16,0.42780649987980723,0.06776465287839528,15591.495160833,15591.85520268,15591.495214352,15591.50159949,15591.852381007,15591.85238144,0.36004184700141195,0.006385138000041479,0.350781516999632,0.002821240001139813
303,0,16,0.32991033303551376,-0.00953119096448063,15592.054814916,15592.39425644,15592.054863127,15592.061630374,15592.3915924,15592.391592725,0.3394415239999944,0.006767247001334908,0.32996202599861135,0.002663715000380762
304,0,16,0.45519945793785155,0.089293797936989,15592.60826587,15592.97417153,15592.608313756,15592.615042218,15592.971310639,15592.971310964,0.36590566000086255,0.006728461999955471,0.35626842100100475,0.0028605660008906852
305,0,16,0.32833237503655255,-0.003268376964115305,15593.141503703,15593.473104455,15593.141553105,15593.148436491,15593.470417988,15593.470418422,0.33160075200066785,0.006883385998662561,0.32198149699979695,0.0026860329999180976
306,3,16,0.3550705420784652,-0.005319720921761473,15593.612416752,15593.972807015,15593.612466263,15593.618903728,15593.970009285,15593.970009935,0.3603902630002267,0.00643746499918052,0.3511055569997552,0.0027970800001639873
307,0,16,0.3371850000694394,-0.00897707693184202,15594.106610415,15594.452772492,15594.106660684,15594.113040946,15594.44998213,15594.449982563,0.34616207700128143,0.00638026200067543,0.33694118399944273,0.0027899290016648592
308,0,16,0.35589125007390976,0.01626869307438028,15594.585936588,15594.925559145,15594.585985665,15594.592530602,15594.922910814,15594.922911139,0.3396225569995295,0.006544936999489437,0.3303802120008186,0.002648006000526948
309,0,16,0.33350087492726743,-0.004475481071494869,15595.085354651,15595.423331007,15595.085401995,15595.092223303,15595.420619082,15595.420619407,0.3379763559987623,0.006821307999416604,0.32839577900085715,0.0027116000001115026
310,4,16,0.36624129209667444,-0.003903864902895293,15595.564213019,15595.934358176,15595.564261446,15595.570998467,15595.931468901,15595.931469226,0.37014515699956974,0.006737020999935339,0.36047043400139955,0.0028889500008517643
311,0,16,0.34401208395138383,0.006325315951471566,15596.076706331,15596.414393099,15596.076756058,15596.084321868,15596.411549542,15596.411550083,0.33768676799991226,0.007565809999505291,0.32722767399900476,0.002843016000042553
312,0,16,0.339836125029251,0.0013220860291767167,15596.562650028,15596.901164067,15596.56269878,15596.56975139,15596.898432532,15596.898433182,0.33851403900007426,0.007052609998936532,0.32868114200027776,0.0027308850003464613
313,0,16,0.3987162089906633,0.06183450299067772,15597.10649061,15597.443372316,15597.106540988,15597.11315147,15597.44063168,15597.440632006,0.33688170599998557,0.00661048199981451,0.3274802100004308,0.002740309999353485
314,0,16,0.3327160831540823,-0.004121853844480938,15597.574732794,15597.911570731,15597.574811339,15597.581440997,15597.90885263,15597.908853172,0.33683793699856324,0.00662965800074744,0.32741163299942855,0.0027175589984835824
315,2,16,0.38207508297637105,-0.008220468023864669,15598.052055682,15598.442351233,15598.052105085,15598.058772227,15598.439336285,15598.43933661,0.3902955510002357,0.006667141999059822,0.38056405800125503,0.0030146230001264485
316,0,16,0.33910004096105695,-0.008906930039302097,15598.576886242,15598.924893213,15598.576934344,15598.583627054,15598.921993646,15598.921994079,0.34800697100035904,0.006692709999697399,0.3383665919991472,0.0028991339986532694
317,0,16,0.33503529196605086,-0.002729805033595767,15599.060739658,15599.398504755,15599.060789602,15599.067730949,15599.395740285,15599.395740501,0.33776509699964663,0.006941347000974929,0.3280093359990133,0.0027642539989756187
318,0,16,0.3478751250077039,-0.008612356992671266,15599.533348203,15599.889835685,15599.533396305,15599.539923583,15599.886984869,15599.886985194,0.35648748200037517,0.006527277999339276,0.34706128600009833,0.0028504910005722195
319,0,16,0.35328525002114475,0.01667428202017618,15600.023596291,15600.360207259,15600.023646776,15600.030378922,15600.357513859,15600.357514184,0.33661096800096857,0.006732145999194472,0.32713493700066465,0.0026930750009341864
320,0,16,0.3386050828266889,0.0002550678273109952,15600.522482738,15600.860832753,15600.522533224,15600.529714865,15600.858096993,15600.858097318,0.3383500149993779,0.0071816409999883035,0.32838212800015754,0.0027354350004316075
321,0,16,0.3290173748973757,-0.004152766103288741,15600.999943433,15601.333113574,15600.999993702,15601.006688579,15601.330460476,15601.33046091,0.33317014100066444,0.006694876999972621,0.3237718969994603,0.00265266400128894
322,4,16,0.3785504999104887,-0.0166404270894418,15601.461665164,15601.856856091,15601.461713808,15601.468833371,15601.853868769,15601.853869094,0.3951909269999305,0.007119563000742346,0.38503539799967257,0.002986997000334668
323,0,16,0.3347742920741439,-0.0036854699264949886,15601.990830341,15602.329290103,15601.990879635,15601.99781264,15602.326588253,15602.326588686,0.3384597620006389,0.006933005000973935,0.3287756129993795,0.0027014169991161907
324,5,16,0.41248466703109443,-0.009964732968001044,15602.468196673,15602.890646073,15602.468246292,15602.475345813,15602.887425174,15602.887425499,0.4224493999990955,0.007099521000782261,0.4120793609999964,0.0032205739989876747
325,0,16,0.34717120905406773,-0.009040334945893846,15603.025519423,15603.381730967,15603.025566767,15603.032370199,15603.37877983,15603.378780155,0.3562115439999616,0.006803431999287568,0.34640963099991495,0.0029508119987440296
326,0,16,0.3394462079741061,-0.0003976850257458864,15603.516427508,15603.856271401,15603.516476261,15603.523518687,15603.853540083,15603.853540408,0.33984389299985196,0.007042425999316038,0.33002139600102964,0.0027309930010233074
327,0,16,0.33336095814593136,-0.0032976778547890717,15603.990689405,15604.327348041,15603.990771525,15603.99802532,15604.324598847,15604.324599172,0.33665863600072043,0.007253794999996899,0.3265735270015284,0.002748869001152343
328,2,16,0.35095629119314253,-0.003565065806469647,15604.465712595,15604.820233952,15604.46576243,15604.472562612,15604.817377828,15604.817378153,0.3545213569996122,0.006800182000006316,0.3448152159999154,0.002855798999007675
329,0,16,0.3503878749907017,0.013312027989741182,15604.97945949,15605.316535337,15604.979508784,15604.986360751,15605.31379416,15605.313794485,0.3370758470009605,0.006851967000329751,0.3274334090001503,0.002740851999988081
330,4,16,0.4644876669626683,0.05303287596143491,15605.450458451,15605.861913242,15605.45050742,15605.457517562,15605.858703501,15605.858703934,0.4114547910012334,0.007010141998762265,0.4011859390011523,0.003209308000805322
331,0,16,0.36837854189798236,0.012430150898580905,15606.088096869,15606.44404526,15606.088145622,15606.095275044,15606.441243521,15606.441243846,0.35594839099940145,0.0071294219997071195,0.34596847700049693,0.002801413998895441
332,6,16,0.3877574158832431,-0.004662000115786213,15606.584749596,15606.977169012,15606.58479954,15606.591701452,15606.974197507,15606.974198157,0.3924194159990293,0.006901912000103039,0.3824960549991374,0.002970854999148287
333,0,16,0.3317616251297295,-0.004752271870529512,15607.110378934,15607.446892831,15607.110428553,15607.11729168,15607.444166821,15607.444167255,0.336513897000259,0.00686312700054259,0.32687514099961845,0.0027255759996478446
334,0,16,0.33236337499693036,-0.005433357004221762,15607.580377174,15607.918173906,15607.580426143,15607.587404217,15607.915285822,15607.915286147,0.3377967320011521,0.006978073999562184,0.3278816050005844,0.002887759001168888
335,2,16,0.35785537492483854,0.002182055923185544,15608.059658387,15608.415331706,15608.059707356,15608.06700557,15608.412469948,15608.412470273,0.355673319001653,0.007298213999092695,0.34546437800054264,0.0028614330003620125
336,0,16,0.3643785829190165,0.017888347918415093,15608.556371458,15608.902861693,15608.556421402,15608.563466754,15608.900057138,15608.900057571,0.3464902350006014,0.00704535200020473,0.3365903840003739,0.002804122001180076
337,1,16,0.3478252498898655,0.0019277338906249497,15609.0725733,15609.418470816,15609.072622919,15609.079992311,15609.41572823,15609.415728555,0.34589751599924057,0.0073693920003279345,0.3357359189994895,0.0027422609982750146
338,0,16,0.3351804169360548,-0.0026476240636839066,15609.561093392,15609.898921433,15609.56116067,15609.568216639,15609.896195531,15609.896195856,0.33782804099973873,0.007055968999338802,0.32797889200082864,0.0027255770000920165
339,2,16,0.3540472500026226,-0.010723999996116618,15610.033418306,15610.398189556,15610.033467167,15610.040760614,15610.395208084,15610.395208409,0.3647712499987392,0.007293446999028674,0.3544474700011051,0.0029811469994456274
340,1,16,0.41195195890031755,0.056219052899905364,15610.59757699,15610.953309896,15610.597648277,15610.604993618,15610.950469697,15610.950469914,0.3557329060004122,0.007345341000473127,0.3454760789991269,0.002839982000296004
341,0,16,0.33503637509420514,-0.00335859990445897,15611.096986279,15611.435381254,15611.097079233,15611.10492163,15611.432712989,15611.432713314,0.3383949749986641,0.00784239699896716,0.32779135900091205,0.002667939999810187
342,3,16,0.431685124989599,-0.02000978300930001,15611.562671677,15612.014366585,15611.562721296,15611.570168583,15612.010976677,15612.010977002,0.451694907998899,0.007447287000104552,0.4408080939992942,0.0033895829983521253
343,9,16,0.4528844580054283,-0.016687253993950435,15612.14821397,15612.617785682,15612.148264239,15612.155388894,15612.614509313,15612.614509638,0.46957171199937875,0.0071246549996430986,0.4591204190001008,0.0032760439989942824
344,3,16,0.4304164999630302,0.06127033096345258,15612.831444095,15613.200590264,15612.831493281,15612.838976103,15613.197617351,15613.197617676,0.36914616899957764,0.007482821998564759,0.3586412479999126,0.002972587999465759
345,0,16,0.32577325007878244,-0.0037404719205369474,15613.336756307,15613.666270029,15613.336804843,15613.343882588,15613.663574354,15613.663574679,0.3295137219993194,0.007077745000060531,0.3196917659988685,0.0026953500000672648
346,0,16,0.32467504194937646,-0.006130181051048567,15613.80113482,15614.131940043,15613.801184655,15613.808143012,15614.129231693,15614.129232018,0.33080522300042503,0.00695835700025782,0.3210886809993099,0.00270802500017453
347,0,16,0.3621780842076987,-0.0015528997937508393,15614.271950473,15614.635681457,15614.271999442,15614.279114347,15614.632632816,15614.632633249,0.36373098400144954,0.007114904999980354,0.3535184689990274,0.003048208000109298
348,0,16,0.352730416925624,-0.006766054075342254,15614.770519814,15615.130016285,15614.770627069,15614.778121375,15615.127152577,15615.127152902,0.35949647100096627,0.0074943060008081375,0.349031202000333,0.0028633830006583594
349,0,16,0.3403674168512225,0.01005209885079239,15615.265209991,15615.595525309,15615.265257877,15615.27233898,15615.592777414,15615.592777739,0.3303153180004301,0.007081103000018629,0.32043843400060723,0.0027475699989736313
350,0,16,0.3474330420140177,0.016348089013263234,15615.758374006,15616.089458959,15615.758423083,15615.766491366,15616.086731758,15616.086732083,0.33108495300075447,0.008068282999374787,0.32024039200041443,0.002726876000451739
351,0,16,0.32891341601498425,-0.004329636985858087,15616.236766736,15616.570009789,15616.236815921,15616.244262884,15616.567310864,15616.567311189,0.33324305300084234,0.007446962999893003,0.32304798000041046,0.002698600001167506
352,0,16,0.3326920841354877,0.0016731091345718596,15616.708301972,15617.039320947,15616.708351266,15616.715615353,15617.036489741,15617.036490066,0.3310189750009158,0.007264087000294239,0.32087438800044765,0.00283088099968154
353,0,16,0.35795483319088817,-0.012901672809675802,15617.171496022,15617.542352528,15617.171545099,15617.178850788,15617.53943801,15617.539438227,0.37085650600056397,0.007305688999622362,0.36058722200141347,0.002914300999691477
354,0,16,0.32630445808172226,-0.005791616918941145,15617.676957849,15618.009053924,15617.677007034,15617.684191276,15618.006354674,15618.006355107,0.3320960750006634,0.007184241998402285,0.3221633980010665,0.002698817001146381
355,0,16,0.4271990838460624,0.09670554984586488,15618.145467195,15618.475960729,15618.145517464,15618.152707556,15618.473196801,15618.473197343,0.33049353400019754,0.007190092001110315,0.3204892449994077,0.0027633859990601195
356,0,16,0.3272585840895772,-0.004922428910504095,15618.715801815,15619.047982828,15618.715850568,15618.72348528,15619.045232442,15619.045232767,0.3321810130000813,0.00763471199934429,0.32174716200097464,0.0027500610012793913
357,0,16,0.36026866594329476,-0.004086131057192688,15619.18438169,15619.548736487,15619.184429467,15619.191777083,15619.545796075,15619.545796509,0.36435479700048745,0.007347615999606205,0.35401899200041953,0.0029399779996310826
358,0,16,0.3424554578959942,0.012091604896340868,15619.687907727,15620.01827158,15619.687956913,15619.695491954,15620.015549471,15620.015549796,0.3303638529996533,0.007535041000664933,0.32005751699944085,0.002721783999731997
359,10,16,0.5023467079736292,-0.019950142026573303,15620.171224544,15620.693521394,15620.171274704,15620.178582668,15620.689666715,15620.68966704,0.5222968500002025,0.0073079640005744295,0.5110840469988034,0.003854353999486193
360,3,16,0.3883975420612842,-0.007178419939009473,15620.830625105,15621.226201067,15620.830701267,15620.838010098,15621.22309089,15621.223091215,0.39557596200029366,0.007308831000045757,0.38508079200073553,0.003109851999397506
361,0,16,0.37009108322672546,0.011075417225583806,15621.364507551,15621.723523217,15621.364557928,15621.372022116,15621.720591472,15621.720591906,0.35901566600114165,0.007464188000085414,0.34856935599964345,0.0029313110007933574
362,0,16,0.33036112505942583,2.3273058104678057e-05,15621.885526875,15622.215864727,15621.885575736,15621.892944694,15622.213127775,15622.213128208,0.33033785200132115,0.007368958000370185,0.3201830809994135,0.0027365189998818096
363,2,16,0.35164349991828203,-0.006746620081685251,15622.350980213,15622.709370333,15622.351028532,15622.358144845,15622.706400345,15622.706400778,0.3583901199999673,0.007116312999642105,0.34825549999914074,0.0029695549983443925
364,0,16,0.3287394167855382,-0.0011878332152264193,15622.84775677,15623.17768402,15622.847806714,15622.855203732,15623.174966352,15623.174966677,0.3299272500007646,0.007397018000119715,0.3197626199998922,0.002717343000767869
365,0,16,0.3559943330474198,0.023393293045955943,15623.316199488,15623.648800528,15623.316248674,15623.323555013,15623.646131288,15623.646131613,0.33260104000146384,0.007306338999114814,0.32257627500075614,0.0026689149999583606
366,0,16,0.5093800828326494,0.16800580283234012,15623.819714367,15624.161088647,15623.819763661,15623.827247025,15624.158193846,15624.158194388,0.3413742800003092,0.007483363999199355,0.3309468210009072,0.002894259001550381
367,0,16,0.3552247080951929,0.013368105095651117,15624.502796719,15624.844653322,15624.502845796,15624.510430131,15624.841787555,15624.841787989,0.3418566029995418,0.007584335000501596,0.33135742400008894,0.002865332999135717
368,0,16,0.3294937079772353,-0.0011301570211799117,15624.977705503,15625.308329368,15624.977785999,15624.985281496,15625.305364039,15625.305364256,0.33062386499841523,0.007495496998672024,0.3200825430012628,0.0029651119984919205
369,0,16,0.3257140831556171,-0.005108907844260102,15625.44817729,15625.779000281,15625.448228101,15625.45552339,15625.775955974,15625.775956407,0.3308229909998772,0.007295288998648175,0.3204325840015372,0.003043873999558855
370,0,16,0.32906358293257654,-0.0042669000667956425,15625.917138082,15626.250468565,15625.917188026,15625.924516683,15626.247756856,15626.247757289,0.3333304829993722,0.007328657000471139,0.3232401730001584,0.0027112759998999536
371,6,16,0.42977854097262025,-0.013436290026220377,15626.381159295,15626.824374126,15626.381208372,15626.389108297,15626.821162219,15626.82116276,0.4432148309988406,0.007899924999946961,0.4320539219988859,0.0032113659999595257
372,0,16,0.3372640418820083,0.007073637882058392,15626.964448908,15627.294639312,15626.964497336,15626.972029885,15627.291910485,15627.29191081,0.3301904039999499,0.0075325490015529795,0.31988060000003316,0.002728502000536537
373,0,16,0.352455334039405,0.01988170303957304,15627.461587966,15627.794161597,15627.461637369,15627.469033953,15627.791468739,15627.791469064,0.33257363099983195,0.007396584000161965,0.322434785999576,0.0026925330002995906
374,0,16,0.3419269591104239,0.0018060451111523435,15627.9318031,15628.271924014,15627.931851527,15627.939290256,15628.269215555,15628.26921588,0.3401209139992716,0.007438728998749866,0.3299252990000241,0.0027081339994765585
375,4,16,0.3630878748372197,-0.0006638021623075474,15628.419896013,15628.78364769,15628.419945523,15628.427886725,15628.780758631,15628.780758956,0.36375167699952726,0.007941202000438352,0.35287190599956375,0.002888733999498072
376,0,16,0.3288297501858324,-0.003732179815415293,15628.925205733,15629.257767663,15628.92525481,15628.932825062,15629.25457569,15629.254576232,0.3325619300012477,0.00757025200073258,0.3217506279997906,0.0031914310002321145
377,0,16,0.3341519171372056,-0.004936423863910022,15629.393741839,15629.73283018,15629.393791241,15629.401335599,15629.729724011,15629.729724336,0.3390883410011156,0.00754435799899511,0.3283884120010043,0.0031058439999469556
378,3,16,0.36769495788030326,-0.008418884119237191,15629.868701109,15630.244814951,15629.868749428,15629.876366048,15630.241130039,15630.241130364,0.37611384199954045,0.007616619999680552,0.36476399099956325,0.003684586999952444
379,2,16,0.35682716593146324,0.0035644839317683363,15630.383347429,15630.736610111,15630.38339694,15630.39113544,15630.733738061,15630.733738278,0.3532626819996949,0.007738500000414206,0.3426026209999691,0.00287183299951721
380,0,16,0.33126550004817545,-0.006419967950932914,15630.881616131,15631.219301599,15630.881666075,15630.889345315,15631.216497477,15631.216497802,0.33768546799910837,0.007679239999561105,0.32715216200085706,0.002803797000524355
381,0,16,0.32878383295610547,-0.0037905560438957764,15631.354463453,15631.687037842,15631.354512206,15631.362358828,15631.684225595,15631.68422592,0.33257438900000125,0.007846622000215575,0.32186676699893724,0.002811922000546474
382,0,16,0.323735041776672,-0.007498877223042655,15631.82069076,15632.151924679,15631.820739946,15631.828108038,15632.148594357,15632.148594682,0.33123391899971466,0.00736809199952404,0.32048631900033797,0.0033299970000371104
383,0,16,0.3255419998895377,-0.006036760110873729,15632.28706519,15632.61864395,15632.287114701,15632.294891012,15632.615792159,15632.615792484,0.3315787600004114,0.007776311000270653,0.3209011470007681,0.0028514659989014035
384,0,16,0.3342639578040689,-0.0033035291962733027,15632.753870916,15633.091438403,15632.75391956,15632.762244063,15633.088657141,15633.088657466,0.3375674870003422,0.00832450300003984,0.32641307799895003,0.0027809370003524236
385,0,16,0.3316592921037227,-0.006641753894655267,15633.224464692,15633.562765738,15633.224514203,15633.232361908,15633.559857287,15633.559857612,0.33830104599837796,0.007847704999221605,0.3274953790005384,0.002908125999965705
386,0,16,0.3437814579810947,-0.0024046710204856936,15633.699016718,15634.045202847,15633.699066987,15633.706936578,15634.042402734,15634.042403059,0.3461861290015804,0.007869591001508525,0.3354661559988017,0.0027997880006296327
387,0,16,0.36062850011512637,0.024910891115723643,15634.184965724,15634.520683333,15634.185014368,15634.192817113,15634.51783761,15634.517838368,0.33571760899940273,0.007802744999935385,0.3250204969990591,0.002844964999894728
388,0,16,0.4068590831011534,0.061165893101133406,15634.692566908,15635.038260098,15634.692617177,15634.700201404,15635.034786337,15635.03478677,0.34569319000001997,0.00758422700164374,0.33458493299986003,0.0034733279990177834
389,0,16,0.4026626660488546,0.04515366204941529,15635.300219219,15635.657728223,15635.300268188,15635.308135503,15635.6548955,15635.654895825,0.3575090039994393,0.007867315000112285,0.34675999699902604,0.0028323979986453196
390,2,16,0.3708687911275774,-0.003773924872803036,15635.796554839,15636.171197555,15635.796604025,15635.804413596,15636.168195174,15636.168195499,0.37464271600038046,0.007809571001416771,0.3637815779984521,0.0030020560006960295
391,0,16,0.3276077499613166,-0.009632556037104223,15636.304061553,15636.641301859,15636.304111064,15636.311807204,15636.638607484,15636.638607809,0.3372403059984208,0.007696139999097795,0.3268002799995884,0.0026940499992633704
392,0,16,0.3520199579652399,-0.012476653035264462,15636.770506187,15637.135002798,15636.770554831,15636.778838273,15637.132133565,15637.132133999,0.36449661100050434,0.008283441999083152,0.3532952919995296,0.002868798999770661
393,4,16,0.3732951660640538,-0.011644027936199564,15637.271343049,15637.656282243,15637.271392668,15637.279235932,15637.653276395,15637.653276829,0.38493919400025334,0.007843263998438488,0.3740404630007106,0.0030054140006541274
394,3,16,0.3625098329503089,-0.009828309050135431,15637.786206371,15638.158544513,15637.786255665,15637.794110088,15638.155653938,15638.155654263,0.37233814200044435,0.007854423000026145,0.36154385000008915,0.0028902499998366693
395,0,16,0.34560283296741545,0.0033324849682685453,15638.29375642,15638.636026768,15638.293804956,15638.301809969,15638.633219721,15638.633220154,0.3422703479991469,0.008005013000001782,0.33140975199967215,0.00280661399847304
396,4,16,0.3774835830554366,-0.012592257944561425,15638.777915242,15639.167991083,15638.777964536,15638.78576219,15639.164776684,15639.164777225,0.39007584099999804,0.007797653999659815,0.37901449399942067,0.0032138580008904682
397,0,16,0.3342955419793725,-0.0042038720202981494,15639.300169082,15639.638668496,15639.300218593,15639.308127076,15639.635856032,15639.635856682,0.33849941399967065,0.007908482999482658,0.3277289560010104,0.002811813999869628
398,11,16,0.5148238749243319,0.010489090924238553,15639.802606427,15640.306941211,15639.80265583,15639.810635167,15640.303261173,15640.303261607,0.5043347840000934,0.007979336998687359,0.49262600600013684,0.00367960400035372
399,0,16,0.3336747498251498,-0.006415722175006522,15640.444858651,15640.784949123,15640.444910004,15640.453357254,15640.782127558,15640.782127883,0.3400904720001563,0.008447250000244821,0.3287703040004999,0.002821240001139813
400,5,16,0.43415970797650516,0.002321813975868281,15640.930610156,15641.36244805,15640.930658908,15640.938657421,15641.358970714,15641.358971039,0.4318378940006369,0.007998512999620289,0.4203132929997082,0.0034770109996316023
401,3,16,0.3592660001013428,-0.0062805188972561155,15641.503127469,15641.868673988,15641.503176872,15641.511190443,15641.865752319,15641.865752644,0.3655465189985989,0.008013570999537478,0.3545618759999343,0.0029213439993327484
402,0,16,0.4002555829938501,0.06307757199465414,15642.075786056,15642.412964067,15642.075836758,15642.084185746,15642.410124844,15642.410125169,0.337178010999196,0.008348987999852397,0.32593909800016263,0.0028388979990268126
403,1,16,0.34968408406712115,-0.00499306393248844,15642.55004091,15642.904718058,15642.550090096,15642.558037256,15642.901751104,15642.901751429,0.3546771479996096,0.00794716000018525,0.3437138480003341,0.0029666289992746897
404,2,16,0.3600050420500338,-0.00571980194945354,15643.043114896,15643.40883974,15643.043162998,15643.051066715,15643.405838767,15643.405839201,0.36572484399948735,0.007903716999862809,0.3547720520000439,0.0030005389999132603
405,4,16,0.3638475420884788,-0.008324625910972827,15643.544155543,15643.916327711,15643.544203754,15643.552000324,15643.913368124,15643.913368666,0.37217216799945163,0.007796570000209613,0.3613678000001528,0.0029590449994429946
406,0,16,0.3591236670035869,0.020662605003963108,15644.077419919,15644.415880981,15644.077468996,15644.086113856,15644.413027999,15644.413028324,0.3384610619996238,0.008644859999549226,0.32691414300097676,0.002852657000403269
407,0,16,0.32772520813159645,-0.010314959867173457,15644.546913627,15644.884953795,15644.546961296,15644.554969234,15644.882175783,15644.882176216,0.3380401679987699,0.008007937998627312,0.32720654900003865,0.0027775789985753363
408,2,16,0.39265187503769994,0.03692417003730952,15645.026438709,15645.382166414,15645.026486703,15645.034610239,15645.378964907,15645.378965232,0.3557277050003904,0.00812353599940252,0.3443546680009604,0.0032011820003390312
409,0,16,0.333143875002861,-0.0007056569957057945,15645.565615109,15645.899464641,15645.565663103,15645.573787505,15645.896573415,15645.89657374,0.3338495319985668,0.008124402000248665,0.32278591000067536,0.0028909009997732937
410,0,16,0.33543708408251405,-0.0034486639178794576,15646.031965814,15646.370851562,15646.032015866,15646.040123475,15646.368005513,15646.368005838,0.3388857480003935,0.008107609000944649,0.32788203800009796,0.0028457240005081985
411,3,16,0.3838962910231203,0.017655865023698425,15646.509027606,15646.875268032,15646.5090769,15646.517320041,15646.872358931,15646.872359364,0.36624042599942186,0.008243141001003096,0.3550388899984682,0.0029086679987813113
412,0,16,0.358347041066736,0.018799237066559726,15647.044875202,15647.384423006,15647.044924279,15647.053576181,15647.381681612,15647.381681937,0.33954780400017626,0.008651902000565315,0.3281054309991305,0.0027410689999669557
413,0,16,0.354413750115782,-0.002179469884140417,15647.548066474,15647.904659694,15647.54813451,15647.556222944,15647.901659155,15647.90165948,0.35659321999992244,0.00808843400045589,0.34543621100056043,0.003000214001076529
414,3,16,0.36691533401608467,-0.008831348985040677,15648.038208499,15648.413955182,15648.038257251,15648.046433113,15648.411013471,15648.411013796,0.37574668300112535,0.008175861999916378,0.36458035800023936,0.002941386001111823
415,0,16,0.3319741669110954,-0.00690074808881036,15648.550141809,15648.889016724,15648.55019132,15648.558306405,15648.886293314,15648.886293639,0.33887491499990574,0.008115085000099498,0.3279869090001739,0.0027230850009800633
416,0,16,0.33410508395172656,-0.004140494047533139,15649.023271786,15649.361517364,15649.02332043,15649.032087387,15649.358702408,15649.358702733,0.3382455779992597,0.008766957000261755,0.3266150210001797,0.002814630999637302
417,0,16,0.3609248341526836,0.022612737153394846,15649.491386889,15649.829698986,15649.491436075,15649.499404253,15649.826940367,15649.8269408,0.33831209699928877,0.00796817799891869,0.3275361140003952,0.002758185999482521
418,0,16,0.3687065418343991,-0.004811730166693451,15650.001315724,15650.374833996,15650.001384085,15650.009583566,15650.371665966,15650.371666399,0.37351827200109256,0.008199480998882791,0.36208240000087244,0.0031675970003561815
419,0,16,0.4465881250798702,0.1042156150797382,15650.511556248,15650.853928758,15650.511605217,15650.519805672,15650.851140562,15650.851140887,0.342372510000132,0.008200455000405782,0.3313348899991979,0.0027878710006916663
420,0,16,0.34645025013014674,0.013567530129876104,15651.127523094,15651.460405814,15651.127570763,15651.136172937,15651.457598442,15651.457598875,0.33288272000027064,0.008602174000770901,0.32142550500066136,0.0028069389991287608
421,0,16,0.32721225009299815,-0.005253150908174575,15651.597598146,15651.930063547,15651.597647873,15651.606147559,15651.927244691,15651.927245016,0.3324654010011727,0.00849968599868589,0.3210971320004319,0.0028185310002299957
422,0,16,0.33952754200436175,-0.0015129479961615289,15652.070221208,15652.411261698,15652.070269635,15652.0785014,15652.408454218,15652.408454543,0.3410404900005233,0.008231764999436564,0.3299528180014022,0.002807155000482453
423,0,16,0.33234074991196394,-0.00048660908942110837,15652.554084483,15652.886911842,15652.55413356,15652.562323182,15652.884112596,15652.884112921,0.33282735900138505,0.008189621999918018,0.3217894140016142,0.0027989210011583054
424,0,16,0.38244366692379117,0.006757543922503828,15653.020324357,15653.39601048,15653.020421103,15653.028632718,15653.392539427,15653.39253986,0.37568612300128734,0.008211615000618622,0.3639067090007302,0.0034706200003711274
425,0,16,0.4078154999297112,0.06649289692904858,15653.547363394,15653.888685997,15653.54741713,15653.555823536,15653.885755336,15653.885755769,0.34132260300066264,0.008406406001085998,0.3299317999990308,0.002930227999968338
426,0,16,0.3323983331210911,-0.0031899208788672695,15654.104654617,15654.440242871,15654.10470337,15654.113106201,15654.437466918,15654.437467243,0.3355882539999584,0.008402831001149025,0.3243607169988536,0.002775627999653807
427,3,16,0.37805170891806483,0.006270641917581088,15654.582051934,15654.953833001,15654.58212918,15654.590357478,15654.950681004,15654.950681329,0.37178106700048374,0.008228298000176437,0.3603235259997746,0.0031516719991486752
428,0,16,0.3341316250152886,-0.00226385798487172,15655.104777696,15655.441173179,15655.104827207,15655.113305983,15655.438267761,15655.438268086,0.3363954830001603,0.008478776000629296,0.32496177799839643,0.002905093000663328
429,0,16,0.36547204200178385,0.030488641003103112,15655.614734373,15655.949717774,15655.614801326,15655.623475871,15655.946992306,15655.946992523,0.33498340099868074,0.008674544998939382,0.32351643500078353,0.0027252509989921236
430,0,16,0.33220695913769305,-0.0024596598632342648,15656.088651212,15656.423317831,15656.088701806,15656.097046785,15656.420546536,15656.420546861,0.3346666190009273,0.008344978999957675,0.32349975099896255,0.002770970000710804
431,0,16,0.3399008749984205,-0.0019347100023878738,15656.558020548,15656.899856133,15656.5580706,15656.566428796,15656.897030127,15656.897030561,0.34183558500080835,0.008358196000699536,0.3306013309993432,0.0028255720008019125
432,0,16,0.3453143748920411,0.012897401891677873,15657.041011158,15657.373428131,15657.041060235,15657.04978884,15657.370668645,15657.370669078,0.3324169730003632,0.008728605000214884,0.3208798050000041,0.0027590530007728375
433,0,16,0.3660808331333101,0.032564334132985095,15657.562945941,15657.89646244,15657.562995126,15657.571637927,15657.893709671,15657.893709996,0.333516499000325,0.00864280099995085,0.32207174399991345,0.0027524439992703265
434,0,16,0.3624708750285208,0.029318176028027665,15658.030728445,15658.363881144,15658.030776764,15658.039311443,15658.3611378,15658.36113845,0.33315269900049316,0.008534679000149481,0.32182635699973616,0.0027426939996075816
435,0,16,0.3270611250773072,-0.0071832999237813056,15658.538264735,15658.87250916,15658.538314029,15658.547052493,15658.869693771,15658.869694096,0.33424442500108853,0.008738464000998647,0.32264127799862763,0.002815064000969869
436,3,16,0.48677716590464115,0.09015953090420226,15659.006703228,15659.403320863,15659.006752847,15659.01503889,15659.400275147,15659.400275472,0.3966176350004389,0.008286042999316123,0.38523625699963304,0.003045391000341624
437,1,16,0.35262804199010134,0.0004389929908938939,15659.651548964,15660.003738013,15659.651597716,15659.66008256,15660.000746899,15660.000747224,0.35218904899920744,0.008484844000122393,0.34066433900079574,0.0029907890002505155
438,0,16,0.327656792011112,-0.006080933988414472,15660.138949378,15660.472687104,15660.138999322,15660.147529234,15660.469913534,15660.469913859,0.33373772599952645,0.00852991200008546,0.32238429999961227,0.0027732449998438824
439,0,16,0.3250536669511348,-0.007170680049966904,15660.607413114,15660.939637461,15660.607463924,15660.615928942,15660.936956087,15660.93695652,0.3322243470011017,0.008465017999697011,0.3210271450006985,0.002680941001017345
440,0,16,0.33180800010450184,-0.0014661458953924011,15661.076945499,15661.410219645,15661.076994576,15661.085452227,15661.407452034,15661.407452575,0.33327414599989424,0.00845765099984419,0.32199980699988373,0.0027670700001181103
441,0,16,0.39872887497767806,0.03284520797751611,15661.546580481,15661.912464148,15661.546628799,15661.555138344,15661.909501094,15661.909501419,0.36588366700016195,0.008509544999469654,0.35436275000029127,0.002962728998681996
442,1,16,0.3350557079538703,-0.007542796047346201,15662.08668404,15662.429282544,15662.086733334,15662.095357284,15662.426518724,15662.426519049,0.3425985040012165,0.00862395000149263,0.33116143999905034,0.0027634950001811376
443,0,16,0.34664287487976253,-0.005580084120083484,15662.563938025,15662.916160984,15662.563987427,15662.57283878,15662.913232923,15662.913233357,0.352222958999846,0.008851353000864037,0.34039414299877535,0.0029276269997353666
444,0,16,0.33100191690027714,-0.00021390909932961222,15663.056220383,15663.387436209,15663.056270652,15663.06488626,15663.384681381,15663.384681706,0.33121582599960675,0.008615607999672648,0.31979512100042484,0.002754502998868702
445,3,16,0.3774760828819126,0.006699637882775278,15663.534217894,15663.904994339,15663.534267296,15663.543127966,15663.902004092,15663.902004308,0.3707764449991373,0.008860670001013204,0.35887612599981367,0.002990031000081217
446,0,16,0.33538037491962314,0.00033695491947582923,15664.047220071,15664.382263491,15664.047270015,15664.055781185,15664.379260352,15664.379260785,0.3350434200001473,0.00851116999911028,0.32347916700018686,0.003002706000188482
447,0,16,0.34142399998381734,-0.005388758016124484,15664.518087293,15664.864900051,15664.518136045,15664.527061935,15664.862069928,15664.862070253,0.3468127579999418,0.008925889998863568,0.33500799300054496,0.0028297979988565203
448,0,16,0.3621604999061674,0.002656877906701993,15665.004010839,15665.363514461,15665.004061,15665.012565994,15665.360627677,15665.36062811,0.3595036219994654,0.008504994000759325,0.34806168300019635,0.0028863509996881476
449,0,16,0.3402274160180241,-0.0011393889817554737,15665.502847234,15665.844214039,15665.502895661,15665.511479201,15665.841441227,15665.84144166,0.34136680499977956,0.008583540000472567,0.32996202599861135,0.0027723789989977377
450,0,16,0.3934509160462767,0.059454911046486814,15665.993841448,15666.327837453,15665.993891284,15666.002461281,15666.325086959,15666.325087284,0.3339960049997899,0.008569996998630813,0.32262567799989483,0.002750169000137248
451,0,16,0.33467845898121595,0.0031290589813579572,15666.536063781,15666.867613181,15666.536114158,15666.544680472,15666.864770165,15666.86477049,0.331549399999858,0.008566313999835984,0.32008969300113677,0.0028426910012058215
452,0,16,0.38168970798142254,0.04026277498087438,15667.00374228,15667.345169213,15667.003792332,15667.012115319,15667.342134439,15667.342134764,0.34142693300054816,0.008322986999701243,0.3300191200014524,0.003034449000551831
453,0,16,0.3282488752156496,-0.0032765817832114408,15667.531344135,15667.862869592,15667.53139397,15667.54041368,15667.860081829,15667.860082154,0.33152545699886105,0.009019709999847692,0.31966814899897145,0.002787437999359099
454,5,16,0.44168620789423585,0.04379776389396284,15668.055773084,15668.453661528,15668.055823028,15668.064543615,15668.450345941,15668.450346266,0.397888444000273,0.00872058700042544,0.38580232599997544,0.003315261999887298
455,0,16,0.32703133299946785,-0.006302833000518149,15668.587474678,15668.920808844,15668.587525922,15668.596132863,15668.917995514,15668.917995947,0.333334165999986,0.008606941000834922,0.32186265100062883,0.002812896998875658
456,0,16,0.33402170799672604,-0.006180243004564545,15669.053359094,15669.393561045,15669.053409472,15669.062115325,15669.390643168,15669.390643493,0.3402019510012906,0.00870585299890081,0.3285278430012113,0.00291755200123589
457,0,16,0.33455983316525817,-0.0038833538346807472,15669.533091644,15669.871534831,15669.533141372,15669.54179674,15669.868750426,15669.86875086,0.3384431869999389,0.008655368001200259,0.3269536859988875,0.0027839710000989726
458,0,16,0.333144917152822,-0.005293285847074003,15670.007900324,15670.346338527,15670.007949835,15670.016692741,15670.343504937,15670.343505262,0.338438202999896,0.008742905998587958,0.32681219600090117,0.0028332649999356363
459,0,16,0.35522187501192093,0.004646634011805872,15670.476357018,15670.826932259,15670.476405229,15670.485783972,15670.823996614,15670.823997264,0.35057524100011506,0.009378743001434486,0.3382126420001441,0.002934995000032359
460,0,16,0.41938387509435415,0.08156450109527213,15671.061801915,15671.399621289,15671.061850992,15671.070944805,15671.396823667,15671.396823992,0.337819373999082,0.009093812999708462,0.3258788620005362,0.002797297000142862
461,0,16,0.4137953328900039,0.07474718488992949,15671.63019652,15671.969244668,15671.630246464,15671.639014938,15671.966472831,15671.966473156,0.33904814800007443,0.008768474001044524,0.32745789299951866,0.0027715119995264104
462,0,16,0.43059395789168775,0.07183884489131742,15672.198674004,15672.557429117,15672.198721998,15672.207641387,15672.554371266,15672.5543717,0.35875511300037033,0.008919388999856892,0.3467298790001223,0.003057416999581619
463,0,16,0.33225379209034145,-0.006774637909984449,15672.688717116,15673.027745546,15672.688766194,15672.697587645,15673.024961684,15673.024962009,0.3390284300003259,0.008821450999676017,0.327374038999551,0.002783537000141223
464,3,16,0.4192628338932991,-0.0027144281066284748,15673.163756449,15673.585733711,15673.163805743,15673.172792626,15673.582521587,15673.582521912,0.4219772619999276,0.00898688300003414,0.40972896100174694,0.0032117989994731033
465,0,16,0.3326196251437068,-0.008084040855464991,15673.725437651,15674.066141317,15673.725486512,15673.734597876,15674.063272734,15674.063273059,0.3407036659991718,0.009111364001000766,0.32867485799943097,0.002868257999580237
466,0,16,0.33617520797997713,-0.002219768019131152,15674.204802067,15674.543197043,15674.204852336,15674.213748758,15674.540400505,15674.54040083,0.3383949759991083,0.008896421999452286,0.32665174700014177,0.00279621300069266
467,0,16,0.3492740420624614,0.010767695061076665,15674.679724503,15675.01823085,15674.679774013,15674.688566646,15675.015381551,15675.015381876,0.3385063470013847,0.008792632999757188,0.326814904999992,0.0028489739997894503
468,0,16,0.3418195841368288,-0.005144088861925411,15675.170806796,15675.517770469,15675.170855873,15675.179580687,15675.514806657,15675.51480709,0.3469636729987542,0.008724813998924219,0.33522597000046517,0.002963378999993438
469,0,16,0.3669373751617968,-0.005779734838142758,15675.653651149,15676.026368259,15675.653699901,15675.662732504,15676.023406613,15676.023406938,0.37271710999993957,0.009032603000378003,0.36067410899886454,0.002961320999020245
470,0,16,0.3306210001464933,-0.007511038853408536,15676.161301194,15676.499433233,15676.161352439,15676.170238784,15676.496520015,15676.496520231,0.33813203899990185,0.008886345000064466,0.32628123100039375,0.002913002001150744
471,0,16,0.3340321248397231,-0.005004864160582656,15676.631803641,15676.97084063,15676.63187807,15676.641006118,15676.967800764,15676.967801198,0.33903698900030577,0.009128047999183764,0.32679464600005304,0.003039432000150555
472,0,16,0.340136667015031,0.0007575460149382707,15677.111242053,15677.450621174,15677.111291672,15677.120242695,15677.447646853,15677.447647286,0.3393791210000927,0.008951023000918212,0.3274041579988989,0.0029738880002696533
473,0,16,0.3415054997894913,-0.005519818210814265,15677.58620999,15677.933235308,15677.586259284,15677.595146497,15677.930350258,15677.930350691,0.34702531800030556,0.008887212999979965,0.33520376100022986,0.002884617000745493
474,0,16,0.3397524580359459,0.0002739900355663849,15678.069844888,15678.409323356,15678.069893315,15678.079222765,15678.406484891,15678.406485107,0.3394784680003795,0.009329450000223005,0.32726212600027793,0.002838248999978532
475,1,16,0.38409358402714133,-0.008595484972829581,15678.54716431,15678.939853379,15678.547213712,15678.556235264,15678.936754036,15678.936754361,0.3926890689999709,0.009021552001286182,0.38051877199904993,0.003099018000284559
476,0,16,0.33486016606912017,-0.00449837093037786,15679.075028776,15679.414387313,15679.075079912,15679.084064304,15679.411449394,15679.411449719,0.33935853699949803,0.00898439199954737,0.3273850900004618,0.002937593999376986
477,2,16,0.5567771669011563,0.1804841329012561,15679.551241305,15679.927534339,15679.551291465,15679.560246173,15679.924453196,15679.924453521,0.3762930339999002,0.008954707998782396,0.3642070229998353,0.0030808179999439744
478,0,16,0.3722306250128895,-0.005444806987725315,15680.271819021,15680.649494453,15680.271868532,15680.281216291,15680.646357949,15680.646358382,0.3776754320006148,0.009347758999865619,0.3651416579996294,0.0031360709999717074
479,0,16,0.3412399170920253,-0.0062575389092671685,15680.785409801,15681.132907257,15680.785459095,15680.794410335,15681.129926219,15681.129926652,0.34749745600129245,0.008951240000897087,0.3355158840004151,0.002980605000630021
480,4,16,0.3642187500372529,-0.007516055962696555,15681.269144911,15681.640879717,15681.269195722,15681.278312287,15681.637830209,15681.637830643,0.37173480599994946,0.009116565001022536,0.3595179219992133,0.003049074000955443
481,0,16,0.3635971250478178,0.006333832046948373,15681.770199101,15682.127462394,15681.770248178,15681.779155758,15682.124525666,15682.124525991,0.35726329300086945,0.008907580000595772,0.34536990800006606,0.0029364030015130993
482,0,16,0.3371532920282334,-0.003695221970701823,15682.284286287,15682.625134801,15682.284333956,15682.29358161,15682.622241842,15682.622242167,0.34084851399893523,0.009247653999409522,0.3286602320004022,0.0028926339982717764
483,1,16,0.3694759579375386,-0.0011095950612798333,15682.769304232,15683.139889785,15682.769354934,15682.77873617,15683.13684851,15683.136848835,0.37058555299881846,0.009381235999171622,0.3581123399999342,0.0030409499995585065
484,0,16,0.33719437499530613,-0.0034466720044292742,15683.278494957,15683.619136004,15683.278544901,15683.287995581,15683.616230586,15683.616230911,0.3406410469997354,0.009450679999645217,0.328235004999442,0.0029050929988443386
485,0,16,0.3365266660694033,-0.003457957931459532,15683.756980208,15684.096964832,15683.757029719,15683.766062538,15684.094005028,15684.094005353,0.3399846240008628,0.009032818999912706,0.3279424900010781,0.0029594790012197336
486,0,16,0.33018824993632734,-0.008993045064926264,15684.227510173,15684.566691468,15684.227558167,15684.237081867,15684.563870229,15684.563870662,0.3391812950012536,0.009523700000499957,0.32678836199920624,0.0028208060011820635
487,0,16,0.3432664170395583,-0.006399539959602407,15684.700785973,15685.05045193,15684.700835159,15684.709966999,15685.047538495,15685.04753882,0.3496659569991607,0.0091318400009186,0.33757149600023695,0.0029131100000086008
488,0,16,0.33197491709142923,-0.006650494908171822,15685.18436551,15685.522990922,15685.184416429,15685.193617606,15685.520138156,15685.520138589,0.33862541199960106,0.009201177001159522,0.32652054999925895,0.00285233300019172
489,0,16,0.40786554105579853,0.035957935057012946,15685.65913313,15686.031040736,15685.659182099,15685.66832629,15686.028093716,15686.028094041,0.3719076059987856,0.009144191000814317,0.35976742599996214,0.0029466949999914505
490,2,16,0.36158833419904113,-0.006455816801462788,15686.212259394,15686.580303545,15686.212307929,15686.221936609,15686.577183184,15686.577183834,0.3680441510005039,0.009628679999877932,0.3552465749999101,0.003119711000181269
491,0,16,0.4102418748661876,0.068861960866343,15686.71978225,15687.061162164,15686.719831436,15686.729384821,15687.058099764,15687.058100089,0.3413799139998446,0.009553384999890113,0.3287149430016143,0.0030620750003436115
492,6,16,0.5075627081096172,0.09472952910982713,15687.276414235,15687.689247414,15687.276463095,15687.285878782,15687.686102135,15687.68610246,0.4128331789997901,0.009415687000000617,0.40022335299909173,0.003144954000163125
493,0,16,0.33610783400945365,0.0022060840092308354,15687.93873289,15688.27263464,15687.938781967,15687.948322351,15688.269858578,15688.269858903,0.3339017500002228,0.009540384000501945,0.32153622700025153,0.0027757369989558356
494,8,16,0.4782010829076171,0.055151595906863804,15688.415943756,15688.838993243,15688.415993917,15688.425584354,15688.835639738,15688.835640171,0.4230494870007533,0.00959043699913309,0.4100553839998611,0.0033530719992995728
495,0,16,0.3305885831359774,-0.003695167863043025,15689.050348925,15689.384632676,15689.050399302,15689.059519658,15689.381828338,15689.381828988,0.3342837509990204,0.009120356000494212,0.3223086800007877,0.002803687999403337
496,0,16,0.3275702081155032,-0.005209265884332126,15689.519916736,15689.85269621,15689.51996798,15689.528997116,15689.849833477,15689.849833802,0.3327794739998353,0.009029135999298887,0.3208363609992375,0.002862408000510186
497,0,16,0.3493631661403924,-0.002554711860284442,15689.98841384,15690.340331718,15689.988462917,15689.997709272,15690.337410916,15690.337411241,0.35191787800067686,0.009246355000868789,0.33970164399943314,0.002920476999861421
498,0,16,0.3409473327919841,0.006547983792188461,15690.48958276,15690.823982109,15690.489631512,15690.498853923,15690.821177228,15690.821177662,0.3343993489997956,0.009222410999427666,0.32232330499937234,0.0028044470000168076
499,1,16,0.383725207997486,0.021932071997071034,15690.957900239,15691.319693375,15690.957949424,15690.967678534,15691.316596848,15691.316597281,0.36179313600041496,0.00972910999917076,0.3489183140009118,0.0030960940002842108
500,3,16,0.3832220840267837,-0.007071949972669245,15691.492241606,15691.88253564,15691.492291442,15691.501741255,15691.879144974,15691.879145624,0.39029403399945295,0.00944981300017389,0.37740371899963066,0.0033900159996846924
501,2,16,0.37099287495948374,-0.010532794040045701,15692.016342831,15692.3978685,15692.016391909,15692.026248966,15692.394839793,15692.394840551,0.38152566899952944,0.009857057000772329,0.3685908269999345,0.003027949000170338
502,0,16,0.3288585830014199,-0.0060738989977835445,15692.534777852,15692.869710334,15692.534829963,15692.544261901,15692.866918021,15692.866918346,0.33493248199920345,0.009431937998670037,0.3226561200008291,0.0027919879994442454
503,2,16,0.3506767919752747,-0.0020206890239933273,15692.999706507,15693.352403988,15692.999755909,15693.009374731,15693.349497487,15693.349497812,0.352697480999268,0.00961882199953834,0.3401227559988911,0.002906175999669358
504,3,16,0.37283329106867313,-0.006590504930500174,15693.496170184,15693.87559398,15693.496220453,15693.505579695,15693.87241479,15693.872415115,0.3794237959991733,0.009359241999845835,0.36683509499926004,0.003178864999426878
505,0,16,0.35849787504412234,0.025741044042661088,15694.044433463,15694.377190294,15694.044482757,15694.05380939,15694.37429311,15694.374293435,0.33275683100146125,0.009326632998636342,0.32048372000099334,0.0028968590013391804
506,0,16,0.33143374999053776,-0.0024410250098299002,15694.51292775,15694.846802525,15694.512976286,15694.522664336,15694.843991903,15694.843992336,0.33387477500036766,0.009688050000477233,0.3213275670004805,0.002810189000229002
507,1,16,0.36351304198615253,-0.008193163013856974,15694.979240753,15695.350946958,15694.979290697,15694.98869295,15695.347795936,15695.34779637,0.3717062050000095,0.00940225300109887,0.3591029859999253,0.003150587999698473
508,0,16,0.32378012500703335,-0.011331872994560399,15695.482496595,15695.817608593,15695.482546322,15695.492454407,15695.814793204,15695.814793529,0.33511199800159375,0.009908084999551647,0.3223387969992473,0.002815064000969869
509,0,16,0.3286809998098761,-0.0040294621903740335,15695.953145948,15696.28585641,15695.953196109,15695.962424154,15696.282917299,15696.282917624,0.3327104620002501,0.009228045000782004,0.32049314500000037,0.002938786001323024
510,4,16,0.4078706249129027,-0.010888663086007,15696.421786925,15696.840546213,15696.421836111,15696.431314417,15696.837310038,15696.837310363,0.4187592879989097,0.009478305999436998,0.40599562100032927,0.003235849999327911
511,0,16,0.3494023750536144,0.004543283052043989,15696.979069807,15697.323928899,15696.979118559,15696.988588415,15697.321076784,15697.321077,0.3448590920015704,0.009469856000578147,0.3324883689983835,0.0028518990002339706
512,1,16,0.3463305411860347,0.0021926571844232967,15697.475763919,15697.819901803,15697.475814838,15697.48543886,15697.817016211,15697.817016536,0.3441378840016114,0.00962402199911594,0.3315773510003055,0.0028852670002379455
513,0,16,0.35214304202236235,0.007069115023114136,15697.973203833,15698.31827776,15697.973253885,15697.983120368,15698.315420769,15698.315421202,0.3450739269992482,0.009866483000223525,0.332300400999884,0.0028565579996211454
514,0,16,0.43068708293139935,0.09540260993162519,15698.45173036,15698.787014833,15698.451779004,15698.461245393,15698.784037478,15698.784037695,0.33528447299977415,0.009466388999499031,0.32279208500040113,0.002977137999550905
515,1,16,0.3420145409181714,-0.0033578580823814264,15699.036045071,15699.38141747,15699.036095773,15699.045658367,15699.378514327,15699.378515086,0.34537239900055283,0.009562593999362434,0.332855959999506,0.0029023839997535106
516,0,16,0.33086037496104836,-0.0025188600393448723,15699.516648011,15699.850027246,15699.516697522,15699.526193488,15699.847161805,15699.84716213,0.33337923500039324,0.00949596600003133,0.3209683170007338,0.0028651160009758314
517,0,16,0.32729183277115226,-0.0049729252295946935,15699.985278371,15700.317543129,15699.985330157,15699.99487585,15700.31474345,15700.314743775,0.33226475800074695,0.009545692999381572,0.31986760000108916,0.002799354000671883
518,0,16,0.3640367090702057,-0.0036830769313382916,15700.458337604,15700.82605739,15700.458386898,15700.467918507,15700.82299759,15700.822998131,0.367719786001544,0.009531608999168384,0.3550790829995094,0.0030592590010201093
519,0,16,0.3273046670947224,-0.008247184905485483,15700.96123452,15701.296786372,15700.961284248,15700.970814448,15701.293940649,15701.293940974,0.3355518520002079,0.00953019999906246,0.323126201001287,0.002845398001227295
520,2,16,0.35771837504580617,-0.005636782954752562,15701.431955486,15701.795310644,15701.43200478,15701.441449176,15701.792371425,15701.79237175,0.36335515800055873,0.009444396000617417,0.35092224899926805,0.0029388940001808805
521,0,16,0.3747953751590103,0.03851451415903284,15701.978635292,15702.314916153,15701.978685453,15701.988275998,15702.312105856,15702.312106289,0.33628086099997745,0.009590544999809936,0.3238298579999537,0.002809863999573281
522,0,16,0.43710237508639693,0.059822379085744615,15702.44919505,15702.826475046,15702.449261353,15702.45910931,15702.823447206,15702.823447639,0.3772799960006523,0.009847957000602037,0.3643378959986876,0.003027406999535742
523,1,16,0.40672045899555087,0.052037352994375397,15703.098236839,15703.452919945,15703.098286783,15703.108039077,15703.449867512,15703.449867837,0.3546831060011755,0.00975229399955424,0.3418284349991154,0.003052108000701992
524,0,16,0.3272988749668002,-0.008062410033744527,15703.585703014,15703.921064299,15703.585753175,15703.59537958,15703.918010024,15703.918010349,0.33536128500054474,0.009626404998925864,0.3226304439995147,0.0030539500003214926
525,1,16,0.3372308339457959,-0.007076925054207095,15704.056380536,15704.400688295,15704.056429613,15704.066362074,15704.397753517,15704.397753842,0.344307759000003,0.009932461000062176,0.33139144300002954,0.002934452999397763
526,1,16,0.3405834580771625,-0.004615057923729182,15704.540104705,15704.885303221,15704.540154215,15704.549827964,15704.882355443,15704.882355984,0.3451985160008917,0.00967374900028517,0.3325274790004187,0.002947237000626046
527,2,16,0.3464302499778569,-0.009017942022182979,15705.017314488,15705.37276268,15705.017364324,15705.027315527,15705.369178305,15705.36917863,0.35544819200003985,0.009951203001037356,0.34186277799926756,0.003584049998607952
528,9,16,0.47513704211451113,-0.0070387548839789815,15705.507408085,15705.989583882,15705.507457704,15705.517157238,15705.98572682,15705.985727145,0.4821757969984901,0.009699534000901622,0.46856958199896326,0.0038567369992961176
529,4,16,0.38042487506754696,-0.0032020159324019914,15706.136435663,15706.520062554,15706.136485173,15706.146383074,15706.516941,15706.516941434,0.38362689099994896,0.009897900999931153,0.3705579260004015,0.003121120000287192
530,0,16,0.33435125020332634,-0.006467471795986057,15706.661293523,15707.002112245,15706.661341517,15706.671473104,15706.999205526,15706.999205851,0.3408187219993124,0.010131586999705178,0.3277324220016453,0.002906394000092405
531,0,16,0.33235325012356043,-0.005806306875456357,15707.136361348,15707.474520905,15707.136410426,15707.146036939,15707.471589702,15707.471590027,0.3381595569990168,0.0096265130014217,0.3255527629989956,0.0029308779994607903
532,0,16,0.3876214581541717,-0.004937388845064561,15707.609219071,15708.001777918,15707.609267282,15707.618936264,15707.998539035,15707.998539468,0.39255884699923627,0.009668982000221149,0.3796027709995542,0.0032384499991167104
533,0,16,0.3342327910941094,-0.006313350906566484,15708.142775527,15708.483321669,15708.142824929,15708.152618392,15708.480363815,15708.48036414,0.3405461420006759,0.009793462999368785,0.3277454230010335,0.0029575290009233868
534,0,16,0.3327183751389384,-0.00758487286111631,15708.615584931,15708.955888179,15708.615633683,15708.6255149,15708.952849396,15708.952849721,0.34030324800005474,0.009881216999929165,0.32733449599982123,0.0030384580004465533
535,2,16,0.38546429201960564,-0.012440510980013642,15709.089139378,15709.487044181,15709.089188672,15709.098940858,15709.483811906,15709.483812448,0.3979048029996193,0.009752186000696383,0.3848710479996953,0.003231733000575332
536,6,16,0.4461219578515738,-0.008269166148238583,15709.626245107,15710.080636231,15709.6262944,15709.63593814,15710.077110901,15710.077111659,0.4543911239998124,0.009643740000683465,0.44117276100041636,0.003524571999150794
537,0,16,0.3719324578996748,-0.012554206099594012,15710.214131733,15710.598618397,15710.214180052,15710.224316731,15710.595228815,15710.59522914,0.3844866639992688,0.01013667900042492,0.37091208399942843,0.003389256999071222
538,0,16,0.34524341695941985,-0.007198819039331283,15710.733189049,15711.085631285,15710.73323856,15710.743191714,15711.0827133,15711.082713733,0.35244223599875113,0.009953153999958886,0.3395215860000462,0.002917551999416901
539,1,16,0.3519818331114948,-0.007696538888922078,15711.216184859,15711.575863231,15711.216234695,15711.226108436,15711.572592713,15711.572593471,0.35967837200041686,0.009873740998955327,0.3464842770008545,0.0032697599999664817
540,0,16,0.33123141690157354,-0.006488611097665853,15711.710880237,15712.048600265,15711.710929856,15711.720627439,15712.0455916,15712.045592034,0.3377200279992394,0.009697582998342114,0.32496416100002534,0.0030082310004218016
541,0,16,0.34125733305700123,0.002459772056681686,15712.194565946,15712.533363507,15712.194613398,15712.204489414,15712.530526992,15712.530527425,0.33879756100031955,0.009876015999907395,0.3260375780009781,0.0028360819997033104
542,0,16,0.39265395887196064,0.04165641487088578,15712.676143931,15713.027141475,15712.676192467,15712.68613652,15713.024232265,15713.02423259,0.35099754400107486,0.009944052999344422,0.3380957449990092,0.0029088850005791755
543,0,16,0.3424520830158144,0.0025759050167835085,15713.216356371,15713.556232549,15713.21640599,15713.226529885,15713.553383358,15713.553383683,0.3398761779990309,0.010123894999196636,0.32685347299957357,0.002848865999112604
544,0,16,0.33674391615204513,-0.004893409846772556,15713.691701109,15714.033338435,15713.691750186,15713.702055873,15714.030317095,15714.03031742,0.3416373259988177,0.010305686999345198,0.3282612219991279,0.0030210149998310953
545,0,16,0.33588974992744625,-0.003778526071982924,15714.172501551,15714.512169827,15714.172552036,15714.182608219,15714.509293119,15714.509293444,0.33966827599942917,0.01005618300041533,0.3266848999992362,0.002876382999602356
546,0,16,0.3363499161787331,-0.005864744820428314,15714.643142237,15714.985356898,15714.643191206,15714.653159527,15714.982411612,15714.982411829,0.3422146609991614,0.009968321000997094,0.32925208499909786,0.0029450689999066526
547,0,16,0.3374478330370039,-0.005198230961468653,15715.122534497,15715.465180561,15715.122584007,15715.132589488,15715.46227211,15715.462272543,0.3426460639984725,0.010005480999097927,0.3296826220012008,0.002908017999288859
548,0,16,0.3744038750883192,0.02471267508735764,15715.601806067,15715.951497267,15715.601854603,15715.611788688,15715.948437033,15715.948437358,0.34969120000096154,0.00993408499925863,0.3366483449990483,0.0030599090005125618
549,0,16,0.3355048338416964,-0.0009434091589355376,15716.125251304,15716.461699547,15716.125300056,15716.135419184,15716.458695758,15716.458696083,0.3364482430006319,0.010119128000951605,0.32327657399946474,0.0030034640003577806
550,0,16,0.47881100000813603,0.09895439200772671,15716.619111609,15716.998968217,15716.619161553,15716.629818473,15716.995843197,15716.995843522,0.3798566080004093,0.010656919999746606,0.3660247240004537,0.0031246950002241647
551,1,16,0.34505787515081465,-0.004998749849619344,15717.226382677,15717.576439302,15717.226431429,15717.23727144,15717.573367368,15717.573367909,0.350056625000434,0.01084001100025489,0.33609592799984966,0.003071392999117961
552,0,16,0.3611600829754025,0.021707507974497275,15717.74271875,15718.082171325,15717.742767394,15717.753084456,15718.079298408,15718.079298733,0.3394525750009052,0.010317062000467558,0.32621395199930703,0.0028725920001306804
553,2,16,0.38439279212616384,-0.0019900098741345573,15718.217710089,15718.604092891,15718.217760466,15718.227826617,15718.601032549,15718.601032766,0.3863828020002984,0.010066151000501122,0.37320593200092844,0.0030601250000472646
554,0,16,0.365738624939695,-0.004827101060072891,15718.749768442,15719.120334168,15718.749818169,15718.760046827,15719.117226483,15719.117226916,0.3705657259997679,0.010228657998595736,0.35717965600088064,0.0031072519996087067
555,0,16,0.3802657078485936,0.03988012284935394,15719.256661527,15719.597047112,15719.256710604,15719.266761371,15719.59416997,15719.594170295,0.34038558499923965,0.01005076699948404,0.327408598999682,0.0028768169995601056
556,2,16,0.5070564171765,0.09049683217563143,15719.783749208,15720.200308793,15719.78379796,15719.793969632,15720.197031991,15720.197032641,0.41655958500086854,0.01017167200006952,0.4030623589987954,0.003276152001490118
557,0,16,0.3535720841027796,0.013077511102892458,15720.456431077,15720.79692565,15720.456478746,15720.467194168,15720.794026082,15720.794026407,0.34049457299988717,0.010715422000430408,0.3268319139988307,0.0028992429997742875
558,0,16,0.36518508405424654,0.023229893055031425,15720.93615626,15721.278111451,15720.936205012,15720.946385568,15721.275071693,15721.275072235,0.3419551909992151,0.01018055600070511,0.3286861249998765,0.003039216000615852
559,1,16,0.4076917499769479,0.05652411497612775,15721.444964768,15721.796132403,15721.445013303,15721.455163741,15721.793154939,15721.793155264,0.35116763500082016,0.010150437999982387,0.3379911979991448,0.002977138999995077
560,4,16,0.48236987506970763,0.0598029270695406,15721.999061093,15722.421628041,15721.999108762,15722.009453558,15722.418239434,15722.418239759,0.42256694800016703,0.010344795999117196,0.40878587600127503,0.0033882820007420378
561,0,16,0.3613268749322742,-0.0027385500670789042,15722.637950061,15723.002015486,15722.637997946,15722.648461807,15722.998986996,15722.998987321,0.3640654249993531,0.01046386100097152,0.3505251890001091,0.003028164999705041
562,0,16,0.3393467499408871,0.002957658940431429,15723.139217135,15723.475606226,15723.139265996,15723.14970093,15723.472558126,15723.472558451,0.33638909100045566,0.010434933999931673,0.32285719600076845,0.0030477750005957205
563,2,16,0.3671232499182224,0.0022245939180720598,15723.627065745,15723.991964401,15723.627115148,15723.637257135,15723.988837647,15723.988837972,0.36489865600015037,0.010141987000679364,0.35158051200050977,0.0031264290009858087
564,0,16,0.3334853749256581,-0.003614307073803502,15724.134629337,15724.471729019,15724.134678414,15724.144760815,15724.468780916,15724.468781241,0.3370996819994616,0.01008240099872637,0.32402010100122425,0.00294777800081647
565,0,16,0.33242925000377,-0.00308349199622171,15724.60516201,15724.940674752,15724.605212062,15724.615411144,15724.937809527,15724.937809961,0.3355127419999917,0.010199081998507609,0.3223983830012003,0.0028647910003201105
566,0,16,0.33167449990287423,-0.004533883098702063,15725.080293213,15725.416501596,15725.080342291,15725.091698534,15725.413645363,15725.413645688,0.3362083830015763,0.011356243001500843,0.3219468289989891,0.002855908000128693
567,0,16,0.3903919579461217,0.05025934294644685,15725.608149446,15725.948282061,15725.608198632,15725.618554154,15725.945410661,15725.945410986,0.34013261499967484,0.010355521999372286,0.3268565069993201,0.002871074999347911
568,2,16,0.34467316698282957,-0.007902433017079602,15726.084516032,15726.437091632,15726.084564242,15726.095305991,15726.434167147,15726.434167363,0.3525755999999092,0.010741748999862466,0.3388611559985293,0.0029242689997772686
569,0,16,0.32981641707010567,-0.005372501929741702,15726.572570268,15726.907759187,15726.572619887,15726.583198478,15726.904714012,15726.904714337,0.3351889189998474,0.010578591000012239,0.3215155340003548,0.003044849998332211
570,1,16,0.34145883307792246,-0.0031566059224132914,15727.04536288,15727.389978319,15727.045410982,15727.056405917,15727.387031191,15727.387031624,0.34461543900033575,0.01099493499896198,0.33062527400034014,0.0029466949999914505
571,0,16,0.34088762500323355,-0.0033505799965496408,15727.522915012,15727.867153217,15727.522965714,15727.533109002,15727.864161995,15727.864162428,0.3442382049997832,0.010143288000108441,0.33105299299859325,0.002990788998431526
572,2,16,0.38873824989423156,-0.002257708105389611,15728.019297543,15728.410293501,15728.019346729,15728.029733777,15728.406848883,15728.406849208,0.39099595799962117,0.01038704800157575,0.3771151059991098,0.00344429299912008
573,0,16,0.3468541249167174,-0.005348141083231894,15728.5464122,15728.898614466,15728.54648392,15728.556856668,15728.895426177,15728.895426502,0.3522022659999493,0.010372748000008869,0.33856950900008087,0.0031879639991529984
574,0,16,0.3633370001334697,0.028252953132323455,15729.03677621,15729.371860257,15729.036824854,15729.047066079,15729.369029267,15729.369029701,0.33508404700114625,0.010241224999845144,0.32196318800015433,0.0028305560008448083
575,4,16,0.390881665982306,-0.00918037101837399,15729.544011753,15729.94407379,15729.54406083,15729.554299563,15729.940932411,15729.940932736,0.40006203700068,0.010238733000733191,0.38663284799986286,0.003141053999570431
576,0,16,0.42373070819303393,0.06206476119405124,15730.153555868,15730.515221815,15730.15360592,15730.163985926,15730.512259844,15730.512260277,0.3616659469989827,0.010380005998740671,0.34827391799990437,0.0029615379989991197
577,0,16,0.4063025419600308,0.06288900895924598,15730.650622014,15730.994035547,15730.650724935,15730.66081037,15730.990987014,15730.990987339,0.3434135330007848,0.010085435000291909,0.3301766439999483,0.003048208000109298
578,0,16,0.4013091658707708,0.06520489687136433,15731.274267991,15731.61037226,15731.274314901,15731.284619396,15731.607342145,15731.607342795,0.3361042689994065,0.01030449499921815,0.3227227490006044,0.003029465000508935
579,0,16,0.3366945409215987,-0.00010363607907493133,15731.752180565,15732.088978742,15731.752229967,15731.762759914,15732.085967694,15732.085968019,0.3367981770006736,0.010529946999668027,0.3232077800003026,0.0030107229995337548
580,0,16,0.37475637486204505,0.038957077862505685,15732.271010154,15732.606809451,15732.271060098,15732.281762195,15732.603922776,15732.603923101,0.33579929699953937,0.010702096999011701,0.32216058099947986,0.0028863499992439756
581,9,16,0.588635333115235,0.11053955811621563,15732.808393662,15733.286489437,15732.808442415,15732.819094026,15733.28290582,15733.282906145,0.47809577499901934,0.010651610999047989,0.46381179400123074,0.003583292000257643
582,0,16,0.4158497918397188,0.07890590083843563,15733.576141143,15733.913085034,15733.576191953,15733.586942477,15733.910075936,15733.910076261,0.3369438910012832,0.010750524001196027,0.3231334590000188,0.0030087730010563973
583,0,16,0.4228465841151774,0.08661826711613685,15734.14662787,15734.482856187,15734.146676731,15734.158655162,15734.479829322,15734.479829647,0.33622831699904054,0.011978431000898127,0.3211741599989182,0.003026540000064415
584,0,16,0.48468724987469614,0.14971294987481087,15734.756588546,15735.091562846,15734.756638273,15734.767204188,15735.088628285,15735.088628718,0.33497429999988526,0.010565914999460801,0.3214240970009996,0.0029341280005610315
585,2,16,0.3788623330183327,0.007914930018159794,15735.281003194,15735.651950597,15735.281050321,15735.291625445,15735.648813551,15735.648813876,0.3709474030001729,0.010575123998933122,0.3571881060015585,0.0031367210012831492
586,1,16,0.395151459146291,0.04812083214710583,15735.846792262,15736.193822889,15735.846841448,15735.857704968,15736.190888544,15736.190888977,0.3470306269991852,0.010863520001294091,0.33318357600001036,0.0029339119992073392
587,0,16,0.43206708296202123,0.079845640961139,15736.419740546,15736.771961988,15736.419789298,15736.430785425,15736.768930464,15736.768930681,0.35222144200088223,0.010996127000908018,0.33814503900066484,0.003031307000128436
588,0,16,0.4109215419739485,0.07430233997365576,15736.988297225,15737.324916427,15736.988344894,15736.999266268,15737.322010142,15737.322010576,0.3366192020002927,0.010921373999735806,0.3227438739995705,0.0029058510008326266
589,0,16,0.43340862495824695,0.06716971595778887,15737.549710074,15737.915948983,15737.549759042,15737.560348142,15737.912897633,15737.912897958,0.3662389090004581,0.010589100000288454,0.35254949099908117,0.0030510249998769723
590,0,16,0.40575920906849205,0.06937022606871324,15738.120160399,15738.456549382,15738.120208285,15738.130868455,15738.45366314,15738.453663573,0.3363889829997788,0.010660170000846847,0.32279468500018993,0.002885808999053552
591,0,16,0.4217788749374449,0.07538007793846191,15738.688463242,15739.034862039,15738.688512861,15738.699439002,15739.031779271,15739.031779596,0.346398796998983,0.010926141001618817,0.3323402689984505,0.0030824429995846003
592,0,16,0.41794529207982123,0.08133822407944535,15739.262495559,15739.599102627,15739.262544528,15739.273659719,15739.596256579,15739.596256904,0.3366070680003759,0.01111519100049918,0.322596859999976,0.0028457230000640266
593,3,16,0.4499347920063883,0.07436838300600357,15739.824973374,15740.200539783,15739.825022776,15739.835996477,15740.197491249,15740.197491574,0.37556640900038474,0.010973701000693836,0.3614947719997872,0.00304820900055347
594,0,16,0.39218395785428584,0.0501936648543051,15740.391738787,15740.73372908,15740.391786456,15740.402558647,15740.7307566,15740.730756817,0.34199029299998074,0.010772190998977749,0.32819795300019905,0.0029722630006290274
595,4,16,0.4838337500113994,0.0721684590116638,15740.963781254,15741.375446545,15740.963857307,15740.975385809,15741.372177219,15741.372177652,0.4116652909997356,0.011528502000146545,0.3967914099994232,0.0032688930004951544
596,0,16,0.35698479204438627,0.015219626044199686,15741.527655874,15741.86942104,15741.527705493,15741.538588298,15741.866369148,15741.866369473,0.3417651660001866,0.01088280500152905,0.32778084999881685,0.003051567000511568
597,0,16,0.4186006661038846,0.07628135010418191,15742.101139024,15742.44345834,15742.101187885,15742.112057364,15742.44054653,15742.440546964,0.34231931599970267,0.010869478999666171,0.3284891660005087,0.0029113759992469568
598,0,16,0.43490316695533693,0.07475384795543505,15742.666280987,15743.026430306,15742.666330389,15742.677264763,15743.023395423,15743.023395748,0.3601493189999019,0.010934374000498792,0.346130660000199,0.0030345579998538597
599,0,16,0.4079970840830356,0.0666753470832191,15743.236829034,15743.578150771,15743.236877678,15743.247914974,15743.575128564,15743.575129106,0.3413217369998165,0.011037295998903573,0.32721359000061057,0.003021664999323548
600,0,16,0.41300658299587667,0.07096038799681992,15743.800808852,15744.142855047,15743.800857821,15743.811439987,15744.139897193,15744.139897518,0.34204619499905675,0.010582165999949211,0.3284572060001665,0.0029575289991043974
601,0,16,0.448562917066738,0.06989846506621689,15744.366685132,15744.745349584,15744.366734426,15744.377885585,15744.742237457,15744.742237782,0.3786644520005211,0.011151159000291955,0.36435187200004293,0.003111801999693853
602,2,16,0.41360420803539455,0.042435795035999035,15744.935974071,15745.307142484,15744.936023906,15744.947655546,15745.304028623,15745.304029164,0.3711684129993955,0.011631639999905019,0.3563730770001712,0.0031133199991018046
603,1,16,0.40661208308301866,0.055722553082887316,15745.507676463,15745.858565993,15745.507724565,15745.518522216,15745.855587772,15745.855588422,0.35088953000013134,0.01079765099893848,0.33706555599928834,0.0029775709990644827
604,0,16,0.41688733408227563,0.06946755608259991,15746.072949949,15746.420369727,15746.072998593,15746.084183662,15746.41748901,15746.417489443,0.3474197779996757,0.011185069000930525,0.33330534800006717,0.0028802840006392216
605,1,16,0.4161443340126425,0.06564038001124572,15746.641997943,15746.992501897,15746.642049079,15746.653118876,15746.989441122,15746.989441447,0.3505039540013968,0.011069796999436221,0.3363222459993267,0.0030604500007029856
606,0,16,0.427468708017841,0.0878482090174657,15747.214700732,15747.554321231,15747.214750026,15747.22601364,15747.551220479,15747.55122102,0.3396204990003753,0.011263614000199595,0.3252068389992928,0.0031002110008557793
607,0,16,0.41635245899669826,0.06539640899791266,15747.777615908,15748.128571958,15747.77766401,15747.789032388,15748.125486915,15748.12548724,0.3509560499987856,0.011368378000042867,0.3364545269996597,0.0030847179987176787
608,0,16,0.4104054169729352,0.06959915397237637,15748.347451955,15748.688258218,15748.347500274,15748.358322085,15748.68528108,15748.685281405,0.34080626300055883,0.010821810999914305,0.32695899499958614,0.0029768130007141735
609,0,16,0.41936274990439415,0.07676901290506066,15748.910886939,15749.253480676,15748.910936666,15748.92343588,15749.25047667,15749.250476995,0.3425937369993335,0.012499214000854408,0.32704078999995545,0.0030036810003366554
610,0,16,0.41992591600865126,0.07821351100938045,15749.479027599,15749.820740004,15749.479076568,15749.490411794,15749.817734048,15749.817734373,0.3417124049992708,0.011335225999573595,0.32732225399922754,0.003005630998814013
611,1,16,0.42480999999679625,0.07266439399791125,15750.045144174,15750.39728978,15750.04519466,15750.05684255,15750.394230413,15750.394230738,0.352145605998885,0.011647889999949257,0.33738786299909407,0.003059041999222245
612,4,16,0.45714870817027986,0.07281090017022507,15750.618249548,15751.002587356,15750.618298517,15750.629205048,15750.999430376,15750.999430701,0.3843378080000548,0.010906531000728137,0.3702253279989236,0.0031566550005663885
613,0,16,0.38385454192757607,0.04299215992614336,15751.183902435,15751.524764817,15751.183951296,15751.195406452,15751.521779337,15751.521779662,0.3408623820014327,0.011455156000010902,0.32637288499972783,0.0029851550007151673
614,0,16,0.42310212505981326,0.08026820105988008,15751.759336325,15752.102170249,15751.759386053,15751.771364809,15752.099218787,15752.099219112,0.3428339239999332,0.011978755999734858,0.32785397800034843,0.0029511369993997505
615,0,16,0.4135232500266284,0.07077253102579562,15752.318317628,15752.661068347,15752.31836638,15752.329644836,15752.658042348,15752.658042673,0.34275071900083276,0.011278456000582082,0.3283975120011746,0.0030256740010372596
616,0,16,0.42250179196707904,0.08106315896657179,15752.88962231,15753.231060943,15752.889671604,15752.90115222,15753.228098973,15753.228099406,0.34143863300050725,0.011480615999971633,0.32694675300081144,0.002961537000373937
617,0,16,0.4203024171292782,0.07764866012803395,15753.454912263,15753.79756602,15753.454960473,15753.466393854,15753.794565805,15753.794566239,0.34265375700124423,0.011433380999733345,0.3281719509996037,0.002999781001562951
618,0,16,0.423895874992013,0.07192653599304322,15754.023094742,15754.375064081,15754.023144144,15754.034466911,15754.371990955,15754.371991388,0.35196933899896976,0.011322767000820022,0.3375240440000198,0.0030726929999218555
619,0,16,0.4177712919190526,0.07602801091888978,15754.589253677,15754.930996958,15754.589304054,15754.600223044,15754.927569566,15754.927569782,0.3417432810001628,0.010918990001300699,0.3273465219990612,0.003427176001423504
620,3,16,0.4498155419714749,0.07933106897144171,15755.164029737,15755.53451421,15755.164079789,15755.175395948,15755.531337404,15755.531337729,0.3704844730000332,0.011316158999761683,0.35594145600043703,0.0031764809991727816
621,5,16,0.4353415409568697,0.04078330895572435,15755.730031906,15756.124590138,15755.730081634,15755.741399309,15756.121356671,15756.121356996,0.39455823200114537,0.01131767500010028,0.3799573619999137,0.003233142000681255
622,0,16,0.37304679211229086,0.029819600111295586,15756.294015299,15756.637242491,15756.294064268,15756.305295056,15756.63421855,15756.634219092,0.3432271920009953,0.011230787999011227,0.3289234940002643,0.003023399000085192
623,0,16,0.4287693330552429,0.08602500605593377,15756.860133066,15757.202877393,15756.860181059,15756.871706311,15757.199922139,15757.199922464,0.3427443269993091,0.011525251999046304,0.3282158279998839,0.002954928999315598
624,6,16,0.49202645802870393,0.056226846028948785,15757.430806135,15757.866605747,15757.430855862,15757.442115035,15757.863114327,15757.863114652,0.43579961199975514,0.011259173001235467,0.4209992919986689,0.0034910949998447904
625,0,16,0.33775475015863776,-0.004526863842329476,15757.998801839,15758.341083453,15757.998851999,15758.010473889,15758.338058863,15758.338059188,0.34228161400096724,0.011621890000242274,0.3275849740002741,0.0030242650009313365
626,0,16,0.42581108398735523,0.08370898698740348,15758.572061162,15758.914163259,15758.572110672,15758.583204737,15758.911143003,15758.911143328,0.34210209699995175,0.011094065001088893,0.32793826600027387,0.0030199310003808932
627,0,16,0.4200905829202384,0.07695114592024765,15759.139673131,15759.482812568,15759.139721991,15759.151338355,15759.479822646,15759.479822971,0.3431394369999907,0.011616363999564783,0.3284842910015868,0.0029895970001234673
628,0,16,0.4212322090752423,0.07974774807553331,15759.703721635,15760.045206096,15759.703772012,15759.715159132,15760.042215957,15760.042216282,0.34148446099970897,0.011387119999199058,0.32705682500090916,0.002989814000102342
629,0,16,0.4632361668627709,0.06905191886289685,15760.272922819,15760.667107067,15760.27297103,15760.284093479,15760.663905777,15760.663906102,0.39418424799987406,0.011122449001049972,0.37981229800061556,0.0032009650003601564
630,0,16,0.38223495800048113,0.046735542000533314,15760.838044198,15761.173543614,15760.838093275,15760.849688947,15761.170622379,15761.170622812,0.3354994159999478,0.011595672000112245,0.32093343199994706,0.002920802000517142
631,0,16,0.41786137502640486,0.08227615402756783,15761.40849019,15761.744075411,15761.408538401,15761.419804074,15761.741134458,15761.741134783,0.33558522099883703,0.011265672999797971,0.32133038400024816,0.002940627999123535
632,0,16,0.4147470840252936,0.07786212802420778,15761.974627458,15762.311512414,15761.974676535,15761.986345768,15762.308515016,15762.308515341,0.3368849560010858,0.011669233001157409,0.3221692480001366,0.0029970730010973057
633,0,16,0.4264571249950677,0.07402203899619053,15762.540883464,15762.89331855,15762.540932433,15762.552444792,15762.890204255,15762.890204472,0.3524350859988772,0.011512359000334982,0.3377594630001113,0.003114077999271103
634,2,16,0.4238663329742849,0.07056096497399267,15763.113595353,15763.466900721,15763.113644539,15763.125016708,15763.46383962,15763.463839945,0.3533053680002922,0.011372168999514543,0.33882291200097825,0.003060775999983889
635,4,16,0.4328590000513941,0.06227301405124308,15763.679449208,15764.050035194,15763.679500668,15763.690960483,15764.046932925,15764.046933358,0.370585986000151,0.011459814999398077,0.35597244200107525,0.003101836000496405
636,0,16,0.40333445789292455,0.057176713893568376,15764.250014264,15764.596172008,15764.250064966,15764.261806786,15764.593148176,15764.593148501,0.34615774399935617,0.011741820000679581,0.3313413899995794,0.0030235069989430485
637,3,16,0.41443116683512926,0.015854556835620315,15764.744410411,15765.142987021,15764.744459597,15764.755951805,15765.139725386,15765.139725928,0.39857660999950895,0.011492208001072868,0.3837735809993319,0.003261092999309767
638,2,16,0.4203161250334233,0.058792534033273114,15765.323414917,15765.684938508,15765.323464319,15765.334614178,15765.681853031,15765.681853356,0.3615235910001502,0.01114985899948806,0.3472388529989985,0.0030851520004944177
639,0,16,0.4287478751502931,0.09202174415077025,15765.870053447,15766.206779578,15765.870102307,15765.881643376,15766.203862459,15766.203862676,0.33672613099952287,0.011541068999576964,0.32221908300016366,0.0029169019999244483
640,0,16,0.41491529205814004,0.07713611105828022,15766.441143077,15766.778922258,15766.441192696,15766.452646769,15766.775919985,15766.77592031,0.3377791809998598,0.011454072999185883,0.32327321600132564,0.0030019480000191834
641,0,16,0.4194835829548538,0.03242550795403076,15767.002879749,15767.389937824,15767.002928826,15767.01462926,15767.386742059,15767.386742492,0.387058075000823,0.011700434000886162,0.3721127989992965,0.0031953319994499907
642,0,16,0.33147125015966594,-0.004724022839582176,15767.568567954,15767.904763227,15767.568617356,15767.579999059,15767.901788689,15767.901789014,0.3361952729992481,0.011381702999642584,0.3217896299993299,0.002974212999106385
643,0,16,0.3316322499886155,-0.0030982890111772576,15768.04118679,15768.375917329,15768.041235651,15768.052416278,15768.372843228,15768.372843878,0.33473053899979277,0.011180626999703236,0.32042695000018284,0.003073451000091154
644,0,16,0.36821712506935,0.021687564068997744,15768.533513892,15768.880043453,15768.533561994,15768.545337398,15768.876966319,15768.876966535,0.34652956100035226,0.01177540400021826,0.3316289209997194,0.00307691800117027
645,3,16,0.37735295901075006,0.005255220010440098,15769.036825636,15769.408923375,15769.036874821,15769.048177871,15769.405837249,15769.405837574,0.37209773900030996,0.011303049999696668,0.35765937799988023,0.0030858009995426983
646,2,16,0.39234933303669095,0.01887515503585746,15769.542104913,15769.915579091,15769.542155398,15769.553555844,15769.912392318,15769.912392752,0.3734741780008335,0.011400446001061937,0.3588364739989629,0.003186339001331362
647,0,16,0.33548108395189047,0.0009914889524225146,15770.073524394,15770.408013989,15770.07357423,15770.084940657,15770.404993841,15770.404994166,0.33448959499946795,0.011366426999302348,0.32005318400115357,0.003019822999704047
648,0,16,0.3429632498882711,-0.0062325181115738815,15770.557273156,15770.906468924,15770.55735246,15770.569216485,15770.903346721,15770.903346938,0.349195767999845,0.011864025000249967,0.33413023599860026,0.0031219860011333367
649,0,16,0.34734458406455815,-0.00840142993547488,15771.037024557,15771.392770571,15771.037075043,15771.048446345,15771.389651185,15771.389651618,0.35574601400003303,0.011371302000043215,0.34120484000050055,0.0031189530000119703
650,0,16,0.37075070803985,-0.0053036569588584825,15771.532610476,15771.908664841,15771.532659662,15771.544330195,15771.905436141,15771.905436466,0.3760543649987085,0.011670533000142314,0.3611059459999524,0.0032283749987982446
651,0,16,0.3289737091399729,-0.0077619568601221545,15772.0408839,15772.377619566,15772.040932869,15772.052356391,15772.374596384,15772.3745966,0.3367356660000951,0.011423521998949582,0.32223999300003925,0.0030229659987526247
652,1,16,0.3502488338854164,-0.0008152301143127261,15772.520909072,15772.871973136,15772.520957175,15772.532482209,15772.868965663,15772.868966096,0.3510640639997291,0.011525034000442247,0.3364834539988806,0.003007039998919936
653,0,16,0.3815256250090897,0.01418047301012848,15773.027661751,15773.395006903,15773.027711912,15773.039049196,15773.39177907,15773.391779395,0.36734515199896123,0.011337284000546788,0.3527298739991238,0.0032275079993269173
654,0,16,0.3387307079974562,0.0017076209969673073,15773.530781303,15773.86780439,15773.530832114,15773.542241985,15773.864671136,15773.864671895,0.3370230870004889,0.01140987100006896,0.32242915099959646,0.0031324949995905627
655,1,16,0.34219595813192427,-0.004089625868800795,15774.010927272,15774.357212856,15774.010975916,15774.022419914,15774.353411913,15774.353412238,0.34628558400072507,0.011443997998867417,0.3309919990006165,0.0038006180002412293
656,0,16,0.33126454101875424,-0.005216962981648976,15774.493923299,15774.830404803,15774.493970751,15774.505358088,15774.827500685,15774.82750101,0.3364815040004032,0.011387336999177933,0.32214259700049297,0.0029037929998594336
657,0,16,0.329357290873304,-0.006445581127991318,15774.964821614,15775.300624486,15774.96487405,15774.976331698,15775.297717768,15775.297718093,0.3358028720012953,0.011457648000941845,0.32138606999978947,0.0029063930014672223
658,0,16,0.35137204197235405,-0.007339627027249662,15775.433091749,15775.791803418,15775.43314126,15775.444526971,15775.788744917,15775.788745242,0.3587116689996037,0.011385710999093135,0.34421794599984423,0.0030581760001950897
659,0,16,0.3335733339190483,-0.0037018560815340606,15775.931869208,15776.269144398,15775.931918502,15775.943357624,15776.266156318,15776.266156752,0.33727519000058237,0.011439122001320357,0.32279869400008465,0.0029876459993829485
660,0,16,0.3465322908014059,0.009960866802430246,15776.42216204,15776.758733464,15776.422211117,15776.433872008,15776.75561592,15776.755616245,0.33657142399897566,0.011660890999337425,0.3217439119998744,0.0031172189992503263
661,2,16,0.34876154200173914,-0.008183885998732876,15776.894913699,15777.251859127,15776.894961585,15776.906389874,15777.248830854,15777.248831179,0.356945428000472,0.011428289000832592,0.34244097999908263,0.003027947999726166
662,0,16,0.33005654090084136,-0.005805268099720706,15777.391712141,15777.72757395,15777.391761327,15777.403764459,15777.724661923,15777.724662356,0.33586180900056206,0.012003132000245387,0.3208974640001543,0.0029115939996700035
663,1,16,0.3758544169832021,-0.011724008016244625,15777.85140827,15778.238986695,15777.851457131,15777.863372834,15778.235684866,15778.2356853,0.3875784249994467,0.011915702998521738,0.37231203200099117,0.0033013949996529846
664,0,16,0.3475966660771519,-0.007369744922471,15778.378535278,15778.733501689,15778.378585222,15778.390454231,15778.729814826,15778.729815151,0.3549664109996229,0.011869008998473873,0.3393605950004712,0.0036865379988739733
665,0,16,0.34670037496834993,0.009757024969076156,15778.868711862,15779.205655212,15778.868761806,15778.880507526,15779.202758136,15779.202758461,0.3369433499992738,0.011745720001272275,0.3222506099991733,0.002896750998843345
666,2,16,0.37917266599833965,-0.009560320002492517,15779.356791125,15779.745524111,15779.356840094,15779.36911418,15779.742304187,15779.742304512,0.38873298600083217,0.01227408600061608,0.37319000699972094,0.0032195990006584907
667,1,16,0.3475153751205653,-0.004766519878103281,15779.879464559,15780.231746454,15779.879513203,15779.891657175,15780.228733347,15780.228733672,0.3522818949986686,0.012143971998739289,0.3370761719997972,0.0030127819991321303
668,2,16,0.3703543341252953,-0.009346157874460914,15780.369621968,15780.74932246,15780.369671803,15780.381419365,15780.746206649,15780.746206974,0.3797004919997562,0.011747561999072786,0.36478728400106775,0.0031154860007518437
669,1,16,0.41037937509827316,0.057185055098671,15780.953139742,15781.306334062,15780.953188169,15780.965044069,15781.303300372,15781.303300697,0.35319431999960216,0.011855900000227848,0.3382563029990706,0.0030333649992826395
670,0,16,0.3364463751204312,-0.00451968587913143,15781.445715588,15781.786681649,15781.445765315,15781.457742446,15781.783726396,15781.783726937,0.3409660609995626,0.011977131000094232,0.325983949998772,0.0029547120011557126
671,4,16,0.4262092080898583,-0.015472526911253226,15781.916276429,15782.357958164,15781.916325398,15781.928099069,15782.354490469,15782.354490903,0.4416817350011115,0.011773670999900787,0.4263914000002842,0.0034672609999688575
672,0,16,0.34049979201518,-0.003932879984859028,15782.493117743,15782.837550415,15782.493166929,15782.505189128,15782.83440427,15782.834404595,0.344432672000039,0.012022199000057299,0.3292151419991569,0.0031458200010092696
673,0,16,0.3497099580708891,-0.002828806929755956,15782.976825986,15783.329364751,15782.976874305,15782.988613633,15783.326349803,15783.326350128,0.35253876500064507,0.011739327999748639,0.3377361699986068,0.0030146230001264485
674,3,16,0.37977983290329576,-0.00988323809724534,15783.466957069,15783.85662014,15783.467005496,15783.479021195,15783.853347454,15783.853347996,0.3896630710005411,0.012015698999675806,0.3743262589996448,0.003272144000220578
675,0,16,0.3410246658604592,-0.002154098139726557,15783.992078625,15784.335257389,15783.992127702,15784.00418262,15784.332093259,15784.332093584,0.34317876400018577,0.012054917999194004,0.3279106390000379,0.003163805000440334
676,0,16,0.3338038749061525,-0.008773286093855859,15784.471260166,15784.813837327,15784.471310435,15784.483196886,15784.810762468,15784.810762793,0.34257716100000835,0.011886451000464149,0.32756558199980645,0.0030745339990971843
677,5,16,0.42312970804050565,-0.015599806960381102,15784.941635098,15785.380364613,15784.941701402,15784.953511149,15785.376735819,15785.376736144,0.43872951500088675,0.011809747000370407,0.42322466999939934,0.003628468999522738
678,2,16,0.36528862500563264,0.003737083005034947,15785.520063028,15785.88161457,15785.520112322,15785.532516197,15785.878546644,15785.878546969,0.3615515420005977,0.01240387500001816,0.34603044700088503,0.003067601001021103
679,2,16,0.3717731670476496,-0.008587213953433093,15786.024147875,15786.404508256,15786.024197494,15786.036013308,15786.401280314,15786.401280748,0.3803603810010827,0.011815813999419333,0.36526700600006734,0.0032275080011459067
680,0,16,0.3970333749894053,0.054220251988226664,15786.601245842,15786.944058965,15786.601319296,15786.613352979,15786.940855183,15786.940855616,0.3428131230011786,0.012033683000481687,0.3275022039997566,0.003203349000614253
681,0,16,0.33631154196336865,-0.0009493480374658247,15787.086998755,15787.424259645,15787.087048049,15787.098974586,15787.421311541,15787.421311975,0.3372608900008345,0.011926537001272663,0.3223369549996278,0.002947670000139624
682,1,16,0.4050336671061814,0.06137539710653073,15787.557620591,15787.901278861,15787.55767086,15787.57004115,15787.898182767,15787.898183092,0.34365826999965066,0.012370290000035311,0.3281416169993463,0.00309576899962849
683,0,16,0.33183316700160503,-0.0028090759988117497,15788.112903655,15788.447545898,15788.112952082,15788.124928779,15788.444586094,15788.444586419,0.3346422430004168,0.011976697000136483,0.3196573149998585,0.002959478999400744
684,0,16,0.33296804199926555,-0.0026732980004453566,15788.585576444,15788.921217784,15788.585626388,15788.597582068,15788.918224828,15788.918225153,0.3356413399997109,0.011955680000028224,0.32064275999982783,0.0029926309998700162
685,0,16,0.3326602091547102,-0.0036883628454233985,15789.054248406,15789.390596978,15789.0542977,15789.066292923,15789.387483984,15789.387484309,0.33634857200013357,0.01199522299975797,0.32119106099889905,0.0031126690009841695
686,2,16,0.43687304202467203,0.06274905002464948,15789.529270296,15789.903394288,15789.529319265,15789.541681863,15789.900240341,15789.900240883,0.37412399200002255,0.01236259799952677,0.3585584779993951,0.0031534049994661473
687,1,16,0.3371227500028908,-0.007898741998360492,15790.11266023,15790.457681722,15790.112710283,15790.124883722,15790.454691908,15790.454692667,0.3450214920012513,0.012173438999525388,0.32980818600117345,0.002989055001307861
688,0,16,0.33269304083660245,-0.004079568163433578,15790.588514917,15790.925287526,15790.588563886,15790.60072205,15790.92235784,15790.922358165,0.336772609000036,0.012158163999629323,0.32163579000007303,0.0029293610004970105
689,0,16,0.39279675018042326,0.05674166617973242,15791.12618043,15791.462235514,15791.126229508,15791.138183887,15791.459254801,15791.459255234,0.33605508400069084,0.011954379000599147,0.32107091400030185,0.0029802799999743
690,0,16,0.3390080409590155,-0.0063424740419577574,15791.600665179,15791.946015694,15791.600714906,15791.613120407,15791.943072466,15791.943072791,0.34535051500097325,0.012405501000102959,0.32995205899896973,0.002942903000075603
691,0,16,0.3325841249898076,-0.009472904010181082,15792.084346445,15792.426403474,15792.084395956,15792.09636377,15792.423446054,15792.423446379,0.3420570289999887,0.011967813999945065,0.3270822839986067,0.002957095000965637
692,1,16,0.3534070421010256,0.007201954100310104,15792.56143684,15792.907641928,15792.561485917,15792.57377842,15792.904636188,15792.904636513,0.3462050880007155,0.01229250299911655,0.3308577679999871,0.0030054150010982994
693,0,16,0.33245195797644556,-0.003222099023332703,15793.058294543,15793.3939686,15793.058344595,15793.070248489,15793.390966544,15793.390966869,0.33567405699977826,0.011903894001079607,0.32071805499981565,0.0030017310000403086
694,0,16,0.3297189590521157,-0.0057265049472334795,15793.526709526,15793.86215499,15793.526759795,15793.5390809,15793.859201036,15793.859201469,0.33544546399934916,0.012321104999500676,0.3201201360006962,0.002953520999653847
695,0,16,0.3532720839139074,-0.007412643086354365,15793.997341437,15794.358026164,15793.997389323,15794.009389638,15794.354941662,15794.354942204,0.3606847270002618,0.012000315000477713,0.3455520240004262,0.0030839600003673695
696,0,16,0.3866353330668062,0.014588837068004068,15794.509463148,15794.881509644,15794.509512334,15794.522016531,15794.878384082,15794.878384516,0.37204649599880213,0.012504197000453132,0.3563675509994937,0.0031251279997377424
697,3,16,0.37673395895399153,-0.0028867960445495555,15795.025490133,15795.405110888,15795.025539535,15795.037618504,15795.401924223,15795.401924657,0.3796207549985411,0.0120789690008678,0.3643057190001855,0.0031862309988355264
698,0,16,0.4137804580386728,0.07121315603762923,15795.633784998,15795.9763523,15795.633834292,15795.64612257,15795.973375704,15795.973376029,0.34256730200104357,0.012288277999687125,0.3272531339989655,0.002976271000079578
699,1,16,0.39871891704387963,0.009383786044054432,15796.120822262,15796.510157393,15796.12089539,15796.133160484,15796.506921651,15796.506921976,0.3893351309998252,0.012265093999303645,0.3737611670003389,0.0032354169998143334
700,3,16,0.5071825000923127,0.1351766320913157,15796.721607762,15797.09361363,15796.721654239,15796.733899615,15797.090459684,15797.090460009,0.372005868000997,0.012245375999555108,0.35656006899989734,0.0031536210008198395
701,0,16,0.35799087514169514,0.004630038141840487,15797.329095614,15797.682456451,15797.329145017,15797.341563951,15797.679290263,15797.679290696,0.35336083699985466,0.012418934000379522,0.3377263120000862,0.003165755000736681
702,1,16,0.4225897090509534,0.06881632005206484,15797.910207085,15798.263980474,15797.910256379,15797.92277011,15798.2609483,15798.260948734,0.35377338899888855,0.012513731000581174,0.33817818999887095,0.0030317399996420136
703,0,16,0.3638340418692678,-0.012597774131791084,15798.393822482,15798.770254298,15798.393871126,15798.406122678,15798.767083884,15798.767084209,0.3764318160010589,0.012251551999725052,0.3609612060008658,0.003170089001287124
704,0,16,0.33650549990125,-0.005723679098082357,15798.901449776,15799.243678955,15798.901498745,15798.913650842,15799.240681341,15799.240681774,0.34222917899933236,0.012152097000580397,0.3270304990001023,0.0029971809999551624
705,0,16,0.3412943340372294,-0.0037714679619966773,15799.380821343,15799.725887145,15799.380875512,15799.393635063,15799.72290459,15799.722904915,0.3450658019992261,0.01275955099845305,0.32926952700108814,0.002982230000270647
706,1,16,0.423802541103214,0.07191153110215964,15799.857963415,15800.209854425,15799.858014442,15799.870235117,15800.206748689,15800.206749014,0.3518910100010544,0.012220675000207848,0.3365135719996033,0.003105411000433378
707,0,16,0.3501958749257028,-0.00190769507571531,15800.4348927,15800.78699627,15800.434941994,15800.447621915,15800.783902993,15800.783903318,0.3521035700014181,0.012679920999289607,0.3362810779999563,0.0030929519998608157
708,1,16,0.3631168748252094,-0.00837297817452054,15800.922822672,15801.294312525,15800.922871966,15800.935225355,15801.291192705,15801.29119303,0.3714898529997299,0.012353389000054449,0.3559673500003555,0.003119495000646566
709,0,16,0.3864805831108242,0.0003381831102160504,15801.432565489,15801.818707889,15801.432615433,15801.445428178,15801.815496415,15801.815496631,0.3861424000006082,0.012812745000701398,0.3700682369999413,0.003211258001101669
710,2,16,0.3552170409820974,-0.006448039019232965,15801.961837488,15802.323502568,15801.961887215,15801.974335726,15802.320449485,15802.32044981,0.36166508000133035,0.012448510999092832,0.3461137590002181,0.0030527580001944443
711,0,16,0.3788660420104861,0.034851664011512185,15802.458506466,15802.802520844,15802.458557276,15802.471041539,15802.79953038,15802.799530705,0.34401437799897394,0.012484262999350904,0.328488840999853,0.0029901389989390736
712,3,16,0.3679903750307858,-0.00420876896896516,15802.984383465,15803.356582609,15802.984433192,15802.996976174,15803.353386194,15803.353386519,0.37219914399975096,0.01254298200001358,0.3564100200001121,0.0031960899996192893
713,0,16,0.4056269999127835,0.059597203913654084,15803.566979388,15803.913009184,15803.567027707,15803.579586073,15803.909961085,15803.909961518,0.3460297959991294,0.012558365999211674,0.330375012001241,0.0030476659994747024
714,5,16,0.4100598751101643,-0.008469517890262068,15804.055097544,15804.473626937,15804.055146404,15804.067792741,15804.470227713,15804.470228038,0.41852939300042635,0.012646336999750929,0.4024349720002647,0.00339889899987611
715,0,16,0.4543485410977155,0.07340399909662665,15804.700291804,15805.081236346,15804.700341423,15804.712984835,15805.07799302,15805.077993454,0.38094454200108885,0.012643411999306409,0.3650081850009883,0.003242892000344
716,0,16,0.3840995409991592,0.03254437999930815,15805.21965431,15805.571209471,15805.219703712,15805.232184616,15805.568028982,15805.568029307,0.35155516099985107,0.012480903998948634,0.3358443659999466,0.0031801639997866005
717,1,16,0.42498887493275106,0.044716247932228725,15805.744421058,15806.124693685,15805.744468835,15805.756906187,15806.121460326,15806.12146076,0.38027262700052233,0.012437351999324164,0.36455413899966516,0.00323292500070238
718,0,16,0.4235327919013798,0.08075336190086091,15806.406230522,15806.749009952,15806.406279925,15806.41883309,15806.74595091,15806.74595156,0.3427794300005189,0.012553164999189903,0.3271178200011491,0.0030583919997297926
719,1,16,0.4314098749309778,0.08636714993008354,15806.980833458,15807.325876183,15806.980882102,15806.993259651,15807.322802191,15807.322802407,0.3450427250008943,0.012377549001030275,0.3295425399992382,0.003073776000746875
720,0,16,0.4030058339703828,0.06387350797012914,15807.540407154,15807.87953948,15807.540455256,15807.553016656,15807.876506656,15807.876506981,0.33913232600025367,0.012561400000777212,0.3234900000006746,0.003032499000255484
721,0,16,0.4176421668380499,0.0794502168391773,15808.108667311,15808.446859261,15808.108716822,15808.121555351,15808.443873023,15808.443873348,0.3381919499988726,0.012838528999054688,0.32231767200028116,0.0029859129990654765
722,0,16,0.42864283290691674,0.07217019290692406,15808.67498247,15809.03145511,15808.675031764,15808.68769576,15809.028237677,15809.028238002,0.3564726399999927,0.01266399599990109,0.3405419169994275,0.00321710800017172
723,0,16,0.4176845420151949,0.07152679801583872,15809.243095938,15809.589253682,15809.243145124,15809.256006187,15809.586228875,15809.586229309,0.34615774399935617,0.012861062999945716,0.3302226879986847,0.0030243729997891933
724,0,16,0.418315458111465,0.08169983111292822,15809.814009952,15810.150625579,15809.814059138,15809.826548384,15810.147655916,15810.147656241,0.33661562699853675,0.012489246000768617,0.3211075319995871,0.0029693379983655177
725,0,16,0.421134915901348,0.08347284990122716,15810.379617337,15810.717279403,15810.37966533,15810.392482734,15810.71426998,15810.714270305,0.33766206600012083,0.012817404000088573,0.3217872460008948,0.003009097999893129
726,6,16,0.6142904579173774,0.142632906918152,15810.947923321,15811.419580872,15810.947971207,15810.96076055,15811.415888592,15811.415889026,0.47165755099922535,0.01278934299989487,0.4551280420000694,0.003691845999128418
727,0,16,0.4197035408578813,0.037489273858227534,15811.642131589,15812.024345856,15811.6421811,15811.65486698,15812.021101556,15812.021102314,0.3822142669996538,0.012685879999480676,0.3662345760003518,0.0032435419998364523
728,2,16,0.41493141697719693,0.05814502897737839,15812.212417674,15812.569204062,15812.212466643,15812.225076145,15812.566131152,15812.566131477,0.35678638799981854,0.012609501998667838,0.34105500700025004,0.0030725849992450094
729,0,16,0.4214028751011938,0.07290924710105173,15812.772230148,15813.120723776,15812.772280959,15812.78576421,15813.117662134,15813.117662459,0.34849362800014205,0.013483251001161989,0.3318979239993496,0.003061317000174313
730,0,16,0.42572970781475306,0.08813069381540117,15813.349539376,15813.68713839,15813.349586936,15813.362674535,15813.683924857,15813.683925182,0.3375990139993519,0.013087598999845795,0.3212503220001963,0.0032132079995790264
731,3,16,0.41557420790195465,0.032528226902286406,15813.917167704,15814.300213685,15813.917217215,15813.929830942,15814.296953133,15814.29695335,0.38304598099966825,0.012613726999916253,0.3671221910008171,0.0032603349991404684
732,0,16,0.4197000421117991,0.08186593411119247,15814.476830996,15814.814665104,15814.476879748,15814.489758363,15814.811675074,15814.811675507,0.33783410800060665,0.012878615001682192,0.32191671099826635,0.0029895970001234673
733,0,16,0.33010304090566933,-0.006437291094698594,15815.045037201,15815.381577533,15815.045085628,15815.057808235,15815.378631379,15815.378631704,0.3365403320003679,0.01272260699988692,0.32082314400031464,0.002945829000964295
734,0,16,0.35411145887337625,-0.001332941124928766,15815.520667844,15815.876112244,15815.520717572,15815.533529233,15815.872925038,15815.872925363,0.355444399998305,0.012811660999432206,0.3393958050000947,0.003186880998327979
735,0,16,0.3883337499573827,0.041483831957521033,15816.061744716,15816.408594634,15816.061794118,15816.074878033,15816.405383268,15816.405383593,0.34684991799986165,0.013083914998787805,0.3305052350006008,0.0032110409993038047
736,0,16,0.4266911670565605,0.07099574705716805,15816.626316819,15816.982012239,15816.626366546,15816.63945967,15816.9788454,15816.978845725,0.35569541999939247,0.013093124000079115,0.3393857300015952,0.003166513999531162
737,4,16,0.4564937921240926,0.0626008661238302,15817.192994803,15817.586887729,15817.193042689,15817.206052176,15817.583597926,15817.583598251,0.3938929260002624,0.013009487000090303,0.3775457499996264,0.003289477999715018
738,0,16,0.38316320814192295,0.04568065714192926,15817.765006826,15818.102489377,15817.765056229,15817.77764818,15818.099487321,15818.099487646,0.3374825509999937,0.012591950999194523,0.32183914100096445,0.0030017310000403086
739,2,16,0.420274417148903,0.0658247791488975,15818.32679225,15818.681241888,15818.326841111,15818.339965112,15818.678073966,15818.678074291,0.3544496380000055,0.01312400099959632,0.3381088540008932,0.0031675970003561815
740,0,16,0.42339066602289677,0.06631924102293851,15818.899481822,15819.256553247,15818.899531766,15818.912449273,15819.253457479,15819.253457912,0.35707142499995825,0.012917507001475315,0.3410082059999695,0.0030953349996707402
741,0,16,0.40670533291995525,0.07039056191933923,15819.465962088,15819.802276859,15819.466011274,15819.479136141,15819.799327131,15819.799327348,0.336314771000616,0.013124867000442464,0.3201909899999009,0.0029495109993149526
742,0,16,0.4238219161052257,0.07847378410588135,15820.038065549,15820.383413681,15820.038114627,15820.050845684,15820.380083035,15820.380083252,0.34534813199934433,0.01273105700056476,0.3292373509993922,0.0033304290009255055
743,0,16,0.41475958307273686,0.07401009007298853,15820.60408462,15820.944834113,15820.604131747,15820.616798668,15820.941612239,15820.941612455,0.3407494929997483,0.01266692099852662,0.3248135710000497,0.003221657998437877
744,0,16,0.4205162499565631,0.08381991195710725,15821.172413681,15821.509110019,15821.172462758,15821.185545915,15821.506107746,15821.506108072,0.33669633799945586,0.013083156998618506,0.32056183100030466,0.0030019469995750114
745,0,16,0.41971091693267226,0.08212956293209572,15821.743013947,15822.080595301,15821.743063241,15821.756274454,15822.077600721,15822.077601046,0.33758135400057654,0.013211212999522104,0.3213262670014956,0.0029942550008854596
746,4,16,0.45356870791874826,0.07438195591930707,15822.309045476,15822.688232228,15822.309094878,15822.322236863,15822.684934841,15822.684935166,0.3791867519994412,0.013141984998583212,0.36269797800014203,0.003297061999546713
747,2,16,0.4131607918534428,0.04780711585408426,15822.881591391,15823.246945067,15822.881639385,15822.89489285,15823.243765553,15823.243765986,0.36535367599935853,0.013253465000161668,0.34887270299986994,0.003179080998961581
748,4,16,0.42300354107283056,0.04522475507292256,15823.445543582,15823.823322368,15823.445593526,15823.458645698,15823.820079693,15823.820080018,0.377778785999908,0.013052172000243445,0.3614339949999703,0.003242349999709404
749,0,16,0.38373691705055535,0.04442702404958254,15824.011620938,15824.350930831,15824.01167034,15824.02484006,15824.347904183,15824.347904833,0.3393098930009728,0.01316971999949601,0.323064123000222,0.0030259980012488086
750,0,16,0.4205280840396881,0.07366971504052344,15824.579967658,15824.926826027,15824.58001446,15824.593223398,15824.923730908,15824.923731233,0.34685836899916467,0.013208938000389026,0.3305075099997339,0.0030947939994803164
751,0,16,0.4136331251356751,0.07514996213649283,15825.143819528,15825.482302691,15825.143869147,15825.156838765,15825.479091217,15825.479091867,0.33848316299918224,0.012969618001079652,0.3222524519987928,0.00321082399932493
752,0,16,0.4391838749870658,0.07342880498799786,15825.716367393,15826.082122463,15825.716415928,15825.729521945,15826.078952157,15826.078952482,0.3657550699990679,0.013106017000609427,0.3494302119997883,0.003169981000610278
753,0,16,0.40804633288644254,0.06084843188546074,15826.284716388,15826.631914289,15826.284765465,15826.29794526,15826.628809853,15826.628810178,0.3471979010009818,0.013179794999814476,0.33086459300102433,0.003104111001448473
754,0,16,0.4181622499600053,0.08141575095942244,15826.850889299,15827.187635798,15826.850939784,15826.864045367,15827.184619875,15827.184620308,0.33674649900058284,0.013105582998832688,0.3205745080013003,0.0030154899995977757
755,0,16,0.427004124969244,0.08216659196841647,15827.419131689,15827.763969222,15827.419180333,15827.432306608,15827.760932064,15827.760932389,0.34483753300082753,0.013126275000104215,0.32862545600073645,0.0030368330008059274
756,0,16,0.4138054579962045,0.06843197599664563,15827.987419798,15828.33279328,15827.987468442,15828.000898823,15828.329709212,15828.329709754,0.34537348199955886,0.01343038100094418,0.32881038899904524,0.00308352600040962
757,5,16,0.49162129196338356,0.06578317596358829,15828.556397589,15828.982235705,15828.556446774,15828.569764592,15828.978721967,15828.9787224,0.42583811599979526,0.013317818000359694,0.4089573749988631,0.0035133050005242694
758,0,16,0.348072457825765,0.005842628826940199,15829.123953005,15829.466182834,15829.124004574,15829.136955883,15829.462966918,15829.462967243,0.3422298289988248,0.01295130899961805,0.32601103500019235,0.003215590999388951
759,0,16,0.41986724990420043,0.07907788790362247,15829.687852002,15830.028641364,15829.687902271,15829.70182115,15830.025484926,15830.025485142,0.34078936200057797,0.013918878999902518,0.3236637760001031,0.003156222001052811
760,4,16,0.4609542079269886,0.07487811192731897,15830.260512864,15830.64658896,15830.260564325,15830.274030024,15830.643285399,15830.643285724,0.38607609599966963,0.013465698999425513,0.3692553750006482,0.0033032360006473027
761,1,16,0.3956879589240998,0.03289204192333273,15830.8267017,15831.189497617,15830.826775912,15830.84091851,15831.186271192,15831.186271517,0.3627959170007671,0.014142598000034923,0.3453526819994295,0.0032261000014841557
762,0,16,0.4068477910477668,0.06221025004742842,15831.397642582,15831.742280123,15831.397691768,15831.411265373,15831.739128451,15831.739128777,0.3446375410003384,0.013573605001511169,0.32786307799869974,0.0031513459998677718
763,0,16,0.4278912500012666,0.08351058000152989,15831.967519257,15832.311899927,15831.967568117,15831.980843141,15832.308788557,15832.308788882,0.3443806699997367,0.013275024000904523,0.3279454160001478,0.003111044999968726
764,0,16,0.41357279219664633,0.07049749119687476,15832.537908155,15832.880983456,15832.537957665,15832.551495302,15832.877895054,15832.877895704,0.34307530099977157,0.013537636999899405,0.32639975200072513,0.003087752000283217
765,1,16,0.4360466660000384,0.0730556329999672,15833.099564548,15833.462555581,15833.099614817,15833.113143244,15833.458962539,15833.458962973,0.3629910330000712,0.013528426999982912,0.34581929500018305,0.003592607999962638
766,0,16,0.42438133293762803,0.04756838293724286,15833.66368683,15834.04049978,15833.663735257,15833.676763595,15834.037234678,15834.037235112,0.37681295000038517,0.013028338000367512,0.36047108300044783,0.0032646679992467398
767,0,16,0.39573649992235005,0.049065773922848166,15834.236315082,15834.582985808,15834.236364809,15834.249675477,15834.579813553,15834.579813878,0.3466707259995019,0.013310668000485748,0.3301380760003667,0.003171930000462453
768,0,16,0.41727737500332296,0.071231545003684,15834.802772056,15835.148817886,15834.802820591,15834.816154335,15835.145771628,15835.145771953,0.34604582999963895,0.013333744000192382,0.3296172930004104,0.0030459329991572304
769,0,16,0.4216417090501636,0.07731737504946068,15835.368373915,15835.712698249,15835.368422667,15835.381799421,15835.709594355,15835.70959468,0.34432433400070295,0.013376754001001245,0.32779493399903004,0.003103569000813877
770,0,16,0.4208010418806225,0.07710832088014286,15835.93887061,15836.282563331,15835.938919904,15835.952395137,15836.279424227,15836.279424661,0.34369272100047965,0.013475232999553555,0.32702908999999636,0.003138670001135324
771,5,16,0.4628780409693718,0.07539181196807476,15836.509320177,15836.896806406,15836.50936958,15836.522668655,15836.893482477,15836.893482802,0.38748622900129703,0.013299074998940341,0.370813822000855,0.003323604001707281
772,1,16,0.38185537490062416,0.020230704900313867,15837.027599083,15837.389223753,15837.027649135,15837.040773677,15837.385937309,15837.385937634,0.3616246700003103,0.013124541999786743,0.3451636320005491,0.003286118999312748
773,0,16,0.41958537488244474,0.05616282888149726,15837.554718831,15837.918141377,15837.554767909,15837.568244226,15837.91497963,15837.914979955,0.3634225460009475,0.013476317000822746,0.34673540400035563,0.0031614220006304095
774,0,16,0.4188522920012474,0.0717299030002323,15838.122983648,15838.470106037,15838.123032075,15838.136567653,15838.467020885,15838.467021318,0.3471223890010151,0.01353557800030103,0.3304532319998543,0.00308471900098084
775,0,16,0.36903387517668307,0.024443029176836717,15838.690121095,15839.034711941,15838.690169739,15838.703616263,15839.031677925,15839.03167825,0.34459084599984635,0.013446523998936755,0.3280616620013461,0.0030336910003825324
776,5,16,0.40370454196818173,-0.00442837803166185,15839.198811188,15839.606944108,15839.198860266,15839.2121783,15839.603533617,15839.60353405,0.4081329199998436,0.013318033999894396,0.39135531700048887,0.0034100579996447777
777,0,16,0.3623575000092387,0.01747999000872369,15839.749753459,15840.094630969,15839.749803837,15839.762949288,15840.091555243,15840.091555568,0.34487751000051503,0.013145451001037145,0.3286059549991478,0.003075401000387501
778,0,16,0.340221666963771,-0.005766311036495608,15840.257352802,15840.60334078,15840.257421055,15840.270711247,15840.600324532,15840.600324965,0.3459879780002666,0.013290192000567913,0.3296132850009599,0.0030158150002534967
779,0,16,0.361499167047441,-0.003151826953398995,15840.742705513,15841.107356507,15840.742754157,15840.756087034,15841.104111665,15841.10411199,0.36465099400084,0.013332877000721055,0.3480246309991344,0.0032445169999846257
780,0,16,0.3771955829579383,0.01373609495749406,15841.24495305,15841.608412538,15841.245002127,15841.25846241,15841.605239199,15841.605239524,0.36345948800044425,0.013460283000313211,0.3467767889997049,0.003173013999912655
781,1,16,0.36123420810326934,0.007755824102787301,15841.762501971,15842.115980355,15841.762550073,15841.776185973,15842.112797157,15842.112797591,0.35347838400048204,0.013635900000736001,0.33661118400050327,0.0031827639995754
782,0,16,0.3399492499884218,-0.004415061010149657,15842.261390477,15842.605754788,15842.261440746,15842.274885753,15842.602707121,15842.602707446,0.34436431099857145,0.013445006999972975,0.32782136799869477,0.0030473419992631534
783,7,16,0.4509390420280397,-0.01681442697190505,15842.740805162,15843.208558631,15842.740854348,15842.754149631,15843.204833525,15843.20483385,0.46775346899994474,0.013295283000843483,0.4506838939996669,0.0037247809996188153
784,0,16,0.34050774993374944,-0.002450113066515769,15843.348916285,15843.691874148,15843.348966663,15843.362109406,15843.688768954,15843.68876917,0.3429578630002652,0.0131427430005715,0.32665954799995234,0.0031049780009198003
785,0,16,0.39015345787629485,0.04516262587640085,15843.836041737,15844.181032569,15843.836092006,15843.849410149,15844.177961718,15844.177962043,0.344990831999894,0.013318142999196425,0.3285515690004104,0.003070525999646634
786,0,16,0.33883808297105134,-0.007188897028754582,15844.363217171,15844.709244151,15844.363267332,15844.376958592,15844.706164633,15844.706165067,0.3460269799998059,0.013691259999177419,0.32920604100036144,0.0030790839991823304
787,2,16,0.47749412478879094,0.0763427447873255,15844.846854344,15845.248005724,15844.84690288,15844.860246916,15845.244634667,15845.244635101,0.40115138000146544,0.013344036000489723,0.3843877510007587,0.003370623000591877
788,6,16,0.4092911658808589,-0.0075641841194737935,15845.475844436,15845.892699786,15845.475892755,15845.489912281,15845.889205549,15845.889205874,0.4168553500003327,0.01401952600099321,0.3992932679993828,0.0034939119996124646
789,0,16,0.4048421250190586,0.04103487101929204,15846.030975502,15846.394782756,15846.031024579,15846.044338497,15846.391563157,15846.391563482,0.36380725399976654,0.013313917999767,0.34722465999948326,0.0032192740000027698
790,0,16,0.3321786248125136,-0.006338881188639789,15846.581972375,15846.920489881,15846.582024811,15846.595399723,15846.917244606,15846.917244931,0.3385175060011534,0.013374912001381745,0.32184488299935765,0.0032449499994982034
791,5,16,0.4108855838421732,-0.011173257158588967,15847.059234269,15847.48129311,15847.059283671,15847.072970706,15847.477688692,15847.477689017,0.4220588410007622,0.013687034999747993,0.40471798600083275,0.003604093000831199
792,4,16,0.4292604171205312,0.04333328612119658,15847.616637839,15848.00256497,15847.616687458,15847.630493557,15847.99921894,15847.99921959,0.3859271309993346,0.013806099001158145,0.3687253829994006,0.003345380000610021
793,0,16,0.35625674994662404,0.015893374946244876,15848.189201955,15848.52956533,15848.189250707,15848.203311835,15848.526485487,15848.526485812,0.34036337500037916,0.014061127998502343,0.32317365200105996,0.00307951799914008
794,1,16,0.35967233404517174,-0.0076682679555233335,15848.692399619,15849.059740221,15848.692448696,15848.706084595,15849.05633818,15849.056338505,0.36734060200069507,0.013635899000291829,0.35025358500024595,0.003401715999643784
795,0,16,0.3324642919469625,-0.0063009840523591265,15849.195633251,15849.534398527,15849.195683412,15849.209171321,15849.53125054,15849.531250865,0.3387652759993216,0.013487909000104992,0.3220792190004431,0.003147661998809781
796,2,16,0.39113233401440084,-0.014273492985012126,15849.664110637,15850.069516464,15849.664159823,15849.677781747,15850.065811942,15850.0658127,0.40540582699941297,0.01362192399938067,0.3880301950011926,0.0037037639995105565
797,0,16,0.33891075011342764,-0.004800279886694625,15850.204369121,15850.548080151,15850.204438999,15850.21814716,15850.544960223,15850.544960657,0.34371103000012226,0.013708160999158281,0.3268130630003725,0.003119494000202394
798,3,16,0.35934504214674234,-0.0059012718538724585,15850.68571082,15851.050957134,15850.685759031,15850.699287675,15851.047786828,15851.047787478,0.3652463140006148,0.013528643999961787,0.3484991530003754,0.003169655999954557
799,2,16,0.3713697090279311,-0.0059544899722823175,15851.184571808,15851.561896007,15851.184621319,15851.198346164,15851.558665465,15851.55866579,0.3773241990002134,0.013724844999160268,0.36031930100034515,0.0032302170002367347
800,5,16,0.38470645900815725,-0.00926002899177547,15851.698693662,15852.09266015,15851.698743606,15851.712537354,15852.089269484,15852.089269809,0.3939664879999327,0.01379374799944344,0.37673213000016403,0.0033903410003404133
801,0,16,0.34122258285060525,0.0030609678506152704,15852.23212217,15852.570283785,15852.232172114,15852.245701842,15852.567064619,15852.567064944,0.33816161499999,0.013529727999411989,0.32136277700010396,0.003218841000489192
802,0,16,0.33486945810727775,-0.0028354028927424224,15852.715958144,15853.053663005,15852.716031814,15852.729579093,15853.050611871,15853.050612196,0.3377048610000202,0.013547279000704293,0.3210327779997897,0.00305080899852328
803,1,16,0.34090841584838927,-0.00649727815107326,15853.190884371,15853.538290065,15853.190933449,15853.204491453,15853.535225931,15853.535226365,0.34740569399946253,0.013558004000515211,0.33073447800052236,0.0030636999999842374
804,0,16,0.3349417080171406,-0.004950395981722977,15853.675269187,15854.015161291,15853.675319131,15853.68926672,15854.011915799,15854.011916124,0.3398921039988636,0.01394758900096349,0.3226490789984382,0.003245166999477078
805,1,16,0.3438783751334995,-0.003177493867042358,15854.154206967,15854.501262836,15854.154254744,15854.167692385,15854.498149084,15854.498149517,0.34705586900054186,0.013437640998745337,0.33045669900093344,0.003113319000476622
806,0,16,0.3350082498509437,-0.005733660149417119,15854.637982813,15854.978724723,15854.638031674,15854.651923793,15854.975519641,15854.975520074,0.3407419100003608,0.013892119000956882,0.3235958479999681,0.003204648999599158
807,0,16,0.3358679998200387,-0.002897601179938647,15855.110426467,15855.449192068,15855.110475761,15855.124092376,15855.446165203,15855.446165419,0.3387656009999773,0.013616615000501042,0.32207282700073847,0.0030266489993664436
808,0,16,0.3427577919792384,-0.004600450021825964,15855.590131607,15855.937489849,15855.590181551,15855.603894263,15855.934447491,15855.934448033,0.34735824200106435,0.013712711999687599,0.3305532279991894,0.0030418160004046513
809,0,16,0.33452949998900294,-0.0037198690115474164,15856.075635017,15856.413884386,15856.075685069,15856.089211872,15856.410880488,15856.410880922,0.33824936900055036,0.013526803000786458,0.3216686159994424,0.0030034640003577806
810,0,16,0.33859629090875387,-0.0017311160918325186,15856.54408521,15856.884412617,15856.544136129,15856.557826198,15856.881325083,15856.881325516,0.3403274070005864,0.013690069001313532,0.3234988849999354,0.0030871010003465926
811,1,16,0.3590846660081297,0.0012261620086064795,15857.024438864,15857.382297368,15857.024486533,15857.038335534,15857.378994457,15857.378994782,0.35785850399952324,0.013849000999471173,0.34065892299986444,0.003302585999335861
812,0,16,0.34382745809853077,0.0055792800994822755,15857.531734643,15857.869982821,15857.531785129,15857.54552265,15857.866958772,15857.866959097,0.3382481779990485,0.013737520999711705,0.32143612199979543,0.0030237239989219233
813,0,16,0.3395050000399351,-0.008261351958935848,15858.012561519,15858.360327871,15858.012610597,15858.02648289,15858.357243045,15858.35724337,0.34776635199887096,0.0138722930005315,0.33076015500046196,0.0030845010005577933
814,0,16,0.36933108302764595,-0.011249224971834337,15858.493899102,15858.87447941,15858.493948288,15858.5076831,15858.871178015,15858.87117834,0.3805803079994803,0.013734812000620877,0.3634949150000466,0.003301070000816253
815,0,16,0.33320625009946525,-0.003664404899609508,15859.010272661,15859.347143316,15859.010322388,15859.024134771,15859.344122517,15859.344122842,0.33687065499907476,0.013812383000185946,0.31998774600106117,0.0030204739996406715
816,0,16,0.3305287081748247,-0.006318003825072083,15859.482985102,15859.819831814,15859.483033529,15859.496600959,15859.81672597,15859.816726295,0.3368467119998968,0.013567429999966407,0.3201250109996181,0.003105519001110224
817,3,16,0.4173469999805093,-0.012477101019612746,15859.951690215,15860.381514316,15859.951752835,15859.965743217,15860.377830921,15860.377831354,0.429824101000122,0.013990381999974488,0.4120877039986226,0.003682962000311818
818,0,16,0.34434220800176263,-0.0036791729980905075,15860.521945857,15860.869967238,15860.521993743,15860.536024644,15860.866759664,15860.866759989,0.34802138099985314,0.01403090100029658,0.33073502000115695,0.0032072490012069466
819,3,16,0.37118666688911617,0.002072781890092301,15861.007840693,15861.376954578,15861.007889337,15861.021706487,15861.373660875,15861.3736612,0.36911388499902387,0.013817150000249967,0.35195438800110423,0.0032933780003077118
820,0,16,0.34230804187245667,0.0031745238720759517,15861.528392971,15861.867526489,15861.528441506,15861.542168843,15861.864382185,15861.86438251,0.3391335180003807,0.013727337000091211,0.32221334200039564,0.0031439790000149515
821,0,16,0.3713027089834213,0.01691764098359272,15862.029723856,15862.384108924,15862.029771417,15862.044708026,15862.380854765,15862.380855198,0.3543850679998286,0.014936609000869794,0.3361467390004691,0.0032537259994569467
822,0,16,0.33876033313572407,-0.002981755864311708,15862.521695608,15862.863437697,15862.521745985,15862.535660422,15862.860413432,15862.860413865,0.3417420890000358,0.013914437000494218,0.32475300999976753,0.0030238319995987695
823,1,16,0.3429095831234008,-0.00885846287746972,15862.99889109,15863.350659136,15862.998939951,15863.012920583,15863.347566401,15863.347566834,0.3517680460008705,0.013980632000311743,0.33464581800035376,0.0030923020003683632
824,0,16,0.3365929159335792,-0.007079221066305763,15863.482818393,15863.82649053,15863.482867687,15863.496738464,15863.823471682,15863.823472007,0.34367213699988497,0.013870777000192902,0.32673321800029953,0.003018523000719142
825,1,16,0.4009473330806941,0.004481480080357869,15863.970607742,15864.367073595,15863.970657253,15863.98468447,15864.363771442,15864.363771767,0.3964658530003362,0.01402721700105758,0.3790869719996408,0.0033018279991665622
826,0,16,0.3349941249471158,-0.009015053052280564,15864.508533267,15864.852542445,15864.508581694,15864.522747585,15864.849269002,15864.849269327,0.34400917799939634,0.014165890999720432,0.3265214169987303,0.0032731179999245796
827,0,16,0.339057374978438,-0.003996042021753965,15864.990117645,15865.333171062,15864.990166289,15865.004146921,15865.329959046,15865.329959479,0.343053417000192,0.013980631998492754,0.32581212500008405,0.0032115829999384005
828,0,16,0.3365760841406882,-0.006437247859139461,15865.469724306,15865.812737638,15865.469772625,15865.483803092,15865.809655953,15865.809656386,0.34301333199982764,0.014030467000338831,0.325852861000385,0.003081251999901724
829,3,16,0.4501926249358803,0.06127903893684561,15865.9466341,15866.335547686,15865.946683719,15865.960617549,15866.332234374,15866.332234699,0.3889135859990347,0.013933830001406022,0.3716168249993643,0.00331298699893523
830,0,16,0.4140721659641713,0.07049309096328216,15866.558270012,15866.901849087,15866.558319631,15866.572522357,15866.898786469,15866.898786903,0.34357907500088913,0.014202726000803523,0.32626411199998984,0.00306218399964564
831,0,16,0.36015204107388854,-0.0022601409273192985,15867.111298229,15867.473710411,15867.111347632,15867.125262177,15867.470262543,15867.470262868,0.36241218200120784,0.013914544999352074,0.34500036600002204,0.003447543000220321
832,0,16,0.45281095802783966,0.10813647402756033,15867.680153923,15868.024828407,15867.680203325,15867.694992378,15868.021635025,15868.02163535,0.34467448400027934,0.014789052998821717,0.3266426469999715,0.0031930570003169123
833,0,16,0.33765333401970565,-0.0059059149789391086,15868.213179521,15868.55673877,15868.21322849,15868.227700436,15868.553486452,15868.553486777,0.34355924899864476,0.014471946000412572,0.32578601599925605,0.0032519929991394747
834,0,16,0.4805735421832651,0.1351066721836105,15868.749035242,15869.094502112,15868.749084319,15868.763651278,15869.091388684,15869.091389009,0.3454668699996546,0.014566959000148927,0.3277374059998692,0.003113103000941919
835,1,16,0.3617190420627594,-0.0008702729373908369,15869.3280911,15869.690680415,15869.328138769,15869.34242004,15869.687230922,15869.687231247,0.36258931500015024,0.014281271000072593,0.34481088199936494,0.003449167999860947
836,5,16,0.49799099983647466,0.050411541837092955,15869.900757054,15870.348336512,15869.90081664,15869.915005498,15870.344762755,15870.344763188,0.4475794579993817,0.014188858000125038,0.42975725699943723,0.003573323998352862
837,2,16,0.39145770901814103,0.010402770018117735,15870.492924237,15870.873979176,15870.492972881,15870.507139964,15870.870681031,15870.870681356,0.3810549390000233,0.01416708299984748,0.36354106699945987,0.003297819999716012
838,2,16,0.37907387502491474,-0.005125367973960238,15871.034929568,15871.419128811,15871.034979837,15871.049746248,15871.415846592,15871.415846917,0.384199242998875,0.014766410999072832,0.36610034400109726,0.003281893999883323
839,0,16,0.351618624990806,-0.011064727010307251,15871.549234948,15871.9119183,15871.549282942,15871.563565513,15871.90859578,15871.908596213,0.36268335200111324,0.014282571000876487,0.3450302669989469,0.003322087000924512
840,0,16,0.34239591704681516,-0.0021821449518029112,15872.05016704,15872.394745102,15872.05021655,15872.064377457,15872.391668076,15872.391668401,0.34457806199861807,0.014160906999677536,0.32729061899954104,0.003076700999372406
841,4,16,0.3995511250104755,-0.009411124990947428,15872.533854807,15872.942817057,15872.533904859,15872.547977687,15872.939350012,15872.939350337,0.40896225000142294,0.014072828000280424,0.3913723250007024,0.003466720001597423
842,3,16,0.42486495804041624,0.033151475039630895,15873.08050287,15873.472216353,15873.080551297,15873.094789233,15873.468706515,15873.468707165,0.39171348300078535,0.014237936000426998,0.37391728199872887,0.003509187999952701
843,0,16,0.3379512920510024,-0.006122455950389849,15873.650801847,15873.994875595,15873.650851683,15873.665345839,15873.991606701,15873.991607026,0.34407374800139223,0.014494155999273062,0.3262608620007086,0.0032685690002836054
844,0,16,0.3421817079652101,-0.002735779034992447,15874.131037629,15874.475955116,15874.131087465,15874.145687034,15874.472690339,15874.472690773,0.3449174870002025,0.014599568999983603,0.3270033049993799,0.0032643430004100082
845,2,16,0.4432035000063479,0.06181845500759664,15874.616111044,15874.997496089,15874.616160121,15874.630443125,15874.994016694,15874.994017236,0.38138504499875125,0.014283003998571075,0.3635735690004367,0.003478852999251103
846,4,16,0.4155640839599073,-0.010989065040121204,15875.206244391,15875.63279754,15875.206294227,15875.22058319,15875.629114145,15875.62911447,0.4265531490000285,0.014288962998762145,0.4085309550009697,0.0036830699991696747
847,0,16,0.33665129099972546,-0.007825909000530373,15875.767715525,15876.112192725,15875.767764928,15875.782218998,15876.108888513,15876.108888838,0.34447720000025583,0.014454070000283537,0.32666951499959396,0.003303887000583927
848,0,16,0.33635233296081424,-0.007797143040079391,15876.242614451,15876.586763927,15876.242663203,15876.25691479,15876.583384529,15876.583384962,0.34414947600089363,0.01425158699930762,0.3264697390004585,0.0033789650005928706
849,0,16,0.3433944999706,-0.001686253030129592,15876.726467109,15877.071547862,15876.726516728,15876.741495156,15877.068401608,15877.068401933,0.3450807530007296,0.014978428000176791,0.3269064519990934,0.0031459290003112983
850,7,16,0.44374583289027214,-0.014033140108949738,15877.20355512,15877.661334093,15877.203606581,15877.218377758,15877.657676157,15877.65767659,0.4577789729992219,0.014771176998692681,0.4392983990001085,0.0036575029989762697
851,0,16,0.42167933308519423,0.06669753808455425,15877.854534974,15878.209516769,15877.854584701,15877.86907929,15878.206200315,15878.206200965,0.35498179500064,0.014494589000605629,0.33712102500066976,0.0033158040005218936
852,0,16,0.34794729202985764,-0.006136377969596651,15878.368501254,15878.722584924,15878.368550223,15878.383471557,15878.71914854,15878.719148973,0.3540836699994543,0.01492133399915474,0.33567698300066695,0.0034359510009380756
853,0,16,0.3469860421027988,0.0010856021035579033,15878.86588429,15879.21178473,15878.865934234,15878.880179861,15879.208296019,15879.208296452,0.3459004399992409,0.014245627000491368,0.32811615799982974,0.0034882780000771163
854,0,16,0.3370155419688672,-0.007155277031415608,15879.348730593,15879.692901412,15879.348780428,15879.363122477,15879.689787334,15879.689787659,0.3441708190002828,0.014342049000333645,0.32666485700065095,0.0031137530004343716
855,1,16,0.3445367079693824,-0.009118593030507327,15879.823744682,15880.177399983,15879.823793435,15879.838106882,15880.174111155,15880.174111589,0.35365530099988973,0.01431344699994952,0.3360042730000714,0.003288394000264816
856,1,16,0.40667616622522473,-0.012830113773816265,15880.309557615,15880.729063895,15880.309607667,15880.324054804,15880.725548857,15880.725549182,0.419506279999041,0.014447136998569476,0.4014940530014428,0.0035147130001860205
857,2,16,0.36280791694298387,-0.009050070057128323,15880.865229288,15881.237087275,15880.865279449,15880.879767754,15881.233784255,15881.23378458,0.3718579870001122,0.014488304999758839,0.35401650099993276,0.003302695000456879
858,0,16,0.33516333322040737,-0.007505265779400361,15881.368887065,15881.711555664,15881.368936684,15881.383359228,15881.708293813,15881.708294138,0.3426685989998077,0.014422543999899062,0.3249345849999372,0.003261526000642334
859,0,16,0.3444595418404788,-0.0009185991584672593,15881.845304353,15882.190682494,15881.845353755,15881.860036528,15882.187446103,15882.187446428,0.34537814099894604,0.014682773000458837,0.32740957500027434,0.003236065998862614
860,0,16,0.37803204101510346,0.02480597701651277,15882.365778085,15882.719004149,15882.365827271,15882.380653159,15882.715809684,15882.715810117,0.3532260639985907,0.014825887999904808,0.3351565249995474,0.0031940319986460963
861,0,16,0.33833666588179767,-0.003978642118454445,15882.860549083,15883.202864391,15882.860643121,15882.87503468,15883.199687043,15883.199687368,0.3423153080002521,0.014391559001524001,0.32465236299867684,0.0031770229998073773
862,2,16,0.37008512509055436,-0.011092451910371892,15883.337203632,15883.718381209,15883.337253468,15883.351734189,15883.714960209,15883.714960534,0.38117757700092625,0.014480720999927144,0.3632260199992743,0.0034206750005978392
863,0,16,0.3463097079657018,0.0010947239661618369,15883.859616837,15884.204831821,15883.859669598,15883.874340562,15884.201577012,15884.201577337,0.34521498399954,0.014670964001197717,0.3272364499989635,0.0032544839996262453
864,0,16,0.36839262512512505,-0.009063746874744538,15884.33951612,15884.716972492,15884.339566714,15884.354438754,15884.71363307,15884.713633395,0.3774563719998696,0.014872040001137066,0.35919431599904783,0.0033390970002074027
865,0,16,0.33782300003804266,-0.006387036963133141,15884.853558996,15885.197769033,15884.853609806,15884.868509689,15885.19466373,15885.194664055,0.3442100370011758,0.014899883000907721,0.3261540410003363,0.0031049780009198003
866,0,16,0.3468646251130849,-0.00019741988580790348,15885.339505509,15885.686567554,15885.339555236,15885.353998798,15885.683387606,15885.683387931,0.3470620449988928,0.014443562000451493,0.3293888080006582,0.0031796229995961767
867,0,16,0.349782207980752,-0.00355739501901553,15885.823071612,15886.176411215,15885.823120906,15885.837609862,15886.172968113,15886.172968438,0.3533396029997675,0.014488955999695463,0.3353582510007982,0.0034427769987814827
868,0,16,0.33671858301386237,-0.007234366987177054,15886.312209557,15886.656162507,15886.312259934,15886.326742498,15886.653056121,15886.653056771,0.3439529500010394,0.014482563999990816,0.3263136229998054,0.003105736001089099
869,0,16,0.47026329208165407,0.12726751108311873,15886.871032577,15887.214028358,15886.871081437,15886.885781111,15887.210939414,15887.210940064,0.34299578099853534,0.01469967399862071,0.32515830300144444,0.0030882939990988234
870,0,16,0.34920108295045793,-0.0025098690512095345,15887.411174488,15887.76288544,15887.411225515,15887.426866433,15887.759714485,15887.759715026,0.35171095200166747,0.015640917999917292,0.33284805200128176,0.0031704140001238557
871,0,16,0.33761141705326736,-0.0065425009470345685,15887.897383397,15888.241537315,15887.897432366,15887.912376126,15888.238443713,15888.238444146,0.34415391800030193,0.014943759999368922,0.3260675870005798,0.0030931689998396905
872,2,16,0.38218212500214577,-0.00861427299787465,15888.378133028,15888.768929426,15888.378182213,15888.392836277,15888.765525002,15888.765525435,0.3907963980000204,0.014654063999842037,0.3726887249995343,0.003403991000595852
873,0,16,0.3574794160667807,0.01344163706744439,15888.90086789,15889.244905669,15888.900917617,15888.915411339,15889.241806758,15889.241807192,0.3440377789993363,0.014493721999315312,0.32639541900061886,0.0030984770000941353
874,2,16,0.4016284588724375,-0.00021076012853882276,15889.413554694,15889.815393913,15889.413628472,15889.428650886,15889.811997397,15889.811997722,0.4018392190009763,0.01502241399975901,0.38334651100012707,0.003396191001229454
875,0,16,0.34196599991992116,-0.005115329080581432,15889.953007031,15890.30008836,15889.953159247,15889.968078197,15890.296912855,15890.296913396,0.3470813290005026,0.014918950000719633,0.3288346579993231,0.003174964000209002
876,0,16,0.3513774168677628,0.008577077867812477,15890.452164866,15890.794965205,15890.45221546,15890.46686389,15890.791541496,15890.791541929,0.3428003389999503,0.01464843000030669,0.3246776060004777,0.003423275999011821
877,6,16,0.4280889998190105,-0.010547885181949823,15890.926700425,15891.36533731,15890.926750694,15890.941873321,15891.361697141,15891.361697466,0.4386368850009603,0.015122627000891953,0.4198238199987827,0.0036398440006450983
878,3,16,0.36335241608321667,-0.00921930391814385,15891.50366492,15891.87623664,15891.503715622,15891.51824618,15891.872940879,15891.872941637,0.3725717200013605,0.014530557999023586,0.3546946990009019,0.0032950029999483377
879,0,16,0.34240991715341806,-0.0016642638474877458,15892.013414346,15892.357488527,15892.013464182,15892.028387249,15892.354322664,15892.354322989,0.3440741810009058,0.014923066999472212,0.3259354149995488,0.003165538000757806
880,3,16,0.42518416699022055,0.05195526699026232,15892.560029258,15892.933258158,15892.560078444,15892.57505308,15892.929958172,15892.929958605,0.37322889999995823,0.014974636000260944,0.3549050920009904,0.003299553000033484
881,0,16,0.3388954158872366,-0.005382441113397363,15893.069596676,15893.413874533,15893.069646403,15893.084361461,15893.410682776,15893.410683101,0.34427785700063396,0.014715057999637793,0.3263213150003139,0.0031914320006762864
882,0,16,0.34194774995557964,-0.0029051670444459887,15893.551118542,15893.895971459,15893.551167944,15893.56581074,15893.892838639,15893.892838964,0.3448529170000256,0.014642795998952352,0.3270278990003135,0.0031324949995905627
883,0,16,0.3502246669959277,-0.004974455005140044,15894.037118575,15894.392317697,15894.037169385,15894.051940129,15894.389100048,15894.389100373,0.35519912200106774,0.014770744000998093,0.33715991899953224,0.003217323999706423
884,0,16,0.3377048750407994,-0.006402023958798964,15894.529371356,15894.873478255,15894.529420758,15894.544335483,15894.870192461,15894.870192894,0.34410689899959834,0.014914725001290208,0.3258569779991376,0.0032853609991434496
885,5,16,0.4014978751074523,-0.009209488891428919,15895.004412205,15895.415119569,15895.004462149,15895.019481529,15895.41146445,15895.411464775,0.4107073639988812,0.015019380000012461,0.39198292100081744,0.0036547939998854417
886,1,16,0.3545401250012219,-0.00023983599930943456,15895.554177596,15895.908957557,15895.554227432,15895.569029268,15895.905634928,15895.905635253,0.35477996100053133,0.014801835999605828,0.3366056600007141,0.0033223039990843972
887,2,16,0.3794097921345383,-0.0070018278656789334,15896.0519461,15896.43835772,15896.051994744,15896.068822183,15896.434884067,15896.4348845,0.3864116200002172,0.016827438999825972,0.36606188400037354,0.0034732200001599267
888,4,16,0.3900348749011755,-0.005330260099071893,15896.580068087,15896.975433222,15896.580118681,15896.594910767,15896.971917318,15896.971917534,0.3953651350002474,0.014792085999943083,0.37700655099979485,0.003515688000334194
889,0,16,0.3566061251331121,-0.007609673866681987,15897.110495947,15897.474711746,15897.110544591,15897.125659201,15897.471071794,15897.471072227,0.36421579899979406,0.01511460999972769,0.3454125930002192,0.0036395189999893773
890,0,16,0.3562192500103265,0.010639816009643255,15897.624431134,15897.970010568,15897.624481078,15897.639547911,15897.966708957,15897.966709282,0.34557943400068325,0.015066832998854807,0.32716104599967366,0.003301286000350956
891,0,16,0.3511452910024673,-0.003118654998615966,15898.110375264,15898.46463921,15898.110424233,15898.125378935,15898.461413543,15898.461413868,0.35426394600108324,0.014954701999158715,0.336034608000773,0.0032253419994958676
892,0,16,0.33671445888467133,-0.006506232115498278,15898.603321628,15898.946542319,15898.603370705,15898.618226277,15898.943364105,15898.94336443,0.3432206910001696,0.014855572000669781,0.3251378280001518,0.0031778889988345327
893,1,16,0.3568387080449611,-0.006378860955010168,15899.08188369,15899.445101259,15899.081932442,15899.096770681,15899.441760104,15899.441760538,0.36321756899997126,0.014838238999800524,0.3449894229997881,0.0033407209994038567
894,0,16,0.3385000410489738,-0.007210590951217455,15899.580993856,15899.926704488,15899.581043908,15899.595967842,15899.923199742,15899.923200175,0.34571063200019125,0.014923934000762529,0.32723189999887836,0.003504312999211834
895,0,16,0.4019207500386983,0.0543127880373504,15900.060286769,15900.407894731,15900.060336605,15900.075419796,15900.404556392,15900.404557042,0.3476079620013479,0.01508319099957589,0.32913659600126266,0.0033376890005456517
896,0,16,0.3437474169768393,-0.00417515902336163,15900.613351172,15900.961273748,15900.613400466,15900.628419196,15900.95801753,15900.958017963,0.34792257600020093,0.015018730000520009,0.32959833399945637,0.0032557850008743117
897,1,16,0.3693860829807818,0.009793839979465702,15901.099167137,15901.45875938,15901.09921719,15901.114549668,15901.455513779,15901.455514213,0.3595922430013161,0.015332478000345873,0.34096411099926627,0.0032451670012960676
898,0,16,0.3465671669691801,0.000994882970189792,15901.615452292,15901.961024576,15901.615540046,15901.630391285,15901.957873013,15901.957873338,0.3455722839989903,0.01485123900056351,0.32748172799983877,0.0031512379991909256
899,1,16,0.3575197500176728,-0.005479191982885823,15902.101302276,15902.464301218,15902.101349728,15902.116358599,15902.460857467,15902.460857792,0.3629989420005586,0.015008870999736246,0.3444988680003007,0.0034434259996487526
900,0,16,0.3383873749990016,-0.006027962999723968,15902.600203349,15902.944618687,15902.600254268,15902.615633981,15902.941473408,15902.941473733,0.3444153379987256,0.015379713000584161,0.3258394269996643,0.0031449539983441355
901,0,16,0.34031308302655816,-0.004533116973107099,15903.079377848,15903.424224048,15903.079426058,15903.09469505,15903.421000548,15903.421000982,0.34484619999966526,0.015268991999619175,0.32630549799978326,0.0032230659999186173
902,0,16,0.34101554099470377,-0.006522001005578204,15903.554654983,15903.902192525,15903.554706227,15903.569376541,15903.898949199,15903.898949524,0.347537542000282,0.014670313999886275,0.32957265799996094,0.0032430009996460285
903,1,16,0.41652491712011397,0.0511008211196895,15904.042481167,15904.407905263,15904.042530461,15904.057609427,15904.404501489,15904.404501814,0.36542409600042447,0.015078966000146465,0.34689206199982436,0.003403448999961256
904,1,16,0.34824841609224677,-0.006314867907349253,15904.602356044,15904.956919328,15904.602403713,15904.617829362,15904.953571239,15904.953571564,0.354563283999596,0.015425649000462727,0.3357418770010554,0.0033477640008641174
905,2,16,0.3823174580466002,-0.009179456952551845,15905.090093065,15905.48158998,15905.090142143,15905.105225984,15905.478146553,15905.478146878,0.39149691499915207,0.015083840999068343,0.37292056899968884,0.0034431019994372036
906,0,16,0.3428639580961317,-0.0044651399039139505,15905.621506047,15905.968835145,15905.621555557,15905.636606031,15905.965620746,15905.965621071,0.34732909800004563,0.01505047399950854,0.32901471500008483,0.003214074000425171
907,0,16,0.3373167079407722,-0.008692396058904706,15906.103047197,15906.449056301,15906.103095625,15906.118395276,15906.445667152,15906.445667477,0.3460091039996769,0.015299651000532322,0.3272718759999407,0.003388823999557644
908,0,16,0.3533692080527544,-0.010506408947549062,15906.578003434,15906.941879051,15906.578052511,15906.593186405,15906.938569747,15906.938570072,0.36387561700030346,0.015133893999518477,0.3453833420007868,0.003308979001303669
909,3,16,0.48315470782108605,0.1006498768201709,15907.125435,15907.507939831,15907.125484728,15907.140411479,15907.504576792,15907.504577117,0.38250483100091515,0.014926751000530203,0.36416531299983035,0.003362714000104461
910,0,16,0.3456369168125093,-0.0013921931877121096,15907.7145452,15908.06157431,15907.714592869,15907.730127832,15908.058368903,15908.058369336,0.3470291100002214,0.015534962998572155,0.32824107100168476,0.0032049740002548788
911,0,16,0.4670167500153184,0.1217157450155355,15908.252549379,15908.597850384,15908.252648726,15908.267919451,15908.594662094,15908.594662419,0.3453010049997829,0.015270724999936647,0.32674264299930655,0.0031879649995971704
912,0,16,0.34531716583296657,-0.001422572166120517,15908.820220718,15909.166960456,15908.820269903,15908.835672043,15909.163798384,15909.163798926,0.3467397379990871,0.015402139999423525,0.32812634099900606,0.003161529999488266
913,4,16,0.41052970802411437,-0.015279047976946458,15909.302278426,15909.728087182,15909.302329995,15909.317483715,15909.724320041,15909.724320366,0.42580875600106083,0.01515371999994386,0.406836325999393,0.003766816000279505
914,2,16,0.36452454095706344,-0.011676080042889225,15909.85748652,15910.233687141,15909.857536355,15909.872720301,15910.230309368,15910.230309693,0.37620062099995266,0.01518394599952444,0.3575890669999353,0.0033774479998101015
915,0,16,0.3419841250870377,-0.0055076979133446,15910.369461974,15910.716953797,15910.36951181,15910.384978302,15910.713596283,15910.713596608,0.3474918230003823,0.015466491999177379,0.3286179810002068,0.0033571889998711413
916,2,16,0.36649299995042384,-0.007358630049566273,15910.855297332,15911.229148962,15910.855345868,15910.87070348,15911.225570437,15911.225570979,0.3738516299999901,0.0153576120010257,0.3548669569991034,0.003577982999559026
917,0,16,0.3504830829333514,-0.0043812740659632254,15911.365236784,15911.720101141,15911.365286728,15911.380381295,15911.716386543,15911.716386868,0.3548643569993146,0.015094566999323433,0.3360052480002196,0.003714272999786772
918,0,16,0.34029749990440905,-0.008862950095135602,15911.850875075,15912.200035525,15911.850938778,15911.866129874,15912.196840735,15912.196841169,0.34916044999954465,0.015191096001217375,0.3307108609988063,0.0031943560006766347
919,2,16,0.3612150838598609,-0.002766054140010965,15912.341115796,15912.705096934,15912.341164765,15912.356436898,15912.701805398,15912.701805831,0.36398113799987186,0.015272133001417387,0.3453684999985853,0.003291102999355644
920,0,16,0.3440096250269562,-0.00023117997261579148,15912.846426816,15913.190667621,15912.84647611,15912.861817039,15913.187434371,15913.187434696,0.344240804999572,0.015340928999648895,0.3256173320005473,0.00323292500070238
921,4,16,0.3823432500939816,-0.010170528905291576,15913.328233504,15913.720747283,15913.328281931,15913.343491229,15913.71728338,15913.717283705,0.3925137789992732,0.015209297998808324,0.3737921510000888,0.0034635779993550386
922,0,16,0.3957875419873744,0.04822898298880318,15913.901077783,15914.248636342,15913.901126535,15913.916268013,15914.245162689,15914.245163014,0.34755855899857124,0.015141477999350172,0.3288946760003455,0.0034733279990177834
923,0,16,0.33882916695438325,-0.0067076900450047106,15914.395034618,15914.740571475,15914.395084237,15914.410447483,15914.73693239,15914.736932715,0.34553685699938796,0.015363246000561048,0.3264849070001219,0.0036387599993759068
924,3,16,0.4487960000988096,0.07346197809965815,15914.874424711,15915.249758733,15914.874473788,15914.889999108,15915.246363409,15915.246363843,0.37533402199915145,0.015525319999142084,0.35636430100021244,0.0033948899999813875
925,0,16,0.349355333019048,0.0032099390191433486,15915.477349351,15915.823494745,15915.477399729,15915.492832637,15915.820177425,15915.820177858,0.3461453939999046,0.01543290800145769,0.3273447879982996,0.0033168869995279238
926,0,16,0.3424592500086874,-0.005327143990143668,15915.965323201,15916.313109595,15915.965373036,15915.980910491,15916.309918922,15916.309919247,0.34778639399883104,0.015537454999503097,0.32900843099923804,0.003190347999407095
927,0,16,0.35013104206882417,0.005166103068404482,15916.449456022,15916.794420961,15916.449506616,15916.464939957,15916.79103257,15916.791032895,0.3449649390004197,0.015433341000971268,0.3260926129987638,0.0033880659993883455
928,0,16,0.3534872909076512,0.007328896906983573,15916.943960507,15917.290118901,15916.944011426,15916.959451918,15917.286838849,15917.286839283,0.3461583940006676,0.015440491999470396,0.3273869310014561,0.0032796180003060726
929,14,16,0.5284254169091582,-0.014995247089245822,15917.444659238,15917.988079902,15917.444707882,15917.4601708,15917.98387789,15917.983878215,0.543420663998404,0.015462917999684578,0.5237070900002436,0.004201686999294907
930,0,16,0.3493550419807434,0.002613894981550402,15918.125738847,15918.472479994,15918.125789116,15918.142101731,15918.469197666,15918.469197883,0.346741146999193,0.01631261500006076,0.32709593499930634,0.003282110999862198
931,1,16,0.37680420908145607,0.022913164082638104,15918.613689837,15918.967580882,15918.613739239,15918.629245275,15918.964286312,15918.964286746,0.35389104499881796,0.015506036001170287,0.3350410370003374,0.003294135998658021
932,2,16,0.4251227080821991,-0.009835980918069254,15919.137170934,15919.572129623,15919.137219794,15919.152690187,15919.568225325,15919.568225867,0.43495868900026835,0.015470393000214244,0.4155351379995409,0.003903755999999703
933,3,16,0.36605112510733306,-0.008012954893274582,15919.709014383,15920.083078463,15919.709064002,15919.724337218,15920.079434177,15920.079434503,0.37406408000060765,0.015273216000423417,0.35509695899963845,0.0036439599989535054
934,4,16,0.4138178750872612,-0.013261040912766475,15920.216484586,15920.643563502,15920.216535614,15920.232156272,15920.639887148,15920.639887473,0.4270789160000277,0.01562065800135315,0.40773087599882274,0.0036760290004167473
935,2,16,0.37783937505446374,-0.005681127944626496,15920.782698449,15921.166218952,15920.782747093,15920.798197768,15921.162681054,15921.162681379,0.38352050299909024,0.015450674998646718,0.3644832860009046,0.0035375729985389626
936,5,16,0.3946407081093639,-0.0071398998916265555,15921.30329287,15921.705073478,15921.303342381,15921.318857951,15921.701596684,15921.701597009,0.40178060800099047,0.015515570001298329,0.3827387330002239,0.003476469000815996
937,0,16,0.3647882919758558,0.01925230197593919,15921.839004826,15922.184540816,15921.83905347,15921.854625051,15922.181305399,15922.181305724,0.34553598999991664,0.01557158100149536,0.3266803480000817,0.003235092000977602
938,0,16,0.41755987517535686,0.06264015717533766,15922.348656097,15922.703575815,15922.348704958,15922.364229412,15922.700123396,15922.70012383,0.3549197180000192,0.015524454000114929,0.3358939839999948,0.003451984999628621
939,3,16,0.42241504206322134,0.025503484062937787,15922.947434954,15923.344346512,15922.947511875,15922.963343359,15923.340864842,15923.340865167,0.39691155800028355,0.015831484000955243,0.3775214830002369,0.0034813450001820456
940,0,16,0.3477361670229584,-0.006999049977821414,15923.480924999,15923.835660216,15923.480999427,15923.496493113,15923.83237518,15923.832375614,0.3547352170007798,0.015493685999899753,0.33588206700005685,0.0032846020003489684
941,2,16,0.4501159999053925,0.06526401890550915,15924.02979324,15924.414645221,15924.029842101,15924.045551488,15924.41119757,15924.411198003,0.3848519809998834,0.015709387000242714,0.3656460820002394,0.0034472180013835896
942,4,16,0.3982389159500599,-0.009686969049653271,15924.573977906,15924.981903791,15924.574026116,15924.589706035,15924.978370443,15924.978370768,0.40792588499971316,0.015679918999012443,0.38866440799938573,0.003533023000272806
943,0,16,0.4413145000580698,0.09502989105749293,15925.198634571,15925.54491918,15925.198682349,15925.214282206,15925.54168138,15925.541681813,0.3462846090005769,0.015599856998960604,0.327399174000675,0.0032373670001106802
944,2,16,0.48436250002123415,0.09262691602089035,15925.717104911,15926.108840495,15925.717152905,15925.733190557,15926.105217443,15926.105217768,0.3917355840003438,0.016037652001614333,0.37202688599973044,0.003622727001129533
945,2,16,0.3601992081385106,-0.0033586518620722927,15926.352542002,15926.716099862,15926.352591079,15926.368335676,15926.712814284,15926.712814609,0.3635578600005829,0.01574459699986619,0.3444786079999176,0.003285253000285593
946,2,16,0.45356645807623863,0.08893149807590817,15926.85364646,15927.21828142,15926.853697704,15926.869372531,15927.215016102,15927.215016427,0.36463496000033047,0.01567482700011169,0.3456435709995276,0.0032649929999024607
947,0,16,0.34257191698998213,-0.0034975320086232387,15927.458100297,15927.804169746,15927.458166492,15927.473851611,15927.800915261,15927.800915586,0.34606944899860537,0.015685118998590042,0.3270636500001274,0.0032541599994146964
948,4,16,0.43977987486869097,-0.014711896132212132,15927.93811431,15928.392606081,15927.938164579,15927.953724568,15928.388789104,15928.388789429,0.4544917710009031,0.015559989000394125,0.43506453599911765,0.0038166520007507643
949,0,16,0.384697999805212,0.03792456880546524,15928.573698742,15928.920472173,15928.573747711,15928.589731302,15928.917286808,15928.917287133,0.3467734309997468,0.01598359099989466,0.3275555060008628,0.0031850400009716395
950,0,16,0.3587795419152826,-0.0058005990849778755,15929.057355415,15929.421935556,15929.057405143,15929.073030134,15929.418598085,15929.41859841,0.3645801410002605,0.01562499100145942,0.34556795099888404,0.003337145999466884
951,0,16,0.34982654196210206,0.00477363196114311,15929.567118059,15929.912170969,15929.56716757,15929.582866123,15929.908950827,15929.908951153,0.34505291000095895,0.015698553001129767,0.32608470400009537,0.0032198160006373655
952,0,16,0.33871029200963676,-0.007582983989777858,15930.050779933,15930.397073209,15930.050864004,15930.066683354,15930.393738879,15930.393739204,0.3462932759994146,0.015819349999219412,0.32705552500010526,0.003334004999487661
953,1,16,0.43764549982734025,0.0819885398268525,15930.545301753,15930.900958713,15930.545350288,15930.561182423,15930.89769762,15930.897697945,0.35565696000048774,0.015832135000891867,0.3365151969992439,0.0032607680004730355
954,0,16,0.3491014998871833,-0.006960212112971931,15931.118658147,15931.474719859,15931.118707224,15931.134528633,15931.471436232,15931.471436557,0.35606171200015524,0.015821408998817788,0.3369075989994599,0.003283301999545074
955,2,16,0.3724721670150757,-0.009268444984627422,15931.612469917,15931.994210529,15931.612518777,15931.628172045,15931.990765477,15931.990765802,0.3817406119997031,0.015653268001187826,0.3625934319989028,0.0034447269990778295
956,0,16,0.34455400006845593,-0.0037688869324483676,15932.129618636,15932.477941523,15932.12966728,15932.145683373,15932.474745541,15932.474746083,0.3483228870009043,0.01601609300087148,0.3290621679989272,0.003195440000126837
957,0,16,0.3433821250218898,-0.004000709979663952,15932.614416763,15932.961799598,15932.614466382,15932.63015421,15932.958588124,15932.958588449,0.34738283500155376,0.01568782799949986,0.32843391400092514,0.003211148999980651
958,1,16,0.39716587495058775,0.03319827995073865,15933.119285763,15933.483253358,15933.119333865,15933.135298389,15933.479905053,15933.479905378,0.3639675949998491,0.015964524000082747,0.3446066640008212,0.003347979998579831
959,3,16,0.43320654216222465,0.058021160160933505,15933.642667297,15934.017852679,15933.642717132,15933.658676239,15934.014180659,15934.014180984,0.37518538200129115,0.015959107000526274,0.35550442000021576,0.003671694999866304
960,0,16,0.35671304096467793,0.009136713964835508,15934.23698348,15934.584559807,15934.237031582,15934.253253951,15934.581375742,15934.581376067,0.3475763269998424,0.016222368998569436,0.3281217910007399,0.0031837399983487558
961,1,16,0.4603210841305554,0.10436597712941875,15934.720551641,15935.076506748,15934.72060126,15934.7363711,15935.073249772,15935.073250206,0.35595510700113664,0.015769839999848045,0.336878672000239,0.0032565420005994383
962,0,16,0.3704651251900941,0.015222018189888331,15935.360430822,15935.715673929,15935.360480549,15935.376598589,15935.712257046,15935.712257371,0.3552431070002058,0.016118040000947076,0.3356584569992265,0.0034165580000262707
963,1,16,0.3558517498895526,-0.00913368411056581,15935.848396979,15936.213382413,15935.848445948,15935.864274941,15936.210082969,15936.210083294,0.3649854340001184,0.015828992998649483,0.3458080280015565,0.0032991190000757342
964,1,16,0.36089366604574025,0.002739724044658942,15936.355944103,15936.714098045,15936.355992422,15936.372190198,15936.710652127,15936.710652452,0.3581539420010813,0.016197775999899022,0.3384619289990951,0.0034455929999239743
965,1,16,0.34800308290869,-0.007938699091027956,15936.852656524,15937.208598306,15936.852705927,15936.869258403,15937.205327029,15937.205327462,0.35594178199971793,0.016552475999560556,0.33606862600026943,0.003270844001235673
966,0,16,0.3511853751260787,0.006405153126252117,15937.344899338,15937.68967956,15937.344948199,15937.360604067,15937.686428001,15937.686428326,0.3447802219998266,0.015655868000976625,0.32582393399934517,0.0032512340003449935
967,0,16,0.34074858319945633,-0.00695449880004162,15937.835159127,15938.182862209,15937.835208204,15937.851406197,15938.179417266,15938.1794177,0.34770308199949795,0.016197992999877897,0.32801106899933075,0.003444509000473772
968,2,16,0.3676090419758111,-0.008210011023038533,15938.316611332,15938.692430385,15938.316659651,15938.332654076,15938.689040262,15938.689040587,0.37581905299884966,0.015994425000826595,0.3563861859984172,0.0033897979992616456
969,3,16,0.3776236670091748,0.0024071910102065885,15938.837274764,15939.21249124,15938.837326333,15938.853249364,15939.209140118,15939.209140443,0.37521647599896824,0.015923031000056653,0.3558907540009386,0.0033507970001664944
970,4,16,0.436509707942605,-0.011919123058760306,15939.351259787,15939.799688618,15939.351309514,15939.368008681,15939.795986588,15939.795986805,0.4484288310013653,0.01669916699938767,0.4279779070002405,0.003701813000589027
971,1,16,0.3519217078574002,-0.005021337143261917,15939.939061693,15940.296004738,15939.939110987,15939.955389801,15940.29277723,15940.292777663,0.3569430450006621,0.016278814000543207,0.3373874290009553,0.0032270749998133397
972,1,16,0.35383541602641344,-0.0027308279732096707,15940.436374634,15940.792940878,15940.436422844,15940.452415103,15940.78968531,15940.789685527,0.3565662439996231,0.015992258999176556,0.33727020699916466,0.003255351000916562
973,3,16,0.40759054105728865,0.03351346005729283,15940.969406082,15941.343483163,15940.969454292,15940.985722381,15941.340139733,15941.340140058,0.3740770809999958,0.0162680889989133,0.3544173520003824,0.003343104999657953
974,5,16,0.44587762490846217,0.013498038908437593,15941.504559662,15941.936939248,15941.504609389,15941.520682793,15941.933276653,15941.933276978,0.4323795860000246,0.016073404000053415,0.4125938600009249,0.00366227000085928
975,0,16,0.33737812493927777,-0.008320590060975519,15942.06902646,15942.414725175,15942.069074346,15942.085056312,15942.411504817,15942.41150525,0.3456987150002533,0.015981966000254033,0.32644850500037137,0.003219924999939394
976,0,16,0.3427879170048982,-0.00676623499384732,15942.549111001,15942.898665153,15942.54916127,15942.565035007,15942.895072545,15942.89507287,0.3495541519987455,0.015873736998401,0.33003753800039703,0.003592282999306917
977,1,16,0.3477193338330835,-0.006876994166304939,15943.032352631,15943.386948959,15943.032405067,15943.048214125,15943.383372709,15943.383373143,0.35459632799938845,0.01580905799892207,0.33515858400096477,0.0035758159992838046
978,0,16,0.34052804089151323,-0.004744796109662275,15943.530602915,15943.875875752,15943.530653076,15943.546701887,15943.872667636,15943.872667961,0.3452728370011755,0.01604881099956401,0.32596574899980624,0.003207791000022553
979,0,16,0.3455667090602219,-0.00911477293993812,15944.007848125,15944.362529607,15944.007897636,15944.024488139,15944.359213694,15944.359213911,0.35468148200016003,0.016590503000770696,0.3347255549997499,0.0033156959998450475
980,0,16,0.3503592081833631,0.0018460801838955376,15944.489551242,15944.83806437,15944.489600211,15944.505948903,15944.834764817,15944.83476525,0.34851312799946754,0.016348692000974552,0.32881591399927856,0.003299120000519906
981,0,16,0.3453095001168549,-0.0026603118822094984,15944.984138714,15945.332108526,15944.984187467,15945.000355017,15945.328257097,15945.328257422,0.3479698119990644,0.016167550000318442,0.32790208000005805,0.0038511040002049413
982,1,16,0.3511961249168962,-0.005088439083920093,15945.47426048,15945.830545044,15945.474372285,15945.490468982,15945.827255241,15945.827255891,0.3562845640008163,0.016096696999738924,0.33678625900029147,0.0032891530008782865
983,0,16,0.3526275421027094,0.007477995102817658,15945.962578412,15946.307727959,15945.962655332,15945.978505992,15946.304273374,15946.304273699,0.34514954699989175,0.015850660000069183,0.3257673820007767,0.003454260000580689
984,4,16,0.39675687486305833,-0.0033839231364254374,15946.459029088,15946.859169886,15946.459079248,15946.475631725,15946.855670666,15946.855670991,0.40014079799948377,0.01655247700000473,0.3800389410007483,0.0034988949992111884
985,0,16,0.3471161669585854,0.0012291609582462115,15947.003980464,15947.34986747,15947.004027916,15947.020352665,15947.346609411,15947.346609736,0.34588700600033917,0.0163247489999776,0.3262567460005812,0.0032577340007264866
986,0,16,0.4549795421771705,0.10545875817660999,15947.492213675,15947.841734459,15947.492261669,15947.508842313,15947.83791304,15947.837913365,0.3495207840005605,0.016580643999986933,0.32907072700072604,0.0038210940001590643
987,0,16,0.343502625124529,-0.0022993358743406134,15948.0944326,15948.440234561,15948.09448146,15948.110833944,15948.436975418,15948.436975743,0.3458019609988696,0.01635248399907141,0.3261414740009059,0.0032588180001766887
988,0,16,0.3714534589089453,-0.010609568091240362,15948.575936699,15948.957999726,15948.575985018,15948.592331976,15948.954036708,15948.954037033,0.3820630270001857,0.016346958000212908,0.36170473200036213,0.003962693001085427
989,1,16,0.35273733315989375,-0.005686479840733227,15949.096447483,15949.454871296,15949.096498077,15949.112640059,15949.451520174,15949.451520716,0.358423813000627,0.016141981999680866,0.33888011499948334,0.0033505800001876196
990,0,16,0.3576458329334855,0.011823179933344363,15949.58667542,15949.932498073,15949.586725797,15949.603108291,15949.929124092,15949.929124525,0.34582265300014114,0.016382493999117287,0.3260158009998122,0.0033735479992174078
991,0,16,0.34287162497639656,-0.005416268024418969,15950.086435616,15950.434723509,15950.086484151,15950.103072271,15950.431168494,15950.431169036,0.34828789300081553,0.01658812000096077,0.3280962230001023,0.0035544730017136317
992,1,16,0.3540975418873131,-0.0023406461132253753,15950.573924867,15950.930363055,15950.573993879,15950.590326212,15950.926895686,15950.926896011,0.3564381880005385,0.016332332999809296,0.3365694740004983,0.0034670439999899827
993,0,16,0.367877040989697,-0.006179239011544269,15951.072431047,15951.446487327,15951.072478608,15951.089173549,15951.443032742,15951.443033717,0.37405628000124125,0.016694940999514074,0.3538591929991526,0.0034536100010882365
994,0,16,0.3411638329271227,-0.004988927072190563,15951.57786904,15951.9240218,15951.577918659,15951.595162009,15951.920468844,15951.920469169,0.3461527599993133,0.017243349999262136,0.3253068350004469,0.0035526310002751416
995,0,16,0.4143099170178175,0.034928264018162736,15952.10491501,15952.484296663,15952.104964846,15952.121206933,15952.480689104,15952.480689537,0.37938165299965476,0.016242087000136962,0.3594821710012184,0.003607126000133576
996,0,16,0.3376836250536144,-0.009185902945318958,15952.619066007,15952.965935535,15952.619114651,15952.635702554,15952.962488533,15952.962488858,0.34686952799893334,0.016587903000981896,0.3267859789993963,0.0034466769993741764
997,0,16,0.33796408399939537,-0.008982687999377958,15953.093901447,15953.440848219,15953.093949224,15953.110564862,15953.437594602,15953.437594927,0.34694677199877333,0.016615638000075705,0.3270297400013078,0.003253291999499197
998,0,16,0.3454276251140982,-0.0025963558873627335,15953.579781657,15953.927805638,15953.579831493,15953.596339009,15953.923814778,15953.923815103,0.3480239810014609,0.016507516000274336,0.3274757689996477,0.00399053500041191
999,0,16,0.35252466588281095,-0.004581537117701373,15954.06342273,15954.420528933,15954.063472783,15954.079724837,15954.417221904,15954.417222229,0.3571062030005123,0.016252053999778582,0.3374970669992763,0.0033067040003516013
1000,0,16,0.3456774998921901,-0.001285957108848379,15954.564417225,15954.911380682,15954.564466736,15954.581309884,15954.907777023,15954.90777789,0.3469634570010385,0.016843148001498776,0.3264671389988507,0.003602792001402122
