request_id,num_generated_notes,generation_start_tick,round_trip_time,total_network_latency,server_request_arrival_time,server_response_output_time,server_preprocess_start_time,server_inference_start_time,server_inference_end_time,server_postprocess_start_time,server_processing_duration,preprocess_duration,inference_duration,postprocess_duration
1,0,16,0.17657383298501372,0.11415152198492251,1846.24680158,1846.309223891,1846.246914661,1846.249616572,1846.308764226,1846.308772995,0.06242231100009121,0.002701911000031032,0.05914765400007127,0.00045089600007486297
2,0,16,0.07731183298164979,0.01770002698162898,1846.52335076,1846.582962566,1846.52345242,1846.525729946,1846.582498006,1846.582511364,0.059611806000020806,0.002277525999943464,0.05676805999996759,0.0004512020000220218
3,0,16,0.06534479098627344,0.0162953969861519,1846.703085013,1846.752134407,1846.703207577,1846.705493464,1846.751690343,1846.751703394,0.04904939400012154,0.0022858869999708986,0.04619687900003555,0.0004310130000249046
4,0,16,0.13438437500735745,0.08562793200735541,1846.948181989,1846.996938432,1846.948285281,1846.950791313,1846.996625191,1846.996634878,0.04875644300000204,0.0025060320001557557,0.04583387799993943,0.00030355400008375
5,0,16,0.0719939999980852,0.023328101998231432,1847.125612409,1847.174278307,1847.125727326,1847.128046148,1847.1739617,1847.17397516,0.04866589799985377,0.0023188220000065485,0.04591555199999675,0.00030314699984046456
6,0,16,0.06774433399550617,0.01906344799544968,1847.301115254,1847.34979614,1847.301237206,1847.303551337,1847.349481981,1847.349490954,0.04868088600005649,0.0023141310000482918,0.045930644000009124,0.00030518600010509545
7,0,16,0.06703958299476653,0.018854559994906595,1847.47472519,1847.522910213,1847.474845919,1847.477218885,1847.522527737,1847.522537016,0.04818502299985994,0.0023729659999389696,0.04530885200006196,0.0003731970000444562
8,0,16,0.07616091598174535,0.028027079981711722,1847.660516667,1847.708650503,1847.660619246,1847.662981607,1847.708326963,1847.708339913,0.048133836000033625,0.0023623609999958717,0.045345356000098036,0.0003105900000264228
9,0,16,0.0632098339847289,0.014293812984760734,1847.833998942,1847.882914963,1847.834100297,1847.836447975,1847.882586937,1847.88259591,0.04891602099996817,0.0023476779999782593,0.04613896199998635,0.0003190530001120351
10,0,16,0.07501525001134723,0.026596723011380163,1848.018072893,1848.06649142,1848.018196783,1848.020658358,1848.066170021,1848.06617879,0.04841852699996707,0.0024615750000975822,0.04551166300007026,0.0003126299998257309
11,0,16,0.06938308398821391,0.020490208988121594,1848.193306342,1848.242199217,1848.193407901,1848.195802382,1848.241864664,1848.241874453,0.04889287500009232,0.0023944810000102734,0.046062282000093546,0.00032476399996994587
12,0,16,0.07075329098734073,0.02190813698734928,1848.375008755,1848.423853909,1848.375111843,1848.377581066,1848.423537507,1848.42354648,0.04884515399999145,0.0024692229999345727,0.045956441000043924,0.000307429000031334
13,0,16,0.0737449580046814,0.024646723004707383,1848.552520545,1848.60161878,1848.552643007,1848.555118653,1848.60115728,1848.601166151,0.04909823499997401,0.002475645999993503,0.046038627000143606,0.0004526290001649613
14,0,16,0.07000300000072457,0.02171774400085269,1848.734245798,1848.782531054,1848.73434909,1848.736855123,1848.782209247,1848.782222503,0.04828525599987188,0.0025060329999178066,0.04535412400014138,0.0003085509999891656
15,0,16,0.06907074997434393,0.020651203974466625,1848.911850683,1848.960270229,1848.911970188,1848.914386592,1848.959929865,1848.959938226,0.0484195459998773,0.0024164040000869136,0.045543273000021145,0.0003320029998121754
16,0,16,0.07528066699160263,0.02320327399161215,1849.089452306,1849.141529699,1849.089556006,1849.091921937,1849.141186072,1849.141195045,0.05207739299999048,0.0023659309999857214,0.04926413499993032,0.00033465400019849767
17,0,16,0.06795729100122117,0.01815691400133801,1849.267063514,1849.316863891,1849.267169049,1849.269922453,1849.316408712,1849.316417685,0.049800376999883156,0.0027534040000318782,0.04648625900017578,0.00044620599987865717
18,0,16,0.06803245900664479,0.019684187006760112,1849.442651194,1849.490999466,1849.442757749,1849.445217795,1849.490673274,1849.490682349,0.04834827199988467,0.0024600459998964652,0.045455479000111154,0.0003171169998950063
19,0,16,0.07081529198330827,0.022394725983303942,1849.622247079,1849.670667645,1849.622350881,1849.624804197,1849.670317288,1849.670332175,0.04842056600000433,0.0024533159999009513,0.04551309099997525,0.0003354699999817967
20,0,16,0.07140704098856077,0.021063793988560064,1849.79651154,1849.846854787,1849.796617075,1849.799558301,1849.846488115,1849.846498108,0.0503432470000007,0.0029412259998480295,0.04692981400012286,0.000356678999878568
21,0,16,0.06624795799143612,0.017393115991353625,1849.971426852,1850.020281694,1849.971533102,1849.974057182,1850.019874949,1850.019886981,0.0488548420000825,0.002524080000057438,0.04581776700001683,0.0003947130001051846
22,0,16,0.0903681660129223,0.04120569201290891,1850.157091993,1850.206254467,1850.157198548,1850.15977973,1850.205911553,1850.205920527,0.04916247400001339,0.0025811820000853913,0.046131822999996075,0.0003339400000186288
23,2,16,0.09900687498156913,0.02177942398157029,1850.340933154,1850.418160605,1850.341053271,1850.343951671,1850.4177144,1850.417723169,0.07722745099999884,0.0028984000000491505,0.07376272900000913,0.0004374359998564614
24,1,16,0.1518203750019893,0.09378915200204574,1850.542932219,1850.600963442,1850.543037959,1850.545586206,1850.600549151,1850.600558736,0.058031222999943566,0.0025482470000497415,0.05496294499994292,0.0004047059999265912
25,0,16,0.07104520799475722,0.02129499799457335,1850.80420915,1850.85395936,1850.804316725,1850.80716404,1850.853476548,1850.853487051,0.04975021000018387,0.0028473150000536407,0.0463125079998008,0.00047230900008798926
26,0,16,0.07012699998449534,0.020781801984412596,1850.983910061,1851.033255259,1850.984012435,1850.986652248,1851.032823227,1851.032836992,0.049345198000082746,0.002639812999859714,0.04617097900018052,0.00041826699998637196
27,0,16,0.13330741701065563,0.08340915201074495,1851.224622677,1851.274520942,1851.224726785,1851.227244136,1851.274120927,1851.274135508,0.04989826499991068,0.002517351000051349,0.04687679099993147,0.0003854340000088996
28,0,16,0.07804787499480881,0.020834628994862214,1851.396268023,1851.453481269,1851.396384469,1851.401633811,1851.453071976,1851.45308778,0.057213245999946594,0.005249342000070101,0.05143816500003595,0.00039348899986180186
29,0,16,0.18006570800207555,0.13085643100203015,1851.584026945,1851.633236222,1851.584130645,1851.586720494,1851.632828866,1851.632844569,0.049209277000045404,0.002589849000059985,0.046108371999935116,0.00039165299995147507
30,0,16,0.06546325000817887,0.016822742008343994,1851.873907134,1851.922547642,1851.874013587,1851.876598644,1851.922170059,1851.922183315,0.04864050799983488,0.0025850570000329753,0.04557141500004036,0.00036432699994293216
31,0,16,0.07015120799769647,0.021018507997723646,1852.047499329,1852.096632029,1852.047603946,1852.050324415,1852.096244964,1852.096253937,0.04913269999997283,0.0027204689999962284,0.04592054900012954,0.0003780919998916943
32,3,16,0.22513695797533728,0.08419650297537373,1852.292426835,1852.43336729,1852.292535939,1852.29521348,1852.432642818,1852.432687989,0.14094045499996355,0.002677541000139172,0.13742933799994717,0.0006793009999910282
33,0,16,0.061861082998802885,0.018816909998804476,1852.553671137,1852.59671531,1852.553775652,1852.556251503,1852.596303365,1852.59631244,0.04304417299999841,0.002475851000099283,0.040051861999927496,0.0004028700000162644
34,0,16,0.11373954199370928,0.07117769999376833,1852.725733591,1852.768295433,1852.725837404,1852.728432318,1852.767904758,1852.767913426,0.04256184199994095,0.0025949139999283943,0.03947244000005412,0.0003820070000983833
35,0,16,0.0639702919870615,0.02090305098704448,1852.951792804,1852.994860045,1852.951917115,1852.954475112,1852.994452238,1852.994461518,0.04306724100001702,0.00255799699993986,0.039977125999939744,0.00039852700001574703
36,0,16,0.06036812500678934,0.01710345700689686,1853.119192352,1853.16245702,1853.119311563,1853.121868643,1853.162038302,1853.162047683,0.04326466799989248,0.0025570799998604343,0.04016965899995739,0.0004093369998372509
37,1,16,0.1427166249777656,0.09058452397766814,1853.36206374,1853.414195841,1853.362196208,1853.364831607,1853.413755605,1853.413764069,0.052132101000097464,0.002635399000155303,0.04892399799996383,0.00043177199995625415
38,0,16,0.07461324997711927,0.021661863977215035,1853.539802252,1853.592753638,1853.539902903,1853.542624778,1853.592309017,1853.592332064,0.05295138599990423,0.002721874999906504,0.04968423900004382,0.000421574000029068
39,0,16,0.23554391699144617,0.01550176999148789,1853.719425507,1853.939467654,1853.719531972,1853.722559473,1853.939031905,1853.939041389,0.22004214699995828,0.0030275010001332703,0.21647243200004596,0.0004262649999873247
40,0,16,0.05389804099104367,0.023218181991069287,1854.071508626,1854.102188485,1854.071617946,1854.073997585,1854.101793323,1854.101801991,0.030679858999974385,0.0023796389998551604,0.027795738000122583,0.000386493999940285
41,1,16,0.06380712499958463,0.023131658999545834,1854.235897499,1854.276572965,1854.23600845,1854.238687087,1854.276159855,1854.276168829,0.040675466000038796,0.0026786369999172166,0.03747276800004329,0.000404136000042854
42,0,16,0.11381641600746661,0.08066320100738267,1854.466893635,1854.50004685,1854.467033752,1854.470274895,1854.499581018,1854.499590094,0.033153215000083947,0.003241143000195734,0.029306122999969375,0.0004567559999486548
43,0,16,0.049203500006115064,0.018793473006098793,1854.623904249,1854.654314276,1854.624007042,1854.626372507,1854.653985909,1854.653994271,0.03041002700001627,0.002365465000139011,0.027613402000042697,0.0003200049998213217
44,0,16,0.05169733299408108,0.021030424994251007,1854.779165545,1854.809832453,1854.779270276,1854.781819197,1854.809507553,1854.809516425,0.030666907999830073,0.0025489209999705054,0.02768835599999875,0.0003160279998155602
45,0,16,0.07501795899588615,0.04460997199589656,1854.966887631,1854.997295618,1854.966991444,1854.969536796,1854.996964294,1854.996972962,0.03040798699998959,0.00254535199997008,0.02742749799995181,0.0003226559999802703
46,0,16,0.05117375002009794,0.020886198020207303,1855.126157551,1855.156445103,1855.126260344,1855.12872952,1855.156123569,1855.156132033,0.03028755199989064,0.002469175999976869,0.027394049000122322,0.0003130699999474018
47,0,16,0.05329299997538328,0.02258683097534231,1855.283411891,1855.31411806,1855.283535385,1855.286186488,1855.313767564,1855.31377613,0.030706169000040973,0.002651103000061994,0.02758107599993309,0.00034193000010418473
48,0,16,0.12360195801011287,0.09298981201027345,1855.503891214,1855.53450336,1855.503995129,1855.506765239,1855.534171322,1855.534179888,0.030612145999839413,0.0027701100000285805,0.027406082999959835,0.000323471999990943
49,0,16,0.04725345899350941,0.016674149993377796,1855.67335162,1855.703930929,1855.673453393,1855.676033622,1855.703596648,1855.70360501,0.030579309000131616,0.0025802289999319328,0.02756302600005256,0.0003259190000335366
50,0,16,0.04819937498541549,0.017209505985420037,1855.826395217,1855.857385086,1855.826518915,1855.829586187,1855.857035406,1855.857043564,0.03098986899999545,0.0030672719999529363,0.02744921900011832,0.00034152200009884837
51,0,16,0.10906212500412948,0.07792765200406393,1856.036723112,1856.067857585,1856.036825803,1856.03955553,1856.067512698,1856.067521468,0.031134473000065555,0.0027297269998598495,0.02795716800005721,0.00033611699996072275
52,0,16,0.05286570900352672,0.022111203003532864,1856.200132187,1856.230886693,1856.200280054,1856.202970112,1856.230529161,1856.230537727,0.030754505999993853,0.002690058000098361,0.027559049000046798,0.0003489660000468575
53,0,16,0.05194179201498628,0.020947028015143587,1856.355223895,1856.386218659,1856.355332807,1856.358076403,1856.385853683,1856.385862657,0.03099476399984269,0.002743596000073012,0.02777728000000934,0.0003560019999895303
54,0,16,0.10543662498821504,0.07466100998817637,1856.57169541,1856.602471025,1856.571817884,1856.574658665,1856.602107476,1856.60211594,0.03077561500003867,0.0028407810000317113,0.02744881099988561,0.00035508500013747835
55,0,16,0.056329915998503566,0.025277941998410824,1856.735642619,1856.766694593,1856.735746636,1856.738553356,1856.766338794,1856.766347666,0.03105197400009274,0.0028067200000805315,0.027785437999909846,0.0003469270000096003
56,0,16,0.04749008399085142,0.01668703699078833,1856.892188421,1856.922991468,1856.892296313,1856.895122714,1856.922646887,1856.922655555,0.03080304700006309,0.002826400999992984,0.027524172999846996,0.0003359130000717414
57,0,16,0.1398603749985341,0.10836286199855749,1857.137290051,1857.168787564,1857.137411302,1857.140412697,1857.16833917,1857.168347736,0.03149751299997661,0.003001395000183038,0.027926472999979524,0.0004398280000259547
58,0,16,0.04977291700197384,0.018986390002055487,1857.290173238,1857.320959765,1857.290292653,1857.293114262,1857.320600907,1857.320609473,0.03078652699991835,0.0028216089999659744,0.02748664499995357,0.00035029199989367044
59,0,16,0.05336474999785423,0.022357544997930745,1857.449552886,1857.480560091,1857.449653435,1857.452610164,1857.480167377,1857.480175739,0.031007204999923488,0.002956728999834013,0.02755721300013647,0.0003843519998554257
60,0,16,0.08703370799776167,0.05608575099790869,1857.645951095,1857.676899052,1857.646079178,1857.649061707,1857.676524591,1857.676533157,0.030947956999852977,0.00298252900006446,0.027462883999987753,0.0003658949999589822
61,0,16,0.0494652499910444,0.017769697991070643,1857.802783045,1857.834478597,1857.802887571,1857.80588091,1857.834095978,1857.834104748,0.03169555199997376,0.0029933390001133375,0.028215068000008614,0.00037384899997050525
62,0,16,0.05184070797986351,0.020313010979862156,1857.962749572,1857.994277269,1857.962854506,1857.965827143,1857.993924938,1857.993933606,0.03152769700000135,0.0029726370000844327,0.028097794999894177,0.0003436629999669094
63,0,16,0.10657775000436231,0.0741285860044627,1858.176376431,1858.208825595,1858.176476674,1858.179435443,1858.208447259,1858.208455825,0.03244916399989961,0.0029587690000880684,0.029011815999865576,0.0003697699999065662
64,0,16,0.050368917000014335,0.017445965999968394,1858.333614352,1858.366537303,1858.333718165,1858.336888944,1858.366155806,1858.36616427,0.03292295100004594,0.003170779000129187,0.02926686199998585,0.0003730330001872062
65,0,16,0.05037104201619513,0.016650323016392576,1858.490808831,1858.52452955,1858.490922128,1858.493966455,1858.524160188,1858.524169162,0.03372071899980256,0.003044326999997793,0.030193733000032807,0.0003603879999900528
66,0,16,0.11112029198557138,0.07635654998557584,1858.709155504,1858.743919246,1858.709261152,1858.712331892,1858.743527041,1858.743535811,0.034763741999995545,0.0030707400001119822,0.031195149000041056,0.0003834350000033737
67,0,16,0.0707211249973625,0.03551296699743034,1858.886788164,1858.921996322,1858.886890957,1858.889986374,1858.921628083,1858.921636649,0.035208157999932155,0.0030954169999404257,0.031641709000041374,0.00035967300004813296
68,0,16,0.05914387499797158,0.02341165499797171,1859.048879693,1859.084611913,1859.048983709,1859.052199562,1859.084239594,1859.084248364,0.03573221999999987,0.003215853000028801,0.03204003200016814,0.00036354899998514156
69,0,16,0.08626770801492967,0.05065847301489157,1859.246227718,1859.281836953,1859.246332347,1859.249462946,1859.281470141,1859.281478911,0.0356092350000381,0.0031305990000873862,0.032007195000005595,0.0003580420000162121
70,0,16,0.05978358301217668,0.023813450012085013,1859.409465063,1859.445435196,1859.409585091,1859.412772696,1859.445077664,1859.445086638,0.035970133000091664,0.0031876049999937095,0.03230496800006222,0.00034855800004152115
71,0,16,0.06622779200552031,0.021152008005401512,1859.576976378,1859.622052162,1859.577087431,1859.581687014,1859.621573175,1859.621582149,0.0450757840001188,0.0045995829998446425,0.03988616100014042,0.0004700130000401259
72,0,16,0.09427370800403878,0.04669132200410786,1859.779042177,1859.826624563,1859.77914599,1859.782472182,1859.826216348,1859.826225118,0.04758238599993092,0.0033261920000313694,0.04374416599989672,0.00039944500008459727
73,0,16,0.06863633301691152,0.021090252016847444,1859.952495911,1860.000041992,1859.952599723,1859.955846068,1859.99962307,1859.999631534,0.04754608100006408,0.0032463449999795557,0.04377700200006984,0.00041045800003303157
74,0,16,0.06857179099461064,0.020529487994735973,1860.132268155,1860.180310458,1860.132393383,1860.135693163,1860.179860942,1860.179869712,0.048042302999874664,0.0032997800001339783,0.04416777899996305,0.00044074599986743124
75,0,16,0.07506333300261758,0.026257832002556825,1860.316052287,1860.364857788,1860.316167623,1860.320076106,1860.364464359,1860.364473435,0.04880550100006076,0.0039084830000319926,0.0443882530000792,0.00038435300007222395
76,0,16,0.06756458399468102,0.019494950994612736,1860.487528273,1860.535597906,1860.487629435,1860.491165394,1860.535182961,1860.535191935,0.04806963300006828,0.0035359590001462493,0.04401756699985526,0.0004059709999637562
77,0,16,0.06601504201535136,0.0183064550153631,1860.663073764,1860.710782351,1860.663194403,1860.666455024,1860.710370947,1860.710381349,0.047708586999988256,0.0032606209999812563,0.043915922999985924,0.00040100199998960306
78,0,16,0.07678066700464115,0.02871087700464159,1860.848871237,1860.896941027,1860.848974751,1860.852505549,1860.896408975,1860.896432635,0.04806978999999956,0.0035307979999288364,0.0439034260000426,0.0005083919998014608
79,0,16,0.06566820899024606,0.018091817990352865,1861.0231415,1861.070717891,1861.023245728,1861.026556547,1861.070318826,1861.070328617,0.04757639099989319,0.003310819000034826,0.0437622790000205,0.0003892739998718753
80,0,16,0.06389124999986961,0.015587915999731194,1861.193944706,1861.24224804,1861.194048832,1861.197391265,1861.241695081,1861.241703852,0.04830333400013842,0.003342433000170786,0.04430381599991051,0.0005441880000489618
81,0,16,0.08389658300438896,0.035638734004351136,1861.387867345,1861.436125194,1861.387987482,1861.391333077,1861.435704407,1861.435713279,0.04825784900003782,0.0033455949999279255,0.044371330000103626,0.00041191499985870905
82,0,16,0.06823183401138522,0.018532844011588168,1861.559408406,1861.609107396,1861.559513858,1861.562840892,1861.608694768,1861.608703436,0.04969898999979705,0.0033270339999944554,0.04585387600013746,0.00040395999985776143
83,0,16,0.06828220799798146,0.01867010899786692,1861.741123116,1861.790735215,1861.74122816,1861.744616487,1861.790293929,1861.790305147,0.04961209900011454,0.003388327000038771,0.04567744199994195,0.0004300680000142165
84,0,16,0.0671581249916926,0.01689699799180744,1861.916726723,1861.96698785,1861.916850328,1861.920496674,1861.96653504,1861.966549317,0.050261126999885164,0.0036463460000959458,0.04603836599994793,0.00043853299985130434
85,0,16,0.07294987500063144,0.02324986500070736,1862.090272184,1862.139972194,1862.090373761,1862.093777793,1862.139565174,1862.139574251,0.04970000999992408,0.0034040320001622604,0.04578738099985458,0.0003979429998253181
86,0,16,0.07538349999231286,0.02541751499234124,1862.274037492,1862.324003477,1862.274140293,1862.277619283,1862.323530882,1862.323549137,0.049965984999971624,0.003478989999848636,0.045911598999964554,0.00045433999980559747
87,0,16,0.06951224998920225,0.01971831298919824,1862.453652549,1862.503446486,1862.45377697,1862.457223326,1862.503013461,1862.503022436,0.04979393700000401,0.003446356000040396,0.045790134999833754,0.0004240499999923486
88,0,16,0.07421662501292303,0.024462360013103535,1862.633478612,1862.683232877,1862.633584064,1862.637163917,1862.682819841,1862.682829121,0.0497542649998195,0.003579853000019284,0.045655924000129744,0.0004037559999687801
89,0,16,0.07062574999872595,0.02089953099880404,1862.813038598,1862.862764817,1862.813142723,1862.816615697,1862.862335463,1862.862344744,0.04972621899992191,0.003472974000032991,0.04571976599982008,0.0004200729999865871
90,0,16,0.07279683300293982,0.023035123002955515,1862.989690501,1863.039452211,1862.989791159,1862.993388553,1863.039056716,1863.03906569,0.049761709999984305,0.0035973939998257265,0.045668163000073037,0.0003865210001094965
91,1,16,0.0723822919826489,0.012927076982578,1863.16022508,1863.219680295,1863.160329308,1863.163805034,1863.219194034,1863.219207088,0.05945521500007089,0.003475726000033319,0.055389000000104716,0.00047320699991360016
92,0,16,0.07292491701082326,0.02242871601083607,1863.345904837,1863.396401038,1863.346005088,1863.349528951,1863.395979129,1863.395992999,0.050496200999987195,0.003523862999827543,0.04645017799998641,0.00040803899992170045
93,0,16,0.07010374998208135,0.020232508981962383,1863.52570112,1863.575572361,1863.525807592,1863.529370923,1863.575130769,1863.57513954,0.04987124100011897,0.0035633309998956975,0.04575984600000993,0.00043282100000396895
94,0,16,0.06776716699823737,0.018005762998200225,1863.703247222,1863.753008626,1863.703371643,1863.706868684,1863.752548779,1863.752557447,0.049761404000037146,0.003497040999945966,0.045680095000079746,0.00045117900003788236
95,0,16,0.0635032500140369,0.014294907014118508,1863.874853758,1863.924062101,1863.874979606,1863.878487662,1863.923628769,1863.923643149,0.049208342999918386,0.0035080560001006234,0.04514110700006313,0.00041895199979080644
96,0,16,0.07550041700596921,0.024592812005948872,1864.056469543,1864.107377148,1864.056572139,1864.060648961,1864.106923726,1864.10693729,0.05090760500002034,0.004076821999888125,0.04627476500013472,0.00043985800016344
97,0,16,0.07009429100435227,0.02051289000428369,1864.234097334,1864.283678735,1864.234196972,1864.237722672,1864.283250503,1864.283259682,0.04958140100006858,0.003525699999954668,0.04552783100007218,0.00041905299985955935
98,0,16,0.06654954099212773,0.01686799099206837,1864.409665858,1864.459347408,1864.409766516,1864.413486699,1864.458905612,1864.458921827,0.04968155000005936,0.0037201830000412883,0.04541891300004863,0.00042558099994494114
99,0,16,0.06677662499714643,0.017364006997013348,1864.593455948,1864.642868566,1864.593581185,1864.597086283,1864.642406577,1864.642422588,0.04941261800013308,0.0035050980000050913,0.04532029400002102,0.00044597800001611176
100,0,16,0.07136083400109783,0.020642307001025983,1864.769121357,1864.819839884,1864.769225381,1864.773018993,1864.819369124,1864.819383198,0.050718527000071845,0.0037936119999812945,0.04635013100005381,0.0004566860000068118
101,0,16,0.07046766698476858,0.02048118398488441,1864.948758341,1864.998744824,1864.948880008,1864.952507487,1864.998294665,1864.998303538,0.049986482999884174,0.003627478999987943,0.04578717799995502,0.00044128599984105676
102,0,16,0.06995795798138715,0.019565168981444003,1865.12421305,1865.174605839,1865.124316972,1865.127869595,1865.174150989,1865.174164349,0.05039278899994315,0.0035526229999049974,0.04628139400006148,0.0004414899999574118
103,0,16,0.06684616699931212,0.017429469999342473,1865.297876507,1865.347293204,1865.297979409,1865.301504191,1865.346862321,1865.346871397,0.049416696999969645,0.0035247820001131913,0.04535812999984046,0.0004218069998387364
104,0,16,0.06656095798825845,0.016952326988302957,1865.4734948,1865.523103431,1865.473616569,1865.477147367,1865.522648989,1865.522657964,0.049608630999955494,0.00353079800015621,0.045501621999846975,0.0004454669999631733
105,0,16,0.08523637498728931,0.03569780698717295,1865.663365296,1865.712903864,1865.66346677,1865.667131882,1865.712463904,1865.712472777,0.049538568000116356,0.003665111999907822,0.04533202200013875,0.00043108700015181967
106,0,16,0.07729945899336599,0.027735802993447578,1865.843247042,1865.892810698,1865.843349638,1865.846969775,1865.892386444,1865.892395418,0.04956365599991841,0.0036201369998707378,0.04541666900013297,0.00041527999997015286
107,0,16,0.06526429098448716,0.015422420984577911,1866.018632606,1866.068474476,1866.018737038,1866.022449369,1866.068043694,1866.068057054,0.04984186999990925,0.003712331000087943,0.045594324999910896,0.0004174219998276385
108,0,16,0.06838004197925329,0.018668507979327842,1866.190173158,1866.239884692,1866.190299619,1866.193998283,1866.239296854,1866.239308786,0.04971153399992545,0.003698664000012286,0.04529857100010304,0.0005759059999945748
109,0,16,0.07299083299585618,0.022771621995843816,1866.369776997,1866.419996208,1866.369882551,1866.37365393,1866.419550537,1866.41955941,0.050219211000012365,0.003771378999999797,0.04589660700003151,0.00043679800000973046
110,0,16,0.07048608400509693,0.02082278900502388,1866.551522812,1866.601186107,1866.551625,1866.555358441,1866.600757263,1866.600770827,0.04966329500007305,0.0037334409998948104,0.045398822000151995,0.00041528000019752653
111,0,16,0.08216529097990133,0.03198136597984558,1866.73935811,1866.789542035,1866.739481001,1866.743162634,1866.789072091,1866.789085859,0.05018392500005575,0.003681633000041984,0.045909456999879694,0.0004561760001706716
112,0,16,0.07203175002359785,0.02145069902371688,1866.925879544,1866.976460595,1866.925981936,1866.930109954,1866.976015434,1866.976028998,0.05058105099988097,0.004128018000074007,0.04590547999987393,0.00043159699998795986
113,0,16,0.07001508300891146,0.019213031008803227,1867.102780492,1867.153582544,1867.10288574,1867.106757676,1867.152987874,1867.152996746,0.05080205200010823,0.0038719359999959124,0.04623019800010297,0.0005857979999746021
114,0,16,0.06966895799268968,0.018123134992720225,1867.276605391,1867.328151214,1867.276723081,1867.281268929,1867.32759438,1867.327608658,0.05154582299996946,0.004545847999906982,0.046325451000029716,0.0005425560000276164
115,0,16,0.07236237498000264,0.021910740980047194,1867.456018213,1867.506469847,1867.456122543,1867.460009267,1867.505998781,1867.506013161,0.05045163399995545,0.003886724000039976,0.04598951399998441,0.0004566860000068118
116,0,16,0.07208645899663679,0.022195432996568343,1867.631610703,1867.681501729,1867.631713605,1867.635596556,1867.681033417,1867.681042188,0.04989102600006845,0.0038829510001505696,0.04543686099987099,0.00045954100005474174
117,0,16,0.0677843340090476,0.01803302700909626,1867.809248795,1867.859000102,1867.809355164,1867.813247701,1867.858539235,1867.858548618,0.04975130699995134,0.0038925369999560644,0.04529153400017094,0.0004514839999956166
118,0,16,0.0699846250063274,0.01980273900630891,1867.980712654,1868.03089454,1867.980814537,1867.984689022,1868.030453457,1868.030463146,0.050181886000018494,0.0038744850000966835,0.04576443499991001,0.00043139399986102944
119,0,16,0.07090170797891915,0.020750519978946613,1868.163091078,1868.213242266,1868.16319347,1868.167091208,1868.212767325,1868.212780685,0.050151187999972535,0.0038977380002052087,0.045676116999857186,0.0004615809998540499
120,0,16,0.06519933301024139,0.014775235010120014,1868.33606145,1868.386485548,1868.336221463,1868.340357845,1868.386033248,1868.386042018,0.050424098000121376,0.004136382000069716,0.045675403000132064,0.00044353000021146727
121,0,16,0.0707766670093406,0.020585195009289237,1868.511607639,1868.561799111,1868.511731244,1868.515565548,1868.561322538,1868.56135242,0.05019147200005136,0.0038343040000654582,0.045756989999972575,0.0004466909999791824
122,0,16,0.10109429201111197,0.050688286011109085,1868.721926498,1868.772332504,1868.72205357,1868.725972623,1868.77185541,1868.771865608,0.05040600600000289,0.003919052999890482,0.04588278699998227,0.0004668959998070932
123,0,16,0.07288054100354202,0.02301435900335491,1868.897495603,1868.947361785,1868.89760065,1868.901526125,1868.946894481,1868.94690315,0.04986618200018711,0.003925474999959988,0.04536835600015365,0.0004586350000863604
124,0,16,0.07063720899168402,0.0210270149916596,1869.075178175,1869.124788369,1869.075283935,1869.079190747,1869.124346562,1869.124355333,0.04961019400002442,0.00390681199996834,0.04515581500004373,0.00043303600000399456
125,0,16,0.06977554198238067,0.019521912982327194,1869.252810875,1869.303064504,1869.252927344,1869.256877602,1869.302589959,1869.302599036,0.05025362900005348,0.003950258000031681,0.04571235699995668,0.0004654680001294764
126,0,16,0.07049099999130704,0.02022574399120458,1869.432523597,1869.482788853,1869.43262436,1869.436684764,1869.482321957,1869.482330932,0.050265256000102454,0.004060403999801565,0.0456371930001751,0.00045792100013386516
127,0,16,0.07501283299643546,0.024690871996426722,1869.61014671,1869.660468671,1869.610252776,1869.614165605,1869.659989231,1869.659998613,0.05032196100000874,0.003912829000000784,0.04582362600012857,0.00047005800001898024
128,0,16,0.07082737502059899,0.020272068020631195,1869.793851403,1869.84440671,1869.793976235,1869.797979832,1869.843927066,1869.843935837,0.0505553069999678,0.004003597000064474,0.045947234000095705,0.00047087300004022836
129,0,16,0.0703353330027312,0.019553513002620093,1869.973554641,1870.024336461,1869.973658565,1869.977734267,1870.023764212,1870.023777776,0.05078182000011111,0.004075701999909143,0.04602994500010027,0.0005586849999872356
130,0,16,0.06726416700985283,0.016820943009861367,1870.14706707,1870.197510294,1870.147169261,1870.151215591,1870.19707328,1870.197086844,0.05044322399999146,0.00404632999993737,0.0458576890000586,0.0004234499999711261
131,0,16,0.06925499998033047,0.018745382980341674,1870.32268094,1870.373190557,1870.322786904,1870.326766534,1870.372716522,1870.372726108,0.05050961699998879,0.0039796300000034535,0.04594998800007488,0.0004644489999918733
132,0,16,0.07085999997798353,0.020782296978040904,1870.498246875,1870.548324578,1870.498349576,1870.502362556,1870.547835551,1870.547848911,0.05007770299994263,0.004012979999970412,0.04547299499995461,0.0004756669998187135
133,0,16,0.08129191599437036,0.03073252999433862,1870.686149553,1870.736708939,1870.686254293,1870.690346925,1870.736249182,1870.736263154,0.050559386000031736,0.004092632000038066,0.0459022569998524,0.000445785000010801
134,0,16,0.07189766701776534,0.021692991017744134,1870.863790106,1870.913994782,1870.863894846,1870.868073555,1870.9135389,1870.913548283,0.05020467600002121,0.004178708999916125,0.04546534500013877,0.00044649899996329623
135,0,16,0.07071699999505654,0.020461125995097973,1871.043514454,1871.093770328,1871.043637247,1871.047611676,1871.09330537,1871.093319138,0.05025587399995857,0.003974428999981683,0.045693693999965035,0.00045118999992155295
136,0,16,0.07170745899202302,0.0214291479919666,1871.21969894,1871.269977251,1871.219802865,1871.223984429,1871.269477719,1871.26948649,0.05027831100005642,0.004181563999964055,0.0454932899999676,0.0004907610000373097
137,0,16,0.0714672909816727,0.020155036981577723,1871.398764454,1871.450076708,1871.398867869,1871.403173449,1871.449615421,1871.449624396,0.05131225400009498,0.004305579999936526,0.046441972000138776,0.0004523120001067582
138,1,16,0.08358074998250231,0.023013899982515795,1871.58452867,1871.64509552,1871.58465289,1871.588863113,1871.644538875,1871.644553052,0.060566849999986516,0.004210222999972757,0.05567576200019175,0.000542468000048757
139,0,16,0.07260075001977384,0.02216782701975717,1871.772410134,1871.822843057,1871.772514467,1871.776741517,1871.822373815,1871.82238279,0.05043292300001667,0.004227049999826704,0.04563229800010049,0.0004602670001077058
140,0,16,0.07203466698410921,0.021719335984244026,1871.951975894,1872.002291225,1871.95207992,1871.95634542,1872.001794855,1872.00180383,0.05031533099986518,0.004265499999974054,0.04544943500013687,0.0004873949999364413
141,0,16,0.07241995798540302,0.022084840985371557,1872.13378822,1872.184123337,1872.13391193,1872.13809482,1872.183638084,1872.183651648,0.05033511700003146,0.004182890000038242,0.04554326399988895,0.0004716890000509011
142,0,16,0.06955583399394527,0.018888952993847852,1872.307350113,1872.358016994,1872.30745567,1872.311855996,1872.357553158,1872.357567334,0.05066688100009742,0.0044003259999954025,0.04569716199989671,0.0004496600001857587
143,0,16,0.07414000001153909,0.019338877011477962,1872.484962926,1872.539764049,1872.485067156,1872.48930206,1872.539235145,1872.539253502,0.054801123000061125,0.0042349039999862725,0.04993308500002058,0.0005105469999762136
144,1,16,0.08280433400068432,0.022632683000665565,1872.666687645,1872.726859296,1872.666789632,1872.670991084,1872.726345792,1872.726354665,0.060171651000018755,0.004201451999961137,0.05535470800009534,0.0005046310000125231
145,0,16,0.07006820899550803,0.019691582995619683,1872.852502957,1872.902879583,1872.852631256,1872.856790384,1872.902382703,1872.902391882,0.05037662599988835,0.004159128000083001,0.0455923189999794,0.00048770099988360016
146,0,16,0.0689782919944264,0.018577596994418855,1873.03205709,1873.082457785,1873.032161932,1873.036372053,1873.081955193,1873.081968452,0.050400695000007545,0.0042101209999145794,0.045583140000189815,0.0004893330001323193
147,0,16,0.07137854199390858,0.020720227993933804,1873.210546071,1873.261204385,1873.210647548,1873.214934975,1873.260679357,1873.260688536,0.05065831399997478,0.0042874270000083925,0.04574438200006625,0.0005158489998393634
148,0,16,0.06747304199961945,0.01695873299968298,1873.38538637,1873.435900679,1873.385509163,1873.389866246,1873.435427256,1873.435436332,0.050514308999936475,0.004357083000058992,0.04556100999980117,0.00046434699993369577
149,0,16,0.06905658298637718,0.01895878898653791,1873.562980825,1873.613078619,1873.56308526,1873.567468656,1873.612592754,1873.612602238,0.05009779399983927,0.004383396000093853,0.04512409799986017,0.0004763809999985824
150,0,16,0.06271875000675209,0.012098273006813542,1873.734552852,1873.785173329,1873.734657593,1873.739014575,1873.784691135,1873.784700416,0.050620476999938546,0.004356981999990239,0.04567655999994713,0.0004729129998395365
151,0,16,0.0707065419992432,0.019644971999241534,1873.908145954,1873.959207524,1873.908249164,1873.91270181,1873.958707482,1873.958721454,0.051061570000001666,0.004452646000117966,0.04600567199986472,0.000486070000079053
152,1,16,0.07802675000857562,0.017583304008667255,1874.088253569,1874.148697015,1874.088374322,1874.092891219,1874.148155464,1874.148164337,0.06044344599990836,0.00451689700003044,0.05526424499998939,0.0005326779998995335
153,0,16,0.07065124998916872,0.02007585098931486,1874.273638904,1874.324214303,1874.273745685,1874.278108378,1874.323730783,1874.323740166,0.05057539899985386,0.004362693000075524,0.045622404999903665,0.0004741369998555456
154,0,16,0.07202925000456162,0.020222054004534584,1874.455310897,1874.507118093,1874.455413597,1874.460324164,1874.506511781,1874.506520654,0.051807196000027034,0.004910567000024457,0.04618761699998686,0.0005974389998755214
155,0,16,0.07068383300793357,0.02022480200798782,1874.639086369,1874.6895454,1874.639210997,1874.643652729,1874.689056679,1874.689065144,0.05045903099994575,0.0044417320000320615,0.045403950000036275,0.0004802559999461664
156,0,16,0.07055699999909848,0.0199602859991046,1874.819357673,1874.869954387,1874.819458436,1874.823870287,1874.869432418,1874.869441087,0.05059671399999388,0.0044118509999862,0.04556213099999695,0.000513299999965966
157,0,16,0.06973841701983474,0.019298457019885973,1874.994262122,1875.044702082,1874.994367168,1874.998714971,1875.044227945,1875.044241611,0.05043995999994877,0.004347802999973283,0.0455129740000757,0.00046047099999668717
158,0,16,0.07567283301614225,0.024311626016014998,1875.174133026,1875.225494233,1875.174260204,1875.178600663,1875.224916886,1875.224925656,0.05136120700012725,0.004340459000104602,0.046316223000076207,0.000568576999967263
159,0,16,0.07966729198233224,0.028649473982341078,1875.353752532,1875.40477035,1875.353856763,1875.358220884,1875.404235837,1875.404249299,0.051017817999991166,0.004364120999980514,0.04601495299993985,0.0005210510000779323
160,0,16,0.07469758298248053,0.0241546169825142,1875.537509851,1875.588052817,1875.537613469,1875.542053468,1875.587574091,1875.58758276,0.05054296599996633,0.004439998999941963,0.04552062300012949,0.00047005700002955564
161,0,16,0.06816437499946915,0.017640071999494467,1875.721271452,1875.771795755,1875.721375173,1875.72581762,1875.77129347,1875.771307136,0.05052430299997468,0.004442446999973981,0.04547585000000254,0.0004886190001798241
162,0,16,0.07392333299503662,0.022865331995035376,1875.892765867,1875.943823868,1875.892871424,1875.897504994,1875.943320359,1875.943328823,0.05105800100000124,0.004633569999896281,0.04581536499995309,0.0004950449999796547
163,0,16,0.06785983400186524,0.017738787001917444,1876.076547153,1876.1266682,1876.076672087,1876.081137786,1876.126184374,1876.126193349,0.050121046999947794,0.004465699000093082,0.04504658800010475,0.00047485100003541447
164,0,16,0.07818870799383149,0.027264616993988966,1876.25823067,1876.309154761,1876.258336634,1876.262864546,1876.308659003,1876.308672465,0.05092409099984252,0.004527911999957723,0.045794457000056354,0.0004822959999728482
165,0,16,0.09626820799894631,0.04549260999897342,1876.466479119,1876.517254717,1876.466582023,1876.471149404,1876.516739785,1876.51674927,0.05077559799997289,0.0045673810000153026,0.04559038100001089,0.0005054470000231959
166,0,16,0.07027020800160244,0.01966441700164978,1876.644168115,1876.694773906,1876.64427102,1876.648816473,1876.694257648,1876.694274986,0.05060579099995266,0.004545452999991539,0.04544117500017819,0.0004989199999272387
167,0,16,0.06738470800337382,0.016844802003333825,1876.820902719,1876.871442625,1876.821006133,1876.82552252,1876.87092596,1876.870934833,0.05053990600003999,0.004516386999966926,0.04540343999997276,0.0005077920000076119
168,0,16,0.07090625001001172,0.019658656010051345,1876.99736828,1877.048615874,1876.997493112,1877.00253718,1877.048053009,1877.048070857,0.05124759399996037,0.005044067999961044,0.04551582899989626,0.0005450169999221544
169,0,16,0.07393604202661663,0.02293627602671222,1877.177093343,1877.228093109,1877.177194106,1877.181686731,1877.227515251,1877.227530855,0.05099976599990441,0.004492625000011685,0.04582852000021376,0.0005622539999876608
170,0,16,0.0703377919853665,0.019639906985275957,1877.359373483,1877.410071368,1877.359478734,1877.364101493,1877.409551847,1877.40956072,0.05069788500009054,0.004622758999857979,0.04545035400019515,0.0005106480000449665
171,0,16,0.06722370799980126,0.015931054999782646,1877.534417536,1877.585710189,1877.534523197,1877.539140484,1877.585185043,1877.585194222,0.05129265300001862,0.004617286999973658,0.04604455899993809,0.0005159670001830818
172,0,16,0.06730691701523028,0.016722482015211426,1877.709928774,1877.760513209,1877.710048714,1877.714530966,1877.760027635,1877.760036407,0.05058443500001886,0.004482251999888831,0.04549666899993099,0.00047680200009381224
173,0,16,0.06887354198261164,0.017777933982642935,1877.881503815,1877.932599423,1877.881605906,1877.886274086,1877.932100386,1877.932108954,0.051095607999968706,0.004668179999953281,0.045826300000044284,0.0004904690001694689
174,0,16,0.07431520899990574,0.022860391999756757,1878.059137564,1878.110592381,1878.059239554,1878.063805642,1878.110062748,1878.110071621,0.05145481700014898,0.004566088000046875,0.04625710599998456,0.0005207599999721424
175,0,16,0.06842062500072643,0.017181415000777633,1878.236862085,1878.288101295,1878.236984371,1878.242153423,1878.287541371,1878.287550652,0.0512392099999488,0.005169051999928342,0.04538794800009782,0.0005506429999968532
176,0,16,0.07590054199681617,0.025165467996657753,1878.422595974,1878.473331048,1878.422697658,1878.42727272,1878.472783158,1878.472792542,0.05073507400015842,0.004575061999958052,0.04551043800006482,0.0005385060001117381
177,0,16,0.07029870801488869,0.019093154014854008,1878.600243696,1878.65144925,1878.600346706,1878.604956139,1878.650953171,1878.650962452,0.05120555400003468,0.004609433000041463,0.045997032000059335,0.00048679800011086627
178,0,16,0.07801370898960158,0.02688209798952812,1878.779927647,1878.831059258,1878.780032492,1878.78480052,1878.830518099,1878.830528604,0.05113161100007346,0.004768028000171398,0.04571757899998374,0.0005306540001583926
179,0,16,0.07236483300221153,0.021334396002202993,1878.961652211,1879.012682648,1878.961754711,1878.966462768,1879.012182082,1879.012191261,0.05103043700000853,0.004708057000016197,0.04571931400005269,0.0004913870000109455
180,0,16,0.07611495797755197,0.025115219977578818,1879.145426262,1879.196426,1879.145528864,1879.150253444,1879.195878722,1879.195887596,0.05099973799997315,0.004724580000129208,0.04562527799998861,0.0005384040000535606
181,0,16,0.09341233299346641,0.04224400499356307,1879.344329085,1879.395497413,1879.344433829,1879.349171667,1879.394920456,1879.394929431,0.05116832799990334,0.00473783799998273,0.04574878899984469,0.0005679819998931634
182,1,16,0.08021604199893773,0.019487080998942474,1879.529429515,1879.590158476,1879.529549863,1879.534387142,1879.589575298,1879.589588863,0.06072896099999525,0.004837278999957562,0.05518815599998561,0.0005696129999250843
183,0,16,0.0768152920063585,0.025810250006315982,1879.717135684,1879.768140726,1879.71724002,1879.721871075,1879.767613846,1879.767623637,0.05100504200004252,0.004631055000118067,0.045742770999822824,0.0005170889999135397
184,0,16,0.07254170801024884,0.02169322101030957,1879.902953919,1879.953802406,1879.903059172,1879.907777224,1879.953229426,1879.953242991,0.05084848699993927,0.004718052000043826,0.04545220199997857,0.0005594149999978981
185,0,16,0.06975820800289512,0.01821374200289938,1880.078562353,1880.130106819,1880.078685659,1880.083837576,1880.129599216,1880.129608395,0.05154446599999574,0.0051519169999210135,0.04576164000013705,0.0004984239999430429
186,0,16,0.0700675000261981,0.018699782026260436,1880.252131704,1880.303499422,1880.25223451,1880.257065465,1880.302973256,1880.302981823,0.05136771799993767,0.004830954999988535,0.04590779099999054,0.0005175989999770536
187,0,16,0.07218158399336971,0.021538198993312108,1880.433848619,1880.484492004,1880.433953873,1880.438711599,1880.48397257,1880.483981851,0.050643385000057606,0.004757725999979812,0.045260971000061545,0.0005101530000501953
188,0,16,0.07027450000168756,0.01892758900157787,1880.61355001,1880.664896921,1880.613678109,1880.61849499,1880.664323636,1880.664333325,0.051346911000109685,0.00481688100012434,0.045828646000018125,0.0005635960001200147
189,0,16,0.07288550000521354,0.020817928005271824,1880.791010683,1880.843078255,1880.791186105,1880.795982486,1880.842569325,1880.8425783,0.05206757199994172,0.004796381000005567,0.04658683900015603,0.0004999549998956354
190,0,16,0.06944962500710972,0.018197870007043093,1880.972900675,1881.02415243,1880.973006438,1880.977855037,1881.023630853,1881.023640032,0.05125175500006662,0.004848598999842579,0.04577581600005942,0.000512397999955283
191,0,16,0.07024783300585113,0.019093274005854255,1881.14633754,1881.197492099,1881.1464431,1881.15140501,1881.196975724,1881.196984801,0.05115455899999688,0.004961910000019998,0.045570713999950385,0.0005072980000022653
192,0,16,0.07033704101922922,0.01898503001939389,1881.326152752,1881.377504763,1881.3262577,1881.331108747,1881.376979719,1881.37699359,0.05135201099983533,0.0048510469998745975,0.04587097200010248,0.0005111729999498493
193,0,16,0.07295158298802562,0.02062893398806409,1881.507899346,1881.560221995,1881.50800256,1881.512940706,1881.559531319,1881.559540193,0.05232264899996153,0.004938146000085908,0.04659061299980749,0.0006818019999172975
194,0,16,0.0726894999970682,0.021651107997058716,1881.689677251,1881.740715643,1881.689777609,1881.694574704,1881.740182032,1881.740190701,0.05103839200000948,0.0047970949999580625,0.045607327999960035,0.0005249419998563098
195,0,16,0.074605125002563,0.02276203200267446,1881.867297946,1881.919141039,1881.867422578,1881.872349709,1881.918610589,1881.91861936,0.05184309299988854,0.004927130999931251,0.046260880000090765,0.0005216789998030436
196,0,16,0.0719528750050813,0.02067042100497929,1882.051003154,1882.102285608,1882.051105144,1882.056017793,1882.101754547,1882.101764032,0.05128245400010201,0.004912648999834346,0.045736754000017754,0.0005215760002101888
197,0,16,0.0713776669872459,0.01977241498730109,1882.224455726,1882.276060978,1882.224588007,1882.2296208,1882.275509111,1882.275525837,0.05160525199994481,0.00503279300005488,0.045888310999998794,0.0005351410000002943
198,0,16,0.069323165982496,0.01828640598250786,1882.40015534,1882.4511921,1882.400263857,1882.40507574,1882.450616775,1882.450631156,0.051036759999988135,0.004811883000002126,0.04554103500004203,0.0005609439999716415
199,0,16,0.07400712501839735,0.02247377601838707,1882.575781827,1882.627315176,1882.575886366,1882.580939557,1882.626786664,1882.626795537,0.051533349000010276,0.005053190999888102,0.04584710700009964,0.0005196390000037354
200,0,16,0.06986341599258594,0.018656638992524677,1882.753434649,1882.804641426,1882.753536231,1882.758451837,1882.804112507,1882.804121278,0.051206777000061265,0.004915605999940453,0.0456606699999611,0.0005201480000778247
201,0,16,0.0712324169871863,0.01966949098709847,1882.933139711,1882.984702637,1882.933242313,1882.938200143,1882.9840344,1882.984043579,0.05156292600008783,0.004957829999966634,0.04583425700002408,0.0006590580001102353
202,0,16,0.10471641598269343,0.052511258982804065,1883.143563516,1883.195768673,1883.143667852,1883.148681471,1883.195180191,1883.195190186,0.05220515699988937,0.005013619000010294,0.04649872000004507,0.0005784869999843067
203,0,16,0.06952483300119638,0.018230140001151085,1883.325180889,1883.376475582,1883.325283797,1883.33037605,1883.37594503,1883.375953598,0.0512946930000453,0.005092252999929769,0.04556897999987086,0.0005219839999881515
204,0,16,0.07038470800034702,0.018780578000360038,1883.499253254,1883.550857384,1883.499356366,1883.504417512,1883.550288688,1883.550303069,0.05160412999998698,0.0050611459998890496,0.045871175999991465,0.0005543150000448804
205,0,16,0.0715290840016678,0.020321389001765056,1883.678329243,1883.729536938,1883.678433374,1883.683427717,1883.72901577,1883.729024847,0.05120769499990274,0.004994343000134904,0.045588052999846695,0.0005120910000186996
206,0,16,0.0721286250045523,0.020805171004440126,1883.856025206,1883.90734866,1883.856127706,1883.861205375,1883.906820455,1883.906829124,0.05132345400011218,0.005077669000002061,0.04561507999983405,0.0005195359999561333
207,0,16,0.10453591699479148,0.05202601499490811,1884.072507925,1884.125017827,1884.072610425,1884.077744698,1884.124353261,1884.124362338,0.05250990199988337,0.005134273000066969,0.04660856299983607,0.0006554889998824365
208,0,16,0.07460041699232534,0.021920497992368837,1884.254237181,1884.3069171,1884.254360486,1884.259660799,1884.306215206,1884.306224079,0.0526799189999565,0.005300312999906964,0.04655440700003055,0.000693020999960936
209,0,16,0.06895812498987652,0.01687739598992266,1884.433897775,1884.485978504,1884.434002009,1884.43913669,1884.485428575,1884.48543755,0.05208072899995386,0.005134680999844932,0.04629188500007331,0.0005409540001437563
210,0,16,0.07329412500257604,0.021719980002444572,1884.607391756,1884.658965901,1884.607496601,1884.612624551,1884.658374665,1884.658383436,0.051574145000131466,0.005127949999859993,0.04575011400015683,0.0005824650002068665
211,0,16,0.06985749999876134,0.018601562998583177,1884.784966861,1884.836222798,1884.785069361,1884.790074413,1884.835658794,1884.835667667,0.051255937000178164,0.005005051999887655,0.04558438100002604,0.0005551310000555532
212,1,16,0.08558533299947158,0.022914075999324268,1884.96720984,1885.029881097,1884.967329168,1884.972484349,1885.029262528,1885.029276399,0.0626712570001473,0.005155180999963704,0.05677817899982074,0.0006046979999609903
213,0,16,0.06855654198443517,0.01727418998439134,1885.154654303,1885.205936655,1885.154760883,1885.159898317,1885.205377343,1885.205390805,0.05128235200004383,0.005137433999834684,0.04547902600006637,0.0005458499999804189
214,0,16,0.06978979101404548,0.01817617601409438,1885.332289379,1885.383902994,1885.332395754,1885.33758347,1885.383348985,1885.383357858,0.051613614999951096,0.005187716000136788,0.04576551500008463,0.0005451360000279237
215,0,16,0.07071008300408721,0.01913910600410418,1885.509984176,1885.561555153,1885.510108504,1885.515218614,1885.560988077,1885.560997154,0.05157097699998303,0.005110110000032364,0.045769462999942334,0.0005579989999660029
216,0,16,0.07131762499921024,0.01891745299917602,1885.687740284,1885.740140456,1885.687849721,1885.693048666,1885.739587149,1885.73960051,0.05240017200003422,0.005198945000074673,0.04653848299994934,0.0005399460001171974
217,0,16,0.08503979101078585,0.0334172060106539,1885.871377255,1885.92299984,1885.871480369,1885.876642087,1885.922456529,1885.922465198,0.05162258500013195,0.0051617179999539076,0.04581444200016449,0.0005346420000478247
218,0,16,0.06761008300236426,0.016019422002500505,1886.05944558,1886.111036241,1886.059561851,1886.064740805,1886.110478344,1886.110487116,0.05159066099986376,0.005178954000029989,0.04573753900012889,0.0005491249999067804
219,1,16,0.08032325000385754,0.018900448003705606,1886.236905094,1886.298327896,1886.237014124,1886.242264575,1886.297720431,1886.297736138,0.06142280200015193,0.005250450999938039,0.055455855999980486,0.0005917580001550959
220,0,16,0.07283187500433996,0.02105966800445458,1886.426726051,1886.478498258,1886.426829063,1886.432054628,1886.477914455,1886.477923227,0.051772206999885384,0.005225565000046117,0.045859826999958386,0.0005750309999257297
221,0,16,0.0709037090127822,0.018983001012884415,1886.608512172,1886.66043288,1886.608616102,1886.613888889,1886.659859888,1886.659868863,0.051920707999897786,0.005272786999967138,0.04597099900001922,0.0005640169999878708
222,0,16,0.07042687499779277,0.018773386997736452,1886.788147586,1886.839801074,1886.788252331,1886.79363731,1886.839260924,1886.839270001,0.05165348800005631,0.005384978999927625,0.045623614000078305,0.0005310730000473995
223,0,16,0.07093658298254013,0.01981263698235125,1886.963810305,1887.014934251,1886.963914541,1886.969107775,1887.014387063,1887.014400628,0.05112394600018888,0.005193234000216762,0.04527928799984693,0.0005336230001375952
224,4,16,0.1260767919884529,0.038338295988523896,1887.160513994,1887.24825249,1887.16061823,1887.165874291,1887.247442571,1887.247458788,0.087738495999929,0.0052560609999545704,0.08156828000005589,0.0007937020000099437
225,0,16,0.07131170798675157,0.020348297986856778,1887.380316037,1887.431279447,1887.380416091,1887.385632579,1887.430689729,1887.430699928,0.05096340999989479,0.005216488000087338,0.04505715000004784,0.0005795189999844297
226,0,16,0.07232445798581466,0.021473034985774575,1887.559948595,1887.610800018,1887.560052525,1887.565346323,1887.610215399,1887.610226517,0.050851423000040086,0.00529379800013885,0.04486907599994083,0.0005735009999625618
227,0,16,0.07444050000049174,0.02329483000039545,1887.7417134,1887.79285907,1887.741814372,1887.747040753,1887.792263844,1887.792277307,0.05114567000009629,0.00522638100005679,0.045223091000025306,0.0005817630001274665
228,1,16,0.08284212500439025,0.022574282004370616,1887.927563498,1887.987831341,1887.927685787,1887.932927874,1887.98720052,1887.98720919,0.06026784300001964,0.00524208699994233,0.0542726460000722,0.0006221510000159469
229,0,16,0.07135879198904149,0.020240251988980162,1888.115343899,1888.166462439,1888.115448849,1888.120755191,1888.165913212,1888.165921779,0.05111854000006133,0.0053063420000398764,0.045158021000133886,0.0005406600000696926
230,0,16,0.06921650000731461,0.01804319000734722,1888.289190649,1888.340363959,1888.289293457,1888.294710768,1888.339725081,1888.339741196,0.05117330999996739,0.005417310999973779,0.04501431300013792,0.0006227629999102646
231,0,16,0.07393016698188148,0.0228847549819875,1888.471353325,1888.522398737,1888.47149846,1888.476921992,1888.521852773,1888.521861953,0.051045411999893986,0.005423531999895204,0.04493078100017556,0.0005367839999053103
232,0,16,0.06469991698395461,0.013963235983965205,1888.644622189,1888.69535887,1888.644749067,1888.650064793,1888.694813621,1888.6948228,0.0507366809999894,0.005315725999935239,0.04474882800013802,0.0005360699999528151
233,0,16,0.06873162498231977,0.017734658982362816,1888.819838489,1888.870835455,1888.819942317,1888.825214798,1888.870227174,1888.870244104,0.050996965999956956,0.0052724810000199795,0.04501237600015884,0.0005913509999118105
234,0,16,0.07307591702556238,0.02246019702556623,1888.997570016,1889.048185736,1888.997673538,1889.003077793,1889.047628247,1889.047636916,0.050615719999996145,0.005404255000030389,0.044550453999818274,0.0005488199999490462
235,0,16,0.06988175000878982,0.018043350008838388,1889.175186701,1889.227025101,1889.175292262,1889.180744964,1889.226455577,1889.226469244,0.051838399999951434,0.005452701999956844,0.045710612999982914,0.0005558569998811436
236,0,16,0.07006320799700916,0.018273253996994754,1889.350747836,1889.40253779,1889.350854316,1889.356279684,1889.401915639,1889.401925022,0.051789954000014404,0.00542536799980553,0.045635955000079775,0.0006127680001100089
237,0,16,0.0733732910011895,0.021820774001071186,1889.532604332,1889.584156849,1889.532708364,1889.538091915,1889.583601094,1889.583609967,0.051552517000118314,0.005383551000022635,0.045509178999964206,0.0005468819999805419
238,4,16,0.10792774998117238,0.018278635981232583,1889.708099377,1889.797748491,1889.708201471,1889.713764018,1889.796953462,1889.796967333,0.0896491139999398,0.0055625469999540655,0.08318944400002692,0.0007811579998815432
239,0,16,0.07329883298370987,0.02220018198386242,1889.924544656,1889.975643307,1889.924647362,1889.929929736,1889.975057465,1889.97507103,0.05109865099984745,0.0052823739999894315,0.04512772899988704,0.0005722769999465527
240,0,16,0.06850791597389616,0.016523156974017184,1890.100196258,1890.152181017,1890.100298964,1890.105734123,1890.151564373,1890.151573349,0.05198475899987898,0.0054351589999441785,0.045830249999880834,0.0006076679999296175
241,0,16,0.0769156249880325,0.024888334988190763,1890.283936038,1890.335963328,1890.28404211,1890.28951419,1890.335395334,1890.335408695,0.05202728999984174,0.005472080000117785,0.04588114399984988,0.0005546329998651345
242,0,16,0.06935087498277426,0.017129290982893508,1890.46179424,1890.514015824,1890.461897456,1890.467314766,1890.513366339,1890.5133797,0.05222158399988075,0.005417309999984354,0.04605157299988605,0.0006361239998113888
243,0,16,0.07506950001697987,0.023226918016916898,1890.643958854,1890.695801436,1890.644060948,1890.649398092,1890.695191421,1890.695201008,0.051842582000062976,0.005337143999895488,0.0457933289999346,0.0006004280000979634
244,0,16,0.07536074999370612,0.023495321993550533,1890.827163583,1890.879029011,1890.827268023,1890.832813027,1890.87844276,1890.878451736,0.05186542800015559,0.0055450039999414,0.045629733000168926,0.0005772750000687665
245,0,16,0.07236829199246131,0.021035159992379704,1891.010949361,1891.062282493,1891.01106961,1891.016491815,1891.061672988,1891.061681759,0.051333132000081605,0.005422205000058966,0.045181172999946284,0.0006007340000451222
246,1,16,0.08445270897937007,0.022817253979383167,1891.188336053,1891.249971508,1891.188438657,1891.193973054,1891.249284081,1891.249297952,0.061635454999986905,0.005534397000019453,0.05531102700001611,0.0006735560000379337
247,0,16,0.07095824999851175,0.019167683998603025,1891.376398462,1891.428189028,1891.376518099,1891.382187941,1891.427622258,1891.427631131,0.05179056599990872,0.005669842000088465,0.04543431699994471,0.0005578969999078254
248,0,16,0.07541512500029057,0.02350665600033608,1891.560277461,1891.61218593,1891.560405563,1891.566028999,1891.611638436,1891.611647106,0.051908468999954493,0.005623436000178117,0.045609436999939135,0.0005388239999319921
249,0,16,0.07022162500652485,0.018736117006483255,1891.737842537,1891.789328045,1891.737943305,1891.743589894,1891.788780041,1891.788788405,0.05148550800004159,0.00564658899997994,0.045190147000084835,0.0005396399999426649
250,0,16,0.07281962502747774,0.020510225027464912,1891.913368077,1891.965677477,1891.913473639,1891.919191418,1891.965111625,1891.965125394,0.05230940000001283,0.00571777900017878,0.045920206999880975,0.0005520830000023125
251,0,16,0.0710727920231875,0.01912250602322274,1892.091044427,1892.142994713,1892.091150703,1892.09691448,1892.142394387,1892.142403261,0.05195028599996476,0.005763776999856418,0.04547990700007176,0.0005914519999805634
252,0,16,0.07163504100753926,0.019494846007546585,1892.266654111,1892.318794306,1892.266758245,1892.272488161,1892.31820469,1892.318214175,0.05214019499999267,0.005729916000063895,0.045716528999946604,0.0005801309998787474
253,0,16,0.07761708300677128,0.026030093006738753,1892.450446825,1892.502033815,1892.450547491,1892.45613013,1892.501440527,1892.501449706,0.05158699000003253,0.005582639000067502,0.04531039700009387,0.0005841090001013072
254,0,16,0.07287787497625686,0.020856805976109172,1892.634806614,1892.686827683,1892.634908097,1892.640639542,1892.686241534,1892.686250611,0.05202106900014769,0.0057314449998102646,0.0456019920000017,0.0005770719999418361
255,0,16,0.07539987500058487,0.023178902000609014,1892.813905448,1892.866126421,1892.814026614,1892.819521337,1892.865520995,1892.865530685,0.052220972999975857,0.005494722999856094,0.04599965800002792,0.0005957359999229084
256,0,16,0.07125679199816659,0.01931425799830322,1892.993512508,1893.045455042,1892.99361603,1892.999455281,1893.044876033,1893.044885008,0.05194253399986337,0.005839250999997603,0.045420751999927234,0.0005700340000203141
257,0,16,0.07007454201811925,0.0186711370181456,1893.171203238,1893.222606643,1893.171305027,1893.176957122,1893.222047726,1893.222056497,0.051403404999973645,0.005652094999959445,0.045090604000051826,0.0005501460000232328
258,0,16,0.07363462500507012,0.02146750400493147,1893.350878735,1893.403045856,1893.351002758,1893.356692795,1893.402450324,1893.402460421,0.05216712100013865,0.00569003700002213,0.045757528999956776,0.0005854350001754938
259,0,16,0.07008995901560411,0.018288541015408555,1893.530608398,1893.582409816,1893.530713553,1893.536439269,1893.581832125,1893.5818411,0.051801418000195554,0.005725716000142711,0.04539285599980758,0.000568716000088898
260,0,16,0.07271108397981152,0.020697824979833968,1893.710379735,1893.762392994,1893.710483666,1893.716225701,1893.761792251,1893.761800921,0.05201325899997755,0.0057420349999119935,0.045566550000103234,0.0005920730000070762
261,0,16,0.07364033299381845,0.021977727993771623,1893.89208436,1893.943746965,1893.892187986,1893.897927164,1893.943168763,1893.943177841,0.051662605000046824,0.005739178000112588,0.04524159899983715,0.0005691239998668607
262,0,16,0.09938787500141189,0.04654316500159439,1894.102378296,1894.155223006,1894.102483451,1894.108368583,1894.154568922,1894.154582487,0.052844709999817496,0.005885132000003068,0.04620033900005183,0.0006405189999441063
263,0,16,0.07264500000746921,0.02036666000731202,1894.280040814,1894.332319154,1894.280157596,1894.286025083,1894.331737076,1894.331746052,0.052278340000157186,0.0058674869999322254,0.04571199300016815,0.0005731020000894205
264,0,16,0.07047208299627528,0.01729609799622267,1894.461742685,1894.51491867,1894.461846412,1894.467842411,1894.514300079,1894.514314154,0.053175985000052606,0.005995998999878793,0.046457667999902696,0.0006045160000667238
265,0,16,0.07165866598370485,0.01908546198365002,1894.640231962,1894.692805166,1894.640360066,1894.646046616,1894.692125685,1894.692134048,0.05257320400005483,0.005686549999836643,0.046079069000143136,0.0006711179999001615
266,0,16,0.07045137500972487,0.018118264009672203,1894.821069744,1894.873402855,1894.821173165,1894.827013318,1894.872768761,1894.87277743,0.05233311100005267,0.005840153000008286,0.04575544300018919,0.0006254249999528838
267,0,16,0.08293608401436359,0.030935371014493285,1894.998857408,1895.050858121,1894.998962155,1895.004913277,1895.050228821,1895.050238918,0.0520007129998703,0.005951121999942188,0.04531554400000459,0.0006192029998146609
268,0,16,0.08169104199623689,0.029763151996348824,1895.196843574,1895.248771464,1895.196966476,1895.202664042,1895.248184389,1895.248193161,0.051927889999888066,0.005697565999980725,0.04552034700009244,0.0005783029998838174
269,0,16,0.07498216698877513,0.021574451988954024,1895.376605222,1895.430012937,1895.376709663,1895.382536454,1895.429425964,1895.429435143,0.05340771499982111,0.005826791000117737,0.04688951000002817,0.0005777939998097281
270,0,16,0.07947158397291787,0.026588523972804978,1895.560340437,1895.613223497,1895.560440697,1895.566262796,1895.612607252,1895.612621837,0.05288306000011289,0.005822098999942682,0.046344456000042555,0.0006016600000293693
271,0,16,0.07768916699569672,0.025022333995593726,1895.752934203,1895.805601036,1895.753057207,1895.758926326,1895.804984893,1895.804998356,0.052666833000103,0.005869118999953571,0.046058567000045514,0.000602680000156397
272,0,16,0.07548508301260881,0.0231137240125463,1895.938095696,1895.990467055,1895.938200852,1895.944250295,1895.989797467,1895.989805932,0.05237135900006251,0.006049443000165411,0.04554717199994229,0.0006611229998725321
273,0,16,0.07502237500739284,0.02274107800735692,1896.115779837,1896.168061134,1896.115884584,1896.121827648,1896.167427754,1896.167436628,0.05228129700003592,0.0059430639998936385,0.0456001060001654,0.0006245060001219827
274,0,16,0.0771222919865977,0.024191702986627206,1896.29954718,1896.352477769,1896.299651213,1896.305730235,1896.351742905,1896.351751779,0.052930588999970496,0.006079021999994438,0.04601266999998188,0.0007259899998643959
275,0,16,0.07613345902063884,0.022713709020763417,1896.487445875,1896.540865625,1896.487547767,1896.493820678,1896.540162074,1896.540171151,0.05341974999987542,0.006272910999996384,0.046341395999888846,0.0006944739998289151
276,0,16,0.07447249998222105,0.022064831982334,1896.669908007,1896.722315675,1896.670015406,1896.676180612,1896.721707589,1896.721716972,0.05240766799988705,0.006165206000105172,0.04552697700000863,0.0005987029999232618
277,1,16,0.08298070801538415,0.02023313501535995,1896.846736421,1896.909483994,1896.846841678,1896.85278821,1896.908831337,1896.90884531,0.0627475730000242,0.0059465320000526845,0.056043127000066306,0.0006386840000232041
278,0,16,0.09507754200603813,0.04259368500606797,1897.06120577,1897.113689627,1897.06132806,1897.067297031,1897.113110201,1897.113127336,0.05248385699997016,0.005968970999902012,0.04581316999997398,0.0005622910000511183
279,0,16,0.07094320797477849,0.018573480974737322,1897.238617383,1897.29098711,1897.238719479,1897.244630517,1897.29031742,1897.290330169,0.052369727000041166,0.005911037999794644,0.04568690300015987,0.0006569409999883646
280,0,16,0.0743355419836007,0.02143177698371801,1897.414622811,1897.467526576,1897.414728986,1897.420839524,1897.466818536,1897.466833733,0.052903764999882696,0.006110538000029919,0.04597901199986154,0.0006928430000243679
281,0,16,0.07301845800247975,0.020545310002489714,1897.598188105,1897.650661253,1897.598313761,1897.604459588,1897.65000421,1897.650017775,0.05247314799999003,0.0061458269999548065,0.0455446219998521,0.000643478000029063
282,0,16,0.07413879199884832,0.021770492998939517,1897.777903651,1897.83027195,1897.778028797,1897.783966762,1897.829689464,1897.829698134,0.0523682989999088,0.005937965000157419,0.0457227019999209,0.0005738160000419157
283,0,16,0.0728028750163503,0.019982745016477566,1897.961636317,1898.014456447,1897.961754833,1897.967892705,1898.013824699,1898.013838264,0.052820129999872734,0.006137871999953859,0.045931994000056875,0.0006181829999150068
284,0,16,0.07027324999216944,0.017547565992117597,1898.133102112,1898.185827796,1898.133208186,1898.13929965,1898.185206145,1898.185219405,0.05272568400005184,0.006091464000064661,0.045906494999826464,0.0006083910000143078
285,0,16,0.07152108399895951,0.0188726089991178,1898.308777591,1898.361426066,1898.308903451,1898.315061109,1898.360848068,1898.360856941,0.05264847499984171,0.006157657999892763,0.045786958999997296,0.0005691249998562853
286,0,16,0.07116333302110434,0.019057057020972934,1898.490473445,1898.542579721,1898.49057554,1898.496627737,1898.541953379,1898.54196266,0.0521062760001314,0.006052196999917214,0.045325642000079824,0.0006170609999571752
287,0,16,0.07165666701621376,0.018710473016199103,1898.664054893,1898.717001087,1898.66415811,1898.670404299,1898.716376784,1898.716393001,0.05294619400001466,0.006246188999966762,0.04597248499999296,0.0006080860000565735
288,0,16,0.07032749999780208,0.017633433997843895,1898.84201156,1898.894705626,1898.842133748,1898.848209404,1898.893990549,1898.893999116,0.052694065999958184,0.006075656000120944,0.04578114499986441,0.000706509999872651
289,0,16,0.06759033299749717,0.014781319997382525,1899.017338832,1899.070147845,1899.017443172,1899.023465995,1899.069393297,1899.069406964,0.052809013000114646,0.006022822999966593,0.045927302000109194,0.0007408809999560617
290,0,16,0.07032216599327512,0.01802546699332197,1899.197000118,1899.249296817,1899.197105579,1899.203245491,1899.248638448,1899.248647322,0.05229669899995315,0.006139911999980541,0.045392957000103706,0.0006494950000615063
291,0,16,0.0699700829864014,0.017094875986458646,1899.372584312,1899.425459519,1899.372704359,1899.378744725,1899.424717516,1899.424727307,0.05287520699994275,0.006040365999979258,0.04597279100016749,0.0007322120000026189
292,0,16,0.07611283398000523,0.02253907397994226,1899.554335753,1899.607909513,1899.554460695,1899.560830806,1899.607096216,1899.607104988,0.053573760000062975,0.006370111000023826,0.04626540999993267,0.0008045250001487148
293,0,16,0.07286620800732635,0.02022936100752304,1899.734225198,1899.786862045,1899.734333515,1899.740590413,1899.786254266,1899.786263241,0.05263684699980331,0.00625689800017426,0.045663852999950905,0.0005988039999920147
294,0,16,0.07500495799467899,0.021929129994759933,1899.917747451,1899.970823279,1899.917850566,1899.924200075,1899.970170928,1899.970184595,0.053075827999919056,0.006349509000074249,0.04597085299997161,0.0006386839997958305
295,0,16,0.07000850001350045,0.01732361401354865,1900.093506768,1900.146191654,1900.093628956,1900.099784881,1900.145580407,1900.145594176,0.0526848859999518,0.006155925000030038,0.04579552599989256,0.0005974779999178281
296,0,16,0.07065574999433011,0.01817709399438172,1900.273235267,1900.325713923,1900.273335629,1900.279504915,1900.325075545,1900.325084419,0.05247865599994839,0.006169285999931162,0.045570629999929224,0.0006295040000168228
297,0,16,0.07248187498771586,0.019909792987618857,1900.454852586,1900.507424668,1900.454956722,1900.461224329,1900.506689396,1900.506698269,0.052572082000097,0.006267607000154385,0.0454650669998955,0.0007263990000865306
298,0,16,0.08060787501744926,0.028192252017333885,1900.634610766,1900.687026389,1900.634732036,1900.640736908,1900.686401882,1900.686415346,0.052415623000115374,0.006004871999948591,0.04566497399991931,0.0006110429999353073
299,0,16,0.07514566698228009,0.02250800298224931,1900.825128656,1900.87776632,1900.82523269,1900.831383515,1900.877119476,1900.877133042,0.05263766400003078,0.00615082500007702,0.04573596099999122,0.0006332780001230276
300,3,16,0.10746020800434053,0.023904006004386247,1901.002068651,1901.085624853,1901.00217605,1901.008449982,1901.084844398,1901.08485317,0.08355620199995428,0.006273932000112836,0.07639441600008468,0.0007716829998116737
301,0,16,0.07695137499831617,0.024314628998354237,1901.216937101,1901.269573847,1901.217041543,1901.223574844,1901.268944138,1901.268954338,0.05263674599996193,0.006533300999990388,0.045369294000010996,0.0006195089999891934
302,0,16,0.0936177909898106,0.04106508898985339,1901.400323499,1901.452876201,1901.400427532,1901.406697893,1901.452237212,1901.452246085,0.05255270199995721,0.006270360999906188,0.04553931899999952,0.0006301159999111405
303,0,16,0.0725767079857178,0.019503394985804334,1901.602417544,1901.655490857,1901.60251658,1901.608691977,1901.654717849,1901.65473376,0.05307331299991347,0.006175397000106386,0.04602587199997288,0.0007570969999051158
304,4,16,0.1130496249825228,0.02441996598258811,1901.782230371,1901.87086003,1901.782336546,1901.788701244,1901.870010731,1901.87001991,0.08862965899993469,0.006364698000197677,0.08130948699999863,0.0008401199997933873
305,0,16,0.07210504199611023,0.019201649996148262,1902.005155729,1902.058059121,1902.005258844,1902.01155949,1902.057382701,1902.057396368,0.05290339199996197,0.006300645999999688,0.04582321099996989,0.000662753000142402
306,0,16,0.07605558400973678,0.02293372100984925,1902.182448297,1902.23557016,1902.182549373,1902.188825846,1902.234868547,1902.234882928,0.053121862999887526,0.006276473000070837,0.046042700999805675,0.0006872320000184118
307,0,16,0.07597708300454542,0.022854405004636646,1902.36821948,1902.421342158,1902.368323717,1902.374711975,1902.420737439,1902.42075131,0.053122677999908774,0.006388258000015412,0.04602546399996754,0.0005908480000016425
308,0,16,0.07299583300482482,0.020253794004702286,1902.551957831,1902.60469987,1902.552059722,1902.558421972,1902.604030691,1902.60404395,0.05274203900012253,0.006362249999938285,0.04560871900002894,0.000655920000099286
309,0,16,0.07314533300814219,0.020475710008213355,1902.733723323,1902.786392946,1902.73382654,1902.740234585,1902.785751509,1902.785764564,0.05266962299992883,0.0064080449999437405,0.04551692399991225,0.0006283820000589913
310,0,16,0.1092512080213055,0.055157552021228184,1902.946164467,1903.000258123,1902.946268909,1902.95300374,1902.999561814,1902.999570891,0.05409365600007732,0.006734830999903352,0.04655807399990408,0.0006872320000184118
311,0,16,0.07388491698657162,0.020922877986549793,1903.131840082,1903.184802121,1903.131944217,1903.138391733,1903.184107545,1903.184116215,0.05296203900002183,0.006447515999980169,0.045715812000025835,0.0006859060001715989
312,0,16,0.07588166699861176,0.02328731499846981,1903.312680799,1903.365275151,1903.312784016,1903.319223781,1903.364622087,1903.36463555,0.05259435200014195,0.006439764999868203,0.04539830600015193,0.0006396010001026298
313,0,16,0.0755824169900734,0.022049928990099943,1903.497420726,1903.550953214,1903.497527105,1903.504331496,1903.550272407,1903.550283117,0.053532487999973455,0.006804391000059695,0.04594091099988873,0.0006700970000110829
314,0,16,0.07210587497684173,0.01880154597688488,1903.676981221,1903.73028555,1903.677104837,1903.683633642,1903.729625652,1903.729639523,0.05330432899995685,0.006528805000016291,0.04599201000019093,0.0006460269999024604
315,0,16,0.07541758299339563,0.02267839999331045,1903.856771201,1903.909510384,1903.856877682,1903.863480025,1903.908841511,1903.90885477,0.05273918300008518,0.006602342999940447,0.04536148600004708,0.0006556139999247534
316,0,16,0.07168224998167716,0.01880710998170798,1904.03842399,1904.09129913,1904.038527207,1904.044980945,1904.090547031,1904.090561718,0.05287513999996918,0.006453737999891018,0.045566086000008,0.0007374120000349649
317,0,16,0.07214850001037121,0.018996039010289678,1904.220354915,1904.273507376,1904.220459356,1904.227147781,1904.272847478,1904.272856249,0.05315246100008153,0.0066884249999930034,0.04569969699991816,0.0006511270000828517
318,0,16,0.07884062500670552,0.025943251006765422,1904.40609448,1904.458991854,1904.406199941,1904.412605334,1904.458324511,1904.458333181,0.0528973739999401,0.006405393000022741,0.045719176999909905,0.0006586730000890384
319,0,16,0.07527475000824779,0.021927074008317504,1904.589855167,1904.643202843,1904.589978783,1904.596564501,1904.642503984,1904.642517957,0.05334767599993029,0.006585717999996632,0.04593948299998374,0.0006848859998171974
320,0,16,0.07072337498539127,0.01832678798541565,1904.771569356,1904.823965943,1904.771673593,1904.778175778,1904.823297172,1904.823310227,0.052396586999975625,0.006502185000044847,0.04512139399980697,0.000655715999982931
321,0,16,0.08423487498657778,0.031234486986704724,1904.95741173,1905.010412118,1904.957534428,1904.964224077,1905.009593927,1905.009607186,0.053000387999873055,0.0066896490000090125,0.04536985000004279,0.0008049319999372528
322,0,16,0.07516691600903869,0.02208809500893949,1905.13908298,1905.192161801,1905.139185993,1905.145875132,1905.19143214,1905.191445297,0.0530788210000992,0.006689138999945499,0.045557008000059795,0.0007165040001382295
323,0,16,0.07011258299462497,0.01733800899455673,1905.32084225,1905.373616824,1905.320946079,1905.327478046,1905.372934998,1905.372948767,0.05277457400006824,0.0065319670000008045,0.045456951999995,0.000668056999984401
324,0,16,0.07254304099478759,0.019906871994635367,1905.500533603,1905.553169772,1905.50066344,1905.507090252,1905.552502531,1905.552515892,0.05263616900015222,0.006426811999972415,0.04541227900017475,0.0006538800000726042
325,0,16,0.07513195901992731,0.02214391201982835,1905.684271036,1905.737259083,1905.684378435,1905.691035853,1905.736602755,1905.736617442,0.05298804700009896,0.006657417999804238,0.04556690200001867,0.0006416410001293116
326,0,16,0.08011545799672604,0.026282904996833167,1905.868058445,1905.921890998,1905.86817431,1905.875046425,1905.921135533,1905.921144712,0.05383255299989287,0.0068721149998509645,0.046089108000160195,0.0007462860000941873
327,1,16,0.08223345800070092,0.019235059000720867,1906.047812116,1906.110810515,1906.047938588,1906.05461202,1906.110074122,1906.110088401,0.06299839899998005,0.00667343199984316,0.05546210200009227,0.0007221139999273873
328,0,16,0.09028341600787826,0.037345652007843455,1906.243768671,1906.296706435,1906.24387403,1906.250592339,1906.296064896,1906.296078258,0.052937764000034804,0.006718309000007139,0.04547255700003916,0.0006281769999532116
329,0,16,0.0771508339967113,0.0246353219968114,1906.435788686,1906.488304198,1906.435891904,1906.442512605,1906.487664801,1906.487674184,0.0525155119998999,0.0066207009999743605,0.045152195999889955,0.000630013999852963
330,0,16,0.07102229201700538,0.01840132001711936,1906.619550496,1906.672171468,1906.619653203,1906.626334794,1906.671570931,1906.671584292,0.052620971999886024,0.006681590999960463,0.045236136999847076,0.0005871759999536152
331,0,16,0.07368100000894628,0.019787557009067314,1906.797139254,1906.851032697,1906.79725981,1906.804266454,1906.850431955,1906.850440625,0.05389344299987897,0.007006644000057349,0.04616550099990491,0.0005920720000176516
332,0,16,0.0709512080065906,0.01769328700652295,1906.979569335,1907.032827256,1906.979675612,1906.986337212,1907.032180312,1907.032193469,0.053257921000067654,0.006661600000143153,0.045843099999956394,0.0006337869999697432
333,0,16,0.06988229200942442,0.01696237700934944,1907.158507058,1907.211426973,1907.158611703,1907.165341741,1907.210741985,1907.210755958,0.05291991500007498,0.006730038000114291,0.045400243999893064,0.0006710150000799331
334,0,16,0.07192424999084324,0.018802387990945135,1907.338271438,1907.3913933,1907.33839689,1907.34512244,1907.390709434,1907.390724019,0.0531218619998981,0.006725550000055591,0.045586993999904735,0.0006692810000004101
335,0,16,0.07169425001484342,0.018552601014789616,1907.517999202,1907.571140851,1907.518104255,1907.524717409,1907.570489113,1907.570503494,0.0531416490000538,0.006613153999978749,0.045771703999889723,0.0006373570001869666
336,0,16,0.07626970802084543,0.022770062020754267,1907.6997599,1907.753259546,1907.699864341,1907.706651598,1907.752503775,1907.752512342,0.05349964600009116,0.006787257000041791,0.04585217699991517,0.0007472039999356639
337,1,16,0.10543108399724588,0.042283978997375016,1907.901947235,1907.96509434,1907.902070341,1907.908921241,1907.964164058,1907.964178949,0.06314710499987086,0.006850900000017646,0.05524281700013489,0.0009153910000350152
338,0,16,0.07295224998961203,0.019637007989558697,1908.089801634,1908.143116876,1908.089907197,1908.096679256,1908.14243199,1908.142440659,0.05331524200005333,0.006772059000013542,0.04575273399996149,0.0006762170000911283
339,0,16,0.07644391700159758,0.023038921001671042,1908.26735194,1908.320756936,1908.267456075,1908.274158371,1908.320096733,1908.320105402,0.05340499599992654,0.006702296000185015,0.04593836199978796,0.0006515339998713898
340,0,16,0.07408654200844467,0.020511319008392093,1908.453215223,1908.506790446,1908.453318542,1908.460091213,1908.506089547,1908.506098522,0.053575223000052574,0.006772670999907859,0.04599833400015996,0.0006919239999660931
341,0,16,0.07140008299029432,0.01753856399045617,1908.632852417,1908.686713936,1908.632954716,1908.639900674,1908.686089226,1908.686098405,0.053861518999838154,0.006945957999960228,0.046188551999875926,0.0006155309999940073
342,0,16,0.07228745802422054,0.018617687024288898,1908.810481462,1908.864151233,1908.810582333,1908.817321653,1908.863456658,1908.863466143,0.05366977099993164,0.006739319999951476,0.046135004999996454,0.0006850899999335525
343,0,16,0.07334454101510346,0.020207788015113692,1908.992895326,1909.046032079,1908.993001705,1908.999817418,1909.045395232,1909.045408899,0.05313675299998977,0.006815712999923562,0.04557781399989835,0.0006231800000477961
344,1,16,0.07998233300168067,0.01698658600184899,1909.172021431,1909.235017178,1909.172146475,1909.179068057,1909.234331884,1909.234341369,0.06299574699983168,0.006921581999904447,0.055263827000089805,0.0006758089998584182
345,0,16,0.0717057500150986,0.01881816601508035,1909.361880103,1909.414767687,1909.361983932,1909.368719376,1909.414097386,1909.414111155,0.05288758400001825,0.006735444000014468,0.045378010000149516,0.0006565319999936037
346,0,16,0.07735858298838139,0.02362475898826233,1909.545628245,1909.599362069,1909.545746354,1909.552742493,1909.598701253,1909.598709616,0.05373382400011906,0.00699613900019358,0.04595875999984855,0.0006524530001570383
347,0,16,0.07389895798405632,0.02044092498408645,1909.731477351,1909.784935384,1909.731599743,1909.738653916,1909.784229793,1909.784238361,0.05345803299996987,0.007054172999914954,0.045575876999919274,0.0006970229999296862
348,0,16,0.07823362501221709,0.024722250012018776,1909.911071912,1909.964583287,1909.911176353,1909.918120374,1909.963959801,1909.963973265,0.053511375000198314,0.006944020999981149,0.045839427000146316,0.0006100220000462286
349,0,16,0.07858641698840074,0.025247919988260037,1910.103110286,1910.156448783,1910.103213708,1910.11003044,1910.155763285,1910.155776034,0.053338497000140705,0.006816731999833792,0.045732844999974986,0.000672749000159456
350,0,16,0.0849127090186812,0.03187024201861277,1910.288953719,1910.341996186,1910.289079784,1910.295971032,1910.341337303,1910.341345972,0.05304246700006843,0.006891247999874395,0.04536627100014812,0.0006502139999611245
351,1,16,0.08212220799759962,0.017652599997518337,1910.476716851,1910.541186459,1910.476838122,1910.483870021,1910.540500547,1910.540510951,0.06446960800008128,0.007031899000139674,0.056630525999935344,0.0006755080000857561
352,0,16,0.07629404199542478,0.02232719999551591,1910.670711124,1910.724677966,1910.670816586,1910.678013205,1910.723993278,1910.72400205,0.053966841999908866,0.007196619000069404,0.045980073000009725,0.0006759159998637188
353,0,16,0.11688004102325067,0.06054580802333476,1910.889273898,1910.945608131,1910.889391803,1910.896612187,1910.94483175,1910.944848681,0.05633423299991591,0.007220383999992919,0.048219562999975096,0.0007594500000323023
354,0,16,0.08352404201286845,0.029203585012737676,1911.079833613,1911.13415407,1911.079936015,1911.087110502,1911.13339105,1911.133399821,0.05432045700013077,0.00717448700015666,0.046280547999913324,0.0007542490000105317
355,0,16,0.07530604201019742,0.02168373701033488,1911.262890012,1911.316512317,1911.262993434,1911.269953426,1911.315838644,1911.315847212,0.053622304999862536,0.0069599920000200655,0.0458852179999667,0.0006651049998254166
356,0,16,0.079040749988053,0.026131997988159128,1911.450820925,1911.503729677,1911.450924755,1911.457906166,1911.503066204,1911.503079871,0.052908751999893866,0.006981410999969739,0.04516003800017643,0.0006498059999557881
357,0,16,0.07553404098143801,0.022029028981478405,1911.638680339,1911.692185351,1911.638783252,1911.64588318,1911.691463129,1911.691471901,0.053505011999959606,0.007099928000116051,0.04557994900005724,0.0007134499999210675
358,0,16,0.0756275839812588,0.02183137798124335,1911.822406535,1911.876202741,1911.822530764,1911.829596729,1911.875560278,1911.875574048,0.053796206000015445,0.007065965000037977,0.04596354899990729,0.0006286929999532731
359,0,16,0.07534937499440275,0.02125758999432037,1912.00408754,1912.058179325,1912.004192186,1912.011230408,1912.057350315,1912.057358985,0.05409178500008238,0.007038222000119276,0.04611990699982016,0.0008203400000184047
360,0,16,0.07877929098322056,0.02496890798329332,1912.190124418,1912.243934801,1912.190289547,1912.197310022,1912.243143937,1912.243157604,0.05381038299992724,0.007020474999990256,0.04583391500000289,0.000777196999933949
361,0,16,0.07281429099384695,0.01947807899387044,1912.375785344,1912.429121556,1912.375889175,1912.382915157,1912.428437887,1912.428451147,0.05333621199997651,0.0070259819999591855,0.04552272999990237,0.0006704089998947893
362,0,16,0.07932741698459722,0.02604108098466895,1912.563676173,1912.616962509,1912.563780616,1912.570863511,1912.616250487,1912.61625885,0.05328633599992827,0.007082894999939526,0.04538697599991792,0.0007036590000097931
363,0,16,0.08058820801670663,0.02696641201669081,1912.751768339,1912.805390135,1912.751891038,1912.758990865,1912.804714626,1912.804723602,0.05362179600001582,0.0070998270000472985,0.045723761000090235,0.0006665329999577807
364,0,16,0.07169637500192039,0.01862065800196433,1912.93530299,1912.988378707,1912.935407942,1912.942431069,1912.98770687,1912.98771554,0.05307571699995606,0.0070231269999112556,0.04527580100011619,0.000663167000084286
365,0,16,0.07399779098341241,0.020473196983402886,1913.114942782,1913.168467376,1913.115046,1913.12222324,1913.167695279,1913.167704153,0.05352459400000953,0.007177240000146412,0.04547203900006025,0.0007632230001490825
366,0,16,0.07118816699949093,0.017698147999453795,1913.296760357,1913.350250376,1913.296867145,1913.30396534,1913.349591798,1913.349605058,0.05349001900003714,0.007098195000025953,0.04562645799978782,0.0006453180001244618
367,0,16,0.07286629200098105,0.019515598001135004,1913.476405045,1913.529755739,1913.47652652,1913.483851448,1913.529087166,1913.529096346,0.053350693999846044,0.0073249279998890415,0.04523571799995807,0.0006593929999780812
368,0,16,0.08314237499143928,0.029712940991430514,1913.660302999,1913.713732433,1913.660406829,1913.667628131,1913.713035506,1913.713043971,0.05342943400000877,0.007221301999834395,0.045407375000195316,0.0006884619999709685
369,1,16,0.07681108301039785,0.013427714010276759,1913.845994932,1913.909378301,1913.846099272,1913.853247036,1913.908635272,1913.908648531,0.06338336900012109,0.007147764000137613,0.05538823599999887,0.000729770000134522
370,0,16,0.07342549998429604,0.018696657984264675,1914.033876684,1914.088605526,1914.033978372,1914.041433241,1914.087821495,1914.087830165,0.054728842000031364,0.007454868999957398,0.046388254000021334,0.0007753610000236222
371,0,16,0.06844187501701526,0.014426279017015986,1914.21155696,1914.265572556,1914.211659975,1914.218823446,1914.264895517,1914.264904289,0.05401559599999928,0.007163471000012578,0.04607207100002597,0.0006682670000373037
372,0,16,0.07636354200076312,0.023076798000829513,1914.393223176,1914.44650992,1914.393326394,1914.400491905,1914.445870007,1914.445883063,0.053286743999933606,0.00716551100003926,0.0453781019998587,0.0006268569998155726
373,0,16,0.07130908299586736,0.017598348995761626,1914.574985879,1914.628696613,1914.57511123,1914.582447173,1914.627972453,1914.627981123,0.05371073400010573,0.007335943000043699,0.04552527999999256,0.000715490000175123
374,0,16,0.09741354201105423,0.043118686010984675,1914.781289646,1914.835584502,1914.781413875,1914.788879759,1914.834890226,1914.834898794,0.05429485600006956,0.007465884000112055,0.04601046699986,0.0006857079999917914
375,0,16,0.07123487500939518,0.017680192009493112,1914.96503981,1915.018594493,1914.965143334,1914.972306193,1915.017901951,1915.017910621,0.05355468299990207,0.0071628589998908865,0.045595758000217756,0.000683871999854091
376,0,16,0.07673100000829436,0.022460521008270007,1915.14352574,1915.197796219,1915.143649357,1915.150980813,1915.196974655,1915.19698312,0.05427047900002435,0.007331455999974423,0.04599384200014356,0.000813099000197326
377,0,16,0.07712995799374767,0.023321104993783592,1915.330512389,1915.384321242,1915.330615811,1915.337983679,1915.383594328,1915.383602998,0.053808852999964074,0.0073678680000739405,0.04561064900008205,0.0007182439999269263
378,0,16,0.07561562498449348,0.02209031598454203,1915.516289589,1915.569814898,1915.516394643,1915.523732525,1915.569127864,1915.569136432,0.05352530899995145,0.007337882000001628,0.045395338999924206,0.0006784659999539144
379,0,16,0.07420366702717729,0.020741493027344404,1915.693844413,1915.747306587,1915.693966398,1915.701183722,1915.746597318,1915.746605988,0.053462173999832885,0.007217324000066583,0.04541359600011674,0.0007005989998560835
380,0,16,0.0778584580111783,0.019735448011260814,1915.877854255,1915.935977265,1915.877963389,1915.887476198,1915.935281255,1915.935290639,0.058123009999917485,0.009512809000170819,0.047805057000005036,0.0006866260000606417
381,0,16,0.0768370000005234,0.022321224000506845,1916.065639826,1916.120155602,1916.065739882,1916.073350496,1916.119309762,1916.119318126,0.05451577600001656,0.0076106140002139,0.04595926599995437,0.0008374760000151582
382,0,16,0.07469025001046248,0.020326242010469286,1916.251395607,1916.305759615,1916.251501783,1916.25889209,1916.30503158,1916.305040555,0.05436400799999319,0.0073903069999232684,0.04613949000008688,0.0007190599999375991
383,0,16,0.0714831669756677,0.017855761975852147,1916.433172487,1916.486799892,1916.433297736,1916.440582784,1916.486124893,1916.486138764,0.05362740499981555,0.007285048000085226,0.04554210899982536,0.0006611279998196551
384,0,16,0.07372583297546953,0.0198890329754704,1916.610821349,1916.664658149,1916.610949862,1916.618183505,1916.663978152,1916.663987026,0.05383679999999913,0.007233642999835865,0.04579464700009339,0.0006711229998472845
385,0,16,0.07494495797436684,0.020377470974153766,1916.792926447,1916.847493934,1916.793029563,1916.800515642,1916.846804248,1916.846813427,0.05456748700021308,0.00748607900004572,0.046288605999961874,0.0006805070001973945
386,0,16,0.07085704198107123,0.017065935981008806,1916.9722574,1917.026048506,1916.972378773,1916.979712881,1917.025384115,1917.025392478,0.05379110600006243,0.0073341080001227965,0.04567123399988304,0.0006560280000940111
387,0,16,0.07650620900676586,0.02252906500689278,1917.156644417,1917.210621561,1917.156750491,1917.164197201,1917.209906988,1917.209916168,0.05397714399987308,0.007446710000067469,0.045709787000077995,0.0007053929998619424
388,0,16,0.07449079200159758,0.020640937001644488,1917.335667857,1917.389517712,1917.33576873,1917.343167502,1917.388816195,1917.388825476,0.053849854999953095,0.00739877199998773,0.04564869299997554,0.0006922360000771732
389,0,16,0.07676029202411883,0.022643620024155098,1917.516493028,1917.5706097,1917.516595634,1917.524079877,1917.56987993,1917.569889416,0.05411667199996373,0.007484243000135393,0.04580005299999357,0.0007202839999536081
390,0,16,0.10620137499063276,0.05163072599066254,1917.723750748,1917.778321397,1917.723855496,1917.731637665,1917.777532164,1917.777541242,0.05457064899997022,0.007782169000165595,0.04589449899981446,0.0007801549998021073
391,0,16,0.07253412500722334,0.017728992007278066,1917.909480215,1917.964285348,1917.909582413,1917.917506354,1917.96357251,1917.963585973,0.05480513299994527,0.007923940999944534,0.046066156000051706,0.0006993750000674481
392,0,16,0.07319237501360476,0.019221453013415157,1918.089214555,1918.143185477,1918.08931655,1918.09678325,1918.142436635,1918.142445406,0.0539709220001896,0.007466700000122728,0.04565338499992322,0.0007400710001093103
393,0,16,0.07353383398731239,0.019415635987343194,1918.273035835,1918.327154033,1918.273160984,1918.28062819,1918.326431291,1918.326440675,0.0541181979999692,0.00746720600000117,0.04580310100004681,0.0007133579999845097
394,0,16,0.07628837501397356,0.022478306013908878,1918.450639905,1918.504449974,1918.450744451,1918.458243888,1918.503763237,1918.503772009,0.053810069000064686,0.00749943699997857,0.04551934899996013,0.0006779650000225956
395,0,16,0.07321841598604806,0.019025250986032916,1918.634446027,1918.688639192,1918.634549655,1918.641996666,1918.687909719,1918.687918388,0.05419316500001514,0.007447011000067505,0.04591305299982196,0.000720803999911368
396,0,16,0.07468408299610019,0.01932061999605139,1918.818208597,1918.87357206,1918.818333236,1918.826254731,1918.872649713,1918.872658485,0.055363463000048796,0.007921495000118739,0.046394982000038,0.0009135749999131804
397,0,16,0.07417058298597112,0.020687308985998243,1919.003969875,1919.057453149,1919.004075644,1919.011644642,1919.056742443,1919.056751011,0.05348327399997288,0.007568997999896965,0.04509780100011085,0.0007021379999514465
398,0,16,0.07587974998750724,0.021585405987480044,1919.188454166,1919.24274851,1919.18855402,1919.196160042,1919.241960593,1919.241969263,0.054294344000027195,0.0076060219998908,0.04580055099995661,0.0007792469998548768
399,0,16,0.06878304100246169,0.014794479002603111,1919.365484714,1919.419473276,1919.365606497,1919.373176209,1919.418772361,1919.418781541,0.053988561999858575,0.00756971199984946,0.045596152000143775,0.0006917349999184808
400,0,16,0.07948112499434501,0.023618494994479988,1919.54731059,1919.60317322,1919.547415952,1919.555945647,1919.602382856,1919.602391729,0.05586262999986502,0.008529695000106585,0.04643720900003245,0.0007814909999979136
401,0,16,0.0736806670029182,0.018614726002851967,1919.735484066,1919.790550007,1919.735588509,1919.743441973,1919.789601039,1919.789616339,0.05506594100006623,0.007853463999936139,0.04615906599997288,0.0009336680000160413
402,0,16,0.07481345799169503,0.020522581991826883,1919.916775892,1919.971066768,1919.916879519,1919.924389972,1919.970281299,1919.970292621,0.05429087599986815,0.0075104529998952785,0.0458913269999357,0.0007741469999018591
403,0,16,0.0714172080042772,0.016812797004149616,1920.100583646,1920.155188057,1920.100688191,1920.10842436,1920.154469599,1920.154484593,0.054604411000127584,0.00773616900005436,0.046045239000022775,0.0007034640000256331
404,0,16,0.07186962501145899,0.01799417701136008,1920.278248811,1920.332124259,1920.278354173,1920.285992732,1920.331432117,1920.33144099,0.05387544800009891,0.007638559000042733,0.04543938500000877,0.0006832690000919683
405,0,16,0.07326129099237733,0.019122285992352772,1920.457900241,1920.512039246,1920.458005399,1920.465656401,1920.511325378,1920.511333946,0.054139005000024554,0.007651001999875007,0.04566897700010486,0.0007053000001633336
406,1,16,0.12293487499118783,0.05790201599120337,1920.676443238,1920.741476097,1920.676566653,1920.684475399,1920.740625861,1920.740641058,0.06503285899998446,0.007908745999884559,0.056150462000005064,0.0008350390000941843
407,0,16,0.06882424998912029,0.014607830989007198,1920.862276117,1920.916492536,1920.862380662,1920.870122543,1920.915761533,1920.915770407,0.05421641900011309,0.007741880999901696,0.04563899000004312,0.00072212899999613
408,0,16,0.07190066701150499,0.01812670501158209,1921.041866451,1921.095640413,1921.041966509,1921.049480837,1921.094894417,1921.094903188,0.053773961999922903,0.0075143279998428625,0.04541358000005857,0.0007372249999662017
409,1,16,0.08802379199187271,0.023923377991877715,1921.227468003,1921.291568417,1921.227569693,1921.235351352,1921.29078203,1921.290796105,0.064100413999995,0.007781658999874708,0.05543067799999335,0.0007723119999809569
410,0,16,0.07580820799921639,0.02193479999914416,1921.419702233,1921.473575641,1921.419804738,1921.427603023,1921.47287493,1921.472883906,0.05387340800007223,0.007798285000035321,0.04527190699991479,0.0006917349999184808
411,0,16,0.07777445801184513,0.023644735011885132,1921.605494313,1921.659624036,1921.605596818,1921.613312486,1921.658814292,1921.658827756,0.054129722999959995,0.007715667999946163,0.045501805999947464,0.0007962800000314019
412,0,16,0.0792977919918485,0.025301886991883293,1921.789278914,1921.843274819,1921.789401512,1921.797024772,1921.84252923,1921.842538002,0.053995904999965205,0.007623259999945731,0.04550445800009584,0.0007368169999608654
413,0,16,0.07397545900312252,0.019973026003071936,1921.979173464,1922.033175897,1921.979277908,1921.987101283,1922.032405931,1922.032419497,0.05400243300005059,0.007823374999816224,0.04530464800018308,0.0007564000000002125
414,0,16,0.07804895800654776,0.023897917006706848,1922.16501287,1922.219163911,1922.16511864,1922.172942933,1922.218428522,1922.218437293,0.054151040999840916,0.007824293000112448,0.045485589000008986,0.0007266179998168809
415,0,16,0.07272391699370928,0.017621970993786817,1922.344750486,1922.399852432,1922.344858398,1922.35269952,1922.399120817,1922.399134587,0.055101945999922464,0.007841121999945244,0.04642129700005171,0.000717845000053785
416,0,16,0.08078349998686463,0.026486911986694395,1922.526455905,1922.580752493,1922.526597373,1922.534315183,1922.580042195,1922.580055557,0.05429658800017023,0.007717810000031022,0.04572701200004303,0.000696936000167625
417,0,16,0.10227395800757222,0.04733612300765344,1922.740899288,1922.795837123,1922.741002099,1922.749047927,1922.795090004,1922.795103468,0.05493783499991878,0.00804582799992204,0.04604207700003826,0.000733654999976352
418,0,16,0.08311537498957478,0.028552373989668922,1922.924674301,1922.979237302,1922.924778643,1922.932691774,1922.978528738,1922.978537714,0.05456300099990585,0.007913130999895657,0.045836964000045555,0.0006995880000886245
419,0,16,0.07339991698972881,0.01837110198971459,1923.107268612,1923.162297427,1923.107390497,1923.115392059,1923.161610079,1923.161619156,0.05502881500001422,0.008001561999890328,0.04621801999996933,0.0006782710001971282
420,0,16,0.07875549999880604,0.02464974599888592,1923.290853914,1923.344959668,1923.290959377,1923.298755724,1923.344273747,1923.344282315,0.054105753999920125,0.007796347000066817,0.04551802299988594,0.0006773529999009043
421,0,16,0.07638549999683164,0.02204617599682024,1923.473916181,1923.528255505,1923.474020319,1923.481881432,1923.527541128,1923.527550001,0.0543393240000114,0.007861112999989928,0.045659696000029726,0.000705504000052315
422,0,16,0.07267616700846702,0.017984957008593483,1923.651589404,1923.706280614,1923.651711085,1923.659498252,1923.705487189,1923.705500551,0.054691209999873536,0.007787167000060435,0.04598893699994733,0.0007800630000929232
423,0,16,0.08124433297780342,0.026684289977993103,1923.836419053,1923.890979096,1923.836543998,1923.844459067,1923.890231162,1923.890245747,0.05456004299981032,0.007915068999864161,0.04577209500007484,0.0007333489998018194
424,0,16,0.07610004200250842,0.02096250000249711,1924.017117367,1924.072254909,1924.017220892,1924.025235917,1924.071491166,1924.071499733,0.05513754200001131,0.00801502499984963,0.04625524900006894,0.0007551759999842034
425,0,16,0.07558720800443552,0.021307347004267285,1924.204974349,1924.25925421,1924.205094908,1924.212910736,1924.258497708,1924.258510764,0.05427986100016824,0.007815827999820613,0.045586972000137393,0.0007434460001150001
426,0,16,0.06915312501951121,0.014559628019469528,1924.380590218,1924.435183715,1924.38071608,1924.388752423,1924.434472091,1924.434480659,0.05459349700004168,0.008036342999957924,0.04571966800017435,0.0007030560000202968
427,0,16,0.07156687500537373,0.017458163005358074,1924.560316104,1924.614424816,1924.56042014,1924.568344797,1924.613678106,1924.613686776,0.05410871200001566,0.007924657000103252,0.045333308999943256,0.0007380400002148235
428,0,16,0.07643929199548438,0.022242863995415973,1924.739904909,1924.794101337,1924.740044847,1924.747956754,1924.793385633,1924.793394711,0.05419642800006841,0.007911906999879648,0.045428879000155575,0.0007066260000101465
429,0,16,0.07536545800394379,0.020669659003942797,1924.927858991,1924.98255479,1924.927983426,1924.935872282,1924.981774217,1924.981787477,0.05469579900000099,0.007888855999908628,0.045901935000074445,0.0007673130000966921
430,0,16,0.07258220799849369,0.01850327899842341,1925.107598851,1925.16167778,1925.107705641,1925.115730457,1925.160854981,1925.160863753,0.054078929000070275,0.008024815999988277,0.045124524000129895,0.0008140269999330485
431,0,16,0.07951812501414679,0.02485017101412268,1925.29337757,1925.348045524,1925.293496395,1925.301485003,1925.34728229,1925.347295346,0.05466795400002411,0.007988608000005115,0.045797287000141296,0.0007501780000893632
432,0,16,0.07601450002402999,0.02154666102410374,1925.475132558,1925.529600397,1925.475255055,1925.483252741,1925.528885714,1925.528899075,0.054467838999926244,0.007997685999953319,0.04563297300001068,0.0007013219999407738
433,0,16,0.07330162500147708,0.017506822001450928,1925.650691513,1925.706486316,1925.650816968,1925.659160929,1925.705755211,1925.705776936,0.05579480300002615,0.00834396100003687,0.046594281999887244,0.0007093800002166972
434,0,16,0.07248212498961948,0.018475407989626547,1925.830475231,1925.884481948,1925.830574677,1925.83850321,1925.883720142,1925.883736257,0.05400671699999293,0.007928533000040261,0.045216931999902954,0.0007456910000200878
435,0,16,0.07676599998376332,0.022266134983738084,1926.010182453,1926.064682318,1926.010290262,1926.018309469,1926.063971408,1926.063985586,0.05449986500002524,0.008019207000188544,0.045661938999955964,0.00069673200005127
436,0,16,0.07631920799030922,0.021724450990177502,1926.195879575,1926.250474332,1926.196001766,1926.203902351,1926.249668152,1926.249677332,0.05459475700013172,0.007900584999788407,0.04576580100001593,0.0007970000001478184
437,0,16,0.07510916699538939,0.019772973995259235,1926.373698189,1926.429034382,1926.373800899,1926.381985802,1926.428265738,1926.428274407,0.05533619300013015,0.008184903000028498,0.046279936000019006,0.0007599750001645589
438,0,16,0.07699499998125248,0.022528733981289406,1926.559330668,1926.613796934,1926.55943603,1926.567748632,1926.613057053,1926.613065722,0.05446626599996307,0.008312602000160041,0.04530842099984511,0.0007312119998914568
439,0,16,0.0757785839959979,0.02119430699599434,1926.745910183,1926.80049446,1926.746033089,1926.75415863,1926.799742644,1926.799756516,0.05458427700000357,0.008125540999799341,0.04558401400004186,0.0007379440000931936
440,0,16,0.07170616698567756,0.01709945198558671,1926.92492473,1926.979531445,1926.925026114,1926.933083827,1926.97877504,1926.978783506,0.054606715000090844,0.008057712999971045,0.04569121300005463,0.000747939000120823
441,0,16,0.07272345799719915,0.01837764899710237,1927.106676247,1927.161022056,1927.106777631,1927.114784448,1927.160293496,1927.160304307,0.05434580900009678,0.008006816999795774,0.04550904799998534,0.0007177490001595288
442,0,16,0.07713825002429076,0.022589775024243863,1927.290519098,1927.345067573,1927.290644349,1927.298612102,1927.344330343,1927.344343807,0.05454847500004689,0.007967753000002631,0.04571824099980404,0.0007237659999645984
443,0,16,0.07277070899726823,0.017918181997174543,1927.468280007,1927.523132534,1927.468382819,1927.476509584,1927.522257099,1927.522266074,0.05485252700009369,0.008126765000042724,0.045747514999902705,0.0008664599999974598
444,0,16,0.08422049999353476,0.029607256993585906,1927.662204383,1927.716817626,1927.662307909,1927.670380106,1927.716059997,1927.716069075,0.05461324299994885,0.008072197000046799,0.04567989099996339,0.0007485510000151407
445,0,16,0.08238649999839254,0.028031612998347555,1927.843830546,1927.898185433,1927.843952126,1927.852001374,1927.897466359,1927.89747513,0.05435488700004498,0.008049248000133957,0.045464984999853186,0.0007103030000052968
446,0,16,0.07653666599071585,0.021438122990730335,1928.031715207,1928.08681375,1928.031816898,1928.039841564,1928.086103753,1928.086116808,0.05509854299998551,0.008024665999982972,0.04626218900011736,0.0006969419998767989
447,0,16,0.07340025002486072,0.0175988510247862,1928.213435922,1928.269237321,1928.213540774,1928.221894379,1928.268435221,1928.268448379,0.055801399000074525,0.008353605000138487,0.0465408419997857,0.0007889420000992686
448,0,16,0.07426029199268669,0.019570040992675786,1928.399220783,1928.453911034,1928.399325636,1928.407632934,1928.453178088,1928.453191348,0.0546902510000109,0.008307298000090668,0.045545153999910326,0.0007196859999112348
449,0,16,0.11421016699750908,0.05871179899759227,1928.619932365,1928.675430733,1928.620037217,1928.629112752,1928.674673002,1928.674681773,0.05549836799991681,0.009075535000192758,0.0455602499998804,0.0007489600000099017
450,0,16,0.07573937499546446,0.020654601995374833,1928.80150702,1928.856591793,1928.801611872,1928.809805751,1928.8558411,1928.855854461,0.055084773000089626,0.008193879000145898,0.04603534899979422,0.0007373319999715022
451,0,16,0.08982129200012423,0.034768852000297557,1929.001686834,1929.056739274,1929.001792706,1929.01010745,1929.055935236,1929.055943906,0.055052439999826674,0.008314744000017527,0.04582778600001802,0.0007953679998990992
452,3,16,0.10805974999675527,0.018925834996707636,1929.183281787,1929.272415702,1929.183405508,1929.191717091,1929.27152303,1929.271532006,0.08913391500004764,0.008311583000022438,0.07980593899992527,0.0008836960000735417
453,0,16,0.072678791009821,0.018829194009867933,1929.401847364,1929.455696961,1929.401951503,1929.410105297,1929.45488048,1929.454889048,0.053849596999953064,0.00815379400000893,0.04477518299995609,0.0008079130000169243
454,0,16,0.06575091698323376,0.012168040983169703,1929.577460434,1929.63104331,1929.577562124,1929.585735604,1929.630256918,1929.630271299,0.05358287600006406,0.008173480000095878,0.04452131399989412,0.000772010999980921
455,0,16,0.08383366698399186,0.029735198984099043,1929.765346931,1929.819445399,1929.765469938,1929.773720527,1929.818642993,1929.818651663,0.05409846799989282,0.008250588999999309,0.04492246599988903,0.0007937359998777538
456,0,16,0.07645241700811312,0.021423436008262797,1929.955224601,1930.010253582,1929.955327617,1929.96391561,1930.009447402,1930.009456276,0.05502898099985032,0.008587992999991911,0.04553179200001978,0.0007973059998676035
457,0,16,0.07124495800235309,0.016978808002477308,1930.135001366,1930.189267516,1930.135105811,1930.143554782,1930.188389531,1930.188403097,0.05426614999987578,0.008448971000007077,0.044834749000074225,0.0008644189999813534
458,0,16,0.07278112499625422,0.018642367996108078,1930.314619221,1930.368757978,1930.314743759,1930.323007301,1930.367990149,1930.367998717,0.05413875700014614,0.008263541999895097,0.04498284800001784,0.00075926099998469
459,0,16,0.0976189159846399,0.04299679898463182,1930.521007146,1930.575629263,1930.521111183,1930.529376867,1930.574853173,1930.574861945,0.054622117000008075,0.00826568400020733,0.045476305999955,0.0007673180000438151
460,0,16,0.07343529202626087,0.01941169002634524,1930.702527336,1930.756550938,1930.702630556,1930.710841672,1930.75575353,1930.755762302,0.05402360199991563,0.008211115999984031,0.044911857999977656,0.0007886359999247361
461,1,16,0.08101462500053458,0.017418867000515093,1930.880338631,1930.943934389,1930.880466534,1930.88868785,1930.943022337,1930.943031517,0.06359575800001949,0.008221315999890066,0.05433448700000554,0.000902872000096977
462,0,16,0.07057566600269638,0.01642130400273345,1931.070298714,1931.124453076,1931.070402546,1931.078777673,1931.123678719,1931.123687695,0.05415436199996293,0.008375127000135763,0.04490104599994993,0.0007653810000647354
463,0,16,0.07034708300489001,0.01560002100472957,1931.242028986,1931.296776048,1931.242135266,1931.250516614,1931.295830236,1931.295847371,0.05474706200016044,0.008381347999829813,0.045313622000094256,0.0009286770000471734
464,0,16,0.07656445799511857,0.021782307995181327,1931.423461152,1931.478243302,1931.423563761,1931.431943681,1931.477509846,1931.477518413,0.054782149999937246,0.008379919999924823,0.04556616500008204,0.0007248889999118546
465,0,16,0.072449958010111,0.017840285010152,1931.603174578,1931.657784251,1931.60329728,1931.611662512,1931.657019687,1931.657028356,0.054609672999959,0.008365231999960088,0.04535717499993552,0.0007558950001111953
466,0,16,0.07627299998421222,0.02085582098402483,1931.786911862,1931.842329041,1931.787033136,1931.795894887,1931.841622002,1931.841630774,0.05541717900018739,0.008861751000040385,0.04572711499986326,0.0006982670001889346
467,0,16,0.07215408401680179,0.017347252016861603,1931.96669077,1932.021497602,1931.96679603,1931.975262137,1932.020685609,1932.020699889,0.054806831999940187,0.00846610700000383,0.0454234720000386,0.0007977129998835153
468,0,16,0.07637987501220778,0.02147533001220836,1932.150496188,1932.205400733,1932.15059951,1932.159080305,1932.20457752,1932.20458619,0.054904544999999416,0.00848079500019594,0.04549721499984116,0.00081454299993311
469,0,16,0.07474454201292247,0.019852236013093716,1932.334271823,1932.389164129,1932.334379021,1932.342846352,1932.388446074,1932.388454948,0.05489230599982875,0.00846733100001984,0.045599722000133625,0.0007091810000474652
470,0,16,0.07384262498817407,0.018882797987998856,1932.510888333,1932.56584816,1932.511013278,1932.519484995,1932.565040655,1932.565048916,0.05495982700017521,0.008471717000020362,0.045555659999990894,0.0007992440000634815
471,0,16,0.07581316598225385,0.01962377198219656,1932.689508357,1932.745697751,1932.689631059,1932.698466087,1932.744801713,1932.744811504,0.05618939400005729,0.008835028000021339,0.04633562599997276,0.0008862470001531619
472,0,16,0.07654587499564514,0.02101221599582459,1932.877326211,1932.93285987,1932.877430655,1932.886058222,1932.932092245,1932.932101526,0.055533658999820545,0.008627567000075942,0.04603402299994741,0.0007583439999052644
473,0,16,0.07226983300643042,0.017374467006447958,1933.055047851,1933.109943217,1933.055151378,1933.063637884,1933.10913051,1933.109143667,0.05489536599998246,0.00848650600005385,0.04549262600016846,0.0007995500000106404
474,4,16,0.11279262497555465,0.02110951397548888,1933.236746024,1933.328429135,1933.236851999,1933.245471916,1933.327378675,1933.32738765,0.09168311100006576,0.008619917000032729,0.08190675900004862,0.0010414850000870501
475,0,16,0.1138309579982888,0.05934531199841331,1933.49738378,1933.551869426,1933.497505563,1933.506105387,1933.551013676,1933.55102255,0.05448564599987549,0.008599823999929868,0.04490828899997723,0.0008468759999686881
476,0,16,0.08949699997901917,0.025552005979079695,1933.687949517,1933.751894511,1933.688070587,1933.697610002,1933.750985213,1933.7510101,0.06394499399993947,0.009539414999835572,0.05337521100000231,0.0008844110000154615
477,0,16,0.07276845900923945,0.018577480009298597,1933.875893948,1933.930084927,1933.875999004,1933.884472047,1933.929321688,1933.929334539,0.05419097899994085,0.008473042999867175,0.044849641000155316,0.0007503880001422658
478,0,16,0.07801162500982173,0.023873379009955897,1934.059663464,1934.11380171,1934.059783819,1934.068217797,1934.11306295,1934.113071824,0.05413824599986583,0.008433978000084608,0.044845153000096616,0.0007298860000446439
479,0,16,0.07352054101647809,0.019017884016648168,1934.243457254,1934.297959911,1934.243562718,1934.252136903,1934.297104677,1934.297113551,0.054502656999829924,0.008574185000043144,0.04496777400004248,0.0008463599999686267
480,0,16,0.07297516701510176,0.01751111401495109,1934.427251226,1934.482715279,1934.427351998,1934.436346083,1934.481962652,1934.481971526,0.05546405300015067,0.008994085000040286,0.04561656900000344,0.0007437530000515835
481,0,16,0.06941904098493978,0.015357530985056655,1934.606955663,1934.661017173,1934.607078058,1934.615674972,1934.660234763,1934.660245269,0.05406150999988313,0.008596914000008837,0.044559790999983306,0.0007719039999756205
482,0,16,0.07934762499644421,0.02467465099630317,1934.794162192,1934.848835166,1934.794265819,1934.803142711,1934.848023892,1934.848032867,0.05467297400014104,0.008876891999989311,0.04488118099993699,0.0008022990000426944
483,0,16,0.06882045799284242,0.01403559499271978,1934.972526201,1935.027311064,1934.97262789,1934.981255913,1935.026434309,1935.026442978,0.05478486300012264,0.008628023000028406,0.04517839599998297,0.0008680860000822577
484,0,16,0.07541937500354834,0.020109948003664613,1935.152270212,1935.207579639,1935.152377206,1935.161332226,1935.206729811,1935.206751536,0.055309426999883726,0.008955020000030345,0.04539758500004609,0.0008281030000034661
485,0,16,0.08082754100905731,0.024783235008953852,1935.342007561,1935.398051867,1935.34211282,1935.351270813,1935.397241103,1935.397250283,0.05604430600010346,0.009157992999917042,0.04597029000001385,0.0008015840001007746
486,0,16,0.08429100000648759,0.02913375000639462,1935.524940162,1935.580097412,1935.525044708,1935.533745352,1935.579282058,1935.579295522,0.05515725000009297,0.00870064400010051,0.045536705999893456,0.0008018900000479334
487,0,16,0.07868341699941084,0.023328498999489966,1935.719784845,1935.775139763,1935.719907954,1935.728572797,1935.774310129,1935.774318697,0.05535491799992087,0.008664842999905886,0.04573733200004426,0.0008210660000713688
488,0,16,0.07979250000789762,0.024583743007951853,1935.90561484,1935.960823597,1935.905718977,1935.914509377,1935.96002803,1935.960037108,0.05520875699994576,0.00879039999995257,0.04551865300004465,0.0007864889998927538
489,0,16,0.08319816700532101,0.027926886005161577,1936.095527111,1936.150798392,1936.095633289,1936.104493351,1936.149986098,1936.150000581,0.05527128100015943,0.008860061999939717,0.0454927470000257,0.0007978109999839944
490,0,16,0.07435579100274481,0.01914489200294156,1936.28545101,1936.340661909,1936.285566877,1936.294359419,1936.339810245,1936.339823504,0.05521089899980325,0.008792542000037429,0.045450825999978406,0.000838404999967679
491,0,16,0.08805650001158938,0.03211765701166769,1936.473851705,1936.529790548,1936.473968082,1936.482679435,1936.528981415,1936.528995287,0.05593884299992169,0.008711352999853261,0.046301980000180265,0.0007952609998937987
492,0,16,0.07497279200470075,0.01930260600465772,1936.663233904,1936.71890409,1936.663338858,1936.672213098,1936.718020501,1936.718031721,0.05567018600004303,0.008874239999840938,0.04580740300002617,0.000872369000035178
493,0,16,0.07982916699256748,0.02470088399263659,1936.849136927,1936.90426521,1936.849242391,1936.858116529,1936.903449143,1936.903458118,0.05512828299993089,0.008874138000010134,0.0453326140000172,0.0008070920000591286
494,0,16,0.07309937500394881,0.017219383003975963,1937.032787375,1937.088667367,1937.03291385,1937.041639992,1937.087751445,1937.087761134,0.055879991999972844,0.00872614199988675,0.046111453000094116,0.0009062330000233487
495,0,16,0.07279716597986408,0.017391760979762694,1937.214550494,1937.269955899,1937.214653306,1937.223481954,1937.269050381,1937.26906415,0.05540540500010138,0.008828647999962413,0.04556842700003472,0.0008917489999475947
496,0,16,0.07883733400376514,0.023084633003918498,1937.398454197,1937.454206898,1937.39855915,1937.407417683,1937.453426324,1937.453435504,0.05575270099984664,0.008858532999965973,0.04600864100007129,0.0007713939999121067
497,0,16,0.07313074998091906,0.017285946980791778,1937.578037259,1937.633882062,1937.578164346,1937.587143131,1937.632999697,1937.63300857,0.055844803000127285,0.00897878499995386,0.04585656600011134,0.0008734920002098079
498,0,16,0.07500412498484366,0.019428079984891156,1937.76178654,1937.817362585,1937.761891086,1937.770694235,1937.816548251,1937.81656151,0.0555760449999525,0.008803148999959376,0.04585401600002115,0.0008010750000266853
499,0,16,0.07686437500524335,0.021425209005201395,1937.945608647,1938.001047813,1937.945714416,1937.95455,1938.000237253,1938.000251736,0.05543916600004195,0.008835583999825758,0.04568725300009646,0.0007960769999044714
500,0,16,0.07902149998699315,0.023751850987082435,1938.133436738,1938.188706387,1938.133545363,1938.142402672,1938.187893175,1938.18790164,0.055269648999910714,0.008857308999949964,0.04549050300011004,0.0008047469998473389
501,0,16,0.07483954200870357,0.019358455008614328,1938.315219745,1938.370700832,1938.3153452,1938.324262687,1938.36982989,1938.369843455,0.055481087000089246,0.008917487000189794,0.045567202999791334,0.000857377000102133
502,0,16,0.07786991700413637,0.022307948004254285,1938.500988236,1938.556550205,1938.501091966,1938.509944991,1938.555790949,1938.555804514,0.05556196899988208,0.00885302500000762,0.0458459579999726,0.0007456909997927141
503,0,16,0.07360816700384021,0.017202795003868232,1938.682744215,1938.739149587,1938.682849169,1938.691793786,1938.738323217,1938.738332397,0.056405371999971976,0.008944616999997379,0.04652943099995355,0.0008171899999069865
504,0,16,0.07559362499159761,0.019852857991736528,1938.866593657,1938.922334424,1938.866719213,1938.875900257,1938.921565784,1938.921578738,0.05574076699986108,0.009181044000115435,0.04566552699998283,0.0007556859998203436
505,0,16,0.07476070799748413,0.01918976299748465,1939.050339572,1939.105910517,1939.050445036,1939.059452075,1939.105153606,1939.105162276,0.05557094499999948,0.009007039000152872,0.04570153099984964,0.0007482409998829098
506,0,16,0.07873445798759349,0.02255255898762698,1939.232059037,1939.288240936,1939.232162155,1939.241241304,1939.287405489,1939.28741375,0.056181898999966506,0.009079148999944664,0.046164185000179714,0.0008271859999240405
507,0,16,0.07621837500482798,0.019838910004864374,1939.417916468,1939.474295933,1939.418043453,1939.427144532,1939.473379093,1939.473388069,0.0563794649999636,0.009101078999947276,0.04623456099989198,0.0009078639998278959
508,0,16,0.07500974999857135,0.019370569998500287,1939.605776789,1939.661415969,1939.605882457,1939.614838192,1939.6606254,1939.660636824,0.055639180000071065,0.008955734999972265,0.045787208000092505,0.0007791450000240729
509,0,16,0.06942108398652636,0.01353823698650558,1939.783341152,1939.839223999,1939.783445596,1939.792499654,1939.838355812,1939.838368969,0.055882847000020774,0.009054057999946963,0.04585615799987863,0.0008550300001388678
510,0,16,0.07670258299913257,0.021235878999277702,1939.965562844,1940.021029548,1939.965685034,1939.97472665,1940.020228984,1940.020244385,0.05546670399985487,0.009041616000104113,0.04550233399982062,0.0007851629998185672
511,3,16,0.11039087499375455,0.022915156993576602,1940.152984787,1940.240460505,1940.153090557,1940.162340549,1940.239426371,1940.239435142,0.08747571800017795,0.009249991999922713,0.07708582200007186,0.001025363000053403
512,0,16,0.08513312501600012,0.029560141016190755,1940.375594237,1940.431167221,1940.375756614,1940.384700518,1940.430406741,1940.430416941,0.05557298399980937,0.008943904000034308,0.04570622300002469,0.000750279999920167
513,0,16,0.07468120899284258,0.017653663992859947,1940.557284633,1940.614312178,1940.557414677,1940.566778803,1940.613319556,1940.613332917,0.05702754499998264,0.009364126000036777,0.04654075300004479,0.0009792610001113644
514,0,16,0.0793070420040749,0.02252336800415833,1940.747266975,1940.804050649,1940.747390594,1940.757115683,1940.803245495,1940.803254266,0.05678367399991657,0.00972508899985769,0.046129812000117454,0.0007963829998516303
515,0,16,0.07781758400960825,0.022301004009477765,1940.930967197,1940.986483777,1940.931068989,1940.940111828,1940.985617018,1940.985632419,0.05551658000013049,0.009042838999903324,0.04550519000008535,0.0008513580000908405
516,3,16,0.10728341698995791,0.020632537989968114,1941.114820208,1941.201471087,1941.114924346,1941.124159957,1941.200511307,1941.200521302,0.0866508789999898,0.009235611000121935,0.07635134999986803,0.0009497850001025654
517,0,16,0.0895661250106059,0.03335923701069987,1941.347571603,1941.403778491,1941.347675537,1941.356813334,1941.402734463,1941.402742724,0.05620688799990603,0.009137796999993952,0.04592112899990752,0.0010357669998484198
518,0,16,0.07987141702324152,0.024178384023343824,1941.529267609,1941.584960642,1941.529371644,1941.53849353,1941.584112853,1941.584127439,0.055693032999897696,0.009121886000002632,0.045619322999982614,0.0008332029999564838
519,0,16,0.07572733299457468,0.02019280099466414,1941.71507649,1941.770611022,1941.715180219,1941.724255595,1941.769693672,1941.769707238,0.05553453199991054,0.009075375999827884,0.0454380769999716,0.000903784000001906
520,0,16,0.07612137502292171,0.02065834202289807,1941.896718132,1941.952181165,1941.896842974,1941.906002497,1941.95133511,1941.951343984,0.05546303300002364,0.00915952299988021,0.04533261300002778,0.00083718099995167
521,0,16,0.08145479200175032,0.024558617001730454,1942.082713665,1942.13960984,1942.082816375,1942.092397445,1942.138665563,1942.138673723,0.056896175000019866,0.00958106999996744,0.04626811799994357,0.0009361170000374841
522,1,16,0.08162087501841597,0.016155121018528007,1942.260436733,1942.325902487,1942.260567798,1942.269701719,1942.32502767,1942.325036645,0.06546575399988797,0.009133921000056944,0.05532595099998616,0.0008658419999392208
523,0,16,0.09064879198558629,0.03440345198578143,1942.467030916,1942.523276256,1942.467135359,1942.476380048,1942.522488543,1942.522498844,0.056245339999804855,0.009244689000070139,0.046108494999998584,0.0007774119999339746
524,0,16,0.07821595799759962,0.022875625997812676,1942.648306597,1942.703646929,1942.648432867,1942.657506815,1942.702801384,1942.702814338,0.05534033199978694,0.009073947999922893,0.045294568999906915,0.0008325909998347925
525,0,16,0.07853291698847897,0.022740539988490127,1942.838101777,1942.893894154,1942.838206323,1942.847489974,1942.89313245,1942.893146933,0.055792376999988846,0.009283651000032478,0.04564247600001181,0.0007472209999832558
526,0,16,0.07900808300473727,0.021577524004669613,1943.019951022,1943.077381581,1943.020075967,1943.029303966,1943.076557146,1943.076566326,0.05743055900006766,0.009227999000131604,0.047253179999870554,0.0008152550001341297
527,0,16,0.08567837500595488,0.029728800006068923,1943.205752904,1943.261702479,1943.205878053,1943.21521121,1943.260790939,1943.260799711,0.055949574999885954,0.009333156999900893,0.04557972899988272,0.0009027680000599503
528,0,16,0.07542016598745249,0.019651939987397782,1943.39155397,1943.447322196,1943.391656884,1943.400972599,1943.446474098,1943.446489295,0.05576822600005471,0.009315714999956981,0.04550149900001088,0.0008329009999670234
529,0,16,0.07481416600057855,0.018902738000406316,1943.575283902,1943.63119533,1943.57538906,1943.584662447,1943.630342949,1943.630357942,0.055911428000172236,0.009273387000121147,0.045680501999868284,0.0008373880000362988
530,0,16,0.07545829200535081,0.019504331005236963,1943.759946385,1943.815900346,1943.760069086,1943.769337374,1943.814980239,1943.814989724,0.05595396100011385,0.009268288000157554,0.04564286499999071,0.000910621999992145
531,0,16,0.0768085419840645,0.020945051983972007,1943.940861224,1943.996724714,1943.940962506,1943.95015042,1943.995916497,1943.99592486,0.0558634900000925,0.009187913999994635,0.045766077000052974,0.00079985399997895
532,0,16,0.086608540994348,0.029795772994248182,1944.135038723,1944.191851491,1944.135140311,1944.144574444,1944.190912107,1944.190920675,0.05681276800009982,0.00943413300001339,0.04633766300003117,0.0009308160001637589
533,0,16,0.11504587499075569,0.058123868990833216,1944.358505842,1944.415427848,1944.358627625,1944.36838733,1944.414586788,1944.414596477,0.056922005999922476,0.009759704999851238,0.046199458000046434,0.0008313710000038554
534,0,16,0.07945341599406675,0.023504758994022268,1944.547508975,1944.603457632,1944.547613929,1944.557026336,1944.602615857,1944.602624527,0.05594865700004448,0.009412407000127132,0.04558952100001079,0.0008331050000833784
535,0,16,0.07489849999547005,0.01805125699547716,1944.733196621,1944.790043864,1944.733296679,1944.743083821,1944.789159965,1944.789168737,0.056847242999992886,0.009787142000050153,0.04607614399992599,0.0008751269999720535
536,0,16,0.0706048329884652,0.014853231988581683,1944.912905865,1944.968657466,1944.913010207,1944.922347852,1944.967793966,1944.967807736,0.05575160099988352,0.009337644999959593,0.04544611400001486,0.0008497300000271935
537,0,16,0.07713562497519888,0.02128906597522473,1945.096675474,1945.152522033,1945.096776858,1945.106189776,1945.151668121,1945.151677301,0.05584655899997415,0.009412917999952697,0.04547834499999226,0.0008447319999049796
538,0,16,0.07727199999499135,0.02150000099504723,1945.278548771,1945.33432077,1945.278653521,1945.288002283,1945.333490012,1945.333499192,0.05577199899994412,0.009348761999945054,0.045487729000114996,0.0008215779998863582
539,0,16,0.07544766701175831,0.019329492011820548,1945.464277929,1945.520396104,1945.464400427,1945.47378601,1945.51959727,1945.519606246,0.056118174999937764,0.009385582999811959,0.04581126000016411,0.000789857999961896
540,0,16,0.07821775000775233,0.02105921500765362,1945.647969613,1945.705128148,1945.648093538,1945.657930454,1945.704212121,1945.704221403,0.05715853500009871,0.009836916000040219,0.04628166699990288,0.0009067450000657118
541,0,16,0.07478387499577366,0.018555645995775194,1945.833770169,1945.889998398,1945.833873185,1945.843462352,1945.889129697,1945.88914316,0.056228228999998464,0.009589167000058296,0.045667345000083515,0.0008552379999855475
542,1,16,0.08576287497999147,0.019919164980137793,1946.017550386,1946.083394096,1946.017677065,1946.027610163,1946.082538553,1946.082547936,0.06584370999985367,0.009933097999919482,0.05492838999998639,0.00084615999980997
543,0,16,0.07374341701506637,0.01766206301499551,1946.211603857,1946.267685211,1946.211707893,1946.221134581,1946.266808962,1946.266818142,0.05608135400007086,0.009426687999848582,0.04567438100002619,0.0008670690001508774
544,0,16,0.08062016699113883,0.024295857991091907,1946.398317483,1946.454641792,1946.398423151,1946.407865341,1946.453854177,1946.453863255,0.056324309000046924,0.00944218999984514,0.04598883600010595,0.0007785370000874536
545,0,16,0.07968649998656474,0.02216312498649131,1946.581185956,1946.638709331,1946.58128938,1946.591257055,1946.637773007,1946.63778188,0.05752337500007343,0.009967674999870724,0.04651595200016345,0.0009274510000523151
546,0,16,0.08092925001983531,0.02339128901985532,1946.771087776,1946.828625737,1946.771189161,1946.781480673,1946.827740717,1946.827749489,0.05753796099997999,0.010291512000094372,0.04626004400006423,0.0008762479999404604
547,2,16,0.09749025001656264,0.020903183016571347,1946.958976601,1947.035563668,1946.959079822,1946.968788222,1947.034663144,1947.034672221,0.0765870669999913,0.009708400000135953,0.06587492199992084,0.0008914469999581343
548,0,16,0.07685637500253506,0.019704674002696265,1947.163108312,1947.220260013,1947.163211124,1947.172704415,1947.219381623,1947.219395494,0.057151700999838795,0.009493290999898818,0.046677207999891834,0.000864518999833308
549,0,16,0.08770208299392834,0.031422346993849715,1947.359192935,1947.415472671,1947.359318492,1947.368848501,1947.414704232,1947.414713208,0.05627973600007863,0.009530008999945494,0.04585573100007423,0.0007594630001221958
550,0,16,0.07295229198643938,0.01708400798634102,1947.545065908,1947.600934192,1947.545190343,1947.554682512,1947.600059065,1947.600067429,0.055868284000098356,0.009492168999940986,0.045376553000096465,0.0008667629999763449
551,0,16,0.0795131670020055,0.020694135002031544,1947.730207365,1947.789026397,1947.730313135,1947.739826825,1947.788078547,1947.788087829,0.05881903199997396,0.009513689999948838,0.048251722000031805,0.0009385680000377761
552,0,16,0.07706658300594427,0.021242157005872286,1947.918740091,1947.974564517,1947.918865241,1947.928433601,1947.973728659,1947.973737941,0.05582442600007198,0.00956836000000294,0.04529505799996514,0.000826576000008572
553,0,16,0.07682387498789467,0.01921910698774809,1948.098396706,1948.156001474,1948.098497886,1948.108666697,1948.15517653,1948.155185199,0.05760476800014658,0.010168811000085043,0.04650983300007283,0.0008162750000337837
554,0,16,0.11103695799829438,0.05525312599843346,1948.314872397,1948.370656229,1948.314976127,1948.324481046,1948.369843421,1948.369852091,0.05578383199986092,0.009504919000164591,0.04536237499996787,0.000804137999921295
555,0,16,0.0863341250224039,0.030443810022461548,1948.513895019,1948.569785334,1948.514020066,1948.523701846,1948.568953964,1948.568963245,0.05589031499994235,0.009681779999937135,0.04525211800000761,0.0008220889999392966
556,0,16,0.07860712500405498,0.020956459004082717,1948.7008414,1948.758492066,1948.70094717,1948.711188296,1948.757608168,1948.757619795,0.05765066599997226,0.010241125999982614,0.04641987199988762,0.0008722709999346989
557,0,16,0.07509233299060725,0.018809739990729213,1948.886804333,1948.943086926,1948.886907962,1948.896731924,1948.942244234,1948.942257391,0.056282592999878034,0.009823962000155007,0.04551231000004918,0.000829534999866155
558,0,16,0.07477775000734255,0.01891803400712888,1949.070455831,1949.126315547,1949.070583938,1949.080186059,1949.12550274,1949.125511716,0.055859716000213666,0.009602120999943509,0.04531668100003117,0.0008038310002120852
559,0,16,0.07475070797954686,0.018165798979680403,1949.250122849,1949.306707758,1949.250231067,1949.260067269,1949.305821105,1949.305831203,0.05658490899986646,0.009836202000087724,0.04575383599990346,0.0008765549998770439
560,0,16,0.07647462497698143,0.020199682977136035,1949.433864409,1949.490139351,1949.433970077,1949.443607794,1949.489221488,1949.489230056,0.056274941999845396,0.009637717000032353,0.045613694000167015,0.0009092949999285338
561,0,16,0.07738787500420585,0.021179535004193895,1949.619677102,1949.675885442,1949.619784096,1949.62946761,1949.675018372,1949.67502745,0.05620834000001196,0.009683513999789284,0.04555076200017538,0.0008579919999647245
562,0,16,0.07815395799116232,0.021498568991091815,1949.807594792,1949.864250181,1949.807700154,1949.817414879,1949.863202374,1949.863212574,0.0566553890000705,0.00971472499986703,0.04578749500001322,0.0010376069999438187
563,0,16,0.07150300001376309,0.015131875013594254,1949.987300569,1950.043671694,1949.987406135,1949.997124123,1950.042722008,1950.042746895,0.05637112500016883,0.00971798800014767,0.0455978850000065,0.0009247990001313156
564,0,16,0.08679666699026711,0.030054683990329067,1950.173089395,1950.229831378,1950.173214136,1950.182821765,1950.22893728,1950.228946868,0.056741982999938045,0.009607628999901863,0.04611551500011046,0.0008845099998779915
565,0,16,0.07403237497783266,0.018313718977879034,1950.367054028,1950.422772684,1950.367180809,1950.376940106,1950.421972728,1950.421981602,0.055718655999953626,0.009759296999845901,0.045032622000007905,0.0007910819999779051
566,0,16,0.0764847920218017,0.01880679002169927,1950.546781326,1950.604459328,1950.54688475,1950.556922904,1950.603403056,1950.603412337,0.057678002000102424,0.010038154000085342,0.04648015199995825,0.001046991000066555
567,0,16,0.08297400001902133,0.026773515018930993,1950.734651384,1950.790851869,1950.734757664,1950.744600393,1950.790053648,1950.790062623,0.05620048500009034,0.009842728999956307,0.04545325499998398,0.0007892460000675783
568,0,16,0.07456383301177993,0.01806060401167997,1950.924385625,1950.980888854,1950.924509652,1950.934281311,1950.979953233,1950.979962311,0.056503229000099964,0.009771658999852662,0.0456719220001105,0.0009265430001050845
569,0,16,0.07417795801302418,0.017376197012936245,1951.104205879,1951.16100764,1951.10431063,1951.114232923,1951.160060901,1951.160069775,0.056801761000087936,0.009922292999817728,0.04582797800003391,0.0009378649999689515
570,0,16,0.0752563749847468,0.018446861984557472,1951.282196492,1951.339006005,1951.282302671,1951.292088696,1951.338113019,1951.338121994,0.05680951300018933,0.009786025000039444,0.04602432299998327,0.0008840110001528956
571,0,16,0.07598925000638701,0.018571630006363193,1951.4638229,1951.52124052,1951.463928977,1951.474165217,1951.520290721,1951.520300819,0.05741762000002382,0.010236240000040198,0.04612550399997417,0.0009397009998792782
572,0,16,0.08308541699079797,0.026361582990830357,1951.645431458,1951.702155292,1951.645559158,1951.655388939,1951.70134574,1951.70135441,0.05672383399996761,0.009829781000007642,0.04595680100010213,0.0008008820000213746
573,0,16,0.07817608400364406,0.021978759003786763,1951.840157474,1951.896354799,1951.84030078,1951.850268054,1951.895460385,1951.895469361,0.0561973249998573,0.009967274000018733,0.0451923309999529,0.0008854379998410877
574,0,16,0.07908662498812191,0.022357894988090266,1952.025234449,1952.081963179,1952.025339812,1952.0352159,1952.081086717,1952.08109559,0.056728730000031646,0.009876087999828087,0.045870817000150055,0.0008675890001086373
575,0,16,0.10813912498997524,0.051254644989967346,1952.247762775,1952.304647255,1952.247885681,1952.257797774,1952.303798026,1952.303811591,0.0568844800000079,0.009912092999911692,0.046000252000112596,0.0008356639998510218
576,0,16,0.07353500000317581,0.0167923980031901,1952.426248279,1952.482990881,1952.426353438,1952.436355288,1952.482153279,1952.482162357,0.05674260199998571,0.01000184999998055,0.04579799099997217,0.0008285239998713223
577,0,16,0.07560120901325718,0.01886982701330453,1952.61130108,1952.668032462,1952.611403485,1952.62123551,1952.667152736,1952.667161303,0.056731381999952646,0.009832024999923306,0.04591722600002868,0.0008711589998711133
578,0,16,0.07669791701482609,0.018432394014780584,1952.79496886,1952.853234383,1952.795073203,1952.806252408,1952.852228894,1952.852237666,0.058265523000045505,0.01117920500018954,0.04597648599997228,0.0009967169999072212
579,0,16,0.082215583010111,0.024975132010240486,1952.984986071,1953.042226522,1952.985111222,1952.995346748,1953.041210629,1953.041219197,0.05724045099987052,0.010235526000087702,0.04586388100005934,0.0010073250000459666
580,0,16,0.07774641597643495,0.021084697976448297,1953.172768421,1953.229430139,1953.172873988,1953.182869413,1953.228503902,1953.228512776,0.05666171799998665,0.00999542499994277,0.0456344890001219,0.0009173630000987032
581,0,16,0.07434950000606477,0.01681825500600098,1953.352385482,1953.409916727,1953.352511959,1953.362494838,1953.409033839,1953.409043121,0.05753124500006379,0.009982879000062894,0.04653900099992825,0.0008736060001410806
582,0,16,0.07953249997808598,0.023391579978124355,1953.54047362,1953.59661454,1953.540577759,1953.55055156,1953.595746237,1953.595755111,0.056140919999961625,0.00997380100011469,0.04519467699992674,0.00085942900000191
583,0,16,0.07716920899110846,0.020694859991181147,1953.724054091,1953.78052844,1953.72416078,1953.73418813,1953.779699304,1953.779709096,0.056474348999927315,0.010027349999973012,0.045511174000012034,0.000819343999864941
584,0,16,0.07795912498841062,0.01969064398849696,1953.903860867,1953.962129348,1953.903986936,1953.914486431,1953.961111109,1953.961119779,0.05826848099991366,0.010499494999976378,0.046624678000171116,0.0010095689999616297
585,0,16,0.07421391698881052,0.0178716539890047,1954.087612489,1954.143954752,1954.087736008,1954.097765398,1954.143159479,1954.143168455,0.056342262999805826,0.010029389999999694,0.045394080999813013,0.0007862969998768676
586,2,16,0.1008963749918621,0.02335541099182592,1954.273459237,1954.351000201,1954.273561846,1954.283631525,1954.349951975,1954.349960645,0.07754096400003618,0.010069679000025644,0.06632045000014841,0.0010395560000233672
587,0,16,0.0798087090079207,0.023166677008020997,1954.483814395,1954.540456427,1954.483932405,1954.493871018,1954.539586289,1954.539595163,0.0566420319998997,0.009938613000031182,0.045715271000062785,0.0008612639999228122
588,1,16,0.08933112499653362,0.0228906239965454,1954.671649375,1954.738089876,1954.671770853,1954.681744247,1954.737129572,1954.737142729,0.06644050099998822,0.009973394000098779,0.05538532499986104,0.0009471470000335103
589,0,16,0.08064391699736007,0.023657336997530365,1954.868534673,1954.925521253,1954.868640648,1954.878764794,1954.924657234,1954.924666414,0.0569865799998297,0.010124145999952816,0.04589243999998871,0.0008548389998850325
590,0,16,0.07136599998921156,0.013942871989229388,1955.051523458,1955.108946586,1955.051625863,1955.061875975,1955.108040034,1955.10804901,0.05742312799998217,0.01025011199999426,0.0461640589999206,0.0008975759999430011
591,2,16,0.09904266701778397,0.020309253017785522,1955.235292725,1955.314026139,1955.235418794,1955.245906152,1955.313057472,1955.313066243,0.07873341399999845,0.010487358000091263,0.06715131999999358,0.000959895999812943
592,0,16,0.07639162501436658,0.01838272801455787,1955.443447905,1955.501456802,1955.44354929,1955.454366201,1955.500587786,1955.500598292,0.05800889699980871,0.010816911000119944,0.046221585000012055,0.0008585099999436352
593,0,16,0.07448541698977351,0.017902134989753904,1955.627296628,1955.68387991,1955.627402501,1955.637605796,1955.683031497,1955.683040269,0.05658328200001961,0.010203294999882928,0.045425701000112895,0.000839641000084157
594,0,16,0.07564900000579655,0.018852441005947185,1955.809090311,1955.86588687,1955.809215461,1955.819365514,1955.86496818,1955.864981746,0.05679655899984937,0.010150053000188564,0.045602665999922465,0.0009051239999280369
595,0,16,0.07775674998993054,0.02151811598992026,1955.993566011,1956.049804645,1955.993669743,1956.003690259,1956.048926551,1956.048935527,0.05623863400001028,0.010020515999940471,0.04523629200002688,0.0008691180000823806
596,2,16,0.11592266699881293,0.038579780998816204,1956.195013443,1956.272356329,1956.195139614,1956.20546857,1956.271312999,1956.271321668,0.07734288599999672,0.010328955999966638,0.06584442899998066,0.0010346610001761292
597,3,16,0.1057118329918012,0.01798348499187341,1956.397176895,1956.484905243,1956.397279505,1956.407604075,1956.483886189,1956.483895368,0.08772834799992779,0.01032457000019349,0.07628211399992324,0.0010098749999087886
598,0,16,0.07432041599531658,0.017537626995363098,1956.611570329,1956.668353118,1956.611674264,1956.621898162,1956.667517148,1956.667526022,0.05678278899995348,0.010223898000049303,0.045618985999908546,0.0008270959999663319
599,0,16,0.08042108398512937,0.01992967498517828,1956.795430476,1956.855921885,1956.795535329,1956.805808492,1956.85491303,1956.854922108,0.06049140899995109,0.010273163000192653,0.04910453799993775,0.0009997770000609307
600,0,16,0.07946516698575579,0.021755222985802902,1956.987242941,1957.044952885,1956.987365949,1956.998143183,1957.043976669,1957.043986359,0.057709943999952884,0.010777233999988312,0.04583348599999226,0.0009665259999565023
601,0,16,0.08214920901809819,0.023615841018227002,1957.175256314,1957.233789682,1957.175388299,1957.186028244,1957.232625383,1957.232636195,0.05853336799987119,0.010639945000093576,0.04659713899991402,0.0011534870000105002
602,0,16,0.07706054201116785,0.020520812011227463,1957.361085722,1957.417625452,1957.361191901,1957.371397645,1957.416705437,1957.416714412,0.05653972999994039,0.01020574399990437,0.045307792000130576,0.000911040000119101
603,0,16,0.07928854099009186,0.022517787990182114,1957.544862334,1957.601633087,1957.544967187,1957.555311748,1957.60071501,1957.600723782,0.056770752999909746,0.010344560999783425,0.04540326200003619,0.0009093050000501535
604,0,16,0.07730345902382396,0.02044692602385112,1957.73054048,1957.787397013,1957.730643191,1957.740845467,1957.786552272,1957.786561044,0.05685653299997284,0.010202276000200072,0.0457068050000089,0.000835968999808756
605,0,16,0.07777287499629892,0.01993431199639417,1957.916448834,1957.974287397,1957.916568273,1957.926947003,1957.973338924,1957.973347594,0.05783856299990475,0.010378729999956704,0.04639192100012224,0.0009398029999374558
606,0,16,0.0835335000010673,0.025877411000919892,1958.108388898,1958.166044987,1958.108491201,1958.119090858,1958.16504929,1958.165058164,0.057656089000147404,0.010599656999829676,0.04595843200013405,0.0009868230001757183
607,2,16,0.09430958301527426,0.01659043001518512,1958.290167485,1958.367886638,1958.290284068,1958.300521838,1958.366830763,1958.366839738,0.07771915300008914,0.010237770000003366,0.06630892500015761,0.0010469000001194217
608,0,16,0.0791314170055557,0.020582954005476495,1958.496444895,1958.554993358,1958.49654832,1958.507295974,1958.554072731,1958.554081503,0.05854846300007921,0.010747653999942486,0.04677675699986139,0.0009118550001403491
609,0,16,0.07605733300442807,0.018883385004528463,1958.684239382,1958.74141333,1958.684342399,1958.694902481,1958.740545232,1958.740555023,0.05717394799989961,0.010560082000210969,0.04564275099983206,0.0008583069998167048
610,0,16,0.07680041599087417,0.019389323990935736,1958.868019359,1958.925430451,1958.868142164,1958.878717953,1958.924488303,1958.924497176,0.057411091999938435,0.010575789000085933,0.04577035000011165,0.0009332750000794476
611,0,16,0.07632512500276789,0.0195362950028084,1959.051816823,1959.108605653,1959.051922493,1959.062413768,1959.107637594,1959.107646569,0.05678882999995949,0.010491275000049427,0.04522382599998309,0.0009590839999873424
612,0,16,0.0758825000084471,0.018481990008240246,1959.233568191,1959.290968701,1959.233673758,1959.244116789,1959.290091419,1959.290105189,0.05740051000020685,0.010443031000022529,0.04597463000004609,0.0008635120000235474
613,0,16,0.07555345800938085,0.017449266009407438,1959.417302903,1959.475407095,1959.41743142,1959.428357104,1959.474453723,1959.474462699,0.05810419199997341,0.010925684000085312,0.0460966189998544,0.000944396000022607
614,0,16,0.07616599998436868,0.01891369198438042,1959.601297301,1959.658549609,1959.601404603,1959.611866197,1959.657631222,1959.65764489,0.05725230799998826,0.010461593999934848,0.045765025000036985,0.0009047189998909744
615,0,16,0.09017991699511185,0.032844276995092514,1959.789029404,1959.846365044,1959.789133339,1959.799596056,1959.845518055,1959.845526521,0.05733564000001934,0.010462716999882105,0.045921999000029246,0.0008385230000840238
616,0,16,0.07848562498111278,0.02085429398107408,1959.989859128,1960.047490459,1959.989985707,1960.000564293,1960.046616033,1960.046624499,0.0576313310000387,0.010578586000065116,0.046051739999938945,0.0008659600000555656
617,0,16,0.07441100000869483,0.017035785008602033,1960.167308336,1960.224683551,1960.167412374,1960.178117233,1960.223743133,1960.223751905,0.057375215000092794,0.010704859000043143,0.04562590000000455,0.000931646000026376
618,0,16,0.07536629101377912,0.01826534801375601,1960.352582091,1960.409683034,1960.352685721,1960.363129058,1960.408824418,1960.408833496,0.05710094300002311,0.010443336999969688,0.045695360000081564,0.0008495380000113073
619,0,16,0.09055070800241083,0.031941220002408954,1960.536385142,1960.59499463,1960.536490506,1960.547449134,1960.594101233,1960.594109699,0.058609488000001875,0.010958628000025783,0.04665209899985712,0.0008849309999732213
620,0,16,0.07669716700911522,0.018323701009194338,1960.736532094,1960.79490556,1960.736657041,1960.748070069,1960.793837848,1960.79385172,0.05837346599992088,0.011413028000106351,0.04576777900001616,0.0010538399999404646
621,0,16,0.0785572089953348,0.021120794995340475,1960.924404341,1960.981840755,1960.924530206,1960.935222621,1960.981005292,1960.981014676,0.05743641399999433,0.010692414999994071,0.04578267099986988,0.0008260789998075779
622,0,16,0.08153437500004657,0.02428461799991055,1961.107038295,1961.164288052,1961.107142434,1961.117627488,1961.16333723,1961.163346104,0.057249757000136015,0.010485053999900629,0.04570974200009914,0.0009419479999905889
623,0,16,0.07520695799030364,0.017981271990265668,1961.296000795,1961.353226481,1961.296123498,1961.306712691,1961.352349811,1961.352359399,0.05722568600003797,0.010589192999987063,0.04563712000003761,0.0008670820000133972
624,0,16,0.07528283301508054,0.018243496015202254,1961.475711597,1961.532750934,1961.475813187,1961.486327106,1961.531892726,1961.531901905,0.05703933699987829,0.010513919000004535,0.045565619999933915,0.000849028999937218
625,0,16,0.07696854099049233,0.01946980799039011,1961.65945345,1961.716952183,1961.659557283,1961.670483477,1961.716063784,1961.716077656,0.05749873300010222,0.010926194000148826,0.045580306999909226,0.0008745270001782046
626,0,16,0.07783254102105275,0.01986828902090565,1961.845301145,1961.903265397,1961.845423338,1961.856054351,1961.9022444,1961.90225307,0.0579642520001471,0.010631012999965606,0.04619004899996071,0.0010123270001258788
627,0,16,0.07936462500947528,0.021126612009538803,1962.031373644,1962.089611657,1962.031479211,1962.04243784,1962.088621056,1962.088634315,0.05823801299993647,0.010958629000015208,0.04618321599991759,0.0009773419999419275
628,0,16,0.08511087502120063,0.027367754021042856,1962.220986379,1962.2787295,1962.22111102,1962.231777732,1962.277729005,1962.277737776,0.05774312100015777,0.010666711999874678,0.04595127300012791,0.000991723999959504
629,0,16,0.07889816598617472,0.021471441986250284,1962.4109813,1962.468408024,1962.411101861,1962.421792746,1962.467487291,1962.467496165,0.057426723999924434,0.010690885000030903,0.045694545000060316,0.0009118589998706739
630,0,16,0.07506775000365451,0.01781493200383011,1962.59472305,1962.651975868,1962.594825762,1962.605513383,1962.651052789,1962.651076758,0.0572528179998244,0.010687620999988212,0.04553940599998896,0.0008991099998638674
631,0,16,0.07757241697981954,0.019253825979831163,1962.77854293,1962.836861521,1962.778668999,1962.789906592,1962.835976284,1962.83598475,0.05831859099998837,0.011237593000032575,0.04606969199994637,0.0008767709998664941
632,0,16,0.0769763340067584,0.019433334006862424,1962.962362913,1963.019905913,1962.9624899,1962.97309888,1963.018936324,1963.018944891,0.05754299999989598,0.010608979999915391,0.04583744399997158,0.0009610219999558467
633,1,16,0.09210804098984227,0.024575286989829692,1963.148119932,1963.215652686,1963.148222644,1963.158952492,1963.214675345,1963.214689114,0.06753275400001257,0.010729847999982667,0.055722852999906536,0.0009635720000460424
634,0,16,0.07611020898912102,0.01902119998908347,1963.348237407,1963.405326416,1963.348338895,1963.358886677,1963.404366108,1963.404379674,0.05708900900003755,0.01054778200000328,0.04547943099987606,0.0009467419999964477
635,0,16,0.09043695798027329,0.03327348998027446,1963.54020384,1963.597367308,1963.540337559,1963.550988665,1963.596491556,1963.596500634,0.05716346799999883,0.010651106000068467,0.04550289100006921,0.0008666740000080608
636,1,16,0.09071612500702031,0.020158018007123246,1963.731943839,1963.802501946,1963.732070214,1963.746108356,1963.80151114,1963.801538068,0.07055810699989706,0.014038141999890286,0.05540278400007992,0.0009638779999932012
637,0,16,0.10633662500185892,0.048812697001949346,1963.956644178,1964.014168106,1963.95674638,1963.967564354,1964.013306735,1964.013315711,0.057523927999909574,0.010817974000019603,0.04574238100008188,0.0008523950000380864
638,0,16,0.08505187500850298,0.027224199008514915,1964.142585202,1964.200412878,1964.142689444,1964.153466618,1964.199448592,1964.199458078,0.05782767599998806,0.010777173999940715,0.04598197399991477,0.0009548000000449974
639,0,16,0.08130795799661428,0.02426443899662445,1964.338656429,1964.395699948,1964.338779031,1964.349575483,1964.394764425,1964.394774115,0.05704351899998983,0.010796452000022327,0.04518894199986789,0.000925832999882914
640,0,16,0.07856233400525525,0.020564117005278604,1964.524457206,1964.582455423,1964.524559918,1964.535565058,1964.581494095,1964.581502764,0.05799821699997665,0.011005139999952007,0.04592903699995077,0.0009526589999495627
641,0,16,0.07934758299961686,0.021776837999595955,1964.706227749,1964.763798494,1964.706331277,1964.717152617,1964.76282309,1964.762832066,0.057570745000020906,0.010821340000120472,0.045670472999972844,0.0009664279998560232
642,0,16,0.08304045800468884,0.025617202004696082,1964.896081607,1964.953504863,1964.896199925,1964.906981383,1964.95249478,1964.952503552,0.05742325599999276,0.01078145799988306,0.04551339700014978,0.001001310999981797
643,0,16,0.26492733298800886,0.20722001398803513,1965.270458619,1965.328165938,1965.270561229,1965.281475693,1965.327080989,1965.327089761,0.05770731899997372,0.010914464000052249,0.04560529600007612,0.0010761769999589887
644,0,16,0.07737291700323112,0.019973529003209478,1965.456541828,1965.513941216,1965.456666571,1965.467499742,1965.512914609,1965.512923483,0.057399388000021645,0.010833171000058428,0.04541486700009045,0.0010177330000260554
645,0,16,0.11327558301854879,0.05530653801861263,1965.647636589,1965.705605634,1965.647756844,1965.658806863,1965.704595041,1965.704604017,0.05796904499993616,0.011050019000094835,0.04578817799983881,0.001001616999928956
646,0,16,0.08111524998093955,0.023156403980920004,1965.859952576,1965.917911422,1965.860058654,1965.87103095,1965.916911946,1965.916925818,0.05795884600001955,0.01097229599986349,0.0458809960000508,0.0009856040001068322
647,0,16,0.09004095901036635,0.028785039010472246,1966.060145223,1966.121401143,1966.060319129,1966.071078964,1966.120364337,1966.120374128,0.061255919999894104,0.010759835000044404,0.04928537299997515,0.0010270149998632405
648,0,16,0.08195008401526138,0.02421940801536948,1966.250062218,1966.307792894,1966.250205014,1966.261125598,1966.306817593,1966.30683126,0.0577306759998919,0.010920584000132294,0.04569199499997012,0.0009616339998501644
649,0,16,0.08106166700599715,0.023276115005955944,1966.439915769,1966.497701321,1966.440019807,1966.450769035,1966.496635139,1966.496648705,0.05778555200004121,0.010749227999895083,0.04586610400019708,0.0010526159999244555
650,0,16,0.0775120829930529,0.020115958992846572,1966.623679959,1966.681076083,1966.623801846,1966.634618188,1966.680113735,1966.680122507,0.05739612400020633,0.010816341999998258,0.04549554699997316,0.0009535760000289883
651,0,16,0.08223466700292192,0.02471288100309721,1966.815657,1966.873178786,1966.815782049,1966.826558306,1966.872204096,1966.872213174,0.057521785999824715,0.010776256999861289,0.04564578999998048,0.0009656119998453505
652,0,16,0.11615370798972435,0.058119956989685306,1967.03620287,1967.094236621,1967.036306397,1967.047131627,1967.093244702,1967.093253984,0.05803375100003905,0.010825229999909425,0.04611307499999384,0.0009826369998791051
653,0,16,0.08112054201774299,0.023511914017717572,1967.228140107,1967.285748735,1967.228264951,1967.239564568,1967.284817096,1967.28482597,0.05760862800002542,0.011299617000076978,0.0452525279999918,0.0009227650000411813
654,0,16,0.0767993750050664,0.01922634300512982,1967.411808154,1967.469381186,1967.411910865,1967.422872669,1967.468439959,1967.468453729,0.057573031999936575,0.010961804000089614,0.04556729000000814,0.0009274569999888627
655,0,16,0.081128334015375,0.023608035015286077,1967.597693409,1967.655213708,1967.597799995,1967.608617372,1967.65435877,1967.654372336,0.057520299000088926,0.010817376999966655,0.04574139800001831,0.0008413719999680325
656,0,16,0.07985533299506642,0.021430932994917384,1967.785564031,1967.843988431,1967.785664192,1967.796805817,1967.842957141,1967.84296785,0.058424400000149035,0.011141624999936539,0.04615132399999311,0.0010205810001480131
657,0,16,0.08211783302249387,0.023909259022502738,1967.967306072,1968.025514646,1967.967412557,1967.978424238,1968.024545574,1968.024554346,0.05820857399999113,0.011011680999899909,0.04612133600016932,0.000960299999860581
658,0,16,0.08160895798937418,0.02329338898948663,1968.159348672,1968.217664241,1968.159450975,1968.170406251,1968.216674463,1968.216683337,0.058315568999887546,0.010955276000004233,0.04626821199985898,0.0009809040000163805
659,1,16,0.08772383298492059,0.020150623984818594,1968.351215123,1968.418788332,1968.35131661,1968.362309115,1968.417718487,1968.417731849,0.067573209000102,0.010992505000103847,0.055409371999985524,0.0010564830001840164
660,0,16,0.08183170901611447,0.023797754016186445,1968.547225195,1968.60525915,1968.547351671,1968.558374163,1968.604355153,1968.604370554,0.05803395499992803,0.011022492000165585,0.04598098999986178,0.0008885959998679027
661,0,16,0.07960449997335672,0.02185593197327762,1968.739153966,1968.796902534,1968.739258003,1968.750456439,1968.795928363,1968.795937236,0.057748568000079104,0.011198435999858702,0.04547192400013955,0.0009652979999827949
662,0,16,0.07589658300275914,0.01802378300271812,1968.925022187,1968.982894987,1968.92512857,1968.936079664,1968.981980484,1968.981989868,0.057872800000041025,0.010951094000120065,0.04590081999981521,0.0009051189999809139
663,0,16,0.08482387501862831,0.025663569018661292,1969.116951978,1969.176112284,1969.117077332,1969.128559932,1969.175021632,1969.175030812,0.05916030599996702,0.011482599999908416,0.04646170000000893,0.00108147200012354
664,0,16,0.08143137500155717,0.022328799001570587,1969.304887471,1969.363990047,1969.305019965,1969.316305711,1969.362941826,1969.362955187,0.059102575999986584,0.01128574600011234,0.04663611499995568,0.0010348600001179875
665,0,16,0.07714045798638836,0.019751937986484336,1969.49480109,1969.55218961,1969.494904515,1969.505903446,1969.551313967,1969.551323045,0.05738851999990402,0.010998931000131051,0.04541052099989429,0.0008665650000239111
666,0,16,0.0830055839905981,0.024994985990588248,1969.680508972,1969.73851957,1969.680638202,1969.691806754,1969.737557434,1969.737566206,0.05801059800000985,0.01116855200007194,0.045750680000082866,0.0009533639999972365
667,0,16,0.07902158299111761,0.020869616991149087,1969.874580187,1969.932732153,1969.874682388,1969.885703758,1969.931784602,1969.931793476,0.058151965999968525,0.01102136999998038,0.04608084400001644,0.0009386770000219258
668,0,16,0.07561029097996652,0.01819841397991695,1970.054274845,1970.111686722,1970.054381636,1970.06547879,1970.110769465,1970.11077895,0.05741187700004957,0.011097154000026421,0.04529067499993289,0.0009077720001187117
669,2,16,0.09588150001945905,0.017634424019433936,1970.234604944,1970.31285202,1970.234728564,1970.24603063,1970.311813795,1970.311824096,0.07824707600002512,0.011302065999871047,0.06578316500008441,0.0010279240000272694
670,0,16,0.07877804199233651,0.01955531399244137,1970.44225153,1970.501474258,1970.4423522,1970.453791757,1970.500488561,1970.50049723,0.05922272799989514,0.011439557000130662,0.046696804000021075,0.0009770279998519982
671,0,16,0.08298424998065457,0.025396020980451794,1970.625988935,1970.683577164,1970.626092665,1970.637327005,1970.682601258,1970.68261003,0.05758822900020277,0.011234340000100929,0.04527425299988863,0.0009671340001204953
672,0,16,0.08099016599589959,0.021374647996026397,1970.820735062,1970.88035058,1970.820839915,1970.831975011,1970.879275534,1970.879288997,0.05961551799987319,0.011135095999861733,0.04730052300010357,0.0010615829999096604
673,0,16,0.10575687501113862,0.04703189101132921,1971.038516665,1971.097241649,1971.038640897,1971.050246505,1971.096163032,1971.096172212,0.05872498399980941,0.011605607999854328,0.045916527000144924,0.0010694369998418551
674,0,16,0.07802358298795298,0.02039353498798846,1971.224874369,1971.282504417,1971.224978406,1971.236211929,1971.281523513,1971.281536773,0.05763004799996452,0.011233523000100831,0.04531158399981905,0.0009676439999566355
675,0,16,0.120501792000141,0.05172563200017066,1971.442813863,1971.511590023,1971.442942583,1971.454400397,1971.510538333,1971.510551899,0.06877615999997033,0.01145781399986845,0.05613793600014105,0.0010381240001606784
676,0,16,0.09438895800849423,0.03608552700848122,1971.656303337,1971.714606768,1971.656409311,1971.667585003,1971.713676047,1971.713685328,0.058303431000013006,0.01117569200005164,0.046091043999922476,0.0009214399999564193
677,0,16,0.10611337498994544,0.04794651698989583,1971.865484464,1971.923651322,1971.865586971,1971.877020102,1971.922623092,1971.922631965,0.058166858000049615,0.011433130999876084,0.045602990000134014,0.001019357000132004
678,0,16,0.09886800000094809,0.040960214000733686,1972.071759906,1972.129667692,1972.071884444,1972.083219455,1972.128691786,1972.128700354,0.0579077860002144,0.011335011000028317,0.04547233099992809,0.0009673380000094767
679,0,16,0.08919816598063335,0.03168704698077818,1972.269856732,1972.327367851,1972.269959749,1972.281011718,1972.326464057,1972.326473033,0.05751111899985517,0.011051968999936435,0.045452339000121356,0.0008948180000061257
680,0,16,0.10111512499861419,0.042480815998715116,1972.480187262,1972.538821571,1972.480291197,1972.491748399,1972.537659011,1972.537667272,0.058634308999899076,0.011457201999974131,0.045910611999943285,0.0011542990000634745
681,0,16,0.10478575000888668,0.04584483800886119,1972.690561548,1972.74950246,1972.690687209,1972.702341367,1972.748399466,1972.748408748,0.05894091200002549,0.011654157999828385,0.04605809899999258,0.0010937120000562572
682,0,16,0.10225004199310206,0.0433863419930276,1972.90084108,1972.95970478,1972.900942465,1972.912681281,1972.958682159,1972.958695521,0.05886370000007446,0.01173881599993365,0.04600087800008623,0.0010092590000567725
683,0,16,0.10460033398703672,0.04574050998712664,1973.113190433,1973.172050257,1973.113312524,1973.124826538,1973.170822113,1973.170831293,0.05885982399991008,0.01151401399988572,0.045995575000006284,0.0012189639999178326
684,0,16,0.0992089589999523,0.0408107729999756,1973.321436658,1973.379834844,1973.321563848,1973.332955977,1973.378862814,1973.37887179,0.058398185999976704,0.011392128999887063,0.04590683700007503,0.0009630540000671317
685,0,16,0.09919866698328406,0.040522641983443464,1973.531815535,1973.59049156,1973.531917633,1973.543695514,1973.589418553,1973.589428753,0.05867602499984059,0.011777881000170964,0.04572303899999497,0.0010628069999256695
686,1,16,0.11285912501625717,0.04519748401639845,1973.740061249,1973.80772289,1973.740177526,1973.751679913,1973.806725667,1973.80673913,0.06766164099985872,0.011502387000064118,0.05504575399982059,0.0009837599998263613
687,0,16,0.10200662500574253,0.04442339400588935,1973.950528863,1974.008112094,1973.950648913,1973.961825217,1974.007121195,1974.007130375,0.057583230999853185,0.011176304000173332,0.04529597800001284,0.000981718999810255
688,0,16,0.0887347090174444,0.030702284017479542,1974.152754623,1974.210787048,1974.152857843,1974.163996204,1974.209780033,1974.209788703,0.05803242499996486,0.011138360999893848,0.04578382900012912,0.0009983449999708682
689,0,16,0.10108574997866526,0.04294806397865614,1974.362827203,1974.420964889,1974.362928995,1974.374147525,1974.420055995,1974.420064665,0.058137686000009126,0.011218529999950988,0.0459084700000858,0.0009002240001336759
690,0,16,0.09908216600888409,0.040589021009054704,1974.573272581,1974.631765726,1974.573395079,1974.584823621,1974.630864686,1974.630873458,0.05849314499982938,0.011428541999976005,0.046041065000054004,0.00089226799991593
691,0,16,0.1014656670158729,0.04362479101587269,1974.78355864,1974.841399516,1974.783662779,1974.7949932,1974.84048338,1974.84049307,0.05784087600000021,0.01133042099991144,0.04549018000011529,0.0009064459998171515
692,0,16,0.1022909999883268,0.044239806988343844,1974.992021608,1975.050072801,1974.992126563,1975.003578258,1975.049167273,1975.049176453,0.05805119299998296,0.011451695000005202,0.045589014999904975,0.0008963479999692936
693,0,16,0.10804712498793378,0.05029886298780184,1975.204212663,1975.261960925,1975.204335161,1975.215733205,1975.260965028,1975.260974003,0.057748262000131945,0.011398044000088703,0.04523182299999462,0.0009869220000382484
694,4,16,0.11278349999338388,0.018630832993267177,1975.390679401,1975.484832068,1975.390782316,1975.401962291,1975.483665326,1975.483678891,0.09415266700011671,0.01117997500000456,0.0817030349999186,0.001153177000105643
695,3,16,0.11454483302077278,0.02194128002065554,1975.616727439,1975.709330992,1975.616831374,1975.628344369,1975.708250027,1975.708262573,0.09260355300011724,0.01151299499997549,0.07990565800014338,0.001068419000148424
696,0,16,0.08491320899338461,0.025568029993337404,1975.84137022,1975.900715399,1975.841495065,1975.85329715,1975.899751628,1975.899760706,0.05934517900004721,0.011802084999999352,0.046454478000214294,0.0009546930000396969
697,0,16,0.07648762498865835,0.018092854988708496,1976.025151253,1976.083546023,1976.025274159,1976.036747406,1976.082624275,1976.082632944,0.05839476999994986,0.01147324699991259,0.04587686900003973,0.0009130790001563582
698,1,16,0.08824220800306648,0.019962185003123523,1976.213020533,1976.281300556,1976.213124877,1976.22461536,1976.280178282,1976.280187156,0.06828002299994296,0.011490482999988672,0.05556292200003554,0.001113399999894682
699,0,16,0.0792404169915244,0.021173466991513124,1976.406963232,1976.465030182,1976.407089198,1976.418607323,1976.464115574,1976.464128936,0.058066950000011275,0.011518125000065993,0.04550825100000111,0.0009012460000121791
700,0,16,0.07655966700986028,0.01856258400994193,1976.594844038,1976.652841121,1976.594948177,1976.606449064,1976.651888672,1976.651897035,0.05799708299991835,0.011500886999783688,0.045439608000151566,0.0009440859998903761
701,0,16,0.07491437499993481,0.016675966999855518,1976.778596919,1976.836835327,1976.778704322,1976.790135342,1976.835810664,1976.835819436,0.05823840800007929,0.011431019999918135,0.04567532200007918,0.0010158909999518073
702,0,16,0.07809362499392591,0.018854829993870226,1976.960450207,1977.019689002,1976.960576785,1976.972162126,1977.018674131,1977.018683005,0.05923879500005569,0.011585340999999971,0.04651200499984043,0.0010059969999929308
703,0,16,0.07735949999187142,0.01908845299180939,1977.14413475,1977.202405797,1977.144256841,1977.155803219,1977.201464466,1977.201478337,0.058271047000062026,0.011546378000048207,0.045661246999998184,0.0009274599999571365
704,0,16,0.08068870799615979,0.022124725996036432,1977.329956745,1977.388520727,1977.330060068,1977.341540862,1977.387487089,1977.387495759,0.05856398200012336,0.011480794000135575,0.0459462269998312,0.0010249679999105865
705,2,16,0.09958829198149033,0.02091190798137177,1977.51786815,1977.596544534,1977.517990853,1977.529784472,1977.595384419,1977.595394618,0.07867638400011856,0.01179361900017284,0.0655999470000097,0.0011499160000312258
706,1,16,0.08778045902727172,0.020201871027211382,1977.726192134,1977.793770722,1977.726295763,1977.737795732,1977.792778189,1977.792791856,0.06757858800006034,0.011499968999942212,0.054982457000051,0.0009788660001959215
707,0,16,0.07724262497504242,0.018857952974940417,1977.920147887,1977.978532559,1977.9202558,1977.931825332,1977.977531662,1977.977545839,0.058384672000102,0.011569532000066829,0.04570633000002999,0.0009867200001281162
708,0,16,0.07597225002245978,0.017710076022467547,1978.10589216,1978.164154334,1978.106010681,1978.11759796,1978.163045319,1978.163056233,0.05826217399999223,0.011587278999968476,0.04544735900003616,0.0010981010000250535
709,0,16,0.0804522079997696,0.021357432999820958,1978.293835899,1978.352930674,1978.293937998,1978.306043728,1978.351796263,1978.351805034,0.05909477499994864,0.012105730000030235,0.045752535000019634,0.0011256399998273992
710,0,16,0.08474462499725632,0.024479533997237013,1978.485711421,1978.545976512,1978.485817396,1978.498368446,1978.544937671,1978.544946239,0.06026509100001931,0.01255105000018375,0.046569224999984726,0.0010302729999693838
711,0,16,0.07966941699851304,0.020960700998557513,1978.677680272,1978.736388988,1978.677781963,1978.689533049,1978.735362285,1978.735371057,0.05870871599995553,0.011751086000003852,0.0458292360001451,0.0010179309999784891
712,3,16,0.1185575409908779,0.029132905990763902,1978.869656975,1978.95908161,1978.869780392,1978.881447433,1978.957991057,1978.958000032,0.089424635000114,0.011667041000009704,0.0765436240001236,0.001081578000139416
713,0,16,0.08213266701204702,0.02350350801202694,1979.094248375,1979.152877534,1979.09435129,1979.106040464,1979.151837062,1979.151845833,0.05862915900002008,0.011689173999911873,0.045796597999924415,0.001031701000101748
714,0,16,0.07836979199782945,0.02029366099782237,1979.282028,1979.340104131,1979.282131119,1979.293821109,1979.339057233,1979.339066106,0.05807613100000708,0.011689989999922545,0.04523612399998456,0.0010380250000707747
715,0,16,0.08046920798369683,0.022045981983865204,1979.470566076,1979.528989302,1979.470667767,1979.482418139,1979.528004826,1979.528014108,0.05842322599983163,0.011750372000051357,0.04558668699996815,0.0009751939999205206
716,0,16,0.07655545801389962,0.018363764013884065,1979.657865498,1979.716057192,1979.657989017,1979.669715522,1979.71512147,1979.715130344,0.05819169400001556,0.011726504999842291,0.045405948000052376,0.0009268480000628188
717,0,16,0.07540562498616055,0.01728328998615325,1979.841691104,1979.899813439,1979.841796875,1979.853633537,1979.898774191,1979.898783166,0.0581223350000073,0.011836661999950593,0.04514065400007894,0.0010302729999693838
718,0,16,0.07676683398312889,0.018451315983156746,1980.023411897,1980.081727415,1980.023530112,1980.03521286,1980.080707648,1980.080716929,0.058315517999972144,0.011682748000112042,0.04549478800004181,0.0010104860000410554
719,1,16,0.0886365000042133,0.018300012004146993,1980.209232668,1980.279569156,1980.209336909,1980.221998115,1980.278408327,1980.278421077,0.07033648800006631,0.01266120599984788,0.05641021200017349,0.0011480789999041008
720,1,16,0.08917983397259377,0.020909500972720707,1980.405325873,1980.473596206,1980.405429808,1980.417346945,1980.472502695,1980.472511263,0.06827033299987306,0.011917136999954892,0.055155750000039916,0.001084943000023486
721,0,16,0.07750824998947792,0.018952324989413682,1980.603333563,1980.661889488,1980.603438212,1980.615199804,1980.660918986,1980.660927758,0.058555925000064235,0.01176159200008442,0.0457191820000844,0.0009617299999717943
722,0,16,0.10795666699414141,0.04944745599414091,1980.819846078,1980.878355289,1980.819974595,1980.83168427,1980.877317162,1980.877335012,0.058509211000000505,0.01170967500002007,0.04563289199995779,0.0010202769999523298
723,0,16,0.08360837501822971,0.025162913018220934,1981.005648388,1981.06409385,1981.005752017,1981.017676702,1981.062991057,1981.063000339,0.058445462000008774,0.011924684999939927,0.04531435500007319,0.0010935110001355497
724,0,16,0.08407891698880121,0.02536928298877683,1981.193423117,1981.252132751,1981.193547247,1981.205149826,1981.251214064,1981.251222835,0.05870963400002438,0.011602579000054902,0.04606423799987169,0.0009099160001824202
725,0,16,0.07817137500387616,0.01979935100393959,1981.388024716,1981.44639674,1981.388149663,1981.399973167,1981.445341478,1981.445350658,0.05837202399993657,0.011823504000176399,0.045368310999947425,0.0010460819999025261
726,0,16,0.07423041597940028,0.015387267979349417,1981.56924093,1981.628084078,1981.569347211,1981.581296885,1981.627018107,1981.627026981,0.05884314800005086,0.011949674000106825,0.04572122199988371,0.0010570970000571833
727,0,16,0.08042879099957645,0.021160517999533113,1981.753001665,1981.812269938,1981.753125999,1981.76514697,1981.811270264,1981.811278832,0.05926827300004334,0.012020970999856218,0.04612329400015369,0.0009911060001286387
728,0,16,0.07842449998133816,0.020060940981238673,1981.940877371,1981.99924093,1981.9409759,1981.952804096,1981.998322446,1981.998331116,0.058363559000099485,0.011828195999896707,0.045518350000065766,0.0009098140001242427
729,0,16,0.08275454200338572,0.023663744003442844,1982.130697244,1982.189788042,1982.130802607,1982.142919353,1982.188760319,1982.188773579,0.05909079799994288,0.012116745999946943,0.045840966000014305,0.0010144629998194432
730,0,16,0.08154179199482314,0.0230411489949347,1982.320677763,1982.379178406,1982.320785778,1982.333141401,1982.378150581,1982.378159352,0.05850064299988844,0.012355622999848492,0.04500918000007914,0.0010190539999257453
731,0,16,0.08020175001001917,0.021911527009933707,1982.510535987,1982.56882621,1982.510657364,1982.522392844,1982.567866009,1982.567874985,0.05829022300008546,0.011735479999970266,0.04547316499997578,0.0009512250001080247
732,0,16,0.08013725001364946,0.021546034013681492,1982.69839568,1982.756986896,1982.698500125,1982.71076599,1982.756001604,1982.75601058,0.05859121599996797,0.012265865000017584,0.04523561399992104,0.0009763159998783522
733,0,16,0.07894591699005105,0.01940112999000121,1982.886225283,1982.94577007,1982.886329525,1982.898695551,1982.944782534,1982.944791102,0.05954478700004984,0.012366025999881458,0.04608698300012293,0.0009789680000267253
734,0,16,0.08090979099506512,0.021457922995068657,1983.076208046,1983.135659914,1983.076332482,1983.088593248,1983.134555285,1983.134568545,0.059451867999996466,0.01226076600005399,0.04596203699998114,0.0010913689998233167
735,0,16,0.07753099998808466,0.01824365398806549,1983.262069106,1983.321356452,1983.262173449,1983.274231852,1983.320381971,1983.320397985,0.05928734600001917,0.012058402999855389,0.04615011900000354,0.000958466999918528
736,0,16,0.07755391701357439,0.019112739013507962,1983.450062007,1983.508503185,1983.450201641,1983.462028817,1983.507485968,1983.507499023,0.05844117800006643,0.011827175999997053,0.04545715100016423,0.0010041620000720286
737,4,16,0.11536958400392905,0.020331029003955337,1983.635799548,1983.730838103,1983.63592378,1983.647940161,1983.729535396,1983.729543861,0.09503855499997371,0.012016380999966714,0.08159523500012256,0.0012942420000854327
738,0,16,0.07803400000557303,0.01986443700570817,1983.856268036,1983.914437599,1983.856373094,1983.868657326,1983.913461785,1983.91347484,0.058169562999864866,0.012284231999956319,0.0448044590000336,0.0009627590000036435
739,0,16,0.08564404098433442,0.027553322984203987,1984.048551204,1984.106641922,1984.048655038,1984.060541885,1984.105680897,1984.105689771,0.05809071800013044,0.011886846999914269,0.045139011999935974,0.0009521510000922717
740,0,16,0.07799350001732819,0.020249982017276125,1984.236091362,1984.29383488,1984.236214474,1984.248177616,1984.292905372,1984.292914042,0.05774351800005206,0.01196314200001325,0.044727755999929286,0.0009208380001837213
741,0,16,0.08045179100008681,0.022095878000072844,1984.424021153,1984.482377066,1984.424125599,1984.43644094,1984.481352599,1984.48136137,0.05835591300001397,0.012315340999975888,0.0449116590000358,0.0010156959999676474
742,0,16,0.07991704202140681,0.020950364021473433,1984.61182467,1984.670791348,1984.611930646,1984.624417446,1984.669810841,1984.669824203,0.05896667799993338,0.012486800000033327,0.045393395000019154,0.0009671450000041659
743,0,16,0.10245945799397305,0.043186173993944976,1984.82420991,1984.883483194,1984.824330778,1984.83686827,1984.882409767,1984.882418437,0.05927328400002807,0.01253749199986487,0.04554149699993104,0.0010647569999946427
744,0,16,0.08187774999532849,0.022832022995316947,1985.007922899,1985.066968626,1985.008029283,1985.020743538,1985.065899278,1985.06590805,0.05904572700001154,0.012714254999991681,0.04515573999992739,0.0010605760000998998
745,0,16,0.08247575000859797,0.024022531008540682,1985.208092757,1985.266545976,1985.208192817,1985.220297328,1985.265504373,1985.265513552,0.05845321900005729,0.012104510999961349,0.04520704500009742,0.0010324240001864382
746,2,16,0.09937558299861848,0.020427394998705495,1985.394223507,1985.473171695,1985.394336622,1985.406957447,1985.472011876,1985.472025339,0.07894818799991299,0.012620824999885372,0.06505442899992886,0.001146355999935622
747,2,16,0.09819370799232274,0.019365162992471596,1985.595139683,1985.673968228,1985.595244741,1985.607631277,1985.672791477,1985.672804737,0.07882854499985115,0.01238653600012185,0.06516019999980927,0.001163490999942951
748,0,16,0.08023533297819085,0.020902788978219178,1985.804375429,1985.863707973,1985.804479263,1985.816825713,1985.862659638,1985.862673713,0.059332543999971676,0.012346449999995457,0.045833924999897135,0.0010342599998693913
749,2,16,0.09954008299973793,0.020216541999843685,1985.99432886,1986.073652401,1985.994453399,1986.00680189,1986.072596824,1986.072610491,0.07932354099989425,0.012348491000011563,0.06579493399999592,0.0010419099999126047
750,0,16,0.08556566698825918,0.02602055798820402,1986.205000023,1986.264545132,1986.205102939,1986.217554142,1986.263440901,1986.263455691,0.05954510900005516,0.012451202999955058,0.04588675900004091,0.001089440999976432
751,0,16,0.08045404200674966,0.020750021006733732,1986.394550359,1986.45425438,1986.394653478,1986.406933732,1986.453187889,1986.453201556,0.05970402100001593,0.012280253999961133,0.04625415700002122,0.001052823999998509
752,0,16,0.0782838329905644,0.01976502899060506,1986.580501694,1986.639020498,1986.580623174,1986.592872012,1986.638077221,1986.638090787,0.058518803999959346,0.01224883800000498,0.04520520899995972,0.0009297110000261455
753,0,16,0.10654100001556799,0.04662686301549002,1986.794883851,1986.854797988,1986.794987787,1986.807641761,1986.853768828,1986.853777702,0.05991413700007797,0.012653973999931623,0.0461270670000431,0.0010202860000845249
754,0,16,0.07863220901344903,0.019630546013331696,1986.981108235,1987.040109898,1986.981211253,1986.993611252,1987.039064316,1987.03907727,0.05900166300011733,0.012399998999853779,0.04545306399995752,0.0010326280000754195
755,0,16,0.0853854579909239,0.025680110990833782,1987.164362131,1987.224067478,1987.164463619,1987.177071185,1987.223127873,1987.223136645,0.059705347000090114,0.012607566000042425,0.04605668800013518,0.0009308329999839771
756,0,16,0.08154975000070408,0.022296152000535585,1987.358321432,1987.41757503,1987.358442198,1987.370846685,1987.416613495,1987.416622267,0.059253598000168495,0.012404487000139852,0.04576681000003191,0.0009527629999865894
757,0,16,0.0807325410132762,0.021309218013357167,1987.550314925,1987.609738248,1987.550418963,1987.562665761,1987.608675429,1987.608684303,0.05942332299991904,0.012246797999978298,0.04600966799989692,0.001053944999966916
758,3,16,0.10839979100273922,0.018605747002766293,1987.734104719,1987.823898763,1987.734208553,1987.746638642,1987.822668769,1987.822677745,0.08979404399997293,0.012430089000190492,0.07603012699996725,0.0012210180000238324
759,0,16,0.07717216698802076,0.018096554988005664,1987.946471191,1988.005546803,1987.946573189,1987.959034999,1988.004615663,1988.004628923,0.0590756120000151,0.012461810000104379,0.04558066399999916,0.0009178800000881893
760,0,16,0.08334995902259834,0.02461808102248142,1988.137133305,1988.195865183,1988.137236017,1988.149488425,1988.19479451,1988.194807974,0.05873187800011692,0.01225240799999483,0.04530608499999289,0.0010572090000096068
761,0,16,0.08059029199648649,0.02161168099655697,1988.328326522,1988.387305133,1988.32842903,1988.340808629,1988.386282603,1988.386291477,0.058978610999929515,0.012379599000041708,0.045473973999833106,0.0010136559999409656
762,0,16,0.07872070799930952,0.01773263399923053,1988.514112314,1988.575100388,1988.51423614,1988.528352766,1988.574013498,1988.574027063,0.060988074000078996,0.014116625999804455,0.04566073200021492,0.0010733250001067063
763,0,16,0.08804695899016224,0.02795106199005204,1988.709119849,1988.769215746,1988.709223785,1988.721881839,1988.768134261,1988.768143033,0.0600958970001102,0.012658053999984986,0.046252421999952276,0.0010727130002123886
764,0,16,0.08614795899484307,0.026632022994817817,1988.907404885,1988.966920821,1988.907510351,1988.920054371,1988.965815163,1988.965830157,0.05951593600002525,0.012544020000177625,0.04576079199978267,0.0010906640000030166
765,0,16,0.08488866698462516,0.024671799984616882,1989.100263627,1989.160480494,1989.100393164,1989.113277552,1989.159407781,1989.159421245,0.06021686700000828,0.012884387999974933,0.04613022900002761,0.0010592490000362886
766,0,16,0.0798534159839619,0.020377767983973172,1989.288104169,1989.347579817,1989.288209635,1989.300710307,1989.346475485,1989.346483848,0.05947564799998872,0.01250067199998739,0.045765178000010565,0.0010959690000618139
767,0,16,0.08254037500591949,0.022903469005996158,1989.478142157,1989.537779063,1989.478249357,1989.491110489,1989.536794885,1989.536803656,0.05963690599992333,0.012861131999898134,0.04568439600006968,0.000975406999941697
768,1,16,0.08668962499359623,0.016237870993791148,1989.662034051,1989.732485805,1989.662155326,1989.674829598,1989.731437266,1989.731446752,0.07045175399980508,0.012674272000140263,0.056607667999969635,0.0010390529998858256
769,0,16,0.07897808300913312,0.01931853300925468,1989.858892033,1989.918551583,1989.858998213,1989.871614652,1989.917447556,1989.917460918,0.059659549999878436,0.012616439000112223,0.04583290400000806,0.0010906649999924412
770,0,16,0.08627699999487959,0.027182620994835816,1990.047675547,1990.106769926,1990.047776117,1990.060169894,1990.105824812,1990.105838276,0.05909437900004377,0.01239377699994293,0.045654918000082034,0.0009316499999840744
771,0,16,0.08020825000130571,0.020840312001155326,1990.239667918,1990.299035856,1990.239770222,1990.252540678,1990.297965591,1990.297974158,0.05936793800015039,0.012770455999998376,0.045424913000033484,0.0010616980000577314
772,0,16,0.0798059579974506,0.0196847649974643,1990.425550711,1990.485671904,1990.425654647,1990.438604721,1990.484593989,1990.484602965,0.060121192999986306,0.012950073999945744,0.045989267999857475,0.0010689389998788101
773,0,16,0.07942245798767544,0.020008518987879143,1990.609268392,1990.668682331,1990.609373042,1990.621958168,1990.667566881,1990.667575857,0.0594139389997963,0.012585125999976299,0.045608713000092393,0.0011064739999255835
774,0,16,0.08736345800571144,0.02775602900578633,1990.803281446,1990.862888875,1990.80338681,1990.816141864,1990.861806268,1990.861820752,0.059607428999925105,0.012755054000081145,0.045664404000035574,0.0010681229998681374
775,0,16,0.08121416601352394,0.021687315013650732,1990.996378863,1991.055905714,1990.996499119,1991.009004074,1991.05496876,1991.054977328,0.059526850999873204,0.01250495499994031,0.04596468600016124,0.0009283859999413835
776,0,16,0.08037758400314488,0.02093376000311764,1991.185152382,1991.244596206,1991.185257032,1991.197948541,1991.243522269,1991.243536651,0.059443824000027234,0.012691508999978396,0.045573728000135816,0.0010595549999834475
777,0,16,0.08008149999659508,0.020527823996417283,1991.370983869,1991.430537545,1991.371087601,1991.38381634,1991.429435049,1991.429448615,0.0595536760001778,0.012728739000067435,0.045618708999882074,0.0010889300001508673
778,0,16,0.08117150000180118,0.020674036001764762,1991.560960964,1991.621458428,1991.561090706,1991.573937966,1991.620458847,1991.620469353,0.060497464000036416,0.012847259999944072,0.046520881000105874,0.0009890750000067783
779,0,16,0.08016587499878369,0.01961253899867188,1991.744676911,1991.805230247,1991.744780949,1991.757764377,1991.80418456,1991.804193434,0.06055333600011181,0.012983428000097774,0.046420183000009274,0.0010368130001552345
780,0,16,0.07999825000297278,0.02045470700295482,1991.932605918,1991.992149461,1991.932710874,1991.945638852,1991.991043799,1991.991057365,0.05954354300001796,0.012927978000107032,0.04540494699995179,0.001092096000093079
781,0,16,0.0785125000111293,0.018914184011237012,1992.122496444,1992.18209476,1992.122619658,1992.135371791,1992.181003175,1992.181011946,0.05959831599989229,0.012752132999821697,0.04563138399998934,0.0010828140000285202
782,0,16,0.07824987499043345,0.018848109990358353,1992.304189368,1992.363591133,1992.304291264,1992.317098374,1992.362456912,1992.362465888,0.0594017650000751,0.012807109999812383,0.04535853800007317,0.0011252449999119563
783,0,16,0.08483225002419204,0.025308291024202845,1992.494146703,1992.553670662,1992.494251251,1992.507096202,1992.552568571,1992.552577445,0.05952395899998919,0.012844951000033689,0.04547236899998097,0.001093217000061486
784,0,16,0.10726400002022274,0.047547672020300524,1992.711456206,1992.771172534,1992.711560347,1992.724678143,1992.770148982,1992.770162649,0.059716327999922214,0.013117795999960435,0.045470839000017804,0.0010098850000304083
785,0,16,0.07549008302157745,0.016130443021665997,1992.898469871,1992.957829511,1992.898592779,1992.911475061,1992.956848491,1992.956857875,0.05935963999991145,0.012882281999964107,0.04537343000015426,0.0009716360000311397
786,0,16,0.0797129159909673,0.0196621349907673,1993.085837061,1993.145887842,1993.085937224,1993.098757287,1993.144649481,1993.144657946,0.060050781000200004,0.012820062999935544,0.04589219400008915,0.0012298960000407533
787,1,16,0.09058070799801499,0.021674740997923436,1993.276638228,1993.345544195,1993.276737779,1993.28947094,1993.344413238,1993.344422009,0.06890596700009155,0.012733160999914617,0.05494229800001449,0.001122185999975045
788,0,16,0.07973750002565794,0.020605826025530405,1993.470208649,1993.529340323,1993.470313095,1993.483105415,1993.528366647,1993.528375623,0.05913167400012753,0.012792320000016844,0.04526123200002985,0.0009646999999404215
789,3,16,0.13440641699708067,0.0435601079971093,1993.682627028,1993.773473337,1993.682730251,1993.695945659,1993.772175001,1993.772183671,0.09084630899997137,0.013215407999950912,0.07622934200003328,0.0012896660000478732
790,0,16,0.08205000002635643,0.021361934026344898,1993.901028321,1993.961716387,1993.901131033,1993.914089508,1993.960544937,1993.96055483,0.06068806600001153,0.01295847500000491,0.046455428999934156,0.0011615569999321451
791,0,16,0.08585141599178314,0.025526361991978774,1994.099101252,1994.159426306,1994.099204781,1994.112237919,1994.158391126,1994.15839949,0.06032505399980437,0.013033138000082545,0.04615320699986114,0.0010268159999213822
792,0,16,0.08077329097432084,0.021381113974484833,1994.286966501,1994.346358678,1994.287070845,1994.300060429,1994.345234453,1994.345248223,0.05939217699983601,0.012989584000024479,0.04517402400006176,0.0011104549998890434
793,0,16,0.08268274998408742,0.022554144984269442,1994.4769169,1994.537045505,1994.477043684,1994.490191876,1994.53589731,1994.535905878,0.06012860499981798,0.013148192000016934,0.04570543400018323,0.0011396269999295328
794,0,16,0.092571457993472,0.032502317993476026,1994.677026737,1994.737095877,1994.677130776,1994.690148818,1994.736036421,1994.736045397,0.06006913999999597,0.0130180419998851,0.04588760300021022,0.0010504800000035175
795,1,16,0.08941962500102818,0.019776619001049767,1994.866953473,1994.936596479,1994.867077095,1994.880119311,1994.935397285,1994.935405751,0.06964300599997841,0.013042216000030749,0.055277973999864116,0.0011907279999832099
796,0,16,0.0829660420131404,0.022751758013100698,1995.065039562,1995.125253846,1995.06516247,1995.078080248,1995.124150836,1995.124163994,0.0602142840000397,0.012917778000200997,0.04607058799979313,0.001089852000177416
797,0,16,0.08623170800274238,0.026622478002764183,1995.26116198,1995.32077121,1995.26126255,1995.273973068,1995.319670342,1995.319683908,0.0596092299999782,0.012710517999948934,0.045697274000076504,0.0010873020000872202
798,0,16,0.07761812501121312,0.018353140011186042,1995.448951036,1995.508216021,1995.449056808,1995.462018139,1995.507223578,1995.507232962,0.05926498500002708,0.012961331000042264,0.04520543900002849,0.0009830589999637596
799,0,16,0.10869887500302866,0.048403095003095586,1995.667445759,1995.727741539,1995.667568259,1995.680597521,1995.726554585,1995.726563051,0.060295779999933075,0.013029261999918162,0.045957064000049286,0.001178487999823119
800,0,16,0.08338699999148957,0.023763285991435623,1995.851132239,1995.910755953,1995.851235359,1995.86411958,1995.909609798,1995.909623058,0.05962371400005395,0.01288422100014941,0.045490217999940796,0.0011328949999551696
801,0,16,0.08334525002283044,0.023614132022885315,1996.051266352,1996.11099747,1996.051370084,1996.064525008,1996.109862331,1996.109871103,0.05973111799994513,0.013154923999991297,0.045337323000012475,0.0011263670000971615
802,1,16,0.08902187499916181,0.018953229999169707,1996.237241368,1996.307310013,1996.237365806,1996.250928315,1996.306266876,1996.30627575,0.0700686449999921,0.013562508999939382,0.05533856100009871,0.0010342630000650388
803,0,16,0.08458595897536725,0.02325662997532163,1996.435264422,1996.496593751,1996.435369174,1996.449287555,1996.49557642,1996.49558968,0.06132932900004562,0.013918380999939473,0.04628886499995133,0.0010040710001248954
804,0,16,0.07996499998262152,0.019674013982694305,1996.62314803,1996.683439016,1996.623254414,1996.636557847,1996.682280826,1996.68229378,0.060290985999927216,0.013303432999919096,0.04572297899994737,0.0011452359999566397
805,0,16,0.07642600001418032,0.016366856014201403,1996.807314208,1996.867373352,1996.807420388,1996.820756665,1996.866184154,1996.866193946,0.060059143999978915,0.013336277000007613,0.04542748899984872,0.0011794059998919693
806,0,16,0.08308983300230466,0.023294355002462908,1996.996828667,1997.056624145,1996.996953309,1997.009921371,1997.055618136,1997.055627112,0.05979547799984175,0.012968062000027203,0.045696765000002415,0.0009970329999759997
807,0,16,0.0770136250066571,0.017013844006669387,1997.180518411,1997.240518192,1997.180621531,1997.193518909,1997.239450372,1997.239460776,0.059999780999987706,0.012897377999934179,0.04593146299998807,0.0010574160000942356
808,0,16,0.0787303340039216,0.01881857700391265,1997.364327391,1997.424239148,1997.364427553,1997.377348289,1997.423166636,1997.423180304,0.05991175700000895,0.012920736000069155,0.04581834699979481,0.001058843999999226
809,0,16,0.07527245799428783,0.015594378994364888,1997.546112623,1997.605790702,1997.546236857,1997.559225523,1997.604873533,1997.604882815,0.059678078999922946,0.012988665999955629,0.04564801000014995,0.0009078869998120354
810,0,16,0.07981850000214763,0.02006810400212089,1997.730578982,1997.790329378,1997.730682816,1997.743584274,1997.789202093,1997.789210456,0.05975039600002674,0.012901458000214916,0.04561781899997186,0.001118921999932354
811,0,16,0.08732116600731388,0.027556491007317163,1997.919809478,1997.979574153,1997.919913108,1997.932828846,1997.978460841,1997.978474305,0.059764674999996714,0.012915737999946941,0.045631995000121606,0.0010998479999670963
812,0,16,0.0809660830127541,0.02121619701279087,1998.11790648,1998.177656366,1998.11803102,1998.131301406,1998.176529693,1998.176538261,0.059749885999963226,0.013270385999931023,0.045228287000099954,0.0011181050001596304
813,0,16,0.07904545799829066,0.019535267998207928,1998.303778682,1998.363288872,1998.30388425,1998.316924426,1998.362226457,1998.362234719,0.05951019000008273,0.013040176000004067,0.04530203099989194,0.0010541530000409693
814,0,16,0.07985087501583621,0.018950143015899812,1998.483729985,1998.544630717,1998.483834329,1998.497191821,1998.543526382,1998.543534745,0.0609007319999364,0.013357491999840931,0.046334561000094254,0.0010959720000300877
815,0,16,0.08345679199555889,0.023291467995477433,1998.671210394,1998.731375718,1998.67131433,1998.684454668,1998.730332276,1998.730342373,0.060165324000081455,0.013140337999857366,0.04587760799995522,0.0010333449999961886
816,0,16,0.08760866601369344,0.027877956013753646,1998.863247984,1998.922978694,1998.863351308,1998.876456253,1998.921781336,1998.921797962,0.05973070999993979,0.013104945000122825,0.04532508300007976,0.0011807319999661559
817,0,16,0.08110437498544343,0.021049106985401522,1999.055195,1999.115250268,1999.055296692,1999.068464162,1999.114156439,1999.114165108,0.060055268000041906,0.013167470000098547,0.045692276999943715,0.001085160000002361
818,0,16,0.08485400001518428,0.024967131015046107,1999.245118574,1999.305005443,1999.245223326,1999.258365602,1999.303860614,1999.303869488,0.059886869000138176,0.01314227599982587,0.04549501200017403,0.0011359550001088792
819,0,16,0.10492045801947825,0.0446543600194218,1999.46047277,1999.520738868,1999.460600981,1999.473779875,1999.519544366,1999.519553138,0.060266098000056445,0.013178894000020591,0.04576449099999991,0.0011857300000883697
820,0,16,0.0756064589950256,0.015452660994924372,1999.64117223,1999.701326028,1999.641278206,1999.654396002,1999.700179568,1999.70018834,0.06015379800010123,0.013117796000187809,0.04578356599995459,0.0011376879999716039
821,0,16,0.08530358300777152,0.025678037007764942,1999.831122242,1999.890747788,1999.831224852,1999.84419346,1999.889706595,1999.889720467,0.05962554600000658,0.012968607999937376,0.04551313499996468,0.001027321000037773
822,0,16,0.07935124999494292,0.018578840994905477,2000.014940569,2000.075712978,2000.015061742,2000.028544317,2000.074382111,2000.074407406,0.06077240900003744,0.013482575000125507,0.04583779399990817,0.0013055719998646964
823,0,16,0.07767295799567364,0.017622794995531876,2000.200700423,2000.260750586,2000.200823127,2000.213944731,2000.259694093,2000.259703171,0.060050163000141765,0.013121604000161824,0.045749361999924076,0.0010474150001300586
824,0,16,0.08312349999323487,0.022632095993230905,2000.392640016,2000.45313142,2000.392745277,2000.406053639,2000.451978234,2000.451987312,0.06049140400000397,0.013308362000088891,0.04592459500008772,0.0011441080000622605
825,0,16,0.08023879199754447,0.020212088997595856,2000.58059476,2000.640621463,2000.580716239,2000.593883538,2000.639501017,2000.639514481,0.06002670299994861,0.01316729900008795,0.04561747899992952,0.0011069819997828745
826,0,16,0.07544658298138529,0.015460679981515568,2000.766503429,2000.826489332,2000.766608792,2000.780003444,2000.825526371,2000.825535041,0.05998590299986972,0.013394651999988127,0.04552292700009275,0.0009542909999709082
827,0,16,0.080842291994486,0.02056936599456094,2000.946816908,2001.007089834,2000.946920946,2000.960047344,2001.005939197,2001.005948071,0.060272925999925064,0.013126397999940309,0.04589185300005738,0.0011417630000778445
828,0,16,0.07605300002614968,0.01529711502621467,2001.1318537,2001.192609585,2001.131977729,2001.145325361,2001.191453134,2001.191462008,0.060755884999935006,0.013347631999977239,0.0461277730000802,0.0011475769999833574
829,0,16,0.08457424998050556,0.02433620698047889,2001.327994886,2001.388232929,2001.328120854,2001.341718583,2001.387075968,2001.387090452,0.060238043000026664,0.013597729000139225,0.045357384999988426,0.0011424770000303397
830,0,16,0.08049808299983852,0.020411302999718828,2001.50975959,2001.56984637,2001.509864954,2001.523431472,2001.568716235,2001.568725006,0.06008678000011969,0.013566518000061478,0.0452847629999269,0.0011213640000278247
831,0,16,0.08148416699259542,0.02112750099263394,2001.699659125,2001.760015791,2001.699764693,2001.713282049,2001.758898406,2001.758907381,0.06035666599996148,0.013517356000193104,0.045616356999971686,0.0011084099999152386
832,0,16,0.07388016598997638,0.013990139990028183,2001.885456311,2001.945346337,2001.885559737,2001.898936437,2001.944313201,2001.944326869,0.05989002599994819,0.013376699999980701,0.04537676400013879,0.001019468000095003
833,0,16,0.07811237502028234,0.017852812020237252,2002.071819992,2002.132079555,2002.071924641,2002.085367742,2002.131013271,2002.131023063,0.06025956300004509,0.013443101000120805,0.045645529000012175,0.0010564920000888378
834,0,16,0.07737049998831935,0.016572795988167854,2002.252969751,2002.313767455,2002.253074197,2002.266824209,2002.31260213,2002.31261029,0.0607977040001515,0.013750012000173228,0.04577792099985345,0.001157164999995075
835,0,16,0.07745437498670071,0.017433587986715793,2002.444904244,2002.504925031,2002.445031231,2002.458334187,2002.50386762,2002.503881185,0.06002078699998492,0.013302955999961341,0.045533432999945944,0.0010438460001296335
836,0,16,0.08236437497544102,0.02214326397552213,2002.634911284,2002.695132395,2002.635033172,2002.648592856,2002.694140977,2002.694154237,0.06022111099991889,0.013559684000028938,0.04554812099991068,0.0009781579999526002
837,0,16,0.0800635420018807,0.020189734001860415,2002.820697454,2002.880571262,2002.820827195,2002.834247857,2002.87939431,2002.879403082,0.05987380800002029,0.013420662000044103,0.04514645299991571,0.0011681800001497322
838,0,16,0.08784920800826512,0.027749577008307824,2003.012673256,2003.072772887,2003.012778109,2003.026249668,2003.071754949,2003.071763109,0.0600996309999573,0.013471558999981426,0.04550528100003248,0.0010097780000251078
839,0,16,0.0788833329861518,0.018445986986307616,2003.202558613,2003.262995959,2003.202658367,2003.216055671,2003.261947524,2003.261956296,0.06043734599984418,0.0133973040001365,0.04589185300005738,0.001039662999801294
840,0,16,0.0829909169988241,0.022416995998810307,2003.394449451,2003.455023372,2003.394550939,2003.408200381,2003.453982485,2003.453996254,0.0605739210000138,0.013649441999859846,0.04578210400018179,0.0010271179999108426
841,0,16,0.0842634170257952,0.023815668025918058,2003.584459654,2003.644907403,2003.584561345,2003.597967727,2003.643811335,2003.643825003,0.06044774899987715,0.01340638199985733,0.04584360800004106,0.0010823999998592626
842,0,16,0.07702187498216517,0.013515619982172211,2003.772394304,2003.835900559,2003.772499872,2003.786038647,2003.834753492,2003.834769097,0.06350625499999296,0.013538774999915404,0.04871484499994949,0.0011314620001030562
843,0,16,0.08093470800668001,0.02005122400669279,2003.962194494,2004.023077978,2003.962299755,2003.975798853,2004.022049024,2004.022064834,0.06088348399998722,0.013499098000011145,0.04625017099988327,0.0010131439998986025
844,0,16,0.08824433400877751,0.02805759600869351,2004.148013302,2004.20820004,2004.148135598,2004.161807276,2004.207061337,2004.207070313,0.060186738000084006,0.01367167800003699,0.04525406099992324,0.0011297270000341086
845,0,16,0.08119141598581336,0.02112360798582813,2004.343993842,2004.40406165,2004.344097982,2004.357681432,2004.403078188,2004.403087164,0.060067807999985234,0.013583449999941877,0.0453967560001729,0.000974485999904573
846,0,16,0.08232595800654963,0.021869538006740186,2004.532121268,2004.592577688,2004.532245094,2004.545814978,2004.591568726,2004.591581884,0.06045641999980944,0.013569883999934973,0.04575374800015197,0.000995803999785494
847,0,16,0.08234533300856128,0.021983262008689053,2004.727984307,2004.788346378,2004.728088345,2004.741742683,2004.787215223,2004.787223791,0.06036207099987223,0.013654337999923882,0.04547253999999157,0.0011225869998270355
848,0,16,0.07911558300838806,0.0184446630084949,2004.913845037,2004.974515957,2004.913949584,2004.927590357,2004.973495878,2004.973504752,0.06067091999989316,0.013640773000133777,0.04590552099989509,0.0010112049999406736
849,0,16,0.07755575000192039,0.01699988200198277,2005.097624298,2005.158180166,2005.097725072,2005.111168173,2005.157003519,2005.157012597,0.06055586799993762,0.013443100999893431,0.04583534600010353,0.0011675690000174654
850,0,16,0.0803374579991214,0.020015267999042408,2005.28342434,2005.34374653,2005.283528377,2005.297098873,2005.342645056,2005.342658112,0.06032219000007899,0.013570496000056664,0.045546182999942175,0.0010884180001085042
851,0,16,0.07782462501199916,0.017136160011887114,2005.471201505,2005.53188997,2005.471302381,2005.484734364,2005.530744739,2005.530753511,0.060688465000112046,0.013431982999918546,0.046010375000150816,0.0011364590000084718
852,0,16,0.080335999984527,0.01921404498443735,2005.655078991,2005.716200946,2005.655203836,2005.668907133,2005.714984316,2005.714994516,0.061121955000089656,0.0137032969998927,0.04607718300007946,0.0012064300001384254
853,0,16,0.07953058398561552,0.018808969985457225,2005.844962104,2005.905683718,2005.845065632,2005.858814114,2005.904416804,2005.904425576,0.0607216140001583,0.01374848200021006,0.04560268999989603,0.0012581420000969956
854,0,16,0.0777172919770237,0.017409278977083886,2006.027090736,2006.087398749,2006.027193958,2006.040804029,2006.086257904,2006.0862679,0.06030801299993982,0.013610070999902746,0.04545387500002107,0.0011308489999919402
855,0,16,0.07775841699913144,0.016965506999213176,2006.214602606,2006.275395516,2006.214705216,2006.228473893,2006.274211424,2006.274220196,0.060792909999918265,0.013768676999916352,0.04573753099998612,0.001175319999902058
856,2,16,0.09778024998377077,0.017449056983650735,2006.400420089,2006.480751282,2006.40052229,2006.413988137,2006.479615231,2006.479628593,0.08033119300012004,0.013465846999906717,0.06562709400009226,0.0011226890001125867
857,0,16,0.09144045898574404,0.030217118985774505,2006.620960364,2006.682183704,2006.621083373,2006.634867045,2006.680855693,2006.680885069,0.06122333999996954,0.013783672000045044,0.04598864800004776,0.0012986350000119273
858,0,16,0.0831682909920346,0.022845283991955512,2006.812899956,2006.873222963,2006.813003994,2006.826602234,2006.872184217,2006.872192785,0.06032300700007909,0.01359823999996479,0.045581983000147375,0.0010301780000645522
859,0,16,0.081885208026506,0.021213778026549335,2007.002791434,2007.063462864,2007.002895879,2007.016504931,2007.062400762,2007.06240933,0.06067142999995667,0.013609051999992516,0.04589583099982519,0.0010535339999933058
860,0,16,0.08263170800637454,0.021046786006536422,2007.194668604,2007.256253526,2007.194801201,2007.208766326,2007.255028125,2007.255036897,0.061584921999838116,0.013965124999913314,0.04626179900014904,0.0012166289998276625
861,0,16,0.07909183300216682,0.018690390002120694,2007.38460139,2007.445002833,2007.384706754,2007.3984585,2007.443853624,2007.443868822,0.06040144300004613,0.013751746000025378,0.04539512399992418,0.0011340109999764536
862,0,16,0.08552733299438842,0.025316931994439074,2007.568854023,2007.629064424,2007.568959489,2007.582685532,2007.627952241,2007.627960808,0.06021040099994934,0.013726042999905985,0.04526670900008867,0.0011036160001367534
863,0,16,0.08447391600930132,0.0229309140092937,2007.758358419,2007.819901421,2007.758462151,2007.772678701,2007.818731303,2007.818740176,0.06154300200000762,0.014216549999900963,0.04605260200014527,0.0011612450000484387
864,0,16,0.08001204099855386,0.019128046998503123,2007.950329733,2008.011213727,2007.950434383,2007.964247124,2008.010002708,2008.010011174,0.060883994000050734,0.013812741000037931,0.0457555840000623,0.0012025529999846185
865,0,16,0.09015987499151379,0.029870731991422872,2008.148407041,2008.208696184,2008.148508223,2008.162270373,2008.207588488,2008.207596954,0.06028914300009092,0.013762150000047768,0.04531811500010008,0.0010992299999088573
866,0,16,0.08560404198942706,0.024990443989509004,2008.336234696,2008.396848294,2008.336338835,2008.349970938,2008.395803225,2008.395811996,0.060613597999918056,0.013632102999963536,0.04583228699993924,0.001036297999917224
867,0,16,0.08345787500729784,0.022143065007185214,2008.530266432,2008.591581242,2008.530396275,2008.544900274,2008.590559835,2008.590569831,0.06131481000011263,0.014503998999998657,0.04565956100009316,0.0010114110000358778
868,0,16,0.08067995798774064,0.019861774987930403,2008.720184981,2008.781003164,2008.720288611,2008.734011612,2008.77983947,2008.779852526,0.06081818299981023,0.013723001000016666,0.04582785800016609,0.0011506379998991179
869,0,16,0.07947316698846407,0.0193426539885877,2008.907984117,2008.96811463,2008.908088155,2008.921893366,2008.967010401,2008.967019988,0.06013051299987637,0.013805210999862538,0.04511703499997566,0.0010946419999982027
870,0,16,0.09147487502195872,0.030041850021916616,2009.101929748,2009.163362773,2009.102031337,2009.115979244,2009.1621899,2009.162199793,0.06143302500004211,0.013947907000101623,0.04621065599985741,0.0011629800001173862
871,0,16,0.08029641699977219,0.019209469999623252,2009.289888204,2009.350975151,2009.28998959,2009.304114972,2009.349745362,2009.349754032,0.06108694700014894,0.014125381999974707,0.0456303900000421,0.0012211190000925853
872,0,16,0.07832004202646203,0.017124569026464087,2009.473621499,2009.534816972,2009.473721967,2009.48781114,2009.533400731,2009.533425925,0.061195472999997946,0.01408917300000212,0.045589590999952634,0.001391046999970058
873,0,16,0.0784377499949187,0.01743127899476349,2009.65747913,2009.718485601,2009.657603261,2009.671554533,2009.717324763,2009.717339144,0.061006471000155216,0.013951271999985693,0.045770230000016454,0.001146457000004375
874,0,16,0.0835049579909537,0.022868127990932408,2009.845824668,2009.906461498,2009.845929114,2009.859873654,2009.90543591,2009.905444885,0.06063683000002129,0.01394454000001133,0.04556225600003927,0.001016613000047073
875,0,16,0.08535104201291688,0.024143227012928037,2010.035276781,2010.096484596,2010.035381533,2010.049348717,2010.095278165,2010.095290099,0.06120781499998884,0.013967183999966437,0.04592944800015175,0.001194496999914918
876,0,16,0.08976487501058728,0.028249843010598852,2010.239412206,2010.300927238,2010.239535317,2010.253536568,2010.29974753,2010.299756506,0.06151503199998842,0.014001251000081538,0.04621096200003194,0.0011707319999914034
877,1,16,0.09312008300912566,0.02106356800914,2010.429342383,2010.501398898,2010.429445605,2010.443703483,2010.500103627,2010.500121578,0.07205651499998567,0.014257878000080382,0.05640014400000837,0.0012773199998719065
878,0,16,0.08207116698031314,0.021138848980399416,2010.632196102,2010.69312842,2010.632300548,2010.646231216,2010.691979414,2010.69198839,0.06093231799991372,0.013930667999829893,0.045748197999955664,0.0011400299999877461
879,0,16,0.07699308299925178,0.016294747999154424,2010.819371316,2010.880069651,2010.81949453,2010.833490783,2010.879072928,2010.879081496,0.06069833500009736,0.013996252999959324,0.045582145000025776,0.0009881549999590789
880,2,16,0.095412208000198,0.014289305000147579,2011.005169355,2011.086292258,2011.005271557,2011.01909472,2011.085123465,2011.085132338,0.08112290300005043,0.013823163000097338,0.06602874499981226,0.0011599199999636767
881,0,16,0.07752845800132491,0.0162145660015085,2011.20929152,2011.270605412,2011.209394231,2011.223463617,2011.269493533,2011.269502509,0.061313891999816406,0.014069386000073791,0.04602991599995221,0.0011029029999463091
882,0,16,0.07842954201623797,0.017364014016266083,2011.393110697,2011.454176225,2011.393215041,2011.407356845,2011.453000189,2011.453008757,0.06106552799997189,0.014141804000018965,0.04564334399992731,0.0011674680001760862
883,0,16,0.0802045000018552,0.019469344001663558,2011.578973709,2011.639708865,2011.579075094,2011.593162636,2011.638528341,2011.638541907,0.06073515600019164,0.014087541999970199,0.045365704999994705,0.0011669580001125723
884,0,16,0.0848204999929294,0.02414133999286605,2011.76684669,2011.82752585,2011.766950218,2011.781239919,2011.826399793,2011.826408259,0.06067916000006335,0.014289701000052446,0.045159874000091804,0.0011175910001384182
885,0,16,0.08355716598453,0.02148961198440702,2011.9608678,2012.022935354,2011.960992543,2011.975594358,2012.02190793,2012.021916701,0.06206755400012298,0.01460181500010549,0.04631357199991726,0.0010186530000737548
886,0,16,0.0843885839858558,0.023253289985859737,2012.148830744,2012.209966038,2012.148936515,2012.163072608,2012.208888022,2012.208901486,0.061135293999996065,0.01413609299993368,0.045815414000117016,0.001064551999888863
887,0,16,0.08588866700301878,0.024173617003043546,2012.344785325,2012.406500375,2012.344888751,2012.359081656,2012.405332499,2012.405345555,0.061715049999975236,0.014192904999845268,0.046250843000052555,0.001154820000010659
888,0,16,0.07906358301988803,0.017674213019745366,2012.530572858,2012.591962228,2012.53067557,2012.544454363,2012.590548742,2012.590565571,0.06138937000014266,0.0137787930000286,0.046094378999896435,0.0013966569999865897
889,0,16,0.09701116700307466,0.036162385003081,2012.732823259,2012.793672041,2012.732930867,2012.74728401,2012.792457654,2012.792466732,0.06084878199999366,0.01435314299988022,0.04517364399998769,0.0012053089999426447
890,0,16,0.08211366698378697,0.021239793983795607,2012.926715341,2012.987589214,2012.926816828,2012.940993924,2012.98642297,2012.986432252,0.06087387299999136,0.014177095999912126,0.0454290459999811,0.0011569620000955183
891,0,16,0.0884089169849176,0.02788183598499927,2013.122778855,2013.183305936,2013.122881159,2013.136935041,2013.182108583,2013.182117457,0.060527080999918326,0.014053882000098383,0.04517354199992951,0.00118847899989305
892,0,16,0.08200645798933692,0.02050142098937613,2013.312735348,2013.374240385,2013.312843772,2013.327017196,2013.373183687,2013.373192254,0.061505036999960794,0.014173424000091472,0.04616649099989445,0.0010481309998340294
893,0,16,0.09113766701193526,0.03060395601187338,2013.502554654,2013.563088365,2013.502657162,2013.516871793,2013.562059512,2013.56206808,0.060533711000061885,0.0142146309999589,0.04518771899984131,0.0010202850000951003
894,0,16,0.08202387500205077,0.021084519001988156,2013.700540217,2013.761479573,2013.700639665,2013.714522905,2013.760239687,2013.760250091,0.06093935600006262,0.013883240000041042,0.04571678199999951,0.0012294820000988693
895,0,16,0.08387554198270664,0.02230543098266935,2013.894626299,2013.95619641,2013.894746759,2013.908989948,2013.955053524,2013.955061989,0.061570111000037286,0.014243188999898848,0.0460635760000514,0.0011344210001880128
896,1,16,0.09560587498708628,0.023333430987122483,2014.086669363,2014.158941807,2014.086775135,2014.101301675,2014.157803816,2014.157812996,0.0722724439999638,0.014526540000133537,0.05650214100000994,0.0011288109999441076
897,0,16,0.08021845898474567,0.018346535984846923,2014.287846032,2014.349717955,2014.287950682,2014.302300664,2014.348511626,2014.348524682,0.06187192299989874,0.014349982000112504,0.04621096199980457,0.001193272999898909
898,0,16,0.08410558398463763,0.022978245984859313,2014.474676596,2014.535803934,2014.474799299,2014.48897925,2014.534642484,2014.534651358,0.06112733799977832,0.014179950999960056,0.04566323399990324,0.0011525759998676222
899,0,16,0.08354837499791756,0.022708364997924946,2014.666620212,2014.727460222,2014.666726391,2014.68101752,2014.72626705,2014.726275516,0.06084000999999262,0.014291128999957436,0.045249529999864535,0.0011847060000036436
900,0,16,0.08601437500328757,0.024997908003342673,2014.858616764,2014.919633231,2014.858721618,2014.872920235,2014.918537671,2014.918546239,0.061016466999944896,0.014198617000147351,0.04561743599992951,0.0010869919999549893
901,0,16,0.08721708299708553,0.026147372997002094,2015.048379563,2015.109449273,2015.048504511,2015.062752291,2015.108210508,2015.108223972,0.06106971000008343,0.01424778000000515,0.045458217000032164,0.0012253010002041265
902,0,16,0.0811590839875862,0.020065404987462898,2015.242480231,2015.30357391,2015.242589164,2015.256773196,2015.302372578,2015.302381554,0.0610936790001233,0.014184032000002844,0.04559938199986391,0.001192356000046857
903,0,16,0.08100966698839329,0.02024513598826161,2015.434324807,2015.495089338,2015.43442915,2015.448781784,2015.493916465,2015.493925236,0.06076453100013168,0.014352634000033504,0.045134681000035926,0.0011641020000752178
904,0,16,0.08320187500794418,0.021216428007846844,2015.624292213,2015.68627766,2015.624395843,2015.639159324,2015.685112436,2015.685121412,0.06198544700009734,0.01476348100004543,0.04595311200000651,0.001156248000143023
905,0,16,0.08231133301160298,0.020378620011797466,2015.816414326,2015.878347039,2015.816520607,2015.831243391,2015.877192219,2015.877205785,0.06193271299980552,0.014722784000014144,0.04594882800006417,0.0011412540000037552
906,0,16,0.07980962499277666,0.018369866992770767,2016.006143465,2016.067583223,2016.006267903,2016.020628492,2016.066380362,2016.066388726,0.061439758000005895,0.014360589000034452,0.04575187000000369,0.001194496999914918
907,0,16,0.07810187502764165,0.016810218027785595,2016.19057616,2016.251867817,2016.190678464,2016.205061799,2016.250790617,2016.250801225,0.06129165699985606,0.014383335000047737,0.045728817999815874,0.0010665919999155449
908,0,16,0.07541983301052824,0.01455962701061253,2016.37370624,2016.434566446,2016.3738114,2016.388262054,2016.433423763,2016.433432637,0.060860205999915706,0.014450654000029317,0.045161709000012706,0.0011338090000663215
909,0,16,0.08527345801121555,0.024047993011208746,2016.565626685,2016.62685215,2016.565752653,2016.580077616,2016.625627353,2016.625636023,0.06122546500000681,0.014324963000035495,0.04554973700010123,0.0012161270001342928
910,0,16,0.08233629199094139,0.02142967399072404,2016.761681199,2016.822587817,2016.761783198,2016.776181701,2016.821398107,2016.821406879,0.06090661800021735,0.0143985029999385,0.045216406000008647,0.00118093800006136
911,0,16,0.0821774160140194,0.020179415013899415,2016.949586754,2017.011584755,2016.949710988,2016.964199148,2017.010195332,2017.010215324,0.061998001000119984,0.01448815999992803,0.04599618399993233,0.001369431000057375
912,0,16,0.08421862500836141,0.022027337008239556,2017.139437826,2017.201629114,2017.139541457,2017.154321129,2017.200443587,2017.200457459,0.06219128800012186,0.014779672000031496,0.04612245800012715,0.0011716550000073767
913,0,16,0.08230366697534919,0.021101151975244647,2017.335476021,2017.396678536,2017.335578529,2017.349945719,2017.395509226,2017.39552218,0.06120251500010454,0.01436719000002995,0.045563506999997117,0.0011563560001377482
914,0,16,0.08082929099327885,0.019583119993285436,2017.525583211,2017.586829382,2017.525707343,2017.540127777,2017.58578298,2017.585792976,0.06124617099999341,0.014420433999930538,0.0456552030000239,0.001036405999911949
915,0,16,0.08139224999467842,0.020248791994845305,2017.713283749,2017.774427207,2017.713390134,2017.727801285,2017.77323352,2017.773246984,0.06114345799983312,0.014411150999876554,0.045432235000134824,0.0011802229998920666
916,0,16,0.08846974998596124,0.025586707986121837,2017.906687222,2017.969570264,2017.906792587,2017.921111226,2017.968316091,2017.968324863,0.0628830419998394,0.014318639000066469,0.04720486499991239,0.001245401000005586
917,0,16,0.08307354198768735,0.021349507987679317,2018.101264595,2018.162988629,2018.101389849,2018.115936659,2018.161776071,2018.161785047,0.06172403400000803,0.014546809999956167,0.04583941200007757,0.0012035820000164676
918,0,16,0.08404612497542985,0.022887163975383373,2018.295319431,2018.356478392,2018.295424795,2018.309749962,2018.355278279,2018.355286745,0.061158961000046475,0.01432516700015185,0.04552831699993476,0.0011916470000414847
919,0,16,0.08103258299524896,0.019649224995191616,2018.483148997,2018.544532355,2018.483253851,2018.497720796,2018.543315616,2018.543324184,0.06138335800005734,0.01446694500009471,0.04559481999990567,0.0012081709999165469
920,0,16,0.08848466697963886,0.02608285397968757,2018.677087553,2018.739489366,2018.677206892,2018.692268691,2018.738233868,2018.738241823,0.06240181299995129,0.015061799000022802,0.045965176999970936,0.0012475430000904453
921,0,16,0.08884441701229662,0.026644562012279494,2018.877229246,2018.939429101,2018.877332366,2018.891905899,2018.938370766,2018.938379844,0.062199855000017124,0.014573532999975214,0.04646486699994057,0.001049256999976933
922,0,16,0.07836879201931879,0.01697941501947753,2019.065028314,2019.126417691,2019.065129089,2019.079484447,2019.125262457,2019.125271534,0.06138937699984126,0.014355357999875196,0.04577801000004911,0.0011461569999937637
923,0,16,0.08545604199753143,0.023919889997387145,2019.248890142,2019.310426294,2019.248994078,2019.263544662,2019.309151416,2019.30916029,0.061536152000144284,0.014550584000062372,0.0456067540001186,0.0012660040001719608
924,0,16,0.08013454201864079,0.01847191201864007,2019.440911435,2019.502574065,2019.441033833,2019.455568199,2019.501443106,2019.501452082,0.06166263000000072,0.014534366000134469,0.04587490699987029,0.0011219830000754882
925,0,16,0.08345512501546182,0.02195151101545889,2019.634009729,2019.695513343,2019.634114277,2019.648880485,2019.694294564,2019.694308028,0.061503614000002926,0.01476620800008277,0.04541407900001104,0.0012053149998791923
926,1,16,0.11707320899586193,0.045945023995955125,2019.837571938,2019.908700123,2019.837678322,2019.852315604,2019.907351398,2019.907364453,0.07112818499990681,0.014637281999966945,0.05503579399987757,0.0013356700001168065
927,0,16,0.07623829098884016,0.015273737988763969,2020.043244086,2020.104208639,2020.043367096,2020.05792329,2020.103055139,2020.103063401,0.060964553000076194,0.01455619399985153,0.045131848999972135,0.001145237999935489
928,0,16,0.08167666700319387,0.02001893300325719,2020.231298253,2020.292955987,2020.231404229,2020.245925539,2020.291754853,2020.291768521,0.06165773399993668,0.014521309999963705,0.04582931400000234,0.0011874659999193682
929,0,16,0.08151870899018832,0.019168200990179685,2020.421070072,2020.48342058,2020.421173601,2020.436017022,2020.482363672,2020.482372954,0.06235050800000863,0.014843421000023227,0.04634665000003224,0.0010476259999450122
930,0,16,0.09603404099470936,0.0338409179946666,2020.627316676,2020.689509799,2020.62743989,2020.642158975,2020.688418824,2020.688432084,0.06219312300004276,0.014719085000024279,0.04625984900008007,0.0010777150000649272
931,0,16,0.09099983400665224,0.0282114470066972,2020.821200561,2020.883988948,2020.821304498,2020.836540511,2020.882762213,2020.882771903,0.06278838699995504,0.015236013000048843,0.0462217019999116,0.0012170449999757693
932,0,16,0.08042037498671561,0.018472658986638635,2021.013232258,2021.075179974,2021.01333701,2021.02837331,2021.07402015,2021.074029228,0.06194771600007698,0.015036300000019764,0.04564684000001762,0.0011507460001212166
933,0,16,0.07942591598839499,0.01770045498824402,2021.199036136,2021.260761597,2021.19915578,2021.213881392,2021.259611667,2021.259620438,0.06172546100015097,0.014725612000120236,0.045730274999868925,0.0011411590000989236
934,0,16,0.07509591701091267,0.01343685601091238,2021.382885315,2021.444544376,2021.382991292,2021.397622964,2021.443358542,2021.443372006,0.06165906100000029,0.014631671999950413,0.04573557799994887,0.0011723700001766701
935,0,16,0.08317629099474289,0.022039054994820617,2021.572764234,2021.63390147,2021.572869088,2021.58739917,2021.632732058,2021.63274083,0.06113723599992227,0.01453008199996475,0.0453328880000754,0.0011606399998527195
936,0,16,0.11712537499261089,0.0554476489926401,2021.787229053,2021.848906779,2021.787353899,2021.801834512,2021.84769106,2021.847707481,0.06167772599997079,0.014480612999932418,0.045856548000074326,0.001199297999846749
937,0,16,0.08442204201128334,0.02246331001128965,2021.987321174,2022.049279906,2021.987425722,2022.00207504,2022.048074284,2022.048087748,0.06195873199999369,0.01464931800001068,0.04599924400008604,0.0011921580000944232
938,0,16,0.08477033299277537,0.02258914299272874,2022.183280422,2022.245461612,2022.183383848,2022.198152096,2022.244151646,2022.244161132,0.06218119000004663,0.014768248000109452,0.045999550000033196,0.0013004800000544492
939,0,16,0.081131999992067,0.019407762992159405,2022.369098477,2022.430822714,2022.369230463,2022.383771458,2022.429545898,2022.429554976,0.06172423699990759,0.01454099500006123,0.04577444000005926,0.00126773800002411
940,0,16,0.08191287500085309,0.019755553001004955,2022.557058499,2022.619215821,2022.557162537,2022.571949145,2022.618038759,2022.618047531,0.062157321999848136,0.01478660799989484,0.04608961400003864,0.0011682899998959329
941,0,16,0.0945170409977436,0.03158626499771344,2022.752996939,2022.815927715,2022.753103017,2022.768961934,2022.814720156,2022.81472903,0.06293077600003016,0.015858916999832218,0.045758222000131354,0.0011986849999630067
942,0,16,0.08572779200039804,0.023065782000458057,2022.951168736,2023.013830746,2022.951290012,2022.966625371,2023.012554746,2023.012563212,0.06266200999993998,0.015335358999891469,0.04592937500001426,0.001267533999907755
943,0,16,0.0829037909861654,0.021227594986157783,2023.146133906,2023.207810102,2023.146237741,2023.161065148,2023.206635489,2023.206648646,0.06167619600000762,0.014827406999984305,0.04557034100002966,0.0011614559998633922
944,0,16,0.087719625007594,0.026106770007572777,2023.341055422,2023.402668277,2023.341158134,2023.355984624,2023.40157006,2023.40157924,0.06161285500002123,0.014826490000132253,0.045585436000010304,0.001089036999928794
945,0,16,0.09371033302159049,0.03179331902174454,2023.539088399,2023.601005413,2023.539187338,2023.553923558,2023.599904647,2023.599918008,0.06191701399984595,0.014736220000031608,0.04598108899995168,0.0010874049999074487
946,0,16,0.08889625000301749,0.018597108002950336,2023.731405793,2023.801704935,2023.731510648,2023.754704679,2023.800474426,2023.800487992,0.07029914200006715,0.023194031000002724,0.04576974699989478,0.0012169430001449655
947,0,16,0.07822745898738503,0.016582372987386407,2023.927287624,2023.98893271,2023.92739156,2023.942283737,2023.98770465,2023.987713217,0.06164508599999863,0.014892177000092488,0.04542091300004358,0.0012194930000077875
948,0,16,0.08688591601094231,0.02545829001110178,2024.121260758,2024.182688384,2024.121384482,2024.136302872,2024.181506427,2024.181515096,0.06142762599984053,0.01491839000004802,0.04520355499994366,0.001173287999790773
949,0,16,0.08497916598571464,0.02358825998589964,2024.313180257,2024.374571163,2024.313304491,2024.328100482,2024.373501608,2024.373510482,0.061390905999815004,0.014795991000028152,0.04540112599988788,0.0010606809998989775
950,0,16,0.08079825001186691,0.019192433011767207,2024.50310589,2024.564711707,2024.503211764,2024.518212773,2024.563538215,2024.563548415,0.061605817000099705,0.015001008999888654,0.04532544200014854,0.0011632920000010927
951,0,16,0.08618954199482687,0.024324247994854886,2024.695190135,2024.757055429,2024.695292937,2024.710054654,2024.755835895,2024.755849268,0.06186529399997198,0.014761717000055796,0.04578124099998604,0.0012061610000273504
952,0,16,0.09011766698677093,0.026960866986883048,2024.897493314,2024.960650114,2024.897626436,2024.912964435,2024.959432723,2024.959441299,0.06315679999988788,0.015337998999939373,0.04646828799991454,0.001208814999927199
953,3,16,0.1136853749922011,0.018864778992110587,2025.083480905,2025.178301501,2025.08358677,2025.100361341,2025.17702929,2025.177045113,0.09482059600009052,0.01677457100004176,0.0766679490000115,0.001256388000001607
954,0,16,0.08955762497498654,0.026996809975116776,2025.312334941,2025.374895756,2025.312460202,2025.327624858,2025.373789436,2025.37379842,0.06256081499986976,0.015164656000024479,0.046164577999888934,0.0010973359999297827
955,0,16,0.08347270800732076,0.021161293007253335,2025.508554842,2025.570866257,2025.508677448,2025.523481021,2025.56963876,2025.569647233,0.06231141500006743,0.014803572999880998,0.046157739000136644,0.0012190239999654295
956,0,16,0.09822008400806226,0.03620819300817857,2025.706820367,2025.768832258,2025.706921229,2025.721936021,2025.76759935,2025.767612826,0.06201189099988369,0.015014791999874433,0.045663329000035446,0.001219431999970766
957,0,16,0.08128275000490248,0.01853491100496285,2025.900941659,2025.963689498,2025.901045584,2025.916004942,2025.962600635,2025.962609721,0.06274783899993963,0.014959357999941858,0.046595692999972016,0.0010797769998589501
958,0,16,0.08573670798796229,0.02345520398807821,2026.093124723,2026.155406227,2026.093229056,2026.108532142,2026.154253253,2026.154270302,0.06228150399988408,0.015303086000130861,0.04572111099992071,0.0011359249999713938
959,0,16,0.08185000001685694,0.02037182001686233,2026.283507477,2026.344985657,2026.283611096,2026.298564737,2026.343812674,2026.343821351,0.06147817999999461,0.0149536410001474,0.045247936999885496,0.0011643059999641991
960,0,16,0.07867116699344479,0.016655191993550034,2026.475345282,2026.537361257,2026.475449513,2026.490633973,2026.536228088,2026.536236868,0.06201597499989475,0.0151844600000004,0.04559411499985799,0.0011243889998695522
961,3,16,0.1163812080048956,0.023307325004907398,2026.667439325,2026.760513208,2026.667564995,2026.682733632,2026.759207512,2026.759216496,0.0930738829999882,0.015168636999987939,0.07647388000009414,0.0012967120001121657
962,0,16,0.07667137499083765,0.013875555990807698,2026.884035743,2026.946831562,2026.884143955,2026.899508294,2026.945685327,2026.945694106,0.06279581900002995,0.015364339000143445,0.04617703300004905,0.0011374559999239864
963,0,16,0.0930604999884963,0.030661594988487195,2027.07613683,2027.138535735,2027.076236978,2027.091244317,2027.137422269,2027.137431457,0.06239890500000911,0.015007339000021602,0.04617795199987995,0.0011042779999570485
964,0,16,0.0863735830062069,0.024309117006396264,2027.274451766,2027.336516232,2027.274575904,2027.289473499,2027.335356827,2027.335365913,0.062064465999810636,0.014897595000093133,0.04588332799994532,0.0011503189998620655
965,0,16,0.08289600000716746,0.02022421600713642,2027.468602357,2027.531274141,2027.468706588,2027.484133608,2027.530092174,2027.530101362,0.06267178400003104,0.01542702000006102,0.04595856599985382,0.0011727789999440574
966,0,16,0.08286279198364355,0.019533463983634647,2027.656671508,2027.720000836,2027.656775841,2027.671977248,2027.718675539,2027.71868442,0.0633293280000089,0.015201407000176914,0.04669829099998424,0.0013164160000087577
967,0,16,0.0884948750026524,0.026568226002609663,2027.84874299,2027.910669639,2027.848865189,2027.863995747,2027.909541064,2027.909549843,0.061926649000042744,0.015130558000009842,0.045545317000005525,0.0011197960000117746
968,0,16,0.08338625001488253,0.020825129015065613,2028.043075705,2028.105636826,2028.043179324,2028.058430754,2028.104405552,2028.104414433,0.06256112099981692,0.015251430000034816,0.04597479799986104,0.001222392999807198
969,0,16,0.08115462498972192,0.019034520989634984,2028.230868812,2028.292988916,2028.230982435,2028.245822351,2028.291698737,2028.291713948,0.06212010400008694,0.014839916000028097,0.04587638599991806,0.0012749679999615182
970,0,16,0.08365054099704139,0.02126888899692858,2028.421072097,2028.483453749,2028.421196133,2028.436470941,2028.482312821,2028.482326603,0.06238165200011281,0.015274807999958284,0.04584188000012546,0.0011271460000443767
971,0,16,0.08359266602201387,0.021952475022089857,2028.613120406,2028.674760597,2028.613224943,2028.628146427,2028.673642027,2028.673655809,0.061640190999924016,0.01492148400006954,0.04549559999986741,0.0011047880000205623
972,0,16,0.08739091700408608,0.02577216300414875,2028.799912342,2028.861531096,2028.800026476,2028.815175512,2028.860434066,2028.860444479,0.061618753999937326,0.015149035999911575,0.04525855399992906,0.0010866169998280384
973,0,16,0.08303158401395194,0.02062839201380484,2028.995326672,2029.057729864,2028.99545081,2029.010807799,2029.056492669,2029.056501346,0.0624031920001471,0.015356989000110843,0.04568486999983179,0.0012285180000617402
974,0,16,0.08714183300617151,0.023497770006088103,2029.185404696,2029.249048759,2029.185512296,2029.200953711,2029.24780258,2029.247815953,0.0636440630000834,0.015441414999941117,0.04684886900008678,0.0012328059999617835
975,0,16,0.09198999998625368,0.029084435986305834,2029.383688393,2029.446593957,2029.383792828,2029.399405443,2029.445448946,2029.445458746,0.06290556399994784,0.0156126150000091,0.0460435029999644,0.0011352110000188986
976,2,16,0.10111879199394025,0.01728125499403177,2029.579799673,2029.66363721,2029.579905741,2029.59519821,2029.662267607,2029.662276387,0.08383753699990848,0.015292469000087294,0.06706939700006842,0.0013608229999135801
977,0,16,0.08485650000511669,0.02131615800522013,2029.788286788,2029.85182713,2029.788391121,2029.803968516,2029.850570538,2029.85058973,0.06354034199989655,0.015577395000036631,0.04660202200011554,0.0012374000000363594
978,1,16,0.09256458302843384,0.019951133028598633,2029.980468014,2030.053081464,2029.980573674,2029.995803564,2030.051877549,2030.051886941,0.07261344999983521,0.015229890000000523,0.05607398500001182,0.0011945229998673312
979,0,16,0.08297470898833126,0.020996710988129053,2030.184844279,2030.246822277,2030.184947387,2030.200174316,2030.245727596,2030.245736988,0.061977998000202206,0.015226928999936717,0.04555328000014924,0.0010852890000023763
980,0,16,0.084799624979496,0.021972463979636814,2030.37748112,2030.440308281,2030.377607913,2030.393062803,2030.4390278,2030.439036376,0.06282716099985919,0.015454890000000887,0.04596499700005552,0.0012719049998395349
981,0,16,0.08689833298558369,0.024852241985627188,2030.57183119,2030.633877281,2030.57193144,2030.587098852,2030.632740233,2030.632749625,0.062046090999956505,0.015167411999982505,0.04564138099999582,0.001127655999880517
982,0,16,0.08073320798575878,0.01863209198563709,2030.761098131,2030.823199247,2030.76120226,2030.776492585,2030.822117428,2030.822130597,0.06210111600012169,0.015290325000023586,0.04562484300004144,0.0010686499999792431
983,0,16,0.0840091249847319,0.02187054398473265,2030.955342133,2031.017480714,2030.955465454,2030.97076119,2031.016220651,2031.016229941,0.06213858099999925,0.015295736000098259,0.045459460999836665,0.0012507730000379524
984,0,16,0.08666070800973102,0.0246666810098759,2031.149493132,2031.211487159,2031.14959573,2031.164743337,2031.210213109,2031.210229852,0.06199402699985512,0.015147606999789787,0.04546977200016045,0.0012573069998325082
985,0,16,0.08594400002039038,0.022783933020264158,2031.343678434,2031.406838501,2031.343781235,2031.359275327,2031.405741879,2031.405750965,0.06316006700012622,0.01549409199992624,0.04646655200008354,0.001087536000113687
986,0,16,0.078642749984283,0.014965814984179815,2031.531731352,2031.595408287,2031.531854163,2031.547504346,2031.594146591,2031.594155676,0.06367693500010319,0.015650183000161633,0.04664224499992997,0.001252611000154502
987,0,16,0.09522266598651186,0.03236100098638417,2031.732317628,2031.795179293,2031.732420634,2031.747944432,2031.793959861,2031.793971601,0.06286166500012769,0.015523798000003808,0.046015429000135555,0.001207691999979943
988,1,16,0.09562658297363669,0.023238744973696157,2031.928207684,2032.000595522,2031.928314059,2031.943772318,2031.999247459,2031.999256137,0.07238783799994053,0.015458258999842656,0.05547514099998807,0.0013393849999374652
989,0,16,0.08026520800194703,0.017802499001845717,2032.130567623,2032.193030332,2032.130691455,2032.146063756,2032.191908087,2032.191917071,0.06246270900010131,0.015372301000070365,0.045844330999898375,0.0011132610000004206
990,0,16,0.08686041599139571,0.0236824839912515,2032.322657992,2032.385835924,2032.322762325,2032.338467431,2032.384652222,2032.384666106,0.06317793200014421,0.01570510600004127,0.04618479100008699,0.0011698180001076253
991,0,16,0.09337604200118221,0.0305606220010759,2032.525618613,2032.588434033,2032.525724375,2032.541148537,2032.587207148,2032.587220726,0.06281542000010631,0.015424162000044817,0.046058611000034944,0.0012133070001709712
992,0,16,0.08204695902531967,0.019596046025299074,2032.713074309,2032.775525222,2032.713199661,2032.728471167,2032.774226992,2032.774235465,0.06245091300002059,0.015271505999862711,0.04575582500001474,0.0012897569999950065
993,0,16,0.08440608298406005,0.022753012984139787,2032.905156127,2032.966809197,2032.90525994,2032.920494495,2032.965685521,2032.965699097,0.06165306999992026,0.015234555000006367,0.04519102600011138,0.0011101000000053318
994,0,16,0.08423295800457709,0.02152868600455804,2033.09711933,2033.159823602,2033.097223246,2033.112885508,2033.158574267,2033.15858325,0.06270427200001905,0.015662261999978,0.04568875899985869,0.0012403519999679702
995,0,16,0.08628004198544659,0.02349043298545439,2033.289390912,2033.352180521,2033.289512691,2033.305304592,2033.350933432,2033.350942414,0.0627896089999922,0.015791901000056896,0.04562883999983569,0.0012381070000628824
996,1,16,0.09653095802059397,0.023566912020442032,2033.483497859,2033.556461905,2033.483600447,2033.499579662,2033.555106001,2033.555114677,0.07296404600015194,0.015979215000015756,0.05552633899992543,0.001347228000213363
997,4,16,0.12272066698642448,0.022908121986347396,2033.687815072,2033.787627617,2033.687921132,2033.704151663,2033.786244764,2033.786253849,0.09981254500007708,0.016230531000019255,0.08209310100005496,0.0013737679998939711
998,0,16,0.08629416601615958,0.022920976016166605,2033.922865573,2033.986238763,2033.922990721,2033.938827843,2033.984906745,2033.984915728,0.06337318999999297,0.015837121999993542,0.04607890200009024,0.0013230350000412727
999,0,16,0.083183624985395,0.020758229985403887,2034.114967296,2034.177392691,2034.115071008,2034.130689172,2034.176284632,2034.176293309,0.06242539499999111,0.01561816399998861,0.04559545999995862,0.0010993820001203858
1000,0,16,0.08784166700206697,0.024088644001949433,2034.305105342,2034.368858365,2034.305224876,2034.321302902,2034.367698144,2034.367711925,0.06375302300011754,0.016078026000059253,0.04639524200001688,0.0011464399999567831
