request_id,num_generated_notes,generation_start_tick,round_trip_time,total_network_latency,server_request_arrival_time,server_response_output_time,server_preprocess_start_time,server_inference_start_time,server_inference_end_time,server_postprocess_start_time,server_processing_duration,preprocess_duration,inference_duration,postprocess_duration
1,0,16,0.5026753330603242,-0.0026471709406905575,13650.605581613,13651.110904117,13650.605632315,13650.607707428,13651.108394134,13651.108394784,0.5053225040010147,0.0020751129995915107,0.5006867060001241,0.0025093330004892778
2,4,16,0.4118719999678433,-0.012783278032657108,13651.255894752,13651.68055003,13651.255944696,13651.258201059,13651.677813512,13651.677813945,0.4246552780005004,0.0022563629991054768,0.4196124530008092,0.00273608499992406
3,6,16,0.42064137500710785,-0.011032277992853778,13651.818118947,13652.2497926,13651.818171057,13651.820626113,13652.246950777,13652.24695121,0.43167365299996163,0.002455055999234901,0.42632466400027624,0.002841389999957755
4,0,16,0.37109108292497694,-0.008399774076679023,13652.388454109,13652.767944966,13652.388504594,13652.39048502,13652.765353296,13652.765353621,0.37949085700165597,0.0019804259991360595,0.3748682759996882,0.002591345000837464
5,0,16,0.3685733338352293,-0.00970781816431554,13652.900480482,13653.278761634,13652.900529343,13652.902559929,13653.276074192,13653.276074409,0.3782811519995448,0.002030585999818868,0.37351426299937884,0.002687225000045146
6,2,16,0.41480012494139373,-0.01057517005756381,13653.412265261,13653.837640556,13653.412314555,13653.414452721,13653.83464565,13653.834646084,0.42537529499895754,0.0021381659989856416,0.42019292900113214,0.002994471999045345
7,2,16,0.47301066596992314,0.0429082439695776,13654.032770943,13654.462873365,13654.032819912,13654.035190463,13654.459878568,13654.459879001,0.43010242200034554,0.002370551001149579,0.42468810499849496,0.0029943640001874883
8,6,16,0.43677625013515353,-0.012725672864689841,13654.596557701,13655.046059624,13654.59660797,13654.598879067,13655.042793222,13655.042793547,0.4495019229998434,0.0022710970006301068,0.44391415499922005,0.003266076999352663
9,19,16,0.5858501670882106,-0.02499552491281065,13655.182206274,13655.793051966,13655.18225416,13655.184835646,13655.789108449,13655.789108883,0.6108456920010212,0.002581486000053701,0.6042728030006401,0.003943083000194747
10,0,16,0.36878849985077977,-0.010542017149418825,13655.926705967,13656.306036484,13655.926756886,13655.929152464,13656.303287398,13656.303287723,0.3793305170001986,0.0023955779997777427,0.37413493399981235,0.002748761000475497
11,0,16,0.3732314999215305,-0.008210098078052397,13656.444231162,13656.82567276,13656.444280781,13656.446623165,13656.822828337,13656.822828662,0.3814415979995829,0.0023423840011673747,0.376205172000482,0.0028440980004234007
12,0,16,0.4050983330234885,-0.006268486977205612,13656.962944288,13657.374311108,13656.962993148,13656.965388293,13657.371243724,13657.371244049,0.41136682000069413,0.002395145000264165,0.4058554309995088,0.0030670590003865073
13,0,16,0.37487049982883036,-0.00516215817151533,13657.51815899,13657.898191648,13657.518207309,13657.520691508,13657.895262287,13657.895262612,0.3800326580003457,0.0024841989998094505,0.37457077900035074,0.0029290359998412896
14,0,16,0.37183475005440414,-0.00824958494558814,13658.029985913,13658.410070248,13658.030036398,13658.032498063,13658.406724759,13658.406725192,0.3800843349999923,0.0024616649989184225,0.3742266959998233,0.0033450559985794825
15,0,16,0.40764020779170096,0.02603361079309252,13658.583049774,13658.964656371,13658.583098417,13658.585517721,13658.961260288,13658.961260722,0.38160659699860844,0.0024193039989768295,0.37574256700099795,0.0033956489987758687
16,0,16,0.3792444169521332,-0.003040379047888564,13659.10686076,13659.489145556,13659.106909513,13659.109303465,13659.486380219,13659.486380653,0.38228479600002174,0.002393951999692945,0.37707675399906293,0.0027649029998428887
17,0,16,0.4279806250706315,0.045145796071665245,13659.682880328,13660.065715157,13659.68292908,13659.685667224,13660.062108898,13660.062109223,0.38283482899896626,0.0027381439995224355,0.3764416740013985,0.0036059340000065276
18,0,16,0.36578620807267725,-0.009164512926872703,13660.198977841,13660.573928562,13660.199027893,13660.202800018,13660.571090639,13660.571091181,0.37495072099954996,0.003772124999159132,0.36829062099968723,0.002837381000063033
19,1,16,0.37264324980787933,-0.00985334719189268,13660.710863266,13661.093359863,13660.710911585,13660.713672696,13661.090599401,13661.090599726,0.382496596999772,0.002761110999927041,0.3769267050010967,0.0027601370002230396
20,12,16,0.5264710409101099,-0.022097320088505512,13661.227054057,13661.775622418,13661.227103676,13661.229788193,13661.772150065,13661.77215039,0.5485683609986154,0.00268451700139849,0.5423618719996739,0.0034720280000328785
21,0,16,0.40244662505574524,0.029266477054989082,13661.952061621,13662.325241769,13661.952111023,13661.954549178,13662.322540244,13662.322540569,0.37318014800075616,0.002438155001073028,0.3679910659993766,0.0027012000009563053
22,1,16,0.3740407081786543,-0.010740311819972703,13662.456896494,13662.841677514,13662.456944597,13662.459462705,13662.838900477,13662.838900802,0.384781019998627,0.002518108000003849,0.37943777200052864,0.002776711999104009
23,1,16,0.5188381660263985,0.07109338302689139,13663.06010964,13663.507854423,13663.060158501,13663.063310172,13663.503839078,13663.503839403,0.44774478299950715,0.0031516709987045033,0.4405289059995994,0.004015020000224467
24,3,16,0.4533256250433624,-0.0033294459572061896,13663.645605456,13664.102260527,13663.645654317,13663.648125081,13664.099157933,13664.099158258,0.45665507100056857,0.002470763998644543,0.45103285200093524,0.003102269000009983
25,0,16,0.44799666688777506,0.06624457088764757,13664.252864498,13664.634616594,13664.252912492,13664.255366681,13664.631881159,13664.631881592,0.3817520960001275,0.0024541889997635735,0.37651447800089954,0.0027350019990990404
26,0,16,0.3883183328434825,-0.01278786915645469,13664.847134096,13665.248240298,13664.847208308,13664.85005934,13665.245144746,13665.245145071,0.4011062019999372,0.0028510320007626433,0.3950854060003621,0.0030952270008128835
27,0,16,0.3670924168545753,-0.005911898144404404,13665.383497057,13665.756501372,13665.383547651,13665.386032608,13665.753770162,13665.753770595,0.3730043149989797,0.002484956999978749,0.36773755400099617,0.002730776999669615
28,0,16,0.3900943328626454,-0.010178205136980978,13665.894695834,13666.294968372,13665.894745452,13665.897579367,13666.292094155,13666.29209448,0.40027253799962637,0.0028339149994280888,0.39451478800037876,0.0028738919991155853
29,0,16,0.481854708166793,0.0837358281660272,13666.482558626,13666.880677506,13666.482607486,13666.485417133,13666.877861683,13666.877862008,0.3981188800007658,0.0028096470014133956,0.3924445499997091,0.0028154980009276187
30,0,16,0.36601408291608095,-0.008824725084195961,13667.063863914,13667.438702722,13667.063916674,13667.066473676,13667.435852015,13667.435852448,0.3748388080002769,0.0025570020006853156,0.36937833899901307,0.0028502740005933447
31,1,16,0.4528982089832425,0.06146813898340042,13667.619298434,13668.010728504,13667.619347728,13667.62230049,13668.007932833,13668.007933266,0.3914300699998421,0.002952762000859366,0.385632342999088,0.002795237998725497
32,0,16,0.37241074978373945,-0.010182485217228532,13668.176513388,13668.559106623,13668.176563007,13668.17956853,13668.556311818,13668.55631236,0.382593235000968,0.003005522999956156,0.37674328799948853,0.002794263000396313
33,0,16,0.4422209579497576,0.05560685294949508,13668.744772462,13669.131386567,13668.744824898,13668.747436394,13669.128273139,13669.128273464,0.3866141050002625,0.002611496000099578,0.3808367450001242,0.0031131029991229298
34,4,16,0.49286974989809096,0.003149269898131024,13669.285078181,13669.774798661,13669.285129317,13669.288342849,13669.771404204,13669.771404529,0.48972047999995993,0.0032135319997905754,0.4830613550002454,0.003394131999812089
35,2,16,0.5202267908025533,0.11639782980273594,13669.942019137,13670.345848098,13669.942069622,13669.944774289,13670.343034443,13670.343034768,0.40382896099981735,0.002704667000216432,0.39826015399921744,0.002813330000208225
36,0,16,0.4885032919701189,0.11447268696974788,13670.636118524,13671.010149129,13670.636166952,13670.639035535,13671.007417919,13671.007418352,0.374030605000371,0.002868583000235958,0.36838238400014234,0.0027307770014886046
37,0,16,0.44671883387491107,0.06380253487441223,13671.280881382,13671.663797681,13671.280948985,13671.28357294,13671.661117499,13671.661117715,0.38291629900049884,0.0026239549988531508,0.37754455899994355,0.0026799659990501823
38,4,16,0.6013912919443101,0.1757865369436331,13671.946594928,13672.372199683,13671.946645955,13671.949315845,13672.369094922,13672.369095247,0.42560475500067696,0.002669890000106534,0.41977907699947536,0.0031044360002852045
39,0,16,0.38872237503528595,-0.0036807899650739273,13672.625024255,13673.01742742,13672.625075716,13672.627802376,13673.014669342,13673.014669667,0.3924031650003599,0.002726660000917036,0.3868669659987063,0.002757752999968943
40,0,16,0.42055637505836785,0.03220994005823741,13673.154344356,13673.542690791,13673.154393217,13673.157113051,13673.539912237,13673.539912562,0.38834643500013044,0.00271983399943565,0.3827991859998292,0.002778228999886778
41,0,16,0.37896654196083546,-0.01090009703875694,13673.721469669,13674.111336308,13673.721519397,13673.72421063,13674.108471192,13674.108471625,0.3898666389995924,0.0026912329994956963,0.38426056199932646,0.0028646829996432643
42,1,16,0.3697847919538617,-0.01189536704623606,13674.247364111,13674.62904427,13674.24741308,13674.250096621,13674.626356287,13674.626356612,0.3816801590000978,0.002683540998987155,0.37625966600171523,0.0026876579995587235
43,0,16,0.3813258330337703,-0.013919696966695483,13674.757080386,13675.152325916,13674.757130221,13674.759814846,13675.149477484,13675.1494777,0.3952455300004658,0.0026846250002563465,0.3896626379992085,0.0028482159996201517
44,0,16,0.3604155001230538,-0.012157843877503183,13675.284322124,13675.656895468,13675.284371309,13675.287186373,13675.654259596,13675.65426003,0.37257334400055697,0.0028150639991508797,0.36707322300026135,0.002635438000652357
45,0,16,0.39193008304573596,-0.012874573954832158,13675.786052669,13676.190857326,13675.786100988,13675.788838265,13676.187979535,13676.18797986,0.4048046570005681,0.002737277000051108,0.3991412699997454,0.0028774660004273755
46,2,16,0.413430750137195,-0.010516536862269277,13676.327535918,13676.751483205,13676.327584129,13676.330380775,13676.748443555,13676.748444097,0.42394728699946427,0.0027966460002062377,0.4180627799996728,0.003039107999939006
47,4,16,0.41251016687601805,-0.0028007111250190064,13676.887113731,13677.302424609,13676.887163133,13676.890006907,13677.299568918,13677.299569351,0.41531087800103705,0.0028437740002118517,0.4095620110001619,0.0028552580006362405
48,0,16,0.4519357499666512,0.06063785296646529,13677.453253057,13677.844550954,13677.453301918,13677.456422387,13677.841800135,13677.84180046,0.3912978970001859,0.0031204690003505675,0.38537774799988256,0.0027504939989739796
49,4,16,0.4325793751049787,-0.014159052894683555,13678.05177526,13678.498513688,13678.051824771,13678.055082072,13678.495501448,13678.495501773,0.44673842799966224,0.0032573009993939195,0.44041937600013625,0.003011914999660803
50,7,16,0.4832272499334067,0.0003377199336682679,13678.633182711,13679.116072241,13678.633231572,13678.636069387,13679.112859034,13679.11285925,0.48288952999973844,0.0028378150000207825,0.4767896470002597,0.0032129909996001516
51,0,16,0.3673146250657737,-0.01160063093448116,13679.266471994,13679.64538725,13679.266521397,13679.269372971,13679.642703492,13679.642703709,0.3789152560002549,0.002851574001397239,0.37333052099893393,0.0026835410008061444
52,0,16,0.3724827920086682,-0.007336005990509875,13679.780527437,13680.160346235,13679.780612916,13679.783435564,13680.157525862,13680.157526296,0.37981879799917806,0.002822648000801564,0.3740902979989187,0.002819938999891747
53,0,16,0.3889445001259446,-0.008823905873214244,13680.294669225,13680.692437631,13680.294719061,13680.297591653,13680.689644343,13680.689644993,0.39776840599915886,0.0028725920001306804,0.39205269000012777,0.0027926380007556872
54,0,16,0.36897083302028477,-0.008383158979995642,13680.825934975,13681.203288967,13680.825984594,13680.82935565,13681.200635218,13681.200635543,0.3773539920002804,0.0033710560001054546,0.37127956800031825,0.0026534240005275933
55,3,16,0.4422575000207871,-0.010314189978089416,13681.342217096,13681.794788786,13681.342266173,13681.345065853,13681.791676875,13681.7916772,0.45257168999887654,0.0027996799999527866,0.4466110220000701,0.0031115859983401606
56,0,16,0.4096940418239683,0.030456803822744405,13681.928035001,13682.307272239,13681.92808592,13681.931025248,13682.304610582,13682.304610907,0.3792372380012239,0.00293932800013863,0.3735853339985624,0.0026613320005708374
57,0,16,0.3735086671076715,-0.007794149893015856,13682.484138078,13682.865440895,13682.484186614,13682.48751596,13682.862692459,13682.862692784,0.38130281700068736,0.003329346000100486,0.37517649900109973,0.0027481110009830445
58,7,16,0.4494833340868354,-0.014261290914873825,13683.005933972,13683.469678597,13683.005983699,13683.009412716,13683.466487274,13683.466487815,0.4637446250017092,0.0034290169987798436,0.4570745580003859,0.003190782001183834
59,0,16,0.38038566685281694,0.0006295968523772899,13683.613120319,13683.992876389,13683.613198972,13683.616141876,13683.99010986,13683.990110294,0.37975607000043965,0.002942904000519775,0.37396798400004627,0.002766094999969937
60,0,16,0.5293031658511609,0.09690949485229794,13684.132311216,13684.564704887,13684.132360619,13684.135375459,13684.56161291,13684.561613235,0.43239367099886294,0.0030148400001053233,0.4262374509999063,0.0030916519990569213
61,0,16,0.37789558293297887,-0.008798151066002902,13684.810330483,13685.197024217,13684.81037891,13684.813839779,13685.194114357,13685.19411479,0.38669373399898177,0.0034608690002642106,0.38027457799944386,0.002909426999394782
62,2,16,0.3990353331901133,-0.009698322810436366,13685.336302929,13685.745036585,13685.336353956,13685.339350595,13685.742058255,13685.74205858,0.40873365600054967,0.002996639001139556,0.402707659999578,0.0029780050008412218
63,1,16,0.4205613338854164,-0.008529317114152946,13685.886232994,13686.315323645,13685.886283805,13685.889368306,13686.31217739,13686.312177715,0.42909065099956933,0.003084500998738804,0.4228090840006189,0.003145929998936481
64,1,16,0.3989090418908745,0.007908966890681768,13686.467972719,13686.858972794,13686.468022446,13686.471158733,13686.85611602,13686.856116345,0.39100007500019274,0.00313628699950641,0.38495728700036125,0.0028564490003191167
65,0,16,0.3730405829846859,-0.009142374015937094,13686.988263468,13687.370446425,13686.988311028,13686.991486425,13687.367460945,13687.367461378,0.382182957000623,0.0031753969997225795,0.3759745200004545,0.002985047000038321
66,0,16,0.377300166990608,-0.01303081000878592,13687.504164021,13687.894494998,13687.504213965,13687.507846008,13687.891648732,13687.891649166,0.3903309769993939,0.0036320430008345284,0.38380272399990645,0.0028458319993660552
67,6,16,0.5352719160728157,0.005400481073593255,13688.060132433,13688.590003868,13688.060181727,13688.063304689,13688.586352865,13688.586353407,0.5298714349992224,0.0031229619999066927,0.5230481760008843,0.0036504609997791704
68,0,16,0.3698795000091195,-0.011045648989238543,13688.72098852,13689.101913669,13688.721037056,13688.724129791,13689.099113773,13689.099114098,0.38092514899835805,0.003092734999881941,0.37498398199932126,0.0027995709988317685
69,3,16,0.42862241598777473,-0.00820966001265333,13689.237271183,13689.674103259,13689.237319935,13689.240550693,13689.671018433,13689.671018758,0.43683207600042806,0.0032307580004271585,0.4304677399995853,0.0030845010005577933
70,2,16,0.4143747079651803,-0.002795797034195857,13689.809879176,13690.227049681,13689.809928686,13689.813125209,13690.22401079,13690.224011224,0.41717050499937613,0.0031965230009518564,0.4108855809990928,0.0030384570000023814
71,0,16,0.3750885420013219,-0.005586344997936976,13690.373714903,13690.75438979,13690.373764088,13690.377179997,13690.751540383,13690.751540816,0.3806748869992589,0.003415908999159001,0.3743603860002622,0.0028489739997894503
72,0,16,0.40155883389525115,-0.01165840510475391,13690.892256745,13691.305473984,13690.892304956,13690.89547212,13691.302419384,13691.302419601,0.41321723900000507,0.003167164000842604,0.4069472639985179,0.0030543830016540596
73,5,16,0.4398101670667529,0.00634600506600691,13691.462582482,13691.896046644,13691.462631884,13691.466109871,13691.893033212,13691.893033429,0.433464162000746,0.0034779870002239477,0.42692334099956497,0.0030132150004646974
74,0,16,0.3851893749088049,0.004581981909723254,13692.04611499,13692.426722383,13692.046164826,13692.049434802,13692.423855858,13692.423856291,0.38060739299908164,0.0032699759995011846,0.37442105599984643,0.0028660919997491874
75,0,16,0.3938236660324037,0.01178425603393407,13692.58397497,13692.96601438,13692.584023398,13692.587300416,13692.963224342,13692.963224667,0.38203940999846964,0.0032770180005172733,0.37592392599981395,0.0027897129984921776
76,0,16,0.38342195795848966,-0.008350894040631829,13693.100180605,13693.491953457,13693.100278109,13693.103463149,13693.489092782,13693.489093108,0.3917728519991215,0.0031850400009716395,0.385629632999553,0.002860348999092821
77,3,16,0.4215114170219749,-0.014539864978360129,13693.629475571,13694.065526853,13693.629543066,13693.632751506,13694.062516455,13694.062516888,0.43605128200033505,0.003208440000889823,0.4297649489999458,0.0030099650011834456
78,0,16,0.44966466701589525,0.06095356501464266,13694.210815419,13694.599526521,13694.210865579,13694.214068603,13694.596610594,13694.596610919,0.3887111020012526,0.003203023999958532,0.38254199100083497,0.0029156020009395434
79,3,16,0.45597833301872015,0.04589933101851784,13694.859309882,13695.269388884,13694.859360801,13694.862983853,13695.266385095,13695.266385636,0.4100790020002023,0.0036230519999662647,0.40340124199974525,0.0030032480008230777
80,2,16,0.42958212504163384,-0.012925905959491502,13695.4089262,13695.851434231,13695.408976794,13695.412375043,13695.848381473,13695.848381798,0.44250803100112535,0.0033982490003836574,0.4360064299999067,0.0030524330013577128
81,0,16,0.45929270796477795,0.00426411996340903,13696.008904579,13696.463933167,13696.008954198,13696.012410734,13696.460583561,13696.460583886,0.4550285880013689,0.0034565360001579393,0.448172827000235,0.003349280999827897
82,3,16,0.4000615000259131,-0.01148841197391448,13696.598770764,13697.010320676,13696.598820058,13696.602176489,13697.00738904,13697.007389365,0.4115499119998276,0.0033564309997018427,0.405212551000659,0.002931310998974368
83,0,16,0.36626320821233094,-0.009101149787966278,13697.145460754,13697.520825112,13697.145509073,13697.148866371,13697.518032583,13697.518032799,0.3753643580002972,0.0033572980009921594,0.3691662119999819,0.0027923130000999663
84,0,16,0.4058895828202367,-0.003558998179869377,13697.657276735,13698.066725316,13697.657327437,13697.660517569,13698.063815781,13698.063816214,0.40944858100010606,0.003190131999872392,0.4032982120006636,0.0029091020005580503
85,1,16,0.5060626252088696,0.11706345220954972,13698.27328865,13698.662287823,13698.273336102,13698.276905418,13698.659456184,13698.659456509,0.38899917299931985,0.003569316000721301,0.38255076599853055,0.0028313139991951175
86,0,16,0.373268665978685,-0.0077414200222847285,13698.867556189,13699.248566275,13698.867605808,13698.871365474,13699.245815023,13699.245815348,0.38101008600096975,0.0037596660004055593,0.37444954899910954,0.0027509270003065467
87,0,16,0.41785683296620846,0.022552908965735696,13699.403607461,13699.798911385,13699.403657405,13699.407062371,13699.795923521,13699.795923955,0.39530392400047276,0.003404965998925036,0.3888611500005936,0.0029874299998482456
88,1,16,0.4023899999447167,-0.0029292650542629417,13699.949868322,13700.355187587,13699.949919025,13699.955080481,13700.352262451,13700.352262776,0.40531926499897963,0.005161455999768805,0.39718197000001965,0.0029248110004118644
89,0,16,0.38901766622439027,0.008812100224531605,13700.518076369,13700.898281935,13700.518126205,13700.521550889,13700.89529483,13700.895295155,0.38020556599985866,0.0034246840004925616,0.3737439409997023,0.002986780000355793
90,0,16,0.4196173748932779,0.013120689893185045,13701.034971469,13701.441468154,13701.035020113,13701.038470798,13701.438474224,13701.438474549,0.40649668500009284,0.003450684998824727,0.40000342600069416,0.0029936049995740177
91,0,16,0.41691433312371373,0.029593646124340012,13701.635166525,13702.022487212,13701.63521896,13701.64008682,13702.019643439,13702.019643764,0.3873206869993737,0.004867859999649227,0.3795566190001409,0.0028434479991119588
92,0,16,0.3712994591332972,-0.004068365866260137,13702.166531945,13702.54189977,13702.166582864,13702.17007916,13702.539113849,13702.539114174,0.37536782499955734,0.003496295999866561,0.3690346889998182,0.0027855959997395985
93,0,16,0.4288016250357032,0.05272234303447476,13702.745766129,13703.121845411,13702.745814881,13702.749242707,13703.118977045,13703.11897737,0.3760792820012284,0.0034278259990969673,0.3697343380008533,0.0028680409996013623
94,0,16,0.3936395419295877,-0.010575646070719813,13703.261848691,13703.666063879,13703.261896901,13703.265653209,13703.663092374,13703.663092807,0.40421518800030753,0.0037563080004474614,0.3974391649990139,0.0029710719991271617
95,0,16,0.3772381250746548,-0.003628737926192116,13703.809414705,13704.190281568,13703.809464324,13703.812950327,13704.18684085,13704.186841391,0.38086686300084693,0.0034860029991250485,0.3738905230002274,0.0034401770008116728
96,2,16,0.38209783285856247,-0.013638795140650473,13704.318215412,13704.71395204,13704.318264489,13704.321893283,13704.709848074,13704.709848724,0.39573662799921294,0.003628794000178459,0.3879547910000838,0.004103315999600454
97,2,16,0.39520979090593755,-0.008431095093328622,13704.849512905,13705.253153791,13704.849563065,13704.853150257,13705.249868105,13705.24986843,0.4036408859992662,0.0035871920008503366,0.39671784799975285,0.0032853609991434496
98,0,16,0.36958816717378795,-0.005627983826343552,13705.394244245,13705.769460396,13705.394293431,13705.397833929,13705.766683034,13705.766683359,0.3752161510001315,0.0035404980008024722,0.36884910499975376,0.0027770370015787194
99,0,16,0.3804490000475198,-0.0006022549514455022,13705.910240028,13706.291291283,13705.910289864,13705.913904248,13706.288448159,13706.288448484,0.3810512549989653,0.0036143840006843675,0.37454391100072826,0.0028427990000636782
100,0,16,0.37757695908658206,0.0007256570861500222,13706.43947595,13706.816327252,13706.439525027,13706.443091093,13706.813524538,13706.813524972,0.37685130200043204,0.0035660659996210597,0.37043344499943487,0.002802279999741586
101,1,16,0.38417358393780887,0.0017307229372818256,13706.965096188,13707.347539049,13706.96514624,13706.968750007,13707.344707517,13707.344707842,0.38244286100052705,0.003603766999731306,0.3759575100011716,0.0028312070007814327
102,0,16,0.39415991702117026,-0.0008912549801607383,13707.487330851,13707.882382023,13707.487380145,13707.491062566,13707.879507589,13707.879507914,0.395051172001331,0.003682421000121394,0.38844502299980377,0.0028741090009134496
103,1,16,0.37550754100084305,-0.007840270998713095,13708.024930603,13708.408278415,13708.024980222,13708.028850827,13708.405484477,13708.405484802,0.38334781199955614,0.003870604999974603,0.37663364999934856,0.0027936129990848713
104,0,16,0.36461070901714265,-0.009035943981871242,13708.543339514,13708.916986167,13708.543389025,13708.546875137,13708.914236973,13708.914237407,0.3736466529990139,0.0034861120002460666,0.3673618359989632,0.002748760000031325
105,3,16,0.40203350014053285,-0.008553716859751148,13709.053003462,13709.463590679,13709.053052539,13709.056688916,13709.460389388,13709.460389713,0.410587217000284,0.0036363769995659823,0.4037004719994002,0.0032009660008043284
106,0,16,0.38241383293643594,0.006672890936897602,13709.616945577,13709.992686519,13709.616994438,13709.620612939,13709.989960076,13709.989960401,0.37574094199953834,0.0036185009994369466,0.36934713700065913,0.002726117998463451
107,0,16,0.3980878749862313,0.02209363898691663,13710.125287797,13710.501282033,13710.125336982,13710.128964042,13710.498494812,13710.498495137,0.3759942359993147,0.003627059999416815,0.369530769999983,0.0027868959987245034
108,0,16,0.4290352500975132,0.0462943500970141,13710.73208445,13711.11482535,13710.732132011,13710.735865784,13711.111987535,13711.11198786,0.3827409000004991,0.0037337729991122615,0.37612175100002787,0.0028374899993650615
109,0,16,0.3803575411438942,0.004912904143566266,13711.252423626,13711.627868263,13711.252472704,13711.256544059,13711.624974112,13711.624974545,0.37544463700032793,0.004071355000633048,0.3684300529985194,0.002893717999540968
110,0,16,0.43878166610375047,0.06333508010357036,13711.85324672,13712.228693306,13711.853296664,13711.857246355,13712.225827648,13712.225827973,0.3754465860001801,0.003949691001253086,0.36858129299980646,0.0028653330009547062
111,0,16,0.43951887520961463,0.04493615920910088,13712.382410055,13712.776992771,13712.382458699,13712.386149895,13712.77412603,13712.774126246,0.39458271600051376,0.0036911959996359656,0.3879761350017361,0.002866524999262765
112,12,16,0.5274630000349134,0.005397235034251935,13712.991850273,13713.513916038,13712.991900434,13712.9956575,13713.510383449,13713.510383774,0.5220657650006615,0.0037570659987977706,0.5147259490004217,0.0035322639996593352
113,0,16,0.3727295419666916,-0.005358875034289667,13713.649215049,13714.027303466,13713.649263584,13713.653017183,13714.024430441,13714.024431091,0.3780884170009813,0.003753598999537644,0.3714132580007572,0.0028723750001518056
114,0,16,0.39384066592901945,-0.015152027070143959,13714.160953025,13714.569945718,13714.161002319,13714.164832947,13714.566619406,13714.566619731,0.4089926929991634,0.0038306280002871063,0.4017864589986857,0.003325986999698216
115,0,16,0.36883900011889637,-0.006944301880139392,13714.705312766,13715.081096068,13714.705362168,13714.709188679,13715.078204192,13715.078204517,0.37578330199903576,0.0038265109997155378,0.36901551299888524,0.002891550999265746
116,1,16,0.4423675839789212,0.057792190978943836,13715.286787495,13715.671362888,13715.286836355,13715.290692768,13715.668446311,13715.668446745,0.38457539299997734,0.0038564129990845686,0.37775354299992614,0.002916143001129967
117,2,16,0.4728442090563476,0.0801587140558695,13715.813731302,13716.206416797,13715.813781029,13715.81767861,13716.203445509,13716.203446267,0.3926854950004781,0.0038975809984549414,0.3857668990003731,0.0029705300003115553
118,4,16,0.4101232080720365,-0.013829061928845476,13716.436231385,13716.860183655,13716.436279704,13716.44040252,13716.856934588,13716.856934913,0.423952270000882,0.004122816000744933,0.4165320680003788,0.0032487420012330404
119,0,16,0.37772791692987084,-0.007341825070398045,13716.995757845,13717.380827587,13716.995808006,13717.000608045,13717.377978071,13717.377978396,0.3850697420002689,0.004800038999746903,0.37737002599897096,0.002849190999768325
120,0,16,0.40318000013940036,0.025989924139139475,13717.55114123,13717.928331306,13717.551190416,13717.555249421,13717.925558928,13717.925559361,0.3771900760002609,0.004059005001181504,0.370309506999547,0.0027719450008589774
121,1,16,0.40426124981604517,-0.007721040185060701,13718.076250544,13718.488232834,13718.076301138,13718.080156901,13718.485198277,13718.48519871,0.41198229000110587,0.003855762999592116,0.4050413759996445,0.0030341240017150994
122,3,16,0.47952587506733835,0.06127111906607752,13718.698649981,13719.116904737,13718.698699166,13718.703201167,13719.11388773,13719.113888163,0.41825475600126083,0.004502001000219025,0.4106865630001266,0.0030165740008669673
123,4,16,0.40531750000081956,-0.010475375000169151,13719.253767937,13719.669560812,13719.253816689,13719.257784581,13719.666346954,13719.666347279,0.4157928750009887,0.003967891998399864,0.4085623730006773,0.0032135330002347473
124,3,16,0.4677217919379473,0.06035753193827986,13719.843763694,13720.251127954,13719.843813097,13719.848057577,13720.248097405,13720.248098055,0.4073642599996674,0.004244480000124895,0.4000398279986257,0.0030298989986476954
125,2,16,0.38823762512765825,-0.011597225871810224,13720.422857038,13720.822691889,13720.42290709,13720.426788745,13720.819681275,13720.819681816,0.39983485099946847,0.003881655000441242,0.39289252999878954,0.0030100730000413023
126,2,16,0.4724317498039454,0.01998529880438582,13720.980313369,13721.43275982,13720.980362447,13720.984369233,13721.429590923,13721.429591248,0.4524464509995596,0.00400678599908133,0.4452216900008352,0.003168572000504355
127,2,16,0.405048375017941,0.0027047320181736723,13721.589787389,13721.992131032,13721.589835925,13721.594041295,13721.989197013,13721.989197554,0.4023436429997673,0.004205369999908726,0.39515571799893223,0.002933478001068579
128,0,16,0.42047424986958504,0.044784118870666134,13722.131948619,13722.50763875,13722.131998997,13722.136119754,13722.504821195,13722.504821628,0.3756901309989189,0.004120757001146558,0.36870144099884783,0.0028171220001240727
129,6,16,0.468932667048648,-0.016356448950318736,13722.700484823,13723.185773939,13722.700535092,13722.70470276,13723.182467886,13723.182468319,0.48528911599896674,0.0041676679993543075,0.4777651259992126,0.0033056199990824098
130,3,16,0.43869629106484354,-0.009469819935475243,13723.325186449,13723.77335256,13723.32523531,13723.32917926,13723.770129819,13723.770130144,0.4481661110003188,0.003943949999666074,0.4409505590010667,0.003222416000426165
131,3,16,0.4703884581103921,0.03133642011016491,13723.912728235,13724.351780273,13723.912777529,13723.916765572,13724.348698155,13724.348698588,0.4390520380002272,0.003988042999480967,0.4319325830001617,0.0030816849994153017
132,0,16,0.37021245807409286,-0.01185132792670629,13724.528715665,13724.910779451,13724.528765068,13724.532880842,13724.907728751,13724.907729076,0.38206378600079915,0.0041157739997288445,0.3748479090008914,0.00305037500038452
133,0,16,0.37949700001627207,-0.003328728984342888,13725.042847703,13725.425673432,13725.042921373,13725.047339628,13725.422804091,13725.422804416,0.38282572900061496,0.004418254999109195,0.3754644630007533,0.0028690159997495357
134,0,16,0.3758525000885129,-0.006082578911446035,13725.568548978,13725.950484057,13725.568598705,13725.572937765,13725.947630966,13725.9476314,0.38193507899995893,0.004339060000347672,0.3746932009999,0.002852657000403269
135,0,16,0.37524387519806623,-0.008930448801038438,13726.085265211,13726.469439535,13726.085315263,13726.089385535,13726.466674957,13726.466675282,0.38417432399910467,0.004070271999808028,0.3772894220001035,0.002764253000350436
136,1,16,0.43925420800223947,0.04795176100196841,13726.643489119,13727.034791566,13726.643538305,13726.647652021,13727.031946601,13727.031946926,0.39130244700027106,0.004113716000574641,0.38429458000064187,0.0028446400010579964
137,0,16,0.38069154182448983,-6.893317549838684e-05,13727.194350353,13727.575110828,13727.194401922,13727.198686487,13727.572276588,13727.572276913,0.3807604749999882,0.004284564998670248,0.37359010100044543,0.0028339149994280888
138,5,16,0.4953991658985615,0.052733068898305646,13727.795220357,13728.237886454,13727.795268351,13727.799596902,13728.234227326,13728.234227651,0.44266609700025583,0.004328551000071457,0.4346304240007157,0.003658802999780164
139,3,16,0.5484312500339001,0.08851454503383138,13728.372212695,13728.8321294,13728.372263722,13728.376641242,13728.828918143,13728.828918468,0.45991670500006876,0.004377519999252399,0.4522769010000047,0.003210932000001776
140,4,16,0.4011342090088874,-0.014448489990172675,13729.081365156,13729.496947855,13729.081414883,13729.085711474,13729.493725872,13729.493726305,0.4155826989990601,0.004296590999729233,0.408014398000887,0.00322154999958002
141,1,16,0.40083304210565984,0.0005827131044497946,13729.63661756,13730.036867889,13729.636665987,13729.640948928,13730.033894651,13730.033894976,0.40025032900121005,0.004282940999473794,0.3929457230005937,0.00297291300012148
142,0,16,0.37397299986332655,-0.009325842136604479,13730.178846502,13730.562145344,13730.178894712,13730.183277432,13730.559272102,13730.559272427,0.38329884199993103,0.004382719998829998,0.37599467000109144,0.002872916998967412
143,0,16,0.45567099982872605,0.07359963082853938,13730.692828491,13731.07489986,13730.692877568,13730.697170584,13731.072058036,13731.072058361,0.3820713690001867,0.00429301599979226,0.37488745199880213,0.002841498999259784
144,0,16,0.3716167500242591,-0.011002377976183197,13731.296375319,13731.678994447,13731.29642483,13731.301135923,13731.67612088,13731.676121205,0.3826191280004423,0.0047110930008784635,0.37498495699946943,0.002873241999623133
145,1,16,0.4516575839370489,-0.009667196063674055,13731.814277423,13732.275602203,13731.814327367,13731.818679319,13732.272293333,13732.272293658,0.46132478000072297,0.004351952000433812,0.4536140140007774,0.0033085450013459194
146,3,16,0.46382108284160495,-0.01732398315834871,13732.417277468,13732.898422534,13732.417325787,13732.421671022,13732.895065128,13732.895065561,0.48114506599995366,0.004345235000073444,0.4733941059985227,0.003356972998517449
147,3,16,0.41618241695687175,-0.01235364904277958,13733.035419532,13733.463955598,13733.035468392,13733.039728256,13733.460826786,13733.460827436,0.4285360659996513,0.0042598640011419775,0.4210985299996537,0.0031281619994842913
148,0,16,0.3866452088113874,0.002476300811395049,13733.611851543,13733.996020451,13733.611900621,13733.616930662,13733.993014712,13733.993015037,0.38416890799999237,0.005030041000281926,0.3760840499999176,0.0030054140006541274
149,3,16,0.4101842090021819,-0.012937539999256842,13734.130817422,13734.553939171,13734.130863574,13734.135333398,13734.550876229,13734.550876554,0.42312174900143873,0.004469823999897926,0.4155428309986746,0.003062617000978207
150,0,16,0.37339220801368356,-0.010537163985645748,13734.688064444,13735.071993816,13734.688113196,13734.69255561,13735.069126749,13735.069127183,0.3839293719993293,0.0044424139996408485,0.37657113900058903,0.002866632999939611
151,0,16,0.3745843330398202,-0.00784010996176221,13735.204385025,13735.586809468,13735.204433777,13735.208843473,13735.583923768,13735.583924093,0.3824244430015824,0.004409695999129326,0.3750802949998615,0.0028853750009147916
152,5,16,0.49096249998547137,0.03792701398560894,13735.777981605,13736.231017091,13735.778030574,13735.782506682,13736.227734548,13736.227734981,0.45303548599986243,0.004476108000744716,0.4452278659991862,0.0032821100012370152
153,0,16,0.37503554089926183,-0.010845438100659521,13736.365444954,13736.751325933,13736.365493489,13736.370284537,13736.748333302,13736.748333627,0.38588097899992135,0.004791048000697629,0.3780487650001305,0.0029923060010332847
154,0,16,0.41626433306373656,0.014712427062477218,13736.913548759,13737.315100665,13736.913597512,13736.918018908,13737.312045632,13737.312046065,0.40155190600125934,0.004421395999088418,0.3940267239995592,0.003054599999813945
155,6,16,0.4543886659666896,-0.013689060033357237,13737.451375697,13737.919453423,13737.451425857,13737.455830028,13737.916068607,13737.916069041,0.4680777260000468,0.004404171000714996,0.4602385790003609,0.0033843819983303547
156,2,16,0.3940719170495868,-0.010558097950706724,13738.058749036,13738.463379051,13738.058798113,13738.063333807,13738.460302675,13738.460303,0.4046300150002935,0.0045356940008787205,0.3969688679990213,0.0030760509998799535
157,3,16,0.4394311250653118,-0.015668423933675513,13738.596635992,13739.051735541,13738.59668572,13738.601336035,13739.048490157,13739.048490591,0.4550995489989873,0.004650315000617411,0.4471541219991195,0.0032449499994982034
158,0,16,0.3766608329024166,-0.0076471810971270315,13739.186716579,13739.571024593,13739.186765981,13739.191368412,13739.568091982,13739.568092307,0.3843080139995436,0.004602431001330842,0.37672356999974,0.002932286000941531
159,0,16,0.38048495817929506,-0.003550476820237236,13739.705021377,13740.089056812,13739.705071646,13739.709625541,13740.086140777,13740.08614121,0.3840354349995323,0.004553894999844488,0.37651523600106884,0.002915601999120554
160,0,16,0.4596315419767052,0.08268782797676977,13740.286571185,13740.663514899,13740.286621237,13740.291192683,13740.660644799,13740.660645124,0.3769437139999354,0.0045714459993178025,0.36945211599959293,0.0028697750003630063
161,0,16,0.4011052909772843,-0.0044765850234398386,13740.841530859,13741.247112735,13740.841580803,13740.846223426,13741.24412758,13741.244128013,0.40558187600072415,0.00464262300010887,0.397904153998752,0.0029847219993826
162,4,16,0.49702974990941584,0.05825159091000387,13741.464091827,13741.902869986,13741.464140363,13741.468767169,13741.899675304,13741.899675629,0.43877815899941197,0.004626806001397199,0.43090813499838987,0.0031943569993018173
163,2,16,0.4113467501010746,-0.00207221489836229,13742.043399139,13742.456818104,13742.043448108,13742.048167219,13742.45368225,13742.453682792,0.41341896499943687,0.004719111000667908,0.4055150309995952,0.003135311999358237
164,0,16,0.42399500007741153,0.04107285007739847,13742.624718186,13743.007640336,13742.624780806,13742.629419962,13743.004858315,13743.00485864,0.38292215000001306,0.004639156000848743,0.37543835299948114,0.002781695999146905
165,2,16,0.41133454185910523,-0.010452044141857186,13743.169356248,13743.591142834,13743.169425042,13743.174465485,13743.588079784,13743.588080109,0.4217865860009624,0.0050404430003254674,0.413614298999164,0.003062724999836064
166,0,16,0.39732887502759695,0.02281930702883983,13743.76111142,13744.135620988,13743.761159523,13743.765692075,13744.132774506,13744.132774831,0.3745095679987571,0.0045325520004553255,0.3670824310011085,0.002846157000021776
167,0,16,0.3686558750923723,-0.009204273908835603,13744.272804653,13744.650664802,13744.272854597,13744.277662762,13744.647832945,13744.64783327,0.3778601490012079,0.004808165000213194,0.3701701829995727,0.0028315319996181643
168,1,16,0.4547326248139143,0.06860170881373051,13744.867639019,13745.253769935,13744.867687771,13744.87247936,13745.250765495,13745.250765929,0.3861309160001838,0.004791588999069063,0.37828613500096253,0.003004005999173387
169,0,16,0.3673140839673579,-0.008316894032759592,13745.389891342,13745.76552232,13745.389939553,13745.394570476,13745.762735316,13745.762735641,0.37563097800011747,0.004630923000149778,0.3681648399997357,0.002786679000564618
170,2,16,0.4016907080076635,-0.01033069299228373,13745.899646618,13746.311668019,13745.899696779,13745.904329327,13746.308709298,13746.30870984,0.4120214009999472,0.004632547999790404,0.4043799709997984,0.0029581790004158393
171,0,16,0.3683854581322521,-0.00958400386844005,13746.446181901,13746.824151363,13746.446230654,13746.450948356,13746.821351683,13746.821352333,0.37796946200069215,0.004717701998742996,0.37040332700053114,0.002799030000460334
172,2,16,0.38284087483771145,-0.011160389161886997,13746.958156489,13747.352157753,13746.958207516,13746.962874733,13747.349219292,13747.349219617,0.39400126399959845,0.004667217001042445,0.38634455899955356,0.002938136000011582
173,0,16,0.3786057501565665,-0.005394583844463341,13747.489787772,13747.873788106,13747.489837608,13747.494478823,13747.870966,13747.870966325,0.38400033400102984,0.004641215000447119,0.3764871769999445,0.002821781001330237
174,0,16,0.4487763340584934,0.07219793705917255,13748.005642607,13748.382221004,13748.005690817,13748.010387935,13748.379416232,13748.379416666,0.37657839699932083,0.004697117999967304,0.36902829699829454,0.0028043379988957895
175,0,16,0.3822422919329256,-0.005024551066526328,13748.607000675,13748.994267518,13748.607048127,13748.611873734,13748.991378893,13748.991379218,0.3872668429994519,0.00482560700038448,0.3795051590004732,0.0028882999995403225
176,0,16,0.374964082846418,-0.001218338153194054,13749.137900566,13749.514082987,13749.137951593,13749.142684571,13749.511231304,13749.511231629,0.3761824209996121,0.004732977999083232,0.36854673300149443,0.0028513580000435468
177,3,16,0.42898824997246265,-0.011444669027696364,13749.656261483,13750.096694402,13749.656311536,13749.66103108,13750.093463318,13750.093463535,0.440432919000159,0.004719544000181486,0.43243223799981934,0.0032308669997291872
178,0,16,0.3688324170652777,-0.008052469935137196,13750.228907719,13750.605792606,13750.228957663,13750.233747411,13750.602884696,13750.602885238,0.3768848870004149,0.004789748001712724,0.36913728499894205,0.0029073679997964064
179,0,16,0.392903707921505,0.015391650920719258,13750.738554549,13751.116066606,13750.738603626,13750.743405616,13751.113064984,13751.113065309,0.3775120570007857,0.004801990000487422,0.3696593679997022,0.003001297000082559
180,0,16,0.36924191704019904,-0.007801034958902164,13751.276501742,13751.653544694,13751.276550494,13751.281804255,13751.650743931,13751.650744256,0.3770429519991012,0.005253761000858503,0.3689396760000818,0.002800438000122085
181,7,16,0.4794029579497874,-0.01816685304947896,13751.790538334,13752.288108145,13751.790587194,13751.795518756,13752.284499502,13752.284499827,0.49756981099926634,0.0049315619999106275,0.48898074600037944,0.003608318000260624
182,0,16,0.4685188748408109,0.08083731284204987,13752.426091564,13752.813773126,13752.426141074,13752.430994199,13752.810560027,13752.810560352,0.387681561998761,0.004853124999499414,0.37956582799961325,0.0032127739996212767
183,0,16,0.3682576660066843,-0.010321523994207382,13753.044114347,13753.422693537,13753.044163641,13753.049248068,13753.419664288,13753.41966483,0.3785791900008917,0.005084427000838332,0.37041621999924246,0.0030287070003396366
184,5,16,0.467803374864161,8.370686373382341e-05,13753.558284953,13754.026004621,13753.558335114,13753.563160613,13754.022589037,13754.022589471,0.4677196680004272,0.004825498999707634,0.4594284240010893,0.0034151500003645197
185,7,16,0.46907487511634827,-0.008321791883645346,13754.187238968,13754.664635635,13754.187288371,13754.192131204,13754.661120922,13754.661121355,0.4773966669999936,0.0048428329992020736,0.46898971799964784,0.0035142799988534534
186,3,16,0.4260266670025885,0.012982770002054167,13754.794506678,13755.207550575,13754.794587281,13754.799444523,13755.20456022,13755.204560545,0.41304389700053434,0.004857242000070983,0.40511569699992833,0.002990029999637045
187,0,16,0.37591087515465915,-0.009800229845495778,13755.373756028,13755.759467133,13755.373827207,13755.379320612,13755.756478619,13755.756479052,0.38571110500015493,0.0054934050003794255,0.37715800699879765,0.0029880810016038595
188,0,16,0.3739443328231573,-0.007242995176056866,13755.88990836,13756.271095688,13755.889958196,13755.894890841,13756.268177377,13756.268177811,0.3811873279992142,0.004932645000735647,0.3732865359997959,0.0029178770000726217
189,0,16,0.3810164160095155,-0.0029933429905213416,13756.40930055,13756.793310309,13756.409348761,13756.414346518,13756.790342705,13756.79034303,0.38400975900003687,0.0049977569997281535,0.3759961870000552,0.0029672790005861316
190,0,16,0.3729112090077251,-0.009115632992688916,13756.935352408,13757.31737925,13756.935428786,13756.940313005,13757.314463214,13757.314463539,0.38202684200041404,0.004884218998995493,0.3741502089997084,0.002915711000241572
191,2,16,0.4351693750359118,0.0038790220369264716,13757.449421826,13757.880712179,13757.449471337,13757.454376898,13757.877478279,13757.877478604,0.4312903529989853,0.004905560999759473,0.42310138100037875,0.0032335750001948327
192,0,16,0.37368645891547203,-0.0100017510849284,13758.037128503,13758.420816713,13758.037177797,13758.042191046,13758.417746621,13758.417747054,0.38368821000040043,0.005013249001422082,0.3755555749994528,0.0030696590001753066
193,0,16,0.440837083151564,0.04687633715184347,13758.551256965,13758.945217711,13758.551307776,13758.556130675,13758.942233314,13758.942233747,0.39396074599972053,0.004822898999918834,0.3861026389986364,0.0029839639992133016
194,0,16,0.40692779212258756,0.005307633122356492,13759.14771684,13759.549336999,13759.147765809,13759.15261395,13759.546326276,13759.546326601,0.40162015900023107,0.004848140999456518,0.39371232600024086,0.0030103980006970232
195,0,16,0.37846129201352596,-0.012793811987648951,13759.696527228,13760.087782332,13759.69657533,13759.701809373,13760.084839753,13760.084840187,0.3912551040011749,0.005234043001109967,0.3830303800004913,0.0029421449999063043
196,0,16,0.4372280838433653,0.04769642684368591,13760.221456267,13760.610987924,13760.221528962,13760.226301917,13760.607873521,13760.607873846,0.3895316569996794,0.004772955000589718,0.38157160399896384,0.003114077999271103
197,0,16,0.3841272920835763,-0.01085324291670986,13760.809360444,13761.204340979,13760.809438015,13760.814570111,13761.201230693,13761.201231126,0.3949805350002862,0.00513209600103437,0.3866605819985125,0.003109852999841678
198,2,16,0.3996849169488996,-0.008212150050894707,13761.342704774,13761.750601841,13761.342754501,13761.347784326,13761.747551466,13761.747551899,0.40789706699979433,0.005029825000747223,0.39976713999931235,0.003049942000870942
199,0,16,0.400424666935578,0.016039731935961754,13761.913257046,13762.297641981,13761.913307532,13761.91839911,13762.294521077,13762.294521511,0.38438493499961623,0.00509157799933746,0.3761219669995626,0.0031204700007947395
200,0,16,0.37506645801477134,-0.008809719984128606,13762.431650573,13762.815526751,13762.431700409,13762.436798812,13762.812539104,13762.812539537,0.38387617799889995,0.0050984029985556845,0.3757402920000459,0.0029872139984945534
201,5,16,0.5708782081492245,0.12184333215009246,13763.049817446,13763.498852322,13763.049891875,13763.055499252,13763.495419513,13763.495419838,0.44903487599913205,0.005607376999250846,0.43992026100022485,0.0034324839998589596
202,0,16,0.37330658291466534,-0.009584691086274688,13763.696107224,13764.078998498,13763.69615706,13763.701266947,13764.076102397,13764.076102722,0.38289127400094003,0.005109887000799063,0.3748354500003188,0.002895776000514161
203,0,16,0.4425192498601973,0.05038606386005995,13764.212685759,13764.604818945,13764.212736461,13764.217683733,13764.601904101,13764.601904426,0.39213318600013736,0.0049472720002086135,0.3842203679996601,0.002914519000114524
204,1,16,0.38029791694134474,-0.00919202905788552,13764.805177308,13765.194667254,13764.80522671,13764.810749041,13765.191697483,13765.191697808,0.38948994599923026,0.0055223310009751,0.38094844199986255,0.002969445999042364
205,0,16,0.3822712090332061,-0.011573505966225639,13765.329401064,13765.723245779,13765.329452524,13765.334583104,13765.720295075,13765.720295509,0.39384471499943174,0.0051305800006957725,0.3857119709991821,0.002950269999928423
206,0,16,0.3725334161426872,-0.0110397388561978,13765.856442701,13766.240015856,13765.856491345,13765.861463209,13766.236874152,13766.236874477,0.383573154998885,0.004971863998434856,0.37541094300104305,0.003141379000226152
207,3,16,0.506535833934322,0.04457088293384004,13766.439951807,13766.901916758,13766.440000668,13766.445139806,13766.898407787,13766.898408329,0.46196495100048196,0.00513913799841248,0.45326798100177257,0.0035084290011582198
208,0,16,0.37447820813395083,-0.008996358865260845,13767.03191499,13767.415389557,13767.031964284,13767.03719811,13767.41240061,13767.412401043,0.3834745669992117,0.005233825999312103,0.3752024999994319,0.0029885139992984477
209,0,16,0.4170227500144392,0.03124696801569371,13767.58733261,13767.973108392,13767.587382229,13767.592669032,13767.969846433,13767.969846649,0.3857757819987455,0.005286802999762585,0.3771774010001536,0.0032617429988022195
210,0,16,0.3935870409477502,0.0008161759469658136,13768.125507097,13768.518277962,13768.125555957,13768.130825968,13768.515244163,13768.515244488,0.3927708650007844,0.005270011000902741,0.38441819499894336,0.0030334740004036576
211,3,16,0.49453600007109344,0.045759728071061545,13768.721798938,13769.17057521,13768.721848015,13768.727534588,13769.167067864,13769.167068298,0.4487762720000319,0.00568657300027553,0.4395332759995654,0.0035069120003754506
212,0,16,0.3721580838318914,-0.011124291168016498,13769.298570374,13769.681852749,13769.298619018,13769.303955332,13769.67874983,13769.678750372,0.3832823749999079,0.005336313999578124,0.37479449800048315,0.0031023769988678396
213,4,16,0.49020320805720985,0.07197261205692485,13769.864732343,13770.282962939,13769.864781853,13769.869989786,13770.279792959,13770.279793284,0.418230596000285,0.005207932999837794,0.40980317299909075,0.003169654999510385
214,0,16,0.4080607909709215,0.01496415197107126,13770.460001795,13770.853098434,13770.460050656,13770.465442222,13770.850033867,13770.8500343,0.39309663899985026,0.005391565999161685,0.3845916450009099,0.003064133999941987
215,0,16,0.389995374949649,-0.005460440050228499,13771.02070351,13771.416159325,13771.020763421,13771.026005048,13771.413163444,13771.413163769,0.3954558149998775,0.005241626999122673,0.3871583960008138,0.002995555998495547
216,0,16,0.42696091695688665,0.04335179295594571,13771.554772623,13771.938381747,13771.554825384,13771.560118905,13771.935450869,13771.935451194,0.38360912400094094,0.005293520998748136,0.37533196399999724,0.0029305530006240588
217,3,16,0.42483224999159575,-0.005614255009277258,13772.133400112,13772.563846617,13772.133449189,13772.138797312,13772.560633951,13772.560634493,0.430446505000873,0.005348123000658234,0.42183663899959356,0.0032121240001288243
218,3,16,0.48897420801222324,0.07456708901190723,13772.701911181,13773.1163183,13772.701960475,13772.707403719,13773.113152112,13773.113152545,0.414407119000316,0.005443243999252445,0.40574839300097665,0.003165755000736681
219,0,16,0.40814374992623925,0.02473505192574521,13773.35709413,13773.740502828,13773.357143099,13773.362499889,13773.737570325,13773.737570758,0.38340869800049404,0.005356790001314948,0.37507043599907774,0.002932070001406828
220,0,16,0.38235575007274747,0.005438361073174747,13773.903310031,13774.28022742,13773.903372434,13773.908913183,13774.277104783,13774.277105,0.3769173889995727,0.005540748999919742,0.36819159999868134,0.0031224200010910863
221,3,16,0.41705891699530184,0.0016980949949356727,13774.434851285,13774.850212107,13774.434901121,13774.440320097,13774.846988499,13774.846988933,0.41536082200036617,0.0054189759994187625,0.4066684020017419,0.003223173998776474
222,0,16,0.4269464591052383,0.04746188510580396,13774.98780995,13775.367294524,13774.987859244,13774.993355465,13775.364256824,13775.364257258,0.37948457399943436,0.005496220999702928,0.3709013589996175,0.003037266000319505
223,5,16,0.40519187483005226,-0.01463573717046529,13775.560355323,13775.980182935,13775.560404508,13775.565914056,13775.976942318,13775.976942752,0.41982761200051755,0.005509548000190989,0.4110282620004,0.0032401829994341824
224,0,16,0.4120623341295868,0.027127041130370344,13776.113576816,13776.498512109,13776.113626002,13776.118961341,13776.495443425,13776.49544375,0.38493529299921647,0.00533533900124894,0.3764820839987806,0.003068358999371412
225,0,16,0.37997591588646173,-0.006482615113782231,13776.672601453,13777.059059984,13776.672651289,13776.678119234,13777.055942981,13777.055943306,0.38645853100024397,0.005467945000418695,0.3778237469996384,0.0031166779990599025
226,0,16,0.4164280002005398,-0.009009697800138383,13777.198006964,13777.623444662,13777.198055717,13777.203473176,13777.620136009,13777.620136334,0.4254376980006782,0.005417458998635993,0.4166628330003732,0.0033083279995480552
227,0,16,0.3849954588804394,0.008393334879656322,13777.774882188,13778.151484312,13777.774931266,13777.780354792,13778.148413353,13778.148413786,0.3766021240007831,0.005423525999503909,0.368058560999998,0.003070525999646634
228,0,16,0.37114620907232165,-0.004804584928933764,13778.291437105,13778.667387899,13778.291485966,13778.296942752,13778.66440556,13778.664405994,0.3759507940012554,0.005456786000650027,0.36746280800070963,0.002981904999614926
229,1,16,0.4437779998406768,0.05729888483983814,13778.861673246,13779.248152361,13778.86172319,13778.867381703,13779.245186165,13779.24518649,0.38647911500083865,0.00565851299870701,0.3778044620012224,0.0029658710009243805
230,2,16,0.38511883397586644,-0.009087840024221805,13779.397262346,13779.79146902,13779.397311857,13779.402781752,13779.788439879,13779.788440529,0.39420667400008824,0.0054698950007150415,0.3856581269992603,0.0030284909989859443
231,0,16,0.37736266595311463,-0.008787750046394649,13779.929369235,13780.315519651,13779.929418421,13779.934892216,13780.312321828,13780.31232237,0.3861504159995093,0.005473795001307735,0.37742961199910496,0.0031972809993021656
232,4,16,0.509515207959339,0.09336319195972465,13780.447119341,13780.863271357,13780.447168851,13780.452730076,13780.860050133,13780.860050458,0.4161520159996144,0.005561224999837577,0.4073200570001063,0.0032208989996433957
233,0,16,0.4457767088897526,0.06719535189040471,13781.197667889,13781.576249246,13781.1977174,13781.203342219,13781.573227256,13781.573227473,0.3785813569993479,0.005624818999422132,0.369885037000131,0.003021773000000394
234,0,16,0.4728276669047773,0.06333499190441216,13781.709437934,13782.118930609,13781.70948842,13781.715521025,13782.115729427,13782.11572986,0.4094926750003651,0.006032605000655167,0.4002084019994072,0.0032007490008254535
235,1,16,0.40236320812255144,0.007137721122489893,13782.353615981,13782.748841468,13782.353664083,13782.359264526,13782.745636495,13782.745636928,0.39522548700006155,0.005600442998911603,0.38637196899981063,0.0032045399984781398
236,0,16,0.3756379159167409,-0.002581807084425236,13782.885148893,13783.263368616,13782.88519797,13782.890966229,13783.25964416,13783.259644594,0.37821972300116613,0.0057682590013428126,0.36867793099918345,0.003724022000824334
237,0,16,0.44516966701485217,0.06712653501563182,13783.48602518,13783.864068312,13783.486074908,13783.492753968,13783.861156177,13783.861156502,0.37804313199922035,0.006679059999441961,0.36840220900012355,0.0029118099992047064
238,0,16,0.37172345793806016,-0.0068420820625760825,13783.995445908,13784.374011448,13783.995495202,13784.001834838,13784.370904628,13784.370904953,0.37856554000063625,0.006339636000120663,0.3690697900001396,0.00310649499988358
239,1,16,0.3805805421434343,-0.006172452855025767,13784.511802024,13784.898555019,13784.511850885,13784.517701373,13784.895565313,13784.895565638,0.38675299499846005,0.0058504880016698735,0.3778639399988606,0.002989380998769775
240,2,16,0.4086596660781652,-0.004947048921167152,13785.039787938,13785.453394653,13785.039836907,13785.045436483,13785.4502666,13785.450267142,0.4136067149993323,0.005599575999440276,0.40483011700052884,0.003127510999547667
241,0,16,0.387262542033568,0.011097997034084983,13785.589695686,13785.965860231,13785.589745196,13785.595315088,13785.962897177,13785.962897502,0.37616454499948304,0.005569891998675303,0.36758208900027967,0.002962728998681996
242,2,16,0.4154271250590682,-0.00519406594139582,13786.121072699,13786.54169389,13786.121121668,13786.126628507,13786.538470173,13786.53847039,0.420621191000464,0.005506838999281172,0.4118416660003277,0.003223499999876367
243,0,16,0.37337191589176655,-0.004193769107587286,13786.685099643,13787.062665328,13786.685162805,13786.691007767,13787.059794687,13787.059795012,0.37756568499935383,0.0058449619991733925,0.36878692000027513,0.0028703159987344407
244,2,16,0.4135044577997178,-0.008816020201265928,13787.206182237,13787.628502715,13787.206230339,13787.211862309,13787.625382029,13787.625382354,0.4223204780009837,0.0056319699997402495,0.4135197200012044,0.003120361001492711
245,0,16,0.37069329083897173,-0.006009804161294596,13787.765187482,13788.141890577,13787.765237318,13787.771336117,13788.139013543,13788.139013868,0.37670309500026633,0.006098799000028521,0.3676774259984086,0.002876709000702249
246,0,16,0.37105520791374147,-0.0047819380852160975,13788.290087703,13788.665924849,13788.29013678,13788.29577655,13788.663010547,13788.663010981,0.37583714599895757,0.0056397699991066474,0.3672339969998575,0.0029138680001778994
247,1,16,0.3814484169706702,-0.004311765029342496,13788.799858688,13789.18561887,13788.799908632,13788.805601921,13789.182634365,13789.182634798,0.3857601820000127,0.005693289000191726,0.37703244399926916,0.0029840719998901477
248,2,16,0.38644966715946794,-0.010952987840937567,13789.326937052,13789.724339707,13789.326987863,13789.332665334,13789.721297241,13789.721297566,0.3974026550004055,0.005677470999216894,0.38863190700067207,0.003042140999241383
249,0,16,0.39271487505175173,-0.0025984749481722247,13789.865529508,13790.260842858,13789.865579019,13789.871296684,13790.257731163,13790.257731489,0.39531334999992396,0.005717664998883265,0.386434478999945,0.003111369000180275
250,0,16,0.40886683389544487,0.032416925894722226,13790.396190296,13790.772640204,13790.396239807,13790.401881527,13790.76971301,13790.769713335,0.37644990800072264,0.005641719999402994,0.3678314830012823,0.0029268690013850573
251,2,16,0.4176522921770811,-0.010396251822385238,13790.95183716,13791.379885704,13790.951886562,13790.958177554,13791.376595468,13791.376595901,0.42804854399946635,0.006290991999776452,0.41841791400111106,0.003289803000370739
252,0,16,0.3766195001080632,-0.0030624658920714865,13791.515407025,13791.895088991,13791.515456861,13791.5211534,13791.892164831,13791.892165156,0.3796819660001347,0.005696538999472978,0.3710114310015342,0.002923834999819519
253,6,16,0.4774933329317719,-0.02034071606794896,13792.038073092,13792.535907141,13792.038123361,13792.044640672,13792.532435763,13792.532436196,0.49783404899972084,0.006517310999697656,0.4877950909994979,0.0034709450010268483
254,0,16,0.381912374868989,-0.008341574131918605,13792.669249669,13793.059503618,13792.66930048,13792.675169819,13793.056440242,13793.056440675,0.3902539490009076,0.005869339000128093,0.3812704230003874,0.0030629430002591107
255,0,16,0.3884638340678066,-0.007552522933110595,13793.194877924,13793.590894281,13793.194930359,13793.201098279,13793.587868391,13793.587868716,0.3960163570009172,0.00616791999891575,0.3867701119997946,0.0030255649999162415
256,0,16,0.44275091704912484,0.02205356504964584,13793.756022418,13794.17671977,13793.756103021,13793.762080374,13794.173576875,13794.173577308,0.420697351999479,0.005977352999252616,0.41149650100123836,0.0031424619992321823
257,0,16,0.40345412492752075,0.022029752928574453,13794.321991544,13794.703415916,13794.32204138,13794.328107569,13794.700452537,13794.70045297,0.3814243719989463,0.006066188998374855,0.37234496800010675,0.002962945998660871
258,0,16,0.4235460830386728,0.038351752038579434,13794.906189791,13795.291384122,13794.906239085,13794.912314917,13795.288448152,13795.288448585,0.38519433100009337,0.006075831999623915,0.37613323500045226,0.002935536998847965
259,4,16,0.4942095000296831,0.07485586802977195,13795.441174905,13795.860528537,13795.441224957,13795.447167425,13795.857259969,13795.857260294,0.41935363199991116,0.005942468000284862,0.4100925439997809,0.0032682429991837125
260,0,16,0.3822600420098752,-0.009732736989462865,13796.08983751,13796.481830289,13796.08988702,13796.096397181,13796.47879454,13796.478794973,0.39199277899933804,0.006510160999823711,0.38239735900060623,0.0030353160000231583
261,0,16,0.43561408296227455,0.050512164962128736,13796.612516469,13796.997618387,13796.61256533,13796.618461212,13796.994660966,13796.9946614,0.3851019180001458,0.005895881999094854,0.37619975400048133,0.002956987000288791
262,0,16,0.3733912920579314,-0.011878658942805487,13797.193723494,13797.578993445,13797.19377398,13797.200057605,13797.576045883,13797.576046316,0.3852699510007369,0.0062836249999236315,0.3759882779995678,0.0029471289999492
263,0,16,0.37919829203747213,-0.007035653963612276,13797.717318779,13798.103552725,13797.717368398,13797.723371969,13798.100594979,13798.100595304,0.3862339460010844,0.006003570999382646,0.3772230100003071,0.0029574210002465406
264,0,16,0.40876245801337063,0.024577191014031996,13798.271795914,13798.655981181,13798.271845533,13798.278545394,13798.653002526,13798.653002851,0.38418526699933864,0.006699861000015517,0.37445713200031605,0.0029783299996779533
265,0,16,0.3728089169599116,-0.010685259039746597,13798.792297706,13799.175791882,13798.79234895,13798.79814451,13799.172354631,13799.172354956,0.3834941759996582,0.005795559998659883,0.3742101210009423,0.003436926001086249
266,0,16,0.37351779197342694,-0.007671919027416152,13799.310776712,13799.691966423,13799.310827739,13799.316740955,13799.689029479,13799.689029804,0.3811897110008431,0.0059132160004082834,0.37228852399857715,0.002936619001047802
267,0,16,0.39923233399167657,-0.0070640340072714025,13799.829132429,13800.235428797,13799.82918194,13799.835639773,13800.232172796,13800.232173121,0.40629636799894797,0.006457833000240498,0.3965330230003019,0.0032556759997532936
268,5,16,0.49601670796982944,-0.020393144030094845,13800.374248155,13800.890658007,13800.374297774,13800.380377939,13800.887086416,13800.887086741,0.5164098519999243,0.0060801649997301865,0.5067084769998473,0.0035712659991986584
269,0,16,0.38233375013805926,-0.010660075860869256,13801.022034735,13801.415028561,13801.022127256,13801.02791415,13801.411900941,13801.411901266,0.3929938259989285,0.005786894000266329,0.3839867910010071,0.003127295000012964
270,0,16,0.3847020410466939,-0.011039137953048339,13801.549065538,13801.944806717,13801.549116132,13801.555227499,13801.941804011,13801.941804336,0.39574117899974226,0.006111366999903112,0.3865765119990101,0.003002380999532761
271,0,16,0.40123762493021786,-0.01220029907017306,13802.078331145,13802.491769069,13802.078402648,13802.08461542,13802.488595622,13802.488596055,0.4134379240003909,0.006212772001163103,0.4039802019997296,0.003173013999912655
272,0,16,0.38068520883098245,-0.004553974167720298,13802.635855946,13803.021095129,13802.635905674,13802.64179343,13803.018160243,13803.018160568,0.38523918299870274,0.005887756000447553,0.37636681299954944,0.0029345609982556198
273,0,16,0.4376366659998894,0.01175868100108346,13803.15855419,13803.584432175,13803.158603376,13803.16515893,13803.581264253,13803.581264578,0.4258779849988059,0.006555554000442498,0.4161053230000107,0.003167596998537192
274,0,16,0.37190629192627966,-0.009136079073869041,13803.744142852,13804.125185223,13803.744192146,13803.750220525,13804.122190967,13804.1221914,0.3810423710001487,0.00602837900078157,0.37197044200001983,0.0029938229999970645
275,0,16,0.39190187491476536,0.00827400891466823,13804.266781726,13804.650409592,13804.266831345,13804.272875759,13804.647414253,13804.647414578,0.38362786600009713,0.006044413999916287,0.3745384940011718,0.00299501400149893
276,5,16,0.4655477919150144,-0.017379440085278475,13804.796054916,13805.278982148,13804.796105835,13804.80260787,13805.275467326,13805.275467651,0.48292723200029286,0.006502035001176409,0.4728594560001511,0.0035144970006513176
277,0,16,0.3745406251400709,-0.009052247860381613,13805.416435467,13805.80002834,13805.416484328,13805.422700674,13805.797041343,13805.797041668,0.38359287300045253,0.0062163460006559035,0.37434066899913887,0.002986671999678947
278,0,16,0.380837082862854,-0.01391572413740505,13805.93032201,13806.325074817,13805.930372063,13805.936491988,13806.322061169,13806.322061603,0.39475280700025905,0.006119925001257798,0.38556918099857285,0.0030132140000205254
279,0,16,0.4591915418859571,0.07376807488617487,13806.461805736,13806.847229203,13806.461855139,13806.468746542,13806.844163877,13806.844164202,0.38542346699978225,0.006891402999826823,0.3754173350007477,0.0030650009994133143
280,0,16,0.38538537500426173,-0.0012784569953510072,13807.077844844,13807.464508676,13807.077894355,13807.084716638,13807.461349096,13807.46134953,0.38666383199961274,0.0068222830013837665,0.3766324579992215,0.0031591459992341697
281,0,16,0.38637095922604203,-0.008317819774674717,13807.602683312,13807.997372091,13807.602732823,13807.609282093,13807.994296582,13807.994297015,0.39468877900071675,0.006549270001414698,0.38501448899842217,0.00307507599973178
282,0,16,0.3777232919819653,-0.007308856018426013,13808.138996004,13808.524028152,13808.139044215,13808.145265653,13808.520989911,13808.520990344,0.3850321480003913,0.006221437999556656,0.37572425799953635,0.0030378079991351115
283,0,16,0.47603433299809694,0.09056818199860572,13808.680763533,13809.066229684,13808.680813693,13808.687215515,13809.063192201,13809.063192635,0.3854661509994912,0.006401822000043467,0.37597668600028555,0.0030370490003406303
284,0,16,0.37085120915435255,-0.007430158844726975,13809.28860121,13809.666882578,13809.288649854,13809.295065651,13809.663918874,13809.663919307,0.3782813679990795,0.006415797000954626,0.3688532229989505,0.0029632709993165918
285,0,16,0.3695847080089152,-0.009939733990904642,13809.802019298,13810.18154374,13809.802069784,13809.808298156,13810.178450463,13810.178450788,0.37952444199981983,0.006228371999895899,0.3701523069994437,0.0030929519998608157
286,0,16,0.36749799991957843,-0.009785680080312886,13810.311712388,13810.688996068,13810.311762115,13810.318010855,13810.685942443,13810.685942877,0.3772836799998913,0.006248740000955877,0.36793158799991943,0.003053190999708022
287,4,16,0.429815708193928,-0.01218009880540194,13810.82606977,13811.268065577,13810.826131848,13810.832412981,13811.264731464,13811.264731898,0.44199580699932994,0.006281133000811678,0.4323184829991078,0.0033336790002067573
288,0,16,0.3662227501627058,-0.011370994838216575,13811.40272875,13811.780322495,13811.402777286,13811.409156899,13811.777311555,13811.77731188,0.37759374500092235,0.00637961299980816,0.3681546560001152,0.003010615000675898
289,4,16,0.4305984159000218,0.006950142900677747,13811.937005223,13812.360653496,13811.937054192,13811.94390291,13812.357354918,13812.357355243,0.42364827299934404,0.006848717999673681,0.4134520080006041,0.0032982529992295895
290,0,16,0.3715107499156147,-0.006901166083480348,13812.495937448,13812.874349364,13812.495986633,13812.502258233,13812.871340699,13812.871341457,0.37841191599909507,0.006271600001127808,0.36908246599887207,0.0030079070002102526
291,0,16,0.4398142921272665,0.0615755011276633,13813.066413125,13813.444651916,13813.066461119,13813.072973988,13813.441663727,13813.441664161,0.3782387909996032,0.006512869000289356,0.3686897389998194,0.002987754998684977
292,2,16,0.38634345796890557,-0.008177288031220087,13813.598965501,13813.993486247,13813.59901447,13813.605308495,13813.990345301,13813.990345735,0.39452074600012565,0.006294024999078829,0.3850368059993343,0.003140512000754825
293,2,16,0.5716760831419379,0.1568671361419547,13814.311330519,13814.726139466,13814.311379597,13814.317733208,13814.722778593,13814.722779026,0.41480894699998316,0.006353610999212833,0.4050453850013582,0.003360439999596565
294,1,16,0.3867269998881966,-0.008762509112784755,13814.860905343,13815.256394852,13814.860954854,13814.86757942,13815.253150334,13815.253150659,0.39548950900098134,0.0066245660000276985,0.3855709139988903,0.0032441929997730767
295,0,16,0.39857129100710154,0.011938335008380818,13815.386997936,13815.773630892,13815.387047014,13815.39379606,13815.770493846,13815.77049428,0.3866329559987207,0.006749046000550152,0.3766977859995677,0.003136612000162131
296,1,16,0.43044616701081395,0.008344207011759863,13815.933779147,13816.355881107,13815.933827575,13815.94055972,13816.352660532,13816.352660857,0.4221019599990541,0.0067321450005692896,0.41210081200006243,0.003220250000595115
297,4,16,0.42157016694545746,0.0023858679451222997,13816.515615835,13816.934800134,13816.515664804,13816.522193923,13816.931473496,13816.931473821,0.41918429900033516,0.006529119000333594,0.4092795730011858,0.003326313000798109
298,0,16,0.3730042919050902,-0.005233199093709118,13817.08612293,13817.464360421,13817.086171899,13817.092803398,13817.461318713,13817.461319147,0.37823749099879933,0.006631498999922769,0.3685153149999678,0.0030412739997700555
299,0,16,0.3802596658933908,0.0012076868933945661,13817.610391755,13817.989443734,13817.610442241,13817.6169368,13817.985788614,13817.985788939,0.3790519789999962,0.006494558998383582,0.3688518140006636,0.0036547950003296137
300,2,16,0.4226875000167638,-0.012693817981926259,13818.126456657,13818.561837975,13818.12650606,13818.132957826,13818.557953286,13818.557953611,0.43538131799869006,0.006451765999372583,0.424995459999991,0.00388436399953207
301,0,16,0.3831489169970155,0.004898424997008988,13818.703555708,13819.0818062,13818.703605327,13818.710188508,13819.07816939,13819.07817004,0.3782504920000065,0.006583180998859461,0.3679808820015751,0.0036361599995871074
302,0,16,0.3876785410102457,0.00964104301056068,13819.218386529,13819.596424027,13819.218435823,13819.224939699,13819.592585491,13819.592585924,0.378037497999685,0.006503875998532749,0.36764579200098524,0.0038381030008167727
303,1,16,0.4410565420985222,0.03478801709934487,13819.796717387,13820.202985912,13819.796765922,13819.803439349,13820.199841283,13820.199841716,0.4062685249991773,0.0066734270003507845,0.39640193400009593,0.0031441959999938263
304,0,16,0.37129108398221433,-0.006620634017963312,13820.343213126,13820.721124844,13820.343262745,13820.349718845,13820.718150956,13820.718151389,0.37791171800017764,0.006456099999923026,0.3684321109994926,0.0029734550007560756
305,5,16,0.4948500420432538,0.05220344604276761,13820.9182869,13821.360933496,13820.918336519,13820.925266491,13821.357585624,13821.357585949,0.44264659600048617,0.006929971999852569,0.43231913300041924,0.0033475470008852426
306,3,16,0.4516532919369638,0.0037417769362946274,13821.507836629,13821.955748144,13821.507885489,13821.514394783,13821.952434182,13821.952434399,0.44791151500066917,0.006509294000352384,0.4380393989995355,0.003313745000923518
307,1,16,0.41436933306977153,-0.01211447993046022,13822.102346088,13822.528829901,13822.102394082,13822.109268476,13822.525632619,13822.525632944,0.42648381300023175,0.006874394000988104,0.41636414299864555,0.003196957000909606
308,0,16,0.4497790830209851,0.06955672502044763,13822.674812049,13823.055034407,13822.674861993,13822.681286458,13823.051469316,13823.051469641,0.3802223580005375,0.006424465000236523,0.37018285799968,0.003564766000636155
309,6,16,0.5120087498798966,0.030382986878976226,13823.269168967,13823.75079473,13823.269218261,13823.276043903,13823.747178829,13823.747179154,0.4816257630009204,0.006825641999967047,0.47113492599964957,0.0036155760008114157
310,0,16,0.4107305840589106,0.03261724805815902,13823.937281124,13824.31539446,13823.937329552,13823.943878714,13824.312264456,13824.312264781,0.3781133360007516,0.0065491620007378515,0.36838574200010044,0.0031296790002670605
311,0,16,0.3751973749604076,-0.005163656040167552,13824.508477468,13824.888838499,13824.508526437,13824.515735597,13824.884811346,13824.884811671,0.38036103100057517,0.007209160001366399,0.3690757490003307,0.004026828000860405
312,0,16,0.4295109589584172,0.013336299958609743,13825.028207783,13825.444382442,13825.028257293,13825.035243492,13825.440829161,13825.440829486,0.41617465899980743,0.006986199001403293,0.4055856689992652,0.003552955999111873
313,0,16,0.4080897909589112,0.01762328295808402,13825.603166068,13825.993632576,13825.603217745,13825.61011554,13825.990624886,13825.990625211,0.39046650800082716,0.00689779499953147,0.3805093460014177,0.0030073650013946462
314,0,16,0.40750741702504456,0.017052935025276383,13826.162632076,13826.553086558,13826.162681044,13826.169416332,13826.549918095,13826.549918636,0.3904544819997682,0.006735288001436857,0.3805017629983922,0.0031679220010119025
315,0,16,0.4051125841215253,0.023904130121081835,13826.715634617,13827.096843071,13826.715683369,13826.722848327,13827.093833539,13827.093833864,0.38120845400044345,0.007164957998611499,0.37098521200096,0.0030092069991951576
316,1,16,0.39438595809042454,-0.0015293199085135711,13827.268784173,13827.664699451,13827.268867377,13827.275699303,13827.661636726,13827.661637159,0.3959152779989381,0.006831925998994848,0.38593742299963196,0.003062291998503497
317,2,16,0.41787100001238286,0.0032577130132267484,13827.808907884,13828.223521171,13827.80895902,13827.815856056,13828.220206234,13828.220206667,0.4146132869991561,0.006897036000736989,0.4043501779997314,0.0033145039997179992
318,5,16,0.44064070796594024,-0.016305252034726436,13828.375734725,13828.832680685,13828.375783586,13828.382651696,13828.829349063,13828.829349388,0.4569459600006667,0.006868110000141314,0.44669736700052454,0.0033312970008410048
319,0,16,0.38847083295695484,0.004657383957237471,13828.962999273,13829.346812722,13828.96304965,13828.969823289,13829.34382215,13829.343822475,0.38381344899971737,0.006773639001039555,0.3739988609995635,0.0029902469996159198
320,2,16,0.4341909170616418,-0.010441196938700159,13829.500735747,13829.945367861,13829.500805517,13829.507830827,13829.942156495,13829.94215682,0.44463211400034197,0.0070253100002446445,0.4343256680003833,0.003211041001122794
321,3,16,0.42573837493546307,-0.015279679064406082,13830.079798973,13830.520817027,13830.079848267,13830.086682142,13830.517543583,13830.517543908,0.44101805399986915,0.006833875000666012,0.430861441000161,0.0032731190003687516
322,2,16,0.39548454200848937,-0.006837649991211947,13830.658852123,13831.061174315,13830.658901634,13830.665748293,13831.058082121,13831.058082446,0.4023221919997013,0.006846659000075306,0.39233382800011896,0.0030918690008547856
323,1,16,0.46823995909653604,0.0732263810969016,13831.19993972,13831.594953298,13831.199989231,13831.207489387,13831.591958067,13831.591958284,0.39501357799963444,0.007500155999878189,0.3844686800002819,0.0029950139996799408
324,1,16,0.42179966694675386,-0.005154118054633727,13831.821509176,13832.248462961,13831.82155782,13831.828804573,13832.245270771,13832.245271312,0.4269537850013876,0.007246753000799799,0.416466197999398,0.0031916490006551612
325,4,16,0.4172635420691222,-0.003946684930269839,13832.389754166,13832.810964393,13832.389803027,13832.396781967,13832.807803838,13832.807804379,0.42121022699939203,0.006978940000408329,0.4110218710011395,0.0031600140009686584
326,0,16,0.38282595900818706,-0.01277145399217261,13832.949343355,13833.344940768,13832.949394707,13832.957119991,13833.341165609,13833.341165934,0.39559741300035967,0.007725284000116517,0.3840456179987086,0.0037748340000689495
327,4,16,0.4534765840508044,-0.013692940949113108,13833.479382281,13833.946551806,13833.479431683,13833.486635967,13833.94306992,13833.943070245,0.4671695249999175,0.00720428400018136,0.45643395300066913,0.0034815609997167485
328,10,16,0.4771534998435527,-0.019623058156867046,13834.081620056,13834.578396614,13834.081669892,13834.088525544,13834.574715385,13834.57471571,0.49677655800041975,0.006855652000012924,0.4861898409999412,0.0036809040011576144
329,0,16,0.3741802079603076,-0.009754689039255027,13834.71467522,13835.098610117,13834.714725273,13834.721750582,13835.095627562,13835.095627887,0.3839348969995626,0.007025309001619462,0.37387697999838565,0.002982230000270647
330,0,16,0.3682436670642346,-0.008996460934213246,13835.233846184,13835.611086312,13835.233896019,13835.240705627,13835.608067788,13835.608068113,0.37724012799844786,0.006809607999457512,0.36736216099961894,0.0030181989986886038
331,0,16,0.4075182909145951,-0.013056206085821032,13835.742975156,13836.163549653,13835.743023583,13835.749871651,13836.160315645,13836.16031597,0.42057449700041616,0.006848068000181229,0.4104439940001612,0.0032336829990526894
332,0,16,0.3812577498611063,-0.006701376139972126,13836.300395952,13836.688355078,13836.300444813,13836.307598828,13836.685362556,13836.685362881,0.3879591260010784,0.007154015000196523,0.3777637279999908,0.0029921969999122666
333,0,16,0.3920386671088636,0.01580803510842088,13836.821054401,13837.197285033,13836.821103262,13836.828096395,13837.194345705,13837.194346138,0.3762306320004427,0.006993132999923546,0.36624931000005745,0.0029388950006250525
334,0,16,0.37777379201725125,-0.0002650059832376428,13837.365468528,13837.743507326,13837.365518905,13837.372468703,13837.740502453,13837.740502778,0.3780387980004889,0.006949798000277951,0.36803374999908556,0.0030045479998079827
335,0,16,0.36769366613589227,-0.00927377386506123,13837.882596988,13838.259564428,13837.88264704,13837.889551444,13838.256607441,13838.256607658,0.3769674400009535,0.006904403999214992,0.36705599700144376,0.002956770000309916
336,0,16,0.5556920839007944,-0.022773764098019456,13838.391240388,13838.969706236,13838.391290007,13838.598715172,13838.966715772,13838.966716205,0.5784658479988138,0.20742516499922203,0.36800059999950463,0.002990031000081217
337,4,16,0.5359141670633107,0.09642812606216467,13839.109263052,13839.548749093,13839.109310721,13839.116408076,13839.545496993,13839.545497426,0.4394860410011461,0.007097355000951211,0.4290889169988077,0.0032516670016775606
338,2,16,0.42220770800486207,-0.012370062993795727,13839.794668504,13840.229246275,13839.794742824,13839.801842128,13840.225791907,13840.225792448,0.4345777709986578,0.0070993039989843965,0.4239497790003952,0.003453826999248122
339,0,16,0.3686725830193609,-0.009078143981241737,13840.365152089,13840.742902816,13840.365200625,13840.372164398,13840.739596113,13840.739596438,0.37775072700060264,0.006963773001189111,0.36743171499983873,0.003306378001070698
340,0,16,0.37461583386175334,-0.0077521661387436325,13840.87697782,13841.25934582,13840.877026464,13840.884092942,13841.256335096,13841.25633553,0.382368000000497,0.007066477999615017,0.3722421540005598,0.003010290000020177
341,0,16,0.37777816713787615,-0.006194648862219765,13841.401857348,13841.785830164,13841.401905992,13841.408982004,13841.782843817,13841.782844142,0.3839728160000959,0.007076012001562049,0.37386181299916643,0.0029860220001864946
342,3,16,0.42635291698388755,-0.013841224015777698,13841.918115418,13842.358309559,13841.918164387,13841.925207681,13842.355054966,13842.355055291,0.44019414099966525,0.007043294001050526,0.4298472849986865,0.0032542680000915425
343,4,16,0.41968008293770254,0.001251227937245858,13842.510224316,13842.928653171,13842.510272526,13842.517200223,13842.925424038,13842.925424363,0.4184288550004567,0.006927696998900501,0.4082238150003832,0.0032288080001308117
344,9,16,0.47142229112796485,-0.011583701872950769,13843.065450719,13843.548456712,13843.065499471,13843.072600292,13843.544876021,13843.544876346,0.4830059930009156,0.007100820999767166,0.47227572900010273,0.0035803659993689507
345,0,16,0.3879149998538196,-0.005587149145867443,13843.68796521,13844.081467359,13843.688014504,13843.69510525,13844.078365957,13844.078366282,0.39350214899968705,0.007090746001267689,0.38326070699986303,0.0031010769998829346
346,1,16,0.3953079169150442,0.001466667914428399,13844.221608553,13844.615449802,13844.22165698,13844.229807167,13844.612398018,13844.612398452,0.3938412490006158,0.008150186999046127,0.3825908510007139,0.0030513500005326932
347,2,16,0.4219164168462157,-0.011451432153990027,13844.761517537,13845.194885386,13844.761566073,13844.768709904,13845.191633935,13845.19163426,0.43336784900020575,0.007143830998757039,0.4229240309996385,0.0032511259996681474
348,0,16,0.42175537487491965,0.039751500875354395,13845.328092275,13845.710096149,13845.328144169,13845.335429707,13845.706979254,13845.706979471,0.38200387399956526,0.007285538000360248,0.37154954700054077,0.0031166779990599025
349,1,16,0.44977149995975196,0.014098752961217542,13845.900991373,13846.33666412,13845.901078802,13845.908290778,13846.333375834,13846.333376159,0.4356727469985344,0.007211975998870912,0.4250850560001709,0.003287960998932249
350,4,16,0.4661575830541551,0.04889607305267418,13846.505477386,13846.922738896,13846.50552668,13846.513219245,13846.919498821,13846.919499146,0.41726151000148093,0.007692565000979812,0.4062795760000881,0.0032397499999206048
351,0,16,0.39511554199270904,-0.008133268007441075,13847.119256122,13847.522504932,13847.1193065,13847.12660818,13847.519332893,13847.519333327,0.4032488100001501,0.007301679999727639,0.39272471299955214,0.003171604999806732
352,1,16,0.39764033420942724,0.004569263208395569,13847.663675774,13848.056746845,13847.663725284,13847.671436809,13848.053647068,13848.053647393,0.39307107100103167,0.00771152500055905,0.3822102590002032,0.0030994520002423087
353,0,16,0.3903665419202298,-0.011989126080152346,13848.203708697,13848.606064365,13848.203757666,13848.211259555,13848.603026558,13848.603026883,0.40235566800038214,0.007501889000195661,0.3917670029986766,0.003037481999854208
354,3,16,0.40309412498027086,-0.011060566019295948,13848.741703342,13849.155858033,13848.741751877,13848.748973821,13849.152671476,13849.152671801,0.4141546909995668,0.007221944000775693,0.4036976549996325,0.0031862319992796984
355,1,16,0.3853295419830829,-0.009022738016938092,13849.290454253,13849.684806533,13849.290530414,13849.29811735,13849.681716831,13849.681717156,0.394352280000021,0.007586935998915578,0.38359948100151087,0.003089376999923843
356,1,16,0.4262626669369638,-0.01741931806282082,13849.817484731,13850.261166716,13849.817533916,13849.824742101,13850.257863696,13850.257864021,0.4436819849997846,0.007208184999399236,0.43312159500055714,0.003302695000456879
357,2,16,0.42505925009027123,-0.010112215910339728,13850.39662856,13850.831800026,13850.396678395,13850.40392504,13850.828382167,13850.828382601,0.43517146600061096,0.007246645000122953,0.4244571269991866,0.0034174250013165874
358,3,16,0.40355029213242233,-0.009874956867861329,13850.971483165,13851.384908414,13850.971532676,13850.97982251,13851.381744284,13851.381744609,0.41342524900028366,0.008289834000606788,0.40192177400058426,0.003163805000440334
359,0,16,0.3780983330216259,-0.006858735978312325,13851.522326848,13851.907283917,13851.522375492,13851.529526582,13851.904237659,13851.904237984,0.3849570689999382,0.007151089999752003,0.37471107700002904,0.0030459330009762198
360,0,16,0.4728181669488549,0.08877720594864513,13852.042943803,13852.426984764,13852.042993747,13852.050121761,13852.423840568,13852.423840893,0.3840409610002098,0.0071280140000453684,0.3737188070008415,0.0031438710011570947
361,0,16,0.39317062497138977,-0.010638402029144345,13852.669814039,13853.073623066,13852.669863224,13852.677294586,13853.070529573,13853.070529898,0.4038090270005341,0.007431361998897046,0.3932349870010512,0.003093168001214508
362,3,16,0.40303941699676216,-0.009528876002150355,13853.211760975,13853.624329268,13853.211810269,13853.219062656,13853.621182255,13853.62118258,0.4125682929989125,0.007252387000335148,0.4021195989989792,0.0031466879991057795
363,0,16,0.37694437499158084,-0.006277872009377461,13853.756898802,13854.140121049,13853.756948096,13853.76401674,13854.137060815,13854.137061249,0.3832222470009583,0.007068644001265056,0.3730440749986883,0.0030597999993915437
364,0,16,0.4074061659630388,-0.010307115036994219,13854.28117261,13854.698885891,13854.281220062,13854.288739611,13854.6956664,13854.695666725,0.417713281000033,0.0075195490007899934,0.4069267890008632,0.003219166001144913
365,0,16,0.38759829103946686,-0.006154661959953955,13854.836528477,13855.23028143,13854.836577121,13854.844049868,13855.227214696,13855.227215129,0.3937529529994208,0.007472747000065283,0.3831648280010995,0.0030663010002172086
366,1,16,0.40777295804582536,-0.013663695954164723,13855.366626231,13855.788062885,13855.366676175,13855.374467112,13855.784782399,13855.784782724,0.4214366539999901,0.0077909370011184365,0.41031528699932096,0.003280160999565851
367,1,16,0.38803883409127593,-0.015491655909499968,13855.914565579,13856.318096069,13855.914616715,13855.921850142,13856.315003442,13856.315003767,0.4035304900007759,0.00723342700075591,0.39315329999953974,0.0030923020003683632
368,1,16,0.40305012511089444,-0.0011108938888355624,13856.452913949,13856.857074968,13856.452962701,13856.460599581,13856.853987,13856.853987325,0.40416101899973,0.007636880000063684,0.39338741900064633,0.0030876430009811884
369,0,16,0.4055306250229478,0.008756332023040159,13857.018462181,13857.415236474,13857.018510608,13857.026222674,13857.411725552,13857.411725877,0.39677429299990763,0.007712065998930484,0.38550287799989746,0.003510597000058624
370,0,16,0.4028662499040365,0.017113001904363045,13857.560770101,13857.946523349,13857.560823403,13857.568084782,13857.943350118,13857.943350443,0.3857532479996735,0.007261378999828594,0.37526533599884715,0.003172905999235809
371,0,16,0.4194098338484764,0.02654308884848433,13858.144407155,13858.5372739,13858.144457208,13858.152353016,13858.53418994,13858.534190265,0.3928667449999921,0.007895807999375393,0.3818369239997992,0.0030836349997116486
372,0,16,0.3964023750741035,0.007795494073434384,13858.67553759,13859.064144471,13858.675602593,13858.682946201,13859.061121072,13859.061121397,0.3886068810006691,0.007343607998336665,0.37817487100073777,0.003023073999429471
373,2,16,0.4947084169834852,0.04800194898416521,13859.277820976,13859.724527444,13859.277870812,13859.28593617,13859.721158013,13859.721158338,0.44670646799932,0.008065357998930267,0.43522184300127265,0.0033691059998091077
374,6,16,0.4473577500320971,-0.01548983396787662,13859.857710065,13860.320557649,13859.857759793,13859.865328635,13860.31714824,13860.317148565,0.4628475839999737,0.007568842000182485,0.4518196049994003,0.0034090839999407763
375,3,16,0.42144595785066485,-0.011106537149316864,13860.456327606,13860.888880101,13860.456377442,13860.46423544,13860.885541113,13860.885541438,0.4325524949999817,0.007857997999963118,0.42130567300046096,0.003338663000249653
376,1,16,0.39225541707128286,-0.012020440928608878,13861.026769915,13861.431045773,13861.026819534,13861.034292714,13861.427843832,13861.427844266,0.40427585799989174,0.007473179999578861,0.393551118000687,0.003201507000994752
377,0,16,0.38406483409926295,-0.0013136719007889042,13861.56458916,13861.949967666,13861.564638021,13861.571949452,13861.946902557,13861.946903207,0.38537850600005186,0.007311430999834556,0.37495310499980405,0.003064459000597708
378,4,16,0.5183811660390347,0.017752421039404,13862.089566843,13862.590195588,13862.089614295,13862.097309027,13862.586483157,13862.586483482,0.5006287449996307,0.007694731999436044,0.48917412999981025,0.00371210599951155
379,0,16,0.404833666048944,0.017671477049589157,13862.764117549,13863.151279738,13862.764181469,13862.771966338,13863.148203795,13863.14820412,0.38716218899935484,0.007784868999806349,0.3762374570014799,0.0030756180003663758
380,3,16,0.419664042070508,-0.004592117929860251,13863.315759469,13863.740015629,13863.31581028,13863.32335388,13863.736731134,13863.736731459,0.42425616000036825,0.007543599998825812,0.4133772540008067,0.0032841700012795627
381,0,16,0.36815729085355997,-0.009185758146486478,13863.886428097,13864.263771146,13863.886477932,13863.894040383,13864.260760965,13864.26076129,0.37734304900004645,0.00756245100092201,0.3667205820001982,0.0030098560000624275
382,1,16,0.3765835000667721,-0.009255768933144282,13864.397353861,13864.78319313,13864.397402613,13864.405033209,13864.780101369,13864.780101694,0.3858392689999164,0.007630595999216894,0.3750681600013195,0.003091436001341208
383,3,16,0.4471867911051959,0.02302239410528273,13864.954803692,13865.378968089,13864.954853419,13864.96237286,13865.375741881,13865.375742314,0.42416439699991315,0.007519441000113147,0.41336902100010775,0.0032257750008284347
384,0,16,0.37625937489792705,-0.0009188921012537321,13865.523809976,13865.900988243,13865.523858295,13865.531491707,13865.897939168,13865.897939493,0.3771782669991808,0.007633412000359385,0.3664474609995523,0.003048750000743894
385,0,16,0.41070079198107123,0.02427281298150774,13866.076204089,13866.462632068,13866.076254141,13866.083890154,13866.459565334,13866.459565659,0.3864279789995635,0.007636012998773367,0.3756751800010534,0.0030664089990750654
386,5,16,0.45889820787124336,-0.010198332127401954,13866.601023056,13867.070119596,13866.601090659,13866.608583448,13867.066674978,13867.066675411,0.4690965399986453,0.007492789000025368,0.45809152999936487,0.0034441849984432338
387,2,16,0.5083502919878811,0.1032816149872815,13867.214873621,13867.619942298,13867.214924431,13867.222807997,13867.61671739,13867.616717823,0.40506867700059956,0.007883565998781705,0.3939093930002855,0.0032244750000245403
388,0,16,0.3699262922164053,-0.006325031783489976,13867.874189786,13868.25044111,13867.874240922,13867.882368466,13868.247332774,13868.247333099,0.37625132399989525,0.00812754400067206,0.3649643080007081,0.0031080110002221772
389,1,16,0.4300967080052942,0.010891825004364364,13868.381934628,13868.801139511,13868.381982405,13868.389709639,13868.797756104,13868.797756429,0.41920488300092984,0.007727233998593874,0.4080464650014619,0.003383082001164439
390,2,16,0.3871438750065863,-0.009468234993619262,13868.958364906,13869.354977016,13868.958414742,13868.966071664,13869.351721449,13869.351721774,0.3966121100002056,0.007656922000023769,0.38564978500107827,0.003255241999795544
391,0,16,0.3714679591357708,-0.006592831863599713,13869.495076392,13869.873137183,13869.495126011,13869.502999284,13869.870132852,13869.870133285,0.3780607909993705,0.007873273001678172,0.36713356799918984,0.0030038980003155302
392,0,16,0.3666285411454737,-0.010135222853932646,13870.007136242,13870.383900006,13870.007184777,13870.014782546,13870.380839556,13870.380839989,0.37676376399940636,0.007597769001222332,0.36605701000007684,0.0030600169993704185
393,0,16,0.3724127921741456,-0.006262927825446241,13870.520371238,13870.899046958,13870.520422049,13870.528483723,13870.896015975,13870.8960163,0.3786757199995918,0.008061673999691266,0.3675322520011832,0.0030306580010801554
394,0,16,0.37038366589695215,-0.007377678102784557,13871.032294473,13871.410055817,13871.032343984,13871.040007298,13871.407067737,13871.40706817,0.3777613439997367,0.007663313999728416,0.36706043900085206,0.0029876469998271205
395,0,16,0.39055033307522535,0.010315407074813265,13871.548444421,13871.928679347,13871.548512241,13871.556430259,13871.925517817,13871.925518142,0.3802349260004121,0.007918018000054872,0.3690875580014108,0.0031612050006515346
396,2,16,0.3980237077921629,-0.007251463208376663,13872.082083431,13872.487358602,13872.082132725,13872.089942187,13872.48420173,13872.484202055,0.40527517100053956,0.007809462000295753,0.3942595429998619,0.0031565469998895423
397,0,16,0.4212231249548495,0.04314380795403849,13872.622219709,13873.000299026,13872.622269111,13872.629955393,13872.997290253,13872.997290686,0.378079317000811,0.007686282000577194,0.3673348600004829,0.0030083399997238303
398,0,16,0.36639358289539814,-0.01153806810543756,13873.189256185,13873.567187836,13873.189306562,13873.197386762,13873.564171805,13873.56417213,0.3779316510008357,0.008080199999312754,0.3667850429992541,0.003015706000951468
399,0,16,0.3686347908806056,-0.00847923111905402,13873.702242653,13874.079356675,13873.702291405,13873.710110834,13874.076261448,13874.076261773,0.3771140219996596,0.007819428999937372,0.36615061400152626,0.0030949020001571625
400,7,16,0.4593650000169873,-0.017446747982830857,13874.210809349,13874.687621097,13874.210857776,13874.218833213,13874.684131302,13874.684131627,0.4768117479998182,0.007975437001732644,0.4652980889986793,0.0034894700002041645
401,0,16,0.4400759160052985,0.06290046600588539,13874.825752289,13875.202927739,13874.825801475,13874.83342362,13875.199846488,13875.199846921,0.3771754499994131,0.007622144999913871,0.3664228679990629,0.0030808179999439744
402,0,16,0.3894115840084851,-0.008448691991361557,13875.40775831,13875.805618586,13875.407807279,13875.415847285,13875.802507433,13875.802507758,0.39786027599984664,0.008040005999646382,0.38666014800037374,0.0031108279999898514
403,0,16,0.3953693329822272,0.01761752298079955,13875.949453143,13876.327204953,13875.94952768,13875.957767354,13876.324190763,13876.324191088,0.37775181000142766,0.00823967399992398,0.3664234089992533,0.00301386499995715
404,0,16,0.3833616669289768,-0.004415775070810923,13876.489412937,13876.877190379,13876.48946104,13876.497330738,13876.874031341,13876.874031666,0.3877774419997877,0.00786969799992221,0.3767006029993354,0.003158712999720592
405,0,16,0.3756776668597013,-0.009043442139955005,13877.01424848,13877.398969589,13877.014299183,13877.022169965,13877.395949874,13877.395950199,0.3847211089996563,0.007870781999372412,0.3737799090013141,0.0030193900001904694
406,0,16,0.3715692500118166,-0.0077200979885674315,13877.534833476,13877.914122824,13877.534883745,13877.542688982,13877.911146228,13877.911146553,0.37928934800038405,0.007805236999047338,0.3684572460006166,0.002976271000079578
407,8,16,0.4517127920407802,-0.017502811959275277,13878.048858909,13878.518074513,13878.04890972,13878.056736516,13878.514569225,13878.51456955,0.46921560400005546,0.007826795999790193,0.45783270900028583,0.0035049630005232757
408,0,16,0.3711519588250667,-0.007757121175018256,13878.654010445,13879.032919525,13878.654058547,13878.662389225,13879.029822565,13879.029822998,0.37890908000008494,0.008330678001584602,0.36743333999947936,0.0030965269997977884
409,0,16,0.4208360421471298,0.04215533914793923,13879.172411014,13879.551091717,13879.172462691,13879.180378759,13879.548015016,13879.54801545,0.37868070299919054,0.007916067999758525,0.367636257000413,0.0030762669994146563
410,0,16,0.3920050838496536,-0.0050050611498591024,13879.740721766,13880.137731911,13879.740771385,13879.749470738,13880.134458359,13880.134458684,0.3970101449995127,0.008699352998519316,0.3849876210006187,0.0032732269992266083
411,4,16,0.4935684581287205,0.06685280113015324,13880.28086086,13880.707576517,13880.280909829,13880.288962186,13880.70429484,13880.704295165,0.4267156569985673,0.008052356999542098,0.4153326539999398,0.0032813519992487272
412,5,16,0.47962183388881385,-0.009603324111594702,13880.933619738,13881.422844896,13880.933670657,13880.94203362,13881.419206677,13881.419207002,0.48922515800040856,0.008362963000763557,0.47717305699916324,0.0036378940003487514
413,0,16,0.40576166682876647,-0.013378213170653908,13881.55832234,13881.97746222,13881.558372392,13881.566369063,13881.974128541,13881.974128866,0.4191398799994204,0.007996671000000788,0.40775947799920687,0.0033333539995510364
414,4,16,0.4527750411070883,-0.015134543893509544,13882.1113797,13882.579289285,13882.111428453,13882.11941169,13882.57580599,13882.575806424,0.46790958500059787,0.007983237001099042,0.4563942999993742,0.003482861000520643
415,2,16,0.4227100000716746,0.001366843072901247,13882.714762613,13883.13610577,13882.714812232,13882.722703706,13883.132801992,13883.132802425,0.42134315699877334,0.007891474000643939,0.4100982859999931,0.0033033449999493314
416,4,16,0.43018316593952477,0.0036597009402612457,13883.282864163,13883.709387628,13883.282913132,13883.290926054,13883.706097175,13883.7060975,0.4265234649992635,0.008012922000489198,0.4151711209997302,0.0032901279992074706
417,0,16,0.3745030830614269,-0.005712341937396559,13883.868306459,13884.248521884,13883.868358028,13883.876394135,13884.245399247,13884.245399572,0.38021542499882344,0.00803610700131685,0.3690051119992859,0.0031223119985952508
418,0,16,0.42084624990820885,0.017740012908689096,13884.384476775,13884.787583012,13884.384526069,13884.392522198,13884.784293859,13884.784294184,0.40310623699951975,0.007996129001185182,0.3917716609994386,0.003288827998403576
419,0,16,0.37158258398994803,-0.011926869010494556,13884.950550881,13885.334060334,13884.950621951,13884.958793805,13885.33093748,13885.330937805,0.3835094530004426,0.008171854000465828,0.37214367499836953,0.003122529000393115
420,0,16,0.4458955838344991,0.06876639383517613,13885.469011903,13885.846141093,13885.469060872,13885.477352224,13885.843078584,13885.843078909,0.377129189999323,0.00829135200001474,0.36572635999982595,0.00306218399964564
421,0,16,0.3780502500012517,-0.007927799999379204,13886.065425951,13886.451404001,13886.065473403,13886.074180882,13886.448325458,13886.448325891,0.3859780500006309,0.008707479000804597,0.37414457600061723,0.003078109999478329
422,0,16,0.3754408750683069,-0.010044993932751822,13886.588125928,13886.973611797,13886.588174463,13886.596293665,13886.970545388,13886.970545821,0.38548586900105875,0.008119201998852077,0.37425172300027043,0.003065976001380477
423,0,16,0.4646667907945812,0.07981470179402095,13887.104416066,13887.489268155,13887.104488544,13887.112804163,13887.486113776,13887.486114101,0.3848520890005602,0.00831561899940425,0.3733096129999467,0.003154054000333417
424,3,16,0.46720675006508827,-0.016630307934974553,13887.724680369,13888.208517427,13887.724751981,13887.733270735,13888.204873683,13888.204874008,0.4838370580000628,0.008518753998941975,0.47160294800050906,0.0036434189987630816
425,4,16,0.43320349999703467,-0.014770202002182486,13888.344921272,13888.792894974,13888.344970891,13888.353120319,13888.789433021,13888.789433563,0.44797370199921716,0.008149428000251646,0.4363127020005777,0.003461410999079817
426,2,16,0.4273983750026673,0.005172585002583219,13888.924294779,13889.346520569,13888.924345589,13888.93244009,13889.343203899,13889.343204224,0.4222257900000841,0.008094501001323806,0.410763808999036,0.0033163450007123174
427,0,16,0.37943483400158584,-0.00573696199717233,13889.50118647,13889.886358266,13889.501235331,13889.509770227,13889.88317171,13889.883172143,0.38517179599875817,0.008534896000128356,0.37340148300063447,0.0031861229999776697
428,0,16,0.43305887491442263,0.04512672491364356,13890.028135044,13890.416067194,13890.028184663,13890.036327158,13890.412903172,13890.412903497,0.3879321500007791,0.008142495000356575,0.3765760139995109,0.0031636970015824772
429,0,16,0.3844078329857439,-0.010244653014524374,13890.607346368,13891.001998854,13890.607395771,13890.615893398,13890.998807315,13890.998807531,0.39465248600026825,0.008497627000906505,0.3829139169993141,0.0031913230013742577
430,0,16,0.4026807078626007,-0.007079238137521315,13891.141055256,13891.550815202,13891.141104009,13891.149307064,13891.547535799,13891.547536341,0.409759946000122,0.008203055000194581,0.39822873499906564,0.0032788609987619566
431,3,16,0.40421366691589355,-0.011590042084208108,13891.687524995,13892.103328704,13891.687573963,13891.695635854,13892.100113979,13892.100114304,0.41580370900010166,0.00806189099967014,0.40447812500133296,0.003214400001525064
432,0,16,0.37259900011122227,-0.011918648890059558,13892.236066704,13892.620584353,13892.236114373,13892.244092301,13892.617543729,13892.617544054,0.3845176490012818,0.007977928000400425,0.37345142800040776,0.0030402990014408715
433,0,16,0.38991279201582074,-0.006824014984886162,13892.758921822,13893.155658629,13892.758972091,13892.767045357,13893.152432746,13893.152433071,0.3967368070007069,0.0080732660007925,0.3853873889984243,0.00322555800084956
434,0,16,0.41335700009949505,0.019198104098904878,13893.323418413,13893.717577309,13893.323466082,13893.331921566,13893.714393353,13893.714393678,0.3941588960005902,0.008455483999568969,0.3824717870011227,0.0031836310008657165
435,1,16,0.39019075012765825,-0.006352348873406299,13893.852114918,13894.248658017,13893.852163887,13893.860367918,13894.245470919,13894.245471352,0.39654309900106455,0.008204030998967937,0.38510300100097083,0.0031866650006122654
436,0,16,0.46941954200156033,0.06445833600082551,13894.475737386,13894.880698592,13894.47578668,13894.48433241,13894.877446708,13894.877447141,0.4049612060007348,0.008545730001060292,0.3931142980000004,0.0032514510003238684
437,0,16,0.38215141580440104,-0.010497785197003395,13895.012435763,13895.405084964,13895.012485057,13895.020737298,13895.401767318,13895.401767752,0.39264920100140444,0.008252241001173388,0.381030020000253,0.0033172120001836447
438,0,16,0.4508810001425445,0.0641242141409748,13895.617737239,13896.004494025,13895.617785774,13895.626426409,13896.001327728,13896.001328053,0.3867567860015697,0.0086406350001198,0.37490131899903645,0.0031659720007155556
439,0,16,0.37549354089424014,-0.009277728106098948,13896.140208839,13896.524980108,13896.140261383,13896.148709825,13896.521782068,13896.521782393,0.3847712690003391,0.00844844200037187,0.37307224300093367,0.0031977150010789046
440,0,16,0.5586487499531358,0.14275956195342587,13896.715304388,13897.131193576,13896.715353574,13896.724239486,13897.127884923,13897.127885356,0.41588918799971,0.008885912000550888,0.4036454369997955,0.0033082200006901985
441,0,16,0.3699610000476241,-0.012544480950964498,13897.372293771,13897.754799252,13897.372343065,13897.380894429,13897.751644331,13897.751644764,0.3825054809985886,0.008551363998776651,0.37074990200017055,0.003154488000291167
442,0,16,0.3805528748780489,-0.009260895121769863,13897.884275509,13898.274089279,13897.884325453,13897.892799246,13898.270926666,13898.270926991,0.38981376999981876,0.008473792999211582,0.3781274200009648,0.003162288001476554
443,1,16,0.47370183398015797,0.05750702297882526,13898.413878373,13898.830073184,13898.413927451,13898.422480439,13898.826867127,13898.826867668,0.4161948110013327,0.008552987999792094,0.40438668800015876,0.0032055160008894745
444,1,16,0.3977074169088155,-0.009907429091981612,13899.038640669,13899.446255515,13899.038688988,13899.047701223,13899.44302129,13899.443021723,0.4076148460007971,0.009012235001137014,0.3953200670002843,0.0032337920001737075
445,0,16,0.42090558307245374,0.03267084507206164,13899.582568356,13899.970803094,13899.582616675,13899.591394899,13899.967675908,13899.967676124,0.3882347380003921,0.008778224000707269,0.3762810089992854,0.003126969999357243
446,0,16,0.42250683391466737,-0.005022661085604341,13900.150767411,13900.578296906,13900.150814755,13900.159297107,13900.575029421,13900.575029854,0.4275294950002717,0.00848235200101044,0.41573231399888755,0.0032670519995008362
447,0,16,0.3759580838959664,-0.004480193103518104,13900.723448315,13901.103886592,13900.723497718,13900.731827421,13901.100757672,13901.100757997,0.3804382769994845,0.008329702999617439,0.3689302510010748,0.0031285950008168584
448,1,16,0.38666366692632437,-0.0009006740729091689,13901.250464709,13901.63802905,13901.250514653,13901.258861691,13901.634787241,13901.634787566,0.38756434099923354,0.00834703799955605,0.3759255500008294,0.0032414840006822487
449,0,16,0.37164070806466043,-0.008326079934704467,13901.768983476,13902.148950264,13901.769032445,13901.778441956,13902.145894038,13902.145894363,0.3799667879993649,0.009409510999830673,0.36745208200045454,0.003055900999243022
450,0,16,0.45110874995589256,0.07098497995684738,13902.371773777,13902.751897547,13902.371825021,13902.380497507,13902.748733634,13902.748733959,0.3801237699990452,0.008672485999341006,0.368236127000273,0.0031635879986424698
451,0,16,0.37640666705556214,-0.0036526419444271596,13902.894557066,13903.274616375,13902.894607877,13902.903112438,13903.271593627,13903.271593952,0.3800593089999893,0.008504560999426758,0.36848118899979454,0.0030224229994928464
452,0,16,0.37981175002641976,0.0010780690263345605,13903.408590083,13903.787323764,13903.408639485,13903.417157264,13903.784209577,13903.784210011,0.3787336810000852,0.00851777900061279,0.3670523129985668,0.0031137530004343716
453,5,16,0.4261266249231994,-0.012017862076390884,13903.933799393,13904.37194388,13903.933851071,13903.942273728,13904.368559823,13904.368560257,0.4381444869995903,0.008422656999755418,0.4262860950002505,0.0033836229995358735
454,0,16,0.37178629194386303,-0.006576114055860671,13904.506068503,13904.884430909,13904.506117039,13904.514494194,13904.881319106,13904.881319539,0.3783624059997237,0.008377154999834602,0.3668249120000837,0.003111370000624447
455,0,16,0.41755395918153226,0.03911214218169334,13905.024429963,13905.40287178,13905.024478823,13905.03299801,13905.399750768,13905.399751202,0.3784418169998389,0.008519187000274542,0.3667527580000751,0.003120577999652596
456,0,16,0.3751126250717789,-0.0044324009268166265,13905.586267389,13905.965812415,13905.586316683,13905.595154059,13905.962745248,13905.96274579,0.3795450259985955,0.008837375999064534,0.36759118900044996,0.0030666249986097682
457,1,16,0.3882661669049412,-0.007591584093461279,13906.10672877,13906.502586521,13906.106777198,13906.115243624,13906.499364429,13906.499364863,0.3958577509984025,0.008466426001177751,0.3841208049998386,0.003221657998437877
458,1,16,0.4373785830102861,0.023308613010158297,13906.64033712,13907.05440709,13906.640385872,13906.648942761,13907.051145456,13907.051145889,0.4140699700001278,0.00855688899900997,0.4022026950005966,0.003261200999986613
459,2,16,0.39366008387878537,-0.009919591120706173,13907.225968684,13907.629548359,13907.226018303,13907.234612677,13907.626357144,13907.626357578,0.40357967499949154,0.008594374001404503,0.39174446699871623,0.003190781000739662
460,0,16,0.37829554197378457,-0.007644590026757214,13907.770897634,13908.156837766,13907.770946711,13907.779529709,13908.153724121,13908.153724446,0.3859401320005418,0.008582997999837971,0.3741944120010885,0.003113320000920794
461,0,16,0.3860019580461085,0.0039065380460669985,13908.303953025,13908.686048445,13908.304002752,13908.312603518,13908.682912374,13908.682912808,0.3820954200000415,0.00860076599929016,0.3703088560014294,0.0031356370000139577
462,0,16,0.37769054202362895,-0.00839227097640105,13908.820211528,13909.206294341,13908.820259847,13908.829057463,13909.203237358,13909.203237683,0.38608281300003,0.008797615999355912,0.37417989500136173,0.003056658000787138
463,1,16,0.4220537501387298,0.027187838139070664,13909.340941047,13909.735806959,13909.340991099,13909.349566947,13909.732649005,13909.732649655,0.39486591199965915,0.008575847999964026,0.38308205800058204,0.003157303999614669
464,1,16,0.414720542030409,-0.009012234970214195,13909.91129506,13910.335027837,13909.911344679,13909.920263851,13910.331729476,13910.331730017,0.4237327770006232,0.008919171999878017,0.41146562500034634,0.003297819999716012
465,0,16,0.376715166028589,-0.002211356972111389,13910.475599242,13910.854525765,13910.475649078,13910.484189174,13910.851408762,13910.851409521,0.3789265230007004,0.008540095999705954,0.36721958800080756,0.0031162440009211423
466,5,16,0.4313036249950528,-0.015415410005516605,13910.98470178,13911.431420815,13910.984750749,13910.993302004,13911.427974897,13911.42797533,0.4467190350005694,0.008551255001293612,0.43467289299951517,0.0034454850010661175
467,7,16,0.49043891695328057,-0.008797463045993936,13911.574737948,13912.073974328,13911.574786375,13911.583402742,13912.070259189,13912.070259514,0.4992363799992745,0.008616367000286118,0.4868564469998091,0.0037148139999771956
468,7,16,0.4527419579681009,-0.016164990031029447,13912.208092126,13912.676999074,13912.20814077,13912.216900685,13912.673224457,13912.673225215,0.46890694799913035,0.008759914999245666,0.4563237719994504,0.003773858999920776
469,0,16,0.3913192499894649,0.0058468149891268695,13912.813214736,13913.198687171,13912.81326403,13912.82195775,13913.195525857,13913.195526291,0.385472435000338,0.00869372000124713,0.37356810699930065,0.0031608799999958137
470,0,16,0.3765420001000166,-0.009600290899470565,13913.347586221,13913.733728512,13913.347633998,13913.356723045,13913.730547264,13913.730547589,0.38614229099948716,0.009089047000088613,0.37382421899928886,0.0031809229985810816
471,0,16,0.37972650001756847,-0.009331717981694965,13913.869653502,13914.25871172,13913.869701388,13913.878759774,13914.255535239,13914.255535456,0.38905821799926343,0.009058386000106111,0.3767754650016286,0.003176263999193907
472,0,16,0.4084303330164403,-0.004130158982661669,13914.40096887,13914.813529362,13914.401019139,13914.409924011,13914.810207275,13914.8102076,0.41256049199910194,0.008904872000130126,0.40028326399988146,0.003321762000268791
473,0,16,0.45503391698002815,0.06895294597961765,13914.954050174,13915.340131145,13914.954099793,13914.962988413,13915.336929313,13915.336929638,0.3860809710004105,0.008888620001016534,0.3739408999990701,0.0032015069991757628
474,4,16,0.4649949581362307,-0.011399362863812712,13915.552826647,13916.029220968,13915.552875725,13915.561973547,13916.02564721,13916.025647535,0.4763943210000434,0.009097822001422173,0.4636736630000087,0.00357343299947388
475,0,16,0.3894576251041144,0.003757679103728151,13916.186692832,13916.572392778,13916.186742884,13916.195549493,13916.569258441,13916.569258766,0.38569994600038626,0.00880660900111252,0.3737089480000577,0.003134012000373332
476,2,16,0.4057372501119971,-0.008843101888487581,13916.710814967,13917.125395319,13916.710864911,13916.719478461,13917.122075073,13917.122075507,0.4145803520004847,0.008613550000518444,0.40259661200070695,0.003319811999972444
477,4,16,0.4295220000203699,-0.012344667979050428,13917.261746729,13917.703613397,13917.261795156,13917.270693311,13917.700223815,13917.700224357,0.4418666679994203,0.008898154999769758,0.4295305039995583,0.003389039999092347
478,0,16,0.37251008301973343,-0.006090015980589669,13917.840922843,13918.219522942,13917.840971812,13917.849856857,13918.21644765,13918.216447975,0.3786000990003231,0.008885044999260572,0.3665907930007961,0.003074966998610762
479,2,16,0.40032225009053946,-0.00698567290965002,13918.359347463,13918.766655386,13918.359397082,13918.368263385,13918.76343037,13918.763430695,0.4073079230001895,0.00886630300010438,0.39516698499937775,0.003224690999559243
480,0,16,0.3772713749203831,-0.0030212950805434957,13918.908728145,13919.289020815,13918.908776139,13918.91766411,13919.285903378,13919.285903703,0.3802926700009266,0.008887971000149264,0.3682392680002522,0.0031171120008366415
481,0,16,0.39690966601483524,-0.010866061986234854,13919.419901246,13919.827676974,13919.419967549,13919.428884662,13919.824435707,13919.824436032,0.4077757280010701,0.008917113000279642,0.3955510449995927,0.003240942000047653
482,0,16,0.3708103750832379,-0.008268796917036525,13919.966524499,13920.345603671,13919.966573577,13919.975437496,13920.342491868,13920.342492193,0.3790791720002744,0.008863918999850284,0.36705437199998414,0.003111477999482304
483,4,16,0.42124720895662904,-0.015555941043203347,13920.478370706,13920.915173856,13920.478418808,13920.487567549,13920.911866828,13920.911867153,0.4368031499998324,0.009148741000899463,0.42429927900047915,0.0033067029999074293
484,3,16,0.44884220883250237,-0.002298872166647925,13921.048856134,13921.499997215,13921.048905644,13921.057810732,13921.496499078,13921.496499403,0.4511410809991503,0.008905087999664829,0.4386883460010722,0.0034978120002051583
485,2,16,0.3930571659002453,-0.005121084099300788,13921.654247422,13922.052425672,13921.654296933,13921.663345028,13922.049273134,13922.049273567,0.3981782499995461,0.009048095000252943,0.3859281059994828,0.0031521050004812423
486,4,16,0.42022891715168953,-0.013572501848102547,13922.187560117,13922.621361536,13922.187608869,13922.196586977,13922.617947361,13922.617947902,0.4338014189997921,0.00897810799870058,0.4213603839998541,0.0034136340000259224
487,2,16,0.5378575001377612,0.10012350713805063,13922.755901745,13923.193635738,13922.755971515,13922.765832256,13923.190248214,13923.190248539,0.4377339929997106,0.00986074100001133,0.42441595799937204,0.0033871989999170182
488,11,16,0.5052842500153929,0.001704260015685577,13923.452067254,13923.955647244,13923.452116548,13923.461144491,13923.951854318,13923.951854643,0.5035799899997073,0.009027943000546657,0.4907098269995913,0.003792600999076967
489,0,16,0.3754444159567356,-0.004907515043669264,13924.113606306,13924.493958237,13924.113654733,13924.12252472,13924.490679809,13924.490680134,0.3803519310004049,0.008869986999343382,0.3681550889996288,0.0032781030004116474
490,0,16,0.3751940419897437,-0.006324693011265481,13924.631986399,13925.013505134,13924.632051402,13924.641419637,13925.010324103,13925.010324428,0.3815187350010092,0.009368234999783454,0.36890446599863935,0.0031807060004211962
491,1,16,0.3790981669444591,-0.00973925805556064,13925.14748285,13925.536320275,13925.147531819,13925.156224348,13925.533139135,13925.533139461,0.3888374250000197,0.008692528999745264,0.3769147869988956,0.003180813999279053
492,0,16,0.4102522919420153,-0.01176245505848783,13925.670929062,13926.092943809,13925.670979114,13925.680287221,13926.089609479,13926.089609804,0.4220147470005031,0.009308106999014853,0.4093222580013389,0.0033340050013066502
493,0,16,0.37621650006622076,-0.00489065793408372,13926.23435267,13926.615459828,13926.234400881,13926.243734664,13926.612365359,13926.612365576,0.3811071580003045,0.009333783000329277,0.36863069500032,0.00309425200066471
494,0,16,0.42787641705945134,0.04471256406031898,13926.75101105,13927.134174903,13926.751060344,13926.76012014,13927.131001131,13927.131001673,0.38316385299913236,0.009059795998837217,0.3708809910003765,0.003173229999447358
495,0,16,0.3743521668948233,-0.008257427105490933,13927.32837033,13927.710979924,13927.328419949,13927.337671828,13927.707721973,13927.707722298,0.38260959400031425,0.009251878998838947,0.37005014500027755,0.0032576260000496404
496,1,16,0.4408917499240488,0.05090127992298221,13927.846474052,13928.236464522,13927.846523346,13927.855776742,13928.233214913,13928.233215671,0.38999047000106657,0.009253396001440706,0.37743817099908483,0.003248851000535069
497,0,16,0.40115608391352,-0.011785976084865979,13928.43891869,13928.85186075,13928.438970801,13928.449243878,13928.84855448,13928.848554805,0.41294205999838596,0.010273076999510522,0.39931060200069624,0.0033059449997381307
498,1,16,0.3940901658497751,-0.004543646149613778,13928.982898163,13929.381531975,13928.982948215,13928.992243105,13929.378316384,13929.378316709,0.39863381199938885,0.009294890000091982,0.38607327899990196,0.00321526599873323
499,2,16,0.38730641594156623,-0.010741719059296884,13929.520820655,13929.91886879,13929.520869515,13929.529924002,13929.915625139,13929.915625464,0.3980481350008631,0.00905448699995759,0.38570113700006914,0.0032433260003017494
500,1,16,0.3958505420014262,0.005371900000682217,13930.059511807,13930.449990449,13930.059561643,13930.06873346,13930.446738023,13930.446738348,0.390478642000744,0.009171817000606097,0.3780045629991946,0.003252100999816321
501,0,16,0.4194934999104589,0.03785895091095881,13930.641086857,13931.022721406,13930.641136151,13930.650283267,13931.0195407,13931.019541133,0.3816345489995001,0.009147115999439848,0.3692574329998024,0.003180272999088629
502,2,16,0.38963862508535385,-0.00982603491320333,13931.164943346,13931.564408006,13931.16499264,13931.174108338,13931.561177681,13931.561178006,0.3994646599985572,0.00911569799973222,0.3870693429998937,0.0032299999984388705
503,0,16,0.42644933401606977,0.04436149801585998,13931.757135881,13932.139223717,13931.757187017,13931.766763803,13932.136096206,13932.136096531,0.3820878360002098,0.009576786000252469,0.3693324030009535,0.0031271860007109353
504,0,16,0.5585175838787109,0.16862635287907324,13932.268846557,13932.658737788,13932.268897151,13932.278152388,13932.655520247,13932.655520572,0.38989123099963763,0.009255237000616034,0.3773678590005147,0.003217216000848566
505,0,16,0.4054113330785185,0.009652170077970368,13932.986000564,13933.381759727,13932.986052242,13932.995779401,13933.378450315,13933.378450965,0.39575916300054814,0.00972715900024923,0.3826709139993909,0.0033087620013247943
506,1,16,0.4110081249382347,0.013604711937659886,13933.542225522,13933.939628935,13933.542273516,13933.551513261,13933.936430787,13933.936431112,0.3974034130005748,0.009239745000741095,0.38491752600020845,0.0031978229999367613
507,0,16,0.40430450020357966,-0.010880379795707995,13934.099564848,13934.514749728,13934.099615875,13934.108959842,13934.511414857,13934.511415182,0.41518487999928766,0.009343966999949771,0.40245501499884995,0.0033345459996780846
508,0,16,0.38897620886564255,-0.008240862132879556,13934.650471692,13935.047688763,13934.650521311,13934.659834726,13935.044452047,13935.044452372,0.3972170709985221,0.009313415001088288,0.38461732099858637,0.003236390999518335
509,3,16,0.4033557919319719,-0.006558644068718422,13935.182694177,13935.592608613,13935.182742496,13935.192026335,13935.589306243,13935.589306568,0.40991443600069033,0.00928383900100016,0.3972799080002005,0.0033020450009644264
510,7,16,0.47596858302131295,-0.00061847097822465,13935.737589173,13936.214176227,13935.737638576,13935.746974742,13936.210564552,13936.210564877,0.4765870539995376,0.009336166000139201,0.46358981000048516,0.0036113500009378185
511,1,16,0.3866053340025246,-0.009556304998113774,13936.357916205,13936.754077844,13936.357965499,13936.367388444,13936.750832027,13936.750832352,0.3961616390006384,0.009422944998732419,0.3834435830012808,0.003245492000132799
512,0,16,0.3873686660081148,-6.729399137839209e-05,13936.895359949,13937.282795909,13936.895409243,13936.904816588,13937.279625712,13937.279626253,0.3874359599994932,0.009407344999999623,0.37480912400133093,0.003169655999954557
513,0,16,0.5098173329606652,0.12249967896059388,13937.468090689,13937.855408343,13937.468140633,13937.477501393,13937.852269781,13937.852270214,0.38731765400007134,0.009360759999253787,0.37476838800102996,0.0031381290009449003
514,0,16,0.4107306250371039,0.013009780037464225,13938.091305047,13938.489025892,13938.091354232,13938.100908267,13938.485756565,13938.485757323,0.39772084499963967,0.009554035001201555,0.38484829799926956,0.0032685690002836054
515,0,16,0.37319729197770357,-0.007709114022873109,13938.65005158,13939.030957986,13938.650100657,13938.659546462,13939.027790931,13939.027791364,0.3809064060005767,0.00944580500072334,0.36824446900027397,0.003166622000208008
516,0,16,0.37271649995818734,-0.012417052041200805,13939.164151008,13939.54928456,13939.164200518,13939.173486416,13939.546091071,13939.546091504,0.38513355199938815,0.009285898000598536,0.3726046550000319,0.0031930559998727404
517,0,16,0.46223687496967614,0.04164049296923622,13939.741156454,13940.161752836,13939.741206832,13939.750618402,13940.158283408,13940.158283841,0.4205963820004399,0.009411569999429048,0.40766500599966093,0.0034689950007305015
518,0,16,0.40548816602677107,0.017791003027014085,13940.302980555,13940.690677718,13940.303028332,13940.312661888,13940.68745021,13940.687450427,0.387697162999757,0.009633555999243981,0.3747883220003132,0.0032272909993480425
519,0,16,0.413998750038445,0.024569365037677926,13940.889231706,13941.278661091,13940.889303859,13940.89923242,13941.275451242,13941.275451567,0.38942938500076707,0.009928561001288472,0.37621882199891843,0.003209524000340025
520,2,16,0.42533400002866983,-0.00940801197066321,13941.416528588,13941.8512706,13941.416578748,13941.425943625,13941.847800631,13941.847801064,0.43474201199933304,0.009364876999825356,0.42185700600020937,0.0034695360009209253
521,0,16,0.488778708036989,0.09182977403543191,13942.029425775,13942.426374709,13942.029474527,13942.039057163,13942.423111016,13942.423111558,0.39694893400155706,0.00958263599932252,0.38405385300029593,0.00326315100028296
522,3,16,0.41034112498164177,-0.006804679018387105,13942.632322573,13943.049468377,13942.632370567,13942.642092093,13943.045530603,13943.045530928,0.4171458040000289,0.009721525999339065,0.4034385100003419,0.003937448998840409
523,0,16,0.4250522078946233,-0.003010095104400534,13943.196200877,13943.62426318,13943.196251471,13943.206084802,13943.620197241,13943.620197566,0.4280623029990238,0.009833330999754253,0.41411243900074624,0.004065613999046036
524,0,16,0.3819595829118043,-0.0003608560891734669,13943.765225145,13944.147545584,13943.765275306,13943.775154681,13944.144436381,13944.144436598,0.3823204390009778,0.009879375000309665,0.3692817000010109,0.0031089860003703507
525,0,16,0.4377926248125732,0.0374407828112453,13944.341632781,13944.741984623,13944.341709809,13944.351569684,13944.738692653,13944.738693087,0.4003518420013279,0.009859875000984175,0.38712296899939247,0.003291536000688211
526,4,16,0.42423112504184246,-0.015048530956846662,13944.871641264,13945.31092092,13944.871691749,13944.88168618,13945.306543942,13945.306544267,0.4392796559986891,0.009994431000450277,0.4248577620001015,0.004376652999781072
527,1,16,0.40588854206725955,0.016406612066930393,13945.471410983,13945.860892913,13945.471460927,13945.481071406,13945.857699531,13945.857699856,0.38948193000032916,0.009610479000912164,0.37662812499911524,0.0031930570003169123
528,0,16,0.37914783391170204,-0.002693316087970743,13946.003105428,13946.384946578,13946.003155588,13946.012698898,13946.381685593,13946.381685918,0.3818411499996728,0.009543309999571647,0.3689866950007854,0.0032606599997961894
529,3,16,0.42028062511235476,-0.010900846888034721,13946.519797826,13946.950979298,13946.519850803,13946.529703419,13946.946904693,13946.946905018,0.4311814720003895,0.009852615999989212,0.4172012740000355,0.004074280001077568
530,0,16,0.3737783329561353,-0.010678321044906625,13947.08528333,13947.469739984,13947.085332515,13947.094832815,13947.466400996,13947.466401429,0.3844566540010419,0.009500300000581774,0.3715681809990201,0.0033385550013917964
531,0,16,0.3766128330025822,-0.004232253997543012,13947.607959581,13947.988804668,13947.608009633,13947.617630296,13947.98560977,13947.985610203,0.3808450870001252,0.00962066299871367,0.36797947400009434,0.0031944649999786634
532,0,16,0.36862879199907184,-0.011991710001893807,13948.121972988,13948.50259349,13948.122020657,13948.132034913,13948.49937064,13948.499370965,0.38062050200096564,0.010014256000431487,0.3673357269999542,0.0032225249997281935
533,2,16,0.4222908748779446,-0.002044697121164063,13948.636115101,13949.060450673,13948.636167429,13948.646084397,13949.057024147,13949.057024581,0.42433557199910865,0.009916967999743065,0.4109397499996703,0.0034260920001543127
534,7,16,0.4581793339457363,-0.017045798054823535,13949.206455356,13949.681680488,13949.206504541,13949.216277311,13949.677874562,13949.677874887,0.4752251320005598,0.009772769999472075,0.46159725100005744,0.003805600999839953
535,0,16,0.39265183289535344,0.0009136478947766591,13949.831275937,13950.223014122,13949.831324148,13949.841280985,13950.219747287,13950.219747612,0.3917381850005768,0.009956837000572705,0.3784663019996515,0.00326651000068523
536,0,16,0.3832347912248224,-0.010826709776665666,13950.360436889,13950.75449839,13950.360486508,13950.370166432,13950.750434834,13950.750435268,0.39406150100148807,0.009679924000010942,0.3802684020010929,0.004063121999934083
537,0,16,0.3713339171372354,-0.010633230862367782,13950.885350652,13951.2673178,13950.885400705,13950.895047586,13951.264174146,13951.264174579,0.3819671479996032,0.009646881000662688,0.36912655999913113,0.003143220999845653
538,2,16,0.3904930418357253,-0.008609009164501913,13951.401339718,13951.800441769,13951.401390095,13951.411086487,13951.797015027,13951.797015352,0.3991020510002272,0.009696392000478227,0.38592853999944055,0.0034264170008100336
539,0,16,0.37719804188236594,-0.003162989118209225,13951.943351008,13952.323712039,13951.943401277,13951.95313212,13952.32047153,13952.320471964,0.38036103100057517,0.009730842999488232,0.367339410000568,0.0032400750005763257
540,0,16,0.37304187496192753,-0.007395859038297203,13952.462109744,13952.842547478,13952.462158713,13952.471917724,13952.839272952,13952.839273277,0.38043773400022474,0.009759010999914608,0.36735522799972387,0.00327420099893061
541,0,16,0.37010274990461767,-0.009939874094925472,13952.978335854,13953.358378478,13952.978386014,13952.988247947,13953.355172096,13953.35517253,0.38004262399954314,0.009861933000138379,0.3669241490006243,0.0032059479999588802
542,0,16,0.3871844159439206,0.0035989099451398943,13953.500928142,13953.884513648,13953.501001596,13953.510503737,13953.880450526,13953.880450851,0.3835855059987807,0.009502140999757103,0.36994678900009603,0.004062796999278362
543,1,16,0.38147183298133314,-0.010634484018737567,13954.019973867,13954.412080184,13954.020023594,13954.029784772,13954.408088566,13954.408088999,0.3921063170000707,0.00976117800018983,0.3783037940011127,0.0039911849999043625
544,0,16,0.3880714171100408,0.00950620311050443,13954.568242997,13954.946808211,13954.568293266,13954.578114138,13954.943619272,13954.943619705,0.37856521399953635,0.00982087199918169,0.36550513400106865,0.003188505999787594
545,2,16,0.49668787489645183,0.06779158389508666,13955.080127447,13955.509023738,13955.080176958,13955.090106277,13955.505597321,13955.505597646,0.42889629100136517,0.00992931900145777,0.41549104399928183,0.0034260920001543127
546,0,16,0.37301237508654594,-0.010310735913662938,13955.730947393,13956.114270504,13955.730997879,13955.741373552,13956.111092615,13956.111093156,0.3833231110002089,0.01037567300045339,0.36971906299913826,0.0031773480004630983
547,0,16,0.38466300000436604,-0.0059083799951622495,13956.247042089,13956.637613469,13956.247092791,13956.256959274,13956.634465806,13956.634466023,0.3905713799995283,0.009866483000223525,0.3775065320005524,0.003147445999275078
548,0,16,0.4457954589743167,0.0616588359735033,13956.847901909,13957.232038532,13956.847950553,13956.857681396,13957.228923804,13957.228924129,0.3841366230008134,0.009730843001307221,0.37124240799857944,0.003114402999926824
549,0,16,0.3855715000536293,-0.005706895944967982,13957.370536992,13957.761815388,13957.370641105,13957.380257326,13957.758581271,13957.758581596,0.39127839599859726,0.00961622099930537,0.3783239450003748,0.0032337920001737075
550,3,16,0.47575104190036654,0.05666684690004331,13957.977882596,13958.396966791,13957.977933948,13957.987675084,13958.393661387,13958.393661712,0.41908419500032323,0.009741136000229744,0.4059863029997359,0.0033050790007109754
551,0,16,0.4823283329606056,0.09421081696018518,13958.535297109,13958.923414625,13958.535345861,13958.545087105,13958.919739029,13958.919739354,0.38811751600042044,0.009741243999087601,0.3746519239994086,0.0036752710002474487
552,2,16,0.5104871250223368,0.0649207020214817,13959.166702171,13959.612268594,13959.166750707,13959.177184341,13959.608634384,13959.608634926,0.44556642300085514,0.010433634000946768,0.43145004299913126,0.0036336680004751543
553,0,16,0.38193604187108576,-0.008825688128126785,13959.83455345,13960.22531518,13959.834603285,13959.844704862,13960.222037945,13960.222038161,0.39076172999921255,0.0101015769996593,0.37733308299903,0.003277018999142456
554,0,16,0.4349674158729613,0.04769190587285266,13960.36141167,13960.74868718,13960.361460855,13960.371232325,13960.745433562,13960.745433779,0.3872755100001086,0.00977147000048717,0.3742012370003067,0.003253400998801226
555,4,16,0.45025312481448054,-0.01212557018516236,13960.950047998,13961.412426693,13960.950095991,13960.960211111,13961.408652942,13961.408653267,0.4623786949996429,0.010115119999682065,0.4484418310003093,0.003773425998588209
556,2,16,0.46787562500685453,0.0278074820053007,13961.543722493,13961.983790636,13961.543794321,13961.553995678,13961.980122299,13961.980122732,0.44006814300155384,0.010201356999459676,0.42612662100145826,0.0036679040003946284
557,0,16,0.38532633311115205,-0.010257970889142598,13962.164332721,13962.559917025,13962.164381473,13962.174334193,13962.556661566,13962.556662216,0.39558430400029465,0.009952720000001136,0.38232737299949804,0.0032548090002819663
558,0,16,0.4061949998140335,-0.010717010187363485,13962.697720711,13963.114632721,13962.697769896,13962.707781444,13963.111287016,13963.111287341,0.416912010001397,0.010011547999965842,0.4035055719996308,0.003345380000610021
559,0,16,0.3807207499630749,-0.006509042037578183,13963.248508599,13963.635738391,13963.248559085,13963.258507471,13963.632497449,13963.632497774,0.3872297920006531,0.009948386001269682,0.37398997799937206,0.003240616999391932
560,0,16,0.38635666691698134,-0.009803564082176308,13963.774017465,13964.170177696,13963.774068276,13963.784035513,13964.166793964,13964.166794397,0.39616023099915765,0.009967236999727902,0.3827584509999724,0.0033832989993243245
561,2,16,0.3999557909555733,-0.014414709045013296,13964.302594365,13964.716964865,13964.302644092,13964.312647731,13964.71353964,13964.713539965,0.4143705000005866,0.010003638999478426,0.40089190900107496,0.0034249000000272645
562,0,16,0.4870197500567883,0.09893722705783148,13964.85561034,13965.243692863,13964.855659742,13964.865772586,13965.240404035,13965.240404468,0.38808252299895685,0.010112844000104815,0.37463144899993495,0.0032883949988899985
563,0,16,0.38337337505072355,-0.007162360949223512,13965.497724433,13965.888260169,13965.497774702,13965.508530859,13965.885096039,13965.885096472,0.39053573599994706,0.010756157000287203,0.37656517999857897,0.003163696999763488
564,5,16,0.45237462501972914,-0.0091621719802788,13966.031013726,13966.492550523,13966.03106302,13966.041145096,13966.489045886,13966.489046211,0.46153679700000794,0.01008207599988964,0.44790079000085825,0.0035043120005866513
565,0,16,0.38579591596499085,-0.011015428035534569,13966.627762539,13967.024573883,13966.627810533,13966.638279593,13967.021370859,13967.021371293,0.3968113440005254,0.010469060000104946,0.3830912659996102,0.0032025900000007823
566,0,16,0.38000191701576114,-0.008084722985586268,13967.161297218,13967.549383858,13967.161345754,13967.171738545,13967.546187226,13967.546187551,0.3880866400013474,0.010392790998594137,0.37444868100101303,0.0031963070014171535
567,4,16,0.45259799994528294,-0.009905826054819045,13967.692731976,13968.155235802,13967.692780186,13967.702855112,13968.151603541,13968.151603866,0.462503826000102,0.010074926000015694,0.44874842900026124,0.003631936000601854
568,0,16,0.41248820908367634,-0.003792296916799387,13968.304349795,13968.720630301,13968.304398656,13968.314545626,13968.717115588,13968.717115913,0.4162805060004757,0.010146970000278088,0.40256996199968853,0.003514388001349289
569,9,16,0.476877624867484,-0.005787753132608486,13968.85718777,13969.339853148,13968.857236848,13968.867325966,13969.336067048,13969.336067373,0.48266537800009246,0.010089118000905728,0.4687410819988145,0.0037857749994145706
570,0,16,0.39412345783784986,0.009898430838802597,13969.50602545,13969.890250477,13969.506205725,13969.516416074,13969.886989493,13969.886989818,0.38422502699904726,0.010210349000772112,0.3705734189989016,0.0032606589993520174
571,0,16,0.4225540831685066,0.04083015616743069,13970.019984797,13970.401708724,13970.020033332,13970.030144985,13970.398449581,13970.398449906,0.38172392700107594,0.010111652998602949,0.3683045960005984,0.0032588180001766887
572,0,16,0.38264741702005267,-0.009296176980569726,13970.599052247,13970.990995841,13970.599100133,13970.609390977,13970.987725106,13970.987725539,0.3919435940006224,0.010290844000337529,0.3783341289999953,0.0032703020006010775
573,1,16,0.3832687090616673,-0.005566765938056051,13971.126125627,13971.514961102,13971.126175571,13971.136329367,13971.511715826,13971.511716259,0.3888354749997234,0.010153795999940485,0.3753864589998557,0.0032448430010845186
574,0,16,0.37218595785088837,-0.011003571149558411,13971.650978721,13972.03416825,13971.651026823,13971.661121358,13972.030947676,13972.030948109,0.3831895290004468,0.010094535000462201,0.3698263179994683,0.003220140999474097
575,0,16,0.37420274992473423,-0.00899414707600954,13972.167339495,13972.550536392,13972.167388681,13972.177729903,13972.547325568,13972.547325893,0.3831968970007438,0.010341221999624395,0.36959566500081564,0.0032104990004881984
576,5,16,0.5248415831010789,0.03694508710213995,13972.742043402,13973.229939898,13972.742091938,13972.752598917,13973.226014366,13973.226014907,0.4878964959989389,0.010506979000638239,0.47341544899973087,0.003924990998712019
577,1,16,0.416101458016783,0.025974590016630827,13973.362351041,13973.752477909,13973.362400877,13973.372616209,13973.748602321,13973.748602646,0.39012686800015217,0.010215332000370836,0.37598611199973675,0.003875263000736595
578,0,16,0.40413162484765053,-0.009596646152203903,13973.928508785,13974.342237056,13973.92855797,13973.939173829,13974.338867624,13974.338867949,0.41372827099985443,0.010615858998789918,0.3996937949996209,0.0033691070002532797
579,3,16,0.4236828340217471,-0.013105473977702786,13974.481475574,13974.918263882,13974.481525193,13974.491700332,13974.914833131,13974.914833456,0.4367883079994499,0.010175139001148636,0.4231327990000864,0.003430426000704756
580,1,16,0.3813911669421941,-0.008208201057641418,13975.055194794,13975.444794162,13975.055243763,13975.065510014,13975.441642816,13975.441643032,0.3895993679998355,0.010266250999848126,0.3761328020009387,0.003151130000333069
581,0,16,0.41371170803904533,0.03206145104013558,13975.581237226,13975.962887483,13975.581287278,13975.591327861,13975.959648058,13975.959648383,0.38165025699890975,0.010040582999863545,0.36832019699977536,0.0032391000004281523
582,2,16,0.43083766708150506,0.021134816081030294,13976.182170716,13976.591873567,13976.182219577,13976.192847028,13976.58859644,13976.588596765,0.40970285100047477,0.010627450999891153,0.3957494120004412,0.0032768020009825705
583,3,16,0.42830254207365215,-0.008723567925699172,13976.730858682,13977.167884792,13976.730908084,13976.741162202,13977.16452002,13977.164520345,0.4370261099993513,0.010254118000375456,0.4233578179992037,0.0033644469986029435
584,0,16,0.4182614169549197,0.0292309329543059,13977.349070949,13977.738101433,13977.349120135,13977.359376744,13977.734876416,13977.73487685,0.3890304840006138,0.010256608999043237,0.3754996719999326,0.0032245830007013865
585,0,16,0.3740951670333743,-0.006704633966364781,13977.880417086,13978.261216887,13977.880465838,13977.890751482,13978.257978762,13978.257979087,0.3807998009997391,0.01028564400075993,0.3672272799994971,0.003237799999624258
586,2,16,0.4294559161644429,-0.005490963834745344,13978.400952571,13978.835899451,13978.401027866,13978.411352945,13978.832404347,13978.832404781,0.43494687999918824,0.010325078999812831,0.4210514019996481,0.003494669999781763
587,0,16,0.37003775010816753,-0.012663389892622945,13978.984331888,13979.367033028,13978.98437934,13978.995517715,13979.363831738,13979.363832063,0.3827011400007905,0.011138375000882661,0.3683140229986748,0.0032009650003601564
588,1,16,0.3914336250163615,-0.007242438983666943,13979.509143055,13979.907819119,13979.50919224,13979.519686977,13979.904527475,13979.9045278,0.3986760640000284,0.010494737000044552,0.38484049799990316,0.0032913190007093363
589,0,16,0.4124159167986363,-0.008994302201244864,13980.051605249,13980.473015468,13980.051660718,13980.062062176,13980.469587209,13980.469587534,0.4214102189998812,0.010401458001069841,0.40752503299881937,0.0034279339997738134
590,0,16,0.38794858288019896,-0.009927077120664762,13980.60765719,13981.00553285,13980.607708217,13980.618000686,13981.002173386,13981.002173711,0.3978756600008637,0.010292468999978155,0.3841726999999082,0.003359139000167488
591,0,16,0.3791383341886103,-0.0013477198117470834,13981.1490373,13981.529523354,13981.149084103,13981.159850119,13981.526356082,13981.526356407,0.3804860540003574,0.010766015999251977,0.3665059630002361,0.003166947000863729
592,0,16,0.38437862507998943,-0.008309361919600633,13981.676055319,13982.068743306,13981.67610418,13981.686631635,13982.065451445,13982.065451987,0.39268798699959007,0.010527455000556074,0.37881980999918596,0.003291318998890347
593,0,16,0.37884970800951123,-0.0030012999905011384,13982.215405711,13982.597256719,13982.215455438,13982.225715081,13982.594092048,13982.594092373,0.38185100800001237,0.010259643000608776,0.36837696700058586,0.0031643460006307578
594,0,16,0.3725859171245247,-0.010147073875486967,13982.732456926,13983.115189917,13982.732527887,13982.743167039,13983.112032937,13983.112033262,0.3827329910000117,0.010639152000294416,0.36886589800087677,0.0031566550005663885
595,0,16,0.41603512479923666,0.015635396799552836,13983.281109465,13983.681509193,13983.281158542,13983.291494889,13983.678208123,13983.678208665,0.4003997279996838,0.010336346998883528,0.38671323400012625,0.0033005280001816573
596,0,16,0.3896609591320157,-0.011948908868362196,13983.821249751,13984.222859619,13983.821299912,13983.831692269,13984.219529297,13984.219529622,0.4016098680003779,0.010392356998636387,0.3878370279999217,0.0033299970000371104
597,0,16,0.37693291692994535,-0.003911412070010556,13984.365973075,13984.746817404,13984.366022044,13984.376348207,13984.743659232,13984.743659557,0.3808443289999559,0.010326163001082023,0.3673110249983438,0.0031578470006934367
598,0,16,0.4151240831706673,-0.00846785382964299,13984.899164756,13985.322756693,13984.899213616,13984.909698603,13985.319225946,13985.319226487,0.4235919370003103,0.010484987000381807,0.409527342999354,0.0035302060005051317
599,1,16,0.398763292003423,-0.002509101996110985,13985.475190065,13985.876462459,13985.475239684,13985.486052503,13985.873208841,13985.873209274,0.40127239399953396,0.010812819000420859,0.3871563379998406,0.0032531850010855123
600,3,16,0.42227837489917874,-0.01602601910053636,13986.009713658,13986.448018052,13986.009763385,13986.020692559,13986.444554908,13986.444555233,0.4383043939997151,0.010929173999102204,0.4238623490000464,0.0034628190005605575
601,2,16,0.39287104085087776,-0.00661929415036866,13986.591990091,13986.991480426,13986.592038735,13986.602335104,13986.988202107,13986.988202432,0.3994903350012464,0.010296369000570849,0.385867003000385,0.0032779940011096187
602,1,16,0.39190550008788705,-0.0041784609129535966,13987.133113331,13987.529197292,13987.133162408,13987.143562132,13987.525894597,13987.52589503,0.39608396100084065,0.010399724000308197,0.3823324650002178,0.0033022620009433012
603,0,16,0.37632649997249246,-0.012805714028218063,13987.673390123,13988.062522337,13987.673440717,13987.684077378,13988.059208808,13988.059209133,0.3891322140007105,0.010636660999807646,0.3751314299988735,0.0033132040007330943
604,0,16,0.37959904107265174,-0.008057495926550473,13988.204503007,13988.592159544,13988.20455241,13988.215319509,13988.588946011,13988.588946228,0.3876565369992022,0.010767099000076996,0.3736265019997518,0.0032133160002558725
605,0,16,0.380616000154987,-0.008171480845703627,13988.736302865,13989.125090346,13988.736351076,13988.74708134,13989.121881472,13989.121881905,0.3887874810006906,0.010730263998993905,0.3748001320000185,0.003208441001333995
606,3,16,0.4126181669998914,-0.013233924999440205,13989.265354937,13989.691207029,13989.265406181,13989.276274685,13989.687751143,13989.687751468,0.4258520919993316,0.010868503999517998,0.4114764579990151,0.003455561000009766
607,0,16,0.4190883750561625,-0.0001252839429071173,13989.835865282,13990.255078941,13989.835941011,13989.846920887,13990.251524035,13990.25152436,0.4192136589990696,0.010979875998600619,0.4046031480011152,0.0035545810005714884
608,0,16,0.3821309581398964,-0.006695415861031506,13990.404023385,13990.792849759,13990.404074629,13990.41490879,13990.789664286,13990.789664611,0.3888263740009279,0.010834161001184839,0.37475549599912483,0.0031851479998294963
609,1,16,0.4200537079013884,-0.004944244097714545,13990.935497578,13991.36049553,13990.935546872,13990.946595868,13991.357134549,13991.357135091,0.42499795199910295,0.011048995998862665,0.41053868100061663,0.003360438999152393
610,3,16,0.4622830420266837,0.04599083502762369,13991.562471384,13991.978763591,13991.562520353,13991.573406083,13991.975494589,13991.975494914,0.41629220699906,0.010885730000154581,0.4020885059999273,0.003268676999141462
611,0,16,0.4062834579963237,0.01714940399688203,13992.122207697,13992.511341751,13992.122256882,13992.132916077,13992.507890741,13992.507891175,0.3891340539994417,0.010659195000698674,0.3749746640005469,0.003450575999522698
612,2,16,0.505048125050962,0.08966162705110037,13992.759687832,13993.17507433,13992.75973756,13992.770826966,13993.171644771,13993.171645421,0.4153864979998616,0.011089405999882729,0.40081780500077,0.003428908999921987
613,0,16,0.40904041612520814,-0.004437593875991297,13993.347359082,13993.760837092,13993.34740816,13993.358111448,13993.757417608,13993.757417933,0.41347801000119944,0.010703288000513567,0.39930615999946895,0.003419159000259242
614,0,16,0.505073708947748,0.12218795994704124,13993.954729496,13994.337615245,13993.954778682,13993.965312637,13994.334320242,13994.334320675,0.3828857490007067,0.010533954999118578,0.369007605000661,0.00329457000043476
615,0,16,0.37684512487612665,-0.004909570123345475,13994.568553085,13994.95030778,13994.568618738,13994.579864368,13994.947092731,13994.947093056,0.3817546949994721,0.011245629999393714,0.36722836300032213,0.0032147239999176236
616,1,16,0.4248165001627058,0.030401817162783118,13995.136773374,13995.531188057,13995.136821801,13995.147895823,13995.527834768,13995.527835201,0.39441468299992266,0.011074022000684636,0.37993894499959424,0.0033528560015838593
617,0,16,0.39990550000220537,-0.01286224299656169,13995.662408779,13996.075176522,13995.662458398,13995.67314511,13996.071742521,13996.071742954,0.41276774299876706,0.010686712001188425,0.3985974110000825,0.0034335679993091617
618,0,16,0.37605666602030396,-0.007331229979172349,13996.21701917,13996.600407066,13996.21706868,13996.227927109,13996.597197217,13996.597197542,0.3833878959994763,0.010858428999199532,0.36927010799990967,0.003209524000340025
619,0,16,0.3908901249524206,-0.010903593047260074,13996.741759266,13997.143552984,13996.741808452,13996.752627662,13997.140205112,13997.140205437,0.40179371799968067,0.010819209999681334,0.38757745000111754,0.0033475470008852426
620,2,16,0.45320387510582805,0.007425108104143874,13997.281908111,13997.727686878,13997.281956539,13997.293100547,13997.724075635,13997.724076177,0.4457787670016842,0.011144007999973837,0.4309750880001957,0.0036107010000705486
621,8,16,0.47159695881418884,-0.01639249118488806,13997.893576958,13998.381566408,13997.893625277,13997.904358141,13998.377673052,13998.377673486,0.4879894499990769,0.010732864000601694,0.4733149109997612,0.0038929219990677666
622,0,16,0.43350137514062226,0.03981245014074375,13998.5290368,13998.922725725,13998.529086094,13998.539830551,13998.919468857,13998.919469182,0.3936889249998785,0.010744457000328111,0.3796383059998334,0.0032565430010436103
623,0,16,0.3928003751207143,-0.007928700879347161,13999.110391924,13999.511121,13999.110441001,13999.121325864,13999.507779628,13999.507779953,0.40072907600006147,0.010884863000683254,0.38645376400017994,0.00334104699868476
624,0,16,0.39621820813044906,0.014794269131016335,13999.654750472,14000.036174411,13999.654800416,13999.665444552,14000.032916027,14000.03291646,0.3814239389994327,0.010644136000337312,0.36747147499954735,0.003257950998886372
625,2,16,0.43579379096627235,-0.013886348033338436,14000.192653571,14000.64233371,14000.192704274,14000.203778513,14000.638693,14000.638693433,0.4496801389996108,0.011074238998844521,0.43491448700115143,0.003640277000158676
626,0,16,0.37580804200842977,-0.010555041992120096,14000.778298786,14001.16466187,14000.77835913,14000.789549833,14001.161337074,14001.161337291,0.38636308400054986,0.011190703000465874,0.37178724099976534,0.003324579000036465
627,0,16,0.379961249884218,-0.007250016114994651,14001.305381049,14001.692592315,14001.305428177,14001.316505991,14001.689374666,14001.689375099,0.38721126599921263,0.011077814000600483,0.3728686750000634,0.0032172159990295768
628,0,16,0.38288516690954566,-0.008926253090976388,14001.826704263,14002.218515683,14001.826756157,14001.838485409,14002.215227181,14002.215241698,0.39181142000052205,0.01172925200080499,0.37674177199914993,0.003273984999395907
629,1,16,0.3866266249679029,-0.012565454031573609,14002.353835279,14002.753027358,14002.353900932,14002.364791645,14002.749701371,14002.749701696,0.3991920789994765,0.010890713001572294,0.38490972599902307,0.003325661999042495
630,0,16,0.3869717081543058,-0.01039140384636994,14002.893063139,14003.290426251,14002.893113083,14002.904072158,14003.287139265,14003.28713959,0.39736311200067576,0.010959074999846052,0.38306710699907853,0.003286660999947344
631,0,16,0.4157187081873417,0.026204602188954595,14003.470160348,14003.859674454,14003.470235535,14003.481528293,14003.856378368,14003.856378585,0.3895141059983871,0.011292757999399328,0.3748500750007224,0.003295868998975493
632,0,16,0.4037811669986695,0.016161248999196687,14003.99263834,14004.380258258,14003.992686551,14004.004161858,14004.376899986,14004.376900527,0.3876199179994728,0.011475306999273016,0.372738128000492,0.0033577309986867476
633,0,16,0.4551484161056578,0.06509673610526079,14004.623865078,14005.013916758,14004.623913397,14004.635048847,14005.010682208,14005.010682533,0.390051680000397,0.01113545000043814,0.3756333609999274,0.003234224999687285
634,0,16,0.38364362507127225,-0.004396537928187172,14005.163622279,14005.551662442,14005.16367374,14005.174695001,14005.548389865,14005.548390082,0.3880401629994594,0.011021260999768856,0.37369486399984453,0.003272359999755281
635,4,16,0.4506604168564081,-0.01889504414430121,14005.688853691,14006.158409152,14005.688903201,14005.70000225,14006.154573324,14006.154573649,0.46955546100070933,0.0110990489993128,0.45457107400034147,0.003835502999208984
636,0,16,0.38428799994289875,-0.005423174057796132,14006.301507441,14006.691218615,14006.301558685,14006.312449074,14006.687911261,14006.687911695,0.3897111740006949,0.010890388999541756,0.37546218700117606,0.003306919999886304
637,0,16,0.38149704202078283,-0.007776552978612017,14006.83412157,14007.223395165,14006.834199249,14006.845426028,14007.220135047,14007.220135372,0.38927359499939485,0.011226778999116505,0.37470901900087483,0.003259793000324862
638,0,16,0.3778057910967618,-0.010269256901665358,14007.363288697,14007.751363745,14007.363338641,14007.374438448,14007.748169496,14007.74816993,0.3880750479984272,0.011099806999482098,0.373731048000991,0.0031938149986672215
639,0,16,0.4097746671177447,-0.012886101883850642,14007.885933855,14008.308594624,14007.885983582,14007.897043629,14008.305090961,14008.305091395,0.4226607690015953,0.011060046999773476,0.40804733199911425,0.003503229001580621
640,4,16,0.49336441699415445,0.03759186999377562,14008.445606464,14008.901379011,14008.445655216,14008.456973542,14008.89721936,14008.897219901,0.45577254700037884,0.011318325998217915,0.44024581800113083,0.004159109999818611
641,0,16,0.3896729168482125,-0.009041283152328106,14009.096285029,14009.494999229,14009.096334973,14009.107729568,14009.491515717,14009.491516259,0.3987142000005406,0.011394595001547714,0.3837861489992065,0.0034829699998226715
642,0,16,0.41511820792220533,0.025369982920892653,14009.638524588,14010.028272813,14009.638574748,14009.650014954,14010.025033929,14010.025034254,0.3897482250013127,0.011440206000770559,0.37501897499896586,0.0032385590002377285
643,0,16,0.3786102910526097,-0.011152125947774039,14010.204881349,14010.594643766,14010.20495101,14010.216632161,14010.591442368,14010.591442693,0.3897624170003837,0.011681150999720558,0.37481020700033696,0.0032010730010370025
644,2,16,0.39724458288401365,-0.014912456115780515,14010.722952028,14011.135109067,14010.723002513,14010.734102862,14011.131241496,14011.131241821,0.41215703899979417,0.011100349000116694,0.3971386339999299,0.003867245999572333
645,0,16,0.43941599992103875,-0.010578970079222927,14011.276098876,14011.726093846,14011.276147628,14011.287428143,14011.722495929,14011.722496254,0.4499949700002617,0.011280515000180458,0.4350677860002179,0.003597592000005534
646,0,16,0.382314708083868,-0.006775686915716506,14011.866758314,14012.255848709,14011.866807933,14011.878093215,14012.252540705,14012.252541139,0.38909039499958453,0.011285282000244479,0.37444748999951116,0.0033075699993787566
647,1,16,0.39356116694398224,-0.005934911056101555,14012.397466121,14012.796962199,14012.397514873,14012.408460298,14012.79365777,14012.793658095,0.3994960780000838,0.010945424999590614,0.3851974720000726,0.0033041039987438126
648,0,16,0.4134054589085281,0.024646037907587015,14012.980921059,14013.36968048,14012.980997329,14012.99205055,14013.366457305,14013.366457739,0.3887594210009411,0.01105322100011108,0.37440675499965437,0.0032227409992628964
649,0,16,0.382325500017032,0.00022423001610150095,14013.512560034,14013.894661304,14013.512609003,14013.524053759,14013.891424046,14013.891424371,0.3821012700009305,0.011444755999036715,0.3673702870000852,0.0032369330001529306
650,0,16,0.38857220811769366,-0.010607304880977608,14014.037204468,14014.436383981,14014.037254304,14014.048492133,14014.433042067,14014.433042501,0.39917951299867127,0.011237829001402133,0.3845499339986418,0.0033414800000173273
651,0,16,0.3885423338506371,-0.011342570151100517,14014.577278234,14014.977163138,14014.577328828,14014.588484104,14014.973804541,14014.973804974,0.3998849040017376,0.011155276000863523,0.38532043699888163,0.0033581640000193147
652,1,16,0.45002504205331206,0.02488289105349395,14015.108734659,14015.53387681,14015.108783845,14015.119960355,14015.530377806,14015.530378239,0.4251421509998181,0.011176509999131667,0.4104174510011944,0.0034985709989996394
653,0,16,0.3812410000246018,-0.007712562975939363,14015.713873845,14016.102827408,14015.713921839,14015.725524985,14016.099588741,14016.099589174,0.3889535630005412,0.01160314600019774,0.3740637560003961,0.0032382339995820075
654,0,16,0.3847306249663234,-0.002819956034727511,14016.248177294,14016.635727875,14016.248225829,14016.259630608,14016.632321284,14016.632321717,0.3875505810010509,0.011404778999349219,0.37269067600027483,0.0034061580008710735
655,1,16,0.39993408299051225,-0.0026553790103207575,14016.787472216,14017.190061678,14016.787519776,14016.799151958,14017.18679376,14017.186794085,0.402589462000833,0.011632181998720625,0.3876418020008714,0.00326759299969126
656,3,16,0.4140567919239402,-0.012402753076457884,14017.329732142,14017.756191687,14017.329807654,14017.341271477,14017.752606012,14017.752606554,0.42645954500039807,0.011463823000667617,0.4113345349996962,0.0035851329994329717
657,3,16,0.4027551249600947,-0.015163349040449248,14017.895864859,14018.313783333,14017.895931596,14017.907177442,14018.310365583,14018.310366016,0.41791847400054394,0.011245846000747406,0.4031881409991911,0.0034173170006397413
658,0,16,0.38341904105618596,-0.004875824944974738,14018.458865731,14018.847160597,14018.458916,14018.470120353,14018.843798208,14018.843798533,0.3882948660011607,0.011204353000721312,0.3736778549991868,0.0033620640006120084
659,1,16,0.42089254199527204,-0.008641971005999949,14018.991146719,14019.420681232,14018.99119623,14019.002353348,14019.417189812,14019.417190462,0.429534513001272,0.011157118000483024,0.4148364640004729,0.003490770001008059
660,0,16,0.3771146659273654,-0.005758949071605457,14019.561648614,14019.944522229,14019.561696825,14019.572923821,14019.940603955,14019.940604497,0.3828736149989709,0.011226996000914369,0.3676801339988742,0.003917731999536045
661,0,16,0.40230145887471735,-1.824112405302003e-05,14020.097254832,14020.499574532,14020.097304126,14020.108427875,14020.496262087,14020.496262412,0.4023196999987704,0.011123749000034877,0.3878342119987792,0.003312119999463903
662,0,16,0.3843859580811113,-0.010000773920182837,14020.637407035,14021.031793767,14020.637457413,14020.64878668,14021.02846843,14021.028468755,0.39438673200129415,0.011329266999382526,0.3796817500006,0.003325012001369032
663,0,16,0.42235929192975163,0.03951503692951519,14021.223171422,14021.606015677,14021.223221041,14021.234861998,14021.602618077,14021.602618402,0.38284425500023644,0.011640957000054186,0.3677560790001735,0.003397275000679656
664,0,16,0.37237250013276935,-0.011195888866495807,14021.74360236,14022.127170749,14021.743653821,14021.754827839,14022.12400651,14022.124006835,0.38356838899926515,0.011174018000019714,0.36917867099873547,0.0031639139997423626
665,0,16,0.3769473328720778,-0.00335562912732712,14022.275244802,14022.655547764,14022.275294854,14022.286431821,14022.652285154,14022.652285479,0.38030296199940494,0.01113696699940192,0.3658533329999045,0.0032622849994368153
666,2,16,0.39866925007663667,-0.013122797923642793,14022.795129932,14023.20692198,14022.795179334,14022.806315868,14023.203545398,14023.203545723,0.41179204800027946,0.011136533999888343,0.39722953000091366,0.003376257000127225
667,0,16,0.3747607918921858,-0.006582543108379468,14023.346700782,14023.728044117,14023.346750401,14023.35798563,14023.724660818,14023.724661143,0.3813433350005653,0.011235228999794344,0.36667518799913523,0.003382974000487593
668,0,16,0.3878963328897953,-0.010739321109213051,14023.869209975,14024.267845629,14023.869260569,14023.880696766,14024.264449763,14024.264450088,0.39863565399900835,0.011436197000875836,0.3837529970005562,0.003395540999918012
669,0,16,0.40708458283916116,0.023868402839070768,14024.405116507,14024.788332687,14024.405167209,14024.416591056,14024.784899011,14024.784899336,0.3832161800000904,0.011423846999605303,0.3683079549991817,0.003433350999330287
670,0,16,0.379998458083719,-0.0035569299161579693,14024.966971917,14025.350527305,14024.967021536,14024.978535195,14025.347221143,14025.34722136,0.383555387999877,0.011513658999319887,0.3686859480003477,0.0033059449997381307
671,1,16,0.4259427092038095,0.03569623620387574,14025.491438026,14025.881684499,14025.49148667,14025.502645738,14025.878312684,14025.878313334,0.39024647299993376,0.01115906800077937,0.37566694599991024,0.0033711649994074833
672,4,16,0.4442956249695271,-0.015807098030563793,14026.05760942,14026.517712143,14026.057658064,14026.06943531,14026.513878373,14026.513878698,0.4601027230000909,0.01177724599983776,0.44444306299919845,0.0038334450000547804
673,0,16,0.4808725828770548,0.09568962787852797,14026.658499683,14027.043682638,14026.658549627,14026.670157108,14027.040210502,14027.040210935,0.38518295499852684,0.011607480999373365,0.3700533940009336,0.0034717029993771575
674,7,16,0.535379083128646,0.024281278127091355,14027.327068595,14027.8381664,14027.327119622,14027.338949196,14027.834184099,14027.834184532,0.5110978050015547,0.011829574001239962,0.4952349029990728,0.003981868001574185
675,0,16,0.3776903748512268,-0.004031711148854811,14027.983961232,14028.365683318,14027.984009876,14027.995554086,14028.362376073,14028.362376614,0.3817220860000816,0.011544209999556188,0.3668219870014582,0.003306703998532612
676,0,16,0.3742577501107007,-0.007065216888804571,14028.504356527,14028.885679494,14028.504404846,14028.516083071,14028.882411793,14028.882412118,0.3813229669995053,0.011678224998831865,0.36632872200061684,0.0032673759997123852
677,0,16,0.3826613330747932,-0.009585174924723106,14029.029306908,14029.421553416,14029.02935566,14029.041363018,14029.418202185,14029.418202619,0.3922465079995163,0.012007357998299995,0.37683916700007103,0.0033507970001664944
678,0,16,0.42300929105840623,-0.0015126229427551152,14029.567257026,14029.99177894,14029.567305562,14029.578897875,14029.988288061,14029.988288386,0.42452191400116135,0.011592313001528964,0.40939018599965493,0.003490554001473356
679,1,16,0.38673816714435816,-0.005763584855230874,14030.13539162,14030.527893372,14030.135439939,14030.147226935,14030.524563918,14030.524564243,0.39250175199958903,0.011786995999500505,0.3773369829996227,0.003329129000121611
680,0,16,0.433403667062521,0.051961853063403396,14030.740602092,14031.122043906,14030.740651386,14030.752125826,14031.118720302,14031.118720735,0.3814418139991176,0.011474439999801689,0.36659447599959094,0.003323171000374714
681,3,16,0.46759474999271333,-0.011894797007698799,14031.265424092,14031.744913639,14031.265472628,14031.277042515,14031.74114769,14031.741148123,0.47948954700041213,0.011569886999495793,0.4641051750004408,0.0037655160012946
682,0,16,0.4120152909308672,0.029408947930278373,14031.922666662,14032.305273005,14031.922715631,14031.934303718,14032.301981036,14032.301981361,0.3826063430005888,0.011588086999836378,0.3676773179995507,0.003291643999546068
683,3,16,0.45701462496072054,0.031169141961072455,14032.44743341,14032.873278893,14032.447482595,14032.459211089,14032.869786823,14032.869787256,0.4258454829996481,0.011728494000635692,0.4105757339984848,0.003491636998660397
684,0,16,0.4394508327823132,0.0500700907814462,14033.126297607,14033.515678349,14033.126347118,14033.137656343,14033.512361462,14033.512361895,0.38938074200086703,0.01130922500124143,0.37470511900028214,0.003316454000014346
685,0,16,0.3895031660795212,-0.009820544919421081,14033.655587699,14034.05491141,14033.655637318,14033.667358661,14034.051602214,14034.051602431,0.39932371099894226,0.011721343000317574,0.38424355300048774,0.0033089789994846797
686,5,16,0.453386208973825,0.0008098609723674599,14034.194170296,14034.646746644,14034.194219048,14034.20585253,14034.643166495,14034.64316682,0.4525763480014575,0.01163348199952452,0.4373139649997029,0.0035798240005533444
687,0,16,0.3930559998843819,-0.005241313116130186,14034.803038921,14035.201336234,14034.803089407,14034.815074121,14035.19776681,14035.197767135,0.3982973130005121,0.011984713999481755,0.38269268900148745,0.003569099000742426
688,1,16,0.404729750007391,-0.0028452269925764995,14035.340929995,14035.748504972,14035.340980372,14035.352740609,14035.745187326,14035.745187976,0.4075749769999675,0.011760236999180051,0.39244671699998435,0.003316996000648942
689,3,16,0.4106059579644352,-0.00650799503455346,14035.90048224,14036.317596193,14035.900530667,14035.912382884,14036.314150058,14036.314150383,0.4171139529989887,0.01185221699961403,0.40176717400026973,0.003445809999902849
690,4,16,0.41692412504926324,-0.005947252950136317,14036.462415546,14036.885286924,14036.462465164,14036.474115005,14036.881833097,14036.881833422,0.42287137799939956,0.011649840998870786,0.40771809200123243,0.0034535020004113903
691,5,16,0.49071454210206866,-0.01185183389861777,14037.030340829,14037.532907205,14037.030390232,14037.041955351,14037.528994891,14037.528995216,0.5025663760006864,0.01156511900080659,0.48703953999938676,0.003911989000698668
692,0,16,0.3926284578628838,-0.005689006136890384,14037.676947497,14038.075264961,14037.676995599,14037.688742294,14038.071746565,14038.071746781,0.3983174639997742,0.011746694999601459,0.3830042709996633,0.0035181800012651365
693,0,16,0.3769565410912037,-0.013007927909711725,14038.216963194,14038.606927663,14038.217012163,14038.228712706,14038.603599941,14038.603600375,0.3899644690009154,0.01170054300018819,0.37488723499882326,0.0033272880009462824
694,0,16,0.3859544999431819,-0.003750932055481826,14038.750426262,14039.140131694,14038.750475665,14038.762156381,14039.136823798,14039.136824124,0.3897054319986637,0.011680716001137625,0.3746674169997277,0.0033075699993787566
695,0,16,0.41819320898503065,-0.0045131700153433485,14039.290643794,14039.713350173,14039.290695254,14039.302444766,14039.709856153,14039.709856478,0.422706379000374,0.011749511999369133,0.40741138700104784,0.0034936949996335898
696,0,16,0.38994229189120233,0.0019481728922983166,14039.869842009,14040.257836128,14039.869890869,14039.881630847,14040.254488364,14040.254488689,0.387994118998904,0.011739977999241091,0.3728575170007389,0.0033474390002083965
697,0,16,0.3909524998161942,-0.011320073183014756,14040.39662515,14040.798897723,14040.396673036,14040.408603689,14040.795510958,14040.795511283,0.40227257299920893,0.01193065299958107,0.3869072689994937,0.0033864399993035477
698,0,16,0.39007845893502235,-0.0014669910651718965,14040.944551715,14041.336097165,14040.944601008,14040.956465251,14041.332690357,14041.332690682,0.39154545000019425,0.011864243000673014,0.3762251059997652,0.003406482999707805
699,0,16,0.4178035829681903,-0.009655167030359735,14041.47688958,14041.90434833,14041.476939849,14041.489049153,14041.900820942,14041.900821592,0.42745874999855005,0.01210930399975041,0.4117717890003405,0.0035267379989818437
700,1,16,0.3965006659273058,-0.011202692072401987,14042.045213766,14042.452917124,14042.04526306,14042.057072591,14042.449553326,14042.449553651,0.4077033579997078,0.011809531000835705,0.3924807349994808,0.003363472998898942
701,0,16,0.4078491248656064,0.014903617866366403,14042.620124707,14043.013070214,14042.620174435,14042.633830376,14043.009753327,14043.009753652,0.39294550699924,0.013655941000251914,0.3759229509996658,0.003316561998872203
702,4,16,0.4281412090640515,-0.0053498209363169735,14043.157886641,14043.591377671,14043.157936044,14043.169718274,14043.587905102,14043.587905427,0.4334910300003685,0.011782230001699645,0.41818682799930684,0.0034722439995675813
703,3,16,0.49930349993519485,0.06291073593456531,14043.815413274,14044.251806038,14043.815466252,14043.828475305,14044.248315918,14044.248316351,0.43639276400062954,0.013009053000132553,0.4198406129999057,0.0034896870001830393
704,0,16,0.3748961668461561,-0.013998243153764633,14044.385519951,14044.774414361,14044.385569028,14044.397397844,14044.770864113,14044.770864438,0.38889440999992075,0.011828816001070663,0.3734662689985271,0.003549922999809496
705,3,16,0.4960607090033591,0.07085128000289842,14045.004484411,14045.42969384,14045.00453468,14045.016606173,14045.425836561,14045.425836994,0.42520942900046066,0.012071492999893962,0.40923038800065115,0.0038568460004171357
706,0,16,0.39014341589063406,0.0007100218917912571,14045.575057484,14045.964490878,14045.57510667,14045.586957153,14045.961225235,14045.96122556,0.3894333939988428,0.011850483000671375,0.3742680819996167,0.0032653179987391923
707,0,16,0.46651687496341765,0.07690558996364416,14046.196776989,14046.586388274,14046.196828883,14046.20872216,14046.583073554,14046.58307377,0.3896112849997735,0.011893277000126545,0.3743513940007688,0.0033145039997179992
708,0,16,0.3887538749258965,-0.010127924073458416,14046.732376489,14047.131258288,14046.732425567,14046.744144527,14047.127856572,14047.127856789,0.39888179899935494,0.01171896000050765,0.38371204500072054,0.003401498999664909
709,0,16,0.38765220902860165,-0.004563530970699503,14047.276786065,14047.669001805,14047.276836443,14047.288663091,14047.665642016,14047.665642449,0.39221573999930115,0.01182664800035127,0.3769789250000031,0.003359356000146363
710,2,16,0.4173117498867214,-0.006729358114171191,14047.812413409,14048.236454517,14047.812462703,14047.824389348,14048.232976639,14048.232976964,0.42404110800089256,0.01192664500013052,0.40858729100000346,0.003477553000266198
711,3,16,0.4273580841254443,-0.010392592874268303,14048.377475093,14048.81522577,14048.377523195,14048.389405747,14048.811632837,14048.811633162,0.4377506769997126,0.011882552000315627,0.422227089999069,0.003592607999962638
712,0,16,0.38220266602002084,-0.008943340981204528,14048.951184237,14049.342330244,14048.951233748,14048.963506859,14049.338834598,14049.338834923,0.39114600700122537,0.012273111000467907,0.3753277390005678,0.0034953209997183876
713,0,16,0.38126437505707145,-0.0033389699419785757,14049.484801904,14049.869405249,14049.484851956,14049.496844904,14049.866041776,14049.866042101,0.38460334499905,0.011992948000624892,0.3691968719995202,0.003363147998243221
714,0,16,0.37735025002621114,-0.005650986973705585,14050.014010091,14050.397011328,14050.014060144,14050.026208449,14050.393618821,14050.393619254,0.3830012369999167,0.01214830500066455,0.3674103719986306,0.003392073998838896
715,4,16,0.41942895809188485,-0.0036795729083678452,14050.552603631,14050.975712162,14050.552653033,14050.564633522,14050.97218044,14050.972180873,0.4231085310002527,0.01198048900005233,0.40754691799884313,0.0035312890013301512
716,4,16,0.460175417130813,-0.014930000868844218,14051.111494254,14051.586599672,14051.111543331,14051.123565314,14051.582694725,14051.58269505,0.4751054179996572,0.012021982998703606,0.45912941100141325,0.0039046220008458477
717,2,16,0.399158958112821,-0.01078267088632856,14051.725311775,14052.135253404,14051.725362477,14051.737504716,14052.131686363,14052.131686797,0.40994162899914954,0.012142239000240806,0.3941816469996411,0.0035666069998114835
718,4,16,0.41846149996854365,-0.014152422032566392,14052.278464582,14052.711078504,14052.278513984,14052.290624588,14052.707357948,14052.707358381,0.43261392200111004,0.012110604000554304,0.41673335999985284,0.0037201230006758124
719,0,16,0.46734249987639487,0.07695659587625414,14052.849054231,14053.239440135,14052.849103525,14052.861447597,14053.23601946,14053.236019785,0.3903859040001407,0.012344071999905282,0.37457186299980094,0.0034203499999421183
720,0,16,0.4379194159992039,0.02623960600067221,14053.484404434,14053.896084244,14053.48445362,14053.496961717,14053.892611674,14053.892612108,0.4116798099985317,0.012508097001045826,0.3956499569994776,0.003472135998890735
721,1,16,0.4177074581384659,-0.01076869686221471,14054.065725323,14054.494201478,14054.06577765,14054.07790223,14054.490546575,14054.4905469,0.4284761550006806,0.012124580000090646,0.41264434500044445,0.003654578000350739
722,0,16,0.41333908308297396,0.023672004082982312,14054.625242467,14055.014909546,14054.625291219,14054.63748871,14055.011496455,14055.01149678,0.38966707899999165,0.012197490999824367,0.37400774500019907,0.003412766000110423
723,0,16,0.418753125006333,-0.009356304992252262,14055.195714244,14055.623823674,14055.195762779,14055.208054416,14055.620216981,14055.620217306,0.42810942999858526,0.012291637000089395,0.41216256500047166,0.0036063679999642773
724,1,16,0.43666254193522036,0.007920415935586789,14055.766877219,14056.195619345,14055.766926296,14055.779166906,14056.191980585,14056.19198091,0.42874212599963357,0.012240609999935259,0.41281367899864563,0.0036384350005391752
725,0,16,0.37930516595952213,-0.012387841039526393,14056.351835785,14056.743528792,14056.351885296,14056.36674921,14056.740191212,14056.740191754,0.3916930069990485,0.014863913998851785,0.37344200200095656,0.0033370380006090272
726,0,16,0.3848865001928061,-0.006006644807712291,14056.876518137,14057.267411282,14056.876566456,14056.888711078,14057.2640139,14057.264014333,0.3908931450005184,0.012144622000050731,0.37530282199986686,0.003396948999579763
727,0,16,0.39989791717380285,-0.011477785825263709,14057.410271336,14057.821647039,14057.410320738,14057.422559506,14057.818179887,14057.81818032,0.41137570299906656,0.012238768000315758,0.39562038099938945,0.0034667189993342618
728,5,16,0.4976683328859508,0.021438578885863535,14058.000435018,14058.476664772,14058.000483662,14058.013024585,14058.472937499,14058.472937824,0.47622975400008727,0.012540923000415205,0.4599129140005971,0.003726947999894037
729,1,16,0.38993399986065924,-0.01026346013895818,14058.618347404,14059.018544864,14058.618396698,14058.63105441,14059.015127114,14059.015127439,0.4001974599996174,0.0126577119990543,0.38407270400057314,0.0034174250013165874
730,0,16,0.4142876248806715,0.02261271088173089,14059.193124006,14059.58479892,14059.193173408,14059.205788868,14059.580831353,14059.580831678,0.3916749139989406,0.012615459998414735,0.37504248500044923,0.0039672419989074115
731,1,16,0.4013485840987414,-0.008900616900064051,14059.728832495,14060.139081696,14059.728880055,14059.740894021,14060.135609885,14060.13561021,0.41024920099880546,0.012013966001177323,0.3947158639984991,0.0034714859993982827
732,2,16,0.4899259158410132,0.05948244483988674,14060.356697168,14060.787140639,14060.356747654,14060.369180889,14060.78363741,14060.783638169,0.43044347100112645,0.012433235000571585,0.4144565210008295,0.0035024700009671506
733,0,16,0.3875218341127038,-0.012756229887600057,14060.92613648,14061.326414544,14060.926186207,14060.938589758,14061.323056596,14061.323057246,0.40027806400030386,0.012403550999806612,0.3844668380006624,0.0033572980009921594
734,6,16,0.5172746661119163,0.042210850111587206,14061.533480785,14062.008544601,14061.533530078,14061.545931896,14062.004803894,14062.004804545,0.4750638160003291,0.01240181799948914,0.458871998000177,0.0037400559995148797
735,8,16,0.48926491593010724,-0.01843984106926655,14062.142992614,14062.650697371,14062.143041908,14062.155392481,14062.64677238,14062.646772705,0.5077047569993738,0.012350572998911957,0.49137989900009416,0.0039246659998752875
736,0,16,0.42828308301977813,-0.015765952979563735,14062.787187562,14063.231236598,14062.787237181,14062.799312466,14063.227415829,14063.227416154,0.44404903599934187,0.01207528499980981,0.42810336299953633,0.0038204439988476224
737,3,16,0.42740045790560544,-0.010358778094087029,14063.373431021,14063.811190257,14063.373480423,14063.386388397,14063.807603607,14063.807603824,0.43775923599969246,0.012907973999972455,0.42121520999899076,0.003586433000236866
738,3,16,0.40507808281108737,-0.012386128189973533,14063.947605369,14064.36506958,14063.947655638,14063.960112058,14064.361547825,14064.36154815,0.4174642110010609,0.012456419999580248,0.4014357670002937,0.0035214300005463883
739,0,16,0.3900974579155445,-0.0018662870843400015,14064.507149489,14064.899113234,14064.507197916,14064.519707638,14064.895767962,14064.895768287,0.3919637449998845,0.012509722000686452,0.37606032399889955,0.003344946999277454
740,0,16,0.4455300827976316,0.022115712796221487,14065.081910382,14065.505324752,14065.081959567,14065.094248062,14065.501795955,14065.501796388,0.42341437000141013,0.012288494999666,0.4075478930008103,0.003528364000885631
741,3,16,0.4081367498729378,-0.011969075127126416,14065.643701439,14066.063807264,14065.643751383,14065.656535201,14066.060127985,14066.060128527,0.4201058250000642,0.01278381799966155,0.40359278399955656,0.0036787369990634033
742,0,16,0.42177762486971915,0.029500890870622243,14066.247261376,14066.63953811,14066.247310454,14066.25995939,14066.636109851,14066.636110285,0.3922767339990969,0.012648935999095556,0.37615046100108884,0.0034278249986527953
743,1,16,0.3890594579279423,-0.011399422071917797,14066.778038953,14067.178497833,14066.778088789,14066.790590819,14067.17501313,14067.175013347,0.4004588799998601,0.01250203000017791,0.38442231099907076,0.0034844860001612687
744,3,16,0.43417791719548404,-0.012363876805466134,14067.320358357,14067.766900151,14067.320408084,14067.333048896,14067.763189562,14067.763189995,0.4465417940009502,0.01264081199951761,0.43014066599971557,0.0037101560010341927
745,0,16,0.4003434169571847,-0.0009350430427730316,14067.910697331,14068.311975791,14067.910746516,14067.92396878,14068.308452302,14068.308452736,0.4012784599999577,0.013222264000432915,0.3844835220006644,0.0035230550001870142
746,0,16,0.3994063751306385,0.009535945131574408,14068.48053002,14068.87040045,14068.480578339,14068.493381224,14068.867079121,14068.867079446,0.38987042999906407,0.012802884999473463,0.3736978970009659,0.0033210040000994923
747,0,16,0.38069045916199684,-0.009594256838681758,14069.005113676,14069.395398392,14069.005162753,14069.017716677,14069.392048462,14069.392049112,0.3902847160006786,0.012553924001622363,0.3743317849985033,0.0033492799993837252
748,0,16,0.3804230419918895,-0.01095069200891885,14069.534887064,14069.926260798,14069.534937117,14069.547590279,14069.922873166,14069.922873491,0.3913737340008083,0.012653162000788143,0.37528288700013945,0.0033873070005938644
749,1,16,0.3860937498975545,-0.010550212102316436,14070.057542406,14070.454186368,14070.057592567,14070.070127423,14070.450724307,14070.450724632,0.39664396199987095,0.01253485599954729,0.3805968840006244,0.003461735999735538
750,0,16,0.38053983310237527,-0.007166322897319333,14070.595414845,14070.983121001,14070.595465656,14070.607969311,14070.979652657,14070.979652982,0.3877061559996946,0.012503654999818536,0.37168334600028174,0.003468019000138156
751,0,16,0.37270112498663366,-0.009994923013437074,14071.124689011,14071.507385059,14071.124737871,14071.137407068,14071.504083881,14071.504084206,0.38269604800007073,0.01266919699992286,0.36667681300059485,0.003300852999018389
752,0,16,0.38998874998651445,-0.003799954014539253,14071.652498442,14072.046287146,14071.652547302,14071.665082917,14072.042321312,14072.042321962,0.3937887040010537,0.01253561500016076,0.3772383949999494,0.003965183999753208
753,3,16,0.4061105828732252,-0.012976429126865696,14072.180965811,14072.600052823,14072.181014889,14072.193519302,14072.596516875,14072.596517309,0.4190870120000909,0.012504412999987835,0.4029975730009028,0.003535513998940587
754,0,16,0.37655933387577534,-0.010188785125137656,14072.740717399,14073.127465518,14072.740767235,14072.753083898,14073.124003133,14073.124003674,0.386748119000913,0.012316663000092376,0.37091923499974655,0.003461844000412384
755,0,16,0.4639985410030931,0.05284460700386262,14073.265486206,14073.67664014,14073.265536366,14073.278004486,14073.673111885,14073.673112318,0.4111539339992305,0.01246811999953934,0.39510739900106273,0.003527822000251035
756,0,16,0.3746827079448849,-0.009810240055230679,14073.885729925,14074.270222873,14073.885777919,14073.898668884,14074.26684835,14074.266848675,0.3844929480001156,0.012890964999314747,0.3681794660005835,0.0033741979987098603
757,0,16,0.39004504098556936,0.0053977109855622984,14074.415704498,14074.800351828,14074.415754009,14074.428422555,14074.797010023,14074.797010456,0.38464733000000706,0.012668545999986236,0.36858746799953224,0.003341371999340481
758,0,16,0.3759053749963641,-0.0075081980030518025,14074.957268892,14075.340682465,14074.957318403,14074.970213484,14075.33734001,14075.337340443,0.3834135729994159,0.012895081001261133,0.36712652599999274,0.0033420219988329336
759,0,16,0.3774558750446886,-0.007963040956383338,14075.4824392,14075.867858116,14075.482487844,14075.495131473,14075.864347087,14075.864347628,0.3854189160010719,0.012643629001104273,0.3692156139986764,0.0035104880007565953
760,4,16,0.40762491687200963,-0.010896459129071445,14076.009251377,14076.427772753,14076.009300995,14076.022007893,14076.424169744,14076.424170178,0.4185213760010811,0.012706898000033107,0.40216185099961876,0.003602575001423247
761,0,16,0.4042445421218872,-0.012929430879012216,14076.566635771,14076.983809744,14076.566685065,14076.579446132,14076.980242703,14076.980243028,0.4171739730008994,0.012761067000610637,0.4007965710006829,0.0035667160009325016
762,2,16,0.3979775831103325,-0.013910993890021928,14077.120522137,14077.532410714,14077.120596565,14077.133659138,14077.528443797,14077.528444339,0.4118885770003544,0.013062572999842814,0.39478465899992443,0.003966375001255074
763,0,16,0.3957622500602156,-0.015111521939616068,14077.661966059,14078.072839831,14077.662015353,14077.674949219,14078.069318617,14078.069318942,0.41087377199983166,0.012933865999002592,0.3943693979999807,0.0035208890003559645
764,0,16,0.37330937501974404,-0.01013290698028868,14078.212878428,14078.59632071,14078.212927397,14078.225651196,14078.592967422,14078.592967855,0.3834422820000327,0.012723799000013969,0.36731622600018454,0.003352854999320698
765,0,16,0.37271849997341633,-0.008179023025149945,14078.737639434,14079.118536957,14078.73768862,14078.750292704,14079.115203277,14079.115203602,0.3808975229985663,0.012604084000486182,0.36491057300008833,0.0033333549999952083
766,0,16,0.4217092921026051,0.0369193881033425,14079.303941267,14079.688731171,14079.303990561,14079.316870584,14079.685382757,14079.685383082,0.3847899039992626,0.012880022999524954,0.3685121729995444,0.003348088999700849
767,0,16,0.371789334109053,-0.013672591891008778,14079.822253541,14080.207715467,14079.822303702,14079.834958597,14080.204417214,14080.204417539,0.3854619260000618,0.012654895001105615,0.3694586169985996,0.003297928000392858
768,5,16,0.4740259170066565,-0.01453588399272121,14080.347901405,14080.836463206,14080.347950699,14080.360751093,14080.832442011,14080.832442336,0.48856180099937774,0.012800393998986692,0.47169091800060414,0.0040208699992945185
769,2,16,0.40278233401477337,-0.008982412984551047,14080.974050323,14081.38581507,14080.974101026,14080.986833275,14081.382266989,14081.382267639,0.4117647469993244,0.01273224899887282,0.395433714000319,0.003547431000697543
770,0,16,0.4100367908831686,-0.0019999931173515506,14081.537903493,14081.949940277,14081.537953762,14081.550709846,14081.946479083,14081.946479408,0.41203678400052013,0.012756084001011914,0.39576923700042244,0.0034608690002642106
771,1,16,0.38193537504412234,-0.011172313954375568,14082.08013666,14082.473244349,14082.080185845,14082.093039108,14082.469841116,14082.46984155,0.3931076889984979,0.012853263000579318,0.3768020080005954,0.003402798998649814
772,0,16,0.37888683285564184,-0.006780395144232898,14082.6137241,14082.999391328,14082.613773286,14082.626537495,14082.99602233,14082.996022655,0.38566722799987474,0.012764208999215043,0.36948483500054863,0.00336867300029553
773,0,16,0.4072559168562293,-0.009363471144752111,14083.13525489,14083.551874278,14083.135305159,14083.148125704,14083.548323272,14083.548323705,0.4166193880009814,0.012820545000067796,0.40019756800029427,0.003550573001120938
774,0,16,0.3837682500015944,-0.007161945999541786,14083.687603501,14084.078533697,14083.687652795,14083.700535959,14084.075123314,14084.075123639,0.3909301960011362,0.012883163999504177,0.3745873549996759,0.0034100579996447777
775,0,16,0.37644325010478497,-0.006816156896093162,14084.218759287,14084.602018694,14084.218809014,14084.231654694,14084.598695307,14084.598695632,0.3832594070008781,0.012845679999372805,0.3670406130004267,0.0033230620010726852
776,3,16,0.4988394998945296,0.04833490589408029,14084.805692644,14085.256197238,14084.805743022,14084.818587184,14085.252482858,14085.252483399,0.4505045940004493,0.012844161999964854,0.4338956740011781,0.0037138390016480116
777,0,16,0.41404941701330245,-0.010771293988000252,14085.405229003,14085.830049714,14085.40527873,14085.417981836,14085.826435979,14085.826436304,0.4248207110013027,0.012703106000117259,0.4084541429983801,0.003613410000980366
778,0,16,0.4057499999180436,-0.010807960081365309,14085.971387505,14086.387945465,14085.971437015,14085.98440035,14086.38391062,14086.383910945,0.4165579599994089,0.012963335000677034,0.39951026999915484,0.004034519999549957
779,2,16,0.43457716586999595,-0.007836936129024252,14086.535437417,14086.977851519,14086.535488444,14086.548383093,14086.973992182,14086.973992507,0.4424141019990202,0.012894649000372738,0.4256090889994084,0.003859011998429196
780,0,16,0.38816320803016424,0.0037746980306110345,14087.11883136,14087.50321987,14087.118882388,14087.132238882,14087.499791177,14087.499791502,0.3843885099995532,0.013356494000618113,0.3675522949997685,0.003428367999731563
781,4,16,0.42375537496991456,-0.014930154031389975,14087.652513705,14088.091199234,14087.652564082,14087.665924911,14088.087481603,14088.087481928,0.43868552900130453,0.013360828999793739,0.42155669199928525,0.0037173060009081382
782,8,16,0.5735186659730971,0.03916765597205085,14088.251673046,14088.786024056,14088.251742383,14088.264661191,14088.781926916,14088.781927241,0.5343510100010462,0.012918808000904392,0.5172657250004704,0.004096815000593779
783,4,16,0.4206354159396142,-0.0035943090606451733,14088.975344365,14089.39957409,14088.975394309,14088.988605522,14089.395922112,14089.395922545,0.42422972500025935,0.013211212999522104,0.4073165900008462,0.003651545001048362
784,2,16,0.49565379205159843,0.06449203705051332,14089.547995476,14089.979157231,14089.548044662,14089.561156745,14089.975457584,14089.975457909,0.4311617550010851,0.01311208299921418,0.41430083900013415,0.0036993220001022564
785,0,16,0.38130158418789506,-0.002356507811782649,14090.203022418,14090.58668051,14090.20307117,14090.216071557,14090.583133621,14090.583133946,0.3836580919996777,0.01300038699992001,0.3670620639986737,0.0035465639994072262
786,0,16,0.404743833001703,-0.008118813999317354,14090.732212296,14091.145074943,14090.732263215,14090.745411917,14091.141475943,14091.141476485,0.4128626470010204,0.01314870199894358,0.39606402600111323,0.0035984580008516787
787,1,16,0.4012403329834342,-0.011410080018322333,14091.287810191,14091.700460604,14091.28785981,14091.301029096,14091.696871462,14091.696871787,0.41265041300175653,0.01316928599953826,0.3958423660005792,0.0035888170004909625
788,0,16,0.41805729106999934,-0.0030349549306265544,14091.842753289,14092.263845535,14091.8428028,14091.855674697,14092.26006691,14092.260067235,0.4210922460006259,0.012871897000877652,0.4043922129985731,0.0037783000007038936
789,0,16,0.42711741710081697,-0.013448865898681106,14092.406661061,14092.847227344,14092.406710355,14092.419811172,14092.843510364,14092.843510689,0.44056628299949807,0.013100816999212839,0.4236991920006403,0.003716655000971514
790,4,16,0.5826417079661041,0.08125968696731434,14092.990128133,14093.491510154,14092.990178835,14093.003344871,14093.487519077,14093.487519402,0.5013820209987898,0.013166036000257009,0.4841742059998069,0.003990751998571795
791,0,16,0.38440312491729856,-0.0009062600820470834,14093.740704525,14094.12601391,14093.740776136,14093.753843043,14094.122194658,14094.122194983,0.38530938499934564,0.013066907000393257,0.368351615001302,0.0038189269998838427
792,0,16,0.39947100006975234,0.01291214806951757,14094.269898628,14094.65645748,14094.269947489,14094.283053505,14094.65308924,14094.653089674,0.38655885200023477,0.013106016000165255,0.37003573500078346,0.0033678059990052134
793,0,16,0.4015929999295622,-0.006900579070133972,14094.825059269,14095.233552848,14094.825111164,14094.838306017,14095.230055144,14095.230055469,0.4084935789996962,0.013194852999731665,0.39174912700036657,0.0034973790006915806
794,3,16,0.41078425012528896,-0.010021116875577718,14095.376048667,14095.796854034,14095.376097636,14095.389333334,14095.79337128,14095.793371605,0.4208053670008667,0.013235697999334661,0.4040379460002441,0.003482429001451237
795,3,16,0.4169727920088917,-0.014465225991443731,14095.926946519,14096.358384537,14095.926997005,14095.94068534,14096.354823889,14096.354824214,0.43143801800033543,0.013688334998732898,0.4141385490001994,0.0035603229989646934
796,8,16,0.4780639158561826,-0.016330390144503326,14096.499491134,14096.99388544,14096.499540428,14096.513339052,14096.989911914,14096.989912347,0.4943943060006859,0.013798624000628479,0.47657286199864757,0.003973093000240624
797,3,16,0.40650512487627566,-0.01193489012257487,14097.137237999,14097.555678014,14097.137288485,14097.150466871,14097.552162867,14097.552163192,0.41844001499885053,0.013178385999708553,0.4016959959990345,0.003514821999488049
798,0,16,0.3937918748706579,-0.00784594312972331,14097.697518387,14098.099156205,14097.697568439,14097.710720932,14098.095561213,14098.095561538,0.40163781800038123,0.013152493000234244,0.3848402809999243,0.0035946669995610137
799,0,16,0.39407483395189047,0.008912570952816168,14098.263000965,14098.648163228,14098.263073769,14098.27650025,14098.644496624,14098.644497166,0.3851622629990743,0.013426481000351487,0.36799637399963103,0.0036660619989561383
800,2,16,0.4285143748857081,-0.010385447112639667,14098.789944448,14099.22884427,14098.78999385,14098.803646108,14099.225194892,14099.225195217,0.43889982199834776,0.013652257999638095,0.421548784001061,0.00364905299829843
801,4,16,0.535692207980901,0.1118046149804286,14099.423371537,14099.84725913,14099.423420289,14099.436626952,14099.843743116,14099.84374355,0.4238875930004724,0.013206662999436958,0.4071161640003993,0.003515579999657348
802,0,16,0.3786956660915166,-0.012626498908502981,14100.065347065,14100.45666923,14100.065395059,14100.078782322,14100.453278239,14100.453278564,0.3913221650000196,0.013387262999458471,0.3744959169998765,0.003390665999177145
803,0,16,0.42053524986840785,0.027776626868217136,14100.632258735,14101.025017358,14100.632308137,14100.645543726,14101.021598633,14101.021598958,0.3927586230001907,0.013235589000032633,0.37605490700116206,0.003418400001464761
804,0,16,0.4156052079051733,0.01924996790512523,14101.171546723,14101.567901963,14101.171596451,14101.185321512,14101.564535132,14101.564535457,0.39635524000004807,0.01372506100051396,0.37921361999906367,0.0033665060000203084
805,0,16,0.4381861661095172,0.04516655610859743,14101.796202414,14102.189222024,14101.796252358,14101.809885441,14102.185735804,14102.185736129,0.3930196100009198,0.013633082999149337,0.3758503629996994,0.003485895000267192
806,2,16,0.4413130418397486,-0.007766470160277095,14102.331934304,14102.781013816,14102.331982623,14102.345318859,14102.776668147,14102.776668472,0.4490795120000257,0.013336235999304336,0.4313492880010017,0.004345343999375473
807,1,16,0.4350747079588473,0.03379516495806456,14102.971806118,14103.373085661,14102.971855195,14102.985547214,14103.369558164,14103.369558489,0.4012795430007827,0.01369201899979089,0.38401094999971974,0.0035271720007585827
808,0,16,0.38129599997773767,-0.01046287702229165,14103.509548876,14103.901307753,14103.509669348,14103.522865827,14103.897818174,14103.897818499,0.3917588770000293,0.013196478999816463,0.37495234699963476,0.0034892540006694617
809,2,16,0.4245999159757048,-0.013189871026042965,14104.043236855,14104.481026642,14104.043285715,14104.056595083,14104.47732082,14104.477321254,0.43778978700174775,0.013309367999681854,0.42072573699988425,0.003705388000526
810,4,16,0.4398602081928402,-0.009255487806512974,14104.623547813,14105.072663509,14104.62359754,14104.636787194,14105.06898358,14105.068983905,0.4491156959993532,0.013189654000598239,0.43219638600021426,0.00367960400035372
811,0,16,0.39324662508443,0.0016544810841878643,14105.221517708,14105.613109852,14105.221565701,14105.235260754,14105.609596113,14105.609596439,0.3915921440002421,0.013695052999537438,0.37433535899981507,0.003513412999382126
812,1,16,0.47911541583016515,0.0770978718301194,14105.761172638,14106.163190182,14105.761220524,14105.774700957,14106.159712846,14106.159713171,0.40201754400004575,0.013480432999131153,0.38501188900045236,0.0034770109996316023
813,0,16,0.38705725013278425,-0.003816393867964507,14106.392219209,14106.783092853,14106.392268611,14106.405805272,14106.779664377,14106.779664702,0.39087364400074875,0.01353666099930706,0.3738591050005198,0.0034281509997526882
814,1,16,0.4272572079207748,0.0277799819214124,14106.925831459,14107.325308685,14106.925880861,14106.939354578,14107.321895702,14107.321896027,0.3994772259993624,0.013473717001033947,0.38254112399954465,0.003412657999433577
815,0,16,0.3916996659245342,-0.009018793076393194,14107.508090341,14107.9088088,14107.508138876,14107.522158727,14107.90533038,14107.90533103,0.4007184590009274,0.014019850999829941,0.38317165299849876,0.003477770000245073
816,3,16,0.4050495410338044,-0.014492599966615671,14108.042911647,14108.462453788,14108.042961808,14108.05644625,14108.458919357,14108.458919682,0.4195421410004201,0.013484442000844865,0.4024731069985137,0.0035341060010978254
817,0,16,0.3876283329445869,-0.004107467055291636,14108.604574649,14108.996310449,14108.604623834,14108.618096793,14108.992875581,14108.992875798,0.3917357999998785,0.013472958999045659,0.37477878800018516,0.0034346510001341812
818,0,16,0.39662241702899337,0.006352435028020409,14109.151142325,14109.541412307,14109.151210578,14109.164693178,14109.538042768,14109.538043093,0.39026998200097296,0.013482599999406375,0.3733495899996342,0.003369214000485954
819,0,16,0.39980454090982676,-0.010112061090694624,14109.67175148,14110.081668082,14109.671800124,14109.685334943,14110.07817157,14110.078171895,0.4099166020005214,0.013534818999687559,0.39283662699926936,0.0034961870005645324
820,0,16,0.4138846250716597,-0.010727317927376134,14110.224794973,14110.649406916,14110.224845892,14110.238330768,14110.64576068,14110.645761113,0.4246119429990358,0.013484875998983625,0.40742991200022516,0.003645802999017178
821,0,16,0.3805898749269545,-0.010684729071726906,14110.786570755,14111.177845359,14110.786620915,14110.800209471,14111.174330538,14111.174330863,0.3912746039986814,0.013588555999376695,0.374121067001397,0.0035144960002071457
822,7,16,0.5234107500873506,0.02919780308729969,14111.324482846,14111.818695793,14111.324531707,14111.337936628,14111.814534842,14111.814535167,0.4942129470000509,0.01340492100098345,0.47659821399975044,0.004160626000157208
823,0,16,0.41315737506374717,0.021664794063326553,14111.996922362,14112.388414943,14111.996971656,14112.010566495,14112.384831869,14112.384832519,0.3914925810004206,0.013594838999779313,0.37426537399915105,0.0035824240003421437
824,8,16,0.4444082910194993,-0.014903127981597208,14112.565125426,14113.024436845,14112.565174611,14112.578884939,14113.020655403,14113.020655836,0.4593114190010965,0.013710327999433503,0.4417704640000011,0.0037810089997947216
825,13,16,0.5924076249357313,-0.026559219064438366,14113.159455584,14113.778422428,14113.159505853,14113.173130161,14113.773885976,14113.773886301,0.6189668440001697,0.013624307999634766,0.600755814999502,0.004536127000392298
826,0,16,0.40120941679924726,0.010245309798847302,14113.935976738,14114.326940845,14113.936027657,14113.949615779,14114.323411614,14114.323412048,0.39096410700039996,0.013588121999418945,0.3737958349993278,0.0035287970003992086
827,1,16,0.4438252500258386,0.02409005002664344,14114.506459132,14114.926194332,14114.506507234,14114.520228179,14114.922423182,14114.922423507,0.4197351999991952,0.013720945000386564,0.40219500300008804,0.003770825000174227
828,0,16,0.3875882080756128,-0.003787258925513015,14115.073352385,14115.464727852,14115.07340287,14115.086913097,14115.461256149,14115.461256799,0.3913754670011258,0.013510226999642327,0.3743430519989488,0.003471052999884705
829,0,16,0.4515101669821888,0.03069862598204054,14115.640726118,14116.061537659,14115.640774978,14115.654810213,14116.057975927,14116.057976252,0.4208115410001483,0.014035235000847024,0.4031657140003517,0.003561407000233885
830,4,16,0.5414199170190841,0.0757857620192226,14116.20901726,14116.674651415,14116.209137516,14116.222745789,14116.670836063,14116.670836388,0.4656341549998615,0.013608273000500049,0.44809027399969636,0.003815026999291149
831,0,16,0.4735697091091424,0.060002537109539844,14116.983231782,14117.396798954,14116.983280209,14116.997003213,14117.393128667,14117.393128992,0.4135671719996026,0.01372300399998494,0.39612545399904775,0.003669961999548832
832,0,16,0.4125007081311196,0.007064872132104938,14117.551992463,14117.957428299,14117.552041865,14117.565849806,14117.953916078,14117.953916511,0.40543583599901467,0.013807941000777646,0.3880662720002874,0.0035117879997415002
833,1,16,0.41432870808057487,0.01274321708115167,14118.119913955,14118.521499446,14118.119961515,14118.133696111,14118.517985491,14118.517985816,0.4015854909994232,0.013734595999267185,0.3842893800010643,0.003513629999361001
834,0,16,0.43077312503010035,0.012417181031196378,14118.690993402,14119.109349346,14118.691043779,14118.704727022,14119.105766813,14119.105767354,0.41835594399890397,0.013683242999832146,0.40103979100058496,0.0035819919994537486
835,2,16,0.42502708290703595,0.0014726309054822195,14119.254389167,14119.677943619,14119.254439652,14119.268022141,14119.674375712,14119.674376037,0.4235544520015537,0.01358248899850878,0.40635357100109104,0.0035675820017786464
836,0,16,0.4107831660658121,-0.007028268933936488,14119.824769723,14120.242581158,14119.824820208,14119.838911454,14120.238906213,14120.238906646,0.4178114349997486,0.014091246001044055,0.39999475900003745,0.003674511999633978
837,0,16,0.3939276661258191,0.007926432124804705,14120.390770159,14120.776771393,14120.390817936,14120.404543865,14120.773350393,14120.773350718,0.3860012340010144,0.01372592899861047,0.36880652800027747,0.0034206750005978392
838,4,16,0.47324608406051993,0.022249851061133086,14120.959052201,14121.410048434,14120.959101061,14120.973054284,14121.406333295,14121.40633362,0.45099623299938685,0.013953223000498838,0.43327901100019517,0.0037148139999771956
839,0,16,0.4005562081001699,0.014496362100544502,14121.576981488,14121.963041334,14121.577030349,14121.590734068,14121.959464543,14121.959465084,0.3860598459996254,0.01370371899974998,0.36873047500012035,0.003576249999241554
840,5,16,0.5250364579260349,0.06252201492679887,14122.102111386,14122.564625829,14122.102161222,14122.116487236,14122.560836045,14122.56083637,0.46251444299923605,0.014326014001198928,0.44434880900007556,0.0037894590004725615
841,0,16,0.41874516708776355,0.023198890086860047,14122.788391453,14123.18393773,14122.78844118,14122.802555827,14123.180369498,14123.180369931,0.3955462770009035,0.014114646999587421,0.37781367100069474,0.0035677989999385318
842,0,16,0.4152308749035001,0.031221006902342197,14123.357922094,14123.741931962,14123.357972472,14123.371782579,14123.738467518,14123.738467951,0.3840098680011579,0.013810107000608696,0.36668493899924215,0.0034640110006876057
843,4,16,0.43495587492361665,-0.014331321077406756,14123.924084171,14124.373371367,14123.924148849,14123.937963182,14124.369458077,14124.369458619,0.4492871960010234,0.013814332998663303,0.4314948950013786,0.0039127480013121385
844,4,16,0.424245584057644,-0.006876735942569212,14124.520589223,14124.951711543,14124.520663976,14124.534467908,14124.948010054,14124.948010379,0.4311223200002132,0.013803932000882924,0.4135421459995996,0.0037011640015407465
845,0,16,0.4056260830257088,-0.008951235975473537,14125.093166772,14125.507744091,14125.093217908,14125.107017507,14125.504137616,14125.504137941,0.41457731900118233,0.013799599000776652,0.39712010900075256,0.00360615000136022
846,0,16,0.3984730001538992,0.0031936681534716627,14125.650606853,14126.045886185,14125.650680631,14125.664595827,14126.042494977,14126.042495411,0.39527933200042753,0.013915195999288699,0.37789915000030305,0.003390773999853991
847,0,16,0.41850762511603534,0.03323594111679995,14126.195002995,14126.580274679,14126.195052614,14126.20930485,14126.576838511,14126.576838945,0.3852716839992354,0.0142522359983559,0.36753366100128915,0.0034357339991402114
848,0,16,0.4162665409967303,0.028828522996263928,14126.765856556,14127.153294574,14126.765906175,14126.7799192,14127.149865015,14127.149865448,0.3874380180004664,0.014013025000167545,0.36994581500039203,0.0034291259999008616
849,0,16,0.4164464578498155,0.03198731184966164,14127.327197793,14127.711656939,14127.327331591,14127.340927622,14127.708266382,14127.708266815,0.38445914600015385,0.01359603100172535,0.3673387599992566,0.0033901240003615385
850,0,16,0.4195819578599185,-0.008932441140132141,14127.902014913,14128.330529312,14127.902063882,14127.916166936,14128.32696173,14128.326962163,0.4285143990000506,0.014103053999861004,0.41079479399923,0.00356714899862709
851,0,16,0.41845254180952907,0.02417967381006747,14128.465932003,14128.860204871,14128.465998306,14128.479904834,14128.856769245,14128.856769787,0.3942728679994616,0.013906528000006801,0.37686441100049706,0.003435083999647759
852,0,16,0.41788679198361933,0.023572320982566453,14129.036413638,14129.430728109,14129.036462716,14129.050360469,14129.427191403,14129.427191836,0.3943144710010529,0.01389775300049223,0.37683093399937206,0.003536273001373047
853,0,16,0.4202141670975834,0.03741422209714074,14129.611767358,14129.994567303,14129.611815786,14129.625637485,14129.991191371,14129.991191696,0.3827999450004427,0.013821698999890941,0.3655538860002707,0.0033756069988157833
854,2,16,0.4289280418306589,-0.013464825169648975,14130.172862017,14130.615254884,14130.172910986,14130.186794005,14130.611550254,14130.611550688,0.4423928670003079,0.0138830189989676,0.42475624899998365,0.0037041960003989516
855,2,16,0.41094483295455575,-7.963804455357604e-05,14130.75647892,14131.167503391,14130.756530598,14130.770930932,14131.164011537,14131.164011971,0.4110244709991093,0.014400333999219583,0.3930806049993407,0.0034914200005005114
856,0,16,0.4041955419816077,-0.005473616020026384,14131.322341983,14131.732011141,14131.322391927,14131.336994422,14131.728330129,14131.728330454,0.40966915800163406,0.014602494999053306,0.3913357070014172,0.0036806870011787396
857,0,16,0.41699387482367456,0.03336091682285769,14131.877744978,14132.261377936,14131.87779503,14131.891719218,14132.257954985,14132.25795531,0.38363295800081687,0.013924188000601134,0.3662357670000347,0.0034226259995193686
858,3,16,0.4737750419881195,0.062218846987889265,14132.519723106,14132.931279301,14132.5197724,14132.534239904,14132.927581821,14132.927582254,0.4115561950002302,0.014467503999185283,0.3933419170007255,0.0036970469991501886
859,0,16,0.3818078748881817,-0.002849314112609136,14133.075635832,14133.460293021,14133.075684259,14133.089695009,14133.456900839,14133.456901272,0.3846571890007908,0.014010749999215477,0.36720583000169427,0.0033917490000021644
860,0,16,0.39208612497895956,0.00921034297789447,14133.608513656,14133.991389438,14133.608563492,14133.622923092,14133.98795847,14133.98795912,0.3828757820010651,0.01435959999980696,0.3650353779994475,0.00343031800002791
861,1,16,0.4212797498330474,0.006915532832863391,14134.146646433,14134.56101065,14134.146696377,14134.161107112,14134.557432342,14134.557432884,0.414364217000184,0.014410735000637942,0.3963252300000022,0.003577766001399141
862,0,16,0.4152466249652207,0.03346181096458167,14134.716902725,14135.098687539,14134.716951694,14134.731035247,14135.095327533,14135.095327749,0.381784814000639,0.014083553000091342,0.3642922859999089,0.0033597900001041126
863,4,16,0.42937166686169803,-0.0011552251380635425,14135.278606462,14135.709133354,14135.27865543,14135.292736275,14135.70535267,14135.705352995,0.4305268919997616,0.014080844999625697,0.4126163950004411,0.0037803589984832797
864,5,16,0.46662708395160735,-0.015514153048570734,14135.862181763,14136.344323,14135.862229649,14135.876604416,14136.340280029,14136.340280571,0.4821412370001781,0.014374767000845168,0.463675613000305,0.004042429000037373
865,0,16,0.40080483304336667,-0.008794662957370747,14136.486844821,14136.896444317,14136.486894223,14136.501744162,14136.892766446,14136.89276688,0.4095994960007374,0.014849938999759615,0.39102228400042804,0.0036774370000784984
866,3,16,0.4196034171618521,-0.009399911839864217,14137.039916916,14137.468920245,14137.039965126,14137.054399046,14137.465076617,14137.465077159,0.42900332900171634,0.014433919999646605,0.4106775710006332,0.0038430860004154965
867,1,16,0.40658725006505847,-0.002413350934148184,14137.612524692,14138.021525293,14137.612574202,14137.62679502,14138.017977862,14138.017978404,0.40900060099920665,0.014220818000467261,0.3911828420004895,0.003546889000062947
868,0,16,0.39440395892597735,0.004261381925971364,14138.169919703,14138.56006228,14138.169970189,14138.184126112,14138.556629796,14138.556630446,0.390142577000006,0.01415592300145363,0.3725036839987297,0.0034318339985475177
869,2,16,0.4335047088097781,0.015278228809620487,14138.736013635,14139.154240115,14138.736062063,14138.750118315,14139.150630389,14139.150630931,0.4182264800001576,0.014056251999136293,0.40051207400028943,0.0036091839992877794
870,0,16,0.390317875193432,-0.0033491648064227775,14139.295572056,14139.689239096,14139.295621025,14139.309961124,14139.685444979,14139.68544552,0.39366703999985475,0.014340099000037299,0.37548385500122095,0.00379357600104413
871,4,16,0.4630148340947926,-0.016540690905458177,14139.833509715,14140.31306524,14139.833558576,14139.848145794,14140.308579707,14140.308580032,0.4795555250002508,0.014587218000087887,0.46043391300008807,0.004485207999096019
872,0,16,0.3797565831337124,-0.009397839867233415,14140.453834905,14140.842989328,14140.453885391,14140.468237515,14140.839532792,14140.839533117,0.3891544230009458,0.014352124000652111,0.37129527700017206,0.0034562110013212077
873,0,16,0.4052212501410395,0.004567794141621562,14140.985269987,14141.385923443,14140.985319823,14140.999748217,14141.382412089,14141.382412522,0.40065345599941793,0.014428394000788103,0.3826638720001938,0.003510921000270173
874,0,16,0.41779720806516707,-0.012221360933835967,14141.53808532,14141.968103889,14141.538135481,14141.552587601,14141.964407167,14141.964407492,0.43001856899900304,0.01445211999998719,0.4118195660012134,0.003696396999657736
875,0,16,0.3897648749407381,-0.00038701805897289887,14142.115244716,14142.505396609,14142.11529401,14142.129421982,14142.501914073,14142.501914506,0.390151892999711,0.014127971999187139,0.37249209100082226,0.0034821030003513442
876,0,16,0.40565349999815226,0.014403054998183507,14142.648818505,14143.04006895,14142.648867908,14142.66316738,14143.036485984,14143.036486309,0.39125044499996875,0.01429947200085735,0.37331860399899597,0.0035826410003210185
877,4,16,0.42193791596218944,-0.011044898037653184,14143.209160429,14143.642143243,14143.209209723,14143.223892279,14143.638413262,14143.638413587,0.4329828139998426,0.014682556000479963,0.4145209830003296,0.0037296560003596824
878,1,16,0.3960673750843853,-0.012540283914859174,14143.783234348,14144.191842007,14143.783283425,14143.797441732,14144.188338561,14144.188338886,0.40860765899924445,0.014158306999888737,0.3908968289997574,0.0035031209990847856
879,0,16,0.3793128749821335,-0.011104881017672596,14144.327510343,14144.717928099,14144.327559637,14144.341797247,14144.714475789,14144.714476222,0.3904177559998061,0.014237609999327105,0.372678542000358,0.0034518770007707644
880,0,16,0.39565833401866257,-0.005307135981638567,14144.865530556,14145.266496026,14144.865582016,14144.880198703,14145.262898218,14145.262898651,0.40096547000030114,0.01461668699994334,0.38269951499933086,0.003597375000026659
881,0,16,0.42314616683870554,0.030401411839193315,14145.45116797,14145.843912725,14145.451217047,14145.465347294,14145.840455107,14145.840455432,0.3927447549995122,0.014130247000139207,0.37510781299897644,0.003457292999883066
882,0,16,0.4163410000037402,0.025474398004007526,14145.982579326,14146.373445928,14145.98262992,14145.996804586,14146.370040312,14146.370040637,0.39086660199973267,0.014174666001053993,0.3732357259996206,0.0034052909995807568
883,0,16,0.46223587496206164,0.06925407496055414,14146.626792258,14147.019774058,14146.626840143,14146.641713267,14147.016332906,14147.016333231,0.3929818000015075,0.014873123998768278,0.37461963900022965,0.0034408270003041252
884,1,16,0.4105155421420932,-0.00788850385833939,14147.155891023,14147.574295069,14147.155941509,14147.17037727,14147.570717737,14147.57071817,0.4184040460004326,0.014435761000640923,0.40034046700020554,0.003576899000108824
885,3,16,0.550879874965176,0.1196244079637836,14147.796025016,14148.227280483,14147.796075176,14147.810730215,14148.22370315,14148.223703584,0.4312554670013924,0.014655038999990211,0.4129729350006528,0.003576899000108824
886,0,16,0.383245250210166,-0.007905522788860253,14148.442180346,14148.833331119,14148.442229748,14148.457075353,14148.829860066,14148.829860608,0.39115077299902623,0.014845605001028161,0.37278471299941884,0.0034705109992501093
887,0,16,0.42188787506893277,0.030279046070063487,14149.006493303,14149.398102132,14149.006541406,14149.02130099,14149.394525341,14149.394525666,0.3916088289988693,0.014759583998966264,0.37322435100031726,0.003576465998776257
888,6,16,0.44349054200574756,-0.014771836993531906,14149.539628323,14149.997890702,14149.539677617,14149.554161697,14149.99410926,14149.994109585,0.45826237899927946,0.014484080000329413,0.4399475629998051,0.0037811169986525783
889,8,16,0.560786958085373,0.05755603408397292,14150.20123682,14150.704467744,14150.201285139,14150.215900309,14150.700103983,14150.700104308,0.5032309240014001,0.014615169999160571,0.48420367399921815,0.004363436000858201
890,0,16,0.4161274579819292,-0.004488316018978367,14150.868908907,14151.289524681,14150.868958201,14150.883656358,14151.285815609,14151.285815934,0.42061577400090755,0.01469815700147592,0.40215925099982996,0.0037087470009282697
891,0,16,0.39639999996870756,-0.006089250031436677,14151.428877388,14151.831366638,14151.428925599,14151.443498625,14151.827783021,14151.827783455,0.40248925000014424,0.014573025999197853,0.3842843960010214,0.003583182999136625
892,1,16,0.4072166250552982,-0.00310613794499659,14151.971116405,14152.381439168,14151.971164399,14151.985563434,14152.3778146,14152.37781525,0.4103227630002948,0.01439903500067885,0.3922511660002783,0.0036239180008124094
893,3,16,0.4853920000605285,0.05533150405972265,14152.600345166,14153.030405662,14152.600410928,14152.615356096,14153.026652821,14153.026653254,0.43006049600080587,0.014945167999030673,0.4112967250002839,0.0037524079998547677
894,0,16,0.4471368750091642,0.05569911300881358,14153.164014594,14153.555452356,14153.164063997,14153.178902994,14153.5519098,14153.551910125,0.39143776200035063,0.014838996999969822,0.37300680600128544,0.0035422310011199443
895,0,16,0.399271042086184,0.005010849086829694,14153.782284389,14154.176544582,14153.782332166,14153.79746216,14154.173035936,14154.173036261,0.39426019299935433,0.015129994000744773,0.37557377600023756,0.0035083210004813736
896,0,16,0.5092350840568542,0.091710420058007,14154.309294499,14154.726819163,14154.309342927,14154.324085502,14154.723187445,14154.72318777,0.41752466399884725,0.014742575000127545,0.39910194300136936,0.0036313929995230865
897,0,16,0.3870579591020942,0.00035415010097494815,14154.979552406,14155.366256215,14154.979628893,14154.994363668,14155.362772812,14155.362773137,0.3867038090011192,0.014734775000761147,0.368409143999088,0.0034830780004995177
898,5,16,0.45955612510442734,-0.014547163895258564,14155.515932701,14155.99003599,14155.515981779,14155.530695861,14155.986137759,14155.986138084,0.4741032889996859,0.014714081999045447,0.4554418980005721,0.0038979060009296518
899,0,16,0.41464462503790855,0.029800336038533715,14156.168112186,14156.552956475,14156.168162347,14156.183120732,14156.549516515,14156.549516949,0.38484428899937484,0.014958384999772534,0.3663957830012805,0.003439525999056059
900,0,16,0.38046483299694955,-0.0050137780035584,14156.697267937,14157.082746548,14156.697318748,14156.712549821,14157.07926542,14157.079265853,0.38547861100050795,0.015231073000904871,0.3667155989987805,0.0034806949988706037
901,5,16,0.4452031671535224,-0.01329127284589049,14157.22428704,14157.68278148,14157.224336876,14157.239042941,14157.678780327,14157.678780761,0.45849443999941286,0.014706065001519164,0.4397373859992513,0.0040007190000324044
902,0,16,0.40904920804314315,-0.012162426957729622,14157.822975976,14158.244187611,14157.823024945,14157.83768605,14158.240613528,14158.240614178,0.4212116350008728,0.014661104998594965,0.40292747800049256,0.0035734330012928694
903,0,16,0.4334747919347137,-0.01196097506544902,14158.384752841,14158.830188608,14158.384802352,14158.399789989,14158.826464477,14158.826464802,0.44543576700016274,0.014987636999649112,0.4266744880005717,0.0037238060012896312
904,0,16,0.412676207954064,-0.008432506045210175,14158.974700713,14159.395809427,14158.974749574,14158.989469724,14159.392179117,14159.39217955,0.4211087139992742,0.014720150000357535,0.4027093929998955,0.0036298770010034787
905,4,16,0.419413625029847,-0.007533766971391742,14159.54084914,14159.967796532,14159.540898434,14159.555454667,14159.963617055,14159.963617597,0.42694739200123877,0.014556232999893837,0.40816238800107385,0.0041789349997998215
906,0,16,0.3909063341561705,0.00363526515684498,14160.098271019,14160.485542088,14160.098320097,14160.113108608,14160.482109712,14160.482110037,0.3872710689993255,0.01478851100000611,0.3690011039998353,0.0034320509985263925
907,0,16,0.3741250419989228,-0.009163725000689737,14160.640646651,14161.023935418,14160.640697678,14160.655279697,14161.020520485,14161.020520918,0.38328876699961256,0.01458201900095446,0.3652407879999373,0.0034144999990530778
908,0,16,0.3928721249103546,-0.010289581090546562,14161.163266024,14161.56642773,14161.163315968,14161.178129939,14161.562885824,14161.562886257,0.4031617060009012,0.014813970999966841,0.384755884999322,0.0035414730009506457
909,4,16,0.4538617911748588,-0.01620047682445147,14161.70762934,14162.177691608,14161.707678417,14161.722462595,14162.17386228,14162.173862605,0.4700622679993103,0.014784177999899839,0.45139968500006944,0.0038290030006464804
910,0,16,0.3733827502001077,-0.010964698798488826,14162.312805469,14162.697152918,14162.312856171,14162.327694734,14162.693681107,14162.693681432,0.3843474489985965,0.014838563000012073,0.365986373000851,0.0034714859993982827
911,3,16,0.43897145916707814,-0.01615116583343479,14162.835517688,14163.290640313,14162.835566657,14162.850640856,14163.286760283,14163.286760608,0.4551226250005129,0.015074199000082444,0.43611942699862993,0.003879705000144895
912,0,16,0.39015408302657306,-0.004021496974019101,14163.427634061,14163.821809641,14163.427684221,14163.442598947,14163.818273911,14163.818274127,0.39417558000059216,0.01491472599991539,0.3756749639996997,0.0035355140007595764
913,0,16,0.38326612510718405,-0.0045238838938530535,14163.969895612,14164.357685621,14163.969945339,14163.984964286,14164.354174158,14164.354174483,0.3877900090010371,0.015018947000498883,0.3692098719984642,0.0035111380002490478
914,0,16,0.42422595899552107,0.020316392994573107,14164.506710777,14164.910620343,14164.506761046,14164.521440136,14164.907049619,14164.907049944,0.40390956600094796,0.014679090001664008,0.38560948299891606,0.003570398999727331
915,7,16,0.5079508328344673,-0.01495076116589189,14165.080474524,14165.603376118,14165.080524468,14165.096079256,14165.599035325,14165.59903565,0.5229015940003592,0.015554788000372355,0.5029560689999926,0.004340468000009423
916,0,16,0.39034683303907514,0.0038693430378771154,14165.739801523,14166.126279013,14165.739851467,14165.755065098,14166.122750108,14166.122750541,0.386477490001198,0.015213630998914596,0.36768501000005926,0.0035284719997434877
917,0,16,0.39186079194769263,0.004542921946267597,14166.286361616,14166.673679486,14166.286410043,14166.301553796,14166.670234977,14166.67023541,0.38731787000142504,0.01514375300030224,0.3686811810002837,0.0034440760009601945
918,0,16,0.3800546668935567,-0.006174945106977248,14166.828624467,14167.214854079,14166.828673761,14166.844269501,14167.211406752,14167.211407077,0.38622961200053396,0.015595740000208025,0.36713725099980365,0.0034470020000298973
919,9,16,0.5531692078802735,0.06950776787925861,14167.358646276,14167.842307716,14167.35869752,14167.373348549,14167.838178833,14167.838179158,0.48366144000101485,0.014651028999651317,0.46483028400143667,0.004128558000957128
920,3,16,0.42571424995549023,-0.008618786043371074,14168.077946249,14168.512279285,14168.077994677,14168.092850574,14168.507628644,14168.507629077,0.4343330359988613,0.014855896999506513,0.41477807000046596,0.004650208000384737
921,0,16,0.39063791604712605,0.001668969045567792,14168.661382878,14169.050351825,14168.661433689,14168.676640169,14169.046903415,14169.04690374,0.38896894700155826,0.015206480000415468,0.3702632459990127,0.003448085000854917
922,0,16,0.39147599996067584,-0.003218738040231983,14169.203655913,14169.598350651,14169.203704557,14169.21886261,14169.594884907,14169.59488534,0.3946947380009078,0.015158053000050131,0.3760222969995084,0.0034653109996725107
923,0,16,0.3843782909680158,-0.0027432700317149283,14169.735014292,14170.122135853,14169.735064561,14169.75016227,14170.118609115,14170.11860944,0.3871215609997307,0.015097708999746828,0.3684468449991982,0.003526413000145112
924,2,16,0.47912270785309374,0.07363389485362859,14170.338002311,14170.743491124,14170.338052471,14170.353166106,14170.739868398,14170.739868723,0.40548881299946515,0.015113635001398507,0.38670229200033646,0.0036224010000296403
925,2,16,0.41185099980793893,-0.004486276193347294,14170.900104624,14171.3164419,14170.900153702,14170.915518356,14171.312638573,14171.312638898,0.4163372760012862,0.0153646540002228,0.3971202169996104,0.0038030020004953258
926,2,16,0.465576957911253,0.04351432491239393,14171.5201269,14171.942189533,14171.520176411,14171.535352557,14171.938323045,14171.93832337,0.42206263299885904,0.015176146000158042,0.40297048799948243,0.003866163000566303
927,0,16,0.4880076248664409,0.09084179686760763,14172.088415009,14172.485580837,14172.088490196,14172.103748462,14172.481967102,14172.481967427,0.39716582799883327,0.015258265999364085,0.3782186400003411,0.0036134099991613766
928,1,16,0.39528595795854926,-0.00837464604046545,14172.730331926,14173.13399253,14172.730380353,14172.745744358,14173.130343369,14173.130343694,0.4036606039990147,0.015364005001174519,0.3845990109984996,0.0036488360001385445
929,3,16,0.4462109999731183,0.006086520972530707,14173.279138089,14173.719262568,14173.279187492,14173.294421165,14173.715364446,14173.715364879,0.4401244790005876,0.015233672998874681,0.4209432810002909,0.0038976889991317876
930,0,16,0.4080722080543637,0.013023203053307952,14173.899540849,14174.294589854,14173.899589385,14173.915204735,14174.290918483,14174.290918809,0.3950490050010558,0.015615349999279715,0.37571374800063495,0.0036710450003738515
931,2,16,0.40973666589707136,-0.0040828261044225655,14174.439557847,14174.853377339,14174.439606382,14174.457045608,14174.849722761,14174.849723086,0.4138194920014939,0.017439225999623886,0.3926771530004771,0.0036542530015140073
932,1,16,0.4835658750962466,0.04255334609661077,14175.057777264,14175.498789793,14175.057826883,14175.073307351,14175.49504291,14175.495043235,0.44101252899963583,0.01548046800053271,0.4217355590008083,0.0037465580007847166
933,0,16,0.3778258329257369,-0.008729552075237734,14175.639011157,14176.025566542,14175.639059909,14175.6543198,14176.021986068,14176.021986393,0.38655538500097464,0.0152598910008237,0.3676662680009031,0.0035801490012090653
934,0,16,0.3888399589341134,-0.007753409066936001,14176.15520184,14176.551795208,14176.155251351,14176.171347723,14176.548127954,14176.548128279,0.3965933680010494,0.016096372000902193,0.3767802309994295,0.003666929000246455
935,0,16,0.3872826660517603,-0.006932024947673199,14176.693120215,14177.087334906,14176.693169942,14176.708418458,14177.083898955,14177.08389928,0.3942146909994335,0.01524851599970134,0.37548049699944386,0.0034356260002823547
936,4,16,0.43787754187360406,-0.012245701127540087,14177.235352515,14177.685475758,14177.235402242,14177.251160924,14177.681723459,14177.681723784,0.45012324300114415,0.01575868199870456,0.4305625350007176,0.003751973999897018
937,0,16,0.39120387518778443,-0.003773841812289902,14177.829653423,14178.22463114,14177.829702825,14177.845084272,14178.221199089,14178.221199523,0.39497771700007434,0.015381446999526815,0.37611481699968863,0.003431616998568643
938,3,16,0.44023604202084243,-0.010569731979558128,14178.371857555,14178.822663329,14178.37190804,14178.387408334,14178.818851552,14178.818851986,0.45080577400040056,0.015500293999139103,0.43144321799991303,0.0038113430000521475
939,0,16,0.3895619160030037,-0.005373007996240631,14178.966138853,14179.361073777,14178.966188255,14178.98163503,14179.357080858,14179.357081183,0.39493492399924435,0.015446774999873014,0.3754458280000108,0.0039925940000102855
940,5,16,0.49254195811226964,-0.019098297887467197,14179.501868901,14180.013509157,14179.501934663,14179.517449149,14180.009452969,14180.009453294,0.5116402559997368,0.015514486000029137,0.4920038199998089,0.004055862998939119
941,4,16,0.42017254210077226,-0.008364824900127132,14180.159871139,14180.588408506,14180.159920975,14180.175336873,14180.584682858,14180.584683183,0.4285373670008994,0.01541589800035581,0.4093459849991632,0.003725323000253411
942,3,16,0.43147595901973546,-0.00890788198194059,14180.725252747,14181.165636588,14180.725303991,14180.740550448,14181.161692746,14181.161693071,0.44038384100167605,0.015246457000102964,0.42114229800063185,0.003943517000152497
943,0,16,0.3924269580747932,-0.01073052192623436,14181.306525425,14181.709682905,14181.306575694,14181.322124523,14181.705927681,14181.705928006,0.4031574800010276,0.015548829000181286,0.3838031579998642,0.0037548990003415383
944,0,16,0.4849714171141386,0.09045478711414034,14181.850937817,14182.245454447,14181.850986895,14181.866278204,14182.241967469,14182.241967794,0.39451662999999826,0.015291308998712339,0.37568926500171074,0.0034866530004364904
945,1,16,0.40564237511716783,-0.008894099883036688,14182.497053279,14182.911589754,14182.497102681,14182.513436206,14182.907918167,14182.907918601,0.4145364750002045,0.016333524999936344,0.3944819610005652,0.0036711529992317082
946,4,16,0.44454204104840755,-0.018662733951714472,14183.048240069,14183.511444844,14183.048289255,14183.063746756,14183.507565573,14183.507566006,0.463204775000122,0.015457500998309115,0.44381881700064696,0.003878838000673568
947,0,16,0.3842464161571115,-0.009402206842423766,14183.646819475,14184.040468098,14183.646869419,14183.662376647,14184.036805612,14184.036806045,0.3936486229995353,0.015507227999478346,0.37442896500033385,0.003662052999061416
948,4,16,0.41603874997235835,-0.016225456027314067,14184.17607999,14184.608344196,14184.176128743,14184.192060223,14184.604572721,14184.604572938,0.4322642059996724,0.01593148000029032,0.41251249800006917,0.003771257999687805
949,3,16,0.4456264160107821,-0.014706525988003705,14184.749107252,14185.209440194,14184.749157088,14184.764843074,14185.20553568,14185.205536005,0.4603329419987858,0.01568598599988036,0.4406926060000842,0.0039041889995132806
950,0,16,0.3885185830295086,-0.007328983971092384,14185.352292122,14185.748139689,14185.352341958,14185.368212986,14185.744446109,14185.744446434,0.395847567000601,0.01587102800112916,0.3762331229991105,0.003693254999234341
951,0,16,0.44951045815832913,0.05240096615852963,14185.887389366,14186.284498858,14185.887439635,14185.90341911,14186.280987395,14186.280987828,0.3971094919997995,0.015979474999767262,0.37756828499914263,0.0035110299995722016
952,1,16,0.4069752909708768,-0.007288064029125962,14186.490444446,14186.904707801,14186.490493524,14186.506054921,14186.901102517,14186.901102842,0.4142633550000028,0.015561397000055877,0.39504759600094985,0.0036049590016773436
953,0,16,0.5008510830812156,0.09587622708204435,14187.04776893,14187.452743786,14187.047818007,14187.06347875,14187.448379267,14187.448379592,0.40497485599917127,0.015660742999898503,0.38490051699955075,0.00436419399920851
954,2,16,0.41860808292403817,-0.01200591307679133,14187.698530482,14188.129144478,14187.698579559,14187.714305414,14188.125506476,14188.125506909,0.4306139960008295,0.01572585499889101,0.4112010620010551,0.0036375689996930305
955,0,16,0.41620650002732873,-0.0014945379734854214,14188.275443625,14188.693144663,14188.275493352,14188.291320611,14188.68948976,14188.689490085,0.41770103800081415,0.015827259001525817,0.39816914899893163,0.003654578000350739
956,1,16,0.4048742081504315,-0.007926902850158513,14188.841502022,14189.254303133,14188.841550882,14188.857284212,14189.250697416,14189.250697741,0.41280111100059,0.015733329999420675,0.3934132040012628,0.0036053920011909213
957,1,16,0.49670916702598333,0.10057136202522088,14189.388899028,14189.785036833,14189.388948539,14189.404588806,14189.781510311,14189.781510744,0.39613780500076246,0.015640267001799657,0.3769215049997001,0.003526088999933563
958,0,16,0.40402575000189245,0.012712794001345173,14190.039543575,14190.430856531,14190.039593302,14190.055348733,14190.42731365,14190.427314083,0.3913129560005473,0.015755430998979136,0.3719649169997865,0.003542448001098819
959,0,16,0.40778549993410707,-0.009250341066945111,14190.591933679,14191.00896952,14190.59198254,14190.608081078,14191.005246906,14191.005247339,0.4170358410010522,0.016098538000733242,0.39716582799883327,0.003722180999830016
960,0,16,0.3894147500395775,-0.006423065960916574,14191.153703394,14191.54954121,14191.153752796,14191.169351462,14191.545963119,14191.545963552,0.39583781600049406,0.015598665999277728,0.37661165700046695,0.0035776580007222947
961,0,16,0.41205133288167417,0.025560950882209,14191.704085014,14192.090575396,14191.704134633,14191.719878797,14192.086875208,14192.086875533,0.38649038199946517,0.015744163998533622,0.36699641100130975,0.0036998630002926802
962,0,16,0.3745522079989314,-0.010681449002731824,14192.258720756,14192.643954413,14192.25877005,14192.274507713,14192.640400915,14192.640401348,0.38523365700166323,0.015737662999526947,0.3658932019989152,0.003553065000232891
963,0,16,0.44872604100964963,0.057878723009707755,14192.857895806,14193.248743124,14192.857944017,14192.87406639,14193.245047161,14193.245047486,0.3908473179999419,0.016122373001053347,0.3709807709983579,0.003695638000863255
964,0,16,0.3779782089404762,-0.00799995005945675,14193.387733981,14193.77371214,14193.387781758,14193.403269485,14193.770295365,14193.77029569,0.38597815899993293,0.015487726999708684,0.3670258800011652,0.003416450001168414
965,0,16,0.4595888329204172,0.0731009419196198,14194.003861493,14194.390349384,14194.003928338,14194.020124056,14194.386829254,14194.386829904,0.3864878910007974,0.01619571800074482,0.3667051979991811,0.0035194800002500415
966,0,16,0.38594591710716486,-0.0012529978921520524,14194.530746364,14194.917945279,14194.53079425,14194.546123261,14194.914459601,14194.914459926,0.3871989149993169,0.015329010999266757,0.3683363399995869,0.003485352999632596
967,0,16,0.3799860840663314,-0.006636036932832212,14195.064351356,14195.450973477,14195.0644013,14195.080072443,14195.447466673,14195.447466998,0.3866221209991636,0.0156711429990537,0.3673942300010822,0.0035064789990428835
968,0,16,0.4389196669217199,0.035316373921887134,14195.595767479,14195.999370772,14195.595816881,14195.611527568,14195.995823015,14195.99582334,0.4036032929998328,0.015710687001046608,0.3842954470001132,0.003547432001141715
969,1,16,0.5060853329487145,0.093173715948069,14196.286941731,14196.699853348,14196.286991242,14196.303217728,14196.696228779,14196.696229104,0.4129116170006455,0.016226486000959994,0.3930110509991209,0.003624244000093313
970,0,16,0.46003950014710426,0.06501454714816646,14196.905792653,14197.300817606,14196.905841405,14196.92167874,14197.29706054,14197.297060865,0.3950249529989378,0.015837335000469466,0.3753818000004685,0.003756740999961039
971,1,16,0.5471519997809082,0.11601267078185629,14197.559281948,14197.990421277,14197.559330592,14197.575310717,14197.986789125,14197.986789558,0.43113932899905194,0.015980125001078704,0.41147840799931146,0.0036317190006229794
972,1,16,0.44270091596990824,0.03907010496914154,14198.233187716,14198.636818527,14198.23323701,14198.249046826,14198.633297746,14198.63329818,0.4036308110007667,0.01580981600091036,0.38425092000034056,0.0035203469997213688
973,3,16,0.4297476669307798,-0.012826234069507336,14198.777632393,14199.220206294,14198.777680279,14198.793513063,14199.216379458,14199.216379783,0.44257390100028715,0.015832783999940148,0.42286639499980083,0.0038265109997155378
974,3,16,0.4552458750549704,0.014485775054708938,14199.384916787,14199.825676887,14199.384966731,14199.400953572,14199.821948422,14199.821949072,0.44076010000026145,0.01598684099917591,0.4209948500010796,0.003727814999365364
975,0,16,0.39800987485796213,-0.009933236142387614,14199.96633908,14200.374282191,14199.966388374,14199.982220942,14200.370699766,14200.370700091,0.40794311100034975,0.015832568000405445,0.3884788239993213,0.0035821000001305947
976,4,16,0.4162831660360098,-0.01178888696267677,14200.508495001,14200.936567054,14200.508545054,14200.524392572,14200.932816055,14200.932816489,0.42807205299868656,0.015847518001464778,0.4084234829988418,0.003750564999791095
977,0,16,0.43024583300575614,0.017014618004395743,14201.102658969,14201.515890184,14201.102707505,14201.11834203,14201.511646462,14201.511647004,0.4132312150013604,0.015634524999768473,0.39330443200015,0.00424318000113999
978,3,16,0.4599021249450743,-0.010470858054759447,14201.660228297,14202.13060128,14201.660277808,14201.676301918,14202.126743026,14202.126743351,0.47037298299983377,0.01602411000021675,0.4504411079997226,0.003857928999423166
979,0,16,0.3888718339148909,-0.005918675085922587,14202.280532686,14202.675323195,14202.280581764,14202.296924822,14202.67175648,14202.671756805,0.39479050900081347,0.016343057999620214,0.37483165800040297,0.0035663899998326087
980,0,16,0.39009304204955697,-0.007161947949498426,14202.81845962,14203.21571461,14202.818509022,14202.834504098,14203.211416502,14203.211416936,0.3972549899990554,0.01599507600076322,0.37691240399908565,0.004297674000554252
981,0,16,0.44676199997775257,0.0524160029781342,14203.430106149,14203.824452146,14203.430153168,14203.446471417,14203.820702555,14203.82070288,0.39434599699961836,0.016318249001415097,0.3742311379992316,0.0037492659994313726
982,0,16,0.3838843749836087,-0.00884532101554214,14203.959552356,14204.352282052,14203.959601216,14203.97548622,14204.348696161,14204.348696594,0.39272969599915086,0.015885004000665504,0.3732099409990042,0.0035854580000886926
983,3,16,0.4257081251125783,-0.006252191888052039,14204.499384636,14204.931344953,14204.499432521,14204.515386212,14204.927562861,14204.927563186,0.4319603170006303,0.015953691001413972,0.41217664899886586,0.00378176699996402
984,0,16,0.38192924996837974,-0.01040685403131647,14205.071953193,14205.464289297,14205.072002704,14205.087762685,14205.460745116,14205.460745549,0.3923361039996962,0.015759980999064283,0.3729824310012191,0.003543748000083724
985,5,16,0.4628274589776993,-0.014743199022632325,14205.612090663,14206.089661321,14205.612140499,14205.628115748,14206.085602749,14206.085603074,0.4775706580003316,0.015975248999893665,0.45748700100011774,0.004058247001012205
986,0,16,0.3993159169331193,-0.011652001066977391,14206.230230451,14206.641198369,14206.230281154,14206.246162149,14206.637519632,14206.637519957,0.4109679180000967,0.01588099500077078,0.3913574830003199,0.003678412000226672
987,0,16,0.3908564578741789,-0.007874967126554111,14206.776843413,14207.175574838,14206.776892165,14206.792989837,14207.171353001,14207.171353326,0.398731425000733,0.016097671999887098,0.378363163999893,0.004221511999276117
988,0,16,0.38615970802493393,-0.011253130975092063,14207.31473232,14207.712145159,14207.31478118,14207.330832158,14207.708002625,14207.70800295,0.397412839000026,0.016050977999839233,0.3771704669998144,0.004142208999837749
989,0,16,0.39294566586613655,-0.006455290134908864,14207.856993221,14208.256394177,14207.857041865,14207.872967604,14208.252837537,14208.252837862,0.3994009560010454,0.0159257390005223,0.37986993300000904,0.003556314999514143
990,0,16,0.38434108393266797,-0.0016256990675174166,14208.405755074,14208.791721857,14208.405805451,14208.421417117,14208.788137916,14208.788138241,0.3859667830001854,0.015611666000040714,0.36672079900017707,0.003583616000469192
991,0,16,0.39121749997138977,-0.008991335029350012,14208.937074668,14209.337283503,14208.937123312,14208.953081877,14209.333714079,14209.333714404,0.4002088350007398,0.015958564999891678,0.38063220200092474,0.003569099000742426
992,0,16,0.3868596670217812,-0.009975294977266458,14209.481939482,14209.878774444,14209.481988667,14209.497977567,14209.875182919,14209.875183244,0.39683496199904766,0.015988900000593276,0.3772053520006011,0.003591200000300887
993,0,16,0.3803664590232074,-0.012129117976655834,14210.006428667,14210.398924244,14210.006516962,14210.022375098,14210.395313977,14210.395314302,0.39249557699986326,0.01585813600104302,0.3729388789997756,0.003609941999457078
994,0,16,0.4030292921233922,-0.010499202875507763,14210.533455786,14210.946984281,14210.533503672,14210.549731241,14210.943223315,14210.943224073,0.4135284949989,0.016227568999966024,0.3934920739993686,0.0037602079992211657
995,2,16,0.42932016705162823,0.020512950051852386,14211.091109077,14211.499916294,14211.091182638,14211.107218449,14211.496190538,14211.496190863,0.40880721699977585,0.016035811000620015,0.38897208900016267,0.003725431000930257
996,1,16,0.3991937080863863,0.0023102110862964764,14211.681232999,14212.078116496,14211.681281101,14211.696985288,14212.074493662,14212.074494203,0.39688349700008985,0.015704186998846126,0.3775083740001719,0.0036222930011717835
997,0,16,0.3869382501579821,-0.0009586888427293161,14212.227390614,14212.615287553,14212.227439691,14212.243574957,14212.611697978,14212.611698303,0.3878969390007114,0.01613526599976467,0.3681230210004287,0.00358925000000454
998,0,16,0.38262308295816183,-0.008939268040194293,14212.76347352,14213.155035871,14212.763523031,14212.780213964,14213.151388444,14213.151388769,0.3915623509983561,0.016690933000063524,0.37117447999844444,0.0036471019993769005
999,0,16,0.3859049999155104,-0.00888940908589575,14213.294674484,14213.689468893,14213.294724211,14213.311049827,14213.68592807,14213.685928395,0.39479440900140617,0.016325615999448928,0.3748782429993298,0.0035404980008024722
1000,0,16,0.43613449996337295,0.04906884096271824,14213.828137985,14214.215203644,14213.828188579,14213.844376605,14214.211595327,14214.21159576,0.3870656590006547,0.016188026000236277,0.3672187219999614,0.0036078840003028745
