request_id,num_generated_notes,generation_start_tick,round_trip_time,total_network_latency,server_request_arrival_time,server_response_output_time,server_preprocess_start_time,server_inference_start_time,server_inference_end_time,server_postprocess_start_time,server_processing_duration,preprocess_duration,inference_duration,postprocess_duration
1,0,16,0.3488602919969708,-0.005855208002685686,11868.607213649,11868.961929149,11868.607289811,11868.609895132,11868.959938215,11868.95993854,0.35471549999965646,0.002605321000373806,0.3500430830008554,0.0019906090001313714
2,0,16,0.2411167910322547,0.00044442503167374525,11869.097577118,11869.338249484,11869.097627712,11869.10007345,11869.336374906,11869.336375339,0.24067236600058095,0.0024457379986415617,0.23630145600145624,0.0018741450003290083
3,3,16,0.34345429204404354,0.05579048604340642,11869.46982133,11869.757485136,11869.469871274,11869.472023199,11869.755627675,11869.755628,0.2876638060006371,0.0021519250003620982,0.2836044760006189,0.0018571359996713
4,0,16,0.247005624929443,0.014140336930722697,11869.955946169,11870.188811457,11869.955995788,11869.958221383,11870.187248784,11870.187249217,0.2328652879987203,0.0022255950007092906,0.22902740099925722,0.0015622399987478275
5,0,16,0.23436904209665954,0.004242656095811981,11870.338002912,11870.568129298,11870.338053073,11870.3400712,11870.566468904,11870.566469229,0.23012638600084756,0.002018127001065295,0.22639770400019188,0.0016600690014456632
6,0,16,0.24265841697342694,0.011184734974449384,11870.714352065,11870.945825747,11870.714402009,11870.716544401,11870.944132418,11870.944132852,0.23147368199897755,0.002142392000678228,0.2275880170000164,0.0016928949989960529
7,4,16,0.2687588329426944,0.005822499942951254,11871.08351351,11871.346449843,11871.083591406,11871.085604224,11871.344566706,11871.344567031,0.26293633299974317,0.002012817998547689,0.25896248200115224,0.001882812000985723
8,4,16,0.3297657088842243,0.031057566884555854,11871.510858722,11871.809566864,11871.51090834,11871.513121802,11871.80753747,11871.807537903,0.29870814199966844,0.002213461999417632,0.2944156680005108,0.002028961000178242
9,0,16,0.23274887492880225,0.0001706839284452144,11871.955422365,11872.188000556,11871.955469925,11871.957751315,11872.186295852,11872.186296177,0.23257819100035704,0.00228138999955263,0.22854453699983424,0.0017043789994204417
10,0,16,0.23471350013278425,0.003970886133174645,11872.317620795,11872.548363409,11872.317670306,11872.319926127,11872.546639421,11872.546639854,0.2307426139996096,0.0022558210002898704,0.22671329399963724,0.0017235550003533717
11,0,16,0.2497884170152247,0.018738555014351732,11872.684176161,11872.915226023,11872.68422448,11872.686750497,11872.913526627,11872.91352706,0.23104986200087296,0.002526017000491265,0.2267761300008715,0.0016989630003081402
12,0,16,0.2356122077908367,0.0036668217908299994,11873.064202535,11873.296147921,11873.064252154,11873.066545352,11873.294448309,11873.294448526,0.2319453860000067,0.0022931980001885677,0.22790295699996932,0.0016993950011965353
13,0,16,0.23589179199188948,0.004870314991421765,11873.432379942,11873.663401419,11873.432429453,11873.435138237,11873.661688048,11873.661688373,0.2310214770004677,0.0027087840007880004,0.2265498109991313,0.0017130460000771564
14,0,16,0.2413485418073833,0.010323056807465036,11873.808382305,11874.03940779,11873.808431057,11873.810848519,11874.037621616,11874.037622049,0.23102548499991826,0.002417462001176318,0.22677309699975012,0.0017857410002761753
15,0,16,0.2409941661171615,0.01358143911784282,11874.178628108,11874.406040835,11874.178677944,11874.181665916,11874.404375566,11874.404375782,0.2274127269993187,0.002987971998663852,0.2227096500009793,0.0016650529996695695
16,0,16,0.23536816681735218,0.0021062528157926863,11874.547357933,11874.780619847,11874.547407769,11874.549741594,11874.778870183,11874.778870725,0.2332619140015595,0.002333825001187506,0.22912858899871935,0.0017491220005467767
17,0,16,0.23969504213891923,0.0022865851387905423,11874.9161078,11875.153516257,11874.916157094,11874.918449642,11875.151772985,11875.15177331,0.2374084570001287,0.002292548000696115,0.23332334299993818,0.0017429469990020152
18,0,16,0.2665055829565972,0.011351951956385165,11875.296485407,11875.551639038,11875.296536326,11875.29899149,11875.549651354,11875.549651679,0.25515363100021204,0.0024551640017307363,0.25065986399931717,0.0019873589990311302
19,2,16,0.27560170902870595,0.006032144028722541,11875.697024892,11875.966594457,11875.697075161,11875.699549825,11875.964707745,11875.964708178,0.2695695649999834,0.0024746639992372366,0.2651579200010019,0.0018862790002458496
20,0,16,0.23724933294579387,0.008251290944826906,11876.10729251,11876.336290552,11876.107342346,11876.109666745,11876.334490185,11876.334490618,0.22899804200096696,0.002324398999917321,0.22482343999945442,0.0017999340016103815
21,2,16,0.26258291699923575,0.00287864200072363,11876.473316801,11876.733021076,11876.473367504,11876.47584921,11876.731008258,11876.731009558,0.2597042749985121,0.0024817060002533253,0.2551590479997685,0.002011517999562784
22,0,16,0.23698995797894895,0.00754111997957807,11876.872469446,11877.101918284,11876.872519607,11876.874893084,11877.100176853,11877.100177178,0.22944883799937088,0.0023734769984002924,0.2252837690011802,0.0017411059998266865
23,0,16,0.23558391607366502,0.005886442073460785,11877.237964288,11877.467661762,11877.238013365,11877.240419668,11877.465963449,11877.465963774,0.22969747400020424,0.002406302999588661,0.2255437809999421,0.0016979880001599668
24,0,16,0.2450241670012474,0.002744709001490264,11877.601285211,11877.843564669,11877.601334722,11877.603802562,11877.841809371,11877.841809805,0.24227945799975714,0.002467840000463184,0.2380068090005807,0.0017548639989399817
25,0,16,0.25022904109209776,0.0021968170931359055,11877.978615369,11878.226647593,11877.978664988,11877.981193822,11878.224796633,11878.224796958,0.24803222399896185,0.00252883399843995,0.24360281100052816,0.001850634998845635
26,0,16,0.2334771661553532,0.0052198341545590665,11878.363687927,11878.591945259,11878.363737437,11878.36620376,11878.590233296,11878.590233621,0.22825733200079412,0.002466323001499404,0.22402953599885223,0.0017116380004154053
27,0,16,0.23102075001224875,0.004730192011265899,11878.731313892,11878.95760445,11878.731363186,11878.73424282,11878.955919355,11878.955919572,0.22629055800098286,0.002879634001146769,0.22167653499855078,0.0016848780014697695
28,0,16,0.23683470813557506,0.00794782113553083,11879.09835353,11879.327240417,11879.098405099,11879.100990269,11879.325435175,11879.3254355,0.22888688700004423,0.002585170001111692,0.22444490599991695,0.001804916999390116
29,0,16,0.23361420794390142,0.005046052943725954,11879.460008102,11879.688576257,11879.460059671,11879.462589155,11879.686849127,11879.68684956,0.22856815500017547,0.002529483999751392,0.224259971999345,0.0017266970007767668
30,1,16,0.23580304090864956,0.0007936279089335585,11879.828793829,11880.063803242,11879.828843123,11879.831474554,11880.062029418,11880.062029851,0.235009412999716,0.002631430999826989,0.23055486400153313,0.0017733909990056418
31,2,16,0.26205404195934534,-0.0010211810422333656,11880.19531756,11880.458392783,11880.195366962,11880.197971633,11880.456496753,11880.456497187,0.2630752230015787,0.0026046710008813534,0.2585251199998311,0.0018955960003950167
32,0,16,0.22673262492753565,-0.0006629840736422921,11880.592208208,11880.819603817,11880.592257286,11880.594845272,11880.817890338,11880.817890663,0.22739560900117795,0.002587986000435194,0.22304506599903107,0.0017131540007540025
33,0,16,0.22880483302287757,0.0024814490225253394,11880.954499051,11881.180822435,11880.95454867,11880.95717555,11881.179028244,11881.179028677,0.22632338400035223,0.002626879999297671,0.22185269399960816,0.0017937580014404375
34,0,16,0.23110166587866843,0.00395469287832384,11881.316057418,11881.543204391,11881.316108337,11881.318647897,11881.541572382,11881.541572707,0.2271469730003446,0.0025395600005140295,0.22292448500047612,0.0016316840010404121
35,0,16,0.24213816598057747,0.016032324982006685,11881.68328914,11881.909394981,11881.683338651,11881.685941047,11881.90768031,11881.907680743,0.22610584099857078,0.0026023959999292856,0.22173926299910818,0.0017142380002042046
36,5,16,0.300348374992609,0.0189992879932106,11882.054159948,11882.335509035,11882.054209133,11882.056875665,11882.333546269,11882.333546811,0.2813490869993984,0.0026665319983294467,0.2766706040001736,0.0019622239997261204
37,3,16,0.27913758298382163,-0.002411280014712247,11882.492264025,11882.773812888,11882.492313969,11882.495005419,11882.771802453,11882.771802778,0.2815488629985339,0.002691449999474571,0.2767970340009924,0.002010109999901033
38,1,16,0.24715125001966953,0.010390115019617951,11882.913170362,11883.149931497,11882.913221173,11882.915900706,11883.148139039,11883.148139364,0.23676113500005158,0.002679533001355594,0.232238332999259,0.0017921329999808222
39,0,16,0.23320120805874467,0.005741788058003294,11883.296784903,11883.524244323,11883.296835822,11883.299459885,11883.52252586,11883.522526185,0.22745942000074137,0.002624062999529997,0.22306597500028147,0.0017181380007968983
40,0,16,0.23579350020736456,0.009644432206187048,11883.661156167,11883.887305235,11883.661206328,11883.663849242,11883.885300867,11883.885301192,0.2261490680011775,0.002642913999807206,0.2214516249987355,0.002004043000852107
41,0,16,0.25818616687320173,0.002764832874163403,11884.032278753,11884.287700087,11884.032328697,11884.035584806,11884.285717387,11884.285717712,0.2554213339990383,0.0032561090010858607,0.2501325809989794,0.0019823749989882344
42,0,16,0.24643058399669826,0.019341897996127955,11884.436538793,11884.663627479,11884.436588195,11884.439308463,11884.661792878,11884.661793203,0.2270886860005703,0.0027202679993934,0.2224844150005083,0.0018342759994993685
43,0,16,0.23425520909950137,0.006696659100271063,11884.806746786,11885.034305336,11884.806797164,11884.809914275,11885.032618291,11885.032618725,0.2275585499992303,0.0031171110003924696,0.22270401599962497,0.0016866109999682521
44,0,16,0.2469810419715941,-0.00016822502948343754,11885.16449901,11885.411648277,11885.164549929,11885.167348309,11885.409792008,11885.409792333,0.24714926700107753,0.0027983799991488922,0.2424436990004324,0.0018559440013632411
45,1,16,0.23215649998746812,-0.004667039012929308,11885.539658283,11885.776481822,11885.539708877,11885.542478331,11885.774650795,11885.77465112,0.23682353900039743,0.002769454000372207,0.23217246399872238,0.0018307020000065677
46,0,16,0.2303580839652568,0.0034754569660435664,11885.908424077,11886.135306704,11885.908473696,11885.911357554,11886.133410132,11886.133410782,0.22688262699921324,0.0028838580001320224,0.22205257800123945,0.0018959219996759202
47,0,16,0.23155787494033575,0.0038654189393128036,11886.272835101,11886.500527557,11886.272884287,11886.27567855,11886.498794685,11886.49879501,0.22769245600102295,0.002794263000396313,0.2231161349991453,0.001732546999846818
48,0,16,0.23640041705220938,0.000232543052334222,11886.635013489,11886.871181363,11886.635061699,11886.638377395,11886.869391722,11886.869392155,0.23616787399987516,0.0033156959998450475,0.23101432700059377,0.001789207999536302
49,2,16,0.27500016684643924,0.003007396846442134,11887.008323751,11887.280316521,11887.008374453,11887.011280955,11887.278012922,11887.278013247,0.2719927699999971,0.0029065019989502616,0.2667319669999415,0.0023032740009512054
50,0,16,0.23147320793941617,0.004588089939716156,11887.418029744,11887.644914862,11887.418078821,11887.420978822,11887.643106479,11887.643106804,0.22688511799970001,0.002900000999943586,0.22212765699987358,0.001808057999369339
51,0,16,0.22978250007145107,0.0017080430716305273,11887.778072566,11888.006147023,11887.778121968,11887.781117957,11888.00431903,11888.004319463,0.22807445699982054,0.002995988999828114,0.22320107300038217,0.0018275599995831726
52,0,16,0.23927875002846122,0.003108167027676245,11888.142469723,11888.378640306,11888.142520317,11888.145351632,11888.376810796,11888.376811121,0.23617058300078497,0.0028313149996392895,0.2314591640006256,0.001829185001042788
53,0,16,0.23063891613855958,0.004132549138375907,11888.515567534,11888.742073901,11888.515618344,11888.518521271,11888.740386206,11888.74038664,0.22650636700018367,0.0029029270008322783,0.22186493499975768,0.0016872609994607046
54,0,16,0.23514383402653039,0.008145393025188241,11888.879936631,11889.106935072,11888.8799869,11888.882938687,11889.105216067,11889.105216717,0.22699844100134214,0.0029517870007111924,0.2222773800003779,0.001718355000775773
55,0,16,0.23502241587266326,0.0057558038733986905,11889.24864143,11889.477908042,11889.248691807,11889.252110424,11889.476161845,11889.476162061,0.22926661199926457,0.0034186169996246463,0.22405142099887598,0.0017459809987485642
56,0,16,0.258749958826229,0.0029829168252035743,11889.617267033,11889.873034075,11889.617316869,11889.620131066,11889.871180514,11889.871180948,0.2557670420010254,0.0028141969996795524,0.2510494479993213,0.001853127001595567
57,0,16,0.23230070807039738,0.0046345780701813055,11890.009979504,11890.237645634,11890.010027823,11890.013394221,11890.235901062,11890.235901495,0.22766613000021607,0.0033663979993434623,0.2225068410007225,0.0017441390009480529
58,3,16,0.26065345807000995,0.0053310370713006705,11890.375002749,11890.63032517,11890.375053126,11890.377990071,11890.628422315,11890.628422532,0.2553224209987093,0.0029369450003287056,0.2504322439999669,0.001902637999592116
59,0,16,0.2279839168768376,0.00036036487654200755,11890.764822261,11890.992445813,11890.76487318,11890.767755847,11890.990684882,11890.990685207,0.2276235520002956,0.002882667000449146,0.22292903499874228,0.0017606060009711655
60,0,16,0.2396742079872638,0.013365882987272926,11891.139266392,11891.365574717,11891.139317853,11891.142445581,11891.363647486,11891.36364792,0.22630832499999087,0.0031277279995265417,0.22120190500027093,0.00192679700012377
61,0,16,0.23704899987205863,0.009888267872156575,11891.507337628,11891.73449836,11891.507388764,11891.510387786,11891.732762671,11891.732762996,0.22716073199990205,0.0029990220009494806,0.2223748849992262,0.001735363999614492
62,0,16,0.22747358307242393,0.0004134980736125726,11891.868759814,11892.095819899,11891.868810841,11891.87186165,11892.094098944,11892.094099378,0.22706008499881136,0.00305080899852328,0.22223729400138836,0.0017205209987878334
63,0,16,0.2527012911159545,0.026172173116719932,11892.257060639,11892.483589757,11892.257111449,11892.260227477,11892.481779098,11892.48177964,0.22652911799923459,0.00311602799956745,0.22155162099988956,0.0018101169989677146
64,0,16,0.23330791597254574,0.005199115970754065,11892.619272936,11892.847381736,11892.619322338,11892.622716254,11892.845535001,11892.845535326,0.22810880000179168,0.003393916000277386,0.22281874700092885,0.0018464100012351992
65,0,16,0.233752166852355,0.0051426268510113005,11892.987991494,11893.216601034,11892.988068847,11892.99109788,11893.214264826,11893.214265151,0.2286095400013437,0.00302903299962054,0.22316694599976472,0.0023358830003417097
66,0,16,0.26675962493754923,0.03784467893819965,11893.384866433,11893.613781379,11893.384915727,11893.388074223,11893.612053274,11893.61205349,0.22891494599934958,0.0031584959997417172,0.22397905100115167,0.0017278889990848256
67,4,16,0.26319799991324544,0.003275206914622686,11893.753575565,11894.013498358,11893.753628001,11893.756636882,11894.011611862,11894.011612079,0.25992279299862275,0.003008880999914254,0.2549749800000427,0.0018862789984268602
68,0,16,0.23528345907106996,0.008444818071438931,11894.153053225,11894.379891866,11894.153104036,11894.156058423,11894.378163978,11894.37816452,0.22683864099963102,0.0029543869986810023,0.22210555500168994,0.0017273459998250473
69,4,16,0.29877070896327496,0.03672134196312982,11894.549996309,11894.812045676,11894.550047011,11894.553237359,11894.810099702,11894.810100135,0.26204936700014514,0.003190347999407095,0.25686234299973876,0.0019455410001683049
70,0,16,0.24606224987655878,0.009880399877147283,11894.950916927,11895.187098777,11894.95096633,11894.953873698,11895.18525475,11895.185255075,0.2361818499994115,0.0029073679997964064,0.2313810520008701,0.0018437019989505643
71,0,16,0.2346487920731306,0.0068085630737186875,11895.328458128,11895.556298357,11895.328510022,11895.331597665,11895.554341116,11895.554341441,0.22784022899941192,0.003087642999162199,0.22274345100049686,0.0019569159994716756
72,0,16,0.22970083286054432,0.0027767118608608143,11895.697122191,11895.924046312,11895.697173435,11895.70035945,11895.922015942,11895.922016267,0.2269241209996835,0.0031860149993008235,0.2216564919999655,0.002030044999628444
73,0,16,0.22843295894563198,0.0009840479451668216,11896.057099685,11896.284548596,11896.057150279,11896.060834758,11896.282662967,11896.282663292,0.22744891100046516,0.0036844789992755977,0.2218282089997956,0.0018853040000976762
74,0,16,0.2327622501179576,0.00484683411741571,11896.419629089,11896.647544505,11896.419678599,11896.422829187,11896.645773281,11896.645773606,0.22791541600054188,0.003150587999698473,0.22294409399910364,0.0017708989998936886
75,2,16,0.32431433303281665,0.049973763032539864,11896.820939617,11897.095280187,11896.820991186,11896.824546201,11897.092861534,11897.092861859,0.2743405700002768,0.003555015000529238,0.2683153329999186,0.0024183280002034735
76,0,16,0.2573804999701679,0.028947984970727703,11897.278255227,11897.506687742,11897.278305821,11897.281887379,11897.504872858,11897.504873183,0.22843251499944017,0.003581557999495999,0.22298547900027188,0.001814559000195004
77,0,16,0.23254020884633064,0.004851760844758246,11897.640434156,11897.868122604,11897.640483775,11897.643765127,11897.866341305,11897.866341846,0.2276884480015724,0.0032813520010677166,0.22257617799914442,0.0017807580006774515
78,0,16,0.23443583422340453,0.005968867222691188,11898.009810328,11898.238277295,11898.009861897,11898.013109556,11898.236210307,11898.236210741,0.22846696700071334,0.0032476589985890314,0.22310075100176618,0.002066553999611642
79,0,16,0.23204408306628466,0.0035050710666837404,11898.375700388,11898.6042394,11898.375751957,11898.379071011,11898.601939376,11898.601939918,0.22853901199960092,0.0033190539998031454,0.22286836499915808,0.0022994819992163684
80,0,16,0.2646869590971619,-0.0007264219038916053,11898.735747218,11899.001160599,11898.73579857,11898.739087615,11898.999076819,11898.999077252,0.2654133810010535,0.0032890450002014404,0.25998920399979397,0.0020833470007346477
81,0,16,0.2341541249770671,0.004153627976847929,11899.13484916,11899.364849657,11899.134899104,11899.138387925,11899.36298472,11899.362985045,0.23000049700021918,0.003488821001155884,0.22459679500025231,0.0018646120006451383
82,2,16,0.2574537917971611,0.00494437579800433,11899.503527199,11899.756036615,11899.503577902,11899.506839861,11899.754127585,11899.754128018,0.25250941599915677,0.0032619590001559118,0.2472877239997615,0.0019085969997831853
83,0,16,0.23613083292730153,0.0050171599268651335,11899.894193917,11900.12530759,11899.894245811,11899.897510263,11900.123445579,11900.123445904,0.2311136730004364,0.003264451999712037,0.22593531600068673,0.001861685999756446
84,2,16,0.2508404578547925,0.001168423854323919,11900.259158117,11900.508830151,11900.25920882,11900.262543041,11900.507006925,11900.507007467,0.24967203400046856,0.003334221000841353,0.2444638839988329,0.001822684000217123
85,0,16,0.2316253751050681,7.629010542586911e-05,11900.642293802,11900.873842887,11900.642344396,11900.64561264,11900.87211034,11900.87211099,0.23154908499964222,0.003268244001446874,0.22649769999952696,0.0017318970003543654
86,0,16,0.2353789999615401,0.0027809829625766724,11901.009154682,11901.241752699,11901.009206034,11901.013082923,11901.239956232,11901.239956557,0.23259801699896343,0.003876889000821393,0.2268733090004389,0.0017961419998755446
87,3,16,0.2634492500219494,0.0041685780215630075,11901.380406299,11901.639686971,11901.380457543,11901.383795448,11901.637797658,11901.637798308,0.2592806720003864,0.0033379050000803545,0.25400221000018064,0.001888663000499946
88,0,16,0.2410876660142094,0.007844061014111503,11901.774502684,11902.007746289,11901.774552845,11901.777965286,11902.005762072,11902.005762506,0.2332436050000979,0.0034124410012736917,0.22779678599908948,0.001983783000468975
89,0,16,0.2448354579973966,0.011685781997584854,11902.153901562,11902.387051238,11902.153953781,11902.157849629,11902.385149033,11902.385149358,0.23314967599981173,0.003895847999956459,0.22729940399949555,0.0019018799994228175
90,0,16,0.23365741688758135,0.000757352887376328,11902.523321936,11902.756222,11902.52337253,11902.526772838,11902.754215682,11902.754216224,0.23290006400020502,0.003400307999982033,0.22744284399959724,0.0020057759993505897
91,0,16,0.23045245790854096,0.002091662909151637,11902.891582114,11903.119942909,11902.891630866,11902.895518697,11903.117663687,11903.117664012,0.22836079499938933,0.003887831000611186,0.22214499000074284,0.0022788969999965047
92,7,16,0.3218461249489337,-0.009132115050306311,11903.25149428,11903.58247252,11903.251546282,11903.255039544,11903.58010251,11903.580102835,0.33097823999924003,0.003493262000120012,0.32506296600149653,0.002369685000303434
93,2,16,0.2927938748616725,0.0034758508609229466,11903.717667092,11904.006985116,11903.717718553,11903.721221891,11904.004415547,11904.004415764,0.2893180240007496,0.00350333800088265,0.2831936559996393,0.0025693520001368597
94,0,16,0.29338691709563136,0.02727442909599631,11904.169650397,11904.435762885,11904.169702399,11904.173188728,11904.433400567,11904.433401001,0.26611248799963505,0.0034863290002249414,0.2602118390004762,0.002361883998673875
95,0,16,0.25884274998679757,0.0068432829866651446,11904.582947156,11904.834946623,11904.582999483,11904.586478987,11904.83250121,11904.832501535,0.2519994670001324,0.0034795039991877275,0.24602222300018184,0.0024450879991491092
96,0,16,0.2664843341335654,-0.0032139378654392203,11904.965063485,11905.234761757,11904.965115596,11904.968598133,11905.232509619,11905.232509944,0.26969827199900465,0.003482537000309094,0.26391148599941516,0.0022518129990203306
97,3,16,0.35083575011231005,0.03383825111268379,11905.372487331,11905.68948483,11905.372537816,11905.37598861,11905.687026849,11905.687027608,0.31699749899962626,0.003450793999945745,0.31103823900048155,0.0024572219990659505
98,0,16,0.259451791876927,0.018317361877052463,11905.870252584,11906.111387014,11905.870304045,11905.873888961,11906.109526411,11906.109526844,0.24113442999987456,0.003584915999454097,0.23563745000137715,0.0018601699994178489
99,3,16,0.2626055828295648,0.0017618048295844346,11906.253368876,11906.514212654,11906.25341882,11906.257400255,11906.512236887,11906.512237212,0.2608437779999804,0.003981435000241618,0.25483663199884177,0.0019754419990931638
100,0,16,0.24874395783990622,0.01606392883877561,11906.658323474,11906.891003503,11906.658374068,11906.662040888,11906.889035103,11906.889035428,0.2326800290011306,0.0036668200009444263,0.22699421499964956,0.001968075001059333
101,1,16,0.26362866605632007,0.0028472910562413745,11907.034644567,11907.295425942,11907.034694945,11907.038517447,11907.29325755,11907.293257983,0.2607813750000787,0.0038225019998208154,0.2547401030005858,0.002167959000871633
102,2,16,0.2587090409360826,0.001925243936057086,11907.431145306,11907.687929103,11907.431197092,11907.434820468,11907.685580111,11907.685580544,0.2567837970000255,0.0036233760001778137,0.25075964299867337,0.0023485590008931467
103,0,16,0.23840229213237762,0.00027089313334727194,11907.819471373,11908.057602772,11907.819525976,11907.823216847,11908.055786479,11908.055786913,0.23813139899903035,0.003690871000799234,0.23256963200037717,0.001815858999179909
104,0,16,0.24268870893865824,0.0044420389385777526,11908.192610678,11908.430857348,11908.192663438,11908.196274464,11908.428618645,11908.428619186,0.23824667000008048,0.0036110260007262696,0.23234418100037146,0.0022381620001397096
105,0,16,0.23390520899556577,0.001974772994799423,11908.567752292,11908.799682728,11908.567803102,11908.571429296,11908.797891895,11908.79789222,0.23193043600076635,0.0036261940003896598,0.2264625989992055,0.0017905080003401963
106,2,16,0.2514442920219153,0.0012700010229309555,11908.934806555,11909.184980846,11908.934858016,11908.938489735,11909.182702816,11909.182703249,0.25017429099898436,0.00363171899880399,0.2442130810013623,0.0022775969991926104
107,0,16,0.26616995804943144,0.03407950604923826,11909.34638951,11909.578479962,11909.346442054,11909.350111691,11909.576549806,11909.576550239,0.23209045200019318,0.003669636998893111,0.22643811499983713,0.0019297229991934728
108,0,16,0.24660754203796387,0.012343498037807876,11909.721531666,11909.95579571,11909.721649538,11909.725270206,11909.953872054,11909.953872379,0.234264044000156,0.0036206679997121682,0.22860184800083516,0.0019233310013078153
109,0,16,0.24338433286175132,0.011084354862759938,11910.11029217,11910.342592148,11910.110343089,11910.114099289,11910.340374354,11910.340374787,0.23229997799899138,0.0037561999997706152,0.22627506500066374,0.0022173609995661536
110,0,16,0.25051024998538196,0.01754518198504229,11910.487742041,11910.720707109,11910.48779231,11910.491569527,11910.718931551,11910.718931876,0.23296506800033967,0.003777216999878874,0.2273620240011951,0.001775233000444132
111,0,16,0.24313500011339784,0.0006734251128364122,11910.860302169,11911.102763744,11910.860353305,11910.863841475,11911.100871723,11911.100872156,0.24246157500056142,0.00348816999940027,0.23703024799942796,0.0018915880009444663
112,0,16,0.2358185830526054,0.003915557052096119,11911.238841166,11911.470744192,11911.238891868,11911.242455333,11911.468958343,11911.468958776,0.23190302600050927,0.0035634649993880885,0.22650301000066975,0.0017854159996204544
113,0,16,0.23393358290195465,0.0011104389013780747,11911.602571284,11911.835394428,11911.602622961,11911.606237237,11911.833607386,11911.83360782,0.23282314400057658,0.0036142760000075214,0.22737014899939822,0.0017866079997475026
114,0,16,0.23652154090814292,0.00443488090786559,11911.966573114,11912.198659774,11911.966625225,11911.970215125,11912.196907943,11912.196908268,0.23208666000027733,0.0035898999994969927,0.2266928179997194,0.0017515059989818837
115,0,16,0.23438845807686448,0.0012610990779649,11912.335247036,11912.568374395,11912.335299905,11912.338921765,11912.566308707,11912.566308924,0.23312735899889958,0.0036218599998392165,0.22738694200052123,0.0020654709987866227
116,0,16,0.23408391699194908,0.0003795489919866668,11912.700021428,11912.933725796,11912.700072563,11912.703893224,11912.931922612,11912.931923154,0.23370436799996241,0.0038206609988264972,0.2280293880012323,0.0018026420002570376
117,0,16,0.25907575013116,0.02681044013115752,11913.094786369,11913.327051679,11913.094837613,11913.098816448,11913.325198226,11913.325198876,0.2322653100000025,0.003978835000452818,0.2263817780003592,0.0018528029995650286
118,1,16,0.2552077081054449,0.005408701104897773,11913.463098766,11913.712897773,11913.463150443,11913.46694857,11913.710957649,11913.710957974,0.24979900700054714,0.0037981269997544587,0.24400907900053426,0.0019397989999561105
119,0,16,0.2370055839419365,0.004065108942086226,11913.853887581,11914.086828056,11913.853939258,11913.857778878,11914.084833113,11914.084833438,0.23294047499985027,0.0038396199997805525,0.2270542349997413,0.001994618000026094
120,2,16,0.2515686668921262,0.001064919892087346,11914.222619248,11914.473122995,11914.222671033,11914.22652322,11914.471238883,11914.471239316,0.25050374700003886,0.003852187001029961,0.24471566299871483,0.0018836789986380609
121,0,16,0.24151966604404151,0.01082352804405673,11914.615686743,11914.846382881,11914.615738096,11914.61952593,11914.844495735,11914.84449606,0.23069613799998478,0.0037878340008319356,0.22496980500000063,0.001886820999061456
122,0,16,0.26725529110990465,0.0016912111095734872,11914.984302163,11915.249866243,11914.98435449,11914.988200177,11915.247843999,11915.247844324,0.26556408000033116,0.003845687000648468,0.2596438220007258,0.0020219190009811427
123,0,16,0.23212124989368021,0.0009228558919858187,11915.382671413,11915.613869807,11915.382722549,11915.386590553,11915.612086016,11915.612086341,0.2311983940016944,0.0038680039997416316,0.22549546300069778,0.001783466001143097
124,0,16,0.2402549998369068,0.005894859838008415,11915.751231255,11915.985591395,11915.751282499,11915.755126344,11915.983747802,11915.983748127,0.23436013999889838,0.0038438449992099777,0.22862145799990685,0.0018432679989928147
125,0,16,0.2500995830632746,0.017768512063412345,11916.137502902,11916.369833973,11916.137553388,11916.141772084,11916.368019523,11916.368019956,0.23233107099986228,0.004218695999952615,0.22624743900087196,0.0018140169995604083
126,0,16,0.23680624994449317,0.003847899944958044,11916.504590101,11916.737548451,11916.504640695,11916.508590928,11916.735605836,11916.735606161,0.23295834999953513,0.0039502330000686925,0.22701490799954627,0.0019422899986238917
127,0,16,0.2373667499050498,0.00425759290374117,11916.872713448,11917.105822605,11916.872764042,11916.877038423,11917.104025488,11917.104025813,0.23310915700130863,0.004274380999049754,0.2269870650015946,0.0017967920011869865
128,0,16,0.24863375001586974,0.020325390016296296,11917.257940821,11917.486249181,11917.257993257,11917.261969491,11917.484463115,11917.48446344,0.22830835999957344,0.003976234000219847,0.22249362399998063,0.0017857410002761753
129,0,16,0.24111716588959098,0.009368413890115335,11917.631889197,11917.863637949,11917.631939899,11917.636108109,11917.861775071,11917.861775504,0.23174875199947564,0.004168209999988903,0.22566696200010483,0.0018624450003699167
130,2,16,0.24725616700015962,-0.003298499999800697,11917.996300329,11918.246854996,11917.996352223,11918.000294873,11918.244929607,11918.24493004,0.2505546669999603,0.003942650000681169,0.24463473400101066,0.0019249559991294518
131,2,16,0.25062241591513157,0.002894513914725394,11918.384645031,11918.632372933,11918.384696058,11918.388918763,11918.630406375,11918.630406809,0.24772790200040617,0.004222704999847338,0.24148761200012814,0.001966124000318814
132,0,16,0.23526016692630947,0.003000923927174881,11918.766181858,11918.998441101,11918.766234402,11918.770201103,11918.996614842,11918.996615275,0.23225924299913459,0.003966701000535977,0.2264137390011456,0.0018258259988215286
133,1,16,0.24435754213482141,0.0012632721354748355,11919.132850763,11919.375945033,11919.132901248,11919.137261759,11919.373766891,11919.373767216,0.24309426999934658,0.0043605110004136804,0.2365051319993654,0.0021778169993922347
134,3,16,0.30579795804806054,0.00048215104834525846,11919.518869115,11919.824184922,11919.518919925,11919.522964305,11919.821386542,11919.821386867,0.3053158069997153,0.004044380000777892,0.29842223699961323,0.0027980550003121607
135,1,16,0.263673875015229,0.0006406880147551419,11919.957091064,11920.220124251,11919.957142416,11919.961198063,11920.218189978,11920.218190303,0.26303318700047384,0.004055646999404416,0.25699191500098095,0.0019339480004418874
136,0,16,0.23810516693629324,0.005075421935544,11920.360360133,11920.593389878,11920.360409102,11920.364526068,11920.591571311,11920.591571527,0.23302974500074924,0.004116965999855893,0.22704524300024786,0.0018183510001108516
137,2,16,0.263808875111863,0.004091492111911066,11920.729106534,11920.988823917,11920.729177928,11920.733304753,11920.986888019,11920.986888452,0.25971738299995195,0.004126824998820666,0.2535832660014421,0.0019354649994056672
138,0,16,0.2515280421357602,0.008759220136198564,11921.128287346,11921.371056168,11921.12833924,11921.132586537,11921.36878648,11921.368787238,0.24276882199956162,0.004247296999892569,0.2361999429995194,0.002268930000354885
139,0,16,0.23443050007335842,0.0008386950739804888,11921.512826988,11921.746418793,11921.512878557,11921.517019791,11921.74460965,11921.744609976,0.23359180499937793,0.004141233999689575,0.2275898590014549,0.0018088169999828096
140,0,16,0.23981720791198313,0.0055593389115529135,11921.878914874,11922.113172743,11921.878966334,11921.883290768,11922.111149632,11922.111149957,0.23425786900043022,0.0043244340013188776,0.22785886400015443,0.00202278600045247
141,4,16,0.2678036249708384,0.000578392971874564,11922.25291796,11922.520143192,11922.252972779,11922.257153231,11922.518150524,11922.518150849,0.26722523199896386,0.004180451998763601,0.26099729300040053,0.001992342999074026
142,0,16,0.2351016669999808,0.0013552630007325206,11922.650957428,11922.884703832,11922.651030881,11922.655107329,11922.882900756,11922.882901081,0.2337464039992483,0.004076447999977972,0.2277934270005062,0.0018027509995590663
143,0,16,0.23617487493902445,0.003561581937901792,11923.017977565,11923.250590858,11923.018029243,11923.022224429,11923.248684536,11923.248684861,0.23261329300112266,0.004195186000288231,0.22646010700009356,0.001905996999994386
144,3,16,0.27764649991877377,0.00565492191890371,11923.38836605,11923.660357628,11923.388417294,11923.392873468,11923.65834741,11923.658347735,0.27199157799987006,0.004456173999642488,0.26547394200133567,0.002009892999922158
145,0,16,0.2518899580463767,-0.00023377395336865447,11923.800483113,11924.052606845,11923.800534141,11923.804881976,11924.050681889,11924.050682214,0.25212373199974536,0.004347834999862243,0.24579991300015536,0.0019246310002927203
146,6,16,0.3350157078821212,-0.003201484116289066,11924.188648515,11924.526865707,11924.188699542,11924.192957131,11924.524316939,11924.524317372,0.33821719199841027,0.00425758899837092,0.33135980800034304,0.002548335000028601
147,0,16,0.2436222501564771,0.010792931156174745,11924.672338882,11924.905168201,11924.672390126,11924.676645115,11924.902961132,11924.902961457,0.23282931900030235,0.00425498900040111,0.22631601700049941,0.002206743998613092
148,0,16,0.27857404202222824,0.04600376002235862,11925.071603982,11925.304174264,11925.071654468,11925.075829286,11925.302254617,11925.30225505,0.23257028199986962,0.004174817999228253,0.22642533100042783,0.0019192139989172574
149,0,16,0.2565332078374922,0.001882917837065179,11925.455564122,11925.710214412,11925.455615149,11925.459870138,11925.708063462,11925.708063896,0.25465029000042705,0.00425498900040111,0.24819332399965788,0.002150516000256175
150,1,16,0.24365595798008144,0.0015534169797319919,11925.844073498,11926.086176039,11925.844125067,11925.848391865,11926.084242633,11926.084243283,0.24210254100034945,0.004266797999662231,0.2358507680000912,0.0019327560003148392
151,0,16,0.25231287511996925,0.019176850120857125,11926.238591969,11926.471727994,11926.238667806,11926.242826482,11926.469838898,11926.469839223,0.23313602499911212,0.004158675999860861,0.22701241600043431,0.0018887709993578028
152,1,16,0.2486629169434309,-0.004150497055888991,11926.604916032,11926.857729446,11926.604967385,11926.60931977,11926.855676,11926.855676434,0.2528134139993199,0.00435238499994739,0.24635622999994666,0.00205301200003305
153,1,16,0.24125800002366304,-0.0008188649771909695,11926.984470918,11927.226547783,11926.984522704,11926.988828937,11927.224510805,11927.224511347,0.242076865000854,0.0043062329987151315,0.23568186800002877,0.0020364360007079085
154,4,16,0.3091701250523329,0.01842593505352852,11927.386391824,11927.677136014,11927.386443068,11927.390960453,11927.674977047,11927.674977481,0.29074418999880436,0.004517384999417118,0.28401659399969503,0.002158532999601448
155,0,16,0.2352052500937134,-0.0005637229060084792,11927.806578903,11928.042347876,11927.806656907,11927.811012651,11928.040231269,11928.040231703,0.23576897299972188,0.0043557440003496595,0.2292186180002318,0.002116173000104027
156,0,16,0.2449074168689549,0.010763193868115195,11928.177503013,11928.411647236,11928.177555666,11928.181813472,11928.409445692,11928.409446017,0.2341442230008397,0.0042578060001687845,0.2276322199995775,0.002201219000198762
157,0,16,0.24341033305972815,0.0005519150599866407,11928.552669762,11928.79552818,11928.552719923,11928.55704674,11928.793601166,11928.793601491,0.2428584179997415,0.004326816999309813,0.23655442600102106,0.0019266890012659132
158,0,16,0.23342466703616083,-0.00023452496498066466,11928.9258225,11929.159481692,11928.925872986,11928.930164052,11929.157602671,11929.157602996,0.2336591920011415,0.004291066001314903,0.22743861900016782,0.0018786960008583264
159,0,16,0.25607870798557997,0.011595322986977408,11929.303204227,11929.547687612,11929.303254062,11929.307597022,11929.545708487,11929.545708812,0.24448338499860256,0.004342959999121376,0.2381114649997471,0.0019787999990512617
160,4,16,0.28602808294817805,-0.005467108052471303,11929.679143861,11929.970639052,11929.679210381,11929.683667746,11929.968419849,11929.968420283,0.29149519100064936,0.004457364999325364,0.2847521029998461,0.002218769001046894
161,0,16,0.23701220797374845,0.0020987829739169683,11930.105623015,11930.34053644,11930.105674259,11930.110227071,11930.338579849,11930.338580174,0.23491342499983148,0.004552811999019468,0.22835277800004405,0.001956265999979223
162,0,16,0.24455825006589293,0.00988674506515963,11930.485210727,11930.719882232,11930.48526208,11930.489664409,11930.717969952,11930.717970277,0.2346715050007333,0.004402329001095495,0.22830554299980577,0.0019119549997412832
163,0,16,0.23320337501354516,3.820701385848224e-05,11930.851789386,11931.084954554,11930.851840196,11930.856275136,11931.083067517,11931.08306795,0.23316516799968667,0.004434940001374343,0.2267923809995409,0.0018866040009015705
164,1,16,0.284209833946079,0.013553850945754675,11931.220535028,11931.491191011,11931.220597323,11931.225021861,11931.489112756,11931.489113081,0.27065598300032434,0.004424538001330802,0.2640908949997538,0.0020779300011781743
165,0,16,0.24590983288362622,0.004855681881963392,11931.644253288,11931.885307439,11931.644331833,11931.648765255,11931.883134821,11931.883135146,0.24105415100166283,0.004433422000147402,0.23436956600016856,0.0021722930014220765
166,0,16,0.23828095896169543,0.008680231961989193,11932.028000543,11932.25760127,11932.028072696,11932.032771331,11932.255418144,11932.255418469,0.22960072699970624,0.004698634998931084,0.2226468129993009,0.0021828009994351305
167,0,16,0.24976637493818998,0.016094290936962352,11932.402608915,11932.636280999,11932.402659726,11932.407209504,11932.634362651,11932.634362976,0.23367208400122763,0.004549777999272919,0.22715314700144518,0.0019180230010533705
168,2,16,0.2537532080896199,0.0017902510899148183,11932.777905345,11933.029868302,11932.777954747,11932.782514167,11933.027911386,11933.027911711,0.25196295699970506,0.004559420000077807,0.24539721899964206,0.0019565909988159547
169,0,16,0.23683829186484218,0.0031689168645243626,11933.166148317,11933.399817692,11933.166198694,11933.170683685,11933.398019275,11933.3980196,0.2336693750003178,0.004484991000936134,0.22733558999971137,0.0017980920001718914
170,0,16,0.2544941247906536,0.002418603789919871,11933.532655255,11933.784730776,11933.532704549,11933.537235909,11933.782803545,11933.782803978,0.2520755210007337,0.004531360000328277,0.24556763600048725,0.001926798000567942
171,0,16,0.24820941709913313,0.0057353830998181365,11933.923530849,11934.166004883,11933.92358101,11933.928085827,11934.164042333,11934.164042658,0.242474033999315,0.004504816999542527,0.23595650600145746,0.0019622250001702923
172,0,16,0.23881749995052814,0.0038742829510738375,11934.302545668,11934.537488885,11934.302596478,11934.307028601,11934.535645075,11934.5356454,0.2349432169994543,0.00443212299978768,0.22861647399986396,0.001843485000790679
173,0,16,0.23684175009839237,0.0013310560971149243,11934.67786149,11934.913372184,11934.677910459,11934.682587859,11934.911398909,11934.911399234,0.23551069400127744,0.004677400000218768,0.2288110499994218,0.0019729499999812106
174,0,16,0.27178679103963077,0.0186152110400144,11935.064008223,11935.317179803,11935.064058275,11935.068916492,11935.315054529,11935.315054854,0.25317157999961637,0.004858217000219156,0.24613803699867276,0.00212494900006277
175,2,16,0.2560989169869572,0.0022110029858595226,11935.456518209,11935.710406123,11935.45656707,11935.461939678,11935.708512693,11935.708513018,0.25388791400109767,0.005372608000470791,0.24657301499973983,0.001893104999908246
176,0,16,0.23476162482984364,0.0014888768309901934,11935.842531578,11936.075804326,11935.842581847,11935.84714625,11936.073951415,11936.07395174,0.23327274799885345,0.004564402999676531,0.2268051649989502,0.0018525859995861538
177,0,16,0.2387918750755489,0.004386450074889581,11936.207046066,11936.441451491,11936.207095793,11936.211822054,11936.439644949,11936.439645274,0.2344054250006593,0.004726261000541854,0.22782289499991748,0.0018062170001940103
178,0,16,0.23727441602386534,0.003507320023345528,11936.580120042,11936.813887138,11936.580169553,11936.58481196,11936.811840843,11936.811841277,0.23376709600051981,0.0046424069987551775,0.22702888300045743,0.0020458609997149324
179,0,16,0.2395104169845581,0.005427080985100474,11936.953141366,11937.187224702,11936.953190227,11936.95779894,11937.185318705,11937.185319247,0.23408333599945763,0.0046087130012892885,0.22751976499966986,0.0019054549993597902
180,1,16,0.26183729083277285,-0.0009234251665475313,11937.321830131,11937.584590847,11937.321879641,11937.326509589,11937.58256297,11937.582563403,0.2627607159993204,0.004629948000001605,0.25605338099921937,0.002027443999395473
181,0,16,0.25084175006486475,0.017412453064025613,11937.730716977,11937.964146274,11937.730772446,11937.735444105,11937.962090229,11937.962090662,0.23342929700083914,0.004671658998631756,0.22664612400149053,0.002055611999821849
182,0,16,0.24116954114288092,0.0061895971430203645,11938.104844436,11938.33982438,11938.104894163,11938.109917488,11938.337807878,11938.337808311,0.23497994399986055,0.00502332500036573,0.2278903900005389,0.002016069000092102
183,1,16,0.25481012486852705,0.005444038868517964,11938.475661616,11938.725027702,11938.475711126,11938.480472381,11938.722662568,11938.722662893,0.2493660860000091,0.004761254998811637,0.24219018700023298,0.002364808999118395
184,0,16,0.23089991696178913,0.0017603859614609974,11938.8625522,11939.091691731,11938.862604419,11938.867390374,11939.089563533,11939.089563966,0.22913953100032813,0.004785954999533715,0.2221731589997944,0.002127765001205262
185,0,16,0.24019454210065305,0.010704970101869549,11939.221762875,11939.451252447,11939.221813252,11939.226550889,11939.449144291,11939.449144616,0.2294895719987835,0.004737637000289396,0.22259340200071165,0.002107831000103033
186,0,16,0.23159904195927083,-0.000759006041334942,11939.595004992,11939.82736304,11939.595055695,11939.599772097,11939.825336029,11939.825336354,0.23235804800060578,0.00471640200157708,0.22556393199920421,0.0020266859992261743
187,0,16,0.2394152081105858,0.004442306109922356,11939.962126968,11940.19709987,11939.962178645,11939.96693199,11940.195141654,11940.195142087,0.23497290200066345,0.0047533449996990385,0.22820966399922327,0.0019577830007619923
188,0,16,0.23714654194191098,-0.00038412005778809544,11940.330228322,11940.567758984,11940.330279566,11940.335208203,11940.56575895,11940.565759383,0.23753066199969908,0.004928636999466107,0.23055074700096156,0.0019996009996248176
189,6,16,0.34769179206341505,-0.0014142719373921864,11940.708065611,11941.057171675,11940.708115771,11940.713157947,11941.054640783,11941.054641216,0.34910606400080724,0.0050421760006429395,0.34148283600006835,0.0025304589998995652
190,0,16,0.24576620804145932,0.006738309040883905,11941.193400662,11941.432428561,11941.193450173,11941.198219878,11941.430464387,11941.430465037,0.23902789900057542,0.004769705001308466,0.23224450899942894,0.0019635240005300147
191,0,16,0.268075083848089,0.00564436584681971,11941.578055576,11941.840486294,11941.578104762,11941.58321064,11941.838302084,11941.838302518,0.26243071800126927,0.005105877999085351,0.25509144399984507,0.0021837760014022933
192,2,16,0.29146254109218717,0.04287074809326441,11942.022053368,11942.270645161,11942.022104721,11942.026924044,11942.268678278,11942.268678603,0.24859179299892276,0.00481932299953769,0.24175423400083673,0.0019665579984575743
193,0,16,0.23096666601486504,0.0018545440143498126,11942.401609554,11942.630721676,11942.401685174,11942.406593985,11942.628608103,11942.628608428,0.22911212200051523,0.004908811000859714,0.22201411799869675,0.0021132479996595066
194,4,16,0.27407579217106104,0.004750854170197272,11942.763884471,11943.033209409,11942.76393344,11942.769348624,11943.031203416,11943.031203632,0.26932493800086377,0.005415184001321904,0.26185479199921247,0.002005777001613751
195,0,16,0.22875616699457169,-0.0020198160054860637,11943.173681359,11943.404457342,11943.173732279,11943.178564494,11943.402296858,11943.402297292,0.23077598300005775,0.0048322149996238295,0.2237323640001705,0.002160050000384217
196,0,16,0.24299025000073016,0.003163465002216981,11943.538157929,11943.777984714,11943.538206573,11943.543108342,11943.775803538,11943.77580408,0.23982678499851318,0.004901769001662615,0.23269519599853083,0.002180633999159909
197,0,16,0.24580404092557728,0.005738368925449322,11943.911222913,11944.151288585,11943.911271882,11943.916187843,11944.149372946,11944.149373271,0.24006567200012796,0.00491596100073366,0.23318510299941408,0.0019153140001435531
198,0,16,0.2458430000115186,0.012323024011493544,11944.292967317,11944.526487293,11944.293017911,11944.297947523,11944.524646733,11944.524647058,0.23351997600002505,0.004929611999614281,0.22669920999942406,0.0018402349996904377
199,0,16,0.24370762496255338,0.009639889962272719,11944.674648993,11944.908716728,11944.67470002,11944.679598214,11944.906868259,11944.906868584,0.23406773500028066,0.004898193999906653,0.2272700450012053,0.0018481440001778537
200,0,16,0.2340061250142753,0.00381235301392735,11945.047752545,11945.277946317,11945.047802056,11945.052818014,11945.276085281,11945.276085606,0.23019377200034796,0.00501595800051291,0.22326726699975552,0.001860711001427262
201,0,16,0.2408421249128878,0.0014599599126086105,11945.409980335,11945.6493625,11945.410031688,11945.414930857,11945.647397893,11945.647398326,0.2393821650002792,0.004899169000054826,0.2324670360012533,0.0019641740000224672
202,2,16,0.2622290840372443,0.0033139460374513874,11945.788039501,11946.046954639,11945.788088795,11945.793278636,11946.044956772,11946.044957313,0.25891513799979293,0.005189841000174056,0.25167813600091904,0.00199732599867275
203,0,16,0.2361226249486208,0.004099342948393314,11946.184592892,11946.416616174,11946.184641103,11946.189627051,11946.414271082,11946.414271299,0.23202328200022748,0.004985948000467033,0.22464403099911578,0.002344874999835156
204,1,16,0.23934574984014034,-0.0007861161611799616,11946.559542856,11946.799674722,11946.559590958,11946.564826192,11946.797558007,11946.797558332,0.2401318660013203,0.005235233998973854,0.23273181500007922,0.0021163900000829017
205,0,16,0.2421806249767542,0.012001369976132992,11946.936847445,11947.1670267,11946.936896847,11946.941946932,11947.165088093,11947.165088418,0.2301792550006212,0.005050084999311366,0.22314116099914827,0.0019382820009923307
206,0,16,0.23250666679814458,0.002283859797898913,11947.305738802,11947.535961609,11947.305787771,11947.311059516,11947.534021269,11947.534021594,0.23022280700024567,0.005271744999845396,0.2229617530010728,0.0019400150013098028
207,0,16,0.2769408749882132,0.006003103988405201,11947.676551757,11947.947489528,11947.676601268,11947.681687645,11947.945356887,11947.945357212,0.270937770999808,0.005086376999315689,0.26366924200010544,0.0021323159999155905
208,0,16,0.23630216694436967,0.006281952944846125,11948.093074183,11948.323094397,11948.093123802,11948.098164027,11948.321171391,11948.321171824,0.23002021399952355,0.005040224999902421,0.22300736400029564,0.0019225729993195273
209,0,16,0.23230662499554455,0.0013327079959708499,11948.45743223,11948.688406147,11948.457481957,11948.462476572,11948.686370794,11948.686371227,0.2309739169995737,0.004994614999304758,0.22389422199921682,0.002034919998550322
210,7,16,0.32917041704058647,-0.002612451959066675,11948.828953501,11949.16073637,11948.829004962,11948.83406783,11949.158224437,11949.15822487,0.33178286899965315,0.005062867998276488,0.3241566070009867,0.0025115000007644994
211,6,16,0.3123063750099391,-0.0008036199906200636,11949.301149276,11949.614259271,11949.301199437,11949.306373894,11949.611630657,11949.61163109,0.31310999500055914,0.005174456999156973,0.30525676300021587,0.0026281810005457373
212,0,16,0.27554454118944705,0.04421191619076126,11949.795734257,11950.027066882,11949.795782576,11949.801260055,11950.025152652,11950.025152868,0.2313326249986858,0.005477478998727747,0.2238925970013952,0.0019140139993396588
213,1,16,0.26034816610626876,-0.006579676894034492,11950.157820016,11950.424747859,11950.157869526,11950.163064676,11950.422679246,11950.422679571,0.26692784300030326,0.0051951500008726725,0.2596145699990302,0.002068288000373286
214,5,16,0.32561970804817975,-0.009682965952379163,11950.554785634,11950.890088308,11950.554835469,11950.56013744,11950.887570849,11950.887571283,0.3353026740005589,0.005301970999425976,0.3274334090001503,0.002517025000997819
215,0,16,0.26217008382081985,4.401382102514617e-05,11951.025488832,11951.287614902,11951.025538992,11951.030658197,11951.285524513,11951.285524838,0.2621260699997947,0.005119204999573412,0.25486631599960674,0.002090063999276026
216,0,16,0.233742541866377,0.0029245238674775464,11951.424535955,11951.655353973,11951.424585249,11951.429959157,11951.653378423,11951.653378748,0.23081801799889945,0.005373907999455696,0.22341926599983708,0.001975224999114289
217,0,16,0.24096554121933877,0.010281754219249706,11951.791647638,11952.022331425,11951.791697149,11951.796852971,11952.020109513,11952.020109946,0.23068378700008907,0.0051558220002334565,0.2232565419999446,0.002221479000581894
218,0,16,0.23418591707013547,0.0038562890695175156,11952.161892467,11952.392222095,11952.16194176,11952.167290534,11952.390304289,11952.390304614,0.23032962800061796,0.005348774000594858,0.2230137549995561,0.0019174810004187748
219,0,16,0.261571167036891,-0.0011425299635448027,11952.52735329,11952.790066987,11952.527402584,11952.532604558,11952.787989924,11952.787990358,0.2627136970004358,0.005201973999646725,0.25538536599924555,0.002076628999930108
220,0,16,0.23612549994140863,0.004988099941328983,11952.92552168,11953.15665908,11952.925572166,11952.930890388,11953.154801185,11953.15480151,0.23113740000007965,0.005318221999914385,0.22391079700173577,0.0018575699996290496
221,1,16,0.2500566670205444,0.0015868630216573365,11953.288632861,11953.537102665,11953.288680964,11953.29395975,11953.535143257,11953.535143474,0.24846980399888707,0.005278786000417313,0.24118350699973234,0.001959190998604754
222,0,16,0.2313575418666005,0.0011255268655077089,11953.669856591,11953.900088606,11953.669906318,11953.675122052,11953.898188785,11953.898189002,0.2302320150010928,0.005215733999648364,0.22306673300045077,0.0018996039998455672
223,2,16,0.25220870808698237,0.0035817060870613204,11954.035966578,11954.28459358,11954.036015221,11954.041546328,11954.282595171,11954.282595496,0.24862700199992105,0.005531107000933844,0.2410488429995894,0.0019980839988420485
224,0,16,0.24584529106505215,0.014529675063386094,11954.422103668,11954.653419284,11954.422154371,11954.427393614,11954.651333554,11954.651333987,0.23131561600166606,0.005239243000687566,0.22393994000049133,0.0020852970010309946
225,0,16,0.2361873749177903,0.004489323917368893,11954.795158902,11955.026856953,11954.795207438,11954.800460223,11955.024841209,11955.024841534,0.2316980510004214,0.005252785000266158,0.2243809860010515,0.0020154190005996497
226,0,16,0.2589582500513643,0.02797805005138798,11955.166038919,11955.397019119,11955.166088646,11955.172883411,11955.395075204,11955.395075529,0.23098019999997632,0.006794765000449843,0.22219179300009273,0.001943589999427786
227,0,16,0.24116037506610155,0.009305343066444038,11955.5629222,11955.794777232,11955.562970627,11955.568594796,11955.792949131,11955.792949889,0.2318550319996575,0.0056241689999296796,0.2243543350014079,0.0018273429996042978
228,0,16,0.239085832843557,-0.0004053211559948977,11955.931984948,11956.171476102,11955.932034351,11955.93714803,11956.169567505,11956.169567938,0.2394911539995519,0.005113678998895921,0.2324194749999151,0.0019081640002696076
229,0,16,0.23222266603261232,0.0016780940313765313,11956.30470845,11956.535253022,11956.304756769,11956.310329478,11956.533367826,11956.533368151,0.2305445720012358,0.005572709000261966,0.22303834800004552,0.0018848710005840985
230,5,16,0.3435728340409696,0.039909728040584014,11956.669811323,11956.973474429,11956.669862026,11956.675035616,11956.971255335,11956.97125566,0.3036631060003856,0.005173589999685646,0.29621971900087374,0.0022187689992279047
231,4,16,0.2759152080398053,-0.0020100619603908854,11957.154970217,11957.432895487,11957.155019078,11957.160219427,11957.430709544,11957.430709869,0.2779252700001962,0.005200349000006099,0.27049011700000847,0.0021856179992028046
232,0,16,0.23539554211311042,0.006180499114634586,11957.571730662,11957.800945705,11957.571779089,11957.576925053,11957.798960405,11957.798960838,0.22921504299847584,0.0051459639998938655,0.22203535200060287,0.001984866999919177
233,2,16,0.259863416897133,0.001185322897072183,11957.937972171,11958.196650265,11957.938021249,11957.943699696,11958.194514049,11958.194514266,0.2586780940000608,0.005678446999809239,0.2508143530012603,0.00213599899871042
234,0,16,0.23292583297006786,0.002343991969610215,11958.328256671,11958.558838512,11958.328306832,11958.333742818,11958.55689893,11958.556899472,0.23058184100045764,0.005435986000520643,0.22315611200065177,0.0019390400011616293
235,0,16,0.2378106249962002,0.0025516009955026675,11958.695006396,11958.93026542,11958.695055365,11958.700732078,11958.928242743,11958.928243176,0.23525902400069754,0.005676712999047595,0.22751066500131856,0.0020222439998178743
236,0,16,0.24932512501254678,0.004684216011810349,11959.066496574,11959.311137483,11959.066548901,11959.072014247,11959.309119681,11959.309119898,0.24464090900073643,0.005465345999255078,0.23710543400011375,0.0020175850004306994
237,0,16,0.2620304161682725,-0.001674143832133268,11959.447520636,11959.711225196,11959.447568955,11959.453208833,11959.708980967,11959.708981401,0.26370456000040576,0.005639877999783494,0.25577213399992615,0.0022437950010498753
238,2,16,0.28100045886822045,0.005827416867759894,11959.84549716,11960.120670202,11959.84554602,11959.85097193,11960.1184653,11960.118465625,0.27517304200046055,0.005425909999758005,0.26749337000001105,0.00220457700015686
239,0,16,0.23427112493664026,0.0037406369374366477,11960.263191373,11960.493721861,11960.263260493,11960.268812834,11960.491564411,11960.491564736,0.23053048799920361,0.005552340999201988,0.22275157700096315,0.002157124999939697
240,6,16,0.33149933395907283,0.0029557819580077194,11960.629697011,11960.958240563,11960.629745655,11960.635410126,11960.955722455,11960.95572278,0.3285435520010651,0.005664471000272897,0.32031232900044415,0.0025177830011671176
241,0,16,0.3061898748856038,0.05593693088485452,11961.164100348,11961.414353292,11961.164151267,11961.170426116,11961.412262579,11961.412263012,0.25025294400074927,0.006274848999964888,0.2418364630011638,0.0020902800006297184
242,0,16,0.23579483316279948,0.0061584621616930235,11961.543332602,11961.772968973,11961.543406055,11961.548867825,11961.771032425,11961.77103275,0.22963637100110645,0.005461770000692923,0.22216459999981453,0.0019362229995749658
243,0,16,0.23966766707599163,0.00914888007537229,11961.920262991,11962.150781778,11961.92031326,11961.925900377,11962.148852055,11962.148852488,0.23051878700061934,0.005587117000686703,0.22295167799893534,0.0019292899996798951
244,1,16,0.2525814580731094,0.013885075073631015,11962.295458774,11962.534155157,11962.295507959,11962.301171997,11962.532193041,11962.532193366,0.23869638299947837,0.005664038000759319,0.23102104399913514,0.0019617910002125427
245,5,16,0.2775752500165254,0.0008788620179984719,11962.672820674,11962.949517062,11962.672870293,11962.678302162,11962.947329061,11962.947329386,0.2766963879985269,0.005431868999949074,0.2690268990008917,0.0021876760001759976
246,0,16,0.23340216698125005,0.0023085369812179124,11963.082972371,11963.314066001,11963.083021665,11963.088473143,11963.312176905,11963.31217723,0.23109363000003214,0.005451478000395582,0.22370376199978637,0.0018887709993578028
247,0,16,0.2421408339869231,0.01181564798753243,11963.451501445,11963.681826631,11963.451550955,11963.457263204,11963.679833639,11963.679833964,0.23032518599939067,0.0057122489997709636,0.22257043500030704,0.001992666999285575
248,0,16,0.23287504096515477,0.003377884964720579,11963.820261171,11964.049758327,11963.820335816,11963.825973961,11964.047776169,11964.047776602,0.2294971560004342,0.0056381449994660215,0.22180220799964445,0.0019817250013147714
249,4,16,0.2709744169842452,0.0030626449843111914,11964.182367947,11964.450279719,11964.182417999,11964.18778129,11964.448219665,11964.44821999,0.267911771999934,0.005363291000321624,0.26043837500037625,0.0020597290003934177
250,0,16,0.234504375141114,0.00396511214239581,11964.585887928,11964.816427191,11964.585938197,11964.591342981,11964.814487176,11964.814487501,0.2305392629987182,0.005404784000347718,0.22314419499889482,0.0019396899988350924
251,0,16,0.24017375009134412,0.009600143092029612,11964.95924055,11965.189814157,11964.959290061,11964.965048895,11965.187931561,11965.187931994,0.2305736069993145,0.00575883399869781,0.22288266600116913,0.001882163000118453
252,0,16,0.23660829081200063,0.007432357811921975,11965.32979956,11965.558975493,11965.329848962,11965.335223628,11965.557031795,11965.55703212,0.22917593300007866,0.005374666001443984,0.22180816699983552,0.0019433730012679007
253,0,16,0.2677249580156058,0.03820223401453404,11965.733399603,11965.962922327,11965.733449222,11965.739103076,11965.960989029,11965.960989354,0.22952272400107177,0.005653854001138825,0.22188595299849112,0.001932973000293714
254,1,16,0.23961349995806813,0.000313779957650695,11966.093307868,11966.332607588,11966.093356729,11966.098854251,11966.330525758,11966.330526083,0.23929972000041744,0.005497522000950994,0.23167150699919148,0.0020815049992961576
255,0,16,0.23288554209284484,0.0026092160915140994,11966.466353785,11966.696630111,11966.466404488,11966.471901576,11966.694703747,11966.69470418,0.23027632600133074,0.005497088000993244,0.22280217099978472,0.0019259310010966146
256,0,16,0.28946799994446337,0.026936093943731976,11966.861203555,11967.123735461,11966.861253608,11966.866867051,11967.121597512,11967.121597837,0.2625319060007314,0.005613442999674589,0.2547304609997809,0.0021376240001700353
257,0,16,0.23375833313912153,0.0024583181402704213,11967.258592235,11967.48989225,11967.258642071,11967.264386062,11967.487921359,11967.487921684,0.2313000149988511,0.005743990999690141,0.22353529700012587,0.001970565999727114
258,0,16,0.23489608406089246,0.003721416060216143,11967.624802543,11967.855977211,11967.624853462,11967.630482506,11967.854021811,11967.854022245,0.23117466800067632,0.005629043998851557,0.22353930499957642,0.001954966000994318
259,0,16,0.23351620812900364,-0.0002760228708211798,11967.991167666,11968.224959897,11967.991218044,11967.99723819,11968.223051192,11968.223051517,0.23379223099982482,0.006020146000082605,0.22581300199999532,0.0019083799998043105
260,0,16,0.23229183303192258,0.0019674050327012083,11968.359893916,11968.590218344,11968.359942885,11968.366005283,11968.588224485,11968.58822481,0.23032442799922137,0.006062398000722169,0.22221920199990564,0.0019935339987569023
261,0,16,0.2319634158629924,0.00249605286262522,11968.726464341,11968.955931704,11968.72651461,11968.732254268,11968.953971755,11968.953972297,0.22946736300036719,0.005739657999583869,0.22171748700020544,0.0019594069999584462
262,0,16,0.2506087920628488,0.019824359062113217,11969.108989106,11969.339773539,11969.109039375,11969.115239579,11969.337725944,11969.337726485,0.2307844330007356,0.006200203999469522,0.22248636500080465,0.0020470540002861526
263,0,16,0.23535112501122057,0.004607753011441673,11969.474753385,11969.705496757,11969.474802895,11969.480626515,11969.703584368,11969.703584694,0.2307433719997789,0.005823620000228402,0.2229578530004801,0.0019120630004181294
264,0,16,0.2475139161106199,-0.00015418389011756517,11969.839151625,11970.086819725,11969.839201352,11969.845696345,11970.084759562,11970.084759996,0.24766810000073747,0.006494993000160321,0.23906321699905675,0.0020597290003934177
265,0,16,0.26449087518267334,0.034444551181877614,11970.255594855,11970.485641179,11970.255645558,11970.261610235,11970.483699322,11970.483699647,0.23004632400079572,0.005964677000520169,0.22208908699940366,0.0019415320002735825
266,0,16,0.23406599997542799,0.0024833299739839276,11970.622607192,11970.854189862,11970.622657895,11970.628472198,11970.852248005,11970.852248656,0.23158267000144406,0.005814302998260246,0.22377580700049293,0.001941206000992679
267,2,16,0.25093845813535154,0.003209798134776065,11970.987305964,11971.235034624,11970.987357316,11970.993168586,11971.232979662,11971.232980204,0.24772866000057547,0.005811269998957869,0.23981107600047835,0.002054419999694801
268,0,16,0.2577008749358356,0.027705578937457176,11971.39856282,11971.628558116,11971.398612331,11971.40445881,11971.626618751,11971.626619076,0.22999529599837842,0.005846478999956162,0.22215994099860836,0.00193903999934264
269,0,16,0.2373889998998493,0.005740460899687605,11971.765177447,11971.996825986,11971.765225332,11971.771098788,11971.994850003,11971.994850436,0.2316485390001617,0.005873456000699662,0.2237512150004477,0.00197554999977001
270,0,16,0.2332289998885244,-0.0006933451113582123,11972.13168471,11972.365607055,11972.131733029,11972.137860647,11972.363532701,11972.363533134,0.23392234499988263,0.0061276180003915215,0.22567205399900558,0.002073921001283452
271,0,16,0.26247425004839897,0.026143327049794607,11972.524464026,11972.760794949,11972.524513211,11972.530667805,11972.758267632,11972.758267957,0.23633092299860436,0.0061545940006908495,0.2275998269997217,0.0025269919988204492
272,0,16,0.24182620784267783,0.003407711843465222,11972.897265206,11973.135683702,11972.89731515,11972.903460535,11973.133496783,11973.133497108,0.2384184959992126,0.0061453850012185285,0.23003624800003308,0.00218659399979515
273,0,16,0.23636758304201066,0.001583406043209834,11973.270618479,11973.505402656,11973.270670048,11973.276805791,11973.503446932,11973.503447257,0.23478417699880083,0.00613574300041364,0.22664114100007282,0.0019553989986889064
274,0,16,0.29111045808531344,0.031811802085940144,11973.674050272,11973.933348928,11973.674098266,11973.680783285,11973.931290499,11973.931291041,0.2592986559993733,0.0066850190014520194,0.250507213999299,0.0020578869989549275
275,0,16,0.2323699169792235,0.0010258079782943241,11974.066561667,11974.297905776,11974.066645088,11974.073049618,11974.295924809,11974.295925134,0.23134410900092917,0.006404530000509112,0.22287519099882047,0.001980642000489752
276,0,16,0.24106766586191952,0.009528330861940049,11974.433175752,11974.664715087,11974.433225805,11974.439231867,11974.662812448,11974.662812773,0.23153933499997947,0.0060060619998694165,0.22358058099962363,0.0019023139993805671
277,0,16,0.26556137506850064,0.03537930306811177,11974.837503395,11975.067685467,11974.837552039,11974.843955703,11975.065664307,11975.065664632,0.23018207200038887,0.006403663999662967,0.22170860400001402,0.0020208349997119512
278,0,16,0.23211458302102983,0.0019462700220174156,11975.203629416,11975.433797729,11975.20368001,11975.209482938,11975.431768226,11975.431768551,0.23016831299901241,0.005802928000775864,0.22228528800042113,0.002029178000157117
279,0,16,0.23494920902885497,0.003531322030539741,11975.571688952,11975.803106839,11975.571740304,11975.577836178,11975.801190333,11975.801190658,0.23141788699831523,0.0060958739995840006,0.22335415500128875,0.0019161809996148804
280,0,16,0.2572467499412596,0.02569820694043301,11975.96656429,11976.198112833,11975.966613367,11975.972707833,11976.1961505,11976.196150825,0.2315485430008266,0.0060944659999222495,0.22344266700019944,0.0019620080001914175
281,0,16,0.24212020891718566,0.0031475629184569698,11976.330878135,11976.569850781,11976.33092732,11976.336960358,11976.567905999,11976.567906432,0.2389726459987287,0.0060330380001687445,0.23094564100028947,0.0019443490000412567
282,0,16,0.2547851661220193,0.0167735891227494,11976.71259567,11976.950607247,11976.712644964,11976.718727947,11976.948659215,11976.948659648,0.2380115769992699,0.006082982999942033,0.2299312680006551,0.0019475989993225085
283,0,16,0.2353750839829445,0.004312870982175809,11977.094917409,11977.325979622,11977.094966486,11977.101819104,11977.323948277,11977.323948711,0.23106221300076868,0.006852618000266375,0.22212917300021218,0.002030911000474589
284,1,16,0.2470880839973688,0.002913245996751357,11977.465764707,11977.709939545,11977.465815843,11977.47201128,11977.707673215,11977.707673648,0.24417483800061746,0.006195437001224491,0.23566193499937071,0.002265897001052508
285,0,16,0.24355025007389486,-0.0008914249265217222,11977.843558769,11978.088000444,11977.84360763,11977.849458985,11978.086013194,11978.086013519,0.24444167500041658,0.005851354999322211,0.23655420900104218,0.00198692500089237
286,0,16,0.24026370816864073,0.0054569971671298845,11978.227303208,11978.462109919,11978.227352718,11978.233447076,11978.460161995,11978.46016232,0.23480671100151085,0.006094357999245403,0.22671491900109686,0.0019475990011414979
287,0,16,0.24994570785202086,0.007361385851254454,11978.594760057,11978.837344379,11978.594809242,11978.600730259,11978.835345861,11978.835346186,0.2425843220007664,0.005921017000218853,0.23461560199939413,0.0019981929999630665
288,0,16,0.2439092919230461,0.00960537892387947,11978.977930085,11979.212233998,11978.977978945,11978.983873311,11979.210316517,11979.210316842,0.23430391299916664,0.005894365998756257,0.2264432060001127,0.0019171559997630538
289,2,16,0.25665254099294543,0.0024814319931465434,11979.352474755,11979.606645864,11979.352524157,11979.358633899,11979.604623729,11979.604624054,0.2541711089997989,0.006109742000262486,0.24598982999850705,0.0020218099998601247
290,0,16,0.2406668330077082,0.0059375840064603835,11979.742728053,11979.977457302,11979.742776697,11979.748947108,11979.975506995,11979.975507428,0.2347292490012478,0.00617041100122151,0.22655988699989393,0.0019498740002745762
291,2,16,0.25942983315326273,0.005269015153317014,11980.120101437,11980.374262255,11980.120151056,11980.126284958,11980.372172624,11980.372172949,0.2541608179999457,0.006133901999419322,0.24588766600027157,0.0020893059991067275
292,0,16,0.252171500120312,0.018171152121794876,11980.519171637,11980.753171985,11980.519221364,11980.525436844,11980.751215936,11980.751216261,0.2340003479985171,0.006215479999809759,0.22577909199935675,0.0019557239993446274
293,1,16,0.2440092908218503,-0.0006161261771922,11980.890074512,11981.134699929,11980.890124023,11980.896406673,11981.132714845,11981.13271517,0.2446254169990425,0.006282649999775458,0.23630817199955345,0.001984758999242331
294,0,16,0.24442437500692904,0.009788513007151778,11981.269644348,11981.50428021,11981.269695484,11981.276014644,11981.502320044,11981.502320369,0.23463586199977726,0.006319160000202828,0.22630539999954635,0.001959840999916196
295,4,16,0.2939412500709295,-0.007138093929825118,11981.640530865,11981.941610209,11981.640604752,11981.646775163,11981.939271834,11981.939272268,0.30107934400075465,0.00617041100122151,0.2924966709997534,0.0023379409994959133
296,0,16,0.2612934170756489,0.025743397076439578,11982.074325134,11982.309875154,11982.074375294,11982.080991193,11982.307918672,11982.307919105,0.23555001999920933,0.006615898999370984,0.2269274790014606,0.0019560490000003483
297,0,16,0.23690916714258492,0.0021968181426927913,11982.469712045,11982.704424394,11982.469760581,11982.476132502,11982.702329347,11982.702329672,0.23471234899989213,0.006371921001118608,0.22619684499841242,0.0020947220000380185
298,4,16,0.30758695816621184,-0.0023613978337380104,11982.842196228,11983.152144584,11982.84224563,11982.848611159,11983.14966656,11983.149666885,0.30994835599994985,0.0063655289995949715,0.3010554010015767,0.002477699001246947
299,0,16,0.2386487501207739,0.0031543071218038676,11983.28472766,11983.520222103,11983.284777171,11983.291629355,11983.517945698,11983.517946348,0.23549444299897004,0.006852184000308625,0.22631634299978032,0.0022757549995731097
300,0,16,0.24753554188646376,0.012317036886088317,11983.657638696,11983.892857201,11983.657688965,11983.663886894,11983.890926611,11983.890926936,0.23521850500037544,0.006197929000336444,0.22703971699957037,0.001930265001647058
301,1,16,0.2584719171281904,0.004728744128442486,11984.041763077,11984.29550625,11984.041813021,11984.048360883,11984.293462013,11984.293462338,0.2537431729997479,0.006547861999933957,0.24510112999996636,0.0020439119998627575
302,0,16,0.23790008411742747,0.0025094291177083505,11984.428804793,11984.664195448,11984.42885452,11984.435305094,11984.662249907,11984.662250341,0.23539065499971912,0.006450574001064524,0.22694481299913605,0.0019451070002105553
303,4,16,0.28055412508547306,-0.0017804079143388662,11984.794274716,11985.076609249,11984.79432336,11984.80078791,11985.074451691,11985.074452016,0.2823345329998119,0.006464550000600866,0.2736637809994136,0.0021572329987975536
304,0,16,0.2350800409913063,-1.0625009963405319e-05,11985.208595707,11985.443686373,11985.208645867,11985.21517607,11985.441737149,11985.441737474,0.2350906660012697,0.006530202999783796,0.22656107900002098,0.0019488990001264028
305,0,16,0.23643691698089242,-0.00018240401914226823,11985.575085202,11985.811704523,11985.575135038,11985.581650182,11985.809616951,11985.809617493,0.2366193210000347,0.006515144001241424,0.22796676899997692,0.002087029999529477
306,0,16,0.24761233292520046,0.013992468924698187,11985.952477546,11986.18609741,11985.952526948,11985.959092903,11986.184144936,11986.184145261,0.23361986400050228,0.006565955000041868,0.22505203299988352,0.0019521489994076546
307,0,16,0.24883470917120576,0.004843614171477384,11986.327884806,11986.571875901,11986.327933775,11986.334667979,11986.56984499,11986.569845424,0.24399109499972838,0.006734204000167665,0.23517701099990518,0.0020304770005168393
308,0,16,0.2360567080322653,0.00041470803262200207,11986.708221027,11986.943863027,11986.708272055,11986.715190867,11986.941715328,11986.941715653,0.2356419999996433,0.006918811999639729,0.22652446099891677,0.00214737399983278
309,0,16,0.2495145001448691,0.01810116314482002,11987.076019142,11987.307432479,11987.076068761,11987.083029176,11987.305410344,11987.305410777,0.23141333700004907,0.0069604149994120235,0.2223811680014478,0.0020217019991832785
310,0,16,0.23529445892199874,0.004319566922276863,11987.462127632,11987.693102524,11987.462177684,11987.468573548,11987.69119306,11987.691193818,0.23097489199972188,0.006395864000296569,0.22261951200016483,0.001908705999085214
311,0,16,0.24480808293446898,0.0034083329355780734,11987.827567329,11988.068967079,11987.82761879,11987.834212479,11988.066883624,11988.066884058,0.2413997499988909,0.006593689000510494,0.23267114500049502,0.002083020999634755
312,2,16,0.24904112494550645,-2.0315053916419856e-05,11988.199555863,11988.448617303,11988.199607216,11988.206158328,11988.446492679,11988.446493437,0.24906143999942287,0.006551111999215209,0.24033435100136558,0.0021238659992377507
313,0,16,0.24345395783893764,0.0027690238384820987,11988.5821946,11988.822879534,11988.582245086,11988.589141581,11988.820746135,11988.820746569,0.24068493400045554,0.006896495000546565,0.23160455399920465,0.0021329650007828604
314,1,16,0.2505708751268685,0.00016084012713690754,11988.960978442,11989.211388477,11988.961033694,11988.968757786,11989.209268728,11989.209269053,0.2504100349997316,0.007724091999989469,0.24051094199967338,0.0021194239998294506
315,0,16,0.23600429203361273,0.0011047350326407468,11989.340427914,11989.575327471,11989.340478833,11989.347698501,11989.573365355,11989.573366005,0.23489955700097198,0.007219667999379453,0.22566685399942799,0.001961466001375811
316,1,16,0.24490045802667737,0.003847607027637423,11989.70911592,11989.950168771,11989.709167164,11989.715734527,11989.948145552,11989.948145877,0.24105285099903995,0.006567363001522608,0.23241102499923727,0.0020228939993103268
317,0,16,0.2570401248522103,0.01495069285192585,11990.090949053,11990.333038485,11990.091025323,11990.098228524,11990.331001616,11990.331001941,0.24208943200028443,0.00720320100117533,0.23277309199875162,0.0020365439995657653
318,0,16,0.23273879196494818,0.0010957769645756343,11990.477667379,11990.709310394,11990.47771884,11990.484433326,11990.707348603,11990.707349144,0.23164301500037254,0.006714486000419129,0.222915276999629,0.001961250000022119
319,4,16,0.29646604182198644,-0.00511263317639532,11990.843526238,11991.145104913,11990.843577698,11990.850320678,11991.142699369,11991.142699802,0.30157867499838176,0.006742980000126408,0.29237869099961245,0.0024051109994616127
320,4,16,0.28946058289147913,0.0028553518914122833,11991.281710052,11991.568315283,11991.281760104,11991.288314575,11991.565795983,11991.565796524,0.28660523100006685,0.006554470999617479,0.2774814080003125,0.0025187589999404736
321,5,16,0.33982591703534126,0.02301627603628731,11991.736120677,11992.052930318,11991.736170729,11991.743128544,11992.050568542,11992.050568867,0.31680964099905395,0.006957814999623224,0.30743999799960875,0.002361450999160297
322,0,16,0.23575512506067753,0.004842094060222735,11992.183934579,11992.41484761,11992.18398539,11992.19063444,11992.412873793,11992.412874118,0.2309130310004548,0.006649049999396084,0.22223935300098674,0.0019734920006158063
323,5,16,0.34113149996846914,-0.001539483031592681,11992.555011446,11992.897682429,11992.555062149,11992.561714341,11992.895223257,11992.895223798,0.3426709830000618,0.006652191999819479,0.33350891600093746,0.002458631000990863
324,2,16,0.25365441711619496,0.00446546411512827,11993.03854819,11993.287737143,11993.0385977,11993.045689963,11993.285722158,11993.285722591,0.2491889530010667,0.007092263000231469,0.24003219499900297,0.0020145520011283224
325,0,16,0.24456904199905694,0.004258958997525042,11993.426765702,11993.667075785,11993.426815213,11993.433576718,11993.664959504,11993.664959829,0.2403100830015319,0.006761504999303725,0.23138278599981277,0.002115956000125152
326,0,16,0.2457120418548584,0.012880014854090405,11993.794140323,11994.02697235,11993.794190483,11993.801008758,11994.025025077,11994.025025618,0.232832027000768,0.006818275000114227,0.22401631899992935,0.0019467319998511812
327,0,16,0.23701783316209912,0.0051041901624557795,11994.177244048,11994.409157691,11994.177295617,11994.184029712,11994.407123964,11994.407124289,0.23191364299964334,0.006734094999046647,0.22309425200000987,0.00203340199914237
328,1,16,0.27864645794034004,0.00842794494019472,11994.553049234,11994.823267747,11994.55309842,11994.560420034,11994.821050819,11994.821051144,0.2702185130001453,0.007321614000829868,0.26063078500010306,0.0022166030012158444
329,0,16,0.3322945840191096,0.1000872350177815,11995.040566654,11995.272774003,11995.040616164,11995.04773497,11995.270787402,11995.270787727,0.2322073490013281,0.00711880599919823,0.2230524320002587,0.0019862760000251
330,0,16,0.2433599589858204,-0.00032475601437909063,11995.439581817,11995.683266532,11995.439632628,11995.446434327,11995.681027936,11995.68102837,0.2436847150001995,0.006801698998970096,0.23459360900051252,0.0022381620001397096
331,0,16,0.24129533278755844,0.004748057786855497,11995.812659369,11996.049206644,11995.812708121,11995.819588365,11996.047108563,11996.047108997,0.23654727500070294,0.0068802440000581555,0.22752019799918344,0.0020976470004825387
332,0,16,0.24211395788006485,0.0061660098799620755,11996.194374521,11996.430322469,11996.194424357,11996.201456816,11996.428168052,11996.428168485,0.23594794800010277,0.007032458999674418,0.22671123600048304,0.0021539839999604737
333,0,16,0.2375258340034634,0.0026522790030867327,11996.565365043,11996.800238598,11996.565414011,11996.572391219,11996.798245606,11996.798246256,0.23487355500037665,0.006977208000535029,0.22585438699934457,0.0019923420004488435
334,0,16,0.24184341705404222,0.007098783053152147,11996.935293306,11997.17003794,11996.9353426,11996.94240377,11997.168067157,11997.168067482,0.23474463400089007,0.0070611699993605725,0.22566338700016786,0.0019704580008692574
335,0,16,0.23305495805107057,-0.0016547899504075758,11997.309245907,11997.543955655,11997.309295309,11997.316085524,11997.541945979,11997.541946629,0.23470974800147815,0.006790215000364697,0.22586045499883767,0.002009026000450831
336,0,16,0.23592554195784032,0.00037248795888444874,11997.67798039,11997.913533444,11997.678029684,11997.685148056,11997.911496575,11997.911496792,0.23555305399895587,0.00711837199924048,0.22634851899965724,0.0020366520002426114
337,0,16,0.24794083321467042,0.01212906721411855,11998.046462012,11998.282273778,11998.04652864,11998.053458287,11998.280291186,11998.280292486,0.23581176600055187,0.006929647001015837,0.22683289899941883,0.0019812919999822043
338,0,16,0.29090154194273055,0.05581553394222283,11998.485449263,11998.720535271,11998.485498124,11998.492999472,11998.718459616,11998.718459941,0.23508600800050772,0.007501348000005237,0.2254601439999533,0.002075330001389375
339,2,16,0.2847772079985589,0.029404408998743747,11998.881199217,11999.136572016,11998.881246669,11998.888461137,11999.134409149,11999.134409474,0.25537279899981513,0.007214467999801855,0.24594801199964422,0.0021625419994961703
340,3,16,0.2604218749329448,-0.002896134068578249,11999.274359234,11999.537677243,11999.274408744,11999.281402202,11999.53553041,11999.535530626,0.263318009001523,0.006993457998760277,0.25412820800011104,0.0021466170001076534
341,0,16,0.23543104203417897,0.0008627840343251592,11999.671952023,11999.906520281,11999.672002508,11999.678950031,11999.904481786,11999.904482111,0.2345682579998538,0.006947523001144873,0.22553175499888312,0.002038169999650563
342,0,16,0.24201329215429723,-0.004670661845011637,12000.035639672,12000.282323626,12000.035689291,12000.042688599,12000.28029044,12000.280290765,0.24668395399930887,0.006999307999649318,0.2376018409995595,0.0020328609989519464
343,0,16,0.2371151251718402,0.00014738917161594145,12000.413218791,12000.650186527,12000.413272201,12000.420301194,12000.648192235,12000.648192668,0.23696773600022425,0.007028993000858463,0.22789104099865654,0.0019938589994126232
344,0,16,0.24501316691748798,0.008890143917597015,12000.790867679,12001.026990702,12000.790918057,12000.797826144,12001.02498135,12001.024981675,0.23612302299989096,0.006908086999828811,0.22715520599922456,0.0020090269990760135
345,0,16,0.26580508309416473,0.018069705094603705,12001.163495843,12001.411231221,12001.163544379,12001.170935872,12001.408994467,12001.408994901,0.24773537799956102,0.007391492999886395,0.2380585949995293,0.002236320000520209
346,0,16,0.24756749998778105,0.002968517987028463,12001.566954721,12001.811553703,12001.567002932,12001.574114695,12001.809370469,12001.809370794,0.24459898200075259,0.007111762999556959,0.2352557739995973,0.0021829090001119766
347,0,16,0.24310933309607208,0.005341193096683128,12001.950902294,12002.188670434,12001.950952455,12001.959920162,12002.186670508,12002.186670725,0.23776813999938895,0.0089677070009202,0.22675034599888022,0.0019997090003016638
348,1,16,0.25748916692100465,0.012638081921977573,12002.324650135,12002.56950122,12002.324699646,12002.331512287,12002.56743445,12002.567434883,0.24485108499902708,0.0068126410005788784,0.23592216299948632,0.0020663369996327674
349,0,16,0.25900170812383294,0.005121812122524716,12002.718700368,12002.972580264,12002.718749337,12002.726078644,12002.970453257,12002.97045369,0.2538798960013082,0.007329306999963592,0.24437461299930874,0.002126573999703396
350,2,16,0.30464779189787805,0.007079477896695607,12003.115602392,12003.413170706,12003.115651469,12003.122942207,12003.410828431,12003.410828973,0.29756831400118244,0.007290737999937846,0.28788622400134045,0.0023417330012307502
351,0,16,0.23958041588775814,0.0018196428864030167,12003.551878801,12003.789639574,12003.551928203,12003.558892518,12003.787310841,12003.787311166,0.23776077300135512,0.006964315000004717,0.22841832300036913,0.0023284080016310327
352,0,16,0.24052858399227262,0.004183684992312919,12003.922483529,12004.158828428,12003.922532823,12003.929392916,12004.156670545,12004.156671086,0.2363448989999597,0.006860092998977052,0.22727762900103698,0.0021573419999185717
353,0,16,0.24436874990351498,0.008778101902862545,12004.296210244,12004.531800892,12004.296258238,12004.303276397,12004.529789915,12004.529790132,0.23559064800065244,0.007018158999926527,0.2265135179986828,0.002010760001212475
354,0,16,0.23833475005812943,0.0007369180584646529,12004.670664343,12004.908262175,12004.670714287,12004.677851943,12004.906041889,12004.906042322,0.23759783199966478,0.0071376560008502565,0.22818994599947473,0.0022198530004970962
355,0,16,0.2522376668639481,0.010803031864270451,12005.046798553,12005.288233188,12005.046848172,12005.054226448,12005.286045187,12005.28604562,0.24143463499967766,0.007378275999144535,0.231818739001028,0.0021875679994991515
356,0,16,0.24187666596844792,-0.0012829330316890264,12005.423527107,12005.666686706,12005.423578893,12005.430940376,12005.664591334,12005.664591659,0.24315959900013695,0.0073614829998405185,0.23365095799999835,0.00209504699887475
357,0,16,0.24825808289460838,0.007018347894700128,12005.808111059,12006.049350794,12005.80816057,12005.815704387,12006.047345993,12006.047346426,0.24123973499990825,0.007543816998804687,0.23164160600026662,0.0020043679996888386
358,0,16,0.24516837508417666,0.0027162260848854203,12006.186994464,12006.429446613,12006.187045058,12006.194176105,12006.427408335,12006.427408768,0.24245214899929124,0.0071310469993477454,0.23323222999897553,0.002037844998994842
359,0,16,0.2539427501615137,0.003321563161080121,12006.562106501,12006.812727688,12006.562155687,12006.569562022,12006.810632099,12006.810632749,0.25062118700043357,0.007406335000268882,0.24107007699967653,0.0020949390000168933
360,0,16,0.23870833381079137,0.007101287810655776,12006.954736527,12007.186343573,12006.954785929,12006.961970279,12007.18436759,12007.184368131,0.2316070460001356,0.007184350000898121,0.22239731099944038,0.0019754419990931638
361,1,16,0.2416363749653101,0.00037085496660438366,12007.32128485,12007.56255037,12007.321334578,12007.32906842,12007.560523251,12007.560523576,0.2412655199987057,0.007733841999652213,0.23145483100051933,0.0020267939999030204
362,0,16,0.24617158412002027,0.014421315119761857,12007.69205707,12007.923807339,12007.692107664,12007.69920686,12007.921734827,12007.92173526,0.2317502690002584,0.00709919600012654,0.22252796700013278,0.002072078999844962
363,0,16,0.24095691600814462,0.006254644007640309,12008.076093589,12008.310795861,12008.076142232,12008.083967295,12008.308593451,12008.308593884,0.2347022720005043,0.00782506300129171,0.22462615599943092,0.0022019770003680605
364,0,16,0.24110774998553097,0.004570441984469653,12008.449150014,12008.685687322,12008.449199741,12008.456502722,12008.68367277,12008.683672987,0.23653730800106132,0.007302980999156716,0.22717004799960705,0.0020143350011494476
365,0,16,0.2381883340422064,0.0009637270431994693,12008.820090375,12009.057314982,12008.820139235,12008.827345145,12009.0553715,12009.055371825,0.23722460699900694,0.007205910000266158,0.22802635500011093,0.0019431569999142084
366,0,16,0.23782916693016887,0.0011944629295612685,12009.190919472,12009.427554176,12009.190968766,12009.198272288,12009.425549158,12009.425549483,0.2366347040006076,0.00730352199934714,0.22727687000042351,0.0020046930003445596
367,0,16,0.23926604096777737,0.001366160968245822,12009.562908223,12009.800808103,12009.562957626,12009.570136992,12009.798554232,12009.798554665,0.23789987999953155,0.007179366000855225,0.2284172399995441,0.002253438000479946
368,0,16,0.26852099993266165,0.003823301933152834,12009.934878123,12010.199575821,12009.934925901,12009.942445341,12010.197376119,12010.197376444,0.2646976979995088,0.007519439999668975,0.2549307780009258,0.002199376998760272
369,0,16,0.2544605419971049,-0.001833241003623698,12010.334009642,12010.590303425,12010.334058286,12010.341312514,12010.58820502,12010.588205453,0.2562937830007286,0.007254227999510476,0.24689250600022206,0.0020979720011382597
370,0,16,0.24223795882426202,0.0048347028241551016,12010.72442274,12010.961825996,12010.724472792,12010.731804266,12010.959679489,12010.95968003,0.23740325600010692,0.0073314740002388135,0.2278752229995007,0.002145966000171029
371,0,16,0.25803637504577637,0.01097280304566084,12011.110468826,12011.357532398,12011.110517904,12011.118305482,12011.355084384,12011.355084818,0.24706357200011553,0.007787577998897177,0.2367789020008786,0.002447580000080052
372,0,16,0.24413379188627005,0.005443691885375301,12011.496496279,12011.735186379,12011.49654644,12011.504075089,12011.733164676,12011.733165001,0.23869010000089474,0.007528649000960286,0.22908958699918003,0.002021378000790719
373,0,16,0.24497650004923344,0.010529580049478682,12011.878312294,12012.112759214,12011.87836148,12011.886368335,12012.110739353,12012.110739678,0.23444691999975475,0.008006854999621282,0.2243710180009657,0.002019535999352229
374,0,16,0.24157937499694526,0.00434165899787331,12012.244931146,12012.482168862,12012.244982607,12012.252394901,12012.48011065,12012.480110975,0.23723771599907195,0.007412293998640962,0.22771574900070846,0.0020578869989549275
375,0,16,0.23765520798042417,0.0010176869818678824,12012.622285138,12012.858922659,12012.6223613,12012.629692015,12012.856902365,12012.85690269,0.23663752099855628,0.007330714999625343,0.22721034999995027,0.0020199689988658065
376,4,16,0.286498166853562,0.016663929853166337,12013.001766028,12013.271600265,12013.001815539,12013.009391532,12013.269366761,12013.269367086,0.26983423700039566,0.007575992998681613,0.2599752290007018,0.0022331789987219963
377,0,16,0.24708999996073544,0.010786376960822963,12013.426914787,12013.66321841,12013.426963973,12013.434766935,12013.661106678,12013.661107003,0.23630362299991248,0.007802962001733249,0.2263397429996985,0.002111407000484178
378,0,16,0.2532353331334889,0.00800333013285126,12013.799979447,12014.04521145,12013.800027982,12013.807627593,12014.042791171,12014.042791496,0.24523200300063763,0.007599610999022843,0.23516357799962861,0.0024199540002882713
379,0,16,0.29981670808047056,0.06204098408124992,12014.251182823,12014.488958547,12014.251232226,12014.259013303,12014.486807272,12014.486807597,0.23777572399922065,0.007781076999890502,0.2277939689993218,0.0021509499983949354
380,0,16,0.272121167043224,0.0020598530427378137,12014.628724457,12014.898785771,12014.628773318,12014.636363611,12014.896592244,12014.896592569,0.27006131400048616,0.007590293000248494,0.26022863300022436,0.0021932019990344997
381,0,16,0.24063745909370482,0.0029786320938001154,12015.036694111,12015.274352938,12015.036743405,12015.044273137,12015.272278041,12015.272278366,0.2376588269999047,0.007529731999966316,0.22800490400004492,0.0020745720012200763
382,4,16,0.31125700008124113,-0.0016806279181764694,12015.407116181,12015.720053809,12015.407167858,12015.414697483,12015.717553576,12015.717554009,0.3129376279994176,0.007529624999733642,0.3028560929997184,0.0024998000008054078
383,0,16,0.25042637484148145,0.003752063839783659,12015.858287598,12016.104961909,12015.858336025,12015.865892192,12016.102697854,12016.102698179,0.2466743110016978,0.00755616700007522,0.23680566199982422,0.0022637300007772865
384,0,16,0.25090799992904067,0.0031942899295245297,12016.244406596,12016.492120306,12016.24445719,12016.252188865,12016.489881169,12016.489881602,0.24771370999951614,0.007731675001195981,0.2376923039992107,0.0022387040007743053
385,0,16,0.2554037501104176,0.019795877111391746,12016.626223695,12016.861831568,12016.626272122,12016.633797954,12016.859756888,12016.859757322,0.23560787299902586,0.007525832001192612,0.22595893399920897,0.0020742460001201835
386,0,16,0.2414972078986466,0.004736722898087464,12017.016646326,12017.253406811,12017.016694428,12017.024348533,12017.25132444,12017.251324765,0.23676048500055913,0.007654104998437106,0.22697590700045112,0.0020820459994865814
387,0,16,0.2383122080937028,0.0017513900947960792,12017.39178664,12017.628347458,12017.391837451,12017.399522216,12017.626262702,12017.626263136,0.23656081799890671,0.0076847649997944245,0.22674048600129026,0.0020843219990638318
388,3,16,0.27977733314037323,0.014985922140112962,12017.780427647,12018.045219058,12017.780476074,12017.788091611,12018.042991296,12018.042991729,0.26479141100026027,0.0076155370006745216,0.2548996850000549,0.002227328999651945
389,0,16,0.2643059170804918,0.013995336081279675,12018.194334676,12018.444645257,12018.194384729,12018.202118788,12018.442392469,12018.442392794,0.2503105809992121,0.007734058999631088,0.24027368099996238,0.002252462998512783
390,0,16,0.2371496669948101,0.004633877995729563,12018.582331178,12018.814846967,12018.582380689,12018.589924289,12018.812686158,12018.812686483,0.23251578899908054,0.007543599998825812,0.2227618690012605,0.0021604840003419667
391,0,16,0.23748199990950525,0.0011095829104306176,12018.949106038,12019.185478455,12018.949153598,12018.957238565,12019.183406267,12019.183406592,0.23637241699907463,0.008084967001195764,0.22616770199965686,0.002071863000310259
392,0,16,0.23828625003807247,0.002302334038176923,12019.322325512,12019.558309428,12019.322374481,12019.330007027,12019.556211131,12019.556211456,0.23598391599989554,0.0076325459995132405,0.22620410399940738,0.0020979719993192703
393,0,16,0.24849837506189942,0.001672498061452643,12019.693137601,12019.939963478,12019.693187978,12019.700904811,12019.937749258,12019.937749583,0.24682587700044678,0.007716832998994505,0.23684444700120366,0.002213895000750199
394,0,16,0.23510987497866154,-0.0021048730213806266,12020.070478917,12020.307693665,12020.070528861,12020.078246235,12020.305619527,12020.305619852,0.23721474800004216,0.007717373999184929,0.2273732920002658,0.0020738129987876164
395,0,16,0.24520233389921486,0.004553368898996268,12020.445213829,12020.685862794,12020.445261606,12020.453258168,12020.683762655,12020.683763088,0.2406489650002186,0.00799656199887977,0.23050448700087145,0.0020997060000809142
396,0,16,0.2698689168319106,-3.064816883124877e-05,12020.823181015,12021.09308058,12020.823230201,12020.831127092,12021.09072617,12021.090726604,0.26989956500074186,0.007896891000200412,0.25959907799915527,0.00235397600044962
397,0,16,0.23747591604478657,0.0008744710448809201,12021.220481182,12021.457082627,12021.220530801,12021.228451852,12021.454946194,12021.454946519,0.23660144499990565,0.007921050999357249,0.22649434200138785,0.002136107999831438
398,0,16,0.24201237503439188,0.004514756034041056,12021.59098624,12021.828483859,12021.591035859,12021.598871322,12021.82635241,12021.826352952,0.23749761900035082,0.007835462998627918,0.22748108800078626,0.0021309069998096675
399,0,16,0.2390045840293169,0.0024882930283638416,12021.966172489,12022.20268878,12021.966221566,12021.974135142,12022.200539888,12022.200540213,0.23651629100095306,0.007913576000646572,0.22640474599938898,0.0021485670004040003
400,0,16,0.2514301249757409,0.01458329397610214,12022.347946794,12022.584793625,12022.347995655,12022.355708479,12022.582648309,12022.582648742,0.23684683099963877,0.007712824000918772,0.22693982999953732,0.0021448829993460095
401,0,16,0.24697516695596278,0.003620233956098673,12022.727536781,12022.970891714,12022.727586184,12022.735448732,12022.968760915,12022.968761132,0.2433549329998641,0.007862548000048264,0.23331218299972534,0.0021305819991539465
402,3,16,0.2654135408811271,0.001098493881727336,12023.106100912,12023.370415959,12023.106150856,12023.114027597,12023.367984413,12023.367984847,0.2643150469993998,0.00787674099956348,0.25395681600093667,0.0024311119996127672
403,1,16,0.245020458009094,-0.0008690499907970661,12023.501816198,12023.747705706,12023.50186495,12023.509624035,12023.745536231,12023.745536881,0.24588950799989107,0.007759084999634069,0.2359121959998447,0.0021688249998987885
404,2,16,0.2959897918626666,-0.0012379071376926731,12023.883728959,12024.180956658,12023.883779012,12023.891652285,12024.178461843,12024.178462168,0.2972276990003593,0.007873272999859182,0.2868095579997316,0.002494489999662619
405,0,16,0.23677091696299613,7.608496343891602e-05,12024.313001618,12024.54969645,12024.313052971,12024.320855499,12024.54761137,12024.547611804,0.2366948319995572,0.00780252799995651,0.22675587100093253,0.0020846459992753807
406,0,16,0.2507305000908673,0.004178827091891435,12024.68377893,12024.930330603,12024.683831149,12024.691610493,12024.928149643,12024.928150293,0.24655167299897585,0.007779344001392019,0.23653914999886183,0.00218030999894836
407,0,16,0.23402054188773036,0.0011840728875540663,12025.065647923,12025.298484392,12025.065697325,12025.073518921,12025.296437231,12025.296437556,0.2328364690001763,0.007821596000212594,0.22291830999893136,0.002046835999863106
408,0,16,0.2561736248899251,0.01902366288959456,12025.440993646,12025.678143608,12025.441056807,12025.44906052,12025.675965898,12025.675966223,0.23714996200033056,0.008003713001016877,0.22690537800008315,0.002177385000322829
409,0,16,0.25223916699178517,0.01510686499204894,12025.83125117,12026.068383472,12025.831301114,12025.839061499,12026.066220388,12026.066220714,0.23713230199973623,0.007760385000437964,0.22715888899983838,0.0021627580008498626
410,0,16,0.23838237510062754,0.0015850541003601393,12026.210930969,12026.44772829,12026.210981455,12026.218954942,12026.445644726,12026.445645051,0.2367973210002674,0.007973486999617307,0.22668978399997286,0.0020832390000578016
411,0,16,0.23686525016091764,0.003501606159261428,12026.582174569,12026.815538213,12026.582223647,12026.590203092,12026.813521712,12026.813522037,0.2333636440016562,0.007979445001183194,0.22331861999919056,0.0020161760003247764
412,0,16,0.25529604218900204,0.003414339189475868,12026.954786591,12027.206668294,12026.954837077,12026.962729851,12027.204543237,12027.204543671,0.25188170299952617,0.007892773999628844,0.241813385999194,0.0021246230007818667
413,0,16,0.23564962507225573,0.0031656880728405667,12027.340910248,12027.573394185,12027.340959542,12027.348869109,12027.571303688,12027.571304121,0.23248393699941516,0.00790956700075185,0.22243457900003705,0.002090063999276026
414,0,16,0.24444687482900918,0.012571149827635963,12027.716126074,12027.948001799,12027.716175801,12027.724125345,12027.945828206,12027.945828531,0.2318757250013732,0.007949543998620356,0.22170286100117664,0.00217326800157025
415,0,16,0.2355406661517918,0.002651760152730276,12028.087058417,12028.319947323,12028.087109553,12028.09504718,12028.317632782,12028.317633432,0.23288890599906154,0.00793762700050138,0.22258560199952626,0.0023138910000852775
416,0,16,0.23973095882683992,0.006689079826173838,12028.455735373,12028.688777252,12028.455784125,12028.463952729,12028.686406376,12028.686406809,0.23304187900066609,0.008168603999365587,0.22245364700029313,0.002370443000472733
417,0,16,0.245567916193977,0.012264616194443079,12028.835748963,12029.069052263,12028.835798799,12028.843888857,12029.066760798,12029.066761232,0.23330329999953392,0.008090057999652345,0.22287194099953922,0.002291030999913346
418,0,16,0.23774675000458956,0.002996266004629433,12029.208443322,12029.443193806,12029.208491099,12029.217022745,12029.441130068,12029.441130393,0.23475048399996012,0.008531646000847104,0.22410732299977099,0.0020634130014514085
419,0,16,0.2693510421086103,0.026133374107303098,12029.605402873,12029.848620541,12029.605451734,12029.613468556,12029.846469917,12029.846470458,0.24321766800130717,0.008016821999262902,0.23300136100078817,0.0021500830007425975
420,0,16,0.23801154200918972,0.004782454008818604,12029.985156018,12030.218385106,12029.985205312,12029.993408151,12030.216251382,12030.216251815,0.23322908800037112,0.008202839000659878,0.22284323100029724,0.002133291000063764
421,0,16,0.2415480411145836,0.009553252113619237,12030.357605099,12030.589599888,12030.357654934,12030.365726467,12030.587502674,12030.587502999,0.23199478900096437,0.008071533000475029,0.2217762069994933,0.00209688900031324
422,0,16,0.237819500034675,0.0027909110340260668,12030.733494572,12030.968523161,12030.733545925,12030.741853419,12030.966488783,12030.966489108,0.23502858900064894,0.008307493999382132,0.22463536400027806,0.002034053000897984
423,0,16,0.24258537497371435,0.009933188972354401,12031.106647853,12031.339300039,12031.106697038,12031.114796522,12031.337070869,12031.33707141,0.23265218600135995,0.00809948400092253,0.22227434699925652,0.0022286290004558396
424,0,16,0.2475260840728879,0.012445927073713392,12031.492372716,12031.727452873,12031.492421143,12031.501136531,12031.725212869,12031.725213194,0.2350801569991745,0.008715387999473023,0.22407633799957694,0.0022396789991034893
425,0,16,0.23890924989245832,0.004239044892528909,12031.86314136,12032.097811565,12031.863191304,12031.871284938,12032.095782496,12032.095782929,0.2346702049999294,0.00809363400003349,0.22449755799971172,0.002028635999522521
426,0,16,0.25229508406482637,0.018225073064968456,12032.237521572,12032.471591583,12032.237570975,12032.245999266,12032.469517987,12032.46951842,0.2340700109998579,0.008428291001109756,0.22351872099898173,0.002073162999295164
427,0,16,0.23905754182487726,0.0041994788243755465,12032.622363587,12032.85722165,12032.622411689,12032.63076631,12032.855043724,12032.855044157,0.23485806300050172,0.008354620998943574,0.22427741399951628,0.0021774929991806857
428,0,16,0.26698012510314584,0.0008141171038005268,12032.995379927,12033.261545935,12032.995428788,12033.003546689,12033.259303439,12033.259303656,0.2661660079993453,0.00811790100124199,0.25575674999890907,0.002242279000711278
429,1,16,0.24668200011365116,0.004218584113914403,12033.397715011,12033.640178427,12033.397763655,12033.405940601,12033.638063988,12033.638064638,0.24246341599973675,0.00817694599936658,0.23212338700068358,0.0021137889998499304
430,0,16,0.23651225003413856,0.001724931033095345,12033.771963267,12034.006750586,12033.772012019,12033.780396,12034.004612311,12034.004612636,0.23478731900104322,0.008383980999496998,0.2242163110004185,0.002137950001269928
431,2,16,0.27535449992865324,0.005377256929932628,12034.144961407,12034.41493865,12034.145009834,12034.153163812,12034.412042982,12034.412043307,0.2699772429987206,0.008153978000336792,0.25887917000000016,0.0028953429991815938
432,0,16,0.2367444580886513,0.0025975270891649416,12034.554952004,12034.789098935,12034.555028058,12034.562956259,12034.78704939,12034.787049715,0.23414693099948636,0.007928201001050184,0.22409313100069994,0.0020492200001172023
433,3,16,0.26211625011637807,0.0015962951165420236,12034.923616934,12035.184136889,12034.923668828,12034.932044792,12035.181942278,12035.181942712,0.26051995499983605,0.008375964000151725,0.24989748600091843,0.002194176999182673
434,1,16,0.28646312514320016,0.00774232714320533,12035.324994741,12035.603715539,12035.325043926,12035.333284034,12035.601381389,12035.601381714,0.27872079799999483,0.008240108001700719,0.2680973549995542,0.002333825001187506
435,2,16,0.30852474994026124,0.05754994694143534,12035.802362373,12036.053337176,12035.802412533,12035.810732269,12036.051135307,12036.05113574,0.2509748029988259,0.00831973599997582,0.24040303800029506,0.0022014360001776367
436,0,16,0.24226474994793534,0.0077707029468001565,12036.191492744,12036.425986791,12036.19154323,12036.199821797,12036.42382284,12036.423823274,0.2344940470011352,0.008278567000161274,0.2240010430014081,0.0021635169996443437
437,0,16,0.2350672499742359,0.0016217019729083404,12036.56548543,12036.798930978,12036.565535807,12036.573871252,12036.796767569,12036.796768219,0.23344554800132755,0.008335444999829633,0.22289631700004975,0.0021627590012940345
438,0,16,0.24750824994407594,0.015207838943751995,12036.949462254,12037.181762665,12036.949535924,12036.957776465,12037.179651801,12037.179652342,0.23230041100032395,0.008240540999395307,0.22187533599935705,0.0021103230010339757
439,0,16,0.23955616587772965,-0.0005822011225973256,12037.311786465,12037.551924832,12037.311837926,12037.32041204,12037.549409215,12037.54940954,0.24013836700032698,0.008574114001021371,0.22899717499967664,0.0025152919988613576
440,0,16,0.241803125012666,0.003073807012697216,12037.686935663,12037.925664981,12037.686986798,12037.695486051,12037.92345152,12037.923451953,0.23872931799996877,0.008499252999172313,0.22796546900099202,0.0022130279994598823
441,0,16,0.26072716689668596,0.01696553189685801,12038.079570022,12038.323331657,12038.079621049,12038.088168187,12038.321140405,12038.321140838,0.24376163499982795,0.008547137998903054,0.23297221800021362,0.0021908190010435646
442,0,16,0.23558908398263156,0.0010096669830090832,12038.457011009,12038.691590426,12038.457061061,12038.465741131,12038.689484329,12038.689484654,0.23457941699962248,0.008680069999172702,0.22374319799928344,0.0021057720005046576
443,0,16,0.24415879207663238,-0.0012761289235641016,12038.825630112,12039.071065033,12038.825678864,12038.83401821,12039.068674547,12039.068674872,0.24543492100019648,0.008339346000866499,0.23465633699925093,0.002390161000221269
444,0,16,0.25111125013791025,0.018595245139295002,12039.211763519,12039.444279524,12039.211812922,12039.220106982,12039.442118932,12039.442119691,0.23251600499861524,0.008294060000480385,0.22201194999979634,0.002159832998586353
445,0,16,0.2398117498960346,0.00547869489491859,12039.591478096,12039.825811151,12039.591528365,12039.599937588,12039.823747631,12039.823747956,0.234333055001116,0.008409223000853672,0.2238100430004124,0.0020631950010283617
446,0,16,0.23906541685573757,0.003453101857303409,12039.964344821,12040.199957136,12039.964393898,12039.972816989,12040.197813878,12040.197814312,0.23561231499843416,0.008423090999713168,0.22499688899915782,0.002142823999747634
447,4,16,0.290643708081916,0.02457672108175757,12040.361341532,12040.627408519,12040.361392234,12040.370190934,12040.625136013,12040.625136338,0.2660669870001584,0.008798700000625104,0.25494507900111785,0.002272181000080309
448,0,16,0.25117991701699793,0.013812412016704911,12040.764634869,12041.002002374,12040.76468308,12040.773078869,12040.999775262,12040.999775696,0.23736750500029302,0.008395789000132936,0.22669639299965638,0.0022266779997153208
449,0,16,0.2434308340307325,0.009737624030094594,12041.155304295,12041.388997505,12041.155353372,12041.163770288,12041.386864864,12041.386865406,0.23369321000063792,0.008416915999987395,0.22309457600022142,0.0021320989999367157
450,0,16,0.2347592911683023,0.0008365121684619226,12041.52382351,12041.757746289,12041.523873563,12041.532308679,12041.755637049,12041.755637374,0.23392277899984038,0.00843511600032798,0.2233283700006723,0.0021089149995532352
451,0,16,0.23370929202064872,0.0005222400213824585,12041.890515491,12042.123702543,12041.890565976,12041.899434663,12042.121484207,12042.121484749,0.23318705199926626,0.008868687000358477,0.22204954399967392,0.0022177940008987207
452,0,16,0.23776312498375773,0.004392438982904423,12042.263449494,12042.49682018,12042.263500305,12042.272088286,12042.49470574,12042.494706065,0.2333706860008533,0.008587980999436695,0.22261745400101063,0.0021141150009498233
453,0,16,0.3082347910385579,0.07554598703791271,12042.68647623,12042.919165034,12042.686524549,12042.695325849,12042.917048319,12042.917048861,0.23268880400064518,0.008801299998594914,0.22172246999980416,0.002116173000104027
454,0,16,0.4597369588445872,0.22646366884509916,12043.223740457,12043.457013747,12043.223794085,12043.232568625,12043.454857056,12043.454857489,0.23327328999948804,0.008774540001468267,0.2222884309994697,0.0021562580004683696
455,0,16,0.3149935419205576,0.08256550792066264,12043.777814465,12044.010242499,12043.777864084,12043.786567988,12044.008136618,12044.008137052,0.23242803399989498,0.008703903999048634,0.22156863000054727,0.0021054469998489367
456,0,16,0.303956292103976,0.0699552931037033,12044.1852005,12044.419201499,12044.185249469,12044.194013392,12044.416800613,12044.416801154,0.2340009990002727,0.008763923000515206,0.22278722100054438,0.0024003449998417636
457,0,16,0.3310028749983758,0.0957594519986742,12044.690571648,12044.925815071,12044.690621917,12044.700155585,12044.923523173,12044.923523823,0.23524342299970158,0.009533668000585749,0.22336758799974632,0.002291247999892221
458,0,16,0.30175624997355044,0.06787106497358764,12045.128569229,12045.362454414,12045.128618739,12045.137332285,12045.360088196,12045.360088629,0.2338851849999628,0.008713545999853523,0.2227559109996946,0.0023657849997107405
459,4,16,0.26976541709154844,0.0014485680912912358,12045.501745152,12045.770062001,12045.501795962,12045.510606904,12045.767713117,12045.76771355,0.2683168490002572,0.008810941999399802,0.25710621300095227,0.0023484510002163006
460,1,16,0.24169437494128942,-0.0008601540594099788,12045.905136751,12046.14769128,12045.90518442,12045.914088967,12046.145497862,12046.145498187,0.2425545290006994,0.008904546999474405,0.23140889500064077,0.0021930930015514605
461,3,16,0.2681731670163572,-0.002550851982960012,12046.280490925,12046.551214944,12046.280539786,12046.289095916,12046.54848926,12046.548489585,0.2707240189993172,0.00855613000021549,0.2593933440002729,0.0027253589996689698
462,0,16,0.24291562498547137,0.009214072984832455,12046.690362242,12046.924063794,12046.690411536,12046.698991826,12046.921958346,12046.921958779,0.2337015520006389,0.008580290001191315,0.22296651999931782,0.002105015000779531
463,0,16,0.2986637910362333,0.06370421403516957,12047.122157343,12047.35711692,12047.122206854,12047.131479751,12047.355004863,12047.355005188,0.23495957700106374,0.009272897001210367,0.2235251120000612,0.002111732001139899
464,0,16,0.23825924983248115,0.004583590833135531,12047.497124641,12047.7308003,12047.497174801,12047.505860396,12047.72858998,12047.728590305,0.23367565899934561,0.00868559500122501,0.22272958400026255,0.0022099950001575053
465,3,16,0.26295966701582074,0.0012453910148906289,12047.86601459,12048.127728866,12047.866062042,12047.874941454,12048.125456902,12048.125457227,0.2617142760009301,0.008879412000169395,0.2505154480004421,0.002271638999445713
466,2,16,0.324079749872908,0.05901532687312283,12048.324814869,12048.589879292,12048.324967626,12048.333820712,12048.587530841,12048.587531166,0.26506442299978517,0.00885308599936252,0.2537101289999555,0.0023481259995605797
467,0,16,0.24294224986806512,0.006927132866621832,12048.729254642,12048.965269759,12048.729301878,12048.738213466,12048.96309855,12048.963098875,0.2360151170014433,0.008911588000046322,0.22488508400056162,0.0021708840013161534
468,0,16,0.26605133386328816,0.003083691863139393,12049.10874355,12049.371711192,12049.108794035,12049.117711366,12049.369401527,12049.369401852,0.26296764200014877,0.008917330998883699,0.25169016099971486,0.0023093399995559594
469,2,16,0.3052770409267396,0.014957753926864825,12049.514383387,12049.804702674,12049.514431381,12049.523173203,12049.802273728,12049.802274269,0.29031928699987475,0.008741822000956745,0.2791005250001035,0.002428405001410283
470,0,16,0.24520887504331768,0.006727218044034089,12049.957103003,12050.19558466,12049.957153272,12049.965861834,12050.193358523,12050.193358956,0.2384816569992836,0.008708561999810627,0.22749668899996323,0.0022257040000113193
471,0,16,0.29204233293421566,0.043724419932914316,12050.340878209,12050.589196122,12050.340927503,12050.350115138,12050.586684731,12050.586685056,0.24831791300130135,0.00918763499976194,0.23656959300024027,0.00251106600080675
472,0,16,0.2457217921037227,0.007256819102622103,12050.770326593,12051.008791566,12050.77037437,12050.779399281,12051.006223405,12051.006223838,0.2384649730011006,0.009024910999869462,0.22682412399990426,0.0025677280009404058
473,0,16,0.2556766669731587,0.0075571219731500605,12051.149810192,12051.397929737,12051.149859594,12051.158710947,12051.395623972,12051.395624189,0.24811954500000866,0.008851353000864037,0.23691302499901212,0.002305548001459101
474,7,16,0.3021390410140157,0.004406593014209648,12051.53819292,12051.835925368,12051.538241564,12051.547395722,12051.833388192,12051.833388517,0.297732447999806,0.009154158000455936,0.28599247000056494,0.002536850999604212
475,0,16,0.2432766668498516,0.0044771448483516,12051.978383052,12052.217182574,12051.978432238,12051.987719111,12052.214982655,12052.21498298,0.2387995220015,0.00928687300074671,0.22726354399856064,0.002199594000558136
476,0,16,0.2500345839653164,0.003469476965619833,12052.351330598,12052.597895705,12052.351378809,12052.360226044,12052.595697303,12052.595697628,0.24656510699969658,0.008847234999848297,0.23547125900040555,0.002198076999775367
477,0,16,0.32308191689662635,0.06662421789587825,12052.804751769,12053.061209468,12052.804800088,12052.813959121,12053.058930137,12053.058930354,0.2564576990007481,0.009159032999377814,0.24497101599990856,0.0022791139999753796
478,0,16,0.259220875101164,0.0011460091009212192,12053.205982235,12053.464057101,12053.206031746,12053.214936509,12053.461723168,12053.461723601,0.25807486600024276,0.008904763000828098,0.24678665899955377,0.002333500000531785
479,3,16,0.29552200017496943,-0.004233557825500611,12053.592011204,12053.891766762,12053.592060065,12053.601106318,12053.8889816,12053.888981925,0.29975555800047005,0.009046252998814452,0.28787528199973167,0.0027848370009451173
480,3,16,0.28001166693866253,0.003579948937840527,12054.032351818,12054.308783536,12054.032401004,12054.041795565,12054.306267594,12054.306267811,0.276431718000822,0.00939456099877134,0.26447202900089906,0.0025157250001939246
481,0,16,0.23851162497885525,0.004184744979284005,12054.444485999,12054.678812879,12054.444536918,12054.453887277,12054.676634087,12054.67663452,0.23432687999957125,0.009350359001473407,0.22274680999908014,0.0021783590000268305
482,0,16,0.2392947911284864,0.0011867931279994082,12054.815388116,12055.053496114,12054.815439469,12054.824327006,12055.051402367,12055.051402692,0.238107998000487,0.008887537000191514,0.2270753610009706,0.0020934220010531135
483,2,16,0.2598988749086857,0.0020886799084109953,12055.19056039,12055.448370585,12055.190610334,12055.199559082,12055.446149432,12055.446149757,0.2578101950002747,0.008948747999966145,0.24659034999967844,0.0022208280006452696
484,0,16,0.24022804200649261,0.0007355880061368225,12055.578847997,12055.818340451,12055.578898483,12055.587950153,12055.81619221,12055.816192535,0.2394924540003558,0.009051670000189915,0.22824205700089806,0.002147916000467376
485,0,16,0.2426910421345383,0.00611473213575664,12055.953144789,12056.189721099,12055.953207842,12055.962046302,12056.187475028,12056.187475461,0.23657630999878165,0.008838460000333725,0.22542872600024566,0.0022456379992945585
486,0,16,0.23968658316880465,0.0002271731682412792,12056.333635068,12056.573094478,12056.333684037,12056.342932991,12056.570890551,12056.570890876,0.23945941000056337,0.009248954000213416,0.2279575600005046,0.0022036020000086864
487,0,16,0.24474795814603567,0.008288653145427816,12056.713241847,12056.949701152,12056.713290924,12056.722221364,12056.947568078,12056.947568403,0.23645930500060786,0.008930439998948714,0.22534671399989747,0.002132748999429168
488,0,16,0.24199633300304413,0.004630453002391732,12057.088430155,12057.325796035,12057.088480966,12057.097490275,12057.323472394,12057.323472719,0.2373658800006524,0.009009309000248322,0.22598211900003662,0.0023233160009112908
489,0,16,0.23984333407133818,0.00024839307116053533,12057.457194757,12057.696789698,12057.457243509,12057.466281203,12057.694472882,12057.694473424,0.23959494100017764,0.009037694000653573,0.2281916789997922,0.002316273999895202
490,0,16,0.24124800018034875,0.002760926181508694,12057.833127132,12058.071614206,12057.833176968,12057.842709985,12058.069065221,12058.069065654,0.23848707399884006,0.009533016998830135,0.2263552360000176,0.0025485520000074757
491,0,16,0.24271079199388623,0.00523039799372782,12058.207597048,12058.445077442,12058.207646234,12058.216561398,12058.442899408,12058.442899733,0.2374803940001584,0.008915164000427467,0.22633801000120002,0.002177709000534378
492,4,16,0.27576191700063646,0.0031735030006529996,12058.591844502,12058.864432916,12058.591895312,12058.600961933,12058.862075581,12058.862075906,0.27258841399998346,0.00906662099987443,0.26111364800090087,0.002357010000196169
493,0,16,0.23689924995414913,-0.0010244640452583553,12058.994949438,12059.232873152,12058.99499884,12059.004289396,12059.230340743,12059.230341068,0.23792371399940748,0.009290555999541539,0.2260513470009755,0.002532083999540191
494,2,16,0.2596360829193145,0.0007967809178808238,12059.368015072,12059.626854374,12059.368063391,12059.377266627,12059.624489564,12059.624489889,0.2588393020014337,0.009203235998938908,0.24722293699960574,0.0023644850007258356
495,0,16,0.2825017909053713,0.0012816269045288209,12059.7649938,12060.046213964,12059.765043094,12059.774137232,12060.043811778,12060.043812103,0.2812201640008425,0.009094138000364183,0.26967454599980556,0.002401861000180361
496,0,16,0.24495874997228384,0.00522654397173028,12060.184059035,12060.423791241,12060.184109521,12060.193516865,12060.421593164,12060.421593598,0.23973220600055356,0.00940734399955545,0.22807629899944004,0.0021976430016366066
497,0,16,0.2582429170142859,0.018800516014380264,12060.571827702,12060.811270103,12060.571879379,12060.581053688,12060.809089577,12060.809089793,0.23944240099990566,0.00917430899971805,0.22803588900023897,0.0021803100007673493
498,1,16,0.2687547500245273,0.002594051025880617,12060.962206673,12061.228367372,12060.962256725,12060.971599825,12061.225990645,12061.22599097,0.2661606989986467,0.009343099998659454,0.25439082000048074,0.0023764019988448126
499,2,16,0.275101917097345,0.007577888098239782,12061.367865361,12061.63538939,12061.367916388,12061.377080405,12061.633094892,12061.633095217,0.2675240289991052,0.00916401699942071,0.2560144870003569,0.002294173000336741
500,2,16,0.3117942498065531,0.05297964980672987,12061.834806618,12062.093621218,12061.834856345,12061.844393262,12062.091284142,12062.091284576,0.25881459999982326,0.009536916999422829,0.24689088000013726,0.0023366420009551803
501,1,16,0.2494401668664068,0.0012369848664093297,12062.22890842,12062.477111602,12062.228958039,12062.238353791,12062.474874415,12062.474875065,0.24820318199999747,0.009395751998454216,0.23652062400105933,0.0022365370004990837
502,0,16,0.24617933412082493,0.007659651120775379,12062.614979316,12062.853498999,12062.615028393,12062.624292189,12062.851382718,12062.851383368,0.23851968300004955,0.009263796000595903,0.227090528998815,0.002115630999469431
503,0,16,0.26093308394774795,0.02302388694806723,12063.012112425,12063.250021622,12063.012161286,12063.021386514,12063.247803286,12063.247803719,0.23790919699968072,0.00922522799919534,0.22641677200044796,0.0022179030002007494
504,0,16,0.24245108291506767,0.0015151289153436664,12063.382681185,12063.623617139,12063.382732104,12063.391951157,12063.621435638,12063.621435963,0.240935953999724,0.009219052999469568,0.22948448100032692,0.0021811759997945046
505,0,16,0.24431783286854625,0.005138801869179588,12063.760240153,12063.999419184,12063.760290747,12063.769973596,12063.997258159,12063.997258592,0.23917903099936666,0.009682848998636473,0.22728456299955724,0.0021605919991998235
506,0,16,0.23860516608692706,-0.00043800891216960736,12064.137608012,12064.376651187,12064.137657631,12064.147094986,12064.374548556,12064.374548881,0.23904317499909666,0.0094373550000455,0.22745356999985233,0.0021023059998697136
507,2,16,0.3405602499842644,0.06536153198430839,12064.51074125,12064.785939968,12064.510791519,12064.520076224,12064.783510589,12064.783510914,0.275198717999956,0.009284705000027316,0.26343436500064854,0.0024290540004585637
508,1,16,0.2493709169793874,-0.0005163860205357196,12064.987860245,12065.237747548,12064.987908889,12064.997733553,12065.235576014,12065.235576339,0.24988730299992312,0.009824664000916528,0.23784246099967277,0.002171209000152885
509,0,16,0.23954120790585876,-0.00046617709449492395,12065.376167137,12065.616174522,12065.376215564,12065.385549997,12065.614035598,12065.614036248,0.24000738500035368,0.009334432999821729,0.22848560100101167,0.0021382739996624878
510,0,16,0.24469241709448397,0.0064684980934544,12065.746943257,12065.985167176,12065.746993092,12065.756151259,12065.983093797,12065.983094555,0.23822391900102957,0.009158167000350659,0.22694253800000297,0.0020726210004795576
511,0,16,0.2390244579873979,0.0003928609876311384,12066.120101737,12066.358733334,12066.120151464,12066.129377234,12066.356576859,12066.356577184,0.23863159699976677,0.009225769999829936,0.22719962500013935,0.0021561499997915234
512,2,16,0.26419316697865725,-0.002377160020841984,12066.502098352,12066.768668679,12066.50214808,12066.511840679,12066.766321637,12066.766321853,0.26657032699949923,0.009692599000118207,0.25448095799947623,0.0023468260005756747
513,1,16,0.25018741679377854,0.0023719777946098475,12066.903095783,12067.150911222,12066.903144752,12066.912465642,12067.148714337,12067.148715095,0.2478154389991687,0.009320890001617954,0.23624869499872148,0.00219612699947902
514,0,16,0.24211895815096796,0.0032334161514882,12067.286931442,12067.525816984,12067.286981061,12067.296408231,12067.52354762,12067.523548054,0.23888554199947976,0.009427170001799823,0.2271393889986939,0.002268930000354885
515,0,16,0.23942783288657665,0.0015729138867754955,12067.660023511,12067.89787843,12067.660073563,12067.669380045,12067.895598124,12067.895598449,0.23785491899980116,0.009306481999374228,0.22621807900031854,0.002279980999446707
516,0,16,0.24304845789447427,0.003523827894241549,12068.033049818,12068.272574448,12068.033099546,12068.042641663,12068.270377996,12068.270378755,0.23952463000023272,0.009542116999000427,0.22773633299948415,0.0021956929995212704
517,0,16,0.25068470905534923,0.0025581220561434748,12068.407323317,12068.655449904,12068.407371744,12068.417135306,12068.653208817,12068.653209142,0.24812658699920576,0.009763561998624937,0.23607351100145024,0.002240761999928509
518,0,16,0.25342645798809826,0.01497578698763391,12068.807491851,12069.045942522,12068.807543961,12068.816943397,12069.043819524,12069.043819849,0.23845067100046435,0.009399435999512207,0.22687612700065074,0.00212267300048552
519,0,16,0.24837929080240428,0.008545245802451973,12069.182928578,12069.422762623,12069.182976789,12069.192649888,12069.420562921,12069.420563354,0.2398340449999523,0.009673099000792718,0.22791303299891297,0.002199268999902415
520,0,16,0.24920687498524785,0.010549709984843503,12069.564387835,12069.803045,12069.564437346,12069.573899943,12069.800862416,12069.800862741,0.23865716500040435,0.009462596999583184,0.22696247299973038,0.002182259000619524
521,1,16,0.28366008307784796,0.0037037940783193335,12069.948864966,12070.228821255,12069.948914585,12069.958769259,12070.226307155,12070.226307589,0.2799562889995286,0.009854673999143415,0.2675378960011585,0.0025136659987765597
522,0,16,0.2463852500077337,0.004767306007124716,12070.365350015,12070.606967959,12070.365400717,12070.375234373,12070.604692745,12070.604693178,0.241617944000609,0.009833655998590984,0.2294583720013179,0.002274780999869108
523,0,16,0.2460413749795407,0.007240770979478839,12070.746457281,12070.985257885,12070.74650625,12070.756444127,12070.983146046,12070.983146371,0.23880060400006187,0.009937877000993467,0.22670191899851488,0.002111514000716852
524,3,16,0.2718432501424104,-0.0001831048575695604,12071.126037409,12071.398063764,12071.126086703,12071.136000746,12071.395774249,12071.395774574,0.27202635499997996,0.009914043001117534,0.259773502999451,0.002289189998919028
525,0,16,0.23614891688339412,-0.0006706131171085872,12071.529466277,12071.766285807,12071.529516004,12071.539024754,12071.764179059,12071.764179384,0.2368195300005027,0.009508749999440624,0.22515430500061484,0.002106423000441282
526,0,16,0.2404514169320464,0.0056033209311863175,12071.900209029,12072.135057125,12071.900257673,12071.910315698,12072.132951136,12072.132951461,0.2348480960008601,0.010058025000034831,0.22263543799999752,0.0021056639998278115
527,0,16,0.24757591588422656,0.003894450883308309,12072.275630264,12072.519311729,12072.275679775,12072.285218751,12072.517122969,12072.517123294,0.24368146500091825,0.009538975999021204,0.23190421800063632,0.002188435000789468
528,2,16,0.2957667079754174,-0.001135109025199199,12072.654863818,12072.951765635,12072.654912895,12072.664693249,12072.948955988,12072.948956313,0.2969018170006166,0.00978035400112276,0.2842627390000416,0.0028093220007576747
529,0,16,0.23549733310937881,0.0014316571086965268,12073.086769966,12073.320835642,12073.086819693,12073.096483691,12073.318626515,12073.31862684,0.2340656760006823,0.009663998000178253,0.2221428239990928,0.002208801999586285
530,0,16,0.2451960421167314,0.005460477115775575,12073.459871243,12073.699606808,12073.459921837,12073.469926018,12073.697349904,12073.697350229,0.23973556500095583,0.010004181000113022,0.22742388599908736,0.002256579000459169
531,1,16,0.2752992089372128,0.01278192793688504,12073.83507786,12074.097595141,12073.835129646,12073.845003279,12074.094912033,12074.094912574,0.2625172810003278,0.00987363300009747,0.24990875399998913,0.0026825669992831536
532,5,16,0.36241349996998906,0.035316047969899955,12074.245044515,12074.572141967,12074.245094784,12074.254667345,12074.569483127,12074.569483668,0.3270974520000891,0.009572560999004054,0.31481578199964133,0.0026582990012684604
533,0,16,0.24703962495550513,0.01071260095704929,12074.754730238,12074.991057262,12074.754780291,12074.76560481,12074.988851926,12074.988852576,0.23632702399845584,0.01082451900037995,0.2232471160004934,0.0022046859994588885
534,0,16,0.2376766251400113,-0.0027294458595861215,12075.125549585,12075.365955656,12075.125600396,12075.13560566,12075.363698643,12075.363699077,0.24040607099959743,0.010005263999119052,0.22809298299944203,0.002256579000459169
535,0,16,0.23324149986729026,-0.002169089133531088,12075.496462428,12075.731873017,12075.496511397,12075.506138885,12075.729607121,12075.729607446,0.23541058900082135,0.009627488001569873,0.2234682359994622,0.0022655710017716046
536,0,16,0.23726216703653336,0.0030297580360638676,12075.867466492,12076.101698901,12075.867517086,12075.876967116,12076.099200727,12076.099201052,0.2342324090004695,0.009450030000152765,0.22223361099895556,0.002497849000064889
537,0,16,0.23619504203088582,0.0019566740302252583,12076.2371004,12076.471338768,12076.237148828,12076.247220937,12076.469191936,12076.469192369,0.23423836800066056,0.01007210900024802,0.22197099899858586,0.0021463989996846067
538,0,16,0.23569933301769197,0.0024971130187623203,12076.607195614,12076.840397834,12076.607245558,12076.616880305,12076.83823605,12076.838236375,0.23320221999892965,0.009634747000745847,0.22135574499952781,0.0021614589986711508
539,0,16,0.25175904110074043,0.01640023710024252,12076.975825767,12077.211184571,12076.975876578,12076.985643606,12077.209044238,12077.209044563,0.2353588040004979,0.00976702799925988,0.22340063199953875,0.0021400080004241318
540,1,16,0.2593286659102887,0.0053525659095612355,12077.366250349,12077.620226449,12077.366299318,12077.376081946,12077.617898691,12077.617899016,0.25397610000072746,0.009782627999811666,0.24181674499959627,0.00232743299966387
541,0,16,0.23500312492251396,-0.0014407960770768113,12077.750016454,12077.986460375,12077.750065748,12077.760086938,12077.984356769,12077.984357094,0.23644392099959077,0.01002119000077073,0.22426983100012876,0.002103281000017887
542,1,16,0.25092258397489786,0.0017068709748855326,12078.12106277,12078.370278483,12078.121113906,12078.131029249,12078.36805018,12078.368050613,0.24921571300001233,0.009915343000102439,0.23702093100109778,0.002227869999842369
543,0,16,0.24063424998894334,0.004769613989992649,12078.50700886,12078.742873496,12078.507058479,12078.517542274,12078.74071117,12078.740711929,0.2358646359989507,0.010483795000254759,0.22316889600006107,0.002161566999347997
544,0,16,0.252357792109251,0.016452963109259144,12078.893464791,12079.12936962,12078.89351571,12078.903304514,12079.127178368,12079.127178802,0.23590482899999188,0.00978880399998161,0.22387385399997584,0.0021908179987804033
545,0,16,0.24230824992991984,0.006663432930508861,12079.271129389,12079.506774206,12079.271179333,12079.281758465,12079.504638748,12079.504639073,0.23564481699941098,0.010579132000202662,0.2228802829995402,0.0021351329996832646
546,1,16,0.2617448749952018,0.004158939993430977,12079.641418528,12079.899004463,12079.641468255,12079.651190756,12079.896637378,12079.896637703,0.25758593500177085,0.009722500999487238,0.24544662200059975,0.0023667600016779033
547,0,16,0.24416795908473432,0.0077581650839420035,12080.041340483,12080.277750277,12080.041408303,12080.051483879,12080.275596619,12080.275596944,0.23640979400079232,0.010075576001327136,0.22411273999932746,0.0021533330000238493
548,0,16,0.2412586249411106,0.006472931941971183,12080.415849293,12080.650634986,12080.415898153,12080.425891067,12080.648492487,12080.64849292,0.23478569299913943,0.009992913999667508,0.2226014200005011,0.0021420659995783353
549,3,16,0.25973437493667006,-0.0031335970634245314,12080.783037246,12081.045905218,12080.783086432,12080.79345788,12081.043542358,12081.043542791,0.2628679720000946,0.010371447999204975,0.2500844780006446,0.0023624269997526426
550,1,16,0.2458054581657052,0.0015514251663262257,12081.181923595,12081.426177628,12081.181973323,12081.191837205,12081.423845862,12081.423846187,0.24425403299937898,0.009863881999990554,0.23200865699982387,0.0023314409991144203
551,1,16,0.24916787492111325,0.005335061921869055,12081.561097238,12081.804930051,12081.561148157,12081.570990914,12081.802736741,12081.802737066,0.2438328129992442,0.009842757001024438,0.23174582699903112,0.002192984999055625
552,0,16,0.23946095909923315,0.004173767098109238,12081.944859877,12082.180147069,12081.944909279,12081.954817472,12082.178013345,12082.178013562,0.2352871920011239,0.009908193000228493,0.22319587299898558,0.002133507001417456
553,0,16,0.24608291708864272,0.0020241090896888636,12082.314152736,12082.558211544,12082.31420203,12082.324293315,12082.55597349,12082.555973706,0.24405880799895385,0.01009128499936196,0.23168017500029237,0.0022378379999281606
554,0,16,0.27935920911841094,0.008657290118208039,12082.691305435,12082.962007354,12082.691354729,12082.701109624,12082.959669195,12082.95966952,0.2707019190002029,0.009754894999787211,0.2585595709988411,0.0023378340010822285
555,0,16,0.24811608297750354,0.003991297979155206,12083.111789578,12083.355914363,12083.111839414,12083.121786825,12083.353726579,12083.353726904,0.24412478499834833,0.009947411001121509,0.2319397539995407,0.0021874589983781334
556,0,16,0.27221650001592934,0.004509379015871673,12083.49406354,12083.761770661,12083.494113701,12083.504340733,12083.75928332,12083.759283645,0.26770712100005767,0.010227032000329928,0.2549425870001869,0.0024870159995771246
557,0,16,0.2418853749986738,0.007166959998357925,12083.903237158,12084.137955573,12083.90328591,12083.913473508,12084.13562164,12084.135622073,0.23471841500031587,0.01018759799990221,0.22214813199934724,0.002333500000531785
558,0,16,0.24903049995191395,0.005497783951796009,12084.274355735,12084.517888451,12084.274405138,12084.28433099,12084.515705217,12084.515705542,0.24353271600011794,0.009925852000378654,0.2313742269998329,0.0021829090001119766
559,0,16,0.24333195807412267,0.008203048073482933,12084.660636916,12084.895765826,12084.660685993,12084.670618888,12084.893642285,12084.89364261,0.23512891000063973,0.009932895000019926,0.223023397000361,0.002123215999745298
560,0,16,0.25971341598778963,0.025411994987734943,12085.033548168,12085.267849589,12085.033597029,12085.043539024,12085.265726483,12085.265726808,0.2343014210000547,0.009941995000190218,0.2221874589995423,0.0021227809993433766
561,0,16,0.23682762519456446,0.0017038071946444688,12085.42843629,12085.663560108,12085.428485693,12085.438742735,12085.661439493,12085.661439818,0.23512381799992,0.010257041998556815,0.22269675800089317,0.002120289998856606
562,4,16,0.3057057501282543,0.019039308128412813,12085.825513172,12086.112179614,12085.825563116,12085.835634467,12086.109772228,12086.109772553,0.2866664419998415,0.010071351000078721,0.27413776100001996,0.0024070609997579595
563,0,16,0.2711948750074953,0.027007578008124256,12086.259020452,12086.503207749,12086.25907018,12086.269047059,12086.500903825,12086.50090415,0.24418729699937103,0.00997687900053279,0.23185676599860017,0.002303598999787937
564,0,16,0.2916179168969393,0.056413062895444455,12086.648018543,12086.883223397,12086.648068812,12086.65819249,12086.881077973,12086.881078514,0.23520485400149482,0.010123678001036751,0.2228854829991178,0.002144883001164999
565,4,16,0.28193295816890895,-0.0008561628310417291,12087.076895225,12087.359684346,12087.076944519,12087.087448248,12087.357112176,12087.35711261,0.2827891209999507,0.010503728999537998,0.2696639280002273,0.002571736000390956
566,0,16,0.2429575000423938,0.008030858041820466,12087.499612546,12087.734539188,12087.499661949,12087.510092983,12087.732380871,12087.732381088,0.23492664200057334,0.010431034001157968,0.22228788800020993,0.0021581000000878703
567,0,16,0.3031123748514801,0.03913577685125347,12087.866152961,12088.130129559,12087.866232048,12087.876517259,12088.127799418,12088.127799634,0.26397659800022666,0.010285210999427363,0.2512821590007661,0.0023299250005948124
568,3,16,0.3032002500258386,0.04026716702537669,12088.311942453,12088.574875536,12088.311991964,12088.322203504,12088.572549836,12088.572550161,0.2629330830004619,0.010211540000454988,0.250346332000845,0.0023253750005096663
569,0,16,0.241790457861498,0.005912821861784323,12088.751170866,12088.987048502,12088.75122146,12088.761580449,12088.98457687,12088.984577195,0.23587763599971368,0.010358989000451402,0.22299642100006167,0.0024713069997233106
570,0,16,0.2449584158603102,0.010301102860466926,12089.12642526,12089.361082573,12089.126472821,12089.136830293,12089.358780491,12089.358780816,0.23465731299984327,0.010357471999668633,0.2219501979998313,0.002301757000168436
571,0,16,0.23409329098649323,-0.0010979130129271653,12089.499473344,12089.734664548,12089.499521771,12089.509740245,12089.732337331,12089.732337873,0.2351912039994204,0.010218473998975242,0.22259708599995065,0.0023266749994945712
572,0,16,0.24075929098762572,0.0038710749886377016,12089.8705059,12090.107394116,12089.870556169,12089.881081783,12090.105128545,12090.10512887,0.23688821599898802,0.010525613999561756,0.2240467619994888,0.0022652459992968943
573,0,16,0.24943958315998316,0.013771690159046557,12090.256325126,12090.491993019,12090.25637507,12090.26653905,12090.489726797,12090.489727122,0.2356678930009366,0.010163980001379969,0.2231877469985193,0.002265897001052508
574,0,16,0.2566034169867635,0.002312159986104234,12090.629400836,12090.883692093,12090.62945078,12090.639980402,12090.881452956,12090.881453498,0.25429125700065924,0.010529622000831296,0.24147255400021095,0.0022385950014722766
575,0,16,0.24812879203818738,0.013815887037708308,12091.024613323,12091.258926228,12091.024663592,12091.034972637,12091.25674971,12091.256750035,0.23431290500047908,0.010309045001122286,0.22177707300033944,0.0021761930001957808
576,0,16,0.2360789158847183,0.0013201978854340268,12091.399512909,12091.634271627,12091.399562637,12091.409896599,12091.632083408,12091.632083733,0.23475871799928427,0.010333962000004249,0.22218680900004983,0.002187893998780055
577,0,16,0.24472070904448628,0.011037467045753147,12091.770525207,12092.004208449,12091.770620328,12091.78068442,12092.00200918,12092.002009505,0.23368324199873314,0.010064092000902747,0.22132475999933376,0.002198943999246694
578,0,16,0.25274270796217024,0.017203845962285413,12092.156417778,12092.39195664,12092.156467072,12092.166834836,12092.389670375,12092.389670917,0.23553886199988483,0.010367763999965973,0.2228355389997887,0.0022857229996589012
579,0,16,0.24576391698792577,0.001396453986671986,12092.534165905,12092.778533368,12092.534214332,12092.544663242,12092.776047436,12092.776047761,0.24436746300125378,0.010448910001287004,0.23138419399947452,0.0024856069994712016
580,0,16,0.24971683300100267,0.013748301000305219,12092.922184074,12093.158152606,12092.922233693,12092.932906213,12093.155685958,12093.155686392,0.23596853200069745,0.010672520000298391,0.22277974499957054,0.002466214000378386
581,0,16,0.2394094590563327,0.005782769056168036,12093.293684869,12093.527311559,12093.29373503,12093.303867917,12093.525098206,12093.52509864,0.23362669000016467,0.010132887000509072,0.221230289000232,0.0022129190001578536
582,5,16,0.3170967078767717,-0.005511202121851966,12093.666076314,12093.988684224,12093.666125608,12093.677087392,12093.9860191,12093.986019317,0.32260790999862365,0.01096178399893688,0.3089317080011824,0.0026649069986888207
583,0,16,0.2656868339981884,0.0022533359988301527,12094.126011546,12094.389445044,12094.126062356,12094.136467281,12094.387127903,12094.387128228,0.2634334979993582,0.010404925000329968,0.25066062200130546,0.0023168160005297977
584,3,16,0.2690961251500994,-0.0029620808509207563,12094.522800248,12094.794858454,12094.522849867,12094.533139411,12094.792320411,12094.792320736,0.27205820600102015,0.010289543999533635,0.2591809999994439,0.002537718000894529
585,0,16,0.23740724986419082,0.0027232858647039393,12094.928501296,12095.16318526,12094.928550807,12094.938784015,12095.160935939,12095.160936264,0.23468396399948688,0.010233207998680882,0.22215192400108208,0.002248996001071646
586,4,16,0.26789745897985995,-0.0002416070201434195,12095.299243831,12095.567382897,12095.299292367,12095.309780928,12095.565053947,12095.565054272,0.26813906600000337,0.010488560999874608,0.25527301900001476,0.002328624999790918
587,0,16,0.2434873750898987,0.007547228089606506,12095.702717876,12095.938658023,12095.702767279,12095.713041764,12095.936479231,12095.936479556,0.2359401470002922,0.010274484999172273,0.22343746700062184,0.0021784670007036766
588,0,16,0.23764012497849762,0.0005829009769513505,12096.074062556,12096.31111978,12096.074113908,12096.084621862,12096.308898952,12096.308899277,0.23705722400154627,0.010507954000786413,0.22427708999930474,0.0022205029999895487
589,0,16,0.23536808392964303,0.0012094529301975854,12096.444562846,12096.678721477,12096.44461214,12096.455023132,12096.676568902,12096.676569336,0.23415863099944545,0.010410992001197883,0.22154576999855635,0.002152140999896801
590,0,16,0.24730062508024275,0.0028413990785338683,12096.815273313,12097.059732539,12096.815322715,12096.825717564,12097.057491885,12097.05749221,0.24445922600170888,0.01039484899956733,0.2317743210005574,0.002240329000414931
591,0,16,0.23592262505553663,-0.00019519694433256518,12097.190678623,12097.426796445,12097.1907277,12097.201105865,12097.424625452,12097.424625777,0.2361178219998692,0.010378165001384332,0.22351958699982788,0.002170667999962461
592,1,16,0.2558831670321524,0.0018832320329238428,12097.561567414,12097.815567349,12097.561616275,12097.572362248,12097.813192789,12097.813193114,0.25399993499922857,0.010745973000666709,0.24083054100083245,0.0023742350003885804
593,0,16,0.24477079208008945,0.00925890708094812,12097.958475505,12098.19398739,12097.958525124,12097.968934382,12098.191795597,12098.191795922,0.23551188499914133,0.01040925799861725,0.22286121500110312,0.0021914679982728558
594,0,16,0.2495146670844406,0.01399346408470592,12098.33368483,12098.569206033,12098.333733149,12098.344398411,12098.567024315,12098.567024748,0.23552120299973467,0.0106652619997476,0.22262590399986948,0.0021812850009155227
595,1,16,0.2550024997908622,0.00236036979003984,12098.713267017,12098.965909147,12098.713315986,12098.723829032,12098.963602299,12098.963602624,0.25264213000082236,0.010513045999687165,0.23977326699969126,0.0023065229997882852
596,0,16,0.24047641595825553,0.0050839189570979215,12099.103797228,12099.339189725,12099.103846631,12099.114592713,12099.33699284,12099.336993165,0.2353924970011576,0.010746081999968737,0.22240012700058287,0.002196560000811587
597,0,16,0.24049512506462634,0.006649592065514298,12099.474692412,12099.708537945,12099.474741706,12099.485289637,12099.706335426,12099.706335643,0.23384553299911204,0.01054793099865492,0.2210457890014368,0.002202301999204792
598,1,16,0.2571506660897285,0.004704737089923583,12099.850014518,12100.102460447,12099.850063378,12099.860943583,12100.100099755,12100.100099971,0.2524459289998049,0.010880204999921261,0.2391561719996389,0.002360476000831113
599,0,16,0.26687337504699826,0.030032828048206284,12100.243320358,12100.480160905,12100.243369544,12100.254421248,12100.4778858,12100.477886558,0.23684054699879198,0.0110517040011473,0.2234645520002232,0.0022743469999113586
600,0,16,0.2641019159927964,0.019082688993876218,12100.656673453,12100.90169268,12100.656722531,12100.667524298,12100.899416924,12100.899417466,0.2450192269989202,0.010801767000884865,0.23189262599953508,0.002275213999382686
601,0,16,0.24127416708506644,0.006230628085177159,12101.038373655,12101.273417194,12101.038422191,12101.049252018,12101.271217275,12101.2712176,0.23504353899988928,0.010829826998815406,0.22196525700019265,0.0021995939987391466
602,0,16,0.2433485419023782,0.004676858901802916,12101.417978484,12101.656650167,12101.418027453,12101.428424577,12101.654445481,12101.654445914,0.23867168300057529,0.010397123998700408,0.22602090399959707,0.002204252999945311
603,0,16,0.24454812495969236,0.0046886209602234885,12101.793276431,12102.033135935,12101.793325616,12101.804226514,12102.030856821,12102.030857146,0.23985950399946887,0.010900897999817971,0.22663030700095987,0.002278789001138648
604,0,16,0.2651812909170985,0.013757750917648082,12102.169076417,12102.420499957,12102.169126361,12102.179732253,12102.418237961,12102.418238394,0.25142353999945044,0.010605892000967287,0.2385057079991384,0.0022615629986830754
605,0,16,0.24421204207465053,0.001754910075760563,12102.565283342,12102.807740474,12102.565332744,12102.576057483,12102.80502519,12102.805025624,0.24245713199888996,0.010724739000579575,0.22896770700026536,0.0027148499993927544
606,0,16,0.25223866710439324,0.008609096104919445,12102.95158164,12103.195211211,12102.951633209,12102.962457186,12103.192831992,12103.192832425,0.2436295709994738,0.010823976999745355,0.23037480600032723,0.002378785999098909
607,0,16,0.2762349168770015,-0.0017037871220964007,12103.331062964,12103.609001668,12103.331113016,12103.341729309,12103.606617574,12103.606617899,0.2779387039990979,0.010616293000566657,0.26488826499917195,0.002383768998697633
608,1,16,0.333555500023067,0.050764104023983236,12103.793781083,12104.076572479,12103.793829835,12103.804575375,12104.074171051,12104.074171376,0.28279139599908376,0.010745539999334142,0.26959567599988077,0.0024011030000110622
609,2,16,0.2579605830833316,-0.00035934391598857474,12104.21378247,12104.472102397,12104.213833064,12104.224592363,12104.469748421,12104.469748854,0.25831992699932016,0.010759299000710598,0.24515605799933837,0.002353542999117053
610,0,16,0.27794637507759035,0.03824493707725196,12104.618202201,12104.857903639,12104.618249436,12104.629213495,12104.855661143,12104.855661468,0.23970143800033838,0.010964058999888948,0.226447647999521,0.002242171000034432
611,0,16,0.24188941693864763,0.0028473259390011663,12105.018481564,12105.257523655,12105.018532483,12105.029306842,12105.254973045,12105.25497337,0.23904209099964646,0.010774358999697142,0.22566620299949136,0.0025502850003249478
612,1,16,0.25630687503144145,0.006683052031803527,12105.398328747,12105.64795257,12105.398379232,12105.409267996,12105.645511924,12105.645512357,0.24962382299963792,0.01088876399990113,0.23624392800047644,0.0024402130002272315
613,1,16,0.2594548750203103,0.0017932120208570268,12105.784502348,12106.042164011,12105.784551967,12105.795390244,12106.03980581,12106.039806135,0.25766166299945326,0.010838276999493246,0.24441556599958858,0.0023578759992233245
614,0,16,0.24039658391848207,0.0017555619197082706,12106.179373352,12106.418014374,12106.179421779,12106.190183679,12106.415708717,12106.415709042,0.2386410219987738,0.01076190000094357,0.22552503800034174,0.002305332000105409
615,0,16,0.24822099995799363,0.007258935958816437,12106.554846806,12106.79580887,12106.554896317,12106.5660192,12106.793502238,12106.793502671,0.2409620639991772,0.011122882999188732,0.2274830380010826,0.0023061989995767362
616,1,16,0.2650333750061691,0.00606872600474162,12106.940139833,12107.199104482,12106.940189669,12106.950992845,12107.196662102,12107.196662535,0.25896464900142746,0.010803176000990788,0.24566925699946296,0.0024419470009888755
617,0,16,0.2961975419893861,0.014181739988998743,12107.356679051,12107.638694853,12107.356728562,12107.36750162,12107.636241097,12107.636241422,0.28201580200038734,0.010773058000268065,0.26873947700005374,0.002453430999594275
618,1,16,0.252830124925822,0.004512102927037631,12107.777378462,12108.025696484,12107.777426673,12107.788044591,12108.023371326,12108.023371759,0.2483180219987844,0.010617918000207283,0.23532673500085366,0.0023247249991982244
619,0,16,0.2753556249663234,0.02909278196602827,12108.195986618,12108.442249461,12108.196034287,12108.207105817,12108.43985735,12108.439857892,0.2462628430002951,0.011071529999753693,0.23275153299982776,0.0023915689998830203
620,3,16,0.279820250114426,-0.0028927078856213484,12108.586436443,12108.869149401,12108.586485845,12108.597483922,12108.866560115,12108.866560331,0.28271295800004737,0.010998076999385376,0.2690761930007284,0.002589069999885396
621,0,16,0.2380225828383118,0.0018491838382033166,12108.998630426,12109.234803825,12108.998679828,12109.009473904,12109.232542912,12109.232543129,0.23617339900010847,0.010794075999001507,0.22306900799958385,0.0022606960010307375
622,3,16,0.266850917134434,0.003130756133032264,12109.369453131,12109.633173292,12109.36950145,12109.380723029,12109.630812166,12109.630812382,0.2637201610014017,0.011221578999538906,0.25008913700003177,0.002360910000788863
623,0,16,0.2535352499689907,0.017388067968568066,12109.777188774,12110.013335956,12109.777236768,12109.788126398,12110.01106345,12110.011063775,0.23614718200042262,0.010889629998928285,0.22293705199990654,0.002272181000080309
624,0,16,0.2406376670114696,0.00455375501223898,12110.161253352,12110.397337264,12110.16134349,12110.17246323,12110.394874192,12110.394874517,0.23608391199923062,0.011119740000140155,0.22241096200014,0.00246274699929927
625,0,16,0.3469768329523504,0.11196113695223175,12110.614753827,12110.849769523,12110.614803446,12110.625786247,12110.847175902,12110.847176227,0.23501569600011862,0.01098280099904514,0.22138965500016639,0.0025932959997589933
626,0,16,0.2647042500320822,0.028451114030758617,12111.057091767,12111.293344903,12111.057140952,12111.068507705,12111.290707731,12111.290708164,0.23625313600132358,0.011366753000402241,0.2222000259989727,0.002636739000081434
627,0,16,0.28709787502884865,0.05054940802801866,12111.445924208,12111.682472675,12111.44597231,12111.457346971,12111.680107215,12111.680107757,0.23654846700083,0.011374660998626496,0.22276024399980088,0.0023649180002394132
628,0,16,0.26041616685688496,0.024919123856307124,12111.852933334,12112.088430377,12111.852982844,12111.863953187,12112.086009665,12112.08600999,0.23549704300057783,0.010970342998916749,0.22205647800001316,0.002420386999801849
629,0,16,0.2776875419076532,0.04076942490792135,12112.289646238,12112.526564355,12112.289696073,12112.301345047,12112.524183186,12112.52418362,0.23691811699973186,0.011648974001218448,0.2228381389995775,0.002380734998951084
630,1,16,0.2908666250295937,0.04632679602946155,12112.675072629,12112.919612458,12112.675147924,12112.685959226,12112.917286759,12112.917287084,0.24453982900013216,0.01081130200145708,0.23132753299978503,0.0023253740000654943
631,0,16,0.2632043338380754,0.026422939838084858,12113.115321806,12113.3521032,12113.115370991,12113.12669885,12113.349840878,12113.349841203,0.23678139399999054,0.011327858999720775,0.22314202800043859,0.0022619970004598144
632,0,16,0.24512166599743068,0.008875787996657891,12113.490601226,12113.726847104,12113.49065962,12113.502134278,12113.724594641,12113.724594966,0.2362458780007728,0.011474658000224736,0.22246036300020933,0.002252138001495041
633,0,16,0.2504969169385731,0.014332725939311786,12113.878449521,12114.114613712,12113.878498599,12113.889564712,12114.112373816,12114.11237425,0.23616419099926134,0.01106611300019722,0.2228091039996798,0.0022394619991246145
634,4,16,0.3315265830606222,0.03984808406130469,12114.297702074,12114.589380573,12114.297750826,12114.309218333,12114.586651747,12114.58665218,0.2916784989993175,0.011467507001725608,0.27743341399946075,0.0027283929994155187
635,0,16,0.24372212495654821,0.0034519109558459604,12114.726825876,12114.96709609,12114.726874628,12114.737963384,12114.964782091,12114.964782416,0.24027021400070225,0.011088755998571287,0.22681870700034779,0.0023136740001064027
636,0,16,0.30315533303655684,0.0347482380366273,12115.144244801,12115.412651896,12115.144294095,12115.155690316,12115.410139638,12115.410139963,0.26840709499992954,0.011396220999813522,0.25444932199934556,0.002511933000278077
637,0,16,0.24209408299066126,0.0016715439924155362,12115.54729546,12115.787717999,12115.547345404,12115.558723965,12115.785352214,12115.785352539,0.24042253899824573,0.01137856099921919,0.22662824899998668,0.0023654599990550196
638,0,16,0.2514632500242442,0.0022068020243750652,12115.921971653,12116.171228101,12115.922020297,12115.933181748,12116.168846715,12116.16884704,0.24925644799986912,0.011161451000589295,0.2356649670000479,0.002381061000050977
639,0,16,0.24556479114107788,0.003774372140469495,12116.310218633,12116.552009052,12116.310268902,12116.322047449,12116.549734921,12116.549735246,0.24179041900060838,0.011778547001085826,0.22768747199916106,0.0022738059997209348
640,0,16,0.24562887498177588,0.005371877981815487,12116.689726825,12116.929983822,12116.689775469,12116.70090106,12116.927732876,12116.927733309,0.2402569969999604,0.011125590999654378,0.2268318160004128,0.0022505130000354256
641,0,16,0.24372808285988867,0.0015836148613743717,12117.073656955,12117.315801423,12117.073723475,12117.085087952,12117.313441597,12117.313441922,0.2421444679985143,0.01136447700082499,0.22835364499951538,0.0023595009988639504
642,4,16,0.27651366707868874,0.001615154078535852,12117.44935987,12117.724258383,12117.449411006,12117.460730847,12117.721518939,12117.721519372,0.2748985130001529,0.01131984099993133,0.26078809200043906,0.0027390109989937628
643,0,16,0.2943421669770032,0.011148619976665941,12117.857327249,12118.140520796,12117.857377409,12117.86844959,12118.138052849,12118.138053174,0.2831935470003373,0.011072180999690318,0.2696032590010873,0.002467622000040137
644,5,16,0.3037460420746356,-0.0026024469243566273,12118.291846734,12118.598195223,12118.291896787,12118.30335281,12118.595504207,12118.595504532,0.30634848899899225,0.011456023001301219,0.29215139699954307,0.0026906909988611005
645,2,16,0.364825916942209,0.0767713359418849,12118.727435845,12119.015490426,12118.727484489,12118.738825781,12119.013029954,12119.013030279,0.2880545810003241,0.011341291999997338,0.27420417299981636,0.0024601469995104708
646,0,16,0.278104541124776,0.004437077124748612,12119.240461531,12119.514128995,12119.24053921,12119.252345491,12119.511588677,12119.511589219,0.2736674640000274,0.011806280999735463,0.2592431859993667,0.0025397760000487324
647,3,16,0.29890008294023573,0.029882825940148905,12119.67957348,12119.948590737,12119.679623424,12119.691084106,12119.946153665,12119.94615399,0.26901725700008683,0.011460682000688394,0.2550695589998213,0.0024367469995922875
648,0,16,0.24010495794937015,-0.0008916660499380669,12120.084226138,12120.325222762,12120.08429645,12120.095671869,12120.322828159,12120.322828484,0.2409966239993082,0.011375418998795794,0.22715629000049375,0.0023942779989738483
649,0,16,0.24923049984499812,0.009225280846294481,12120.462261578,12120.702266797,12120.462310872,12120.473802647,12120.700054528,12120.700054853,0.24000521899870364,0.0114917749997403,0.22625188100028026,0.00221194400000968
650,0,16,0.24459812510758638,0.003612552107369993,12120.845517302,12121.086502875,12120.845566596,12120.856824793,12121.084233403,12121.084233836,0.2409855730002164,0.011258197000643122,0.2274086100005661,0.002269038999656914
651,0,16,0.24783854093402624,0.006393829933585948,12121.223074753,12121.464519464,12121.223124264,12121.234505208,12121.46220774,12121.46220839,0.2414447110004403,0.011380944000848103,0.2277025319999666,0.0023110740003176033
652,0,16,0.24423241708427668,0.00489391208429879,12121.602529859,12121.841868364,12121.602579911,12121.613985449,12121.839523163,12121.839523488,0.23933850499997789,0.01140553799996269,0.22553771400089317,0.0023448759984603385
653,0,16,0.2552572919521481,0.015158467953369836,12121.975527565,12122.215626389,12121.975577401,12121.986972321,12122.213323223,12122.213323548,0.24009882399877824,0.011394920000384445,0.22635090200128616,0.0023028409996186383
654,0,16,0.24172129202634096,0.0011669060277199605,12122.368156832,12122.608711218,12122.368206343,12122.37953496,12122.606506858,12122.606507291,0.240554385998621,0.011328616999890073,0.2269718979987374,0.002203926998845418
655,0,16,0.24326266697607934,0.002398215976427309,12122.743324122,12122.984188573,12122.743374066,12122.755060525,12122.981725717,12122.981725934,0.24086445099965204,0.011686458999975002,0.22666519199992763,0.0024626390004414134
656,2,16,0.2602983331307769,0.0003141121305816341,12123.11644891,12123.376433131,12123.116498962,12123.127824329,12123.373926506,12123.373927156,0.25998422100019525,0.011325367000608821,0.24610217699955683,0.0025059749987121904
657,0,16,0.24546604207716882,0.004549155077256728,12123.511259461,12123.752176348,12123.511308647,12123.522753403,12123.749917276,12123.749917601,0.2409168869999121,0.011444756000855705,0.22716387299988128,0.0022587469993595732
658,0,16,0.24002779205329716,-0.0008895269475033274,12123.88642621,12124.127343529,12123.886475612,12123.898353396,12124.12502888,12124.125029314,0.2409173190008005,0.011877783999807434,0.22667548400022497,0.0023142150002968265
659,0,16,0.24749962519854307,0.006463566198362969,12124.263837404,12124.504873463,12124.263886481,12124.275189856,12124.502574848,12124.502575173,0.2410360590001801,0.01130337500035239,0.22738499200022488,0.00229828999908932
660,0,16,0.2581705409102142,0.015118521911062999,12124.647750958,12124.890802977,12124.647799819,12124.659639902,12124.888550731,12124.888551164,0.2430520189991512,0.011840082999697188,0.228910829000597,0.0022518129990203306
661,0,16,0.38484304095618427,0.10619526295522519,12125.038156906,12125.316804684,12125.038206308,12125.049616504,12125.31423999,12125.314240315,0.2786477780009591,0.011410196000724682,0.264623486000346,0.002564369000538136
662,0,16,0.2495214999653399,0.008401695964494138,12125.576308316,12125.81742812,12125.576356527,12125.588239512,12125.815098196,12125.815098629,0.24111980400084576,0.011882984999829205,0.22685868400003528,0.002329491000637063
663,0,16,0.2471974161453545,0.00590600414579967,12125.957798342,12126.199089754,12125.957847311,12125.969524777,12126.196655066,12126.196655391,0.24129141199955484,0.011677466000037384,0.2271302890003426,0.002434362999338191
664,0,16,0.2621450829319656,0.0017010739302349975,12126.333034102,12126.593478111,12126.333085021,12126.344836808,12126.591117959,12126.591118176,0.2604440090017306,0.011751787000321201,0.24628115099949355,0.0023599350006406894
665,0,16,0.24532479187473655,0.00371724887554592,12126.727821144,12126.969428687,12126.727870221,12126.73926135,12126.967104396,12126.967104721,0.24160754299919063,0.01139112899909378,0.22784304600099858,0.0023239660004037432
666,0,16,0.2690070830285549,0.018428907027555397,12127.121445174,12127.37202335,12127.121495118,12127.132986351,12127.369603613,12127.369603938,0.2505781760009995,0.011491232999105705,0.2366172620004363,0.002419412001472665
667,0,16,0.27074179193004966,-0.0038127470688777976,12127.506346124,12127.780900663,12127.506394551,12127.517922403,12127.778074548,12127.778074873,0.27455453899892746,0.011527852000654093,0.2601521449996653,0.00282578999940597
668,0,16,0.2571820409502834,0.005799885950182215,12127.918542491,12128.169924646,12127.918591026,12127.930226566,12128.16750155,12128.167501875,0.2513821550001012,0.011635540000497713,0.23727498399966862,0.0024227710000559455
669,0,16,0.24736891617067158,0.00636275916986051,12128.309195883,12128.55020204,12128.309246043,12128.320899567,12128.547837338,12128.547837663,0.24100615700081107,0.011653523999484605,0.22693777099993895,0.0023643770000489894
670,0,16,0.304036291083321,0.061126846083425335,12128.751482904,12128.994392349,12128.751532523,12128.763120394,12128.991838814,12128.991839031,0.24290944499989564,0.011587871000301675,0.22871841999949538,0.0025533179996273248
671,0,16,0.2645352091640234,0.022964718164075748,12129.131021322,12129.372591813,12129.131070507,12129.142635952,12129.369494961,12129.369495395,0.24157049099994765,0.011565445000087493,0.226859009000691,0.0030964180004957598
672,4,16,0.3294032078702003,0.04373575387035089,12129.530139732,12129.815807186,12129.530189134,12129.542430068,12129.813353539,12129.813353864,0.2856674539998494,0.012240934000146808,0.2709234710000601,0.0024533220002922462
673,0,16,0.24572541587986052,0.004367916879346012,12130.001290258,12130.242647757,12130.001340419,12130.013243013,12130.240397894,12130.240398869,0.2413574990005145,0.011902594000275712,0.22715488100038783,0.0022488880003947997
674,1,16,0.2516857080627233,0.0018512750630179653,12130.380620559,12130.630454992,12130.380672561,12130.392488593,12130.62804728,12130.628047605,0.2498344329997053,0.01181603199984238,0.23555868700168503,0.0024073870008578524
675,0,16,0.32258554198779166,0.08047216598788509,12130.766442601,12131.008555977,12130.766492545,12130.778244224,12131.006170149,12131.006170474,0.24211337599990657,0.011751678999644355,0.2279259249989991,0.002385502999459277
676,2,16,0.2901961251627654,0.0015687581635575043,12131.232731336,12131.521358703,12131.232778463,12131.244762961,12131.51886627,12131.518866595,0.2886273669992079,0.011984497999947052,0.2741033090005658,0.002492107998477877
677,0,16,0.3106104170437902,0.040586155044366024,12131.662268341,12131.932292603,12131.662318285,12131.674121316,12131.92947353,12131.929473747,0.2700242619994242,0.011803031000454212,0.25535221400059527,0.0028188559990667272
678,0,16,0.27808787510730326,0.036624964106522384,12132.141504918,12132.382967829,12132.141551503,12132.153429829,12132.380667806,12132.380668131,0.24146291100078088,0.01187832600044203,0.22723797699836723,0.0022996980005700607
679,0,16,0.26955479197204113,-0.0005991510279272916,12132.516765596,12132.786919539,12132.516814998,12132.52849149,12132.784391355,12132.784391788,0.2701539429999684,0.011676492000333383,0.25589986500017403,0.00252775099943392
680,0,16,0.25744383386336267,0.008820405862934422,12132.922375098,12133.170998526,12132.922424934,12132.934620908,12133.168709336,12133.168709553,0.24862342800042825,0.012195973999041598,0.23408842800017737,0.0022889730007591425
681,0,16,0.24486487498506904,0.0018530499855842208,12133.314915528,12133.557927353,12133.314964714,12133.326977488,12133.555618338,12133.555618663,0.24301182499948482,0.012012773999231285,0.22864085000037448,0.002308690000063507
682,0,16,0.24681858392432332,0.005275501924188575,12133.69519628,12133.936739362,12133.695245466,12133.707301467,12133.933943583,12133.933943908,0.24154308200013475,0.012056001000019023,0.226642116000221,0.0027954540000791894
683,1,16,0.26089479215443134,0.0002848091535270214,12134.071907934,12134.332517917,12134.071956686,12134.08418332,12134.32949376,12134.329494085,0.2606099830009043,0.012226633998579928,0.24531044000104885,0.003023832001417759
684,0,16,0.24803316686302423,0.0050826608639908955,12134.468872252,12134.711822758,12134.468921763,12134.480735303,12134.709411038,12134.709411579,0.24295050599903334,0.011813539998911438,0.22867573500116123,0.0024111789989547106
685,1,16,0.2609032499603927,-0.001562136039865436,12134.84621671,12135.108682096,12134.846266546,12134.858062426,12135.10621274,12135.106213065,0.26246538600025815,0.011795880000136094,0.248150314000668,0.0024690310001460603
686,0,16,0.24548708298243582,0.006933055983608938,12135.245335228,12135.483889255,12135.245386039,12135.257401738,12135.481578723,12135.481579048,0.23855402699882688,0.012015698999675806,0.22417698500066763,0.0023102069990272867
687,0,16,0.24475304200313985,0.0028305590039963135,12135.622832552,12135.864755035,12135.622881304,12135.635030151,12135.862468554,12135.86246877,0.24192248299914354,0.012148846999480156,0.22743840300063312,0.002286265000293497
688,4,16,0.2663570421282202,-0.0024360628722206457,12135.993567503,12136.262360608,12135.993617772,12136.005316581,12136.259865467,12136.259865792,0.26879310500044085,0.011698809001245536,0.25454888599961123,0.0024948159989435226
689,2,16,0.264742000028491,9.240502731699962e-05,12136.397103193,12136.661752788,12136.397152162,12136.409045113,12136.659026887,12136.659027212,0.264649595001174,0.011892950999026652,0.24998177400084387,0.002725576001466834
690,3,16,0.3100593751296401,-0.001779918869942776,12136.802858085,12137.114697379,12136.802907379,12136.814857425,12137.111452537,12137.111452862,0.3118392939995829,0.011950046000492875,0.296595111998613,0.0032445169999846257
691,0,16,0.24811979196965694,0.011786051971284905,12137.260356029,12137.496689769,12137.260405973,12137.272379203,12137.494429506,12137.494429831,0.23633373999837204,0.011973229999057367,0.22205030300028739,0.0022599379990424495
692,0,16,0.23708508303388953,-0.00030593196606787387,12137.627054726,12137.864445741,12137.627106729,12137.638977363,12137.862180494,12137.862180927,0.2373910149999574,0.011870633999933489,0.22320313099953637,0.002264813998408499
693,0,16,0.2934602501336485,0.024339422134289634,12137.99992091,12138.269041738,12137.999971504,12138.012012446,12138.266517454,12138.266517887,0.2691208279993589,0.012040942001476651,0.25450500799888687,0.0025238510006602155
694,2,16,0.2642542498651892,0.002890880865379586,12138.429423354,12138.690786723,12138.429472757,12138.441837089,12138.688380528,12138.688380853,0.2613633689998096,0.012364332000288414,0.2465434389996517,0.0024058700000750832
695,0,16,0.32258274988271296,0.0788621758838417,12138.913109605,12139.156830179,12138.913160307,12138.925108836,12139.154259202,12139.154259635,0.24372057399887126,0.011948528999710106,0.22915036599988525,0.002570544000263908
696,0,16,0.24569845804944634,0.002563452049798798,12139.288441786,12139.531576792,12139.288533007,12139.300728872,12139.529263118,12139.529263443,0.24313500599964755,0.01219586499973957,0.22853424599998107,0.0023133489994506817
697,1,16,0.2622967502102256,0.0012204782105982304,12139.67008901,12139.931165282,12139.670137654,12139.682059315,12139.928769704,12139.928770029,0.26107627199962735,0.011921661000087624,0.24671038899941777,0.0023952529991220217
698,0,16,0.26118229189887643,0.010494368898434914,12140.07782422,12140.328512143,12140.077873622,12140.089936448,12140.325966083,12140.325966408,0.2506879230004415,0.012062825999237248,0.23602963500161422,0.0025457350002398016
699,3,16,0.2894559579435736,0.019635155942523852,12140.462125192,12140.731945994,12140.462175244,12140.47480533,12140.729407193,12140.729407518,0.26982080200104974,0.012630086001081509,0.2546018629982427,0.0025384760010638274
700,0,16,0.2413741669151932,-0.0007651010855624918,12140.884622803,12141.126762071,12140.884671014,12140.89691249,12141.124357176,12141.124357826,0.2421392680007557,0.012241475998962414,0.22744468600103573,0.0024042450004344573
701,2,16,0.28107845899648964,0.012187632995846798,12141.273027849,12141.541918675,12141.273076168,12141.2852664,12141.539372399,12141.539372832,0.26889082600064285,0.012190232000648393,0.25410599899987574,0.0025458430009166477
702,0,16,0.24422824988141656,0.0034189438811154105,12141.678542014,12141.91935132,12141.678591958,12141.691296798,12141.917044905,12141.91704523,0.24080930600030115,0.012704840000878903,0.2257481069991627,0.0023060900002747076
703,0,16,0.2454335840884596,0.004631320089174551,12142.056447123,12142.297249387,12142.056496742,12142.068608537,12142.294967456,12142.294967781,0.24080226399928506,0.01211179500023718,0.22635891900063143,0.002281606000906322
704,2,16,0.2952464160043746,0.007768952003971208,12142.433375778,12142.720853242,12142.433423881,12142.446132729,12142.71816515,12142.718165475,0.2874774640004034,0.012708847998510464,0.2720324210004037,0.0026877670006797416
705,0,16,0.24308916716836393,0.0026970721683028387,12142.866269864,12143.106661959,12142.866318507,12142.878641454,12143.104189352,12143.104189786,0.2403920950000611,0.012322947000939166,0.22554789799869468,0.0024721730005694553
706,0,16,0.2461617081426084,0.0050339951430942165,12143.240180862,12143.481308575,12143.240230264,12143.252254089,12143.479012993,12143.479013535,0.2411277129995142,0.012023825000142097,0.2267589040002349,0.0022950399998080684
707,0,16,0.24347562505863607,0.0016400290587625932,12143.617209405,12143.859045001,12143.617259349,12143.62974372,12143.856622122,12143.856622555,0.24183559599987348,0.01248437100002775,0.2268784020016028,0.0024224459994002245
708,1,16,0.2677945839241147,0.006937805923371343,12143.995039544,12144.255896322,12143.995087863,12144.007231185,12144.253139328,12144.253139761,0.26085677800074336,0.012143321999246837,0.24590814300063357,0.002756560999841895
709,0,16,0.24471704103052616,0.0034475130305509083,12144.397436381,12144.638705909,12144.39751471,12144.410027465,12144.636303831,12144.636304264,0.24126952799997525,0.012512754999988829,0.22627636599827383,0.0024016449988266686
710,0,16,0.24865874997340143,0.006653604972598259,12144.777895784,12145.019900929,12144.777946053,12144.790171278,12145.017582813,12145.017583246,0.24200514500080317,0.012225225000292994,0.22741153499919164,0.002317683000001125
711,1,16,0.25223450013436377,-0.0006985188647377072,12145.153222981,12145.406156,12145.1532726,12145.165674092,12145.403826184,12145.403826834,0.2529330189991015,0.012401492000208236,0.23815209199892706,0.002329165999981342
712,3,16,0.2687201660592109,-0.00022894594076205976,12145.539318362,12145.808267474,12145.539366681,12145.551547488,12145.805840803,12145.805841128,0.26894911199997296,0.01218080699982238,0.25429331499981345,0.0024263459999929182
713,4,16,0.2911986249964684,0.003280549997725757,12145.947080223,12146.234998298,12145.947129842,12145.959391469,12146.232319849,12146.232320174,0.28791807499874267,0.012261627000043518,0.27292837999993935,0.0026781239994306816
714,0,16,0.26372608402743936,0.002542124026149395,12146.376550599,12146.637734559,12146.376601301,12146.388948841,12146.635088395,12146.63508872,0.26118396000128996,0.01234753999960958,0.24613955399945553,0.0026458390002517262
715,0,16,0.2434590831398964,0.002011014139498002,12146.77568721,12147.017135279,12146.775736395,12146.788281436,12147.014793437,12147.014793762,0.2414480690003984,0.012545040999611956,0.22651200099971902,0.002341516999877058
716,2,16,0.263039292069152,0.001889784069135203,12147.153082587,12147.414232095,12147.153131556,12147.165254618,12147.4118246,12147.411824925,0.2611495080000168,0.012123061998863705,0.24656998200043745,0.002407169999059988
717,0,16,0.27643212489783764,0.001530795898361248,12147.550696827,12147.825598156,12147.550747204,12147.563104494,12147.823141259,12147.823141693,0.2749013289994764,0.012357289999272325,0.26003676499931316,0.0024564630002714694
718,0,16,0.28144400008022785,0.03962942207908782,12148.003285959,12148.245100537,12148.003334495,12148.01594573,12148.242648298,12148.24264884,0.24181457800114003,0.01261123499898531,0.22670256800120114,0.0024516970006516203
719,4,16,0.2870343748945743,0.014120945894319448,12148.380723913,12148.653637342,12148.380772665,12148.393292355,12148.651060731,12148.651061164,0.27291342900025484,0.012519690000772243,0.2577683759991487,0.002576177999799256
720,0,16,0.24548883293755352,0.0035161889372830046,12148.801669577,12149.043642221,12148.801719088,12148.814466179,12149.041145347,12149.041145672,0.24197264400027052,0.012747090999255306,0.22667916800128296,0.002496549001079984
721,0,16,0.24254691693931818,-7.033906149445102e-05,12149.178850878,12149.421468134,12149.178900605,12149.191656363,12149.419088266,12149.419088591,0.24261725600081263,0.01275575799991202,0.22743190300025162,0.002379543000643025
722,0,16,0.24866554187610745,0.00546704987573321,12149.561154957,12149.804353449,12149.561204576,12149.573887856,12149.802073902,12149.802074227,0.24319849200037424,0.012683279999691877,0.22818604599888204,0.0022792220006522257
723,0,16,0.26702704187482595,0.02635770887354738,12149.94086845,12150.181537783,12149.940918069,12149.953100501,12150.179140472,12150.179140797,0.24066933300127857,0.012182431999463006,0.22603997100122797,0.002396986001258483
724,6,16,0.2976692500524223,0.0054977020517981146,12150.339246259,12150.631417807,12150.339294578,12150.35210158,12150.628852788,12150.628853113,0.29217154800062417,0.012807002000045031,0.27675120800086006,0.002564694001193857
725,1,16,0.2605834589339793,-0.00030257006437750533,12150.775435564,12151.036321593,12150.775485291,12150.788106927,12151.033820386,12151.033820711,0.2608860289983568,0.012621636000403669,0.24571345899857988,0.002500881999367266
726,0,16,0.23823433392681181,0.000607249927270459,12151.167829845,12151.405456929,12151.167879464,12151.180417462,12151.402961571,12151.402961896,0.23762708399954136,0.012537997999970685,0.22254410900131916,0.002495033000741387
727,0,16,0.24101820797659457,0.004370286975245108,12151.54302747,12151.779675391,12151.543077414,12151.555435787,12151.777389344,12151.777389777,0.23664792100134946,0.012358373000097345,0.22195355700023356,0.0022856140003568726
728,1,16,0.2785168329719454,0.0002801979735522764,12151.918273847,12152.196510482,12151.918322166,12151.930869373,12152.193937121,12152.193937554,0.27823663499839313,0.012547206999443006,0.26306774799923005,0.002572927998699015
729,0,16,0.2696721248794347,0.004793609879925498,12152.337147757,12152.602026272,12152.337197376,12152.349488796,12152.599551282,12152.599551607,0.2648785149995092,0.01229142000011052,0.25006248600038816,0.0024746649996814085
730,0,16,0.24537387513555586,0.007489271134545561,12152.74248143,12152.980366034,12152.742532349,12152.754985735,12152.978060485,12152.97806081,0.2378846040010103,0.0124533859998337,0.22307474999979604,0.002305223999428563
731,1,16,0.26649375003762543,0.006156238037874573,12153.122281594,12153.382619106,12153.122331646,12153.135041361,12153.379911839,12153.379912489,0.26033751199975086,0.01270971499980078,0.24487047799993888,0.0027066170005127788
732,0,16,0.2588698749896139,0.019851184990329784,12153.519132265,12153.758150955,12153.519181342,12153.531612086,12153.755759602,12153.755760036,0.2390186899992841,0.012430744000084815,0.22414751599899319,0.002390919000390568
733,0,16,0.24417112511582673,0.006039618116119527,12153.912558361,12154.150689868,12153.912606788,12153.925529821,12154.148389194,12154.148389519,0.2381315069997072,0.012923032998514827,0.22285937300148362,0.002300349000506685
734,0,16,0.25151054188609123,0.00539807288623706,12154.290989236,12154.537101705,12154.291038855,12154.303611521,12154.534762679,12154.534763004,0.24611246899985417,0.012572665998959565,0.23115115800101194,0.002338701000553556
735,0,16,0.24448754219338298,0.006161026192785357,12154.677202272,12154.915528788,12154.677250374,12154.6900317,12154.913244473,12154.913245015,0.23832651600059762,0.012781326000549598,0.22321277300034126,0.002283773001181544
736,0,16,0.23897166596725583,0.0016075189669209067,12155.052454174,12155.289818321,12155.052503576,12155.065042116,12155.287457194,12155.287457519,0.23736414700033492,0.01253854000060528,0.2224150779984484,0.0023608020001120167
737,0,16,0.24791954108513892,0.011116153085822589,12155.42319205,12155.659995438,12155.423242103,12155.435912382,12155.657726616,12155.657726832,0.23680338799931633,0.012670279000303708,0.22181423400070344,0.002268606000143336
738,1,16,0.25466512492857873,-0.0008325880717166001,12155.807299639,12156.062797352,12155.807350558,12155.820074357,12156.060273935,12156.06027426,0.25549771300029533,0.012723799000013969,0.2401995780001016,0.002523092000046745
739,0,16,0.24468620889820158,0.007678279898755136,12156.200588037,12156.437595966,12156.20063733,12156.213357879,12156.435301252,12156.435301577,0.23700792899944645,0.012720549000732717,0.22194337300061306,0.002294388999871444
740,0,16,0.23819162510335445,0.001632757104744087,12156.572903861,12156.809462729,12156.572953263,12156.585756366,12156.807187298,12156.807187623,0.23655886799861037,0.01280310299989651,0.22143093200065778,0.0022751059987058397
741,0,16,0.29206554195843637,0.054423290959675796,12156.991737144,12157.229379395,12156.991786546,12157.004654977,12157.227125632,12157.227126065,0.23764225099876057,0.012868431000242708,0.22247065500050667,0.0022533299998030998
742,0,16,0.2764891248662025,0.004061267865836271,12157.373311456,12157.645739313,12157.373362159,12157.386068515,12157.643287399,12157.643287833,0.2724278570003662,0.012706355999398511,0.2572188840003946,0.0024514800006727455
743,0,16,0.2413838340435177,0.005189741043068352,12157.787599078,12158.023793171,12157.787650106,12157.800260366,12158.021478197,12158.02147863,0.23619409300044936,0.012610260000656126,0.22121783100010362,0.00231454099957773
744,0,16,0.2707479160744697,0.03242844207488815,12158.195256501,12158.433575975,12158.19530612,12158.207944657,12158.431134029,12158.431134354,0.23831947399958153,0.012638537000384531,0.2231893719999789,0.0024416209998889826
745,0,16,0.23795487498864532,0.001047048988766619,12158.566251789,12158.803159615,12158.566301625,12158.579101369,12158.800825356,12158.80082579,0.2369078259998787,0.01279974399949424,0.22172398700058693,0.0023338249993685167
746,1,16,0.2908016659785062,0.043510691979463445,12158.982785807,12159.230076781,12158.982834776,12158.995350132,12159.227694746,12159.227695179,0.24729097399904276,0.0125153560002218,0.23234461399988504,0.0023816019984224113
747,0,16,0.24696304206736386,0.0080521490672254,12159.370864755,12159.609775648,12159.370913616,12159.383609355,12159.607350277,12159.607350602,0.23891089300013846,0.012695739000264439,0.2237409219997062,0.002425045999189024
748,0,16,0.35205366602167487,0.10364496502188558,12159.759257992,12160.007666693,12159.759305986,12159.773279576,12160.005310225,12160.00531055,0.2484087009997893,0.013973590001114644,0.2320306490000803,0.002356143000724842
749,0,16,0.31785320793278515,0.08011301893202472,12160.325268612,12160.563008801,12160.325317689,12160.338563787,12160.560670101,12160.560670426,0.23774018900076044,0.013246098000308848,0.22210631400048442,0.002338374999453663
750,0,16,0.24196991580538452,0.002189173805163591,12160.698265777,12160.938046519,12160.698314962,12160.711240595,12160.935642815,12160.935643357,0.23978074200022093,0.012925633000122616,0.22440222000113863,0.002403162001428427
751,0,16,0.2391557910013944,0.0019150420012010727,12161.07632971,12161.313570459,12161.076378245,12161.089142346,12161.311108253,12161.311108578,0.23724074900019332,0.012764101000357186,0.2219659069996851,0.0024618810002721148
752,0,16,0.26063279202207923,0.021119321023434168,12161.466122137,12161.705635608,12161.466173381,12161.478902705,12161.703319117,12161.703319442,0.23951347099864506,0.012729323998428299,0.22441641200020968,0.002316165999218356
753,0,16,0.23828958300873637,0.000682109008266707,12161.837280583,12162.074888057,12161.837330202,12161.850163314,12162.072573083,12162.072573408,0.23760747400046967,0.012833111999498215,0.22240976899956877,0.002314649000254576
754,0,16,0.2563075830694288,0.009010651068820152,12162.213810336,12162.461107268,12162.213860172,12162.226705634,12162.458714074,12162.458714832,0.24729693200060865,0.012845462000768748,0.232008439999845,0.0023924359993543476
755,0,16,0.34216362494044006,0.09905223694113374,12162.676979034,12162.920090422,12162.677028112,12162.690016147,12162.917463217,12162.917463759,0.24311138799930632,0.012988034999580123,0.22744706999947084,0.002626662999318796
756,0,16,0.42027104110457003,0.18187789710282232,12163.08912134,12163.327514484,12163.089170309,12163.102062465,12163.32502086,12163.325021185,0.23839314400174771,0.012892155998997623,0.2229583950011147,0.002493298999979743
757,1,16,0.42124062520451844,0.17311468820480513,12163.66605355,12163.914179487,12163.666103277,12163.679060437,12163.911830387,12163.911830712,0.2481259369997133,0.012957159999132273,0.23276995000014722,0.00234877499860886
758,0,16,0.24638299993239343,0.008118885933072306,12164.23017074,12164.468434854,12164.230220143,12164.243304275,12164.466135047,12164.46613548,0.23826411399932113,0.013084132000585669,0.22283077199972467,0.0022993740003585117
759,3,16,0.339749249862507,0.05567837786293239,12164.665629736,12164.949700608,12164.665677514,12164.678727736,12164.947205142,12164.947205576,0.2840708719995746,0.013050221999947098,0.26847740599987446,0.002495032000297215
760,0,16,0.24745666608214378,0.0013005370819882955,12165.086115071,12165.3322712,12165.086164365,12165.099059446,12165.329712898,12165.329713332,0.2461561290001555,0.012895080999442143,0.23065345199938747,0.0025578680015314603
761,2,16,0.32114608283154666,0.06319786483254575,12165.463505031,12165.721453249,12165.463554867,12165.476481258,12165.718591491,12165.718591925,0.2579482179990009,0.012926391000291915,0.242110233000858,0.0028613239992409945
762,1,16,0.3293096669949591,0.08300598099413037,12166.010147677,12166.256451363,12166.010196754,12166.023416634,12166.254067486,12166.254067811,0.24630368600082875,0.013219880000178819,0.23065085199959867,0.0023835520005377475
763,0,16,0.2364934580400586,8.420603990089148e-05,12166.392025554,12166.628434806,12166.392077556,12166.405127128,12166.626144316,12166.626144641,0.23640925200015772,0.013049572000454646,0.22101718799967784,0.0022901649990672013
764,0,16,0.23868145793676376,0.0011268529360677348,12166.760625373,12166.998179978,12166.760675642,12166.773670828,12166.995869121,12166.995869446,0.23755460500069603,0.01299518600171723,0.22219829299865523,0.0023105319996830076
765,0,16,0.35132183297537267,0.11105053497522022,12167.20814037,12167.448411668,12167.20818923,12167.221890024,12167.446001031,12167.446001789,0.24027129800015246,0.01370079400112445,0.22411100699901,0.0024098789999698056
766,0,16,0.32820574985817075,0.07909263385772647,12167.712679371,12167.961792487,12167.712729098,12167.728547149,12167.959236677,12167.959237002,0.24911311600044428,0.01581805099885969,0.2306895279998571,0.0025554849999025464
767,0,16,0.2509316250216216,0.004976463020284427,12168.099908187,12168.345863349,12168.099959756,12168.113589805,12168.343293996,12168.343294321,0.24595516200133716,0.013630048999402788,0.2297041910005646,0.0025690280017443
768,1,16,0.2466863750014454,-0.0010743539987743134,12168.476619082,12168.724379811,12168.476669676,12168.490634166,12168.72190363,12168.721904171,0.24776072900021973,0.013964490000944352,0.2312694639986148,0.002475639999829582
769,0,16,0.23736741696484387,-0.0006866280364192789,12168.85794855,12169.096002595,12168.857996111,12168.871272868,12169.093674729,12169.093674946,0.23805404500126315,0.013276756999403005,0.22240186099952552,0.002327649001017562
770,0,16,0.24367674998939037,0.006196138989253086,12169.22902065,12169.466501261,12169.229071678,12169.242110741,12169.464203187,12169.464203512,0.2374806110001373,0.01303906299835944,0.22209244600162492,0.002297749000717886
771,4,16,0.3566043749451637,0.07999400694643555,12169.610665599,12169.887275967,12169.610715327,12169.62368917,12169.884765334,12169.884765659,0.2766103679987282,0.012973842998690088,0.2610761640007695,0.002510307998818462
772,2,16,0.26446091709658504,2.9081096727168187e-05,12170.108106596,12170.372538432,12170.108154915,12170.121400255,12170.37005055,12170.370050983,0.26443183599985787,0.01324534000013955,0.24865029499960656,0.0024874490009096917
773,0,16,0.3805748331360519,0.1429962851361779,12170.60616263,12170.843741178,12170.606211382,12170.619068004,12170.841300206,12170.84130064,0.237578547999874,0.012856621999162599,0.22223220200066862,0.002440537999063963
774,1,16,0.4188965419307351,0.1394669929304655,12171.120288167,12171.399717716,12171.120336053,12171.133620286,12171.397158872,12171.397159197,0.2794295490002696,0.013284233000376844,0.26353858599941304,0.0025585189996490953
775,0,16,0.416072792140767,0.17493792914137885,12171.725766019,12171.966900882,12171.725815421,12171.739915225,12171.964587424,12171.964588074,0.24113486299938813,0.014099804000579752,0.22467219899954216,0.002312807999260258
776,0,16,0.32767337490804493,0.08401260290884238,12172.259068096,12172.502728868,12172.259118582,12172.273097372,12172.500419311,12172.500419744,0.24366077199920255,0.013978790000692243,0.22732193899901176,0.0023091240000212565
777,0,16,0.24124850006774068,0.0027717180691979593,12172.642831818,12172.8813086,12172.642882196,12172.656516253,12172.8789868,12172.878987125,0.23847678199854272,0.013634057000672328,0.22247054699982982,0.0023214749999169726
778,0,16,0.24286387488245964,0.0053847818835492944,12173.025057028,12173.262536121,12173.025106647,12173.038468558,12173.260244548,12173.260244873,0.23747909299891035,0.013361911000174587,0.2217759900013334,0.002291247999892221
779,0,16,0.23852016613818705,2.9084138077450916e-05,12173.393185033,12173.631676115,12173.393234977,12173.406346735,12173.629212717,12173.629213042,0.2384910820001096,0.01311175800037745,0.22286598199934815,0.0024630729985801736
780,0,16,0.24166704178787768,0.0025059947874979116,12173.768589692,12174.007750739,12173.768638986,12173.781980205,12174.005422548,12174.005422981,0.23916104700037977,0.013341219000722049,0.2234423429999879,0.002327758000319591
781,0,16,0.2778708750847727,0.039543167084048036,12174.166331663,12174.404659371,12174.166380091,12174.179901043,12174.402365957,12174.40236639,0.23832770800072467,0.013520952001272235,0.22246491399891966,0.002292981000209693
782,0,16,0.31743670790456235,0.07969381090515526,12174.553714104,12174.791457001,12174.553762748,12174.566957493,12174.789147011,12174.789147336,0.2377428969994071,0.01319474499905482,0.22218951800095965,0.0023096650002116803
783,0,16,0.42055199993774295,0.1829124579380732,12175.139380011,12175.377019553,12175.139428546,12175.152654818,12175.374662544,12175.374662869,0.23763954199966975,0.013226272001702455,0.2220077259989921,0.0023566839990962762
784,0,16,0.42345295916311443,0.16215448516231845,12175.668658943,12175.929957417,12175.668707695,12175.682127351,12175.927410382,12175.927410707,0.261298474000796,0.013419655999314273,0.24528303100123594,0.002546710000387975
785,2,16,0.4171182077843696,0.1510468877841049,12176.243376717,12176.509448037,12176.243426119,12176.256871668,12176.506886485,12176.50688681,0.2660713200002647,0.01344554900060757,0.2500148170001921,0.002561227000114741
786,0,16,0.3209326670039445,0.0822599010043632,12176.79954588,12177.038218646,12176.799594632,12176.812916459,12177.035872903,12177.035873229,0.23867276599958132,0.013321826998435427,0.22295644400037418,0.0023454169986507623
787,0,16,0.25000662519596517,0.012211833194669452,12177.173971269,12177.411766061,12177.174021213,12177.187355607,12177.409416202,12177.409416527,0.23779479200129572,0.013334393999684835,0.22206059499876574,0.00234953400104132
788,1,16,0.2666190001182258,0.0015784111183165805,12177.559879766,12177.824920355,12177.55993036,12177.572903229,12177.822390221,12177.822390654,0.26504058899990923,0.012972869000805076,0.24948699199921975,0.0025297009997302666
789,4,16,0.3154857500921935,0.012776130093698157,12177.963308959,12178.266018579,12177.963359445,12177.976538698,12178.262855641,12178.262855966,0.3027096199984953,0.01317925299917988,0.2863169430002017,0.0031626129984942963
790,7,16,0.43473841692321,0.11329016092167876,12178.542902393,12178.864350649,12178.542971946,12178.559217716,12178.861293449,12178.861293774,0.32144825600153126,0.01624576999893179,0.3020757329995831,0.003056875000766013
791,0,16,0.3133281250484288,0.07481375004863366,12179.074719693,12179.313234068,12179.074769529,12179.088500332,12179.3105125,12179.310513042,0.2385143749997951,0.013730803000726155,0.2220121680002194,0.0027210259995626984
792,0,16,0.23951195809058845,0.0018952750906464644,12179.45451899,12179.692135673,12179.454568609,12179.467871151,12179.689742587,12179.68974302,0.23761668299994199,0.013302542000019457,0.22187143599876435,0.0023926529993332224
793,0,16,0.24371183291077614,0.004424788910910138,12179.83087941,12180.070166454,12179.830931088,12179.844459082,12180.067826454,12180.067826887,0.239287043999866,0.013527994000469334,0.22336737200021162,0.002339566999580711
794,0,16,0.345813374966383,0.08954483396701107,12180.210433212,12180.466701753,12180.210482831,12180.223827192,12180.464321884,12180.464322534,0.2562685409993719,0.013344360999326454,0.24049469199962914,0.0023792189986124868
795,0,16,0.42227020813152194,0.1825100501318957,12180.79615123,12181.035911388,12180.796200849,12180.809671099,12181.033497934,12181.033498259,0.23976015799962624,0.01347024999995483,0.22382683500109124,0.002413129001070047
796,0,16,0.322026708163321,0.08377017816383159,12181.3470818,12181.58533833,12181.347131636,12181.360693973,12181.582937985,12181.58293831,0.23825652999948943,0.013562337000621483,0.22224401200037391,0.0024000199991860427
797,0,16,0.24403504212386906,0.005836907124830759,12181.722664568,12181.960862703,12181.722714079,12181.736093866,12181.958456725,12181.958457158,0.2381981349990383,0.013379787000303622,0.2223628589999862,0.0024055449994193623
798,4,16,0.35821416694670916,0.04164612094609765,12182.099616516,12182.416184562,12182.099664835,12182.113192396,12182.413426484,12182.413426809,0.3165680460006115,0.013527561000955757,0.3002340879993426,0.002757752999968943
799,0,16,0.23874541581608355,0.0002964778159366688,12182.598459953,12182.836908891,12182.598508489,12182.611954471,12182.83447442,12182.834474745,0.23844893800014688,0.013445982000121148,0.22251994900034333,0.0024341460011783056
800,0,16,0.4099376671947539,0.15926177019537135,12183.067073954,12183.317749851,12183.067150332,12183.080603248,12183.315371716,12183.315372149,0.25067589699938253,0.013452915998641402,0.234768468000766,0.002377701999648707
801,0,16,0.41932320897467434,0.1711639029745129,12183.61903493,12183.867194236,12183.619083899,12183.63285013,12183.864801475,12183.864801908,0.24815930600016145,0.013766230998953688,0.23195134500019776,0.002392328000496491
802,0,16,0.42233470804058015,0.1658933680409973,12184.192636494,12184.449077834,12184.19268633,12184.206474986,12184.446535891,12184.446536216,0.25644133999958285,0.013788656000542687,0.24006090500006394,0.002541617999668233
803,1,16,0.41631612507626414,0.15831373707624152,12184.756687706,12185.014690094,12184.756737109,12184.771801883,12185.012037104,12185.012037429,0.2580023880000226,0.015064773999256431,0.24023522099923866,0.0026526649999141227
804,1,16,0.42378504178486764,0.15699240478534193,12185.337568633,12185.60436127,12185.337617818,12185.35147527,12185.601877938,12185.601878263,0.2667926369995257,0.013857451998774195,0.25040266799987876,0.0024830069996824022
805,0,16,0.3226595420856029,0.08327846108477388,12185.891362153,12186.130743234,12185.891412855,12185.905438014,12186.128290237,12186.128290562,0.239381081000829,0.014025159000084386,0.22285222299979068,0.0024526720007997938
806,0,16,0.25781104201450944,0.010480417015060084,12186.281424776,12186.528755401,12186.281474178,12186.294871408,12186.526313455,12186.526313888,0.24733062499944936,0.013397229999100091,0.23144204700111004,0.0024415129992121365
807,3,16,0.337121041957289,0.07113227495574392,12186.671713392,12186.937702159,12186.671762686,12186.685553293,12186.935120781,12186.935121431,0.26598876700154506,0.013790606999464217,0.24956748799922934,0.0025807279998844024
808,9,16,0.3274877918884158,-0.002452892113069538,12187.151230999,12187.481171683,12187.151280835,12187.165105026,12187.478320759,12187.4783213,0.32994068400148535,0.013824191000821884,0.3132157330001064,0.0028503830017143628
809,0,16,0.3216698330361396,0.07216030603558465,12187.665211038,12187.914720565,12187.665259791,12187.679522319,12187.912246875,12187.912247525,0.24950952700055495,0.01426252800047223,0.23272455599908426,0.0024730400000407826
810,0,16,0.3200434579048306,0.08047451790480409,12188.161685224,12188.401254164,12188.161771244,12188.176257058,12188.398871478,12188.398871912,0.2395689400000265,0.014485813999272068,0.22261442000126408,0.002382251999733853
811,1,16,0.2491127080284059,0.0023689510289841564,12188.539331837,12188.786075594,12188.539383081,12188.552921693,12188.783555319,12188.783555752,0.24674375699942175,0.013538612000047578,0.2306336259989621,0.002519842000765493
812,0,16,0.23810754111036658,-0.000637161889244453,12188.922479114,12189.161223817,12188.922529167,12188.936202334,12189.158876016,12189.158876449,0.23874470299961104,0.013673166999069508,0.22267368199936755,0.002347367999391281
813,0,16,0.3469139579683542,0.10650886196890497,12189.329072438,12189.569477534,12189.329244046,12189.343627913,12189.566861921,12189.566862354,0.24040509599944926,0.01438386699919647,0.22323400799905357,0.0026151799993385794
814,0,16,0.3300627910066396,0.09241360600753978,12189.875591145,12190.11324033,12189.87564098,12189.889800696,12190.110868369,12190.110868803,0.23764918499909982,0.01415971599999466,0.22106767299919738,0.002371526999922935
815,0,16,0.24655879219062626,0.008194790190827916,12190.255025016,12190.493389018,12190.255075285,12190.268760587,12190.490954113,12190.490954438,0.23836400199979835,0.013685301999430521,0.2221935260004102,0.002434579999317066
816,1,16,0.3459768749307841,0.08810861093115818,12190.651820327,12190.909688591,12190.651870596,12190.665839636,12190.907009384,12190.907009709,0.2578682639996259,0.013969039999210509,0.24116974800017488,0.00267888199959998
817,0,16,0.24191845790483057,0.0031021439062897116,12191.125463611,12191.364279925,12191.125511822,12191.139342188,12191.361898323,12191.361898756,0.23881631399854086,0.013830366000547656,0.22255613500055915,0.0023811689989088336
818,2,16,0.4078499579336494,0.08819101893459447,12191.502110912,12191.821769851,12191.502175698,12191.51605915,12191.81868015,12191.818680475,0.31965893899905495,0.013883452000300167,0.3026209999989078,0.003089375999479671
819,0,16,0.2626757079269737,0.021959572926789406,12192.055194815,12192.29591095,12192.055244651,12192.069293969,12192.293031858,12192.293032508,0.2407161350001843,0.01404931800061604,0.2237378890004038,0.002878442001019721
820,0,16,0.28455991693772376,0.046172838938218774,12192.499850004,12192.738237082,12192.49989919,12192.513521764,12192.735595576,12192.735595901,0.23838707799950498,0.013622574000692111,0.2220738119995076,0.002641180999489734
821,1,16,0.25493295886553824,0.007259983865878894,12192.870763064,12193.118436039,12192.87081355,12192.88447155,12193.115710571,12193.115710896,0.24767297499965935,0.01365799999985029,0.23123902100087435,0.002725143000134267
822,0,16,0.2930415410082787,0.05408698700921377,12193.317924986,12193.55687954,12193.317976447,12193.331860333,12193.554457852,12193.554458177,0.23895455399906496,0.013883886000257917,0.22259751899946423,0.0024213630003941944
823,0,16,0.2766859580297023,0.03847688102905522,12193.697110221,12193.935319298,12193.69715984,12193.710869409,12193.932804332,12193.932804657,0.23820907700064708,0.013709569000639021,0.22193492299993522,0.002514640998924733
824,0,16,0.2451117909513414,0.004974073952325853,12194.111426878,12194.351564595,12194.11147758,12194.125616603,12194.349080938,12194.349081263,0.24013771699901554,0.01413902300009795,0.22346433500024432,0.0024833319985191338
825,1,16,0.2458942080847919,-0.0010183399153902428,12194.478012795,12194.724925343,12194.478089173,12194.491821061,12194.72228167,12194.722281995,0.24691254800018214,0.01373188799880154,0.2304606090001471,0.0026433479997649556
826,0,16,0.24050683295354247,0.00040757695387583226,12194.86175615,12195.101855406,12194.86180631,12194.875486953,12195.099377925,12195.099378358,0.24009925599966664,0.013680643000043347,0.22389097199993557,0.002477047999491333
827,0,16,0.2746866252273321,0.004021108226879733,12195.241944706,12195.512610223,12195.241994542,12195.255874744,12195.510029061,12195.510029386,0.2706655170004524,0.013880201999199926,0.25415431700093905,0.0025808370010054205
828,0,16,0.24491825001314282,0.006733007014190662,12195.655069966,12195.893255209,12195.655119585,12195.668894374,12195.890888991,12195.890889207,0.23818524299895216,0.013774788998489385,0.22199461700074608,0.0023660019996896153
829,0,16,0.24485604092478752,0.006068761924325372,12196.026635331,12196.26542261,12196.0266869,12196.0405281,12196.263035699,12196.263035916,0.23878727900046215,0.013841199999660603,0.2225075989990728,0.0023866940009611426
830,0,16,0.24368475005030632,0.005860490049599321,12196.402620792,12196.640445052,12196.40267117,12196.416662635,12196.638090426,12196.638090751,0.237824260000707,0.013991464998980518,0.22142779100067855,0.002354301001105341
831,0,16,0.24817937496118248,0.008592774960561655,12196.786287985,12197.025874585,12196.786339229,12196.800100909,12197.023362435,12197.02336276,0.23958660000062082,0.01376168000024336,0.2232615259999875,0.0025118250014202204
832,0,16,0.2505940420087427,0.011019360008504009,12197.176174017,12197.415748699,12197.176226127,12197.190057686,12197.413349871,12197.413350304,0.23957468200023868,0.013831559001118876,0.22329218499908166,0.002398395001364406
833,1,16,0.2534951660782099,0.003068989077291917,12197.547056525,12197.797482702,12197.547106469,12197.561047882,12197.794844013,12197.794844338,0.25042617700091796,0.013941413000793546,0.23379613100041752,0.0026383640015410492
834,0,16,0.24306145799346268,0.004217084993797471,12197.937471031,12198.176315404,12197.937522816,12197.951634538,12198.173885158,12198.173885591,0.2388443729996652,0.014111721999142901,0.22225061999961326,0.002429812999253045
835,1,16,0.2495376248843968,-0.0003864041154884035,12198.310637203,12198.560561232,12198.310690614,12198.324795077,12198.558131528,12198.558131961,0.2499240289998852,0.014104462999966927,0.23333645099955902,0.0024292710004374385
836,0,16,0.24143279111012816,0.0036576091097231256,12198.698815822,12198.936591004,12198.698866308,12198.712942061,12198.934285239,12198.934285456,0.23777518200040504,0.014075753000724944,0.2213431780000974,0.002305547999640112
837,5,16,0.29421374993398786,0.008667850934216403,12199.087056302,12199.372602201,12199.087106138,12199.101545149,12199.369995688,12199.369996013,0.28554589899977145,0.014439010999922175,0.26845053899887716,0.002606187999845133
838,0,16,0.25112279201857746,0.011552443018445047,12199.510009801,12199.74958015,12199.51005877,12199.524651622,12199.747133545,12199.747134086,0.2395703490001324,0.014592851999623235,0.22248192300139635,0.002446064001560444
839,0,16,0.24273275001905859,-0.0014577969814126845,12199.88299754,12200.127188087,12199.883048459,12199.897436443,12200.124655028,12200.124655461,0.24419054700047127,0.01438798399976804,0.2272185849997186,0.002532626000174787
840,0,16,0.24860616587102413,0.00022693387109029572,12200.266936771,12200.515316003,12200.266986281,12200.281584659,12200.512475913,12200.512476347,0.24837923199993384,0.014598378000300727,0.2308912539992889,0.0028396560010151006
841,0,16,0.25141945807263255,0.0024761080730968388,12200.651049126,12200.899992476,12200.651100695,12200.665920191,12200.897484443,12200.897484768,0.2489433499995357,0.01481949600020016,0.23156425199886144,0.0025077079990296625
842,1,16,0.2525673748459667,-0.00019609415357990656,12201.032692125,12201.285455594,12201.032742827,12201.047052808,12201.282983638,12201.28298418,0.2527634689995466,0.014309981001133565,0.23593083000014303,0.0024714139999559848
843,2,16,0.2643189171794802,-0.0014456968219747068,12201.4186705,12201.684435114,12201.418721528,12201.432744087,12201.68190303,12201.681903464,0.2657646140014549,0.014022559000295587,0.24915894299920183,0.002531650001401431
844,0,16,0.24537562485784292,0.005188504857869702,12201.815598308,12202.055785428,12201.815674362,12201.829600933,12202.053394725,12202.05339505,0.24018711999997322,0.013926571000411059,0.223793791999924,0.002390378000200144
845,0,16,0.25471354206092656,0.015022721061541233,12202.203920909,12202.44361173,12202.20397172,12202.217998612,12202.441060903,12202.441061337,0.23969082099938532,0.014026892000401858,0.22306229099922348,0.0025503929991828045
846,0,16,0.24040812510065734,-0.0004627168982551666,12202.590044566,12202.830915408,12202.59009451,12202.604492786,12202.828147147,12202.828147472,0.2408708419989125,0.01439827600006538,0.22365436099971703,0.0027679359991452657
847,0,16,0.24299820908345282,0.0028731680831697304,12202.964994746,12203.205119787,12202.96504664,12202.979147961,12203.202389877,12203.202390202,0.2401250410002831,0.014101320999543532,0.2232419160009158,0.0027295850013615564
848,0,16,0.24668812495656312,0.005330734957169625,12203.346944993,12203.588302383,12203.346994612,12203.361213588,12203.585647443,12203.585647768,0.2413573899993935,0.014218975999028771,0.22443385500082513,0.00265461499839148
849,0,16,0.26069541717879474,0.011973727179793059,12203.722189095,12203.970910785,12203.722240014,12203.736367119,12203.968418461,12203.968418786,0.24872168999900168,0.014127104999715812,0.232051341999977,0.0024919989991758484
850,0,16,0.2405660841614008,0.001846191160439048,12204.119168255,12204.357888148,12204.119242467,12204.133159504,12204.355530272,12204.355530597,0.23871989300096175,0.013917036998464027,0.22237076800047362,0.002357551000386593
851,0,16,0.2942918341141194,0.05458064611411828,12204.546546835,12204.786258023,12204.546598404,12204.560960603,12204.783775883,12204.783776317,0.23971118800000113,0.014362198999151587,0.22281527999984974,0.0024817060002533253
852,0,16,0.2517902918625623,0.0018743878626992228,12204.91946242,12205.169378324,12204.919512906,12204.934000562,12205.166849815,12205.16685014,0.24991590399986308,0.014487655998891569,0.2328492529995856,0.002528184000766487
853,0,16,0.25365116680040956,0.006215560801138054,12205.303617244,12205.55105285,12205.303667622,12205.318041522,12205.548460746,12205.54846118,0.2474356059992715,0.014373899999554851,0.23041922400079784,0.0025916699996741954
854,0,16,0.2864266249816865,0.03453517098205339,12205.724111029,12205.976002483,12205.724159565,12205.738586659,12205.973569204,12205.973569637,0.2518914539996331,0.014427093999984208,0.23498254500009352,0.002432845998555422
855,0,16,0.2437500418163836,0.004056512816532631,12206.117418603,12206.357112132,12206.117469847,12206.132147095,12206.354729013,12206.35472923,0.23969352899985097,0.014677248000225518,0.22258191800028726,0.0023829019992263056
856,0,16,0.2446307500358671,0.004544494035144453,12206.494091796,12206.734178052,12206.494141307,12206.508519107,12206.731823643,12206.731823968,0.24008625600072264,0.014377800000147545,0.22330453600079636,0.002354083999307477
857,0,16,0.2615056252107024,0.019402867210374097,12206.871445355,12207.113548113,12206.871494432,12206.886409482,12207.110990786,12207.110991111,0.24210275800032832,0.01491505000012694,0.22458130399900256,0.0025570020006853156
858,0,16,0.24089237488806248,0.0016641578877170105,12207.266215604,12207.505443821,12207.266265007,12207.280514209,12207.503040442,12207.503040767,0.23922821700034547,0.01424920200042834,0.22252623299937113,0.002403054000751581
859,1,16,0.2550060828216374,0.005588426822214387,12207.641452231,12207.890869887,12207.641500767,12207.65568995,12207.888247774,12207.888248099,0.249417655999423,0.014189182998961769,0.23255782400156022,0.0026217880003969185
860,0,16,0.24451191700063646,0.004783069000040996,12208.023451555,12208.263180403,12208.023501066,12208.038119486,12208.260728489,12208.260728814,0.23972884800059546,0.014618420000260812,0.22260900299988862,0.002451588999974774
861,3,16,0.2827675419393927,0.013685389940292225,12208.4057305,12208.674812652,12208.405781311,12208.420392472,12208.672225098,12208.672225532,0.26908215199910046,0.014611161001084838,0.2518326259996684,0.0025871199995890493
862,2,16,0.26927754119969904,0.0013803952006128384,12208.823587438,12209.091484584,12208.823636407,12208.838565758,12209.08884687,12209.088847304,0.2678971459990862,0.014929351000319002,0.25028111199935665,0.0026372800002718577
863,0,16,0.2495380830951035,0.008967338095317245,12209.232790632,12209.473361377,12209.232840576,12209.247544692,12209.470935357,12209.47093579,0.24057074499978626,0.014704115999848,0.22339066499989713,0.002425587001198437
864,0,16,0.2748192090075463,0.003359789006935898,12209.610904076,12209.882363496,12209.610953045,12209.625138653,12209.879692197,12209.879692522,0.2714594200006104,0.014185608000843786,0.2545535440003732,0.0026709740013757255
865,0,16,0.2431204579770565,-0.0033497440217615804,12210.016515854,12210.262986056,12210.016565256,12210.031284322,12210.260478673,12210.260478998,0.24647020199881808,0.014719065999088343,0.2291943510008423,0.00250705799953721
866,0,16,0.249743958003819,6.813200343458448e-05,12210.396096415,12210.645772241,12210.396146142,12210.410697176,12210.643155328,12210.643155653,0.2496758260003844,0.01455103399894142,0.2324581520006177,0.0026165879990003305
867,0,16,0.24674404202960432,0.0038582140296057332,12210.775851185,12211.018737013,12210.775899829,12210.790628537,12211.016171235,12211.01617156,0.24288582799999858,0.01472870800171222,0.22554269799911708,0.002565452999988338
868,0,16,0.2581230408977717,0.018157256896301988,12211.173606915,12211.413572699,12211.173657292,12211.188024042,12211.411102692,12211.411103126,0.23996578400146973,0.014366749999680906,0.22307865000038873,0.002469573000780656
869,0,16,0.24445966677740216,0.005541948776226491,12211.552152412,12211.79107013,12211.552201706,12211.566961399,12211.788674769,12211.788675094,0.23891771800117567,0.014759693000087282,0.22171337000145286,0.0023950360009621363
870,0,16,0.23949875007383525,7.476607424905524e-05,12211.925137876,12212.16456186,12211.925188903,12211.939723903,12212.162178741,12212.162179174,0.2394239839995862,0.014535000000250875,0.222454837999976,0.0023826859996916028
871,0,16,0.2526705421041697,0.0044160071047372185,12212.300520434,12212.548774969,12212.300569295,12212.315134737,12212.546285787,12212.546286112,0.2482545349994325,0.014565442001185147,0.2311510500003351,0.0024888570005714428
872,0,16,0.243828667094931,0.005460441096147406,12212.682238404,12212.92060663,12212.682288889,12212.696720317,12212.918205202,12212.918205419,0.2383682259987836,0.014431428000534652,0.22148488499988161,0.002401210998868919
873,0,16,0.2681180411018431,-0.0007038808980723843,12213.059608213,12213.328430135,12213.059657398,12213.074695738,12213.325744536,12213.325744969,0.2688219219999155,0.015038339999591699,0.2510487979998288,0.002685165998627781
874,0,16,0.24970204196870327,0.010857343968382338,12213.47386615,12213.712710848,12213.473917069,12213.488433109,12213.710279736,12213.710280061,0.23884469800032093,0.014516039998852648,0.22184662700055924,0.0024307870007760357
875,0,16,0.27263962500728667,0.0008874740069586551,12213.849100393,12214.120852544,12213.849151421,12213.863549914,12214.11818287,12214.118183303,0.271752151000328,0.014398493000044255,0.2546329559991136,0.002669240999239264
876,3,16,0.35795595892705023,0.08206062492718047,12214.25904278,12214.534938114,12214.259091966,12214.273776147,12214.532304192,12214.532304517,0.27589533399986976,0.014684181000120589,0.2585280450002756,0.002633596999658039
877,0,16,0.2611151251476258,0.015571215148156625,12214.760056884,12215.005600794,12214.760107153,12214.77644122,12215.003103486,12215.003103811,0.24554390999946918,0.01633406699875195,0.22666226600085793,0.0024969830010377336
878,0,16,0.24395433301106095,0.005992159010929754,12215.157056846,12215.39501902,12215.157106898,12215.171703976,12215.392515646,12215.392515971,0.2379621740001312,0.014597078001315822,0.2208116700003302,0.0025030489996424876
879,0,16,0.24585850001312792,0.004216938013996696,12215.53651791,12215.778159472,12215.536566879,12215.551792969,12215.775310823,12215.775311148,0.24164156199913123,0.015226089999487158,0.2235178540013294,0.002848324000296998
880,0,16,0.25106099992990494,0.01205010992998723,12215.922913063,12216.161923953,12215.922962899,12215.937767011,12216.159494465,12216.15949479,0.2390108899999177,0.014804112001002068,0.22172745399984706,0.0024291629997605924
881,0,16,0.24030062486417592,-0.003512688135742792,12216.291285588,12216.535098901,12216.291335424,12216.30623639,12216.53250268,12216.532503113,0.2438133129999187,0.014900965999913751,0.22626628999933018,0.002595788000689936
882,2,16,0.3527870418038219,0.07578611480312247,12216.675300547,12216.952301474,12216.675349625,12216.689922867,12216.949625084,12216.949625409,0.27700092700069945,0.014573242000551545,0.2597022169993579,0.002676064999832306
883,0,16,0.24074345803819597,0.002600359037387534,12217.165520251,12217.40366335,12217.165569653,12217.180376582,12217.401298107,12217.40129854,0.23814309900080843,0.014806929000769742,0.22092152499863005,0.002364809999562567
884,2,16,0.25774933281354606,-0.0001228311848535668,12217.538529441,12217.796401605,12217.538578843,12217.553145802,12217.793798018,12217.793798343,0.25787216399839963,0.014566959000148927,0.24065221599994402,0.002603261998956441
885,0,16,0.24343741685152054,0.002555306851718342,12217.926799172,12218.167681282,12217.926849333,12217.941688655,12218.165213551,12218.165213984,0.2408821099998022,0.014839322000625543,0.2235248959987075,0.0024672979998285882
886,0,16,0.24601633311249316,0.006966225113501423,12218.304189024,12218.543239132,12218.30423821,12218.318976885,12218.540624169,12218.540624602,0.23905010799899173,0.01473867500135384,0.22164728399911837,0.002614529999846127
887,2,16,0.2871840000152588,0.0005954530151939252,12218.688083077,12218.974671624,12218.688132046,12218.703091624,12218.972073779,12218.972074212,0.28658854700006486,0.014959578000343754,0.2689821549993212,0.00259741199988639
888,0,16,0.280520083848387,0.02131102384919359,12219.111559634,12219.370768694,12219.111611203,12219.126678035,12219.367891552,12219.367891769,0.2592090599991934,0.015066832000229624,0.24121351699977822,0.0028769250002369517
889,0,16,0.23904999997466803,0.00013661497541761491,12219.525305239,12219.764218624,12219.5253541,12219.540125602,12219.761803545,12219.761803871,0.2389133849992504,0.014771501999348402,0.22167794300003152,0.0024147529984475113
890,0,16,0.24223391595296562,0.0036698139520012774,12219.902748935,12220.141313037,12219.902798771,12219.917463668,12220.138916484,12220.138916918,0.23856410200096434,0.014664897000329802,0.22145281600023736,0.0023961189999681665
891,0,16,0.24678195803426206,0.005861930034370744,12220.282630894,12220.523550922,12220.282679755,12220.297445298,12220.521018621,12220.521019055,0.24092002799989132,0.014765542999157333,0.22357332300089183,0.0025318669995613163
892,0,16,0.24174120905809104,0.0004819730584131321,12220.655364146,12220.896623382,12220.655415065,12220.670405628,12220.894081656,12220.894082089,0.2412592359996779,0.014990562998718815,0.22367602800113673,0.002541292999012512
893,0,16,0.24204766703769565,0.0023921640367916552,12221.031017226,12221.270672729,12221.031066086,12221.045835097,12221.267902842,12221.267903275,0.239655503000904,0.01476901100068062,0.22206774500045867,0.002769454000372207
894,0,16,0.2507628749590367,0.010679110959245008,12221.414504577,12221.654588341,12221.414553438,12221.429528724,12221.65212386,12221.652124294,0.2400837639997917,0.014975285999753396,0.2225951359996543,0.0024640470001031645
895,0,16,0.23717870796099305,-0.0017402020384906791,12221.785672557,12222.024591467,12221.785723476,12221.800241899,12222.022072167,12222.0220726,0.23891890999948373,0.014518423000481562,0.22183026799939398,0.0025188669987983303
896,0,16,0.24060004204511642,0.000926880045881262,12222.158440802,12222.398113964,12222.158489988,12222.173435373,12222.395535945,12222.39553627,0.23967316199923516,0.014945385000828537,0.22210057199845323,0.0025776940001378534
897,5,16,0.32346754195168614,-0.00491946104739327,12222.532962829,12222.861349832,12222.533013748,12222.547901714,12222.858240413,12222.858240738,0.3283870029990794,0.014887966000969755,0.31033869899874844,0.0031090939992282074
898,0,16,0.24308833410032094,0.0022885610997036565,12223.000011557,12223.24081133,12223.000061068,12223.014945784,12223.238293547,12223.238293763,0.24079977300061728,0.014884715999869513,0.2233477629997651,0.0025175670016324148
899,0,16,0.23965058312751353,0.0006847631266282406,12223.37098052,12223.60994634,12223.371030139,12223.385926663,12223.607432024,12223.607432457,0.2389658200008853,0.014896524000505451,0.22150536099979945,0.002513883000574424
900,0,16,0.30521762487478554,0.06459552787600842,12223.822135144,12224.062757241,12223.822183354,12223.837577585,12224.060230574,12224.060230899,0.24062209699877712,0.015394231000755099,0.22265298899947084,0.0025263419993279967
901,1,16,0.26440383307635784,0.005706997077140841,12224.20163521,12224.460332046,12224.201686021,12224.216441705,12224.457846114,12224.457846439,0.258696835999217,0.01475568400019256,0.24140440900009708,0.0024856069994712016
902,0,16,0.24320545815862715,0.0028813991593779065,12224.598547309,12224.838871368,12224.598597145,12224.613500711,12224.836487057,12224.836487382,0.24032405899924925,0.01490356599970255,0.2229863459997432,0.002383986000495497
903,0,16,0.2494178330525756,0.009893311053019715,12224.982484048,12225.22200857,12224.982533992,12224.997401698,12225.219559689,12225.219560014,0.23952452199955587,0.014867705998767633,0.222157991000131,0.002448555998853408
904,0,16,0.2405303749255836,0.0013916459265601588,12225.355527256,12225.594665985,12225.355576659,12225.370410347,12225.592251556,12225.592251881,0.23913872899902344,0.014833688001090195,0.2218412089987396,0.002414103999399231
905,0,16,0.2419156248215586,0.0014499678218271583,12225.730880238,12225.971345895,12225.730928341,12225.745775788,12225.968937642,12225.9689384,0.24046565699973144,0.014847447000647662,0.22316185399904498,0.002407494999715709
906,5,16,0.31357516604475677,0.02209156704338966,12226.132295205,12226.423778804,12226.132344174,12226.147252182,12226.420798091,12226.420798307,0.2914835990013671,0.01490800799911085,0.27354590899994946,0.0029804970017721644
907,0,16,0.24874587496742606,0.008577931967010954,12226.559342702,12226.799510645,12226.559393296,12226.574371833,12226.796807387,12226.79680782,0.2401679430004151,0.01497853699947882,0.22243555400018522,0.002702825000596931
908,0,16,0.24334262497723103,-0.0005047050235589268,12226.941223179,12227.185070509,12226.941307033,12226.956905265,12227.182288164,12227.182288597,0.24384733000078995,0.015598232001138967,0.22538289899966912,0.002781912000500597
909,0,16,0.24104825011454523,0.0007534421147283865,12227.31857652,12227.558871328,12227.318625814,12227.333556249,12227.556459391,12227.556459824,0.24029480799981684,0.014930434999769204,0.22290314200108696,0.0024115039996104315
910,0,16,0.2514289999380708,0.0022526139364345,12227.696148381,12227.945324767,12227.6961967,12227.71158508,12227.942848369,12227.942848802,0.24917638600163627,0.015388379999421886,0.23126328900070803,0.002475965000485303
911,0,16,0.24312812485732138,0.002995174856550875,12228.081825575,12228.321958525,12228.081878661,12228.096964344,12228.319176179,12228.319176504,0.2401329500007705,0.015085683000506833,0.22221183500005282,0.002782021001621615
912,0,16,0.24142533307895064,0.0009231660787918372,12228.457157215,12228.697659382,12228.457206184,12228.472216247,12228.694701528,12228.694701961,0.2405021670001588,0.015010062999863294,0.22248528099953546,0.0029574210002465406
913,5,16,0.2869536660145968,0.0038943490144447424,12228.832351156,12229.115410473,12228.832400125,12228.84745049,12229.112634736,12229.112635061,0.2830593170001521,0.015050365000206511,0.2651842459999898,0.002775412000119104
914,0,16,0.24221012508496642,0.003125674084003549,12229.255245936,12229.494330387,12229.255296205,12229.27034657,12229.491716832,12229.491717157,0.23908445100096287,0.015050365000206511,0.22137026200107357,0.002613230000861222
915,1,16,0.2612108748871833,0.008684449887368828,12229.63948743,12229.892013855,12229.639554275,12229.654882203,12229.889517306,12229.889517631,0.2525264249998145,0.015327928000260727,0.2346351029991638,0.002496224000424263
916,3,16,0.2758739579003304,0.0004691799003921915,12230.029754813,12230.305159591,12230.029804215,12230.044982203,12230.302510393,12230.302510826,0.27540477799993823,0.015177987999777542,0.2575281899989932,0.002648764999321429
917,0,16,0.24003195902332664,8.372602314921096e-05,12230.448241846,12230.688190079,12230.448290924,12230.46344811,12230.685777492,12230.685777926,0.23994823300017742,0.015157186000578804,0.2223293820006802,0.002412152998658712
918,0,16,0.24258083291351795,0.000326833913277369,12230.823619746,12231.065873745,12230.823668824,12230.839035537,12231.063373404,12231.063373729,0.24225399900024058,0.015366712999821175,0.2243378670009406,0.0025000159985211212
919,0,16,0.25307137495838106,0.013602105958852917,12231.205450062,12231.444919331,12231.205525683,12231.220804641,12231.442455067,12231.442455392,0.23946926899952814,0.015278957998816622,0.22165042599954177,0.0024639389994263183
920,0,16,0.2427315830718726,0.00146173107168579,12231.584802247,12231.826072099,12231.584852624,12231.600127899,12231.823508597,12231.823508922,0.2412698520001868,0.015275275000021793,0.22338069799843652,0.0025631770004110876
921,0,16,0.2647693750914186,0.024679652091435855,12231.977429889,12232.217519612,12231.977479183,12231.992580575,12232.214966943,12232.214967377,0.24008972299998277,0.015101392000360647,0.2223863679992064,0.0025522350006212946
922,3,16,0.276420583948493,0.001392606947774766,12232.36658767,12232.641615647,12232.366637722,12232.382188285,12232.638961032,12232.638961357,0.27502797700071824,0.01555056300094293,0.2567727469995589,0.0026542899995547486
923,3,16,0.36430124985054135,0.07536609485032386,12232.777932064,12233.066867219,12232.777981466,12232.79427393,12233.063877081,12233.063877839,0.2889351550002175,0.016292463998979656,0.26960315100041043,0.0029893800001445925
924,0,16,0.27343504084274173,-0.003026903157660854,12233.284038937,12233.560500881,12233.284099824,12233.299886348,12233.55787866,12233.557878876,0.2764619440004026,0.015786523999850033,0.25799231199926,0.0026220050003757933
925,0,16,0.23873945814557374,-0.0001484678559791064,12233.688783683,12233.927671609,12233.688833627,12233.704117786,12233.925242121,12233.925242446,0.23888792600155284,0.015284158998838393,0.22112433500115003,0.0024291630015795818
926,0,16,0.2433776669204235,0.002941044920589775,12234.064348467,12234.304785089,12234.064398519,12234.079869562,12234.302221262,12234.302221695,0.24043662199983373,0.015471042999706697,0.22235170000021753,0.0025633940003899625
927,0,16,0.24895333405584097,0.0049157610555994324,12234.443776813,12234.687814386,12234.443827299,12234.459160427,12234.685220332,12234.685220766,0.24403757300024154,0.015333128001657315,0.22605990499869222,0.0025936199999705423
928,0,16,0.2512505000922829,0.010655053092705202,12234.831798341,12235.072393788,12234.83184861,12234.847098643,12235.069925623,12235.069925948,0.2405954469995777,0.015250033000484109,0.22282697999980883,0.0024678399986441946
929,0,16,0.2395845828577876,-0.000385968141927151,12235.211328092,12235.451298643,12235.211379553,12235.226555157,12235.448758759,12235.448759084,0.23997055099971476,0.015175603999523446,0.22220360199935385,0.0025395590000698576
930,0,16,0.24339733296073973,0.0030241969598137075,12235.584567068,12235.824940204,12235.584618637,12235.600181009,12235.822408445,12235.822408878,0.24037313600092602,0.01556237200020405,0.22222743599922978,0.0025313259993708925
931,0,16,0.2424240419641137,0.0017015149642247707,12235.957537148,12236.198259675,12235.957586334,12235.972849042,12236.19581112,12236.195811553,0.24072252699988894,0.015262708000591374,0.22296207799990952,0.0024481220007146476
932,2,16,0.2835742081515491,-0.0015068108496052446,12236.332769333,12236.617850352,12236.332818194,12236.348210908,12236.615168544,12236.615169086,0.28508101900115435,0.01539271399997233,0.26695763600037026,0.0026812659998540767
933,4,16,0.26897370908409357,-0.005591446915786946,12236.747136259,12237.021701415,12236.747186853,12236.762601668,12237.018914844,12237.018915277,0.2745651559998805,0.01541481500134978,0.2563131759998214,0.0027861380003741942
934,0,16,0.24646491697058082,0.0015142679712880636,12237.156719504,12237.401670153,12237.15676869,12237.172425966,12237.399054973,12237.399055623,0.24495064899929275,0.015657276000638376,0.22662900700015598,0.002614529999846127
935,0,16,0.2559360000304878,-0.002953570970930741,12237.534362542,12237.793252113,12237.53441162,12237.550183952,12237.790701936,12237.790702478,0.2588895710014185,0.015772332000778988,0.24051798399887048,0.0025496350008324953
936,0,16,0.2589802499860525,2.881898581108544e-05,12237.922609415,12238.181560846,12237.922658709,12237.937957493,12238.178999077,12238.178999402,0.2589514310002414,0.015298784001060994,0.24104158399859443,0.0025614440000936156
937,0,16,0.2475933339446783,0.0024489759452990256,12238.319476553,12238.564620911,12238.319525089,12238.335231551,12238.562118836,12238.562119161,0.24514435799937928,0.015706461999798194,0.22688728499997524,0.002501749999282765
938,0,16,0.24986149999313056,0.0040028669936873484,12238.702070546,12238.947929179,12238.702118757,12238.717787626,12238.945388211,12238.945388536,0.24585863299944322,0.015668868998545804,0.227600584999891,0.0025406429995200597
939,0,16,0.2556949998252094,0.008063626824878156,12239.085198756,12239.332830129,12239.08528001,12239.101053858,12239.330275619,12239.330275944,0.24763137300033122,0.015773847999298596,0.22922176100109937,0.0025541850009176414
940,0,16,0.24663729197345674,0.0061466089719033334,12239.478563857,12239.71905454,12239.478613585,12239.494406176,12239.716425927,12239.716426252,0.2404906830015534,0.01579259099889896,0.2220197509996069,0.0026282880007784115
941,1,16,0.25430062506347895,0.00035713406396098435,12239.8528847,12240.106828191,12239.85293356,12239.868489107,12240.104176393,12240.104176718,0.25394349099951796,0.015555547000985825,0.23568728600002942,0.0026514729997870745
942,0,16,0.24625883414410055,0.0020442371442186413,12240.243325749,12240.487540346,12240.243376234,12240.25925723,12240.484705131,12240.484705565,0.2442145969998819,0.015880995999395964,0.22544790100073442,0.002834780998455244
943,0,16,0.24759854096919298,0.002413881969914655,12240.625112296,12240.870296955,12240.625161698,12240.640634475,12240.867803115,12240.86780344,0.24518465899927833,0.015472776998649351,0.2271686399999453,0.0024935149995144457
944,3,16,0.2903255419805646,-0.001771794019077788,12241.006888443,12241.298985779,12241.006938062,12241.022904969,12241.296249802,12241.296250235,0.2920973359996424,0.01596690699989267,0.2733448330000101,0.002735543999733636
945,0,16,0.2556958750355989,0.010106897036166629,12241.438495685,12241.684084663,12241.438546604,12241.454173113,12241.681569588,12241.681569913,0.24558897799943225,0.015626508999048383,0.2273964750002051,0.0025147500000457512
946,0,16,0.2599929580464959,0.013321246047780733,12241.831141528,12242.07781324,12241.83119028,12241.846628713,12242.075365659,12242.075365984,0.24667171199871518,0.01543843299987202,0.22873694600093586,0.002447255999868503
947,0,16,0.2556470828130841,0.010089956813317258,12242.225836808,12242.471393934,12242.225885777,12242.241883019,12242.468720143,12242.468720469,0.24555712599976687,0.01599724200059427,0.22683712400066725,0.0026734650000435067
948,4,16,0.30885137477889657,0.007433689779645647,12242.618413639,12242.919831324,12242.618465966,12242.634134077,12242.916627434,12242.91662765,0.3014176849992509,0.015668111000195495,0.2824933570009307,0.0032036739994509844
949,1,16,0.3369307918474078,0.08040408084707451,12243.134712119,12243.39123883,12243.13476098,12243.151635654,12243.388212181,12243.388212506,0.2565267110003333,0.01687467400006426,0.23657652700057952,0.0030263239987107227
950,0,16,0.24919650005176663,0.0036753420517925406,12243.542427828,12243.787948986,12243.542476363,12243.55841922,12243.785395017,12243.785395559,0.2455211579999741,0.015942857000482036,0.22697579699888593,0.002553427000748343
951,1,16,0.2549125000368804,0.0008186350369214779,12243.92195747,12244.176051335,12243.922006006,12243.937937162,12244.173548827,12244.173549369,0.2540938649999589,0.015931156000078772,0.2356116650007607,0.0025019660006364575
952,1,16,0.2656247920822352,0.002614680082842824,12244.315737507,12244.578747619,12244.315786476,12244.331778302,12244.576178808,12244.57617935,0.2630101119993924,0.01599182599966298,0.24440050600060204,0.00256826899931184
953,0,16,0.2470312921795994,0.0011372331791790202,12244.711486703,12244.957380762,12244.711535888,12244.727412983,12244.954933398,12244.954933723,0.24589405900042038,0.015877095000178088,0.2275204149991623,0.002447038999889628
954,0,16,0.2532617498654872,-0.0012213741338200634,12245.093271083,12245.347754207,12245.093339553,12245.109180463,12245.344933835,12245.344934268,0.2544831239993073,0.01584091000040644,0.23575337200054491,0.002819938999891747
955,0,16,0.2573656248860061,0.01301603788670036,12245.497058335,12245.741407922,12245.497107954,12245.512622332,12245.73895135,12245.738951675,0.24434958699930576,0.01551437800117128,0.22632901799988758,0.002456246998917777
956,0,16,0.24831608403474092,0.0027572240342124132,12245.87830189,12246.12386075,12245.878350967,12245.894428922,12246.120999751,12246.121000184,0.2455588600005285,0.016077955000582733,0.22657082899968373,0.002860565999071696
957,0,16,0.2526385420933366,0.008364142093341798,12246.258003466,12246.502277866,12246.25805341,12246.273893453,12246.499157505,12246.49915783,0.24427439999999478,0.01584004300093511,0.22526405200005684,0.00312003600083699
958,2,16,0.2697075419127941,-0.0026887880867434433,12246.644038719,12246.916435049,12246.644086712,12246.659888837,12246.913849554,12246.91384977,0.27239632999953756,0.01580212500084599,0.25396071699833556,0.002585278998594731
959,0,16,0.2508073328062892,-0.0022330501924443524,12247.051844781,12247.304885164,12247.0518944,12247.067344859,12247.302358605,12247.30235893,0.25304038299873355,0.015450459000931005,0.23501374599982228,0.00252623400047014
960,0,16,0.2469389580655843,0.002198594065703219,12247.440084395,12247.684824759,12247.440136072,12247.455887603,12247.68220492,12247.682205354,0.24474036399988108,0.015751531000205432,0.22631731699948432,0.002619405000586994
961,0,16,0.24513762490823865,0.0013732819079450564,12247.819637114,12248.063401457,12247.819685432,12247.835564369,12248.060865039,12248.060865581,0.2437643430002936,0.015878936999797588,0.22530067000116105,0.002535876001275028
962,0,16,0.24272183305583894,-0.0009601729434507433,12248.197045166,12248.440727172,12248.197095435,12248.212703634,12248.438231382,12248.438231707,0.24368200599928969,0.015608199000780587,0.22552774799987674,0.0024954649998107925
963,0,16,0.2444831661414355,-0.000181252857146319,12248.570228889,12248.814893308,12248.570277642,12248.586074891,12248.812049209,12248.812049643,0.24466441899858182,0.01579724899966095,0.22597431800022605,0.0028436649990908336
964,0,16,0.24402491701766849,-0.0010975559816870373,12248.945345369,12249.190467842,12248.945394013,12248.961245648,12249.18791084,12249.187911382,0.24512247299935552,0.015851635000217357,0.22666519199992763,0.00255646000005072
965,0,16,0.24379812506958842,-0.0003675039297377225,12249.324915638,12249.569081267,12249.324967749,12249.341043645,12249.56662957,12249.566630112,0.24416562899932615,0.01607589599916537,0.22558592499990482,0.0024511550000170246
966,0,16,0.24565429193899035,-4.2592060708557256e-05,12249.702738843,12249.948435727,12249.702789004,12249.718658949,12249.945646555,12249.94564688,0.2456968839996989,0.015869944998485153,0.22698760599996604,0.0027888469994650222
967,0,16,0.2437897918280214,-0.001745559171467903,12250.080891072,12250.326426423,12250.080939608,12250.096524623,12250.323959883,12250.323960317,0.2455353509994893,0.015585015000397107,0.22743525999976555,0.00246610599970154
968,0,16,0.24412533291615546,0.00019382391474209726,12250.455903547,12250.699835056,12250.455952732,12250.471760166,12250.69725357,12250.697253895,0.24393150900141336,0.015807433999725617,0.2254934040010994,0.0025811610012169695
969,0,16,0.2939950830768794,0.053231496076477924,12250.858576972,12251.099340559,12250.858626266,12250.87485481,12251.096890595,12251.09689092,0.24076358700040146,0.016228544000114198,0.22203578500011645,0.0024496389996784274
970,0,16,0.2573676249012351,0.011522750901349355,12251.271601368,12251.517446242,12251.271650121,12251.287623095,12251.514897582,12251.514897907,0.24584487399988575,0.015972974000760587,0.2272744869987946,0.002548335000028601
971,0,16,0.24689116701483727,-0.0002463999844621867,12251.656549554,12251.903687121,12251.656599281,12251.672530762,12251.90086794,12251.900868373,0.24713756699929945,0.015931481000734493,0.22833717799949227,0.002818747998389881
972,0,16,0.24876337498426437,0.00534170598439232,12252.042656852,12252.286078521,12252.042707229,12252.058478478,12252.283455866,12252.283456299,0.24342166899987205,0.01577124899995397,0.22497738799938816,0.002622222000354668
973,0,16,0.24786433298140764,0.004011801980595919,12252.430818895,12252.674671426,12252.430867756,12252.446858172,12252.672169243,12252.672169676,0.24385253100081172,0.015990415999112884,0.22531107100076042,0.0025017500011017546
974,0,16,0.2649337910115719,0.00982295401081501,12252.820142542,12253.075253379,12252.820192811,12252.835992336,12253.072671025,12253.07267135,0.2551108370007569,0.01579952500105719,0.23667868899974565,0.0025820289993134793
975,0,16,0.24316875007934868,-0.0011393439199309796,12253.211740753,12253.456048847,12253.211790264,12253.227791731,12253.453579274,12253.453579599,0.24430809399927966,0.016001467000023695,0.22578754300047876,0.002469248000124935
976,1,16,0.2875360001344234,0.0009539531329210149,12253.586926027,12253.873508074,12253.586975755,12253.60289781,12253.870832117,12253.870832442,0.28658204700150236,0.015922054999464308,0.2679343069994502,0.0026756320003187284
977,0,16,0.24854195909574628,0.0027443220951681724,12254.012080854,12254.257878491,12254.01214694,12254.028323265,12254.255286496,12254.255286821,0.2457976370005781,0.016176324999833014,0.22696323099989968,0.0025916699996741954
978,0,16,0.3119060001336038,0.06641712613418349,12254.471950215,12254.717439089,12254.471999509,12254.488065005,12254.714840052,12254.714840377,0.24548887399942032,0.01606549600001017,0.22677504700004647,0.0025987119988712948
979,0,16,0.24634229205548763,0.0012672710563492728,12254.849212986,12255.094288007,12254.84926228,12254.865440989,12255.091753973,12255.09175419,0.24507502099913836,0.01617870900008711,0.22631298399937805,0.002533816999857663
980,0,16,0.26509645790793,0.01183257390766812,12255.232218232,12255.485482116,12255.232269042,12255.248032057,12255.482945807,12255.48294624,0.2532638840002619,0.01576301499881083,0.2349137500004872,0.002535876001275028
981,2,16,0.2660268750041723,0.0008002690046851058,12255.632324796,12255.897551402,12255.632373115,12255.648668721,12255.894976307,12255.894976741,0.2652266059994872,0.01629560599940305,0.24630758599960245,0.0025746610008354764
982,0,16,0.24411450000479817,-0.0003919609953300096,12256.031325225,12256.275831686,12256.031374952,12256.047372953,12256.273275551,12256.273275876,0.24450646100012818,0.01599800100120774,0.2259025980001752,0.0025558100005582673
983,0,16,0.24538966710679233,0.0001808481065381784,12256.410927671,12256.65613649,12256.410975882,12256.427197601,12256.653547636,12256.65354807,0.24520881900025415,0.016221719000895973,0.22635003499999584,0.0025884200003929436
984,3,16,0.2717439590487629,-0.0008675319513713475,12256.790603245,12257.063214736,12256.790652756,12256.8065136,12257.060454816,12257.060455249,0.27261149100013427,0.015860843999689678,0.2539412160003849,0.0027594869989115978
985,0,16,0.2430886251386255,0.002361439139349386,12257.200450295,12257.441177481,12257.200498939,12257.216543958,12257.438641605,12257.43864193,0.24072718599927612,0.016045018999648164,0.2220976469998277,0.0025355509988003178
986,0,16,0.251976165920496,0.005150179920747178,12257.575669804,12257.82249579,12257.575719856,12257.592518586,12257.819949513,12257.819949838,0.2468259859997488,0.016798729999209172,0.22743092699965928,0.0025459520002186764
987,0,16,0.24990254198201,0.004545732983388007,12257.966145521,12258.21150233,12257.966195899,12257.982353482,12258.208921169,12258.208921602,0.245356808998622,0.016157583000676823,0.22656768699926033,0.0025807279998844024
988,0,16,0.25007470790296793,0.004735449902000255,12258.343527464,12258.588866722,12258.343576975,12258.360154802,12258.586363348,12258.586363673,0.24533925800096767,0.01657782700021926,0.22620854600063467,0.002503049001461477
989,0,16,0.25188254099339247,0.00625196099281311,12258.729638662,12258.975269242,12258.729688173,12258.7460763,12258.972471512,12258.972471837,0.24563058000057936,0.016388127000027453,0.22639521199926094,0.0027974050008197082
990,6,16,0.30007112491875887,-0.0035734550801862497,12259.114175921,12259.417820501,12259.114224131,12259.130596224,12259.414529181,12259.414529506,0.3036445799989451,0.016372092999517918,0.2839329569997062,0.003290994998678798
991,0,16,0.25238966615870595,0.005081141160189873,12259.553110086,12259.800418611,12259.553159488,12259.569473512,12259.797344618,12259.797344943,0.24730852499851608,0.016314024000166683,0.2278711060007481,0.003073668000070029
992,0,16,0.2513138330541551,0.009145638054178562,12259.93554753,12260.177715725,12259.935596608,12259.951902614,12260.175235101,12260.175235643,0.24216819499997655,0.016306006000377238,0.22333248699942487,0.002480081999237882
993,1,16,0.24984445911832154,-0.00024196988306357525,12260.321563282,12260.571649711,12260.321612251,12260.33747472,12260.569112643,12260.569113185,0.2500864290013851,0.015862468999330304,0.2316379229996528,0.0025365260007674806
994,0,16,0.26117516704835,0.006313401048828382,12260.703828902,12260.958690668,12260.703908639,12260.720073155,12260.956169526,12260.95616996,0.2548617659995216,0.016164516000571894,0.23609637099980318,0.0025207079997926485
995,0,16,0.24979937495663762,0.0038646889570372878,12261.101110976,12261.347045662,12261.101186922,12261.117349488,12261.344577498,12261.344578148,0.24593468599960033,0.016162566000275547,0.2272280099987256,0.002467513999363291
996,0,16,0.2567742080427706,0.0013247060433059232,12261.48422326,12261.739672762,12261.484273529,12261.500505649,12261.737156929,12261.737157254,0.2554495019994647,0.016232120000495343,0.23665127999993274,0.00251550800021505
997,0,16,0.24952158308587968,0.003917004085451481,12261.877595945,12262.123200524,12261.877645564,12261.893818206,12262.120019493,12262.120019818,0.2456045790004282,0.016172641999219195,0.2262012870014587,0.0031807060004211962
998,0,16,0.32488079206086695,0.0786533760601742,12262.345314638,12262.591542054,12262.34536339,12262.362023555,12262.589024162,12262.589024487,0.24622741600069276,0.016660164999848348,0.2270006069993542,0.0025175669998134254
999,0,16,0.2476090828422457,0.0026214908430119976,12262.724916867,12262.969904459,12262.724976562,12262.741212365,12262.967182566,12262.967182891,0.2449875919992337,0.016235802999290172,0.22597020100147347,0.002721568000197294
1000,0,16,0.24611441604793072,0.0010818640475918073,12263.106552824,12263.351585376,12263.106601576,12263.123229456,12263.349031083,12263.349031625,0.2450325520003389,0.016627879998850403,0.22580162700069195,0.0025537509991409024
