request_id,num_generated_notes,generation_start_tick,round_trip_time,total_network_latency,server_request_arrival_time,server_response_output_time,server_preprocess_start_time,server_inference_start_time,server_inference_end_time,server_postprocess_start_time,server_processing_duration,preprocess_duration,inference_duration,postprocess_duration
1,0,16,0.3894342079292983,-0.00330881407171546,15987.232743543,15987.625486565,15987.232794895,15987.235042808,15987.623497798,15987.623498231,0.39274302200101374,0.0022479130002466263,0.3884549899994454,0.001988334000998293
2,0,16,0.33160404092632234,0.022019051926690736,15987.760698255,15988.070283244,15987.760775067,15987.762757768,15988.068054941,15988.068055374,0.3095849889996316,0.0019827010000881273,0.30529717300123593,0.002227869999842369
3,2,16,0.33648475003428757,-0.010420853965115384,15988.229114756,15988.57602036,15988.229163183,15988.231621272,15988.573802673,15988.573802998,0.34690560399940296,0.002458089000356267,0.3421814009998343,0.0022173620000103256
4,1,16,0.28833700018003583,-0.0021933298212388763,15988.706377083,15988.996907413,15988.70642681,15988.708453171,15988.994918212,15988.994918537,0.2905303300012747,0.0020263610003894428,0.2864650409992464,0.0019888759998138994
5,0,16,0.2920538750477135,0.009699191046820488,15989.142253506,15989.42460819,15989.142302909,15989.144296443,15989.422638491,15989.422638816,0.28235468400089303,0.0019935340005758917,0.27834204799910367,0.001969373999600066
6,0,16,0.2824107501655817,-0.00048811783562996425,15989.566072954,15989.848971822,15989.566122681,15989.568666899,15989.846911443,15989.846911768,0.28289886800121167,0.0025442179994570324,0.27824454400069953,0.0020600540010491386
7,2,16,0.324433249887079,0.00409026088709652,15989.993150244,15990.313493233,15989.993200622,15989.995474427,15990.311246078,15990.311246295,0.3203429889999825,0.002273804999276763,0.31577165099952254,0.002246938000098453
8,0,16,0.3045384578872472,0.02341698888812971,15990.474315894,15990.755437363,15990.474364972,15990.476648528,15990.75343592,15990.753436245,0.2811214689991175,0.0022835559993836796,0.27678739200018754,0.0020011179985885974
9,0,16,0.28582045808434486,0.0037332610845624004,15990.890551548,15991.172638745,15990.890627277,15990.892925567,15991.17044576,15991.170446085,0.28208719699978246,0.00229828999908932,0.27752019300169195,0.0021926600002188934
10,0,16,0.3256693340372294,0.0016425170379079645,15991.316045582,15991.640072399,15991.316094334,15991.318446035,15991.637725899,15991.637726332,0.32402681699932145,0.0023517009994975524,0.31927986399932706,0.002346066999962204
11,0,16,0.28065824997611344,0.0001592929766047746,15991.782069104,15992.062568061,15991.782118723,15991.784279099,15992.060628804,15992.060629237,0.28049895699950866,0.0021603759996651206,0.27634970500002964,0.001938823999807937
12,1,16,0.30471216700971127,-0.0011032969905500067,15992.199263661,15992.505079125,15992.199328989,15992.201510057,15992.502968261,15992.502968586,0.3058154640002613,0.002181068000936648,0.301458203999573,0.002110538998749689
13,0,16,0.29104524990543723,0.0009345149046566803,15992.639586833,15992.929697568,15992.639636127,15992.641892165,15992.9276763,15992.927676625,0.29011073500078055,0.0022560380002687452,0.2857841349996306,0.0020209430003887974
14,0,16,0.29523820895701647,0.012449195955923642,15993.071158215,15993.353947228,15993.07122961,15993.07363678,15993.352016096,15993.352016855,0.2827890130010928,0.0024071700008789776,0.27837931599970034,0.0019303730005049147
15,0,16,0.2863701251335442,0.0040552011341787875,15993.504894414,15993.787209338,15993.504944467,15993.507058257,15993.78517496,15993.785175285,0.2823149239993654,0.0021137900002941024,0.27811670299888647,0.0020340529990789946
16,3,16,0.3363101249560714,-0.009232799044184503,15993.923668436,15994.26921136,15993.923716972,15993.926098466,15994.266881761,15994.266882411,0.3455429240002559,0.0023814939995645545,0.34078329499971005,0.002328949000002467
17,0,16,0.3614408331923187,0.07958602219332533,15994.40215087,15994.684005681,15994.402198756,15994.40480581,15994.681958736,15994.681959061,0.28185481099899334,0.0026070539988722885,0.277152926000781,0.002046620000328403
18,0,16,0.3710785419680178,0.07834861896844814,15994.996412126,15995.289142049,15994.996460553,15994.999682536,15995.286969974,15995.286970407,0.2927299229995697,0.0032219829990935978,0.2872874380009307,0.0021716419996664627
19,0,16,0.2819147910922766,-0.0004617779086402152,15995.423628739,15995.706005308,15995.423677058,15995.426160173,15995.703604746,15995.703605071,0.2823765690009168,0.0024831150003592484,0.2774445730010484,0.002400237000983907
20,0,16,0.2820593749638647,0.0002939439636975294,15995.846573355,15996.128338786,15995.846622107,15995.849025593,15996.12622933,15996.126229655,0.28176543100016715,0.0024034859998209868,0.27720373700140044,0.0021091310009069275
21,0,16,0.27728341589681804,-0.004105106101633282,15996.258626823,15996.540015345,15996.25867655,15996.261188267,15996.537941857,15996.537942182,0.2813885219984513,0.0025117170007433742,0.2767535899984068,0.002073162999295164
22,0,16,0.27880254085175693,-0.0029377561495493865,15996.67513744,15996.956877737,15996.675185542,15996.678055317,15996.954705553,15996.954705986,0.2817402970013063,0.002869774998544017,0.27665023600093264,0.0021717510007874807
23,0,16,0.2958977499511093,-0.004207958048937144,15997.091641339,15997.391747047,15997.091690417,15997.094252402,15997.389523294,15997.389523619,0.30010570800004643,0.00256198499846505,0.29527089200018963,0.002223428000434069
24,0,16,0.2932838751003146,0.001273102101549739,15997.523263966,15997.815274739,15997.523313693,15997.525845127,15997.813086521,15997.813086846,0.2920107729987649,0.0025314340000477387,0.2872413940003753,0.0021878930001548724
25,0,16,0.2862541249487549,-0.005435967052108026,15997.94838174,15998.240071832,15997.948430384,15997.950927367,15998.237988594,15998.237988919,0.29169009200086293,0.0024969829992187442,0.28706122700168635,0.002082913000776898
26,0,16,0.3110394589602947,0.02930826196097769,15998.408202675,15998.689933872,15998.40825186,15998.411221198,15998.687911736,15998.687912061,0.28173119699931704,0.0029693379983655177,0.27669053800127585,0.0020218110003042966
27,1,16,0.29954304196871817,0.00010523996752453968,15998.826761428,15999.12619923,15998.826810506,15998.829304455,15999.124084465,15999.12408479,0.29943780200119363,0.0024939489994721953,0.2947800100009772,0.002114439999786555
28,2,16,0.3174410411156714,0.0060145161169202765,15999.262759949,15999.574186474,15999.262827986,15999.265489859,15999.571921769,15999.57192231,0.3114265249987511,0.002661873000761261,0.30643190999944636,0.0022641639989160467
29,1,16,0.30978483404032886,0.0002700490404095035,15999.718189714,16000.027704499,15999.718237057,15999.721217446,16000.025444669,16000.025444994,0.30951478499991936,0.002980388999276329,0.3042272229995433,0.002259504999528872
30,0,16,0.2814999169204384,-0.0004916170782962581,16000.165067464,16000.447058998,16000.165116867,16000.16774158,16000.444984752,16000.444985077,0.28199153399873467,0.0026247130008414388,0.27724317200045334,0.0020739209994644625
31,3,16,0.34582420787774026,0.03559287187817972,16000.6234761,16000.933707436,16000.623525502,16000.626488773,16000.930953041,16000.930953475,0.31023133599956054,0.0029632709993165918,0.3044642679997196,0.0027539610000530956
32,2,16,0.31810658308677375,-0.0007617029132234165,16001.073775068,16001.392643354,16001.073824145,16001.076419607,16001.390381249,16001.390381683,0.31886828599999717,0.002595461999590043,0.31396164200123167,0.0022616709993599216
33,0,16,0.278902999823913,-0.0032641511752444785,16001.524995128,16001.807162279,16001.525044531,16001.528304649,16001.805123026,16001.805123242,0.28216715099915746,0.003260118000980583,0.2768183770003816,0.0020390369991218904
34,0,16,0.28276708303019404,0.00010049303091363981,16001.941540522,16002.224207112,16001.941591224,16001.944648641,16002.222132107,16002.222132432,0.2826665899992804,0.003057416999581619,0.2774834659994667,0.002074680000077933
35,0,16,0.2815988748334348,-0.0016147161659318954,16002.362046332,16002.645259923,16002.362095951,16002.36468383,16002.643204636,16002.643205069,0.2832135909993667,0.0025878789983835304,0.2785208060013247,0.0020548539996525506
36,1,16,0.4139060000889003,0.11301787308912026,16002.870015001,16003.170903128,16002.870064078,16002.873161472,16003.168729644,16003.168730077,0.30088812699978007,0.0030973939992691157,0.2955681719995482,0.0021730509997723857
37,0,16,0.2872252920642495,0.0011292510644125286,16003.344762578,16003.630858619,16003.344811872,16003.347502455,16003.628756638,16003.628756963,0.286096040999837,0.002690583000003244,0.2812541829989641,0.002101656000377261
38,0,16,0.2819412921089679,-7.5558909884421155e-06,16003.761222818,16004.043171666,16003.761272545,16003.764010255,16004.041131655,16004.04113198,0.28194884799995634,0.002737709999564686,0.27712140000039653,0.0020396859999891603
39,0,16,0.2914800827857107,0.00509066178528883,16004.188528052,16004.474917473,16004.188581571,16004.192145686,16004.472851569,16004.472852002,0.28638942100042186,0.0035641150006995304,0.28070588300033705,0.002065471000605612
40,0,16,0.28541033319197595,0.0030604161929659313,16004.607988722,16004.890338639,16004.608064667,16004.610804436,16004.888282377,16004.888282702,0.28234991699901,0.002739769000982051,0.2774779409992334,0.0020559369986585807
41,0,16,0.28862387500703335,0.005132504005814553,16005.027880687,16005.311372058,16005.027928356,16005.031009499,16005.309312329,16005.309312654,0.2834913710012188,0.0030811430005996954,0.27830283000002964,0.0020594039997376967
42,0,16,0.2813602080568671,-0.0012961979427927872,16005.453072674,16005.73572908,16005.453143852,16005.456105389,16005.733679643,16005.733679968,0.2826564059996599,0.002961536998554948,0.27757425400159264,0.002049111999440356
43,0,16,0.2959284170065075,0.003344317006849451,16005.871677146,16006.164261246,16005.871725357,16005.874495893,16006.162138248,16006.162138573,0.29258409999965806,0.0027705360007530544,0.2876423550005711,0.00212267300048552
44,0,16,0.28118374990299344,-0.0022703520971845137,16006.303234336,16006.586688438,16006.303284605,16006.305996422,16006.584649835,16006.584650268,0.28345410200017795,0.0027118170000903774,0.2786534130009386,0.002038169999650563
45,3,16,0.34000404202379286,0.01082887802294863,16006.732709913,16007.061885077,16006.732758882,16006.735483266,16007.059506184,16007.059506509,0.32917516400084423,0.0027243839995207964,0.32402291799917293,0.0023785680004948517
46,1,16,0.3001695419661701,0.007373640966761741,16007.209889903,16007.502685804,16007.209938763,16007.212790229,16007.500488052,16007.500488377,0.29279590099940833,0.0028514659989014035,0.2876978229996894,0.0021974270002829144
47,4,16,0.3491884998511523,-0.00103171615046449,16007.643678104,16007.99389832,16007.643726857,16007.646491652,16007.991453557,16007.991454207,0.3502202160016168,0.0027647949991660425,0.34496190500067314,0.0024441130008199252
48,0,16,0.2904197920579463,-0.0019861999426211696,16008.129432101,16008.421838093,16008.129480853,16008.132313143,16008.419689418,16008.419689743,0.2924059920005675,0.002832289999787463,0.2873762750004971,0.0021483500004251255
49,0,16,0.30366487498395145,0.02022648198362731,16008.561343665,16008.844782058,16008.561394476,16008.564210407,16008.842624716,16008.842625149,0.28343839300032414,0.002815930998622207,0.27841430900116393,0.002156909000404994
50,0,16,0.30423233401961625,0.00031571601903124247,16009.001453302,16009.30536992,16009.001502704,16009.004314193,16009.302733506,16009.302733939,0.303916618000585,0.002811488999213907,0.2984193129996129,0.0026359810017311247
51,0,16,0.29874320793896914,0.0153197659401485,16009.439660734,16009.723084176,16009.439709594,16009.442554343,16009.720976345,16009.72097667,0.28342344199882064,0.002844749000360025,0.27842200199847866,0.002107505999447312
52,0,16,0.28211616701446474,6.179701449582353e-05,16009.873385016,16010.155439386,16009.873433985,16009.876229548,16010.153242826,16010.153243259,0.2820543699999689,0.002795562999381218,0.27701327800059516,0.0021961270012980094
53,2,16,0.33553483290597796,-0.0039021410939312773,16010.292044524,16010.631481498,16010.292093168,16010.294983852,16010.629057752,16010.629058077,0.33943697399990924,0.002890683999794419,0.3340738999995665,0.002423420999548398
54,0,16,0.28780345781706274,0.004070384817168815,16010.767623815,16011.051356888,16010.767671809,16010.77099823,16011.049301059,16011.049301926,0.2837330729998939,0.0033264209996559657,0.27830282899958547,0.0020549620003293967
55,0,16,0.329743874957785,0.04617222595879866,16011.194968484,16011.478540133,16011.195018862,16011.198409961,16011.476451478,16011.476451803,0.28357164899898635,0.003391099000509712,0.27804151700001967,0.002088329998514382
56,0,16,0.28202462499029934,0.0014614249903388554,16011.658530668,16011.939093868,16011.658579203,16011.661762726,16011.937055374,16011.937055699,0.2805631999999605,0.0031835230001888704,0.2752926479988673,0.0020381690010253806
57,0,16,0.281431833980605,-0.0012957510189153254,16012.074902286,16012.357629871,16012.074953422,16012.077886683,16012.355523015,16012.355523448,0.28272758499952033,0.0029332610010897042,0.2776363319990196,0.0021064229986222927
58,0,16,0.32108533289283514,0.0013936748928244924,16012.495681434,16012.815373092,16012.495729645,16012.499065275,16012.812976431,16012.812976756,0.31969165800001065,0.003335630000947276,0.31391115599944897,0.0023963359999470413
59,2,16,0.39503562496975064,0.08242463697024505,16013.044436462,16013.35704745,16013.044484781,16013.04787133,16013.354763135,16013.354763461,0.3126109879995056,0.0033865490004245657,0.3068918049993954,0.0022839889988972573
60,4,16,0.3142765839584172,-0.0062952150401542895,16013.486892274,16013.807464073,16013.486943193,16013.48992889,16013.805139674,16013.805139999,0.32057179899857147,0.0029856969995307736,0.3152107839996461,0.0023240739992616
61,0,16,0.28797870804555714,0.007517670044762781,16013.949195999,16014.229657037,16013.949245835,16013.952305635,16014.227604783,16014.227605108,0.28046103800079436,0.003059800001210533,0.2752991479992488,0.0020519289992080303
62,1,16,0.2949969999026507,-0.0033219910965271993,16014.374145199,16014.67246419,16014.374194168,16014.377254835,16014.670196127,16014.67019656,0.2983189909991779,0.0030606670006818604,0.29294129199843155,0.0022676299995509908
63,0,16,0.2778280000202358,-0.002166640979339718,16014.805664254,16015.085658895,16014.805714306,16014.808793716,16015.083566015,16015.08356634,0.2799946409995755,0.0030794100002822233,0.2747722990006878,0.002092554999762797
64,2,16,0.3442620828282088,0.04638911982692662,16015.269891851,16015.567764814,16015.269941037,16015.27301893,16015.565542902,16015.565543227,0.2978729630012822,0.003077892999499454,0.29252397200070845,0.00222158700125874
65,0,16,0.2893194160424173,0.010866646043723449,16015.703652968,16015.982105738,16015.703703237,16015.706751987,16015.979836808,16015.979837024,0.27845276999869384,0.0030487499989249045,0.2730848209994292,0.002268713999001193
66,0,16,0.2921821251511574,0.015010348150099162,16016.133163972,16016.410335749,16016.133213916,16016.136299176,16016.408273636,16016.408273961,0.2771717770010582,0.0030852599993522745,0.2719744599999103,0.002061787999991793
67,0,16,0.2859181249514222,0.006334086951028439,16016.564821375,16016.844405413,16016.56486926,16016.567956579,16016.842358577,16016.842358902,0.2795840380003938,0.00308731899895065,0.2744019980000303,0.002046510999207385
68,0,16,0.2808012499008328,-0.001954828097950667,16016.981062987,16017.263819065,16016.981112281,16016.98424391,16017.261690433,16017.261690758,0.28275607799878344,0.003131628998744418,0.27744652300134476,0.002128307000020868
69,0,16,0.3036361658014357,-0.0067546441987360595,16017.395792521,16017.706183331,16017.39584214,16017.398927942,16017.703896633,16017.703897067,0.31039081000017177,0.00308580199998687,0.30496869099988544,0.002286263999849325
70,0,16,0.2809184999205172,0.0004531279209913919,16017.842543191,16018.123008563,16017.84259346,16017.845718047,16018.120938,16018.120938433,0.2804653719995258,0.0031245869995473186,0.2752199530004873,0.002070129999992787
71,0,16,0.27947804098948836,0.0018238339907838963,16018.260950813,16018.53860502,16018.261026433,16018.26411971,16018.536539983,16018.536540416,0.27765420699870447,0.0030932770005165366,0.2724202730005345,0.0020646039993152954
72,0,16,0.29766791593283415,0.017586495932846447,16018.696783143,16018.976864563,16018.696831353,16018.699970674,16018.974794867,16018.974795192,0.2800814199999877,0.0031393210010719486,0.27482419299849425,0.0020693709993793163
73,0,16,0.2823362499475479,-0.000583852051931899,16019.11327025,16019.396190352,16019.113319869,16019.117816669,16019.394121414,16019.394121739,0.2829201019994798,0.004496800000197254,0.27630474499892443,0.0020686129992100177
74,0,16,0.2847649168688804,0.0017183838699565968,16019.532389546,16019.815436079,16019.532438624,16019.536816252,16019.813262486,16019.813262811,0.2830465329989238,0.0043776279999292456,0.2764462340001046,0.0021732679997512605
75,0,16,0.33551620808430016,0.025120632084508543,16019.953410181,16020.263805757,16019.953460125,16019.95677842,16020.261529785,16020.26153011,0.3103955759997916,0.0033182950010086643,0.30475136499990185,0.002275647000715253
76,3,16,0.3369071250781417,-0.0008665299210406374,16020.43201482,16020.769788475,16020.432064439,16020.436835877,16020.767449234,16020.767449667,0.3377736549991823,0.004771437999806949,0.3306133569985832,0.0023388079989672406
77,0,16,0.3226069579832256,0.0405403449840378,16020.954740798,16021.236807411,16020.954790092,16020.959175629,16021.234724281,16021.234724606,0.2820666129991878,0.004385536998597672,0.2755486519999977,0.002082805000100052
78,1,16,0.30192587501369417,-0.005800027985969791,16021.368960709,16021.676686612,16021.369010436,16021.373638326,16021.674426674,16021.674426999,0.30772590299966396,0.004627890000847401,0.30078834800042387,0.002259613000205718
79,0,16,0.2752247080206871,-0.0029374989790085237,16021.811322158,16022.089484365,16021.811369827,16021.815009238,16022.087469379,16022.087469813,0.2781622069996956,0.003639410999312531,0.272460140999101,0.0020145520011283224
80,0,16,0.2953146251384169,0.0037149951385799795,16022.225997198,16022.517596828,16022.226047576,16022.230535709,16022.515389759,16022.515390409,0.2915996299998369,0.004488133001359529,0.2848540499999217,0.0022064189997763606
81,2,16,0.32085495884530246,-0.004500195154832909,16022.657324603,16022.982679757,16022.657374763,16022.660793489,16022.980196208,16022.980196533,0.32535515400013537,0.0034187260007456644,0.3194027190002089,0.002483223999661277
82,0,16,0.32900750008411705,0.04831494308564288,16023.16932595,16023.450018507,16023.169374594,16023.173496977,16023.447819996,16023.447820322,0.2806925569984742,0.004122383001231356,0.2743230189989845,0.0021981849986332236
83,0,16,0.2819169170688838,0.0007880810680944705,16023.583474682,16023.864603518,16023.583523109,16023.588094555,16023.862562423,16023.862562748,0.2811288360007893,0.0045714459993178025,0.2744678680010111,0.002040770001258352
84,2,16,0.306354874977842,-0.0036597840207832633,16024.002024769,16024.312039428,16024.002073738,16024.006554179,16024.309772989,16024.309773314,0.31001465899862524,0.004480441000850988,0.3032188099987252,0.0022661139992123935
85,4,16,0.3825375840533525,0.03946900005212228,16024.451117931,16024.794186515,16024.451194742,16024.454559515,16024.791818022,16024.791818563,0.3430685840012302,0.0033647729997028364,0.33725850700102455,0.002367951999985962
86,1,16,0.31510629202239215,-0.00033958497806452215,16024.97817701,16025.293622887,16024.978227712,16024.981598769,16025.291383425,16025.29138375,0.3154458770004567,0.0033710570005496265,0.30978465599946503,0.002239137000287883
87,2,16,0.2985969588626176,-0.007064556137265754,16025.424928005,16025.73058952,16025.42497654,16025.428375223,16025.72839686,16025.728397185,0.30566151499988337,0.003398683000341407,0.30002163700009987,0.002192335001382162
88,0,16,0.2767877920996398,-0.00020490190036071,16025.869562718,16026.146555412,16025.86961147,16025.873064864,16026.144495141,16026.144495466,0.2769926940000005,0.003453393999734544,0.27143027700003586,0.0020599460003722925
89,1,16,0.2849016669206321,-0.0025760130793059943,16026.281754751,16026.569232431,16026.281802528,16026.285577687,16026.567101741,16026.567102066,0.2874776799999381,0.0037751590007246705,0.28152405400032876,0.002130365000994061
90,0,16,0.2823235420510173,0.001919599051689147,16026.706117841,16026.986521784,16026.706168218,16026.710435341,16026.984452521,16026.984453063,0.28040394299932814,0.004267123000317952,0.27401717999964603,0.002068720999886864
91,0,16,0.2782731249462813,0.0011429509468143806,16027.125433663,16027.402563837,16027.125482631,16027.129129842,16027.400434447,16027.400434772,0.27713017399946693,0.0036472110004979186,0.27130460499938636,0.0021290650001901668
92,0,16,0.28731554187834263,0.00795955587818753,16027.544084179,16027.823440165,16027.544134014,16027.548473724,16027.821394954,16027.821395279,0.2793559860001551,0.0043397099998401245,0.2729212300000654,0.0020448860013857484
93,4,16,0.41774312499910593,0.10038334199816745,16027.960498374,16028.277858157,16027.960548102,16027.964718478,16028.275607861,16028.275608186,0.3173597830009385,0.004170375999819953,0.31088938299944857,0.00224997099940083
94,7,16,0.3809081658255309,-0.010533604174270295,16028.526515386,16028.917957156,16028.526564138,16028.530935808,16028.91509204,16028.915092365,0.3914417699998012,0.004371670000182348,0.3841562320012599,0.0028647910003201105
95,0,16,0.2804457920137793,0.0017423280132788932,16029.05150867,16029.330212134,16029.051559155,16029.055053284,16029.328133879,16029.328134529,0.2787034640005004,0.0034941290014103288,0.2730805949995556,0.0020776050005224533
96,0,16,0.2786964999977499,-0.0007631660027982434,16029.468052438,16029.747512104,16029.468102815,16029.472435591,16029.745439158,16029.745439483,0.27945966600054817,0.004332775999500882,0.2730035669992503,0.0020726210004795576
97,0,16,0.3801984579768032,0.10071961597714107,16029.94075567,16030.220234512,16029.940842233,16029.945256262,16030.218050519,16030.218050736,0.2794788419996621,0.004414029001054587,0.27279425699998683,0.002183775999583304
98,1,16,0.29372316715307534,0.006198793153089355,16030.411633076,16030.69915745,16030.411683237,16030.416075057,16030.696957531,16030.696957965,0.287524373999986,0.00439182000081928,0.28088247399864485,0.0021994850012561074
99,4,16,0.319099374813959,-0.007926681184471818,16030.836534391,16031.163560447,16030.836583143,16030.841000531,16031.161299101,16031.161299534,0.3270260559984308,0.004417387999637867,0.3202985700008867,0.002260912999190623
100,0,16,0.2783401249907911,0.00011020699093933217,16031.300868701,16031.579098619,16031.30091832,16031.305299307,16031.577002813,16031.577003138,0.27822991799985175,0.0043809870003315154,0.27170350599953963,0.002095481000651489
101,5,16,0.343222709139809,-0.0009089998602576088,16031.714966514,16032.059098223,16031.715015483,16031.719437314,16032.056708712,16032.056709037,0.3441317090000666,0.004421830999490339,0.3372713980006665,0.002389186000073096
102,3,16,0.3072102079167962,-0.000548846082892851,16032.198663924,16032.506422978,16032.198713976,16032.202348511,16032.504122196,16032.504122738,0.30775905399968906,0.0036345349999464815,0.30177368499971635,0.002300239999385667
103,0,16,0.2828035408165306,0.0024712088161322754,16032.64768504,16032.928017372,16032.647733793,16032.652225284,16032.925797086,16032.925797411,0.2803323320003983,0.004491491001317627,0.27357180199942377,0.002219960999354953
104,0,16,0.28150412486866117,-0.00035805313018499874,16033.062560181,16033.344422359,16033.062609909,16033.067169545,16033.34224465,16033.342244975,0.28186217799884616,0.00455963599961251,0.27507510500072385,0.002177383999878657
105,0,16,0.2799716249573976,-0.0006640540432272246,16033.480606386,16033.761242065,16033.480677131,16033.485205024,16033.759065764,16033.759065981,0.2806356790006248,0.004527893001068151,0.27386073999878136,0.002176084000893752
106,4,16,0.3155840418767184,0.003175863877913798,16033.899164598,16034.211572776,16033.899214542,16033.902932606,16034.20924166,16034.209241985,0.3124081779988046,0.003718064001077437,0.30630905399993935,0.002330790999621968
107,0,16,0.3731977080460638,0.05880834604613483,16034.417551408,16034.73194077,16034.417601352,16034.422216025,16034.729473797,16034.729474122,0.31438936199992895,0.00461467300010554,0.3072577720013214,0.0024666480003361357
108,3,16,0.3188350829295814,0.0006670959301118273,16034.870856657,16035.189024644,16034.870906709,16034.874629974,16035.186697428,16035.186697753,0.3181679869994696,0.003723264999280218,0.3120674540004984,0.002326890999029274
109,0,16,0.281779499957338,0.0006442729572881944,16035.326313831,16035.607449058,16035.326362692,16035.330929587,16035.6052941,16035.605294317,0.2811352270000498,0.004566895000607474,0.27436451299945475,0.0021547409996856004
110,1,16,0.3337812079116702,0.001896392912385636,16035.744926212,16036.076811027,16035.744977781,16035.748720871,16036.074256517,16036.074257167,0.33188481499928457,0.003743090001080418,0.32553564599948004,0.0025538600002619205
111,0,16,0.3715765830129385,0.0632801710125932,16036.213611608,16036.52190802,16036.213686686,16036.217694881,16036.519590554,16036.519590988,0.3082964120003453,0.004008194999187253,0.30189567300112685,0.0023170320000645006
112,0,16,0.2767489580437541,-0.0018079249566653743,16036.727428164,16037.005985047,16036.727476808,16036.731681745,16037.00382608,16037.003826297,0.2785568830004195,0.004204936998576159,0.2721443350001209,0.002158750001399312
113,0,16,0.29281979193910956,0.0033448949398007244,16037.143892521,16037.433367418,16037.143941598,16037.148095291,16037.430617357,16037.430617899,0.28947489699930884,0.0041536930002621375,0.2825220659997285,0.0027495190006447956
114,0,16,0.2791367080062628,-0.003128921993265976,16037.57120523,16037.85347086,16037.571255933,16037.576361161,16037.850985145,16037.85098547,0.28226562999952876,0.005105227999592898,0.2746239839998452,0.0024853899994923268
115,3,16,0.3108173329383135,-0.00945946106185147,16037.983369095,16038.303645889,16037.983419689,16037.988392095,16038.301270462,16038.301270787,0.32027679400016495,0.004972405999069451,0.3128783669999393,0.0023751019998599077
116,2,16,0.3191777921747416,0.0035345221749594202,16038.43883277,16038.75447604,16038.438882388,16038.442752018,16038.752106246,16038.752106571,0.3156432699997822,0.0038696299998264294,0.3093542280003021,0.002369468998949742
117,5,16,0.402568083954975,0.062862538954505,16038.965870398,16039.305575943,16038.965920342,16038.970008273,16039.303092286,16039.303092611,0.33970554500047,0.004087930999958189,0.33308401300018886,0.002483332000338123
118,0,16,0.2824151669628918,-0.004819510037123109,16039.440898788,16039.728133465,16039.440948407,16039.444796802,16039.725973848,16039.725974173,0.2872346770000149,0.003848394999295124,0.28117704600117577,0.0021592920002149185
119,3,16,0.3199897080194205,-0.003116882980975788,16039.857326418,16040.180433009,16039.857374628,16039.861246208,16040.178007097,16040.178007422,0.3231065910003963,0.0038715800001227763,0.3167608889998519,0.0024255869993794477
120,0,16,0.27793466695584357,-0.0011532900443853578,16040.319377389,16040.598465346,16040.319425816,16040.323323831,16040.596230434,16040.596230759,0.2790879570002289,0.0038980150002316805,0.27290660299877345,0.002234587000202737
121,0,16,0.28115266701206565,0.0022086920125730103,16040.733572707,16041.012516682,16040.733622542,16040.737525215,16041.010354465,16041.010354791,0.27894397499949264,0.0039026729991746834,0.27282924999963143,0.002161890999559546
122,0,16,0.3464978749398142,0.0662682479396608,16041.217429482,16041.497659109,16041.217479101,16041.222024978,16041.495552253,16041.495552903,0.2802296270001534,0.004545877000055043,0.2735272749996511,0.0021062060004624072
123,0,16,0.27722375001758337,-0.0027714329826267203,16041.633712696,16041.913707879,16041.63376264,16041.637957393,16041.911386513,16041.911386838,0.2799951830002101,0.004194753000774654,0.2734291199994914,0.002321040999959223
124,0,16,0.2762972500640899,-0.0025992729351855814,16042.04842533,16042.327321853,16042.048475707,16042.052471009,16042.325144252,16042.325144577,0.2788965229992755,0.003995301998656942,0.2726732430000993,0.002177275999201811
125,0,16,0.28566262498497963,0.0066139939863205655,16042.464443115,16042.743491746,16042.464493492,16042.468459218,16042.74132942,16042.741329854,0.27904863099865906,0.003965726000387804,0.2728702019994671,0.002161892000003718
126,0,16,0.27926845801994205,0.00025265401927754283,16042.883077055,16043.162092859,16042.883127541,16042.887069107,16043.159926092,16043.159926417,0.2790158040006645,0.003941566001230967,0.27285698499872524,0.002166442000088864
127,0,16,0.2865297091193497,0.00724522611926659,16043.297381578,16043.576666061,16043.297431522,16043.301428991,16043.574065507,16043.574065941,0.27928448300008313,0.003997469000751153,0.2726365159996931,0.0026001200003520353
128,0,16,0.2835849579423666,0.0034526189429016085,16043.724580316,16044.004712655,16043.72463026,16043.729887487,16044.002523895,16044.00252422,0.280132338999465,0.005257226999674458,0.2726364080008352,0.0021884349989704788
129,0,16,0.2791984169743955,-0.00015767702461744193,16044.138847029,16044.418203123,16044.138896756,16044.143274167,16044.41605239,16044.416052824,0.27935609399901296,0.004377410999950371,0.2727782229994773,0.002150298998458311
130,0,16,0.3084934998769313,0.029220283877293696,16044.587840519,16044.867113735,16044.587888838,16044.59223559,16044.864879581,16044.864880123,0.2792732159996376,0.004346752000856213,0.27264399100022274,0.0022336120000545634
131,1,16,0.2875467089470476,-0.003669078052553232,16044.997706311,16045.288922098,16044.997755063,16045.002317083,16045.286591523,16045.286591848,0.2912157869996008,0.004562020001685596,0.2842744399986259,0.002330249999431544
132,0,16,0.279536624904722,0.0006371759045578074,16045.427477651,16045.7063771,16045.427527379,16045.431645861,16045.704120737,16045.70412117,0.27889944900016417,0.0041184819983755006,0.2724748760010698,0.002255929999591899
133,0,16,0.27856658305972815,-0.0024315959399245912,16045.834809626,16046.115807805,16045.83485957,16045.839898387,16046.113542992,16046.113543317,0.28099817899965274,0.00503881699842168,0.27364460500029963,0.0022644879991275957
134,1,16,0.324766666861251,0.03406440386061149,16046.255904038,16046.546606301,16046.255953982,16046.260854018,16046.544330112,16046.544330437,0.2907022630006395,0.004900036001345143,0.2834760939986154,0.0022758640006941278
135,4,16,0.31881354097276926,-0.005064094026238308,16046.717852522,16047.041730157,16046.717901816,16046.72238594,16047.039345522,16047.039345847,0.32387763499900757,0.004484123999645817,0.3169595819999813,0.0023843099988880567
136,0,16,0.2821702500805259,-0.0012422499185049674,16047.173603834,16047.457016334,16047.173652261,16047.177807579,16047.454796264,16047.454796698,0.28341249999903084,0.004155317999902763,0.27698868500010576,0.002219635998699232
137,10,16,0.387853667140007,-0.007075731859004009,16047.596132647,16047.991062046,16047.596182049,16047.600684483,16047.988331161,16047.988331486,0.394929398999011,0.004502434001551592,0.38764667799841845,0.0027305599996907404
138,0,16,0.2792875408194959,-0.0017407571813237155,16048.127787114,16048.408815412,16048.127835325,16048.132292257,16048.406506071,16048.406506396,0.28102829800081963,0.004456931999811786,0.2742138140001771,0.0023090159993444104
139,4,16,0.34016670915298164,-0.00676565384674177,16048.541871819,16048.888804182,16048.541921113,16048.546235038,16048.886248264,16048.886248589,0.3469323629997234,0.004313925001042662,0.34001322599942796,0.002555592998760403
140,0,16,0.3657953329384327,0.052291094938482274,16049.077740323,16049.391244561,16049.077789184,16049.082396381,16049.388861442,16049.388861767,0.3135042379999504,0.004607196999131702,0.30646506099947146,0.002382794000368449
141,0,16,0.3748369161039591,0.09659226410440169,16049.528833303,16049.807077955,16049.528882272,16049.533157629,16049.804928955,16049.804929172,0.2782446519995574,0.004275356999642099,0.27177132600081677,0.002148782999938703
142,0,16,0.27914383402094245,-0.00044800497926189564,16050.047228239,16050.326820078,16050.047276883,16050.051808893,16050.324676928,16050.324677253,0.27959183900020435,0.00453200999982073,0.2728680349991919,0.002142825000191806
143,0,16,0.3064737501554191,-0.0004932428455504123,16050.461563746,16050.768530739,16050.4616424,16050.465915482,16050.766270042,16050.766270367,0.3069669930009695,0.004273082000509021,0.3003545600004145,0.0022603720008191885
144,4,16,0.31850970815867186,-0.002928038840764202,16050.908261547,16051.229699294,16050.908312899,16050.912634192,16051.226912073,16051.226912398,0.32143774699943606,0.004321292999520665,0.3142778809997253,0.0027868959987245034
145,0,16,0.2796249999664724,-0.0009357090330013307,16051.361637866,16051.642198575,16051.361686727,16051.365988626,16051.640019674,16051.640019999,0.2805607089994737,0.004301898999983678,0.2740310480003245,0.0021785760000057053
146,0,16,0.28018900007009506,0.0014749190704606008,16051.782268916,16052.060982997,16051.782318751,16051.786652827,16052.058815147,16052.058815688,0.27871408099963446,0.004334076000304776,0.272162319999552,0.0021673089995601913
147,0,16,0.2734670410864055,-0.005078248914287542,16052.194383162,16052.472928452,16052.194432564,16052.198753856,16052.470739259,16052.470739476,0.27854529000069306,0.0043212920008954825,0.2719854030001443,0.0021889759991609026
148,0,16,0.28055183379910886,0.0021290747990860837,16052.606061238,16052.884483997,16052.606111398,16052.61053832,16052.882323622,16052.882323947,0.2784227590000228,0.004426921999765909,0.2717853020003531,0.002160050000384217
149,0,16,0.2854069999884814,0.004543159988315892,16053.029512335,16053.310376175,16053.029562604,16053.034321691,16053.308089477,16053.308090343,0.2808638400001655,0.004759086999911233,0.2737677859986434,0.0022858320007799193
150,1,16,0.2953973750118166,-0.004447994988368009,16053.441952463,16053.741797833,16053.442002515,16053.447298636,16053.73935242,16053.739352853,0.29984537000018463,0.0052961210003559245,0.2920537840000179,0.0024449800002912525
151,0,16,0.2754996248986572,-0.0034612511026352877,16053.871051564,16054.15001244,16053.871100207,16053.875750957,16054.147797787,16054.147798221,0.2789608760012925,0.0046507500010193326,0.2720468299994536,0.002214219000961748
152,0,16,0.2817985420115292,0.0002821810121531598,16054.287682978,16054.569199339,16054.28773238,16054.292858301,16054.566989887,16054.566990212,0.28151636099937605,0.005125920999489608,0.2741315860002942,0.0022091269984230166
153,0,16,0.30674445792101324,0.018435497921018396,16054.710424675,16054.998733635,16054.710473861,16054.714778577,16054.996403169,16054.996403494,0.28830895999999484,0.004304715999751352,0.28162459200029843,0.0023301410001295153
154,0,16,0.280469291144982,0.00039480514351453166,16055.148649333,16055.428723819,16055.148698085,16055.15312479,16055.426472548,16055.426472765,0.28007448600146745,0.0044267049997870345,0.27334775800045463,0.0022510540002258494
155,1,16,0.2957749171182513,-0.0012879998812422855,16055.565822005,16055.862884922,16055.565871624,16055.570302447,16055.860243091,16055.860243416,0.2970629169994936,0.004430823000802775,0.28994064399921626,0.002641506000145455
156,0,16,0.27919858298264444,-0.0014011280181875918,16055.996671746,16056.277271457,16055.996721148,16056.001288802,16056.275059296,16056.275059729,0.28059971100083203,0.004567653999401955,0.273770494000928,0.0022117280004749773
157,0,16,0.27899250015616417,0.0010303951548849,16056.415270151,16056.693232256,16056.415318687,16056.419768468,16056.691000594,16056.691001028,0.27796210500127927,0.004449780999493669,0.27123212600054103,0.002231227999800467
158,0,16,0.2877858751453459,0.0032554321460338542,16056.830162843,16057.114693286,16056.83021192,16056.834719121,16057.11244754,16057.112447973,0.28453044299931207,0.004507200999796623,0.27772841899968626,0.0022453129986388376
159,0,16,0.28211158281192183,0.002206970812039799,16057.252631094,16057.532535706,16057.25267898,16057.257368297,16057.530244458,16057.530245,0.27990461199988204,0.004689317000156734,0.27287616099965817,0.002290705999257625
160,0,16,0.3036316249053925,-0.004469453095225617,16057.666767476,16057.974868554,16057.666816228,16057.671581166,16057.97246886,16057.972469293,0.30810107800061814,0.004764937999425456,0.3008876940002665,0.0023992610003915615
161,0,16,0.3064752088394016,-0.0027394801618356723,16058.109274207,16058.418488896,16058.109322743,16058.113930807,16058.416165471,16058.416165688,0.3092146890012373,0.004608064000422019,0.30223466400093457,0.0023232080002344446
162,3,16,0.30574108310975134,-0.0015348908891610336,16058.558217862,16058.865493836,16058.558265964,16058.562807183,16058.86314051,16058.863140727,0.3072759739989124,0.004541218999293051,0.30033332700077153,0.0023531089991593035
163,0,16,0.2815595839638263,0.0007841479637136217,16058.997225156,16059.278000592,16058.997274233,16059.001897031,16059.275791573,16059.275791898,0.2807754360001127,0.004622798000127659,0.27389454200056207,0.002208693998909439
164,0,16,0.288288916926831,0.007545766928160447,16059.417122647,16059.697865797,16059.417172482,16059.421732877,16059.695668696,16059.695669021,0.28074314999867056,0.004560394998406991,0.27393581900105346,0.0021967759985273005
165,3,16,0.31212724978104234,-0.0008760312193771824,16059.84224378,16060.155247061,16059.842293182,16059.847044252,16060.152895251,16060.152895576,0.3130032810004195,0.004751069998746971,0.30585099900054047,0.0023514849999628495
166,0,16,0.3367145420052111,0.023853184005929506,16060.323799231,16060.636660589,16060.323848417,16060.328455939,16060.634249085,16060.63424941,0.3128613579992816,0.004607521999787423,0.30579314600072394,0.0024111789989547106
167,4,16,0.3431499998550862,-0.000722780145224533,16060.779223795,16061.123096575,16060.779271897,16060.78389307,16061.120551815,16061.12055214,0.34387278000031074,0.004621173000487033,0.33665874500002246,0.0025444349994359072
168,0,16,0.28875137493014336,0.008849254929373274,16061.25946066,16061.53936278,16061.259510171,16061.264671844,16061.537135235,16061.53713556,0.2799021200007701,0.00516167299974768,0.2724633910002012,0.0022272200003499165
169,2,16,0.30361454212106764,-0.003686131878566812,16061.684480497,16061.991781171,16061.684529899,16061.68911922,16061.989382018,16061.989382344,0.30730067399963445,0.004589321000821656,0.30026279800040356,0.002398827000433812
170,0,16,0.2772724579554051,-0.0028642150446103187,16062.128434412,16062.408571085,16062.128484464,16062.133559791,16062.406339856,16062.406340181,0.28013667300001543,0.0050753270006680395,0.2727800649990968,0.002230903999588918
171,0,16,0.33386637503281236,0.04448291503285873,16062.588224578,16062.877608038,16062.588274414,16062.593516907,16062.875247021,16062.875247346,0.28938345999995363,0.0052424929999688175,0.281730114000311,0.0023606919985468267
172,1,16,0.3196078329347074,0.00044670793613477144,16063.017657578,16063.336818703,16063.017706764,16063.022357621,16063.333908301,16063.333908518,0.31916112499857263,0.004650856999433017,0.31155068000043684,0.0029101849995640805
173,0,16,0.29908787505701184,0.017153978058559005,16063.47518434,16063.757118237,16063.475251293,16063.479871274,16063.754885167,16063.754885492,0.28193389699845284,0.004619980998540996,0.27501389300050505,0.0022327449987642467
174,0,16,0.31643258314579725,0.0044677261448669014,16063.919932267,16064.231897124,16063.91998091,16063.924762099,16064.229472512,16064.229472945,0.31196485700093035,0.004781189001732855,0.3047104129982472,0.0024241789997176966
175,0,16,0.29300550022162497,0.004996095221940777,16064.366793875,16064.65480328,16064.366843819,16064.371585031,16064.652539658,16064.652539983,0.2880094049996842,0.004741212000226369,0.28095462700002827,0.0022632969994447194
176,0,16,0.34668800001963973,0.05696219001947611,16064.865624744,16065.155350554,16064.865672955,16064.870795084,16065.15305248,16065.153052805,0.2897258100001636,0.005122128999573761,0.2822573960002046,0.0022977489988988964
177,2,16,0.3042076660785824,-0.0024366949201066745,16065.286397284,16065.593041645,16065.286446145,16065.291476403,16065.590548021,16065.590548346,0.3066443609986891,0.005030257998441812,0.2990716180011077,0.002493298999979743
178,0,16,0.2821402498520911,0.0015997998525563162,16065.731092775,16066.011633225,16065.731165795,16065.735804085,16066.009373287,16066.009373612,0.28054044999953476,0.004638290000002598,0.27356920199963497,0.002259613000205718
179,0,16,0.2755539999343455,-0.003647171066404553,16066.1440123,16066.423213471,16066.144060078,16066.148748095,16066.42099416,16066.420994485,0.27920117100075004,0.00468801699935284,0.27224606500021764,0.0022189859992067795
180,0,16,0.3222439580131322,0.04213567001170304,16066.559614175,16066.839722463,16066.559662819,16066.564678343,16066.837410956,16066.837411389,0.2801082880014292,0.0050155240005551605,0.2727326130006986,0.0023110740003176033
181,0,16,0.32621341687627137,0.04540472087683156,16067.069889042,16067.350697738,16067.069939095,16067.074995571,16067.348161862,16067.348162295,0.2808086959994398,0.0050564760003908304,0.2731662910009618,0.002535442999942461
182,0,16,0.2997132500167936,0.005572436015427229,16067.489979375,16067.784120189,16067.490029427,16067.494836509,16067.78161519,16067.781615515,0.2941408140013664,0.0048070820012071636,0.2867786810002144,0.002504674001102103
183,0,16,0.3922142500523478,0.10180937605218787,16067.923868007,16068.214272881,16067.923916109,16067.92869318,16068.211993442,16068.211993767,0.2904048740001599,0.004777070998898125,0.28330026200092107,0.0022791139999753796
184,0,16,0.28101612511090934,0.0005374281099648215,16068.464026385,16068.744505082,16068.464075679,16068.46904386,16068.742287613,16068.742287938,0.2804786970009445,0.004968180999640026,0.27324375300122483,0.002217144001406268
185,0,16,0.3007621250580996,-0.006748834943209658,16068.875926771,16069.183437731,16068.875975957,16068.881004265,16069.181059704,16069.181060029,0.3075109600013093,0.005028307999964454,0.3000554390000616,0.0023777020014676964
186,0,16,0.31938674999400973,0.031239647993061226,16069.353607935,16069.641755037,16069.353656037,16069.358725947,16069.639449922,16069.639450247,0.2881471020009485,0.005069910001111566,0.2807239750000008,0.0023047900012898026
187,0,16,0.3125150410924107,-0.000727016908058431,16069.783133564,16070.096375622,16069.783182316,16069.788057217,16070.093772143,16070.09377236,0.3132420580004691,0.0048749010002211435,0.3057149260002916,0.0026032620007754304
188,2,16,0.30246325000189245,0.004209045000607148,16070.23834936,16070.536603565,16070.238398112,16070.243968004,16070.534286207,16070.534286532,0.2982542050012853,0.005569892000494292,0.29031820299860556,0.0023170330005086726
189,4,16,0.3188798751216382,-0.004204073879009229,16070.674125787,16070.997209736,16070.674174539,16070.67921314,16070.994746988,16070.994747313,0.3230839490006474,0.005038600998886977,0.31553384800099593,0.0024624230009067105
190,0,16,0.2823439999483526,-0.003898297050909605,16071.13174767,16071.417989967,16071.13179718,16071.136654206,16071.415737396,16071.415737721,0.2862422969992622,0.00485702600053628,0.2790831900001649,0.0022522460003528977
191,0,16,0.3274322079960257,0.04539517299599538,16071.595972884,16071.878009919,16071.596023153,16071.601018093,16071.875754098,16071.875754423,0.2820370350000303,0.004994939999960479,0.2747360049997951,0.002255496001453139
192,0,16,0.3028174168430269,0.022277508844126714,16072.016761241,16072.297301149,16072.016811076,16072.021729096,16072.295018893,16072.295019326,0.28053990799890016,0.004918020000332035,0.27328979699996125,0.0022818229990662076
193,1,16,0.28897800017148256,-0.0009842038289207267,16072.459199285,16072.749161489,16072.459249554,16072.464237452,16072.746855507,16072.746855832,0.2899622040004033,0.00498789800076338,0.2826180550000572,0.00230565700076113
194,0,16,0.27982145897112787,-0.0023571760284539778,16072.884359203,16073.166537838,16072.884408606,16072.889301383,16073.164268799,16073.164269232,0.28217863499958185,0.004892777000350179,0.27496741600043606,0.002268606000143336
195,0,16,0.3460050839930773,0.06414279799355427,16073.301424513,16073.583286799,16073.301474998,16073.306425845,16073.580978217,16073.580978542,0.281862285999523,0.004950847000145586,0.2745523720004712,0.00230825699873094
196,0,16,0.35465470887720585,0.07490567087734235,16073.871351239,16074.151100277,16073.871400858,16073.876434042,16074.148843806,16074.148844131,0.2797490379998635,0.005033184001149493,0.2724097640002583,0.0022561460009455914
197,0,16,0.35996516584418714,0.07952384484451613,16074.276764974,16074.557206295,16074.276815027,16074.281769123,16074.554810283,16074.554810608,0.280441320999671,0.004954095998982666,0.2730411600005027,0.0023956869990797713
198,0,16,0.2818626251537353,0.0012931401543028187,16074.786707026,16075.067276511,16074.786755887,16074.792341921,16075.065036723,16075.065037157,0.28056948499943246,0.005586033999861684,0.2726948019990232,0.002239354000266758
199,1,16,0.31519387499429286,-0.003429025005971198,16075.205064487,16075.523687387,16075.205113456,16075.210102329,16075.52124349,16075.521243815,0.31862290000026405,0.004988872999092564,0.3111411610007053,0.0024435720006295014
200,0,16,0.3176238329615444,0.03627506996053853,16075.65839422,16075.939742983,16075.658444598,16075.66373476,16075.937449893,16075.937450326,0.28134876300100586,0.005290162000164855,0.27371513299840444,0.002292656999998144
201,0,16,0.2995089590549469,0.017740385055731167,16076.131470245,16076.413238819,16076.131519322,16076.136771349,16076.410980505,16076.41098083,0.28176857399921573,0.005252027000096859,0.2742091559994151,0.0022579889991902746
202,0,16,0.2789184581488371,-0.002296830851264531,16076.5477202,16076.828935489,16076.547770035,16076.55292835,16076.826653992,16076.826654317,0.2812152890001016,0.005158314999789582,0.27372564200049965,0.0022811720009485725
203,0,16,0.2827517921105027,0.0018479751106497133,16076.964342838,16077.245246655,16076.964391049,16076.969823676,16077.242968408,16077.242968733,0.280903816999853,0.005432627000118373,0.27314473200021894,0.0022779219998483313
204,0,16,0.2794540838804096,-0.0031481541191169526,16077.378414975,16077.661017213,16077.378464594,16077.384013794,16077.65878165,16077.658782192,0.28260223799952655,0.005549200001041754,0.2747678559990163,0.0022350210001604864
205,0,16,0.28437904198653996,0.002777200987111428,16077.799234534,16078.080836375,16077.799284586,16077.804417008,16078.078594095,16078.07859442,0.28160184099942853,0.005132421998496284,0.2741770870015898,0.002241955000499729
206,4,16,0.31154570798389614,-0.0027531920168257784,16078.215684264,16078.529983164,16078.215734317,16078.22086858,16078.527525292,16078.527525617,0.3142989000007219,0.005134262999490602,0.3066567120004038,0.0024575469997216715
207,2,16,0.4080907090101391,0.08895569301057549,16078.671173723,16078.990308739,16078.671222692,16078.677374361,16078.987862458,16078.987862783,0.3191350159995636,0.00615166899842734,0.310488097000416,0.0024459559990646085
208,0,16,0.28494479204528034,0.0005905070447624894,16079.226379758,16079.510734043,16079.226428402,16079.233461945,16079.508334457,16079.508334782,0.28435428500051785,0.00703354299912462,0.27487251200000173,0.0023992610003915615
209,0,16,0.2759980410337448,-0.004600693966494873,16079.638588476,16079.919187211,16079.638636903,16079.644847941,16079.916919256,16079.916919581,0.2805987350002397,0.006211037998582469,0.27207131500108517,0.00226763000136998
210,0,16,0.27972287498414516,-0.00022333901506499387,16080.055012205,16080.334958419,16080.055062691,16080.061220751,16080.332691872,16080.332692197,0.27994621399921016,0.006158059999506804,0.2714711209991947,0.0022662219998892397
211,2,16,0.301192999817431,0.0011034338167519309,16080.480099211,16080.780188777,16080.48015013,16080.486175693,16080.777845201,16080.777845634,0.30008956600067904,0.006025562999639078,0.29166950800026825,0.002343142999961856
212,2,16,0.2949802498333156,-0.007370336166786728,16080.911720863,16081.214071449,16080.911771782,16080.918164287,16081.211701548,16081.211701981,0.30235058600010234,0.0063925049998942995,0.2935372609990736,0.0023694680003245594
213,4,16,0.33279079105705023,-0.004624155943020014,16081.345903416,16081.683318363,16081.345952277,16081.352145981,16081.680764936,16081.680765261,0.33741494700007024,0.006193703999088029,0.3286189549999108,0.002553102000092622
214,0,16,0.28513354202732444,0.0026501520278543467,16081.824831012,16082.107314402,16081.824879439,16081.831204775,16082.104965735,16082.104966385,0.2824833899994701,0.006325336000372772,0.273760959998981,0.0023480169984395616
215,0,16,0.29291275003924966,0.009823640039030579,16082.245674405,16082.528763515,16082.245725216,16082.252578592,16082.526392205,16082.526392746,0.2830891100002191,0.006853376000435674,0.2738136129992199,0.0023707689997536363
216,0,16,0.29106529196724296,0.009277866967750015,16082.679453831,16082.961241256,16082.67950345,16082.686281965,16082.958673745,16082.95867407,0.28178742499949294,0.006778515000405605,0.2723917800012714,0.00256718600030581
217,0,16,0.2881724580656737,0.002387132066360209,16083.104882754,16083.39066808,16083.104933131,16083.112479548,16083.387910219,16083.387910652,0.2857853259993135,0.007546416998593486,0.27543067100123153,0.0027574279993132222
218,0,16,0.29856204078532755,0.008007442786038155,16083.539828334,16083.830382932,16083.539878386,16083.546108384,16083.82804109,16083.828041415,0.2905545979992894,0.0062299979999806965,0.28193270600058895,0.002341516999877058
219,0,16,0.3427173749078065,0.05554910890714382,16084.024312713,16084.311480979,16084.024360707,16084.029939591,16084.309141737,16084.30914217,0.2871682660006627,0.005578883999987738,0.2792021459990792,0.002338809001230402
220,2,16,0.32945229089818895,-0.0031174391024251236,16084.449163542,16084.781733272,16084.449211969,16084.454532682,16084.779125676,16084.779126001,0.33256973000061407,0.005320713000401156,0.3245929939985217,0.0026072710006701527
221,0,16,0.3089805841445923,6.891814518894535e-05,16084.924237109,16085.233148775,16084.924286078,16084.930526367,16085.230599357,16085.230599574,0.30891166599940334,0.006240288999833865,0.3000729900013539,0.0025492009990557563
222,0,16,0.2810728750191629,-0.0015594799806422088,16085.37323385,16085.655866205,16085.373283252,16085.378788466,16085.653600416,16085.653600741,0.2826323549998051,0.005505213999640546,0.2748119500010944,0.002265463999719941
223,0,16,0.28242091718129814,9.786818191059865e-05,16085.787596442,16086.069919491,16085.787645953,16085.794404641,16086.067657711,16086.067658036,0.28232304899938754,0.0067586879995360505,0.273253070001374,0.0022614549998252187
224,0,16,0.3369000421371311,0.05486853113688994,16086.286358625,16086.568390136,16086.286407269,16086.293054369,16086.56614179,16086.566142115,0.28203151100024115,0.006647099999099737,0.273087420999218,0.0022480210009234725
225,0,16,0.28062066715210676,-0.003954519848775817,16086.696324846,16086.980900033,16086.69637544,16086.702822006,16086.978598277,16086.978598602,0.2845751870008826,0.006446565999794984,0.2757762710007228,0.0023014310008875327
226,1,16,0.28854754217900336,-0.0017085828203562414,16087.11707041,16087.407326535,16087.117139205,16087.123348293,16087.405042004,16087.405042438,0.2902561249993596,0.006209088000105112,0.2816937110001163,0.0022840969995741034
227,3,16,0.3574738339520991,0.01397926295248908,16087.544436205,16087.887930776,16087.544485716,16087.551450789,16087.88535904,16087.885359365,0.34349457099961,0.006965073000174016,0.3339082509992295,0.0025714109997352352
228,0,16,0.2968465001322329,0.003412918133108178,16088.043324602,16088.336758184,16088.043373896,16088.049786336,16088.334413525,16088.334413958,0.2934335819991247,0.006412439999621711,0.2846271890011849,0.002344225998967886
229,0,16,0.3276722920127213,0.04546029001357965,16088.524831627,16088.807043629,16088.524880054,16088.531012655,16088.804768523,16088.804768848,0.28221200199914165,0.006132600999990245,0.2737558680000802,0.002274780999869108
230,0,16,0.31179070798680186,0.020792139986951952,16088.943416165,16089.234414733,16088.943467084,16088.949559491,16089.232077983,16089.232078308,0.2909985679998499,0.006092407000323874,0.2825184920002357,0.0023364250009763055
231,0,16,0.2871430842205882,0.0046492942219629185,16089.403182497,16089.685676287,16089.403232766,16089.409430262,16089.683429783,16089.683430108,0.2824937899986253,0.006197495999003877,0.27399952099949587,0.0022461789994849823
232,2,16,0.30712733301334083,-0.0019061049861193169,16089.817901197,16090.126934635,16089.817949841,16089.824073558,16090.124381642,16090.124381967,0.30903343799946015,0.006123716999354656,0.3003080839989707,0.0025526680001348723
233,0,16,0.2813296669628471,-0.0010167830369027797,16090.266562847,16090.548909297,16090.266612358,16090.272759693,16090.546500611,16090.546500936,0.2823464499997499,0.006147334999695886,0.2737409180008399,0.002408361000561854
234,1,16,0.3002443751320243,-0.00013293686788529158,16090.682984193,16090.983361505,16090.683053746,16090.689248859,16090.980973836,16090.980974161,0.3003773119999096,0.006195113001012942,0.2917249769998307,0.0023873439986346057
235,0,16,0.2871186248958111,0.005841691896421253,16091.11888326,16091.400160193,16091.118933745,16091.125101556,16091.397827235,16091.39782756,0.28127693299938983,0.006167810999613721,0.2727256790003594,0.0023326329992414685
236,4,16,0.38746774988248944,0.04104890988310217,16091.549512206,16091.895931046,16091.549560417,16091.555979356,16091.893312833,16091.89331305,0.3464188399993873,0.006418939001378021,0.33733347700035665,0.0026179959986620815
237,2,16,0.3398469160310924,0.03662788903056935,16092.118812196,16092.422031223,16092.118861273,16092.125242077,16092.419297737,16092.419298171,0.30321902700052306,0.006380803999491036,0.2940556600005948,0.002733052000621683
238,0,16,0.47793091693893075,0.19522088293888373,16092.771709313,16093.054419347,16092.771758391,16092.778220124,16093.052084547,16093.052084981,0.282710034000047,0.006461733000833192,0.2738644229993952,0.0023343659995589405
239,0,16,0.3456508331000805,0.06335096909970162,16093.259821836,16093.5421217,16093.259870805,16093.266250417,16093.539813118,16093.539813552,0.2822998640003789,0.006379611999363988,0.2735627010006283,0.002308147999428911
240,6,16,0.39662350015714765,-0.010584209843727876,16093.673937308,16094.081145018,16093.673987794,16093.680315512,16094.07824675,16094.078247292,0.4072077100008755,0.006327717999738525,0.3979312379997282,0.0028977260008105077
241,1,16,0.3639531668741256,0.07108890287418035,16094.240847461,16094.533711725,16094.240896647,16094.247037807,16094.531371074,16094.531371399,0.29286426399994525,0.006141159999970114,0.2843332669999654,0.0023403260001941817
242,0,16,0.48591308388859034,0.2039320588883129,16094.947761977,16095.229743002,16094.94781138,16094.954345916,16095.227455329,16095.227456088,0.28198102500027744,0.006534535999890068,0.27310941300129343,0.002286914001160767
243,0,16,0.35004491708241403,0.0682185990808648,16095.359577643,16095.641403961,16095.35962672,16095.365455216,16095.639099279,16095.639099604,0.2818263180015492,0.005828496001413441,0.27364406299966504,0.0023043569999572355
244,0,16,0.287481082836166,0.005592469835391967,16095.854067069,16096.135955682,16095.85411658,16095.860429456,16096.133629657,16096.133629982,0.28188861300077406,0.006312875999356038,0.27320020100160036,0.0023257000011653872
245,2,16,0.3609613748267293,0.015095601827852079,16096.301342855,16096.647208628,16096.301392149,16096.307220428,16096.644607532,16096.644607965,0.3458657729988772,0.005828278999615577,0.3373871040002996,0.0026006629996118136
246,3,16,0.4180207911413163,0.10868963914072083,16096.868842261,16097.178173413,16096.868889713,16096.875316128,16097.175750642,16097.175750967,0.30933115200059547,0.00642641500053287,0.3004345139997895,0.0024224459994002245
247,1,16,0.4196074998471886,0.1192009368478466,16097.433510027,16097.73391659,16097.433558454,16097.439772092,16097.731349079,16097.731349729,0.300406562999342,0.006213638000190258,0.29157698699964385,0.002566860999650089
248,1,16,0.4177300832234323,0.12514197422387952,16098.003186058,16098.295774167,16098.003235244,16098.009546495,16098.293314236,16098.29331467,0.2925881089995528,0.0063112510015344014,0.2837677409988828,0.0024594970000180183
249,0,16,0.41908916598185897,0.13164387898177665,16098.573681128,16098.861126415,16098.573730964,16098.580121844,16098.858468333,16098.858468658,0.2874452870000823,0.006390879998434684,0.2783464889998868,0.0026577570006338647
250,0,16,0.4197522921022028,0.13770702310102934,16099.137571025,16099.419616294,16099.137620969,16099.143723452,16099.417286044,16099.417286369,0.28204526900117344,0.006102482999267522,0.2735625919995073,0.0023299250005948124
251,0,16,0.42050220794044435,0.13784948594184243,16099.714620782,16099.997273504,16099.714670184,16099.720816653,16099.994988323,16099.994988648,0.2826527219986019,0.006146469000668731,0.27417167000021436,0.0022848559983685846
252,0,16,0.4283553750719875,0.12666890207219694,16100.276298192,16100.577984665,16100.276345753,16100.282328955,16100.575610538,16100.575610863,0.30168647299979057,0.005983201999697485,0.29328158300086216,0.0023738020008750027
253,0,16,0.4155906669329852,0.11240587493193743,16100.845218997,16101.148403789,16100.845268724,16100.852173886,16101.145998136,16101.145998461,0.30318479200104775,0.0069051619993842905,0.293824250000398,0.002405328001259477
254,1,16,0.42015804117545485,0.1292230671751895,16101.41298849,16101.703923464,16101.413036593,16101.419072448,16101.701512394,16101.701512611,0.29093497400026536,0.006035854999936419,0.28243994600052247,0.002410852999673807
255,0,16,0.4199171669315547,0.13673672893128241,16102.005034552,16102.28821499,16102.005084496,16102.011334211,16102.285825263,16102.285825588,0.28318043800027226,0.006249714999285061,0.2744910519995756,0.0023894019996077986
256,0,16,0.41950745903886855,0.11946924603762454,16102.547250384,16102.847288597,16102.547300003,16102.553226328,16102.844882185,16102.84488251,0.300038213001244,0.005926325000473298,0.29165585699956864,0.002406087000053958
257,2,16,0.4200095417909324,0.07587685779071762,16103.11529874,16103.459431424,16103.115349226,16103.121299819,16103.456850804,16103.456851129,0.3441326840002148,0.005950593000306981,0.33555098499891756,0.0025802950003708247
258,0,16,0.42125037498772144,0.13579959798698837,16103.681537846,16103.966988623,16103.681586056,16103.687562217,16103.9646912,16103.964691742,0.28545077700073307,0.005976160999125568,0.27712898300160305,0.0022968810008023866
259,0,16,0.42619454208761454,0.13815664408866724,16104.250314994,16104.538352892,16104.25036353,16104.256593419,16104.536084395,16104.536084828,0.2880378979989473,0.006229889000678668,0.27949097599957895,0.0022680639995087404
260,5,16,0.414676875108853,0.0854359491077048,16104.82065774,16105.149898666,16104.820705084,16104.826724255,16105.147408725,16105.147409159,0.3292409260011482,0.006019170999934431,0.3206844700016518,0.0024895070000638952
261,0,16,0.4183711251243949,0.127949567124233,16105.38714364,16105.677565198,16105.387192717,16105.393889437,16105.675196597,16105.675196922,0.2904215580001619,0.006696720000036294,0.2813071599994146,0.002368276000197511
262,1,16,0.42000124999321997,0.12305696399198496,16105.959080693,16106.256024979,16105.959130096,16105.965422279,16106.253619976,16106.253620301,0.296944286001235,0.006292182999459328,0.28819769700021425,0.002404677999948035
263,0,16,0.4215016660746187,0.1345169260748662,16106.520619756,16106.807604496,16106.520694726,16106.526557673,16106.805178584,16106.805179017,0.2869847399997525,0.005862947000423446,0.2786209109999618,0.002425479000521591
264,0,16,0.42141933320090175,0.13489448920154246,16107.091378088,16107.377902932,16107.091426298,16107.097849571,16107.375652202,16107.375652527,0.2865248439993593,0.006423273000109475,0.27780263099884905,0.0022504049993585795
265,0,16,0.4203749999869615,0.12398919798761199,16107.666133238,16107.96251904,16107.666199,16107.672054146,16107.960131913,16107.960132238,0.2963858019993495,0.005855146000612876,0.28807776699977694,0.0023868019998189993
266,4,16,0.4196005000267178,0.08993423802530742,16108.228200667,16108.557866929,16108.228248661,16108.234455799,16108.555269951,16108.555270384,0.32966626200141036,0.006207137999808765,0.3208141520008212,0.0025965450004150625
267,0,16,0.4185640839859843,0.13243034098559292,16108.796105366,16109.082239109,16108.796154227,16108.80247577,16109.079954686,16109.079955011,0.2861337430003914,0.006321543000012753,0.27747891599938157,0.0022840980000182753
268,3,16,0.4233900411054492,0.07169978210549743,16109.362060517,16109.713750776,16109.362108836,16109.368677391,16109.711076877,16109.711077202,0.35169025899995177,0.006568554999830667,0.34239948600043135,0.0026735739993455354
269,0,16,0.4168622500728816,0.12796035407336603,16109.980415574,16110.26931747,16109.980464218,16109.986769619,16110.267030339,16110.267030664,0.28890189599951555,0.0063054009988263715,0.2802607200010243,0.002286806000483921
270,0,16,0.42104958300478756,0.1251639790043555,16110.50090599,16110.796791594,16110.500955392,16110.506961346,16110.7944049,16110.794405225,0.29588560400043207,0.00600595399919257,0.28744355399976484,0.0023863690003054217
271,2,16,0.46913191699422896,0.13518163099433878,16111.125627659,16111.459577945,16111.125676953,16111.131879433,16111.457018777,16111.457019102,0.3339502859998902,0.006202480000865762,0.3251393440004904,0.0025588429998606443
272,0,16,0.3719218750484288,0.07475332904687093,16111.637584371,16111.934752917,16111.637633557,16111.643736256,16111.932420717,16111.932421151,0.29716854600155784,0.006102698998802225,0.28868446100022993,0.0023317660015891306
273,0,16,0.28227537497878075,-0.0036914180218445836,16112.117117795,16112.403084588,16112.117167414,16112.123207928,16112.400739063,16112.400739388,0.28596679300062533,0.0060405139993235935,0.27753113499966275,0.002345200000490877
274,0,16,0.37923662504181266,0.09011653604102321,16112.563580827,16112.852700916,16112.563630554,16112.569692519,16112.850369583,16112.850369908,0.28912008900078945,0.006061965001208591,0.28067706399997405,0.002331008001419832
275,7,16,0.4309225829783827,0.067628093978783,16113.142741449,16113.506035938,16113.142790092,16113.149403499,16113.503336363,16113.503336688,0.3632944889995997,0.006613406998440041,0.35393286399994395,0.0026992500006599585
276,0,16,0.38262891699559987,0.09384879299614113,16113.700098542,16113.988878666,16113.700146102,16113.706579993,16113.986467704,16113.986468029,0.28878012399945874,0.006433890999687719,0.2798877109999012,0.002410637000139104
277,0,16,0.41215074993669987,0.12387169093562989,16114.261973345,16114.550252404,16114.262023722,16114.268334432,16114.547907745,16114.547908178,0.28827905900107,0.006310709999524988,0.27957331300058286,0.0023442260007868754
278,0,16,0.3197530419565737,-0.004381138043754618,16114.726055661,16115.050189841,16114.72610528,16114.732306134,16115.04758452,16115.047584954,0.32413418000032834,0.006200853998961975,0.3152783860005002,0.0026048870004160563
279,1,16,0.3108890000730753,-0.004082787927472964,16115.185847886,16115.500819674,16115.185898155,16115.19230496,16115.498294199,16115.498294524,0.31497178800054826,0.0064068049996421905,0.30598923900106456,0.0025251499992009485
280,0,16,0.31734670884907246,0.029721688848439953,16115.665251629,16115.952876649,16115.665301248,16115.671866011,16115.95052159,16115.950521915,0.2876250200006325,0.006564762999914819,0.27865557900076965,0.002354734000618919
281,0,16,0.2842434998601675,-0.0016042291390476748,16116.092470951,16116.37831868,16116.092519486,16116.098796828,16116.375890276,16116.375890601,0.2858477289992152,0.006277342001340003,0.27709344799950486,0.002428078998491401
282,2,16,0.39594812504947186,0.07000361004975275,16116.539721494,16116.865666009,16116.539771221,16116.545871212,16116.863091347,16116.863091781,0.3259445149997191,0.006099991000155569,0.31722013500075263,0.0025742279995029094
283,0,16,0.34336683386936784,0.04626383286813507,16117.107602359,16117.40470536,16117.107649486,16117.113965071,16117.4023165,16117.402316716,0.29710300100123277,0.006315584998446866,0.2883514290006133,0.0023886440012574894
284,0,16,0.2929569589905441,-0.0023048320108500775,16117.537063093,16117.832324884,16117.537110329,16117.543325484,16117.829970692,16117.829971017,0.29526179100139416,0.006215155000973027,0.28664520799975435,0.0023538670011475915
285,4,16,0.3214505419600755,0.00043997196007694583,16117.973019795,16118.294030365,16117.973069739,16117.979285545,16118.291523523,16118.29152374,0.32101056999999855,0.006215805999090662,0.3122379779997573,0.0025066250000236323
286,4,16,0.3551951670087874,0.024922101008996833,16118.43503664,16118.765309706,16118.435085284,16118.441442038,16118.762503851,16118.762504176,0.33027306599979056,0.0063567540000804,0.3210618129996874,0.0028055299990228377
287,0,16,0.2903743330389261,0.0035738770402531372,16118.931675067,16119.218475523,16118.931725011,16118.938389228,16119.216089479,16119.216090021,0.286800455998673,0.0066642170004342915,0.2777002509992599,0.002385501999015105
288,0,16,0.3066269578412175,0.019589889840062824,16119.381399408,16119.668436476,16119.381448485,16119.387718676,16119.665974595,16119.665975028,0.2870370680011547,0.006270190999202896,0.2782559190000029,0.002461448000758537
289,0,16,0.28519745799712837,-0.0012841590032621752,16119.803610681,16120.090092298,16119.803680234,16119.810389195,16120.087679169,16120.087679494,0.28648161700039054,0.006708961000185809,0.27728997400117805,0.002412804000414326
290,0,16,0.28145791590213776,-0.005177108097996097,16120.222293265,16120.508928289,16120.222360543,16120.229086947,16120.506517544,16120.506517869,0.28663502400013385,0.006726403998982278,0.2774305969996931,0.0024104200001602294
291,0,16,0.28449774999171495,-0.0030443910090980353,16120.640837718,16120.928379859,16120.640887012,16120.647547979,16120.925956872,16120.925957197,0.287542141000813,0.00666096700115304,0.27840889300023264,0.002422662000753917
292,1,16,0.3923790829721838,0.06146985397208482,16121.081253085,16121.412162314,16121.081302271,16121.088156514,16121.409102622,16121.409102947,0.330909229000099,0.006854242999907001,0.3209461079986795,0.003059366999877966
293,0,16,0.3593050001654774,0.052957161165977595,16121.653909072,16121.960256911,16121.653958691,16121.661003609,16121.957754186,16121.957754511,0.3063478389994998,0.00704491800024698,0.2967505769993295,0.0025023999987752177
294,4,16,0.322039500111714,0.0007352251104748575,16122.100657033,16122.421961308,16122.100709469,16122.107414205,16122.419345478,16122.419345911,0.32130427500123915,0.006704736000756384,0.3119312729995727,0.0026153970011364436
295,0,16,0.2886695000343025,0.0008233610351453535,16122.564786909,16122.852633048,16122.564836528,16122.57184277,16122.850210386,16122.850210711,0.2878461389991571,0.0070062419999885606,0.27836761599974125,0.002422337000098196
296,0,16,0.28400883404538035,-0.0035807599542749813,16122.985567791,16123.273157385,16122.985617952,16122.992745966,16123.270450334,16123.270450659,0.28758959399965534,0.0071280140000453684,0.27770436799983145,0.0027067259998148074
297,0,16,0.285789875080809,-0.0011971399198955623,16123.410946228,16123.697933243,16123.410995522,16123.417533958,16123.695448069,16123.695448394,0.28698701500070456,0.006538436000482761,0.2779141110004275,0.002484848999301903
298,0,16,0.30746916704811156,0.019991271048638737,16123.851402439,16124.138880335,16123.851451299,16123.858363287,16124.136353885,16124.136354427,0.2874778959994728,0.006911987999046687,0.2779905980005424,0.002525907999370247
299,0,16,0.28724904195405543,5.163395508134272e-05,16124.28247904,16124.569676448,16124.282529525,16124.289356467,16124.567323122,16124.567323447,0.2871974079989741,0.006826941998951952,0.2779666550013644,0.0023530010003014468
300,0,16,0.2866210830397904,-0.0013593949588539544,16124.703353634,16124.991334112,16124.70340152,16124.71019076,16124.988921309,16124.988921634,0.28798047799864435,0.006789240000216523,0.27873054899828276,0.002412477999314433
301,0,16,0.28414254100061953,-0.0023452519981219666,16125.126540277,16125.41302807,16125.126591088,16125.133427347,16125.410664127,16125.41066456,0.2864877929987415,0.0068362590009201085,0.2772367799989297,0.0023635099987586727
302,0,16,0.2944977921433747,0.008350399142727838,16125.559461014,16125.845608407,16125.559510308,16125.566747635,16125.843208929,16125.843209254,0.28614739300064684,0.0072373270013486035,0.27646129399909114,0.0023991529997147154
303,0,16,0.2863921669777483,-0.0004901930224150419,16125.981097877,16126.267980237,16125.981148687,16125.987933485,16126.26546137,16126.265461804,0.2868823600001633,0.006784797998989234,0.2775278850003815,0.00251843300065957
304,0,16,0.29295745911076665,0.005760592110163998,16126.408166717,16126.695363584,16126.408215794,16126.41510763,16126.692842117,16126.692842442,0.28719686700060265,0.0068918360011593904,0.27773448699917935,0.002521141999750398
305,2,16,0.3534522079862654,0.01827683098599664,16126.857166274,16127.192341651,16126.857216543,16126.864088879,16127.189591373,16127.189591698,0.3351753770002688,0.006872336000014911,0.32550249400082976,0.002749953000602545
306,4,16,0.3311577499844134,-0.0033509120148664806,16127.33213887,16127.666647532,16127.332187406,16127.339634585,16127.663933981,16127.663934306,0.33450866199927987,0.007447178999427706,0.32429939600115176,0.0027132260001963004
307,0,16,0.31249316688627005,0.02502317888502148,16127.807255773,16128.094725761,16127.807368011,16127.814251397,16128.09227168,16128.092272114,0.28746998800124857,0.006883386000481551,0.27802028299993253,0.002453647000947967
308,2,16,0.322080000070855,-0.002797164928779239,16128.26263841,16128.587515575,16128.26268792,16128.269473694,16128.584947089,16128.584947414,0.32487716499963426,0.006785773999581579,0.3154733950013906,0.0025681610004539834
309,0,16,0.30656995880417526,0.0033685908038023626,16128.731112979,16129.034314347,16128.731162057,16128.73813103,16129.031698734,16129.031699167,0.3032013680003729,0.0069689730007667094,0.2935677039986331,0.0026151799993385794
310,0,16,0.2883635419420898,1.2437942132237367e-05,16129.165513509,16129.453864613,16129.165563128,16129.172695584,16129.451517138,16129.451517463,0.28835110399995756,0.007132456001272658,0.27882155400038755,0.0023471500007872237
311,0,16,0.288158040959388,0.0013423089585558046,16129.596563026,16129.883378758,16129.596611995,16129.603599061,16129.881059126,16129.881059451,0.2868157320008322,0.0069870659990556305,0.27746006500092335,0.0023193070010165684
312,0,16,0.31964770797640085,0.02289669797573879,16130.019640031,16130.316391041,16130.019689216,16130.026575961,16130.313920276,16130.313920818,0.29675101000066206,0.006886744999064831,0.2873443150001549,0.0024702230002731085
313,0,16,0.30446941684931517,-0.004250490150297992,16130.477151625,16130.785871532,16130.477200702,16130.48424107,16130.783430452,16130.783430777,0.30871990699961316,0.007040368000161834,0.299189381999895,0.002440754999042838
314,0,16,0.3060252498835325,0.02322627088324225,16130.923958956,16131.206757935,16130.924008466,16130.930650474,16131.204456828,16131.204457153,0.2827989790002903,0.0066420080001989845,0.27380635400004394,0.002300782000020263
315,0,16,0.3058119169436395,0.009104674943955615,16131.36431452,16131.661021762,16131.364363489,16131.371255759,16131.658558906,16131.658559231,0.2967072419996839,0.00689227000111714,0.28730314699896553,0.0024625309997645672
316,0,16,0.2934107920154929,0.007467074015949038,16131.815609984,16132.101553702,16131.815658845,16131.822443643,16132.099178925,16132.09917925,0.2859437179995439,0.006784797998989234,0.27673528200102737,0.0023744519985484658
317,0,16,0.30441099987365305,-0.0021522161277971463,16132.238372916,16132.544936132,16132.238421669,16132.245407109,16132.542467426,16132.542467751,0.3065632160014502,0.006985439998970833,0.2970603169997048,0.0024683810006536078
318,0,16,0.31848716689273715,0.030835494892016868,16132.678635743,16132.966287415,16132.678685796,16132.685879138,16132.963920872,16132.963921522,0.2876516720007203,0.007193342000391567,0.27804173399999854,0.0023658930003875867
319,5,16,0.40729175019077957,0.04376563319237903,16133.142702675,16133.506228792,16133.142751536,16133.149941953,16133.503428462,16133.503428787,0.36352611699840054,0.007190416999947047,0.35348650900050416,0.002800004998789518
320,0,16,0.28726141690276563,0.0014959169038775144,16133.695900659,16133.981666159,16133.695950494,16133.702931602,16133.979215979,16133.979216304,0.2857654999988881,0.006981107999308733,0.27628437699968345,0.00244985499921313
321,4,16,0.33121887501329184,-0.0038175039862835547,16134.119189573,16134.454225952,16134.119239626,16134.126401766,16134.451564403,16134.451564728,0.3350363789995754,0.007162140000218642,0.3251626370001759,0.0026612239998939913
322,0,16,0.29629329103045166,0.00016110903015942313,16134.587667393,16134.883799575,16134.587716687,16134.595368409,16134.881395871,16134.881396196,0.29613218200029223,0.007651722000446171,0.28602746199976536,0.0024033789995883126
323,0,16,0.29373904201202095,0.004721224011518643,16135.027673458,16135.316691276,16135.027722319,16135.035026166,16135.314343476,16135.314343909,0.2890178180005023,0.007303847000002861,0.2793173099998967,0.0023473670007660985
324,0,16,0.2974032920319587,0.010037201031082077,16135.457116859,16135.74448295,16135.457166586,16135.464535869,16135.742114673,16135.742114998,0.2873660910008766,0.007369282999206916,0.2775788039998588,0.002367951999985962
325,0,16,0.2822876248974353,-0.004171241103904322,16135.88442816,16136.170887026,16135.88447702,16135.891444152,16136.168470755,16136.168471297,0.28645886600133963,0.006967131999772391,0.2770266030001949,0.002415729000858846
326,0,16,0.2933611669577658,0.0023499229573644698,16136.305223559,16136.596234803,16136.305272853,16136.312201416,16136.593847458,16136.593847784,0.29101124400040135,0.006928562999746646,0.28164604199992027,0.002387018999797874
327,0,16,0.28643858316354454,0.00016161716303031426,16136.736882262,16137.023159228,16136.736930797,16136.743907354,16137.020747724,16137.020748157,0.2862769660005142,0.0069765570005984046,0.2768403699992632,0.002411071000096854
328,0,16,0.2863542498089373,5.182480890653096e-05,16137.159678237,16137.445980662,16137.159729156,16137.166764324,16137.443570242,16137.443570567,0.2863024250000308,0.007035168000584235,0.276805917999809,0.0024100949995045085
329,3,16,0.3162759591359645,0.00048719013466325123,16137.580543297,16137.896332066,16137.580594216,16137.587448893,16137.893844509,16137.893844834,0.31578876900130126,0.0068546769998647505,0.3063956160003727,0.002487232000930817
330,0,16,0.3389853329863399,0.05303652398652048,16138.082714022,16138.368662831,16138.082763532,16138.09021212,16138.366304846,16138.366305171,0.28594880899981945,0.007448587999533629,0.2760927260005701,0.002357660001507611
331,0,16,0.2882789589930326,0.0006044279925845331,16138.513242322,16138.800916853,16138.513290966,16138.520611714,16138.79856136,16138.798561685,0.28767453100044804,0.007320747999983723,0.2779496459988877,0.0023551680005766684
332,0,16,0.30566212511621416,-0.0019734238831006223,16138.938249158,16139.245884707,16138.938299536,16138.945630142,16139.243340489,16139.243340922,0.3076355489993148,0.007330606000323314,0.29771034700024757,0.0025437849999434547
333,0,16,0.31693370803259313,-0.004352473966719117,16139.376665791,16139.697951973,16139.376714869,16139.383701068,16139.695415122,16139.695415881,0.32128618199931225,0.006986198999584303,0.31171405399982177,0.0025360919989907416
334,0,16,0.29139549983665347,0.0037710208362113917,16139.839662123,16140.127286602,16139.839712176,16139.847620118,16140.124909225,16140.12490955,0.2876244790004421,0.007907941999292234,0.27728910699988774,0.0023770520001562545
335,1,16,0.30700991698540747,0.011164831985297496,16140.265733817,16140.561578902,16140.265783003,16140.272923692,16140.559122221,16140.559122438,0.29584508500011,0.0071406890001526335,0.286198529000103,0.002456463998896652
336,0,16,0.38622804218903184,0.09912738019011158,16140.708232315,16140.995332977,16140.708280525,16140.715376796,16140.992903164,16140.992903489,0.28710066199892026,0.007096271001501009,0.27752636799959873,0.0024294880004163133
337,0,16,0.3185673342086375,0.0032189612084039254,16141.243932787,16141.55928116,16141.243982731,16141.250946612,16141.556577901,16141.556578226,0.31534837300023355,0.006963880998227978,0.3056312890003028,0.00270293399989896
338,4,16,0.31319741695187986,-0.0065390930485591525,16141.695168015,16142.014904525,16141.695218284,16141.702340447,16142.01228447,16142.012284795,0.319736510000439,0.007122163000531145,0.3099440229998436,0.0026197299994237255
339,2,16,0.29985366598702967,-0.005374387012125226,16142.144056092,16142.449284145,16142.144105061,16142.151058975,16142.446742094,16142.446742311,0.3052280529991549,0.006953914000405348,0.2956831190003868,0.002541833999202936
340,0,16,0.392920000012964,0.10564577901277517,16142.651738422,16142.939012643,16142.651787174,16142.659010526,16142.936599081,16142.936599406,0.28727422100018885,0.007223352000437444,0.2775885549999657,0.0024132369999279035
341,0,16,0.28807216603308916,-0.000879781966432347,16143.126642657,16143.415594605,16143.126690867,16143.134023424,16143.413191552,16143.413191877,0.2889519479995215,0.007332556999244844,0.2791681279995828,0.002402727999651688
342,0,16,0.31462283385917544,-0.00022176514175953344,16143.550188767,16143.865033366,16143.550239144,16143.557365641,16143.862466506,16143.862466831,0.314844599000935,0.007126496999262599,0.3051008649999858,0.0025665350003691856
343,2,16,0.4156888748984784,0.10812352989887586,16144.011541606,16144.319106951,16144.0115909,16144.018800601,16144.316468695,16144.316469129,0.30756534499960253,0.007209700999737834,0.2976680940009828,0.002637821999087464
344,7,16,0.3731649999972433,-0.0078115020023687975,16144.571168929,16144.952145431,16144.571217032,16144.57869162,16144.949221812,16144.949222137,0.3809765019996121,0.007474587999240612,0.37053019199993287,0.002923293999629095
345,0,16,0.3162145831156522,0.026709893116276362,16145.087352246,16145.376856936,16145.087400998,16145.094771798,16145.374372413,16145.374372738,0.28950468999937584,0.007370799999989686,0.2796006150001631,0.0024841979993652785
346,0,16,0.2909192079678178,0.00472934596837149,16145.546627263,16145.832817125,16145.546676124,16145.554153746,16145.830403888,16145.830404213,0.2861898619994463,0.007477621998987161,0.27625014200020814,0.0024129119992721826
347,5,16,0.41950874985195696,0.06138535885111196,16146.045272116,16146.403395507,16146.045320652,16146.052719945,16146.400505473,16146.400505798,0.358123391000845,0.007399293001071783,0.3477855279998039,0.002889709001465235
348,2,16,0.31407675007358193,-0.0012878729266958544,16146.538506118,16146.853870741,16146.538556061,16146.545945821,16146.85125632,16146.851256645,0.3153646230002778,0.007389760001387913,0.30531049899946083,0.0026140959998883773
349,0,16,0.3071632501669228,0.002257070165796904,16146.998195421,16147.303101601,16146.998245365,16147.005466983,16147.300552183,16147.300552616,0.3049061800011259,0.0072216180014947895,0.2950851999994484,0.002548985001340043
350,0,16,0.2932050002273172,-0.0031556667727272725,16147.438592263,16147.73495293,16147.438643723,16147.44586545,16147.732503183,16147.732503616,0.2963606670000445,0.007221726998977829,0.28663773300104367,0.002449314000841696
351,0,16,0.3310212080832571,0.02503554408212949,16147.868002836,16148.1739885,16147.868052455,16147.875258148,16148.171537995,16148.17153832,0.3059856640011276,0.007205693000287283,0.29627984699982335,0.002450179999868851
352,0,16,0.2846166251692921,-0.0022257588298089104,16148.33869455,16148.625536934,16148.338743519,16148.345971638,16148.623167358,16148.623167791,0.286842383999101,0.007228119000501465,0.2771957200002362,0.0023691429996688385
353,2,16,0.319207709049806,-0.005570976949456963,16148.761590955,16149.086369641,16148.761643391,16148.769072152,16149.083709392,16149.083709717,0.32477868599926296,0.007428760998664075,0.314637240000593,0.002659923999090097
354,1,16,0.33923758286982775,0.0029664728681382257,16149.221420232,16149.557691342,16149.221469959,16149.228998392,16149.555053195,16149.55505352,0.3362711100016895,0.0075284329996065935,0.3260548029993515,0.0026378220009064535
355,1,16,0.3197604171000421,0.006013935098962975,16149.703054229,16150.016800711,16149.703103522,16149.710370101,16150.014347063,16150.014347388,0.31374648200107913,0.0072665789994061925,0.3039769619990693,0.002453323000736418
356,0,16,0.290481667034328,0.00010864503383345436,16150.156325568,16150.44669859,16150.156375187,16150.163641874,16150.444299654,16150.444299979,0.29037302200049453,0.007266687000083039,0.28065778000018327,0.0023986109990801197
357,0,16,0.3373694159090519,0.016576823909417726,16150.605279948,16150.92607254,16150.605329675,16150.612747386,16150.92355259,16150.923552915,0.32079259199963417,0.007417711000016425,0.31080520400064415,0.0025196250007866183
358,0,16,0.2964905840344727,0.00037053603409731295,16151.062960008,16151.359080056,16151.063008544,16151.070556152,16151.356664327,16151.356664869,0.2961200480003754,0.007547608000095352,0.28610817499975383,0.0024151870002242504
359,0,16,0.30132770794443786,-0.0029472920559783233,16151.496628605,16151.800903605,16151.496678657,16151.504001247,16151.798333278,16151.798333711,0.3042750000004162,0.007322589999603224,0.29433203100052197,0.0025698940007714555
360,2,16,0.3053458340000361,-0.0025035749986273004,16151.932639909,16152.240489318,16151.932689528,16151.940610579,16152.238011945,16152.23801227,0.3078494089986634,0.007921051001176238,0.2974013660004857,0.002477047999491333
361,0,16,0.2908314161468297,0.0033136501460830914,16152.377424671,16152.664942437,16152.377474182,16152.38472711,16152.6625474,16152.662547834,0.28751776600074663,0.007252928000525571,0.2778202899989992,0.0023946030014485586
362,0,16,0.35712708393111825,0.06956728393197409,16152.878505404,16153.166065204,16152.878554806,16152.886033078,16153.163705378,16153.163705703,0.28755979999914416,0.0074782720002986025,0.2776722999988124,0.0023595009988639504
363,0,16,0.32981662498787045,0.011440735986980144,16153.303399026,16153.621774915,16153.303475188,16153.311032114,16153.61926894,16153.619269157,0.3183758890008903,0.007556925998869701,0.3082368260002113,0.002505758000552305
364,0,16,0.28863941691815853,0.0012474329178076005,16153.774140684,16154.061532668,16153.774189545,16153.781919053,16154.059131565,16154.059131999,0.28739198400035093,0.0077295080009207595,0.277212511999096,0.0024006690000533126
365,0,16,0.28488545888103545,-0.00390799111846718,16154.197123001,16154.485916451,16154.197171862,16154.204717195,16154.483406684,16154.483407009,0.2887934499995026,0.007545332999143284,0.27868948899958923,0.0025094419997913064
366,0,16,0.2863196670077741,-0.0014574599917978048,16154.622193215,16154.909970342,16154.622242184,16154.630155435,16154.907461659,16154.907462201,0.2877771269995719,0.00791325099999085,0.2773062240012223,0.0025081410003622295
367,1,16,0.382823915919289,0.08326130892055517,16155.129925056,16155.429487663,16155.129974242,16155.141071882,16155.427102811,16155.427103136,0.2995626069987338,0.011097640001025866,0.2860309289990255,0.0023845269988669315
368,1,16,0.3014875410590321,-0.004086111941433046,16155.567935095,16155.873508748,16155.567984498,16155.575318463,16155.871031158,16155.871031808,0.30557365300046513,0.007333964998906595,0.2957126950004749,0.0024769400006334763
369,0,16,0.3581555839627981,0.07076002496251022,16156.008982834,16156.296378393,16156.009032778,16156.016575186,16156.294062011,16156.294062336,0.2873955590002879,0.007542408000517753,0.277486824999869,0.0023160570017353166
370,3,16,0.3416610839776695,-0.0071384910224878695,16156.507149373,16156.855948948,16156.507197042,16156.51519978,16156.853218063,16156.853218388,0.34879957500015735,0.008002738000868703,0.33801828300056513,0.0027305599996907404
371,0,16,0.283318875124678,-0.0026792278767970856,16156.989528629,16157.275526732,16156.989577381,16156.997111989,16157.272627706,16157.272628464,0.2859981030014751,0.007534607999332366,0.2755157169995073,0.0028982680014451034
372,1,16,0.3319123750552535,0.0009963210541172884,16157.407125229,16157.738041283,16157.407174307,16157.41481877,16157.735389485,16157.73538981,0.3309160540011362,0.007644462999451207,0.32057071500094025,0.002651473001606064
373,0,16,0.2875353340059519,0.00046099800601950847,16157.882177346,16158.169251682,16157.882225448,16157.890203593,16158.166717431,16158.166717756,0.2870743359999324,0.0079781450003793,0.27651383800002804,0.0025339260009786813
374,0,16,0.288814082974568,3.948497396777384e-05,16158.307203683,16158.595978281,16158.307279953,16158.314854213,16158.593584978,16158.593585303,0.28877459800060024,0.007574260000183131,0.27873076499963645,0.0023929779999889433
375,0,16,0.3031572909094393,0.006515593910080497,16158.736624548,16159.033266245,16158.736674059,16158.74452794,16159.030764604,16159.030765038,0.29664169699935883,0.00785388099939155,0.286236664000171,0.002501207000022987
376,0,16,0.3075472500640899,0.001390086064930074,16159.174894166,16159.48105133,16159.174944544,16159.182792141,16159.478550122,16159.478550664,0.3061571639991598,0.007847597000363749,0.29575798099904205,0.002500665999832563
377,0,16,0.3401668749283999,0.05243730792790302,16159.670360913,16159.95809048,16159.670410749,16159.678226712,16159.955649617,16159.955649942,0.2877295670004969,0.007815962999302428,0.27742290500100353,0.0024405380008829525
378,4,16,0.32411762489937246,0.0020498898993537296,16160.09890673,16160.420974465,16160.098956024,16160.106641872,16160.418278032,16160.418278248,0.32206773500001873,0.007685848000619444,0.3116361600004893,0.002696216999538592
379,0,16,0.2955647921189666,-0.002649869880769984,16160.560817295,16160.859031957,16160.560866481,16160.56842774,16160.856571809,16160.856572242,0.29821466199973656,0.007561258998975973,0.28814406899982714,0.0024597149986220757
380,0,16,0.2853566249832511,-0.0014822920165897813,16160.992358884,16161.279197801,16160.99240872,16160.999858607,16161.276802657,16161.276802982,0.2868389169998409,0.0074498869998933515,0.27694404999965627,0.002394818999164272
381,0,16,0.2860716248396784,-0.0026531381608947413,16161.411443079,16161.700167842,16161.411491939,16161.419040306,16161.697748754,16161.697749296,0.28872476300057315,0.007548367000708822,0.2787084480005433,0.0024185460006265203
382,1,16,0.39087487501092255,0.08403388001170242,16161.903471924,16162.210312919,16161.903521002,16161.911660896,16162.207831538,16162.207831863,0.30684099499922013,0.008139894000123604,0.29617064200101595,0.002481056000760873
383,0,16,0.35528195812366903,0.06780601212449255,16162.374103186,16162.661579132,16162.37415313,16162.381847753,16162.659060699,16162.659061024,0.2874759459991765,0.0076946230001340155,0.2772129459990538,0.002518108000003849
384,0,16,0.2838706250768155,-0.003943553923818399,16162.869486512,16163.157300691,16162.869533747,16162.877703435,16163.154787891,16163.154788216,0.2878141790006339,0.008169688000634778,0.2770844560000114,0.002512475000912673
385,1,16,0.2912041249219328,-0.004676820077293087,16163.289549977,16163.585430922,16163.289599054,16163.297685104,16163.582966116,16163.582966441,0.2958809449992259,0.008086050000201794,0.2852810120002687,0.002464481000060914
386,1,16,0.29653845890425146,-0.00035815809678751975,16163.720978136,16164.017874753,16163.721028405,16163.728410906,16164.015413197,16164.015413522,0.296896617001039,0.007382501000392949,0.2870022909992258,0.0024612310007796623
387,3,16,0.344632999971509,0.018230754971227725,16164.181246291,16164.507648536,16164.181294068,16164.189176226,16164.505062932,16164.505063257,0.32640224500028125,0.007882158000938944,0.315886705999219,0.0025852790004137205
388,1,16,0.2984885419718921,0.0025124759722530143,16164.643054151,16164.939030217,16164.643104095,16164.650876614,16164.936552736,16164.936553061,0.2959760659996391,0.007772519000354805,0.28567612200095027,0.002477156000168179
389,0,16,0.2891485830768943,0.0005309670759743312,16165.08101013,16165.369627746,16165.08105834,16165.088610932,16165.367233577,16165.367233902,0.28861761600091995,0.007552592000138247,0.2786226450007234,0.002393844000835088
390,0,16,0.28958875010721385,-0.001821070891310228,16165.502017872,16165.793427693,16165.502068249,16165.509884104,16165.790734509,16165.790734943,0.2914098209985241,0.007815855000444571,0.2808504050008196,0.002692749998459476
391,4,16,0.3305205418728292,-0.0025187261271639727,16165.933403671,16166.266442939,16165.933452964,16165.941297528,16166.26378865,16166.263789083,0.33303926799999317,0.007844563999242382,0.32249112200042873,0.0026538560014159884
392,0,16,0.34787250007502735,0.05954057207418373,16166.458338343,16166.746670271,16166.45838612,16166.466356357,16166.744224424,16166.744224749,0.2883319280008436,0.007970236998517066,0.2778680669998721,0.0024455220009258483
393,0,16,0.3175193751230836,0.02787189412265434,16166.920315861,16167.209963342,16166.920364722,16166.92837981,16167.207538946,16167.207539271,0.28964748100042925,0.008015088000320247,0.27915913600008935,0.00242407100085984
394,1,16,0.3081422077957541,0.010315397796148318,16167.343190056,16167.641016866,16167.3432374,16167.351403946,16167.638206786,16167.638207111,0.29782680999960576,0.008166546000211383,0.2868028399989271,0.0028097550002712524
395,0,16,0.29632304213009775,0.008430210129517945,16167.800926778,16168.08881961,16167.800978238,16167.808872205,16168.086324469,16168.086324903,0.2878928320005798,0.007893967000200064,0.2774522640011128,0.002494706999641494
396,0,16,0.3095294579397887,0.02061781193879142,16168.247712441,16168.536624087,16168.24776011,16168.25602676,16168.534151373,16168.534151698,0.2889116460009973,0.008266650000223308,0.27812461299981805,0.002472389000104158
397,2,16,0.36390962498262525,0.03976135998345853,16168.720603423,16169.044751688,16168.720653151,16168.728789687,16169.042020803,16169.042021237,0.3241482649991667,0.008136536000165506,0.31323111599886033,0.0027304509985697223
398,0,16,0.2961032090242952,0.0033628850233071717,16169.18541334,16169.478153664,16169.185462092,16169.193701007,16169.47540902,16169.475409345,0.29274032400098804,0.00823891499931051,0.28170801300075254,0.002744319001067197
399,1,16,0.33139874995686114,0.014319779957077117,16169.619510089,16169.936589059,16169.619559816,16169.627563421,16169.934017865,16169.934018298,0.317078969999784,0.00800360500034003,0.3064544440003374,0.0025707610002427828
400,0,16,0.3228959159459919,0.0017429899471608223,16170.086969636,16170.408122562,16170.087020014,16170.094979308,16170.4055193,16170.405519625,0.32115292599883105,0.00795929400010209,0.31053999200048565,0.0026029370001197094
401,0,16,0.2983057911042124,-0.0006358198970701778,16170.551186292,16170.850127903,16170.551235152,16170.559845885,16170.84765313,16170.847653455,0.2989416110012826,0.00861073300075077,0.28780724500029464,0.0024744479997025337
402,0,16,0.3945042921695858,0.10585439116948692,16170.99790186,16171.286551761,16170.997951154,16171.006313575,16171.284112848,16171.284113064,0.2886499010000989,0.008362421000128961,0.27779927299889096,0.0024386969998886343
403,0,16,0.2856422080658376,-0.002709220934775658,16171.525053677,16171.813405106,16171.525101021,16171.533251532,16171.810970959,16171.810971176,0.2883514290006133,0.008150511001076666,0.2777194270001928,0.0024339299998246133
404,4,16,0.4267413748893887,0.09126135188853368,16171.946208001,16172.281688024,16171.946257945,16171.954287334,16172.278874369,16172.278874694,0.335480023000855,0.00802938900051231,0.3245870350001496,0.002813330000208225
405,0,16,0.2901171250268817,0.0016564910256420262,16172.52287424,16172.811334874,16172.522922451,16172.531045119,16172.808904194,16172.808904628,0.28846063400123967,0.008122667999487021,0.27785907500037865,0.002430246000585612
406,0,16,0.31826041592285037,-0.0036133930771029554,16172.947874576,16173.269748385,16172.94792387,16172.956256715,16173.267143389,16173.267143714,0.3218738089999533,0.008332845000040834,0.31088667399853875,0.0026046710008813534
407,0,16,0.2884409590624273,3.0760620575165376e-06,16173.406180507,16173.69461839,16173.406228609,16173.414236655,16173.69214015,16173.692140583,0.28843788300036977,0.008008046001123148,0.2779034949999186,0.0024778070001048036
408,0,16,0.28673524991609156,-0.00275102308478381,16173.829237577,16174.11872385,16173.829315581,16173.83723219,16174.116277787,16174.116278112,0.28948627300087537,0.007916608999948949,0.2790455969989125,0.002445738000460551
409,0,16,0.290295833023265,-0.008251751976786181,16174.247200145,16174.54574773,16174.247271215,16174.255241776,16174.54326884,16174.543269598,0.2985475850000512,0.007970561000547605,0.28802706399983435,0.0024781320007605245
410,0,16,0.2937082501593977,0.0045637841594725614,16174.688173671,16174.977318137,16174.688220907,16174.697069876,16174.974881066,16174.974881499,0.28914446599992516,0.008848968998790951,0.2778111900006479,0.002436638000290259
411,0,16,0.29164599999785423,0.002237730997876497,16175.112466233,16175.401874502,16175.11251336,16175.120737325,16175.399343718,16175.399343935,0.28940826899997774,0.008223965000070166,0.27860639299979084,0.0025305670005764114
412,0,16,0.30030783312395215,0.011803972123743733,16175.544161554,16175.832665415,16175.544211498,16175.552709126,16175.830209818,16175.830210251,0.2885038610002084,0.008497627999531687,0.2775006920001033,0.002455163999911747
413,0,16,0.2924121250398457,0.004109340041395626,16175.986506536,16176.274809321,16175.986555505,16175.994591286,16176.272333789,16176.272334115,0.2883027849984501,0.008035781000216957,0.27774250299989944,0.0024752059998718323
414,0,16,0.3003592921886593,0.011191533189048641,16176.416127611,16176.70529537,16176.416176905,16176.424713643,16176.702844864,16176.702845406,0.28916775899961067,0.008536737999747857,0.2781312209990574,0.0024499640003341483
415,0,16,0.28899645805358887,-0.0018256269468110986,16176.848097787,16177.138919872,16176.848146431,16176.856741888,16177.13614836,16177.136148794,0.29082208500039997,0.008595456998591544,0.2794064720001188,0.00277107800138765
416,0,16,0.2928178748115897,-0.005784855189631344,16177.266313216,16177.564915946,16177.266361643,16177.27490239,16177.56238072,16177.562380936,0.29860273000122106,0.008540746999642579,0.28747833000124956,0.0025350100004288834
417,2,16,0.3527971669100225,0.04827797091093089,16177.756643208,16178.061162404,16177.756691202,16177.765415148,16178.058592834,16178.058593484,0.3045191959990916,0.00872394600082771,0.2931776860004902,0.0025689199992484646
418,0,16,0.3042697091586888,-0.0031250028405338526,16178.192969453,16178.500364165,16178.193017663,16178.201250512,16178.497792321,16178.497792646,0.30739471199922264,0.008232849000705755,0.2965418090007006,0.0025715190004120814
419,0,16,0.2891467909794301,-0.0006460800195782213,16178.632753424,16178.922546295,16178.632802826,16178.641166765,16178.919909989,16178.919910423,0.2897928709990083,0.008363939001355902,0.27874322399839,0.0026358720006101066
420,0,16,0.29323770897462964,0.003761944975849474,16179.066875308,16179.356351072,16179.066923519,16179.075154959,16179.353633838,16179.353634271,0.28947576399878017,0.008231440000599832,0.27847887899952184,0.002716801000133273
421,2,16,0.3201455408707261,0.00260169087232498,16179.50062765,16179.8181715,16179.500680411,16179.508932869,16179.815459682,16179.815460116,0.31754384999840113,0.008252457999333274,0.3065268130012555,0.0027113839987578103
422,0,16,0.32301445910707116,0.006376101106070564,16179.960221832,16180.27686019,16179.960270476,16179.968342226,16180.27427047,16180.274270903,0.3166383580010006,0.008071750000453903,0.30592824399900564,0.002589286999864271
423,0,16,0.3466343330219388,0.05868549002116197,16180.422226977,16180.71017582,16180.422275079,16180.430858727,16180.707747957,16180.707748174,0.28794884300077683,0.008583648001149413,0.2768892299991421,0.0024276460007968126
424,0,16,0.29025929095223546,0.0014024639531271532,16180.903664231,16181.192521058,16180.903713525,16180.912298798,16181.190062211,16181.190062644,0.2888568269991083,0.008585273000790039,0.27776341299977503,0.0024584139991929987
425,0,16,0.2876227081287652,-0.00023686387066845782,16181.33415678,16181.622016352,16181.334204774,16181.342509776,16181.619535837,16181.619536162,0.2878595719994337,0.00830500199845119,0.2770260610013793,0.002480189999914728
426,3,16,0.3417884998489171,-0.0036503111514321063,16181.75818597,16182.103624781,16181.758235048,16181.766658355,16182.100738539,16182.100738756,0.34543881100034923,0.00842330699924787,0.3340801840004133,0.002886025000407244
427,0,16,0.32892341585829854,0.04118474885763135,16182.285425541,16182.573164208,16182.285474619,16182.294194123,16182.570708719,16182.570708936,0.2877386670006672,0.00871950399960042,0.27651459600019734,0.002455272000588593
428,0,16,0.32575774984434247,0.03805212584302353,16182.703853639,16182.991559263,16182.703901958,16182.71242277,16182.989110382,16182.989110816,0.28770562400131894,0.008520811999915168,0.2766876119985682,0.002448446999551379
429,0,16,0.2926575420424342,0.0031232750425260747,16183.178867945,16183.468402212,16183.178915722,16183.187472394,16183.465792016,16183.465792341,0.28953426699990814,0.008556672000850085,0.2783196220007085,0.002609871000458952
430,1,16,0.3013320411555469,0.0033184561543748714,16183.608492487,16183.906506072,16183.608542973,16183.616937895,16183.904019815,16183.90402014,0.29801358500117203,0.008394922000661609,0.28708191999976407,0.0024859320001269225
431,0,16,0.32002091710455716,0.030442123104876373,16184.046512602,16184.336091396,16184.046562762,16184.05492475,16184.333535477,16184.333535911,0.2895787939996808,0.008361988000615383,0.2786107270003413,0.0025554849999025464
432,0,16,0.3231247500516474,0.02127262805151986,16184.528016267,16184.829868389,16184.528065778,16184.546860642,16184.827312254,16184.827313012,0.30185212200012757,0.018794863999573863,0.2804516119995242,0.0025553770010446897
433,0,16,0.28722954192198813,-2.4419077817583457e-05,16184.968308996,16185.255562957,16184.968357748,16184.977008133,16185.253117327,16185.253117977,0.2872539609998057,0.008650385001601535,0.2761091939992184,0.0024449800002912525
434,0,16,0.2875935840420425,-0.0006891589582664892,16185.391287954,16185.679570697,16185.391338332,16185.400035194,16185.677067647,16185.677068081,0.288282743000309,0.008696861999851535,0.2770324530010839,0.00250261600012891
435,0,16,0.2886282908730209,0.0005355738721846137,16185.816609405,16186.104702122,16185.816659999,16185.825139534,16186.102195606,16186.102195931,0.2880927170008363,0.008479534999423777,0.27705607200005034,0.0025061910000658827
436,0,16,0.28900191700086,0.0013534959998651175,16186.245944792,16186.533593213,16186.245993869,16186.254518798,16186.531138266,16186.531138808,0.28764842100099486,0.008524928998667747,0.27661946800071746,0.0024544049992982764
437,0,16,0.34098545904271305,0.052275863043178106,16186.722573556,16187.011283152,16186.722623175,16186.731565207,16187.008709466,16187.008709791,0.28870959599953494,0.008942032000049949,0.2771442590001243,0.002573361000031582
438,5,16,0.3633240000344813,-0.004753844965307508,16187.152517913,16187.520595758,16187.15256634,16187.161469912,16187.517701932,16187.517702257,0.3680778449997888,0.008903571999326232,0.3562320199998794,0.002893500999562093
439,0,16,0.28519020788371563,-0.002636972116306424,16187.654059625,16187.941886805,16187.654108919,16187.662407421,16187.939372271,16187.939372596,0.28782718000002205,0.008298501999888686,0.27696484999978566,0.0025142089998553274
440,2,16,0.4708419169764966,0.15415978997589264,16188.246551932,16188.563234059,16188.246602093,16188.255505881,16188.56057511,16188.560575435,0.31668212700060394,0.008903787998860935,0.3050692289998551,0.002658624000105192
441,3,16,0.33375933300703764,0.007443218006301322,16188.703590304,16189.029906419,16188.703640898,16188.712104941,16189.026500045,16189.026500478,0.3263161150007363,0.008464042999548838,0.31439510400014115,0.0034059410008921986
442,0,16,0.29224470793269575,0.003118442933555343,16189.176253993,16189.465380258,16189.176302854,16189.184682717,16189.462896709,16189.462897034,0.2891262649991404,0.008379862998481258,0.27821399200001906,0.002483223999661277
443,0,16,0.3125903750769794,0.011053626076318324,16189.605757521,16189.90729427,16189.605807248,16189.61442979,16189.904737051,16189.904737485,0.3015367490006611,0.00862254200001189,0.29030726100063475,0.0025567850007064408
444,0,16,0.35825708298943937,0.062104750990329194,16190.132941948,16190.42909428,16190.132992325,16190.141972925,16190.426572163,16190.426572488,0.2961523319991102,0.008980599999631522,0.2845992380007374,0.0025217919992428506
445,1,16,0.3019238330889493,-0.002365251912124222,16190.565185353,16190.869474438,16190.565234322,16190.574080257,16190.866888293,16190.866888726,0.30428908500107354,0.008845934999044403,0.29280803599976934,0.0025857120017462876
446,0,16,0.2910404580179602,-0.0035520189831004245,16191.002439949,16191.297032426,16191.002489784,16191.01144655,16191.294076738,16191.294077063,0.2945924770010606,0.00895676599975559,0.28263018800134887,0.002955363001092337
447,0,16,0.29102912498638034,-0.0034971570148627507,16191.429782885,16191.724309167,16191.429832287,16191.438884174,16191.721684887,16191.721685212,0.2945262820012431,0.00905188700016879,0.28280071299923293,0.00262395500067214
448,0,16,0.2891241249162704,0.0005478949169628322,16191.859188042,16192.147764272,16191.859235819,16191.868343175,16192.145209437,16192.145210087,0.28857622999930754,0.009107355999731226,0.27686626200011233,0.0025541850009176414
449,0,16,0.2851721670012921,-0.004349315999206738,16192.284077114,16192.573598597,16192.284127599,16192.292857071,16192.57069502,16192.570695454,0.28952148300049885,0.008729471999686211,0.27783794900096836,0.002903143000366981
450,0,16,0.31118237506598234,0.023359096066997154,16192.707274591,16192.99509787,16192.70732421,16192.71602573,16192.992537076,16192.99253751,0.2878232789989852,0.008701520000613527,0.2765113459990971,0.0025603600006434135
451,2,16,0.30696470802649856,0.0030263150274549844,16193.164907741,16193.468846134,16193.164957251,16193.174056048,16193.466227813,16193.466228354,0.30393839299904357,0.009098796999751357,0.29217176500060305,0.0026177799991273787
452,0,16,0.3035999168641865,-0.004075392134836875,16193.600871918,16193.908547227,16193.600947863,16193.609621649,16193.905951115,16193.90595144,0.3076753089990234,0.0086737860001449,0.29632946600031573,0.002595787000245764
453,0,16,0.32384879095479846,-0.00014747504610568285,16194.051910945,16194.375907211,16194.051960564,16194.060591882,16194.373088139,16194.373088464,0.32399626600090414,0.008631317999970634,0.3124962570000207,0.0028187469997646986
454,0,16,0.30450337496586144,-0.0023154110331233824,16194.514016736,16194.820835522,16194.514065597,16194.52300882,16194.818190874,16194.818191307,0.3068187859989848,0.008943222999732825,0.29518205400017905,0.002644214999236283
455,0,16,0.2962669590488076,-0.0009942169508576626,16194.958638557,16195.255899733,16194.958686768,16194.967273883,16195.253380974,16195.253381299,0.2972611759996653,0.00858711500040954,0.2861070910003036,0.0025184339992847526
456,1,16,0.3286205418407917,-0.007020581158940331,16195.390231174,16195.725872297,16195.390280901,16195.398950462,16195.722976304,16195.722976629,0.33564112299973203,0.008669561000715476,0.3240258419991733,0.0028956679998373147
457,0,16,0.2893249581102282,-0.0009092838899960043,16195.858762512,16196.148996754,16195.858810615,16195.867779731,16196.146465753,16196.146466186,0.2902342420002242,0.008969115999207133,0.2786860220003291,0.002530567999201594
458,2,16,0.35424300003796816,-0.0058029629617522005,16196.286012061,16196.646058024,16196.286061355,16196.29481932,16196.643146756,16196.643147189,0.36004596299972036,0.008757965000768309,0.3483274359987263,0.0029108350008755224
459,4,16,0.35122541687451303,-0.0028194681253808085,16196.784956469,16197.139001354,16196.785007713,16196.793850615,16197.136226159,16197.136226484,0.35404488499989384,0.008842901999742026,0.3423755439998786,0.0027748699994845083
460,0,16,0.29637370887212455,0.008764613872699556,16197.278344744,16197.565953839,16197.278393497,16197.287080066,16197.563462815,16197.56346314,0.287609094999425,0.008686569000929012,0.27638274899982207,0.002490698998371954
461,0,16,0.28789370809681714,-0.001521060903542093,16197.711013053,16198.000427822,16197.711063322,16197.719604826,16197.997896497,16197.997896822,0.28941476900035923,0.008541503999367706,0.278291671000261,0.002531000000089989
462,0,16,0.32048383285291493,0.030950648853831808,16198.131848428,16198.421381612,16198.131898697,16198.140592526,16198.418869029,16198.418869354,0.2895331839990831,0.008693829000549158,0.2782765029987786,0.0025122579991148086
463,1,16,0.30570920812897384,-0.0017285148715018295,16198.598081152,16198.905518875,16198.598130446,16198.606992307,16198.902797415,16198.90279774,0.30743772300047567,0.00886186100069608,0.2958051079986035,0.0027211350006837165
464,0,16,0.29511229204945266,0.005154639049578691,16199.047180706,16199.337138359,16199.047230433,16199.056185249,16199.334570524,16199.334570849,0.28995765299987397,0.008954815999459242,0.2783852750017104,0.002567510000517359
465,4,16,0.32626312505453825,-0.00625806994503364,16199.474465898,16199.806987093,16199.474517142,16199.483908561,16199.804180587,16199.804181021,0.3325211949995719,0.009391419000166934,0.32027202599965676,0.0028060719996574335
466,3,16,0.33386658295057714,-0.002175717048885417,16199.942982069,16200.279024369,16199.943032446,16199.951818471,16200.276216347,16200.276216672,0.33604229999946256,0.00878602499869885,0.32439787600014824,0.0028076969992980594
467,0,16,0.31202891701832414,0.004640922019461868,16200.42456298,16200.731950975,16200.424612707,16200.433486161,16200.729362339,16200.729362664,0.30738799499886227,0.008873454000422498,0.2958761779991619,0.0025883109992719255
468,0,16,0.29149170801974833,0.0021525590200326405,16200.867372084,16201.156711233,16200.867422353,16200.876359076,16201.1542084,16201.154208834,0.2893391489997157,0.008936723001170321,0.27784932399845275,0.002502399000150035
469,0,16,0.29028033395297825,0.0012447479530237615,16201.294268449,16201.583304035,16201.294318501,16201.303260966,16201.580832837,16201.580833595,0.2890355859999545,0.008942464999563526,0.2775718709999637,0.0024704400002519833
470,6,16,0.4118652499746531,-0.0117712140254298,16201.72585619,16202.149492654,16201.725903967,16201.734789338,16202.146324407,16202.146324732,0.4236364640000829,0.008885370998541475,0.41153506900081993,0.003167921999192913
471,0,16,0.2935814999509603,0.0031147649515332887,16202.283342965,16202.5738097,16202.283393992,16202.292395285,16202.571281408,16202.571281733,0.290466734999427,0.009001292999528232,0.2788861230001203,0.0025279669989686226
472,0,16,0.2984753749333322,0.00017750993356457911,16202.71260739,16203.010905255,16202.71265625,16202.721600124,16203.008390614,16203.008390939,0.2982978649997676,0.00894387399966945,0.28679049000129453,0.0025143160000880016
473,0,16,0.3018070829566568,0.010564644955593394,16203.14876506,16203.440007498,16203.148814137,16203.157797554,16203.437435437,16203.437435762,0.2912424380010634,0.008983417001218186,0.27963788299894077,0.002571736000390956
474,0,16,0.3562584579922259,0.06668193899167818,16203.66397799,16203.953554509,16203.664024142,16203.674115968,16203.951041817,16203.951042142,0.2895765190005477,0.010091826001371373,0.2769258489988715,0.0025123670002358267
475,0,16,0.2851164999883622,-0.003035261011973489,16204.087878908,16204.376030669,16204.08792831,16204.096911943,16204.373557196,16204.373557521,0.2881517610003357,0.0089836329989339,0.2766452530013339,0.0024731480007176287
476,20,16,0.47790908301249146,-0.00043088598795293365,16204.513047493,16204.991387462,16204.513096353,16204.522066878,16204.987823996,16204.987824213,0.4783399690004444,0.008970525001132046,0.4657571179996012,0.0035632489998533856
477,4,16,0.3384204169269651,-0.00465282607365225,16205.142023284,16205.485096527,16205.142072145,16205.151689341,16205.482158716,16205.482159149,0.34307324300061737,0.009617196001272532,0.3304693749996659,0.0029373779998422833
478,0,16,0.3735761661082506,0.05623859310799162,16205.625716035,16205.943053608,16205.625765979,16205.634899769,16205.940196509,16205.940196943,0.317337573000259,0.009133789999395958,0.30529673999990337,0.0028566649998538196
479,4,16,0.3197149580810219,-0.0032098419178510085,16206.141799138,16206.464723938,16206.141846807,16206.151335189,16206.461961418,16206.461961851,0.3229247999988729,0.009488382000199636,0.3106262289984443,0.002762086998700397
480,1,16,0.3304537090007216,-0.003115334000540315,16206.603865819,16206.937434862,16206.603914354,16206.613081729,16206.93434516,16206.934345594,0.3335690430012619,0.009167374999378808,0.32126343100026133,0.0030892680006218143
481,0,16,0.2923878747969866,0.0015460717968380777,16207.074585917,16207.36542772,16207.074635536,16207.084146886,16207.362836375,16207.3628367,0.2908418030001485,0.009511349999229424,0.27868948899958923,0.002591020000181743
482,0,16,0.29602895909920335,0.007243093099532416,16207.504649879,16207.793435745,16207.504699065,16207.514053432,16207.790859892,16207.790860217,0.28878586599967093,0.009354366999104968,0.2768064600004436,0.0025755280003068037
483,2,16,0.3232495419215411,0.00937630392218125,16207.933472826,16208.247346064,16207.933520928,16207.943046362,16208.244481164,16208.244481923,0.31387323799935984,0.009525433999442612,0.3014348020005855,0.0028641409990086686
484,0,16,0.30104524991475046,0.0016595599136053352,16208.397644521,16208.697030211,16208.39769414,16208.406878091,16208.694360213,16208.694360538,0.2993856900011451,0.009183951000522939,0.2874821219993464,0.002669673000127659
485,5,16,0.37516429112292826,-0.006408938877939363,16208.83792869,16209.21950192,16208.837976793,16208.847549137,16209.216515248,16209.216515789,0.3815732300008676,0.009572344000844168,0.36896611099837173,0.0029861310013075126
486,0,16,0.2984040000010282,0.007523087000663509,16209.352224211,16209.643105124,16209.352274263,16209.361593312,16209.640555272,16209.640555597,0.29088091300036467,0.009319049000623636,0.2789619600007427,0.002549527000155649
487,0,16,0.29204254201613367,0.001412107016221853,16209.790881247,16210.081511682,16209.790930216,16209.800465617,16210.078495,16210.078495325,0.2906304349999118,0.009535400999084231,0.2780293830001028,0.003016356999069103
488,1,16,0.2979303749743849,-0.002596335025373264,16210.217347726,16210.517874436,16210.217397236,16210.227014758,16210.515262398,16210.515262723,0.30052670999975817,0.009617522000553436,0.2882476399990992,0.0026117130000784528
489,3,16,0.31550670810975134,-0.0051467778903315775,16210.648999603,16210.969653089,16210.649048139,16210.658817442,16210.966922529,16210.966923071,0.3206534860000829,0.009769303000211949,0.30810508700051287,0.0027300179990561446
490,0,16,0.28603329113684595,-0.0034210218636872014,16211.102399865,16211.391854178,16211.102473752,16211.111649686,16211.389301185,16211.38930151,0.28945431300053315,0.009175933999358676,0.2776514990000578,0.0025526680001348723
491,3,16,0.412396291969344,0.02398420397003065,16211.562057425,16211.950469513,16211.562105636,16211.571359899,16211.94738382,16211.947384145,0.38841208799931337,0.009254263000912033,0.37602392099870485,0.0030853680000291206
492,0,16,0.28912812494672835,-0.00018838205323845614,16212.084935727,16212.374252234,16212.084984805,16212.094258027,16212.371635646,16212.37163608,0.2893165069999668,0.009273222000047099,0.2773776190006174,0.002616153999042581
493,0,16,0.3113863340113312,0.010796787011713604,16212.527340512,16212.827930059,16212.527391323,16212.536831386,16212.825382482,16212.825382807,0.3005895469996176,0.009440063000511145,0.2885510960004467,0.0025472520010225708
494,4,16,0.3183084591291845,-0.00888227086943516,16212.958970506,16213.286161236,16212.959020125,16212.968218376,16213.283398933,16213.283399367,0.32719072999861964,0.00919825100027083,0.31518055699962133,0.0027618690000963397
495,1,16,0.30134562496095896,0.0022546139607584337,16213.412330032,16213.711421043,16213.412378784,16213.421683533,16213.708612046,16213.708612371,0.2990910110002005,0.009304749000875745,0.28692851300002076,0.002808672001265222
496,1,16,0.353077125037089,0.054734191036914126,16213.852629044,16214.150971978,16213.852678555,16213.862089692,16214.148396342,16214.148396667,0.29834293400017486,0.00941113699991547,0.2863066499994602,0.002575311000327929
497,0,16,0.30552545795217156,0.014928174952729023,16214.349240603,16214.639837886,16214.34928838,16214.35900243,16214.637317394,16214.637317719,0.29059728299944254,0.009714049998365226,0.2783149639999465,0.0025201669996022247
498,0,16,0.2892480839509517,-0.0019223090494051576,16214.786046461,16215.077216854,16214.786095538,16214.796310654,16215.074678811,16215.074679136,0.29117039300035685,0.010215115999017144,0.27836815699993167,0.002537718000894529
499,0,16,0.3177409579511732,-0.00554114204896905,16215.208275501,16215.531557601,16215.208324795,16215.217693355,16215.528813174,16215.528813824,0.32328210000014224,0.009368560000439174,0.31111981899994134,0.002743777000432601
500,3,16,0.3318382909055799,-0.009620385095331585,16215.661533407,16216.002992083,16215.661583134,16215.670964261,16216.000207245,16216.000207679,0.3414586760009115,0.009381126999869593,0.3292429840003024,0.0027844039996125503
501,0,16,0.29078245791606605,0.0005834269159095129,16216.13777562,16216.427974651,16216.13782578,16216.147368765,16216.42521614,16216.425216465,0.29019903100015654,0.009542984998915927,0.27784737500041956,0.002758185999482521
502,0,16,0.40690420800819993,0.10718407700733223,16216.568304354,16216.868024485,16216.568353106,16216.577824804,16216.865386229,16216.865386663,0.2997201310008677,0.009471698000197648,0.2875614249987848,0.0026378220009064535
503,6,16,0.43545308290049434,0.06543663190132065,16217.192964595,16217.562981046,16217.193012697,16217.202645169,16217.559437298,16217.559437623,0.3700164509991737,0.009632471999793779,0.35679212899958657,0.003543422999428003
504,0,16,0.28906300012022257,0.00037702211920986883,16217.707397055,16217.996083033,16217.707446457,16217.716832351,16217.993557557,16217.993557882,0.2886859780010127,0.009385893999933614,0.27672520600026473,0.0025251509996451205
505,2,16,0.33115391712635756,0.0030778451255173422,16218.134856996,16218.462933068,16218.134907374,16218.144491418,16218.460074127,16218.460074452,0.3280760720008402,0.00958404399898427,0.315582709001319,0.0028586160005943384
506,1,16,0.3022662920411676,0.003476137040706817,16218.604867479,16218.903657634,16218.604916664,16218.614447948,16218.900986335,16218.90098666,0.2987901550004608,0.009531284000331652,0.28653838699938206,0.002670973999556736
507,7,16,0.39738300000317395,-0.011513596995428088,16219.038632821,16219.447529418,16219.038681898,16219.048155546,16219.44440234,16219.444402665,0.40889659699860204,0.009473647998675006,0.39624679400003515,0.0031267529993783683
508,5,16,0.3573402080219239,-0.004695606978202704,16219.583122242,16219.945158057,16219.583172078,16219.592783207,16219.942216779,16219.942217212,0.3620358150001266,0.009611128998585627,0.34943357200063474,0.0029408450009213993
509,1,16,0.311589292017743,-0.00650285798292316,16220.08183069,16220.39992284,16220.081879875,16220.09170779,16220.397079933,16220.397080258,0.31809215000066615,0.009827914998822962,0.30537214300056803,0.0028425820000848034
510,0,16,0.35231658280827105,0.0289228948076925,16220.567752502,16220.89114619,16220.567802446,16220.577396349,16220.888142942,16220.888143376,0.32339368800057855,0.009593902999768034,0.3107465930006583,0.003002814000865328
511,4,16,0.32582787494175136,-0.002794439058561693,16221.029707486,16221.3583298,16221.02975678,16221.039503115,16221.355545937,16221.355546262,0.32862231400031305,0.009746334999363171,0.3160428219998721,0.0027835379987664055
512,0,16,0.2896320419386029,-0.0001584450601512799,16221.491771241,16221.781561728,16221.491822377,16221.501455065,16221.778953266,16221.778953591,0.2897904869987542,0.009632687999328482,0.2774982010014355,0.002608136999697308
513,0,16,0.28979087504558265,-0.0014438709531532368,16221.914698955,16222.205933701,16221.914746949,16221.924764348,16222.203208233,16222.203208558,0.2912347459987359,0.010017398999480065,0.27844388500125206,0.002725143000134267
514,2,16,0.30477575003169477,-0.004414778968566679,16222.342007873,16222.651198402,16222.342058359,16222.351873598,16222.648447691,16222.648448016,0.30919052900026145,0.009815239000090514,0.2965740929994354,0.002750386000116123
515,0,16,0.40022579091601074,0.10865562991602928,16222.819128494,16223.110698655,16222.819177463,16222.828855329,16223.108146312,16223.108146745,0.29157016099998145,0.009677866000856739,0.2792909830004646,0.0025519099999655737
516,0,16,0.29196191602386534,0.0007592390229547163,16223.335377897,16223.626580574,16223.335427732,16223.346179123,16223.623794329,16223.623794545,0.2912026770009106,0.010751391000667354,0.2776152059996093,0.0027860290010721656
517,0,16,0.2887394998688251,0.0026841948692890583,16223.769156565,16224.05521187,16223.769205534,16223.778953494,16224.052474268,16224.052474593,0.286055304999536,0.009747960000822786,0.27352077400064445,0.002737277000051108
518,0,16,0.29140299977734685,0.0007287967764568748,16224.192214177,16224.48288838,16224.192263363,16224.202417809,16224.48033517,16224.480335495,0.29067420300089,0.010154445999432937,0.27791736099970876,0.002552885000113747
519,0,16,0.29520879220217466,0.005263814202407957,16224.625961535,16224.915906513,16224.626011696,16224.636007751,16224.913381471,16224.913381687,0.2899449779997667,0.00999605499964673,0.2773737200004689,0.002524826000808389
520,0,16,0.30844124988652766,0.017994990887018503,16225.061983891,16225.35243015,16225.062044018,16225.072109844,16225.349788102,16225.349788536,0.29044625899950915,0.01006582600166439,0.2776782579985593,0.002641614000822301
521,0,16,0.33280283282510936,0.03940825382414914,16225.541188508,16225.834583087,16225.541238777,16225.551026931,16225.831971916,16225.83197235,0.2933945790009602,0.009788154000489158,0.28094498500104237,0.0026107369994861074
522,0,16,0.3047055001370609,-0.007003462862485321,16225.966340842,16226.278049805,16225.966390786,16225.976109496,16226.275390748,16226.275391073,0.3117089629995462,0.009718710000015562,0.29928125200058275,0.0026587319989630487
523,1,16,0.3318061251193285,0.03295096711917722,16226.408824606,16226.707679764,16226.408874116,16226.418537356,16226.705013773,16226.705014098,0.2988551580001513,0.009663240000008955,0.28647641700081294,0.0026656659993022913
524,0,16,0.3018869999796152,0.0006707159791403683,16226.88390099,16227.185117274,16226.883951259,16226.894055761,16227.182477285,16227.182477718,0.30121628400047484,0.010104502000103821,0.2884215239992045,0.002639555999849108
525,0,16,0.35611216607503593,-0.0025474999256402953,16227.330609191,16227.689268857,16227.330657835,16227.340802422,16227.68621469,16227.686215015,0.3586596660006762,0.010144587000468164,0.3454122679995635,0.003053842001463636
526,0,16,0.2849596659652889,-0.004837213034988963,16227.822962944,16228.112759823,16227.823012563,16227.832922489,16228.110168153,16228.110168478,0.28979687900027784,0.009909926000545966,0.2772456639995653,0.0025913449990184745
527,2,16,0.35340058407746255,-0.005966422922938364,16228.24599618,16228.605363187,16228.246045149,16228.255771225,16228.602485395,16228.60248572,0.3593670070004009,0.00972607599942421,0.3467141700002685,0.0028774670008715475
528,0,16,0.30026799999177456,-0.0008516460075043142,16228.743126354,16229.044246,16228.743175864,16228.753623366,16229.041524432,16229.041524649,0.3011196459992789,0.010447501999806263,0.28790106599990395,0.0027213510002184194
529,0,16,0.33899883297272027,0.048661236973202904,16229.178632368,16229.468969964,16229.178681879,16229.188537961,16229.466335284,16229.466335609,0.29033759599951736,0.009856081998805166,0.2777973230004136,0.0026343549998273375
530,0,16,0.2993426250759512,0.0010752030757430475,16229.660152718,16229.95842014,16229.66020082,16229.670215835,16229.955783835,16229.95578416,0.29826742200020817,0.010015014999225968,0.2855679999993299,0.0026359799994679634
531,6,16,0.3912206250242889,-0.0020157699764240533,16230.096033909,16230.489270304,16230.096083744,16230.105724233,16230.486151134,16230.486151459,0.39323639500071295,0.009640489000958041,0.38042690099973697,0.0031188450011541136
532,1,16,0.36006691702641547,0.016398138026488596,16230.660035394,16231.003704173,16230.660084796,16230.669662124,16231.000721726,16231.000722159,0.34366877899992687,0.009577328000887064,0.33105960200009577,0.0029820139989169547
533,0,16,0.37134008295834064,0.07782427295751404,16231.139320073,16231.432835883,16231.139369909,16231.149553606,16231.430307916,16231.430308241,0.2935158100008266,0.010183696998865344,0.2807543100007024,0.002527642000131891
534,0,16,0.2886341658886522,-0.0021101331112731714,16231.653453519,16231.944197818,16231.653524589,16231.663765056,16231.94158708,16231.941587405,0.2907442989999254,0.010240466999675846,0.27782202399976086,0.002610413001093548
535,0,16,0.295493541052565,0.004947285051457584,16232.085189684,16232.37573594,16232.085239845,16232.095354748,16232.37318403,16232.373184463,0.2905462560011074,0.01011490299970319,0.27782928200031165,0.002551477000451996
536,2,16,0.31820241594687104,0.00025272994753322564,16232.51123451,16232.829184196,16232.511282179,16232.521157329,16232.826436951,16232.826437276,0.3179496859993378,0.00987514999906125,0.30527962199994363,0.002746919999481179
537,0,16,0.2872260841540992,-0.005573825845203828,16232.966425388,16233.259225298,16232.966474032,16232.976736275,16233.256681189,16233.256681514,0.29279990999930305,0.010262243000397575,0.27994491399840626,0.002543783999499283
538,0,16,0.28561529191210866,-0.0038645890872430755,16233.390828021,16233.680307902,16233.390877857,16233.400585732,16233.677742233,16233.677742667,0.28947988099935174,0.009707875000458444,0.277156500998899,0.0025652349995652912
539,1,16,0.35835654102265835,0.05846870202367427,16233.813593553,16234.113481392,16233.813641764,16233.823880497,16234.110715081,16234.110715406,0.2998878389989841,0.010238733000733191,0.2868345839997346,0.0027659860006679082
540,0,16,0.2908887080848217,0.0002177550850319676,16234.321240457,16234.61191141,16234.321289967,16234.331628047,16234.609330357,16234.60933079,0.29067095299978973,0.01033808000101999,0.27770230999885825,0.0025806200010265457
541,0,16,0.31920637493021786,0.02925933793085278,16234.746359856,16235.036306893,16234.746408717,16234.756337603,16235.033745882,16235.033746424,0.2899470369993651,0.009928886000125203,0.27740827900015574,0.002560468999945442
542,0,16,0.30148266698233783,-0.0027971010185865453,16235.20451043,16235.508790198,16235.204561132,16235.21439273,16235.506003735,16235.50600406,0.3042797680009244,0.00983159799943678,0.2916110049991403,0.0027861380003741942
543,0,16,0.29028037493117154,0.00045836093158868607,16235.6453416,16235.935163614,16235.645389703,16235.65536084,16235.932461655,16235.932462089,0.28982201399958285,0.009971137000320596,0.2771008149993577,0.002701524999793037
544,0,16,0.31839816691353917,-0.0012671650874835905,16236.073711042,16236.393376374,16236.073761853,16236.083807852,16236.390499557,16236.390500316,0.31966533200102276,0.010045998998975847,0.3066917050000484,0.0028760580007656245
545,0,16,0.3080060000065714,0.006131994006864261,16236.5338441,16236.835718106,16236.533892094,16236.544243932,16236.833082884,16236.833083317,0.30187400599970715,0.010351838000133284,0.28883895200124243,0.002634788999785087
546,1,16,0.2990290420129895,-0.000896498986548977,16236.976845937,16237.276771478,16236.976895015,16236.987403186,16237.274140806,16237.274141131,0.2999255409995385,0.010508171000765287,0.28673761999925773,0.002630347000376787
547,0,16,0.28561987495049834,-0.00372068304932327,16237.414769956,16237.704110514,16237.414820008,16237.424892767,16237.701493709,16237.701494143,0.2893405579998216,0.010072758999740472,0.276600942001096,0.0026163709990214556
548,1,16,0.2938407501205802,-0.0012175818792456994,16237.840053271,16238.135111603,16237.840101482,16237.850349099,16238.132491548,16238.132491873,0.2950583319998259,0.01024761700136878,0.282142448999366,0.0026197299994237255
549,1,16,0.34287204197607934,0.03325086797667609,16238.270986649,16238.580607823,16238.271033993,16238.281239033,16238.577941399,16238.577941724,0.30962117399940325,0.010205040000073495,0.29670236600031785,0.0026660990006348584
550,0,16,0.29331754078157246,0.004401777781822602,16238.758980216,16239.047895979,16238.759028968,16238.769116028,16239.045272999,16239.045273433,0.28891576299974986,0.010087059999932535,0.2761569710000913,0.002622546000566217
551,5,16,0.33508804184384644,-0.003494034155664849,16239.188482877,16239.527064953,16239.188532821,16239.198626489,16239.52426029,16239.524260615,0.3385820759995113,0.010093668000990874,0.3256338009996398,0.0028043379988957895
552,1,16,0.30175195913761854,0.002042228137725033,16239.66774188,16239.967451611,16239.667790849,16239.67825601,16239.964874025,16239.96487435,0.2997097309998935,0.010465160999956424,0.28661801499947615,0.0025772610006242758
553,0,16,0.2981217501219362,-0.0030562898791686166,16240.101503756,16240.402681796,16240.101553483,16240.111755707,16240.400044082,16240.400044407,0.3011780400011048,0.010202223998931004,0.288288375000775,0.0026373889995738864
554,2,16,0.32090112497098744,0.012169950970928767,16240.541930716,16240.85066189,16240.541979901,16240.552413535,16240.847972499,16240.84797304,0.3087311740000587,0.010433634000946768,0.2955589639987011,0.0026888499996857718
555,0,16,0.38024675007909536,0.08914060208007868,16241.003864357,16241.294970505,16241.003913326,16241.014393328,16241.291840393,16241.291840718,0.2911061479990167,0.010480001999894739,0.27744706500016036,0.003129786999124917
556,0,16,0.28616945911198854,-0.004004004887974588,16241.526587626,16241.81676109,16241.526636595,16241.536810109,16241.814075274,16241.814075599,0.29017346399996313,0.01017351400150801,0.27726516499933496,0.002685490999283502
557,0,16,0.2884851668495685,-0.0026155651503358968,16241.951600854,16242.242701586,16241.951650257,16241.962054098,16242.240145125,16242.240145451,0.2911007319999044,0.010403840999060776,0.27809102700121,0.002556134999394999
558,0,16,0.2883743750862777,-0.0010695379132812377,16242.373760558,16242.663204471,16242.373863263,16242.384065161,16242.660658086,16242.66065852,0.28944391299955896,0.01020189800146909,0.2765929249999317,0.0025459509997745045
559,0,16,0.3133131249342114,0.004712389933047234,16242.810632178,16243.119232913,16242.810681797,16242.821109039,16243.116591949,16243.116592274,0.30860073500116414,0.010427241999423131,0.2954829099999188,0.0026406390006741276
560,0,16,0.30042020813561976,0.007083914135364466,16243.260866576,16243.55420287,16243.260915979,16243.271500203,16243.551710112,16243.551710437,0.2933362940002553,0.010584223999103415,0.2802099090004049,0.0024924330009525875
561,0,16,0.29234312498010695,0.0016184359810722526,16243.686876734,16243.977601423,16243.686926461,16243.69753257,16243.975029795,16243.97503012,0.2907246889990347,0.010606109000946162,0.2774972249990242,0.002571302999058389
562,3,16,0.376093375030905,0.04749229503067909,16244.177139447,16244.505740527,16244.177188958,16244.187576873,16244.5029922,16244.502992633,0.3286010800002259,0.010387915001047077,0.31541532699884556,0.0027478939991851803
563,0,16,0.3000647921580821,0.008775227157457266,16244.64130345,16244.932593015,16244.641353719,16244.65157566,16244.930038614,16244.930038939,0.29128956500062486,0.010221941000054358,0.2784629540001333,0.0025540760016156128
564,0,16,0.2887607088778168,-0.0005647901216434548,16245.07928478,16245.368610279,16245.079335591,16245.089951775,16245.36609282,16245.366093146,0.28932549899946025,0.010616184001264628,0.2761410450002586,0.0025171329998556757
565,2,16,0.34932312509045005,-0.008015354909730377,16245.502207511,16245.859545991,16245.502256805,16245.513022821,16245.856648048,16245.856648373,0.3573384800001804,0.010766015999251977,0.3436252270003024,0.0028976180001336616
566,6,16,0.36586070782504976,-0.00811594317383424,16245.988111881,16246.362088532,16245.988161825,16245.998451694,16246.359040433,16246.359040758,0.373976650998884,0.010289869000189356,0.36058873900037725,0.0030477740001515485
567,0,16,0.31867425004020333,-0.004952364959535771,16246.493524631,16246.817151246,16246.493573491,16246.504115247,16246.814260995,16246.81426132,0.3236266149997391,0.010541756000748137,0.3101457479988312,0.0028899259996251203
568,0,16,0.2933480420615524,0.0023163230616773944,16246.954580623,16247.245612342,16246.954630783,16246.964902777,16247.242942452,16247.242942777,0.291031718999875,0.010271993998685502,0.27803967500040017,0.002669564999450813
569,0,16,0.3491464590188116,0.02357452001888305,16247.380745921,16247.70631786,16247.380795106,16247.391393198,16247.703500954,16247.703501279,0.32557193899992853,0.0105980919997819,0.31210775599902263,0.002816580999933649
570,0,16,0.2943591671064496,-0.0011711948936863337,16247.868931788,16248.16446215,16247.868979999,16247.87928926,16248.161843395,16248.16184372,0.29553036200013594,0.010309260998837999,0.28255413500119175,0.0026184300004388206
571,2,16,0.3129920419305563,0.0017851199299911968,16248.300274035,16248.611480957,16248.300323654,16248.310666283,16248.608786474,16248.608786907,0.3112069220005651,0.010342628998841974,0.2981201910006348,0.00269405000108236
572,0,16,0.29555020900443196,0.004891607004537946,16248.755821238,16249.04647984,16248.755871507,16248.766223779,16249.043809733,16249.043810166,0.290658601999894,0.010352271998272045,0.2775859540015517,0.002669674000571831
573,0,16,0.2922470420598984,0.0016631930593575817,16249.185249904,16249.475833753,16249.185299306,16249.195788301,16249.473170579,16249.473170904,0.2905838490005408,0.010488994999832357,0.2773822780000046,0.002662848999534617
574,0,16,0.3197504160925746,0.01078035509090114,16249.618985561,16249.927955622,16249.619034097,16249.629429704,16249.925271647,16249.925271972,0.30897006100167346,0.010395606999736628,0.2958419429996866,0.002683650000108173
575,0,16,0.2955574579536915,0.004799508953510667,16250.083127788,16250.373885737,16250.083176757,16250.093700637,16250.371314868,16250.371315301,0.2907579490001808,0.010523880000619101,0.27761423099946114,0.0025704360014060512
576,0,16,0.2969328749459237,-0.0028890950543427607,16250.511160081,16250.810982051,16250.511210242,16250.522516758,16250.808275758,16250.808276192,0.29982197000026645,0.011306515998512623,0.2857590000003256,0.00270585900034348
577,0,16,0.4181888329330832,0.09836326793265471,16250.946521789,16251.266347354,16250.946570217,16250.957277947,16251.263608668,16251.263609318,0.31982556500042847,0.010707729999921867,0.30633072099954006,0.0027380359988455893
578,2,16,0.3202845419291407,0.00030340392913785763,16251.512580295,16251.832561433,16251.512629372,16251.523557571,16251.82979653,16251.829796855,0.31998113800000283,0.01092819899895403,0.3062389590013481,0.002764578001006157
579,3,16,0.37736187502741814,0.05909616702774656,16252.040355274,16252.358620982,16252.040403376,16252.051160184,16252.355898656,16252.355898981,0.3182657079996716,0.010756808000223828,0.30473847199937154,0.002722000999710872
580,3,16,0.34126374986954033,-0.005879224128875649,16252.495066863,16252.842209837,16252.495116591,16252.505693015,16252.83930561,16252.839305935,0.347142973998416,0.010576423999737017,0.33361259499906737,0.0029039019991614623
581,0,16,0.29135845811106265,0.0014622321104980074,16252.980900921,16253.270797147,16252.980950107,16252.991501397,16253.268173842,16253.268174167,0.28989622600056464,0.010551290000876179,0.27667244499934895,0.0026229800005239667
582,1,16,0.33165224990807474,-0.007979517091371235,16253.406137651,16253.745769418,16253.406186187,16253.416739318,16253.742818173,16253.742818498,0.33963176699944597,0.010553131000051508,0.3260788549996505,0.0029509199994208757
583,1,16,0.29537112498655915,-0.004493205013204715,16253.878886819,16254.178751149,16253.87893438,16253.889665511,16254.176169663,16254.176170096,0.29986432999976387,0.010731131000284222,0.28650415199990675,0.0025810530005401233
584,0,16,0.2881585410796106,-0.002413390920992242,16254.312616193,16254.603188125,16254.312666571,16254.323055786,16254.600549219,16254.600549544,0.29057193200060283,0.010389215000031982,0.27749343299910834,0.0026385809997009346
585,0,16,0.2894214168190956,-0.0018618651811266318,16254.740507321,16255.031790603,16254.740555099,16254.751410061,16255.029131546,16255.029131871,0.29128328200022224,0.010854961999939405,0.277721484999347,0.0026587319989630487
586,7,16,0.41324033308774233,0.014706083087730804,16255.173756973,16255.572291223,16255.173806376,16255.184761767,16255.569113875,16255.5691142,0.3985342500000115,0.010955390998788062,0.3843521080016217,0.0031770229998073773
587,2,16,0.31012775003910065,0.0003393020379007794,16255.729017503,16256.038805951,16255.729066472,16255.739971378,16256.035838997,16256.035839647,0.30978844800119987,0.010904905999268522,0.295867619001001,0.002966304000437958
588,0,16,0.2923004578333348,0.0017921208327607019,16256.180186103,16256.47069444,16256.18023453,16256.19098722,16256.467771146,16256.467771471,0.2905083370005741,0.010752689999208087,0.2767839260013716,0.0029229690007923637
589,0,16,0.31184470816515386,0.02021582716406556,16256.612746722,16256.904375603,16256.6127958,16256.623606126,16256.901514062,16256.901514495,0.2916288810010883,0.010810326000864734,0.27790793599888275,0.0028611079997062916
590,2,16,0.34329379186965525,-0.003485272131001693,16257.060797453,16257.407576517,16257.060848372,16257.071515366,16257.404469156,16257.404469481,0.34677906400065694,0.0106669939996209,0.33295378999901004,0.003107036000074004
591,0,16,0.3725065418984741,0.07991225789737655,16257.540123084,16257.832717368,16257.540171944,16257.551232858,16257.830020284,16257.830020718,0.29259428400109755,0.011060914001063793,0.27878742599932593,0.002696650000871159
592,1,16,0.32106404192745686,0.0010318759286747081,16258.060794208,16258.380826374,16258.060845452,16258.07168243,16258.378121923,16258.378122357,0.32003216599878215,0.010836977999133524,0.3064394930006529,0.00270401699890499
593,4,16,0.3558634170331061,-0.001235851967066992,16258.51821729,16258.875316559,16258.518265826,16258.52905806,16258.872417207,16258.872417532,0.3570992690001731,0.010792233999382006,0.3433591470002284,0.0028990270002395846
594,0,16,0.2907513747923076,0.0005404267922131112,16259.017219551,16259.307430499,16259.017269062,16259.027844402,16259.304766676,16259.304767001,0.2902109480000945,0.010575340000286815,0.27692227399893454,0.002663498000401887
595,0,16,0.2955321669578552,0.005536811957426835,16259.455344537,16259.745339892,16259.455393506,16259.466055301,16259.74267466,16259.742674985,0.2899953550004284,0.010661795000487473,0.27661935899959644,0.00266490700050781
596,4,16,0.3678355421870947,0.04326334918732755,16259.930500225,16260.255072418,16259.93056837,16259.941339045,16260.252338066,16260.252338499,0.32457219299976714,0.01077067500045814,0.31099902099958854,0.0027339190000930103
597,4,16,0.40770720900036395,0.06058839599972998,16260.392373847,16260.73949266,16260.392422924,16260.403245709,16260.736591142,16260.736591576,0.34711881300063396,0.010822784999618307,0.3333454330004315,0.0029010840007686056
598,0,16,0.29192720795981586,0.0014948159587220289,16260.945602815,16261.236035207,16260.945651892,16260.956880838,16261.233468455,16261.23346878,0.29043239200109383,0.011228946001210716,0.27658761699967727,0.002566427001511329
599,3,16,0.35290337493643165,0.006987116936215898,16261.385742245,16261.731658503,16261.385791539,16261.396498727,16261.728774102,16261.728774427,0.34591625800021575,0.010707187999287271,0.3322753750017,0.002884076000555069
600,0,16,0.29032224998809397,-0.0012998060119571164,16261.867039634,16262.15866169,16261.867086653,16261.877670878,16262.15607262,16262.156072945,0.2916220560000511,0.010584225001366576,0.2784017419999145,0.0025887450010486646
601,0,16,0.2972175001632422,0.005379201164032565,16262.298877637,16262.590715936,16262.298926281,16262.309893048,16262.587966525,16262.587967067,0.29183829899920966,0.010966766998535604,0.2780734770003619,0.0027488689993333537
602,2,16,0.3065650830976665,-0.0026861159021791536,16262.730476754,16263.039727953,16262.730524748,16262.741419687,16263.036957416,16263.036957741,0.30925119899984566,0.010894938999626902,0.29553772899998876,0.0027702120005415054
603,0,16,0.2926817920524627,0.0008271340520877857,16263.175740697,16263.467595355,16263.175789232,16263.186836386,16263.464879204,16263.464879637,0.2918546580003749,0.011047153999243164,0.27804281800126773,0.0027157179993082536
604,0,16,0.2936253750231117,0.002781947023322573,16263.611126131,16263.901969559,16263.611174233,16263.62260198,16263.899145394,16263.899145719,0.29084342799978913,0.011427747000197996,0.2765434140001162,0.002823839999109623
605,0,16,0.2895903750322759,-0.0018410049688100116,16264.034084722,16264.325516102,16264.034133041,16264.04501032,16264.322920098,16264.322920423,0.2914313800010859,0.010877279000851559,0.27790977800032124,0.002595679001387907
606,0,16,0.30786270811222494,0.008669751112392987,16264.47235044,16264.771543397,16264.472399192,16264.483267588,16264.76871674,16264.768717065,0.29919295699983195,0.010868396000660141,0.28544915199927345,0.0028263320000405656
607,0,16,0.28858687495812774,-0.0025578420427336823,16264.908107149,16265.199251866,16264.908157527,16264.919397415,16265.196466812,16265.196467137,0.2911447170008614,0.011239888001000509,0.27706939699965005,0.002784729000268271
608,1,16,0.2986960420385003,-0.0008409979618591024,16265.335592767,16265.635129807,16265.335642061,16265.346432995,16265.632326226,16265.632326443,0.2995370400003594,0.010790934000397101,0.285893230999136,0.0028033640010107774
609,1,16,0.29894708283245564,-0.002106585166984587,16265.77134536,16266.072399028,16265.771394112,16265.782289918,16266.069707037,16266.06970747,0.3010536679994402,0.01089580599909823,0.28741711900147493,0.0026915580001514172
610,0,16,0.2898761669639498,0.0003827429645753,16266.21177947,16266.501272894,16266.211829631,16266.222561954,16266.49854385,16266.498544175,0.2894934239993745,0.01073232300041127,0.2759818960003031,0.0027287190005154116
611,0,16,0.35263150022365153,0.057282821222543134,16266.712990858,16267.008339537,16266.713039502,16266.72398276,16267.005554591,16267.005554916,0.2953486790011084,0.010943258001134382,0.28157183099938266,0.002784620999591425
612,1,16,0.2984082498587668,-0.0018932251405203715,16267.140042798,16267.440344273,16267.140092633,16267.150694084,16267.437590528,16267.437590853,0.30030147499928717,0.01060145100018417,0.2868964439985575,0.002753419999862672
613,0,16,0.3072871249169111,0.015517728916165652,16267.591490152,16267.883259548,16267.591539988,16267.602266244,16267.880543397,16267.88054383,0.2917693960007455,0.010726255999543355,0.27827715300009004,0.0027157179993082536
614,0,16,0.31534679187461734,-0.005141044126503402,16268.020579936,16268.341067772,16268.02062923,16268.03150586,16268.338282068,16268.338282502,0.32048783600112074,0.010876629999984289,0.30677620799906435,0.002785270000458695
615,0,16,0.28743875003419816,0.0015889630340097938,16268.473921587,16268.759771374,16268.473970556,16268.484687711,16268.757160637,16268.757161287,0.28584978700018837,0.01071715499892889,0.27247292600077344,0.002610086999993655
616,0,16,0.352943749865517,0.06266552386659896,16268.970696086,16269.260974312,16268.97074603,16268.981735006,16269.258383617,16269.258383942,0.29027822599891806,0.0109889760005899,0.276648610999473,0.002590369998870301
617,0,16,0.28948458400554955,-0.006204709994563018,16269.389226238,16269.684915532,16269.389276074,16269.400218356,16269.682214115,16269.682214549,0.29568929400011257,0.010942282000542036,0.2819957589999831,0.002700982999158441
618,1,16,0.3027240829542279,0.0009632899545977125,16269.823079226,16270.124840019,16269.823128303,16269.834234394,16270.122125709,16270.122126034,0.3017607929996302,0.011106091000328888,0.28789131499979703,0.0027139849989907816
619,1,16,0.313058041036129,0.004450805035958183,16270.261635507,16270.570242743,16270.261685993,16270.272562948,16270.567292906,16270.567293447,0.3086072360001708,0.01087695499882102,0.29472995800097124,0.0029492960002244217
620,1,16,0.30937291705049574,0.008662790050948388,16270.712359162,16271.013069289,16270.712408239,16270.723684204,16271.010388456,16271.010388889,0.30071012699954736,0.011275965000095312,0.28670425199925376,0.002680399999007932
621,0,16,0.3504512500949204,0.05955614509366569,16271.224824414,16271.515719519,16271.224873274,16271.235869401,16271.513070646,16271.513070971,0.2908951050012547,0.010996126999089029,0.2772012450004695,0.0026485480011615437
622,0,16,0.2912014171015471,0.0013379091014940059,16271.649379045,16271.939242553,16271.649426498,16271.660178972,16271.936626615,16271.936627048,0.2898635080000531,0.010752474001492374,0.27644764299839153,0.0026155049999943003
623,4,16,0.32645837496966124,-0.0051266680311528035,16272.074536147,16272.40612119,16272.07463636,16272.086446974,16272.40328435,16272.403284675,0.33158504300081404,0.011810614001660724,0.31683737599996675,0.0028365150010358775
624,0,16,0.31692541716620326,-0.0012435448352334788,16272.542961639,16272.861130601,16272.543010716,16272.553844661,16272.858308929,16272.858309254,0.31816896200143674,0.010833945001650136,0.3044642679997196,0.0028213470013724873
625,0,16,0.3033591250423342,0.0018322350424568867,16272.998508084,16273.300034974,16272.998557161,16273.009583947,16273.297378734,16273.29737895,0.3015268899998773,0.011026786000002176,0.28779478700016625,0.0026560240003163926
626,4,16,0.4417036660015583,0.07108301100197423,16273.499523704,16273.870144359,16273.499597266,16273.510730766,16273.86712551,16273.867126269,0.3706206549995841,0.011133500000141794,0.3563947439997719,0.003018089999386575
627,0,16,0.29383899993263185,0.0009687789333838737,16274.033059793,16274.325930014,16274.033129779,16274.043784099,16274.323263591,16274.323263916,0.292870220999248,0.010654319999957806,0.27947949200097355,0.0026660980001906864
628,0,16,0.32721658307127655,0.033508039070511586,16274.462475892,16274.756184436,16274.462524535,16274.473602674,16274.753428199,16274.753428633,0.29370854400076496,0.011078138999437215,0.27982552499997837,0.0027558030014915857
629,0,16,0.3879355420358479,0.09537787703629874,16275.0329,16275.325457665,16275.032949185,16275.044407483,16275.322663294,16275.322663727,0.29255766499954916,0.011458297998615308,0.27825581100114505,0.002793937999740592
630,3,16,0.4426286250818521,0.08568330608068209,16275.562290629,16275.919235948,16275.562338189,16275.573751419,16275.91629662,16275.916296837,0.35694531900117,0.01141323000047123,0.3425452009996661,0.0029391110001597553
631,1,16,0.35902016586624086,0.054956099866103614,16276.117405985,16276.421470051,16276.11745517,16276.129306304,16276.418660837,16276.418661162,0.30406406600013725,0.01185113399878901,0.28935453300073277,0.0028088889994251076
632,0,16,0.3192838749382645,0.0286765159398783,16276.588086973,16276.878694332,16276.588136592,16276.599109318,16276.876089336,16276.876089986,0.2906073589983862,0.010972726000545663,0.27698001799944905,0.002604345998406643
633,2,16,0.3812849579844624,0.06224809698505851,16277.03124471,16277.350281571,16277.03129617,16277.042260879,16277.347511467,16277.347511901,0.31903686099940387,0.0109647089993814,0.3052505880004901,0.0027696699999069097
634,0,16,0.30401758290827274,0.01131582790731045,16277.549049635,16277.84175139,16277.549100445,16277.560159409,16277.838700366,16277.838701016,0.2927017550009623,0.011058964000767446,0.2785409569987678,0.003050373999940348
635,0,16,0.3769419169984758,0.04390275599871529,16278.03050899,16278.363548151,16278.030558392,16278.042162081,16278.360614456,16278.360614781,0.3330391609997605,0.011603688999457518,0.318452375000561,0.0029333699985727435
636,0,16,0.29181741597130895,-0.0004630120292858919,16278.505855245,16278.798135673,16278.505907897,16278.517359587,16278.795447798,16278.79544834,0.29228042800059484,0.011451689999375958,0.27808821100006753,0.0026873329989030026
637,0,16,0.39154900005087256,0.09932404104984016,16278.937023825,16279.229248784,16278.937073011,16278.948430554,16279.226422019,16279.226422561,0.2922249590010324,0.011357543000485748,0.2779914650000137,0.002826223000738537
638,0,16,0.28999708290211856,-0.0020645010972657474,16279.470592632,16279.762654216,16279.470640084,16279.481569041,16279.759990826,16279.759991151,0.2920615839993843,0.01092895699912333,0.2784217850003188,0.00266306499906932
639,1,16,0.2962841670960188,-0.0034931669033539947,16279.895754391,16280.195531725,16279.895803035,16279.906953761,16280.192693369,16280.192693585,0.2997773339993728,0.011150725998959388,0.285739607999858,0.002838139998857514
640,2,16,0.30409141699783504,-0.007493607001379132,16280.32311802,16280.634703044,16280.323167856,16280.334321723,16280.631956558,16280.631956991,0.3115850239992142,0.01115386699893861,0.2976348350002809,0.0027460530000098515
641,3,16,0.378517874982208,-0.011770416018407559,16280.765537431,16281.155825722,16280.7655864,16280.776511565,16281.152641658,16281.152641983,0.3902882910006156,0.010925164999207482,0.37613009300002886,0.003183738999723573
642,0,16,0.2893896249588579,-0.002012937042309204,16281.292617636,16281.584020198,16281.292666605,16281.303822639,16281.581370458,16281.581370783,0.2914025620011671,0.011156033999213832,0.27754781899966474,0.002649415000632871
643,2,16,0.3192060422152281,0.008750338214667863,16281.719976823,16282.030432527,16281.720024817,16281.731648656,16282.027651373,16282.027651698,0.3104557040005602,0.01162383900009445,0.2960027170011017,0.002780829001494567
644,0,16,0.289510834030807,-0.0005080299688415835,16282.17974153,16282.469760394,16282.179789849,16282.190824869,16282.467150632,16282.46715139,0.2900188639996486,0.011035019999326323,0.27632576299947686,0.0026090040009876247
645,0,16,0.29292512498795986,0.0013802059875160921,16282.606998553,16282.898543472,16282.607049472,16282.618436376,16282.895796011,16282.895796661,0.29154491900044377,0.011386903999664355,0.27735963499981153,0.00274681100017915
646,4,16,0.346669209189713,0.020085498190383078,16283.063483967,16283.390067678,16283.063534344,16283.074898821,16283.386957608,16283.386957933,0.3265837109993299,0.011364476999006001,0.3120587869998417,0.003109744999164832
647,0,16,0.2913959580473602,0.0005181870474189054,16283.524446896,16283.815324667,16283.524496082,16283.535749079,16283.812651201,16283.812651526,0.2908777709999413,0.011252996999246534,0.27690212200104725,0.002673141001650947
648,1,16,0.30791824986226857,-0.0016399791384174023,16283.952131748,16284.261689977,16283.952182017,16283.963539019,16284.258966568,16284.258966893,0.30955822900068597,0.011357002000295324,0.2954275490010332,0.0027230840005358914
649,3,16,0.3669940000399947,0.03690001804170606,16284.402815425,16284.732909407,16284.402865803,16284.414128008,16284.730003773,16284.730004314,0.33009398199828865,0.011262205000093672,0.31587576499987335,0.0029050929988443386
650,0,16,0.29229666688479483,-0.0010520861160330242,16284.908325571,16285.201674324,16284.908374649,16284.919764369,16285.19900595,16285.199006275,0.29334875300082786,0.011389720000806847,0.2792415809999511,0.0026680490009312052
651,0,16,0.28762987488880754,-0.0039307521110458765,16285.337655325,16285.629215952,16285.337705377,16285.349018068,16285.626454949,16285.626455274,0.2915606269998534,0.011312691000057384,0.27743688100053987,0.0027606780004134635
652,0,16,0.290351958014071,-0.0017048589870682918,16285.762888263,16286.05494508,16285.762937448,16285.774275166,16286.052322642,16286.052322967,0.2920568170011393,0.011337718000504537,0.27804747599839175,0.0026221130010526394
653,0,16,0.3233058338519186,-0.003924332148017129,16286.187928575,16286.515158741,16286.187979819,16286.199354155,16286.512189945,16286.51219027,0.3272301659999357,0.011374335999789764,0.312835790000463,0.00296847100071318
654,0,16,0.30774020799435675,-0.0022583080044569215,16286.652151406,16286.962149922,16286.652199725,16286.663496274,16286.959403545,16286.959404195,0.3099985159988137,0.011296549000689993,0.2959072710000328,0.0027457269989099586
655,0,16,0.29797795810736716,-0.002908652892074315,16287.098954511,16287.399841122,16287.099004672,16287.110518765,16287.397127788,16287.397128438,0.3008866109994415,0.011514092999277636,0.2866090229999827,0.0027126839995617047
656,0,16,0.28855733410455287,-0.002287501894898014,16287.535206111,16287.826050947,16287.535254538,16287.546716737,16287.823367948,16287.823368273,0.2908448359994509,0.011462199001471163,0.2766512109992618,0.0026826739995158277
657,0,16,0.2906926670111716,0.00010101801126438659,16287.964339772,16288.254931421,16287.964389282,16287.975817354,16288.252122641,16288.252122966,0.2905916489999072,0.011428071999034728,0.276305287001378,0.002808454999467358
658,0,16,0.2908964171074331,-0.0028016178930556634,16288.389330357,16288.683028392,16288.389378567,16288.400973589,16288.680320366,16288.680320691,0.29369803500048874,0.011595021998800803,0.2793467770006828,0.002707700999962981
659,0,16,0.2911890421528369,-0.0011457718483143253,16288.817321481,16289.109656295,16288.817372834,16288.828899818,16289.106928118,16289.106928552,0.29233481400115124,0.011526983998919604,0.2780283000010968,0.0027277429999230662
660,0,16,0.37207912490703166,0.04486369290680159,16289.298983321,16289.626198753,16289.299032398,16289.310667613,16289.623339487,16289.623339812,0.32721543200023007,0.011635214999841992,0.3126718740004435,0.00285894099943107
661,0,16,0.29645591718144715,0.003657090182969114,16289.760336052,16290.053134879,16289.760386321,16289.772126082,16290.050296847,16290.05029728,0.29279882699847803,0.011739760999262217,0.2781707649992313,0.00283759899866709
662,0,16,0.2980004590936005,-0.003179206907589105,16290.189829504,16290.49100917,16290.189878906,16290.201656911,16290.488042974,16290.488043299,0.3011796660011896,0.01177800500045123,0.28638606300046376,0.0029658710009243805
663,0,16,0.29728983296081424,0.005450558959637419,16290.6243881,16290.916227374,16290.624437719,16290.636052241,16290.913388042,16290.913388367,0.2918392740011768,0.011614521999945282,0.2773358009999356,0.0028390070001478307
664,0,16,0.3625075831077993,0.06969824710904504,16291.055278034,16291.34808737,16291.055326895,16291.066965576,16291.345377177,16291.345377611,0.29280933599875425,0.011638680998657946,0.2784116010006983,0.0027097589991171844
665,0,16,0.2918557079974562,-9.558800229569897e-05,16291.562699377,16291.854650673,16291.562748021,16291.574551377,16291.851935064,16291.85193528,0.2919512959997519,0.011803355999290943,0.2773836870001105,0.002715393000471522
666,0,16,0.2896087500266731,-0.002073540972560295,16291.992174629,16292.28385692,16291.992223814,16292.004646649,16292.281106643,16292.281106968,0.2916822909992334,0.012422834999597399,0.27645999400010624,0.0027499520001583733
667,0,16,0.2918692908715457,-0.002606397129056859,16292.412971111,16292.707446799,16292.413019322,16292.424666237,16292.70463271,16292.704633143,0.29447568800060253,0.011646914999801083,0.2799664729991491,0.002813656001308118
668,0,16,0.3006722501013428,0.009100572102397564,16292.853332418,16293.144904096,16292.853409446,16292.865076946,16293.142150677,16293.142150893,0.29157167799894523,0.011667500000839937,0.2770737310002005,0.002753202999883797
669,0,16,0.29865495790727437,0.0036491709088295465,16293.280746099,16293.575751886,16293.280795393,16293.292318261,16293.573022951,16293.573023385,0.2950057869984448,0.011522867998792208,0.2807046900015848,0.0027285009982733754
670,1,16,0.36340554198250175,0.04887436498211173,16293.772916326,16294.087447503,16293.772965837,16293.784765834,16294.084488674,16294.084488999,0.31453117700039,0.011799996998888673,0.2997228399999585,0.002958503999252571
671,1,16,0.3198007501196116,-0.0001801718808565056,16294.226228075,16294.546208997,16294.226278994,16294.238640835,16294.543396858,16294.543397183,0.3199809220004681,0.012361840999801643,0.30475602300066384,0.002811813999869628
672,0,16,0.3090702909976244,0.0024417469976469874,16294.679582618,16294.986211162,16294.679633429,16294.691912499,16294.982983545,16294.982983762,0.3066285439999774,0.012279070000658976,0.29107104600007006,0.0032274000004690606
673,2,16,0.393728458089754,0.07051883709027607,16295.12849388,16295.451703501,16295.128542199,16295.140401457,16295.448823759,16295.448824084,0.3232096209994779,0.011859258000185946,0.30842230199959886,0.002879416999348905
674,0,16,0.40062679210677743,0.10431661110669666,16295.673099115,16295.969409296,16295.673148626,16295.685192601,16295.966369755,16295.96637008,0.2963101810000808,0.012043975000779028,0.2811771540000336,0.003039216000615852
675,3,16,0.32135637500323355,-0.0003492929972708225,16296.221604098,16296.543309766,16296.221653392,16296.233422621,16296.540423632,16296.540424065,0.3217056680005044,0.011769229000492487,0.30700101099864696,0.002885701000195695
676,0,16,0.29337316704913974,0.00032873804957489483,16296.675300232,16296.968344661,16296.675349417,16296.687032084,16296.965470228,16296.965470553,0.29304442899956484,0.011682667000059155,0.27843814399966504,0.0028741080004692776
677,0,16,0.34170979214832187,0.04896383414961747,16297.165155918,16297.457901876,16297.165205212,16297.177329791,16297.455134156,16297.455134372,0.2927459579987044,0.012124578999646474,0.2778043649996107,0.00276750400007586
678,0,16,0.31053279200568795,-0.0005613499943137867,16297.592469928,16297.90356407,16297.59251933,16297.604325178,16297.900715746,16297.900716071,0.31109414200000174,0.011805847998402896,0.29639056800078833,0.002847998999641277
679,2,16,0.30756287509575486,-0.004530579904894694,16298.0414255,16298.353518955,16298.041474902,16298.053051073,16298.350701941,16298.350702266,0.31209345500064956,0.011576171000342583,0.29765086800034624,0.002816689000610495
680,0,16,0.36423245910555124,0.07070353910603444,16298.488257098,16298.781786018,16298.488305092,16298.50034961,16298.779029673,16298.779030106,0.2935289199995168,0.012044518000038806,0.27868006300013803,0.0027559120007936144
681,0,16,0.2912630829960108,-0.0007887510037107859,16298.998587435,16299.290639269,16298.998647779,16299.010794568,16299.287823988,16299.287824313,0.29205183399972157,0.012146788998506963,0.27702941999996256,0.002814956000293023
682,3,16,0.3322665421292186,0.01181034112960333,16299.441051698,16299.761507899,16299.44110045,16299.453002394,16299.758514944,16299.758515269,0.32045620099961525,0.01190194400078326,0.30551254999954836,0.0029926299994258443
683,0,16,0.29329854203388095,0.0007475930324289948,16299.898101337,16300.190652286,16299.898149873,16299.910472061,16300.187955419,16300.187955744,0.29255094900145195,0.012322187998506706,0.27748335800060886,0.002696542000194313
684,0,16,0.29068837501108646,0.0003659470112324925,16300.329714538,16300.620036966,16300.329763615,16300.342043877,16300.617296873,16300.617297198,0.29032242799985397,0.012280262000786024,0.27525299599983555,0.002739768000537879
685,1,16,0.33810000005178154,-0.0024877439482224872,16300.753005078,16301.093592822,16300.753054913,16300.765141682,16301.090645477,16301.090645802,0.340587744000004,0.012086769000234199,0.32550379499843984,0.0029470200006471714
686,4,16,0.35604966594837606,-0.0021867220511921914,16301.231983051,16301.590219439,16301.232034078,16301.244323332,16301.587128871,16301.587129304,0.35823638799956825,0.012289253998460481,0.3428055390013469,0.0030901350000931416
687,0,16,0.28885145811364055,-0.0027253118860244285,16301.730938401,16302.022515171,16301.73100958,16301.742990069,16302.019768144,16302.019768469,0.291576769999665,0.01198048900005233,0.27677807500003837,0.0027467020008771215
688,0,16,0.29885474988259375,0.0054162928827281576,16302.160361867,16302.453800324,16302.16041127,16302.172446361,16302.450995552,16302.450996094,0.2934384569998656,0.012035091000143439,0.27854919099991093,0.0028042300000379328
689,0,16,0.297746041091159,0.002411772091363673,16302.601136702,16302.896470971,16302.601186212,16302.612945799,16302.893536302,16302.893536843,0.2953342689997953,0.011759586999687599,0.2805905029999849,0.0029341280005610315
690,0,16,0.29830741696059704,0.0017942089598363964,16303.03227083,16303.328784038,16303.032318607,16303.044092387,16303.326073304,16303.326073629,0.29651320800076064,0.011773779999202816,0.2819809170014196,0.0027104090004286263
691,3,16,0.35022633406333625,-0.0036072919374419143,16303.468232299,16303.822065925,16303.468281485,16303.480254607,16303.818933429,16303.818933754,0.35383362600077817,0.01197312200019951,0.3386788219995651,0.0031321709993790137
692,1,16,0.32837974978610873,0.026486458786166622,16303.987033612,16304.288926903,16303.987082473,16303.999065454,16304.286105447,16304.286105772,0.3018932909999421,0.011982980999164283,0.2870399929997802,0.002821131000018795
693,0,16,0.3258940828964114,0.02256563489572727,16304.429356277,16304.732684725,16304.429404921,16304.44164943,16304.729937481,16304.729937806,0.30332844800068415,0.01224450900008378,0.28828805100056343,0.0027469190008559963
694,1,16,0.30992474989034235,-0.003080915108512272,16304.895389441,16305.208395106,16304.895439927,16304.907479785,16305.205512005,16305.20551233,0.3130056649988546,0.01203985800020746,0.29803222000009555,0.002882775999751175
695,1,16,0.38757837517187,0.08427441017192905,16305.346736149,16305.650040114,16305.34678566,16305.359052596,16305.647315079,16305.647315404,0.30330396499994094,0.012266936000742135,0.28826248299992585,0.0027247100006206892
696,4,16,0.3604588338639587,-1.0300134817953221e-05,16305.880208209,16306.240677343,16305.880258587,16305.892499521,16306.2376092,16306.237609634,0.36046913399877667,0.012240934000146808,0.3451096789995063,0.0030677089998789597
697,0,16,0.2904743750113994,-0.0026829429880308453,16306.373064002,16306.66622132,16306.373113729,16306.385169514,16306.663250899,16306.663251224,0.29315731799943023,0.01205578500048432,0.27808138500040513,0.0029700960003538057
698,0,16,0.32912420807406306,0.007217031074105762,16306.808337956,16307.130245133,16306.808386816,16306.820514538,16307.127391718,16307.127392043,0.3219071769999573,0.01212772200051404,0.30687718000081077,0.002853089999916847
699,1,16,0.30668974993750453,-0.004840671062993351,16307.266158206,16307.577688627,16307.266206958,16307.278363064,16307.574886564,16307.574886889,0.3115304210004979,0.01215610600047512,0.296523499999239,0.00280173799910699
700,0,16,0.29199254186823964,-0.00014227913197828457,16307.715079543,16308.007214364,16307.715128512,16307.727548422,16308.004527573,16308.004528006,0.2921348210002179,0.012419910000971868,0.2769791509999777,0.0026863580005738186
701,0,16,0.28850716701708734,-0.0008771599841566058,16308.142687475,16308.432071802,16308.142735794,16308.155006846,16308.429333008,16308.429333333,0.28938432700124395,0.012271052000869531,0.27432616199985205,0.0027384690001781564
702,0,16,0.3173390000592917,0.025069947059819242,16308.569824676,16308.862093729,16308.569874512,16308.582321181,16308.859342801,16308.859343126,0.2922690529994725,0.012446668999473331,0.27702162000059616,0.0027506030000949977
703,0,16,0.2921444592066109,-0.0011077637936978135,16309.027333887,16309.32058611,16309.027382964,16309.039655534,16309.31770626,16309.317706585,0.29325222300030873,0.012272570000277483,0.278050726001311,0.002879525000025751
704,0,16,0.37802004092372954,0.08499955392471747,16309.452385684,16309.745406171,16309.452434652,16309.464970484,16309.742676802,16309.742677019,0.29302048699901206,0.012535832000139635,0.2777063180001278,0.0027291520000289893
705,0,16,0.29638337483629584,-0.005305481163304648,16309.975859955,16310.277548811,16309.97590914,16309.9883219,16310.274818901,16310.274819118,0.3016888559996005,0.012412760001097922,0.28649700099958864,0.002729693000219413
706,0,16,0.2974517501424998,0.000522740141605027,16310.41118797,16310.70811698,16310.411238239,16310.423683066,16310.705392812,16310.705393137,0.2969290100008948,0.01244482699985383,0.28170974600107,0.002723843001149362
707,0,16,0.32089083385653794,-0.007338212144532008,16310.83873989,16311.166968936,16310.838789184,16310.851355892,16311.16409602,16311.164096453,0.32822904600106995,0.012566708001031657,0.3127401279998594,0.0028724830008286517
708,0,16,0.32225112500600517,-0.004920104993288987,16311.299383005,16311.626554235,16311.299431432,16311.312003015,16311.623530836,16311.623531161,0.32717122999929416,0.012571582999953534,0.3115278209988901,0.003023073999429471
709,6,16,0.40336487512104213,-0.006602754880077555,16311.760204011,16312.170171641,16311.76025493,16311.772324148,16312.166864721,16312.166865046,0.4099676300011197,0.012069217998941895,0.3945405730009952,0.0033065950010495726
710,0,16,0.2931972090154886,-0.00021470498541020788,16312.315464865,16312.608876779,16312.315514376,16312.327637655,16312.605929326,16312.605929651,0.29341191400089883,0.012123279000661569,0.278291671000261,0.0029471280013240175
711,0,16,0.3059826248791069,0.0131113198804087,16312.744955718,16313.037827023,16312.74500577,16312.757186685,16313.035132648,16313.035132973,0.2928713049986982,0.012180914998680237,0.2779459630000929,0.0026940499992633704
712,0,16,0.2941822500433773,0.0008258060424850555,16313.202588543,16313.495944987,16313.202637186,16313.214596008,16313.493118547,16313.493118873,0.2933564440008922,0.011958822000451619,0.27852253899982315,0.002826113999617519
713,0,16,0.29051604121923447,-0.0020598247810994508,16313.636352585,16313.928928451,16313.636400362,16313.648629813,16313.926168098,16313.926168423,0.2925758660003339,0.012229451000166591,0.2775382849995367,0.0027600279991020216
714,0,16,0.29380637500435114,0.0011011530041287187,16314.063736148,16314.35644137,16314.063786092,16314.076163316,16314.353674517,16314.353674842,0.2927052220002224,0.012377224000374554,0.2775112010003795,0.002766528001302504
715,0,16,0.2969252080656588,0.0032294470656779595,16314.501732211,16314.795427972,16314.501782264,16314.514052233,16314.792570331,16314.792570656,0.29369576099998085,0.012269969000044512,0.27851809799904004,0.002857315999790444
716,0,16,0.2889786248560995,-0.004488108144869329,16314.933420816,16315.226887549,16314.933470218,16314.945660559,16315.224122537,16315.224122862,0.2934667330009688,0.012190340999950422,0.278461977999541,0.002764687000308186
717,0,16,0.329747874988243,0.036907120987962116,16315.408527643,16315.701368397,16315.40857542,16315.421147762,16315.698625811,16315.698626245,0.29284075400028087,0.012572341998748016,0.27747804899991024,0.0027421520007919753
718,0,16,0.32678254204802215,0.03320118704687047,16315.831341602,16316.124922957,16315.831390896,16315.844164206,16316.122085575,16316.1220859,0.2935813550011517,0.012773309999829507,0.2779213689991593,0.002837056999851484
719,2,16,0.3262133749667555,-0.004378422032459639,16316.308530693,16316.63912249,16316.30857847,16316.321175404,16316.636204721,16316.636205046,0.33059179699921515,0.012596934000612237,0.31502931700015324,0.002917444000559044
720,0,16,0.29907079110853374,0.005898413110116962,16316.78788395,16317.081056328,16316.787932703,16316.800269517,16317.07822913,16317.078229455,0.2931723779984168,0.01233681399935449,0.2779596130003483,0.002826872998412
721,2,16,0.3475505840033293,-0.0036416439961612923,16317.221778757,16317.572970985,16317.221826426,16317.234617178,16317.569832964,16317.569833289,0.35119222799949057,0.012790752000000793,0.3352157860008447,0.0031376959996123333
722,0,16,0.3696952920872718,0.04414523708692286,16317.768367776,16318.093917831,16317.76841772,16317.780847055,16318.09103473,16318.091035055,0.32555005500034895,0.012429334999978892,0.31018767499881506,0.002882775999751175
723,0,16,0.285877832910046,-0.005708796088583767,16318.223769914,16318.515356543,16318.223819316,16318.23663076,16318.512559355,16318.51255968,0.29158662899862975,0.01281144400127232,0.27592859499964106,0.002796862998366123
724,1,16,0.3063415000215173,0.0031706830213806825,16318.659679922,16318.962850739,16318.659729758,16318.672478041,16318.960021591,16318.960022024,0.3031708170001366,0.012748283001201344,0.2875435499990999,0.00282871499985049
725,0,16,0.2958825828973204,-0.0013434911033982644,16319.099911006,16319.39713708,16319.0999603,16319.112622779,16319.3943309,16319.394331225,0.29722607400071865,0.01266247899911832,0.2817081210014294,0.002805855001497548
726,0,16,0.29970112489536405,0.006462551895310753,16319.544660233,16319.837898806,16319.544710286,16319.557571566,16319.835200205,16319.835200639,0.2932385730000533,0.01286127999992459,0.2776286389998859,0.002698166999834939
727,0,16,0.2971891660708934,-0.005494994929904351,16319.974132668,16320.276816829,16319.974182937,16319.986627873,16320.2740425,16320.274042825,0.30268416100079776,0.012444936000974849,0.287414626998725,0.002774004000457353
728,0,16,0.2961209579370916,0.001868988936621463,16320.419863874,16320.714115843,16320.419911435,16320.432468067,16320.711311938,16320.711312263,0.2942519690004701,0.012556632000269019,0.2788438709994807,0.0028035800005454803
729,0,16,0.3269296248909086,0.00015317989164032042,16320.859096837,16321.185873282,16320.859147431,16320.871754874,16321.182941754,16321.182942079,0.3267764449992683,0.012607443000888452,0.311186879998786,0.0029312030001165112
730,1,16,0.30539912497624755,-0.0018300460233149352,16321.325706903,16321.632936074,16321.325757389,16321.347092462,16321.63019013,16321.630190455,0.3072291709995625,0.021335072999136173,0.2830976679997548,0.002745619000052102
731,0,16,0.2921865831594914,0.003933200159735861,16321.776556988,16322.064810371,16321.776606824,16321.789071585,16322.062111229,16322.062111554,0.28825338299975556,0.01246476100095606,0.2730396439983451,0.0026988169993273914
732,0,16,0.2890278338454664,0.00010990384544129483,16322.206041124,16322.494959054,16322.206090309,16322.218560379,16322.49229133,16322.492291655,0.2889179300000251,0.012470069999835687,0.2737309509993793,0.0026673989996197633
733,0,16,0.3978100421372801,0.10919860113790492,16322.640620954,16322.929232395,16322.640684657,16322.653034471,16322.926501076,16322.926501401,0.2886114409993752,0.012349814000117476,0.27346660499824793,0.00273099399964849
734,0,16,0.31651420798152685,0.0005806999815831659,16323.188810022,16323.50474353,16323.188858016,16323.20155473,16323.501620352,16323.501620677,0.3159335079999437,0.012696714000412612,0.3000656220010569,0.003122853000604664
735,0,16,0.32992466585710645,-0.00019629314192570746,16323.64407912,16323.974200079,16323.644128306,16323.656875722,16323.971319362,16323.971319687,0.33012095899903215,0.012747415999911027,0.3144436399998085,0.0028803919994970784
736,0,16,0.29627833305858076,-0.001856699942436535,16324.114728907,16324.41286394,16324.114778526,16324.127278606,16324.410069135,16324.41006946,0.2981350330010173,0.012500079999881564,0.28279052899961243,0.002794480000375188
737,0,16,0.2982594999484718,0.0009182629491988337,16324.552855194,16324.850196431,16324.552904487,16324.565444436,16324.847441495,16324.84744182,0.29734123699927295,0.012539949000711204,0.281997058998968,0.002754610999545548
738,2,16,0.3660507081076503,0.022194396107806824,16324.997568886,16325.341425198,16324.997618938,16325.010098867,16325.338407541,16325.338407975,0.34385631199984346,0.01247992900061945,0.32830867399934505,0.0030172229999152478
739,1,16,0.2972178340423852,-0.0013191349571570754,16325.511522598,16325.810059567,16325.511573084,16325.524473149,16325.80732359,16325.807324023,0.2985369689995423,0.01290006499948504,0.28285044099902734,0.002735543999733636
740,0,16,0.3120732500683516,0.01399260306970973,16325.969315439,16326.267396086,16325.969364841,16325.98208604,16326.264451341,16326.264451666,0.2980806469986419,0.01272119900022517,0.2823653010000271,0.0029444199990393827
741,0,16,0.2937797079794109,0.005277905980619835,16326.411789669,16326.700291471,16326.411837771,16326.424280757,16326.697577704,16326.697578137,0.28850180199879105,0.012442986000678502,0.2732969469998352,0.002713333999054157
742,0,16,0.29776737513020635,-0.00017514086903247517,16326.843401786,16327.141344302,16326.843451405,16326.856030139,16327.13854668,16327.138547114,0.2979425159992388,0.012578734000271652,0.2825165409994952,0.002797187999021844
743,0,16,0.2865892080590129,-0.003593463939978392,16327.279237258,16327.56941993,16327.279285902,16327.291996917,16327.566676911,16327.566677236,0.2901826719989913,0.012711015000604675,0.2746799939995981,0.0027426939996075816
744,0,16,0.2898297500796616,-0.0015758459212520393,16327.713184175,16328.004589771,16327.713234553,16327.725859547,16328.00187102,16328.001871345,0.29140559600091365,0.012624993998542777,0.2760114730008354,0.002718425999773899
745,0,16,0.3030512919649482,-0.0012297760349611053,16328.144561632,16328.4488427,16328.144611468,16328.157521283,16328.445784741,16328.445785066,0.3042810679999093,0.012909814999147784,0.288263458000074,0.003057633999560494
746,0,16,0.3316286669578403,-0.0034772640428855084,16328.589339569,16328.9244455,16328.589389296,16328.602292503,16328.921434669,16328.921434994,0.33510593100072583,0.012903206999908434,0.31914216600125656,0.0030105060013738694
747,0,16,0.285811125067994,-0.004235040931234835,16329.0622,16329.352246166,16329.062248969,16329.075338301,16329.349510839,16329.349511164,0.29004616599922883,0.013089332000163267,0.27417253800012986,0.0027350019990990404
748,0,16,0.45629075006581843,0.1663661400671117,16329.671592983,16329.961517593,16329.67164271,16329.684609728,16329.958732539,16329.958732864,0.28992460999870673,0.012967017999471864,0.2741228110007796,0.002784729000268271
749,0,16,0.29188179108314216,0.0033495450843474828,16330.114122573,16330.402654819,16330.114172301,16330.126935535,16330.399882657,16330.39988309,0.2885322459987947,0.01276323399906687,0.27294712200091453,0.002771728999505285
750,3,16,0.34821370779536664,-0.004654623204260133,16330.547899941,16330.900768272,16330.547949344,16330.56079654,16330.897700346,16330.897700563,0.3528683309996268,0.012847195999711403,0.33690380600091885,0.0030677089998789597
751,0,16,0.31853975006379187,0.030625575063822907,16331.044508358,16331.332422533,16331.044557652,16331.057177012,16331.329707465,16331.32970779,0.28791417499996896,0.012619360000826418,0.2725304529994901,0.00271474299916008
752,0,16,0.2986194579862058,0.0009074859863176243,16331.507086937,16331.804798909,16331.507135256,16331.519806294,16331.801996087,16331.801996412,0.2977119719998882,0.01267103799909819,0.28218979300072533,0.0028024969997204607
753,0,16,0.303110791137442,0.013195823137721163,16331.946895393,16332.236810361,16331.946945229,16331.959750715,16332.23409811,16332.234098544,0.28991496799972083,0.012805485999706434,0.274347395001314,0.0027118170000903774
754,5,16,0.3287077499553561,-0.0033593990447116084,16332.389443076,16332.721510225,16332.38949302,16332.402646056,16332.718546521,16332.718546846,0.33206714900006773,0.013153035999494023,0.31590046500059543,0.002963378999993438
755,0,16,0.2946083750575781,0.002454487057548249,16332.864521844,16333.156675732,16332.864605481,16332.878295008,16333.153881144,16333.153881469,0.29215388800002984,0.013689527000678936,0.27558613600012904,0.002794263000396313
756,0,16,0.29159991699270904,-0.00027066700749855954,16333.302536758,16333.594407342,16333.302586161,16333.315529128,16333.591060554,16333.591060987,0.2918705840002076,0.012942966999617056,0.2755314259993611,0.003346354998939205
757,0,16,0.3157382500357926,0.025505417035674327,16333.734154293,16334.024387126,16333.734204237,16333.747048941,16334.021489183,16334.021489508,0.29023283300011826,0.01284470400059945,0.2744402419994003,0.0028976180001336616
758,0,16,0.34954275004565716,0.04994775004524854,16334.248218186,16334.547813186,16334.248265855,16334.261630908,16334.545034741,16334.545035174,0.2995950000004086,0.013365053000597982,0.2834038330001931,0.0027780119999079034
759,0,16,0.29029437503777444,0.00021581603868980892,16334.682320677,16334.972399236,16334.682370079,16334.695588984,16334.969640833,16334.969641158,0.29007855899908463,0.013218905000030645,0.2740518490008981,0.0027580779988056747
760,0,16,0.3479662090539932,0.05767779905545467,16335.120188577,16335.410476987,16335.120236245,16335.133644959,16335.407586519,16335.407586844,0.29028840999853855,0.01340871399952448,0.2739415600008215,0.002890142999603995
761,0,16,0.2899155418854207,0.0018337668861931888,16335.61044349,16335.898525265,16335.610516293,16335.623479628,16335.895810955,16335.89581128,0.2880817749992275,0.012963335000677034,0.2723313269998471,0.002713985000809771
762,1,16,0.29325545812025666,-0.0035207948785682674,16336.035461485,16336.332237738,16336.035510562,16336.048496106,16336.329421807,16336.329422132,0.29677625299882493,0.012985543999093352,0.2809257010012516,0.0028156059997854754
763,0,16,0.32441387488506734,0.016997710885334527,16336.490877273,16336.798293437,16336.49094986,16336.503810923,16336.795410228,16336.795410553,0.3074161639997328,0.012861063001764705,0.2915993049991812,0.0028828839986090316
764,0,16,0.28652375005185604,-0.0018181449486291967,16336.939898065,16337.22823996,16336.939947792,16336.952904519,16337.225475165,16337.22547549,0.28834189500048524,0.012956726999618695,0.27257064600053127,0.002764470000329311
765,0,16,0.2991305000614375,0.008900592059944756,16337.370490827,16337.660720735,16337.370540338,16337.383340081,16337.657974466,16337.657974682,0.29022990800149273,0.012799742999050068,0.2746343849994446,0.0027460530000098515
766,0,16,0.33857583394274116,0.04859542894155311,16337.861710385,16338.15169079,16337.861759354,16337.875046621,16338.148931086,16338.148931411,0.28998040500118805,0.013287267000123393,0.27388446499935526,0.002759379000053741
767,0,16,0.2870094170793891,-0.0026721899212134304,16338.291071123,16338.58075273,16338.2911202,16338.304181148,16338.578013178,16338.578013612,0.2896816070006025,0.013060948000202188,0.2738320299995394,0.0027391180010454264
768,0,16,0.28848920902237296,-0.0015938999767968198,16338.721111684,16339.011194793,16338.721161737,16338.734358541,16339.008298259,16339.008298584,0.2900831089991698,0.013196804000472184,0.273939717999383,0.0028962090000277385
769,0,16,0.2939685001038015,0.004617974103894085,16339.160942566,16339.450293092,16339.16101797,16339.173966462,16339.447397966,16339.447398291,0.2893505259999074,0.012948491999850376,0.2734315039997455,0.0028948010003659874
770,0,16,0.3097709999419749,0.01877308194161742,16339.598928013,16339.889925931,16339.598980449,16339.612035221,16339.887181612,16339.887181937,0.29099791800035746,0.013054772000032244,0.27514639100081695,0.002743994000411476
771,0,16,0.29676100006327033,-0.0012323259361437522,16340.045849966,16340.343843292,16340.045899476,16340.058975266,16340.34107503,16340.341075355,0.2979933259994141,0.013075790000584675,0.28209976400103187,0.0027679369995894376
772,5,16,0.34492295887321234,-0.004722847126686247,16340.477407914,16340.82705372,16340.477457858,16340.490531698,16340.823915916,16340.82391635,0.3496458059998986,0.013073840000288328,0.33338421799999196,0.0031373700003314298
773,0,16,0.28501024981960654,-0.004576561181238503,16340.963310009,16341.25289682,16340.963359519,16340.976734432,16341.250055863,16341.250056188,0.28958681100084505,0.013374913000006927,0.2733214309992036,0.0028406319997884566
774,0,16,0.2920454579871148,0.00042015198778244667,16341.397018907,16341.688644213,16341.397068201,16341.410869641,16341.685618322,16341.685618647,0.29162530599933234,0.013801439999951981,0.27474868100034655,0.0030255660003604135
775,0,16,0.40362445800565183,0.11353452300681965,16341.833103773,16342.123193708,16341.833177335,16341.846527438,16342.120213861,16342.120214186,0.2900899349988322,0.013350102999538649,0.27368642300098145,0.0029795219998050015
776,0,16,0.2997898340690881,0.010228807068415335,16342.388320101,16342.677881128,16342.388368745,16342.402396179,16342.675104524,16342.67510474,0.28956102700067277,0.014027434001036454,0.27270834499904595,0.0027763880007114494
777,0,16,0.29258320806548,0.002452539065416204,16342.822146763,16343.112277432,16342.822195082,16342.835604337,16343.109506571,16343.109507112,0.2901306690000638,0.013409254999714904,0.2739022339992516,0.002770319999399362
778,0,16,0.2960504579823464,0.004924266982925474,16343.247238644,16343.538364835,16343.247287072,16343.260953847,16343.535607082,16343.535607516,0.29112619099942094,0.01366677500118385,0.27465323499927763,0.0027573190000111936
779,0,16,0.3674164160620421,0.04988805806351593,16343.741822542,16344.0593509,16343.741871728,16343.75517037,16344.056114508,16344.056114833,0.3175283579985262,0.013298641999426764,0.3009441379999771,0.003236066999306786
780,0,16,0.2900144997984171,0.00018771879695123062,16344.203750116,16344.493576897,16344.203799952,16344.216992964,16344.490746665,16344.49074699,0.28982678100146586,0.013193012000556337,0.273753700999805,0.0028299069999775384
781,0,16,0.3089413749985397,0.0011802629978774348,16344.63114733,16344.938908442,16344.631196298,16344.644306107,16344.935996524,16344.935996849,0.30776111200066225,0.013109809000525274,0.29169041699969966,0.0029115929992258316
782,1,16,0.31586008379235864,-0.000639818208583165,16345.086592044,16345.403091946,16345.08664123,16345.100011267,16345.400096607,16345.400096824,0.3164999020009418,0.013370037000640878,0.30008533999898646,0.002995122000356787
783,0,16,0.29644579091109335,0.006767324910470052,16345.555061305,16345.844739771,16345.555110599,16345.568360489,16345.841902822,16345.841903472,0.2896784660006233,0.013249890000224696,0.2735423329995683,0.0028362990015011746
784,6,16,0.3887758329510689,-0.0032272380485665053,16345.984506331,16346.376509402,16345.984557466,16345.998430843,16346.373142571,16346.373142896,0.3920030709996354,0.013873376999981701,0.37471172799996566,0.0033665060000203084
785,0,16,0.32304983399808407,0.03350581699851318,16346.531048114,16346.820592131,16346.531098924,16346.544612293,16346.817796135,16346.817796785,0.2895440169995709,0.013513369000065723,0.2731838419986161,0.0027953459994023433
786,0,16,0.2831064169295132,-0.006192539070980274,16346.991160479,16347.280459435,16346.991208364,16347.004717833,16347.277718149,16347.277718474,0.2892989560004935,0.013509469001292018,0.2730003159995249,0.0027409609992901096
787,0,16,0.28798454091884196,-0.001506824080934166,16347.416010766,16347.705502131,16347.416060385,16347.429493366,16347.702776771,16347.702777096,0.2894913649997761,0.01343298100073298,0.2732834050002566,0.00272503500127641
788,0,16,0.28848291584290564,0.00041825884363788646,16347.845434773,16348.13349943,16347.845484284,16347.858602001,16348.130690867,16348.130691192,0.28806465699926775,0.013117717000568518,0.2720888659987395,0.002808237999488483
789,4,16,0.3419192910660058,-0.0027957109341514297,16348.27929697,16348.624011972,16348.279346372,16348.292741111,16348.620911762,16348.620912195,0.34471500200015726,0.01339473899861332,0.3281706510006188,0.0030997770008980297
790,2,16,0.32194620789960027,-0.005047455100793741,16348.765054,16349.092047663,16348.765103835,16348.778711783,16349.089040624,16349.089040949,0.326993663000394,0.013607947999844328,0.31032884100022784,0.0030067139996390324
791,0,16,0.32371083414182067,0.034108097141142935,16349.233622824,16349.523225561,16349.233672334,16349.247096865,16349.520357194,16349.520357519,0.28960273700067773,0.01342453100005514,0.27326032900055,0.0028680420000455342
792,0,16,0.30327749997377396,0.012008626974420622,16349.702147337,16349.99341621,16349.702196631,16349.715642938,16349.990463448,16349.990463881,0.29126887299935333,0.01344630699895788,0.2748205100015184,0.0029523289995267987
793,2,16,0.3033715421333909,-0.0030803018671576865,16350.146772408,16350.453224252,16350.146822136,16350.160049599,16350.450375386,16350.45037582,0.3064518440005486,0.013227463001385331,0.29032578700025624,0.0028484319991548546
794,0,16,0.2883720409590751,-0.0005943160394963343,16350.593543229,16350.882509586,16350.593593065,16350.606885098,16350.879574809,16350.879575134,0.2889663569985714,0.013292032999743242,0.2726897110005666,0.002934451998953591
795,0,16,0.29447437496855855,0.00517390196910128,16351.01728489,16351.306585363,16351.01733505,16351.030614842,16351.303804317,16351.303804642,0.28930047299945727,0.013279791999593726,0.2731894749995263,0.0027807209989987314
796,0,16,0.28796270792372525,-0.00032220107641478535,16351.456852618,16351.745137527,16351.456902237,16351.470344102,16351.742305562,16351.742306104,0.28828490900014003,0.01344186499954958,0.2719614600009663,0.002831422998497146
797,0,16,0.28866029204800725,-0.0008004139526747167,16351.882039187,16352.171499893,16351.882088373,16351.896083956,16352.168110527,16352.16811096,0.28946070600068197,0.013995582999996259,0.27202657099951466,0.003388933000678662
798,1,16,0.3365177910309285,-0.0033649949691607617,16352.309265335,16352.649148121,16352.309314845,16352.322697558,16352.646183442,16352.646183875,0.33988278600008925,0.013382712999373325,0.32348588400054723,0.002964245999464765
799,0,16,0.28675379208289087,-0.0011207319166715024,16352.784476708,16353.072351232,16352.784526544,16352.798292558,16353.069563794,16353.069564119,0.28787452399956237,0.013766014000793803,0.2712712360007572,0.0027871130005223677
800,1,16,0.29876974993385375,-0.00012321806752879638,16353.205054564,16353.503947532,16353.205104833,16353.218912015,16353.501145035,16353.501145252,0.29889296800138254,0.013807182000164175,0.2822330199996941,0.0028022800015605753
801,0,16,0.2931037920061499,0.004454433006685576,16353.651932315,16353.940581674,16353.651983017,16353.665696595,16353.937866281,16353.937866715,0.2886493589994643,0.013713578000533744,0.27216968599896063,0.0027149590005137725
802,1,16,0.2966470420360565,-0.0006650529630860547,16354.085849764,16354.383161859,16354.085899708,16354.099461287,16354.38031191,16354.380312235,0.2973120949991426,0.013561579000452184,0.28085062299942365,0.002849623999281903
803,4,16,0.4540606669615954,0.09025438696153287,16354.533026312,16354.896832592,16354.533075606,16354.547112899,16354.893078668,16354.893078993,0.36380628000006254,0.014037293000001227,0.3459657690000313,0.003753598999537644
804,0,16,0.2874517079908401,-0.002552314010245027,16355.133301863,16355.423305885,16355.133350941,16355.147051843,16355.420541307,16355.420541957,0.2900040220010851,0.013700901999982307,0.2734894639997947,0.0027639279996947153
805,0,16,0.28715195786207914,-0.0005632001375488471,16355.565504208,16355.853219366,16355.565554044,16355.579057012,16355.850438428,16355.850438753,0.287715157999628,0.013502968000466353,0.27138141599971277,0.0027806130001408746
806,0,16,0.3275051249656826,0.03736362196650589,16355.99001583,16356.280157333,16355.990065015,16356.003556499,16356.277369354,16356.277369679,0.29014150299917674,0.013491484000041964,0.2738128550008696,0.0027876540007127915
807,0,16,0.2881461251527071,-0.0013608398476208095,16356.458511092,16356.748018057,16356.458559952,16356.472715659,16356.745260954,16356.745261496,0.2895069650003279,0.014155707000099937,0.27254529499987257,0.002756560999841895
808,0,16,0.2927074998151511,0.0034115768157789716,16356.890110208,16357.179406131,16356.890158852,16356.90426364,16357.176532023,16357.176532348,0.2892959229993721,0.014104788000622648,0.272268382999755,0.0028737829998135567
809,4,16,0.4313060420099646,0.10007136501008063,16357.330815164,16357.662049841,16357.3308663,16357.344727868,16357.658936305,16357.658936739,0.33123467699988396,0.013861567998901592,0.3142084370010707,0.003113101998678758
810,0,16,0.3211311250925064,0.021718458092436776,16357.933349246,16358.232761913,16357.933398215,16357.947658251,16358.229905138,16358.229905464,0.29941266700006963,0.014260035999541287,0.2822468869999284,0.0028564489985001273
811,0,16,0.2885005420539528,-0.002683934946617228,16358.373775989,16358.664960466,16358.373824091,16358.387408421,16358.662163386,16358.662163711,0.29118447700057004,0.013584329999503097,0.27475496499937435,0.0027967549995082663
812,2,16,0.3073529170360416,3.285003549535759e-05,16358.803157203,16359.11047727,16358.803206063,16358.81684868,16359.107538809,16359.10753935,0.30732006700054626,0.013642617001096369,0.2906901289989037,0.002937920000476879
813,0,16,0.3741567078977823,0.0850778948970401,16359.256439484,16359.545518297,16359.256488345,16359.270145045,16359.542691749,16359.542692182,0.28907881300074223,0.013656700000865385,0.2725467039999785,0.002826115000061691
814,0,16,0.2924816249869764,0.00255322298653482,16359.777050372,16360.066978774,16359.7771001,16359.791147035,16360.064102608,16360.064102933,0.28992840200044157,0.014046935000806116,0.27295557299839857,0.0028758410007867496
815,0,16,0.30092329205945134,0.011766909059588215,16360.223825418,16360.512981801,16360.223874279,16360.237592082,16360.510186347,16360.510186672,0.2891563829998631,0.013717802999963169,0.27259426500131667,0.0027951289994234685
816,0,16,0.29803937510587275,-0.0034689888925640844,16360.649399514,16360.950907878,16360.649449566,16360.663261732,16360.948019036,16360.948019469,0.30150836399843683,0.013812165998388082,0.2847573039998679,0.002888408998842351
817,0,16,0.28773966687731445,-0.003893981122018886,16361.090632728,16361.382266376,16361.090685489,16361.104577283,16361.379505481,16361.379505806,0.29163364799933333,0.01389179400030116,0.27492819799954304,0.0027605699997366173
818,3,16,0.3104808749631047,-0.007544430036432459,16361.512251607,16361.830276912,16361.512300142,16361.525988477,16361.827368027,16361.827368569,0.3180253049995372,0.013688335000551888,0.3013795499991829,0.00290834299994458
819,0,16,0.32311391714029014,0.0032731861392676365,16361.977661501,16362.297502232,16361.977710578,16361.991769539,16362.294571355,16362.29457168,0.3198407310010225,0.01405896100004611,0.302801816000283,0.002930552000179887
820,0,16,0.29293674998916686,0.005041966989665525,16362.445006534,16362.732901317,16362.445055395,16362.458863227,16362.730103804,16362.730104129,0.28789478299950133,0.013807832001475617,0.27124057699984405,0.0027971880008408334
821,0,16,0.32577045797370374,0.03576481097297801,16362.886934522,16363.176940169,16362.886984683,16362.901226194,16363.174166491,16363.174166816,0.29000564700072573,0.014241511000363971,0.2729402969998773,0.0027733530005207285
822,0,16,0.2971040830016136,0.0021059870032331673,16363.344982066,16363.639980162,16363.345030168,16363.358903654,16363.637153722,16363.637154156,0.29499809599838045,0.01387348599928373,0.2782500680004887,0.0028260059989406727
823,7,16,0.4642431659158319,0.046370410915187676,16363.848575057,16364.266447812,16363.848624351,16363.862766732,16364.263053138,16364.263053463,0.41787275500064425,0.014142381000056048,0.40028640600030485,0.0033943489997909637
824,1,16,0.3449925829190761,0.04195198891829932,16364.408103359,16364.711143953,16364.408152978,16364.421658005,16364.708271253,16364.708271578,0.30304059400077676,0.013505027000064729,0.2866132479994121,0.0028723750001518056
825,1,16,0.30118525004945695,-0.003139586951874662,16364.900125596,16365.204450433,16364.900174023,16364.91435389,16365.201478278,16365.201478712,0.3043248370013316,0.014179867001075763,0.28712438799993834,0.0029717209999944316
826,0,16,0.2972532499115914,0.00092627591220662,16365.342601451,16365.638928425,16365.342650745,16365.356756183,16365.635831898,16365.635832331,0.2963269739993848,0.0141054380001151,0.27907571499963524,0.0030960940002842108
827,0,16,0.40519125014543533,0.07726901914429618,16365.784954559,16366.11287679,16365.785004286,16365.79889023,16366.109740611,16366.109740936,0.32792223100113915,0.01388594400123111,0.31085038099990925,0.0031358539999928325
828,0,16,0.2916966660413891,-0.003645944958407199,16366.335930956,16366.631273567,16366.335979383,16366.35024592,16366.628437161,16366.628437594,0.2953426109997963,0.014266537000366952,0.27819124099914916,0.0028359730004012818
829,0,16,0.28979950002394617,-3.3238977266591974e-05,16366.770017738,16367.059850477,16366.770066057,16366.785018267,16367.057068132,16367.057068565,0.28983273900121276,0.014952210000046762,0.27204986499964434,0.002781912000500597
830,0,16,0.29319829191081226,-0.00032813508914841805,16367.197387759,16367.490914186,16367.197435969,16367.211574992,16367.487958282,16367.487958607,0.2935264269999607,0.01413902300009795,0.2763832900000125,0.00295557900062704
831,0,16,0.3184369159862399,-0.004465566014914657,16367.633018038,16367.95592052,16367.633068415,16367.647402988,16367.953004484,16367.953004809,0.32290248200115457,0.014334572999359807,0.3056014960002358,0.002915711000241572
832,0,16,0.29692604090087116,0.0007796669015078805,16368.097257552,16368.393403926,16368.097306955,16368.111396142,16368.390592112,16368.390592437,0.2961463739993633,0.01408918699962669,0.27919597000072827,0.0028114890010328963
833,5,16,0.3841941251885146,0.03750227318778343,16368.574411758,16368.92110361,16368.574461702,16368.588633659,16368.918016509,16368.918016834,0.34669185200073116,0.014171957000144175,0.3293828500009113,0.0030867759996908717
834,1,16,0.3027825830504298,-0.0012966509493708145,16369.063427497,16369.367506731,16369.063486108,16369.077491658,16369.364651581,16369.364651906,0.30407923399980064,0.014005549999637878,0.28715992300021753,0.0028548249993036734
835,0,16,0.30742312502115965,0.01856889802184014,16369.511222224,16369.800076451,16369.511271409,16369.525219973,16369.797149148,16369.797149473,0.2888542269993195,0.013948564001111663,0.2719291749999684,0.0029269779988680966
836,0,16,0.2893106669653207,-0.0018660090336197754,16369.954358401,16370.245535077,16369.954407261,16369.968979529,16370.242668553,16370.242668878,0.2911766759989405,0.014572267999028554,0.2736890240012144,0.0028661989999818616
837,0,16,0.3566239590290934,0.0488572120302706,16370.378942175,16370.686708922,16370.378991578,16370.393148368,16370.683663964,16370.683664289,0.3077667469988228,0.014156790000924957,0.2905155959997501,0.0030446330001723254
838,0,16,0.3296928331255913,0.012318750126723899,16370.905909601,16371.223283684,16370.905959436,16370.920229115,16371.220305354,16371.220305679,0.3173740829988674,0.014269678998971358,0.300076239000191,0.0029780049990222324
839,0,16,0.2911052918061614,0.0012372348064673133,16371.35932243,16371.649190487,16371.35937064,16371.373358531,16371.646363939,16371.646364264,0.2898680569996941,0.013987890999487718,0.27300540800024464,0.002826223000738537
840,0,16,0.3042200841009617,0.014334584100652137,16371.799684061,16372.089569561,16371.799733789,16371.814418837,16372.086754822,16372.086755147,0.28988550000030955,0.014685048001410905,0.2723359849987901,0.002814413999658427
841,0,16,0.3182375410106033,-0.0019097889908152865,16372.240034317,16372.560181647,16372.240084695,16372.253947563,16372.557222601,16372.557222818,0.3201473300014186,0.013862867999705486,0.3032750380007201,0.0029588289999082917
842,0,16,0.32738625002093613,0.007546061020548223,16372.699921664,16373.019761853,16372.699971499,16372.715770699,16373.016788074,16373.016788507,0.3198401890003879,0.01579920000040147,0.3010173749989917,0.0029733459996350575
843,0,16,0.28842604090459645,-0.0017039780959748896,16373.166070967,16373.456200986,16373.166118202,16373.180359605,16373.453365555,16373.453365988,0.29013001900057134,0.014241402999687125,0.27300595000087924,0.0028349980002531083
844,0,16,0.29613158316351473,-0.0035798808366962476,16373.595468323,16373.895179787,16373.595517292,16373.60976422,16373.892224209,16373.892224642,0.299711464000211,0.014246927999920445,0.28245998899910774,0.002955144998850301
845,2,16,0.3050782501231879,-0.0026774458783620503,16374.025059822,16374.332815518,16374.025109441,16374.039520176,16374.329720941,16374.329721591,0.30775569600154995,0.014410735000637942,0.2902007649990992,0.003093927000008989
846,0,16,0.29933679196983576,0.00010082496919494588,16374.476630899,16374.775866866,16374.476680301,16374.49150478,16374.772977915,16374.77297824,0.2992359670006408,0.014824478999798885,0.2814731349990325,0.0028886260006402154
847,0,16,0.2933249999769032,0.0023349899784079753,16374.918754112,16375.209744122,16374.918804598,16374.933007323,16375.206933825,16375.20693415,0.2909900099984952,0.014202724998540361,0.2739265020009043,0.002809972000250127
848,0,16,0.29876541695557535,0.009915414955685264,16375.363288504,16375.652138506,16375.363336823,16375.377438144,16375.649279782,16375.649280107,0.2888500019998901,0.014101320999543532,0.2718416379993869,0.0028583990006154636
849,0,16,0.3137350839097053,0.006194222911290126,16375.806005087,16376.113545948,16375.806055031,16375.820379312,16376.110472388,16376.110472713,0.30754086099841516,0.014324280999062466,0.2900930760006304,0.003073234998737462
850,0,16,0.343085499946028,0.04280049194676394,16376.256819745,16376.557104753,16376.256869581,16376.271111417,16376.554176909,16376.554177559,0.30028500799926405,0.014241835999200703,0.28306549199987785,0.0029271939984027995
851,7,16,0.386592541821301,-0.0083934091780975,16376.738474543,16377.133460494,16376.73852427,16376.753116147,16377.13009973,16377.130100163,0.3949859509993985,0.014591876999475062,0.37698358300076507,0.0033603310002945364
852,0,16,0.2937681251205504,0.0032566461195528973,16377.280766646,16377.571278125,16377.280815398,16377.295354189,16377.568329263,16377.568329805,0.2905114790009975,0.01453879099972255,0.2729750739999872,0.0029483199996320764
853,3,16,0.34960824996232986,0.032023231962739374,16377.723166664,16378.040751682,16377.723215741,16377.73744501,16378.037768694,16378.037769019,0.3175850179995905,0.014229268999770284,0.3003236839995225,0.0029826629997842247
854,0,16,0.2936139169614762,0.0019809199602605077,16378.213578668,16378.505211665,16378.213628503,16378.228085391,16378.502255112,16378.502255437,0.2916329970012157,0.014456888000495383,0.2741697210003622,0.0029562279996753205
855,2,16,0.31170758279040456,0.0035255757902632467,16378.655809136,16378.963991143,16378.655858755,16378.67028715,16378.961084859,16378.961085184,0.3081820070001413,0.014428394999413285,0.29079770899988944,0.0029059589996904833
856,0,16,0.2874294579960406,-0.00430158600465802,16379.096785046,16379.38851609,16379.096834774,16379.111251793,16379.385736345,16379.38573667,0.2917310440006986,0.014417018999665743,0.27448455200101307,0.002779420001388644
857,0,16,0.2848234169650823,-0.00475331803500012,16379.523283702,16379.812860437,16379.523334079,16379.537434425,16379.810023489,16379.810024139,0.2895767350000824,0.014100345999395358,0.2725890640012949,0.0028362979992380133
858,0,16,0.2995670409873128,0.0001752829866745742,16379.948394001,16380.247785759,16379.948442861,16379.962830196,16380.244896591,16380.244896916,0.2993917580006382,0.014387335000719759,0.2820663950005837,0.00288884300061909
859,0,16,0.33822949999012053,0.045987748988409294,16380.444181754,16380.736423505,16380.44422964,16380.45910298,16380.733450592,16380.733450917,0.29224175100171124,0.01487334000012197,0.2743476120012929,0.0029725880012847483
860,0,16,0.29540554201230407,0.004556048012091196,16380.884090857,16381.174940351,16380.884140801,16380.898732353,16381.171982497,16381.171982822,0.29084949400021287,0.01459155200063833,0.2732501440004853,0.0029575290009233868
861,0,16,0.29422095883637667,0.003846201836495311,16381.321682276,16381.612057033,16381.321731354,16381.336261586,16381.609238177,16381.609238718,0.29037475699988136,0.014530231999742682,0.272976590998951,0.002818315000695293
862,0,16,0.29298599995672703,0.002132388955942588,16381.757438445,16382.048292056,16381.757488822,16381.771986011,16382.045468975,16382.045469409,0.29085361100078444,0.014497188998575439,0.2734829640012322,0.0028226470003573922
863,0,16,0.29219454107806087,0.00037736807826149743,16382.19120617,16382.483023343,16382.191255898,16382.205791222,16382.480186178,16382.480186503,0.29181717299979937,0.014535324000462424,0.2743949559990142,0.002836839999872609
864,3,16,0.3402264160104096,0.004953319010382984,16382.631706692,16382.966979789,16382.631756528,16382.64599078,16382.963906447,16382.963906772,0.3352730970000266,0.014234251999369008,0.3179156669993972,0.0030730170001334045
865,0,16,0.2910693339072168,0.0016418889063061215,16383.115153731,16383.404581176,16383.115202917,16383.129621777,16383.401727761,16383.401728194,0.28942744500091067,0.014418859998841072,0.2721059840005182,0.00285298200105899
866,1,16,0.2987757499795407,-0.0011207570205442607,16383.54468651,16383.844583017,16383.544736888,16383.559510231,16383.841725051,16383.841725376,0.29989650700008497,0.01477334300034272,0.2822148199993535,0.002857641000446165
867,0,16,0.29535458399914205,0.004286570998374373,16383.989339425,16384.280407438,16383.989388068,16384.004221865,16384.277481652,16384.277481977,0.2910680130007677,0.014833797002211213,0.2732597869980964,0.0029254610017233063
868,0,16,0.2916495827957988,-0.0018665522038645577,16384.423095125,16384.71661126,16384.423144744,16384.438225769,16384.713782329,16384.713782654,0.29351613499966334,0.01508102500156383,0.27555655999822193,0.0028286060005484615
869,0,16,0.29533491702750325,0.0036036570272699464,16384.86107808,16385.15280934,16384.861126832,16384.876203306,16385.149888755,16385.149888971,0.2917312600002333,0.015076474002853502,0.27368544899945846,0.0029203690028225537
870,5,16,0.33986154198646545,0.0008482789853587747,16385.296157891,16385.635171154,16385.296205452,16385.311241624,16385.632011249,16385.632011574,0.3390132630011067,0.015036172000691295,0.32076962499922956,0.0031595799991919193
871,0,16,0.3119217921048403,0.020960817106242757,16385.772137492,16386.063098467,16385.772185703,16385.786560686,16386.06028232,16386.060282537,0.2909609749985975,0.014374982998560881,0.2737216339992301,0.002815929998178035
872,0,16,0.3624024579767138,0.07160691597528057,16386.284175675,16386.574971217,16386.284222802,16386.298930601,16386.572118668,16386.572118993,0.2907955420014332,0.01470779899682384,0.27318806699986453,0.002852223999070702
873,0,16,0.2924619580153376,0.0015756280154164415,16386.7416487,16387.03253503,16386.741698103,16386.756177633,16387.029282062,16387.029282713,0.29088632999992114,0.014479530000244267,0.27310442900125054,0.003252317001170013
874,2,16,0.3185779578052461,0.0014572778054571245,16387.179862091,16387.496982771,16387.179912468,16387.194463827,16387.493802824,16387.493803149,0.317120679999789,0.014551358999597142,0.29933899699972244,0.0031796220027899835
875,0,16,0.31887845788151026,-0.005155510119948303,16387.639717585,16387.963751553,16387.639767529,16387.654449435,16387.960625233,16387.960625666,0.32403396800145856,0.01468190599916852,0.30617579800309613,0.003125887000351213
876,4,16,0.3561790839303285,-0.0034402430719637778,16388.101606374,16388.461225701,16388.101655343,16388.116109414,16388.457933407,16388.45793384,0.35961932700229227,0.014454070998908719,0.3418239929997071,0.003291861001343932
877,4,16,0.4319850418251008,0.08707524782585097,16388.672080535,16389.016990329,16388.672155505,16388.68754746,16389.013422964,16389.013423289,0.3449097939992498,0.015391954999358859,0.3258755040005781,0.0035670399993250612
878,0,16,0.2900279159657657,-0.006028862033417681,16389.192643646,16389.488700424,16389.192693265,16389.207560755,16389.485779297,16389.485779622,0.2960567779991834,0.01486749000105192,0.2782185420001042,0.0029208020023361314
879,0,16,0.299496958963573,0.004681955961132189,16389.630835694,16389.925650697,16389.630884337,16389.645864499,16389.922802807,16389.922803348,0.2948150030024408,0.014980162002757424,0.2769383079976251,0.002847349001967814
880,4,16,0.3605300420895219,-0.0034672379078983795,16390.075469757,16390.439467037,16390.075519701,16390.09068848,16390.436269214,16390.436269539,0.36399727999742026,0.015168778998486232,0.34558073399966815,0.003197497997462051
881,0,16,0.3071961661335081,-0.0006226908699318301,16390.574255341,16390.882074198,16390.574303335,16390.589260312,16390.879118836,16390.879119161,0.3078188570034399,0.014956977000110783,0.2898585240000102,0.0029550370018114336
882,0,16,0.3276063750963658,0.03157115609792527,16391.062366563,16391.358401782,16391.062415966,16391.077323649,16391.35553244,16391.355532765,0.29603521899844054,0.01490768299845513,0.2782087910018163,0.0028690170001937076
883,0,16,0.32785608409903944,0.023389649100863608,16391.491905301,16391.796371736,16391.491956437,16391.506763149,16391.793223098,16391.793223532,0.30446643499817583,0.014806711998971878,0.28645994900216465,0.0031482039994443767
884,0,16,0.3031311249360442,0.007975396936672041,16391.973344289,16392.268500017,16391.973393799,16391.988034429,16392.265299485,16392.265299918,0.2951557279993722,0.014640630000940291,0.27726505600003293,0.0032000989995140117
885,0,16,0.3185983330477029,-0.005154821952601196,16392.411458658,16392.735211813,16392.411508385,16392.426201559,16392.732140854,16392.732141179,0.3237531550003041,0.014693173998239217,0.30593929500173545,0.00307063400032348
886,1,16,0.31813633418641984,0.004921035186271183,16392.877791595,16393.191006894,16392.87783948,16392.892965249,16393.188010038,16393.188010363,0.31321529900014866,0.015125769001315348,0.29504478899980313,0.0029965310022816993
887,0,16,0.37413370911963284,0.05907004911932745,16393.404885559,16393.719949219,16393.404935503,16393.420148375,16393.716709685,16393.71671001,0.3150636600003054,0.015212872000120115,0.29656130999865127,0.003239208999730181
888,0,16,0.2912646671757102,-0.0046015438238100614,16393.861341721,16394.157207932,16393.861392207,16393.876182018,16394.153959623,16394.153959948,0.29586621099952026,0.014789811000810005,0.2777776049988461,0.0032479840010637417
889,4,16,0.3322230000048876,-0.0032404479970864486,16394.294241115,16394.629704563,16394.294288892,16394.30876788,16394.626274895,16394.626275329,0.33546344800197403,0.014478987999609672,0.317507014999137,0.003429234002396697
890,0,16,0.3770400839857757,0.08619004698630306,16394.779808552,16395.070658589,16394.779858821,16394.794714394,16395.06771211,16395.067712435,0.29085003699947265,0.014855573001113953,0.2729977160015551,0.0029461539998010267
891,1,16,0.3542204580735415,-0.005449787924590055,16395.303374478,16395.663044724,16395.303424313,16395.318248793,16395.659640841,16395.659641166,0.3596702459981316,0.014824480000243057,0.3413920480015804,0.0034035579992632847
892,4,16,0.3161752908490598,-0.008284122148324968,16395.799321055,16396.123780468,16395.799394617,16395.814065039,16396.12038146,16396.120381893,0.3244594129973848,0.01467042200238211,0.30631642099979217,0.0033985749978455715
893,1,16,0.3156305830925703,-0.002101667909300886,16396.265801657,16396.583533908,16396.265849868,16396.280536432,16396.580399245,16396.580399679,0.3177322510018712,0.014686564001749502,0.2998628129971621,0.003134229002171196
894,0,16,0.3303832921665162,0.0062323191632458474,16396.734198115,16397.058349088,16396.734247192,16396.748839177,16397.055325039,16397.055325364,0.32415097300327034,0.014591985000151908,0.306485862001864,0.003023724002559902
895,0,16,0.3075195827987045,-0.001882748201751383,16397.202665967,16397.512068298,16397.202714394,16397.21759456,16397.509136662,16397.509136987,0.3094023310004559,0.014880165999784367,0.2915421020006761,0.002931311002612347
896,0,16,0.2912046250421554,0.001091723042918602,16397.649479582,16397.939592484,16397.649527575,16397.664405899,16397.936661173,16397.936661823,0.2901129019992368,0.014878324000164866,0.27225527400150895,0.002930660997662926
897,0,16,0.30224516591988504,0.001881938922451809,16398.08746297,16398.387826197,16398.087510855,16398.103161415,16398.384942989,16398.384943422,0.30036322699743323,0.01565056000254117,0.28178157399815973,0.002882774999307003
898,5,16,0.38803299982100725,0.03127651382237673,16398.530106424,16398.88686291,16398.530157668,16398.544973372,16398.883591742,16398.883592067,0.3567564859986305,0.014815704002103303,0.33861836999858497,0.0032708430007915013
899,0,16,0.3026981670409441,0.007981534043210559,16399.075435684,16399.370152317,16399.075484545,16399.090913011,16399.367293051,16399.367293376,0.29471663299773354,0.01542846600204939,0.27638003999891225,0.00285894099943107
900,1,16,0.40131970797665417,0.10179198497644393,16399.508292284,16399.807820007,16399.508341795,16399.523111455,16399.804894979,16399.804895305,0.29952772300021024,0.014769659999728901,0.2817835239984561,0.002924702002928825
901,2,16,0.31837666709907353,0.0005477790982695296,16400.067934559,16400.385763447,16400.067983636,16400.083129989,16400.382758899,16400.382759333,0.317828888000804,0.015146353001910029,0.2996289099974092,0.0030041140016692225
902,0,16,0.2973603750579059,-0.0018141649416065775,16400.52172148,16400.82089602,16400.521769582,16400.536573694,16400.817880746,16400.81788118,0.2991745399995125,0.014804112001002068,0.28130705199873773,0.0030148400001053233
903,0,16,0.2971199171151966,0.0065720361162675545,16400.964359734,16401.254907615,16400.964409353,16400.980043012,16401.252073375,16401.2520737,0.29054788099892903,0.015633659000741318,0.2720303629976115,0.0028339149976090994
904,0,16,0.3040579999797046,0.015375596980447881,16401.39751849,16401.686200893,16401.397594327,16401.412437441,16401.683398288,16401.683398721,0.28868240299925674,0.014843113996903412,0.2709608470031526,0.00280217199906474
905,1,16,0.2970330419484526,-0.003018714050995186,16401.845457523,16402.145509279,16401.845506601,16401.860935933,16402.142630295,16402.14263062,0.3000517559994478,0.015429332001076546,0.28169436199823394,0.002878658997360617
906,4,16,0.38830587500706315,-0.0036287269940658007,16402.289224988,16402.68115959,16402.289273957,16402.304514348,16402.67777705,16402.677777375,0.39193460200112895,0.01524039099967922,0.37326270199991995,0.0033822149998741224
907,3,16,0.3187399588059634,-0.0021027941947977524,16402.818147596,16403.138990349,16402.818195915,16402.833430563,16403.136000968,16403.136001402,0.32084275300076115,0.015234648002660833,0.30257040499782306,0.0029889470024500042
908,2,16,0.31929712486453354,0.00018420986452838406,16403.284748128,16403.603861043,16403.284796989,16403.29994995,16403.600710021,16403.600710346,0.31911291500000516,0.015152961001149379,0.30076007100069546,0.0031506970008194912
909,1,16,0.2993425000458956,-0.00017243895490537398,16403.742534143,16404.042049082,16403.742583112,16403.757594909,16404.039124163,16404.039124488,0.29951493900080095,0.015011796996986959,0.28152925399990636,0.002924593998614
910,3,16,0.33737762505188584,0.01004703005310148,16404.193322151,16404.520652746,16404.193370578,16404.208386708,16404.51760768,16404.517608113,0.32733059499878436,0.01501613000073121,0.3092209720016399,0.003044632998353336
911,0,16,0.28606787510216236,-0.0034673668997129425,16404.666103712,16404.955638954,16404.666152789,16404.681125475,16404.952663007,16404.952663332,0.2895352420018753,0.014972685999964597,0.2715375320003659,0.0029756220028502867
912,0,16,0.38319304096512496,0.06133959996441263,16405.162899012,16405.484752453,16405.162948306,16405.178125427,16405.481725154,16405.481725588,0.32185344100071234,0.015177121000306215,0.30359972700171056,0.003026865000720136
913,0,16,0.31246745795942843,0.022931890958716394,16405.65070277,16405.940238337,16405.650751955,16405.666154528,16405.937190779,16405.937191104,0.28953556700071204,0.015402573000756092,0.27103625100062345,0.0030472329999611247
914,0,16,0.2866155840456486,-0.003258323951740749,16406.073971425,16406.363845333,16406.074020177,16406.089393391,16406.360901346,16406.36090178,0.2898739079973893,0.01537321400246583,0.2715079549998336,0.002943552997749066
915,1,16,0.2957410840317607,-0.0031202499703795183,16406.496804993,16406.795666327,16406.496854721,16406.512048634,16406.792661779,16406.792662321,0.2988613340021402,0.01519391299734707,0.28061314500155277,0.0030040060009923764
916,0,16,0.3019014580640942,0.008923114062781679,16406.937053845,16407.230032189,16406.937104114,16406.952597258,16407.226890484,16407.226890918,0.2929783440013125,0.015493144001084147,0.2742932259970985,0.0031412710013682954
917,0,16,0.2904237920884043,0.00017373408627463505,16407.381684767,16407.671934825,16407.381733085,16407.396879547,16407.668984338,16407.668984663,0.29025005800212966,0.015146461999393068,0.272104791001766,0.0029501620010705665
918,0,16,0.3339221670757979,0.005716848074371228,16407.818027587,16408.146232906,16407.818077314,16407.833984094,16408.143114062,16408.143114495,0.3282053190014267,0.015906779997749254,0.30912996800179826,0.003118411001196364
919,0,16,0.29004591703414917,-0.0009096409667108674,16408.301432807,16408.592388365,16408.301481885,16408.316583927,16408.589103438,16408.589103763,0.29095555800086004,0.015102042001672089,0.2725195109997003,0.0032846020003489684
920,0,16,0.29213945916853845,0.0030166611686581746,16408.735110721,16409.024233519,16408.735160556,16408.75028925,16409.021354643,16409.021354968,0.2891227979998803,0.015128694001759868,0.27106539299711585,0.0028785510003217496
921,1,16,0.49883812479674816,-0.009314935203292407,16409.168958184,16409.677111244,16409.169007802,16409.391139792,16409.674274621,16409.674275054,0.5081530600000406,0.22213198999816086,0.28313482900193776,0.0028361900003801566
922,1,16,0.3638960418757051,0.06527792887573014,16409.902085816,16410.200703929,16409.902135868,16409.917305838,16410.197822779,16410.197823212,0.298618112999975,0.015169969999988098,0.28051694099849556,0.0028807170019717887
923,2,16,0.3096038328949362,-0.008304143106215633,16410.331433011,16410.649340987,16410.331482955,16410.346346437,16410.646081194,16410.646081735,0.31790797600115184,0.01486348199978238,0.2997347570017155,0.0032592520001344383
924,0,16,0.3202904579229653,-0.0027532970743777696,16410.78257691,16411.105620665,16410.782627179,16410.797638434,16411.102456535,16411.102456968,0.32304375499734306,0.015011254999990342,0.3048181010017288,0.0031636969979444984
925,4,16,0.3417889168485999,0.005652795847709058,16411.239402614,16411.575538735,16411.239450825,16411.254202826,16411.572463334,16411.572464092,0.33613612100089085,0.01475200099957874,0.318260508000094,0.003074642998399213
926,0,16,0.2869809998665005,-0.002361833136092173,16411.723887751,16412.013230584,16411.723937045,16411.739321201,16412.010433721,16412.010434046,0.28934283300259267,0.015384155998617643,0.27111252000031527,0.0027965380031673703
927,0,16,0.36391850002110004,0.07329034102076548,16412.238739698,16412.529367857,16412.238787041,16412.254039241,16412.52655106,16412.526551385,0.29062815900033456,0.01525220000257832,0.27251181899919175,0.0028164720024506096
928,0,16,0.2920131669379771,0.0012511019376688637,16412.676141634,16412.966903699,16412.676191253,16412.69155049,16412.963973472,16412.963973905,0.2907620650003082,0.015359237000666326,0.2724229820014443,0.0029297940018295776
929,0,16,0.30843162490054965,0.01705018890061183,16413.118634281,16413.410015717,16413.118683683,16413.134047254,16413.407273348,16413.407273565,0.2913814359999378,0.01536357100121677,0.2732260939992557,0.002742151998972986
930,0,16,0.33748233411461115,0.04359459911574959,16413.563209192,16413.857096927,16413.563257402,16413.578109725,16413.854300606,16413.854300823,0.29388773499886156,0.014852323001832701,0.27619088099891087,0.002796103999571642
931,0,16,0.2934436248615384,-0.0011144011368742213,16414.044826612,16414.339384638,16414.044876231,16414.060201776,16414.336600558,16414.336600883,0.29455802599841263,0.015325544998631813,0.27639878199988743,0.002783754996926291
932,0,16,0.29829087504185736,0.002970798042952083,16414.482934373,16414.77825445,16414.482984209,16414.498160679,16414.775471454,16414.775471888,0.2953200769989053,0.015176469998550601,0.2773107749999326,0.002782562001812039
933,0,16,0.29502529208548367,-0.0005884909114683978,16414.929711477,16415.22532526,16414.929761638,16414.945234089,16415.22256794,16415.222568265,0.29561378299695207,0.015472450999368448,0.27733385100145824,0.0027569949997996446
934,1,16,0.2985475829336792,-0.005094180065498222,16415.363499571,16415.667141334,16415.363549298,16415.378926412,16415.664197998,16415.664198323,0.30364176299917744,0.015377113999420544,0.28527158600263647,0.002943011000752449
935,0,16,0.2924772498663515,-0.004138879132369766,16415.804727693,16416.101343822,16415.804777095,16415.820324083,16416.098022384,16416.098022709,0.29661612899872125,0.015546988001005957,0.2776983010007825,0.003321112999401521
936,0,16,0.2919327497947961,0.0011557327925402205,16416.244079719,16416.534856736,16416.244129122,16416.259346328,16416.531937234,16416.53193745,0.2907770170022559,0.015217206000670558,0.2725909060027334,0.002919286001997534
937,0,16,0.2965749588329345,0.0015826048329472542,16416.678682409,16416.973674763,16416.678731486,16416.693791602,16416.970579644,16416.970579969,0.29499235399998724,0.015060115998494439,0.27678804199968,0.0030947940031182952
938,0,16,0.31362637504935265,-0.001119745949836215,16417.113909452,16417.428655573,16417.113958855,16417.129382662,16417.425593931,16417.425594256,0.31474612099918886,0.015423806999024237,0.2962112690001959,0.0030613169983553234
939,0,16,0.29811974987387657,-0.006479725128883729,16417.560713966,16417.865313441,16417.560788937,16417.576238203,16417.862443016,16417.862443341,0.3045994750027603,0.015449266000359785,0.2862048130009498,0.002870100001018727
940,2,16,0.40063945879228413,0.05859727179267793,16418.06961467,16418.411656857,16418.069664289,16418.085067187,16418.408572572,16418.408572897,0.3420421869996062,0.015402897999592824,0.3235053850003169,0.0030839600003673695
941,3,16,0.33556712488643825,0.004586609888065141,16418.551828927,16418.882809442,16418.551877787,16418.567128687,16418.87976015,16418.879760475,0.3309805149983731,0.015250899999955436,0.31263146300261724,0.0030489669989037793
942,0,16,0.31744583300314844,0.010790963002364151,16419.037783457,16419.344438327,16419.03783286,16419.053336079,16419.339957994,16419.339958428,0.3066548700007843,0.015503218997764634,0.28662191500188783,0.0044798989983974025
943,0,16,0.3042646669782698,0.012759616976836696,16419.499720132,16419.791225182,16419.499769967,16419.515300921,16419.788387584,16419.788388017,0.2915050500014331,0.015530954002315411,0.2730866630008677,0.00283716500052833
944,0,16,0.294167417101562,0.003005149101227289,16419.940358893,16420.231521161,16419.940407645,16419.956468482,16420.22867132,16420.228671645,0.29116226800033473,0.016060836998804007,0.2722028380012489,0.002849516000424046
945,0,16,0.31666791602037847,0.02469072701933328,16420.402122876,16420.694100065,16420.402170978,16420.417681781,16420.691114585,16420.691115018,0.2919771890010452,0.015510803001234308,0.2734328039987304,0.0029850470018573105
946,0,16,0.2995584160089493,0.00933284201164497,16420.842390254,16421.132615828,16420.842438898,16420.857802794,16421.129758403,16421.129758945,0.2902255739973043,0.0153638960000535,0.2719556090014521,0.002856882998457877
947,0,16,0.30992933292873204,0.01836447992900503,16421.267605533,16421.559170386,16421.267656452,16421.283433442,16421.556354997,16421.556355322,0.291564852999727,0.01577698999972199,0.27292155499890214,0.0028150639991508797
948,0,16,0.31097666593268514,0.019628055932116695,16421.716497293,16422.007845903,16421.716545829,16421.732168762,16422.004774944,16422.004775269,0.29134861000056844,0.015622932998667238,0.27260618199943565,0.00307063400032348
949,2,16,0.31094812508672476,0.0016858760864124633,16422.167576514,16422.476838763,16422.167625916,16422.183133686,16422.473843316,16422.473843641,0.3092622490003123,0.015507770000112941,0.29070962999685435,0.0029951219985377975
950,0,16,0.29288808396086097,0.0017491089602117427,16422.612266805,16422.90340578,16422.612315882,16422.627652477,16422.900236775,16422.9002371,0.2911389750006492,0.015336594999098452,0.27258429799985606,0.0031686800030001905
951,4,16,0.32631033402867615,-0.005362137970223557,16423.052584993,16423.384257465,16423.052635154,16423.068033068,16423.381080768,16423.381081093,0.3316724719988997,0.015397914001368918,0.3130476999976963,0.003176371999870753
952,0,16,0.3602550409268588,0.07041135992767522,16423.523184078,16423.813027759,16423.523233047,16423.53850063,16423.810231438,16423.810232088,0.28984368099918356,0.015267582999513252,0.27173080800275784,0.0027956710000580642
953,0,16,0.2892219580244273,-9.032297384692356e-05,16424.041582589,16424.33089487,16424.041632533,16424.05706349,16424.328056622,16424.328057055,0.2893122809982742,0.015430956998898182,0.27099313199869357,0.002837814998201793
954,0,16,0.2902033750433475,-0.0011535759549587965,16424.46881957,16424.760176521,16424.468868972,16424.484040459,16424.757327223,16424.757327548,0.2913569509983063,0.015171487000770867,0.2732867640006589,0.0028489729993452784
955,0,16,0.29206479201093316,-0.0007225509907584637,16424.901740848,16425.194528191,16424.901794909,16424.917579916,16425.191278799,16425.191279124,0.2927873430016916,0.015785006999067264,0.2736988830001792,0.0032490670018887613
956,0,16,0.29010279197245836,-0.0020806730244657956,16425.325671342,16425.617854807,16425.325720528,16425.341133068,16425.614995108,16425.614995541,0.29218346499692416,0.015412540000397712,0.27386204000140424,0.0028592659982678015
957,0,16,0.3049252920318395,0.012965545032784576,16425.772678882,16426.064638629,16425.772728176,16425.78831655,16426.061767879,16426.061768312,0.2919597469990549,0.015588373997161398,0.2734513290015457,0.0028703169991786126
958,0,16,0.32388612488284707,0.03345925788380555,16426.243616091,16426.534042958,16426.243663977,16426.25914542,16426.531120314,16426.531120747,0.2904268669990415,0.015481443002499873,0.2719748939998681,0.0029222109988040756
959,2,16,0.3247586670331657,-0.004805431966815377,16426.67274336,16427.002307459,16426.672791896,16426.688614605,16426.999239642,16426.999239967,0.32956409899998107,0.015822708999621682,0.3106250370001362,0.0030674919980810955
960,6,16,0.39620279101654887,-0.007207875984022394,16427.141203412,16427.544614079,16427.141276757,16427.156680522,16427.541062315,16427.54106264,0.40341066700057127,0.015403764999064151,0.38438179299919284,0.0035514390001480933
961,0,16,0.2957004171330482,0.004222235133056529,16427.689840676,16427.981318858,16427.689891703,16427.70537553,16427.978388414,16427.978388739,0.29147818199999165,0.01548382699911599,0.2730128840012185,0.002930119000666309
962,0,16,0.2898472079541534,-0.0004999220473109744,16428.127825689,16428.418172819,16428.127875633,16428.143212228,16428.41532287,16428.415323195,0.2903471300014644,0.015336594999098452,0.2721106420030992,0.002849624001100892
963,0,16,0.345495417015627,0.025744931015651673,16428.579068717,16428.898819203,16428.579117036,16428.594784063,16428.895632864,16428.895633297,0.31975048599997535,0.015667027000745293,0.3008488010018482,0.003185905999998795
964,3,16,0.35445929202251136,0.00757936402442283,16429.04984006,16429.396719988,16429.049908097,16429.065767966,16429.393584351,16429.393584784,0.34687992799808853,0.015859868999541504,0.32781638500091503,0.0031352039986813907
965,6,16,0.39652870898135006,0.036245592978957575,16429.541894149,16429.902177265,16429.541943876,16429.557764743,16429.898662335,16429.898662769,0.3602831160023925,0.01582086700000218,0.3408975919992372,0.003514496002026135
966,0,16,0.32676979107782245,0.0011172480772074778,16430.093049629,16430.418702172,16430.09309849,16430.108565849,16430.415480731,16430.415481164,0.32565254300061497,0.015467359000467695,0.3069148819995462,0.0032210079989454243
967,0,16,0.29601595806889236,0.003979616067226743,16430.561426694,16430.853463036,16430.561478047,16430.577268688,16430.850596944,16430.850597269,0.2920363420016656,0.01579064100224059,0.2733282560002408,0.002865767000912456
968,0,16,0.4065777917858213,0.10473997078588582,16431.014787196,16431.316625017,16431.01483519,16431.030731569,16431.313668138,16431.313668355,0.3018378209999355,0.015896379001787864,0.28293656899768393,0.00295666199963307
969,3,16,0.32209387491457164,0.00230211291636806,16431.576955271,16431.896747033,16431.577012798,16431.593464845,16431.893733602,16431.893733927,0.3197917619982036,0.01645204699889291,0.30026875700059463,0.00301310599752469
970,0,16,0.37661550007760525,0.08487308007534011,16432.077621825,16432.369364245,16432.077670686,16432.09362416,16432.366171405,16432.366171839,0.29174242000226513,0.01595347399779712,0.2725472450001689,0.0031924060021992773
971,0,16,0.30026770895347,7.099695358192548e-05,16432.572174738,16432.87237145,16432.572223274,16432.588068084,16432.869355635,16432.869356177,0.30019671199988807,0.015844809997361153,0.28128755100260605,0.003015272999618901
972,1,16,0.3324015000835061,0.0322760750859743,16433.014674753,16433.314800178,16433.014723071,16433.030379048,16433.311888584,16433.311888909,0.3001254249975318,0.015655977000278654,0.2815095360019768,0.0029112689990142826
973,1,16,0.30642387503758073,0.005538890036405064,16433.493957265,16433.79484225,16433.494008076,16433.509646068,16433.791948533,16433.791948858,0.30088498500117566,0.01563799200084759,0.28230246499879286,0.0028933920002600644
974,0,16,0.34410595800727606,0.02583396500631352,16433.936509173,16434.254781166,16433.936557167,16433.952340008,16434.251794927,16434.251795252,0.31827199300096254,0.015782841001055203,0.2994549190007092,0.002985914001328638
975,0,16,0.31031524995341897,0.019626745954155922,16434.437517969,16434.728206473,16434.437566938,16434.453215764,16434.72533789,16434.725338323,0.29068850399926305,0.015648825999960536,0.2721221259998856,0.0028681499970844015
976,0,16,0.3049957910552621,0.0037696480540034827,16434.893172752,16435.194398895,16434.893222371,16434.909429898,16435.191470834,16435.191471159,0.3012261430012586,0.01620752700182493,0.2820409359992482,0.0029277360008563846
977,0,16,0.29656141716986895,0.0033986821727012284,16435.342234388,16435.635397123,16435.342284548,16435.358772022,16435.631767788,16435.631768113,0.2931627349971677,0.016487473996676272,0.27299576600125874,0.003629009999713162
978,0,16,0.2906395411118865,-0.0007223938846436795,16435.773874998,16436.065236933,16435.773924617,16435.78958666,16436.062139106,16436.062139539,0.2913619349965302,0.015662043002521386,0.2725524460001907,0.0030973939974501263
979,0,16,0.32244620798155665,0.03009557698169374,16436.207443706,16436.499794337,16436.20749365,16436.223686877,16436.496916329,16436.496917195,0.2923506309998629,0.016193227002077037,0.2732294519992138,0.0028771420002158266
980,0,16,0.31228791712783277,0.002668260131031275,16436.675909934,16436.985529591,16436.675959011,16436.69220229,16436.98257022,16436.982570437,0.3096196569968015,0.01624327899844502,0.2903679299997748,0.002959153996926034
981,0,16,0.2997148339636624,0.0005830879636050668,16437.133614045,16437.432745791,16437.133683165,16437.149323541,16437.429834089,16437.429834414,0.2991317460000573,0.015640376001101686,0.2805105480001657,0.0029113769996911287
982,3,16,0.3143313331529498,-0.006596356844966067,16437.571636327,16437.892564017,16437.571685946,16437.587496521,16437.889598796,16437.889599121,0.3209276899979159,0.01581057499788585,0.3021022749999247,0.0029648959971382283
983,0,16,0.2940792089793831,0.0020673519793490414,16438.03800339,16438.330015247,16438.038052901,16438.054436586,16438.327193358,16438.327193683,0.29201185700003407,0.016383685000619153,0.2727567719994113,0.002821564001351362
984,0,16,0.28737991699017584,-0.0026674400105548557,16438.474016645,16438.764064002,16438.474065831,16438.490098824,16438.761219254,16438.761219579,0.2900473570007307,0.01603299300040817,0.27112042999942787,0.0028444230010791216
985,7,16,0.4088502919767052,-0.014265715020883363,16438.896982711,16439.320098718,16438.897033955,16438.913060666,16439.316585522,16439.316585955,0.42311600699758856,0.016026711000449723,0.40352485599942156,0.0035127629998896737
986,0,16,0.2947604591026902,0.0032847691036295146,16439.459238649,16439.750714339,16439.459306252,16439.475436642,16439.747847923,16439.747848248,0.2914756899990607,0.01613038999857963,0.27241128100286005,0.0028660909993050154
987,0,16,0.3112140838056803,0.01918987580575049,16439.916217326,16440.208241534,16439.916266945,16439.932210127,16440.205386276,16440.205386493,0.2920242079999298,0.015943181999318767,0.2731761489994824,0.002855041002476355
988,0,16,0.39484779187478125,0.08448699187283637,16440.36535859,16440.67571939,16440.365408209,16440.381457779,16440.672290048,16440.672290373,0.3103608000019449,0.016049570000177482,0.29083226900183945,0.003429017000598833
989,0,16,0.2923102080821991,0.0004161150827712845,16440.892400444,16441.184294537,16440.892451363,16440.908805038,16441.181395944,16441.181396378,0.2918940929994278,0.016353675000573276,0.2725909059990954,0.0028981590003240854
990,2,16,0.34433112503029406,0.007241410032293061,16441.330486537,16441.667576252,16441.330535939,16441.346462545,16441.664432273,16441.664432598,0.337089714998001,0.015926605999993626,0.3179697279992979,0.003143653997540241
991,0,16,0.2916761669330299,-0.001783199066267116,16441.810124291,16442.103583657,16441.810174777,16441.826848809,16442.100621469,16442.100621794,0.293459365999297,0.016674031998263672,0.27377265999894007,0.0029618629996548407
992,0,16,0.30784312495961785,-0.0031421370404132176,16442.248056652,16442.559041914,16442.248104429,16442.264418777,16442.556103669,16442.556103994,0.31098526200003107,0.016314347998559242,0.2916848920031043,0.0029379199986578897
993,0,16,0.30611008405685425,0.01488855505886022,16442.718647719,16443.009869248,16442.718696255,16442.734945384,16443.006840866,16443.006841407,0.29122152899799403,0.01624912899933406,0.2718954820011277,0.0030278409976745024
994,1,16,0.2980581249576062,-0.002861637043679366,16443.139452327,16443.440372089,16443.139502054,16443.155665488,16443.437370033,16443.437370466,0.30091976200128556,0.016163434000191046,0.28170454499922926,0.003001623001182452
995,0,16,0.33324404107406735,0.03921763307516812,16443.587065804,16443.881092212,16443.587115097,16443.603704517,16443.87813295,16443.878133275,0.29402640799889923,0.016589419999945676,0.2744284330001392,0.0029589369987661485
996,0,16,0.3138689170591533,-0.005677567940438166,16444.063439539,16444.382986024,16444.0634897,16444.079623882,16444.379914957,16444.37991539,0.3195464849995915,0.016134181998495478,0.30029107500013197,0.00307063400032348
997,0,16,0.3036551659461111,-0.006089947051805211,16444.518885663,16444.828630776,16444.518932898,16444.534773592,16444.825600877,16444.825601202,0.3097451129979163,0.015840693999052746,0.29082728499997756,0.003029573999810964
998,0,16,0.301629250170663,0.008068371171248145,16444.968158883,16445.261719762,16444.968208394,16444.984530868,16445.258812069,16445.258812719,0.29356087899941485,0.016322474002663512,0.27428120100012165,0.0029070429991406854
999,0,16,0.3050386670511216,0.002743983051914256,16445.40923544,16445.711530124,16445.409284517,16445.425457376,16445.708588954,16445.708589279,0.30229468399920734,0.01617285899919807,0.28313157799857436,0.0029408450027403887
1000,3,16,0.35306112514808774,-0.00883569085272029,16445.853546438,16446.215443254,16445.853594107,16445.869989601,16446.212128317,16446.212128642,0.36189681600080803,0.016395493999880273,0.34213871600150014,0.0033146120003948454
